shape,predicate,margin,band_zero,band_escalate,outcome
l_prism,vertex_separation,2e0,1e-9,1e-8,positive
l_prism,segment_straightness,0e0,1e-9,1e-8,zero
l_prism,vertex_separation,1e0,1e-9,1e-8,positive
l_prism,segment_straightness,0e0,1e-9,1e-8,zero
l_prism,vertex_separation,1e0,1e-9,1e-8,positive
l_prism,segment_straightness,0e0,1e-9,1e-8,zero
l_prism,vertex_separation,1e0,1e-9,1e-8,positive
l_prism,segment_straightness,0e0,1e-9,1e-8,zero
l_prism,vertex_separation,1e0,1e-9,1e-8,positive
l_prism,segment_straightness,0e0,1e-9,1e-8,zero
l_prism,vertex_separation,2e0,1e-9,1e-8,positive
l_prism,segment_straightness,0e0,1e-9,1e-8,zero
l_prism,chord_side,0e0,1e-9,1e-8,zero
l_prism,chord_side,1e0,1e-9,1e-8,positive
l_prism,chord_side,2e0,1e-9,1e-8,positive
l_prism,chord_side,0e0,1e-9,1e-8,zero
l_prism,line_span,0e0,1e-9,1e-8,zero
l_prism,line_span,0e0,1e-9,1e-8,zero
l_prism,contact_at_shared_vertex,0e0,1e-9,1e-8,zero
l_prism,contact_at_shared_vertex,0e0,1e-9,1e-8,zero
l_prism,chord_side,1e0,1e-9,1e-8,positive
l_prism,chord_side,1e0,1e-9,1e-8,positive
l_prism,chord_side,1e0,1e-9,1e-8,positive
l_prism,chord_side,1e0,1e-9,1e-8,positive
l_prism,chord_side,1e0,1e-9,1e-8,positive
l_prism,chord_side,2e0,1e-9,1e-8,positive
l_prism,chord_side,1e0,1e-9,1e-8,positive
l_prism,chord_side,-1e0,1e-9,1e-8,negative
l_prism,chord_side,2e0,1e-9,1e-8,positive
l_prism,chord_side,2e0,1e-9,1e-8,positive
l_prism,chord_side,2e0,1e-9,1e-8,positive
l_prism,chord_side,2e0,1e-9,1e-8,positive
l_prism,chord_side,2e0,1e-9,1e-8,positive
l_prism,chord_side,0e0,1e-9,1e-8,zero
l_prism,chord_side,0e0,1e-9,1e-8,zero
l_prism,chord_side,2e0,1e-9,1e-8,positive
l_prism,line_span,0e0,1e-9,1e-8,zero
l_prism,line_span,0e0,1e-9,1e-8,zero
l_prism,contact_at_shared_vertex,0e0,1e-9,1e-8,zero
l_prism,contact_at_shared_vertex,0e0,1e-9,1e-8,zero
l_prism,chord_side,0e0,1e-9,1e-8,zero
l_prism,chord_side,1e0,1e-9,1e-8,positive
l_prism,chord_side,1e0,1e-9,1e-8,positive
l_prism,chord_side,-0e0,1e-9,1e-8,zero
l_prism,line_span,0e0,1e-9,1e-8,zero
l_prism,line_span,0e0,1e-9,1e-8,zero
l_prism,contact_at_shared_vertex,0e0,1e-9,1e-8,zero
l_prism,contact_at_shared_vertex,0e0,1e-9,1e-8,zero
l_prism,chord_side,1e0,1e-9,1e-8,positive
l_prism,chord_side,1e0,1e-9,1e-8,positive
l_prism,chord_side,-1e0,1e-9,1e-8,negative
l_prism,chord_side,-1e0,1e-9,1e-8,negative
l_prism,chord_side,1e0,1e-9,1e-8,positive
l_prism,chord_side,2e0,1e-9,1e-8,positive
l_prism,chord_side,2e0,1e-9,1e-8,positive
l_prism,chord_side,1e0,1e-9,1e-8,positive
l_prism,chord_side,2e0,1e-9,1e-8,positive
l_prism,chord_side,2e0,1e-9,1e-8,positive
l_prism,chord_side,2e0,1e-9,1e-8,positive
l_prism,chord_side,2e0,1e-9,1e-8,positive
l_prism,chord_side,0e0,1e-9,1e-8,zero
l_prism,chord_side,-1e0,1e-9,1e-8,negative
l_prism,chord_side,-1e0,1e-9,1e-8,negative
l_prism,chord_side,0e0,1e-9,1e-8,zero
l_prism,line_span,0e0,1e-9,1e-8,zero
l_prism,line_span,0e0,1e-9,1e-8,zero
l_prism,contact_at_shared_vertex,0e0,1e-9,1e-8,zero
l_prism,contact_at_shared_vertex,0e0,1e-9,1e-8,zero
l_prism,chord_side,-1e0,1e-9,1e-8,negative
l_prism,chord_side,-1e0,1e-9,1e-8,negative
l_prism,chord_side,1e0,1e-9,1e-8,positive
l_prism,chord_side,1e0,1e-9,1e-8,positive
l_prism,chord_side,-1e0,1e-9,1e-8,negative
l_prism,chord_side,1e0,1e-9,1e-8,positive
l_prism,chord_side,2e0,1e-9,1e-8,positive
l_prism,chord_side,1e0,1e-9,1e-8,positive
l_prism,chord_side,0e0,1e-9,1e-8,zero
l_prism,chord_side,1e0,1e-9,1e-8,positive
l_prism,chord_side,1e0,1e-9,1e-8,positive
l_prism,chord_side,-0e0,1e-9,1e-8,zero
l_prism,line_span,0e0,1e-9,1e-8,zero
l_prism,line_span,0e0,1e-9,1e-8,zero
l_prism,contact_at_shared_vertex,0e0,1e-9,1e-8,zero
l_prism,contact_at_shared_vertex,0e0,1e-9,1e-8,zero
l_prism,chord_side,1e0,1e-9,1e-8,positive
l_prism,chord_side,1e0,1e-9,1e-8,positive
l_prism,chord_side,1e0,1e-9,1e-8,positive
l_prism,chord_side,1e0,1e-9,1e-8,positive
l_prism,chord_side,0e0,1e-9,1e-8,zero
l_prism,chord_side,2e0,1e-9,1e-8,positive
l_prism,chord_side,1e0,1e-9,1e-8,positive
l_prism,chord_side,0e0,1e-9,1e-8,zero
l_prism,line_span,0e0,1e-9,1e-8,zero
l_prism,line_span,0e0,1e-9,1e-8,zero
l_prism,contact_at_shared_vertex,0e0,1e-9,1e-8,zero
l_prism,contact_at_shared_vertex,0e0,1e-9,1e-8,zero
l_prism,canonical_order_x,2e0,5e-324,1e-323,positive
l_prism,canonical_order_x,2e0,5e-324,1e-323,positive
l_prism,canonical_order_x,1e0,5e-324,1e-323,positive
l_prism,canonical_order_x,1e0,5e-324,1e-323,positive
l_prism,canonical_order_x,0e0,5e-324,1e-323,zero
l_prism,canonical_order_y,2e0,5e-324,1e-323,positive
l_prism,loop_orientation,7.5e-1,1e-9,1e-8,positive
l_prism,canonical_order_x,2e0,5e-324,1e-323,positive
l_prism,canonical_order_x,2e0,5e-324,1e-323,positive
l_prism,canonical_order_x,1e0,5e-324,1e-323,positive
l_prism,canonical_order_x,1e0,5e-324,1e-323,positive
l_prism,canonical_order_x,0e0,5e-324,1e-323,zero
l_prism,canonical_order_y,2e0,5e-324,1e-323,positive
l_prism,vertex_separation,2e0,1e-9,1e-8,positive
l_prism,segment_straightness,0e0,1e-9,1e-8,zero
l_prism,vertex_separation,1e0,1e-9,1e-8,positive
l_prism,segment_straightness,0e0,1e-9,1e-8,zero
l_prism,vertex_separation,1e0,1e-9,1e-8,positive
l_prism,segment_straightness,0e0,1e-9,1e-8,zero
l_prism,vertex_separation,1e0,1e-9,1e-8,positive
l_prism,segment_straightness,0e0,1e-9,1e-8,zero
l_prism,vertex_separation,1e0,1e-9,1e-8,positive
l_prism,segment_straightness,0e0,1e-9,1e-8,zero
l_prism,vertex_separation,2e0,1e-9,1e-8,positive
l_prism,segment_straightness,0e0,1e-9,1e-8,zero
l_prism,extrusion_normal_component,1e0,1e-9,1e-8,positive
l_prism,interval_span_forward,2e0,1e-9,1e-8,positive
l_prism,carrier_endpoint_start,0e0,1e-9,1e-8,zero
l_prism,carrier_endpoint_end,0e0,1e-9,1e-8,zero
l_prism,carrier_matches_mapped_source,0e0,1e-9,1e-8,zero
l_prism,carrier_matches_mapped_source,0e0,1e-9,1e-8,zero
l_prism,carrier_matches_mapped_source,0e0,1e-9,1e-8,zero
l_prism,carrier_matches_mapped_source,0e0,1e-9,1e-8,zero
l_prism,carrier_matches_mapped_source,0e0,1e-9,1e-8,zero
l_prism,carrier_matches_mapped_source,0e0,1e-9,1e-8,zero
l_prism,carrier_matches_mapped_source,0e0,1e-9,1e-8,zero
l_prism,carrier_matches_mapped_source,0e0,1e-9,1e-8,zero
l_prism,carrier_matches_mapped_source,0e0,1e-9,1e-8,zero
l_prism,interval_span_forward,1e0,1e-9,1e-8,positive
l_prism,carrier_endpoint_start,0e0,1e-9,1e-8,zero
l_prism,carrier_endpoint_end,0e0,1e-9,1e-8,zero
l_prism,carrier_matches_mapped_source,0e0,1e-9,1e-8,zero
l_prism,carrier_matches_mapped_source,0e0,1e-9,1e-8,zero
l_prism,carrier_matches_mapped_source,0e0,1e-9,1e-8,zero
l_prism,carrier_matches_mapped_source,0e0,1e-9,1e-8,zero
l_prism,carrier_matches_mapped_source,0e0,1e-9,1e-8,zero
l_prism,carrier_matches_mapped_source,0e0,1e-9,1e-8,zero
l_prism,carrier_matches_mapped_source,0e0,1e-9,1e-8,zero
l_prism,carrier_matches_mapped_source,0e0,1e-9,1e-8,zero
l_prism,carrier_matches_mapped_source,0e0,1e-9,1e-8,zero
l_prism,interval_span_forward,1e0,1e-9,1e-8,positive
l_prism,carrier_endpoint_start,0e0,1e-9,1e-8,zero
l_prism,carrier_endpoint_end,0e0,1e-9,1e-8,zero
l_prism,carrier_matches_mapped_source,0e0,1e-9,1e-8,zero
l_prism,carrier_matches_mapped_source,0e0,1e-9,1e-8,zero
l_prism,carrier_matches_mapped_source,0e0,1e-9,1e-8,zero
l_prism,carrier_matches_mapped_source,0e0,1e-9,1e-8,zero
l_prism,carrier_matches_mapped_source,0e0,1e-9,1e-8,zero
l_prism,carrier_matches_mapped_source,0e0,1e-9,1e-8,zero
l_prism,carrier_matches_mapped_source,0e0,1e-9,1e-8,zero
l_prism,carrier_matches_mapped_source,0e0,1e-9,1e-8,zero
l_prism,carrier_matches_mapped_source,0e0,1e-9,1e-8,zero
l_prism,interval_span_forward,1e0,1e-9,1e-8,positive
l_prism,carrier_endpoint_start,0e0,1e-9,1e-8,zero
l_prism,carrier_endpoint_end,0e0,1e-9,1e-8,zero
l_prism,carrier_matches_mapped_source,0e0,1e-9,1e-8,zero
l_prism,carrier_matches_mapped_source,0e0,1e-9,1e-8,zero
l_prism,carrier_matches_mapped_source,0e0,1e-9,1e-8,zero
l_prism,carrier_matches_mapped_source,0e0,1e-9,1e-8,zero
l_prism,carrier_matches_mapped_source,0e0,1e-9,1e-8,zero
l_prism,carrier_matches_mapped_source,0e0,1e-9,1e-8,zero
l_prism,carrier_matches_mapped_source,0e0,1e-9,1e-8,zero
l_prism,carrier_matches_mapped_source,0e0,1e-9,1e-8,zero
l_prism,carrier_matches_mapped_source,0e0,1e-9,1e-8,zero
l_prism,interval_span_forward,1e0,1e-9,1e-8,positive
l_prism,carrier_endpoint_start,0e0,1e-9,1e-8,zero
l_prism,carrier_endpoint_end,0e0,1e-9,1e-8,zero
l_prism,carrier_matches_mapped_source,0e0,1e-9,1e-8,zero
l_prism,carrier_matches_mapped_source,0e0,1e-9,1e-8,zero
l_prism,carrier_matches_mapped_source,0e0,1e-9,1e-8,zero
l_prism,carrier_matches_mapped_source,0e0,1e-9,1e-8,zero
l_prism,carrier_matches_mapped_source,0e0,1e-9,1e-8,zero
l_prism,carrier_matches_mapped_source,0e0,1e-9,1e-8,zero
l_prism,carrier_matches_mapped_source,0e0,1e-9,1e-8,zero
l_prism,carrier_matches_mapped_source,0e0,1e-9,1e-8,zero
l_prism,carrier_matches_mapped_source,0e0,1e-9,1e-8,zero
l_prism,newell_plane_residual,-0e0,1e-9,1e-8,zero
l_prism,newell_plane_residual,0e0,1e-9,1e-8,zero
l_prism,newell_plane_residual,0e0,1e-9,1e-8,zero
l_prism,newell_plane_residual,0e0,1e-9,1e-8,zero
l_prism,newell_plane_residual,0e0,1e-9,1e-8,zero
l_prism,newell_plane_residual,0e0,1e-9,1e-8,zero
l_prism,interval_span_forward,2e0,1e-9,1e-8,positive
l_prism,carrier_endpoint_start,0e0,1e-9,1e-8,zero
l_prism,carrier_endpoint_end,0e0,1e-9,1e-8,zero
l_prism,carrier_matches_mapped_source,0e0,1e-9,1e-8,zero
l_prism,carrier_matches_mapped_source,0e0,1e-9,1e-8,zero
l_prism,carrier_matches_mapped_source,0e0,1e-9,1e-8,zero
l_prism,carrier_matches_mapped_source,0e0,1e-9,1e-8,zero
l_prism,carrier_matches_mapped_source,0e0,1e-9,1e-8,zero
l_prism,carrier_matches_mapped_source,0e0,1e-9,1e-8,zero
l_prism,carrier_matches_mapped_source,0e0,1e-9,1e-8,zero
l_prism,carrier_matches_mapped_source,0e0,1e-9,1e-8,zero
l_prism,carrier_matches_mapped_source,0e0,1e-9,1e-8,zero
l_prism,side_planes_cosurface,2e0,1e-9,1e-8,positive
l_prism,side_planes_cosurface,1e0,1e-9,1e-8,positive
l_prism,side_planes_cosurface,1e0,1e-9,1e-8,positive
l_prism,side_planes_cosurface,-1e0,1e-9,1e-8,negative
l_prism,side_planes_cosurface,1e0,1e-9,1e-8,positive
l_prism,side_planes_cosurface,2e0,1e-9,1e-8,positive
l_prism,interval_span_forward,1e0,1e-9,1e-8,positive
l_prism,carrier_endpoint_start,0e0,1e-9,1e-8,zero
l_prism,carrier_endpoint_end,0e0,1e-9,1e-8,zero
l_prism,carrier_matches_mapped_source,0e0,1e-9,1e-8,zero
l_prism,carrier_matches_mapped_source,0e0,1e-9,1e-8,zero
l_prism,carrier_matches_mapped_source,0e0,1e-9,1e-8,zero
l_prism,carrier_matches_mapped_source,0e0,1e-9,1e-8,zero
l_prism,carrier_matches_mapped_source,0e0,1e-9,1e-8,zero
l_prism,carrier_matches_mapped_source,0e0,1e-9,1e-8,zero
l_prism,carrier_matches_mapped_source,0e0,1e-9,1e-8,zero
l_prism,carrier_matches_mapped_source,0e0,1e-9,1e-8,zero
l_prism,carrier_matches_mapped_source,0e0,1e-9,1e-8,zero
l_prism,interval_span_forward,1e0,1e-9,1e-8,positive
l_prism,carrier_endpoint_start,0e0,1e-9,1e-8,zero
l_prism,carrier_endpoint_end,0e0,1e-9,1e-8,zero
l_prism,carrier_matches_mapped_source,0e0,1e-9,1e-8,zero
l_prism,carrier_matches_mapped_source,0e0,1e-9,1e-8,zero
l_prism,carrier_matches_mapped_source,0e0,1e-9,1e-8,zero
l_prism,carrier_matches_mapped_source,0e0,1e-9,1e-8,zero
l_prism,carrier_matches_mapped_source,0e0,1e-9,1e-8,zero
l_prism,carrier_matches_mapped_source,0e0,1e-9,1e-8,zero
l_prism,carrier_matches_mapped_source,0e0,1e-9,1e-8,zero
l_prism,carrier_matches_mapped_source,0e0,1e-9,1e-8,zero
l_prism,carrier_matches_mapped_source,0e0,1e-9,1e-8,zero
l_prism,interval_span_forward,1e0,1e-9,1e-8,positive
l_prism,carrier_endpoint_start,0e0,1e-9,1e-8,zero
l_prism,carrier_endpoint_end,0e0,1e-9,1e-8,zero
l_prism,carrier_matches_mapped_source,0e0,1e-9,1e-8,zero
l_prism,carrier_matches_mapped_source,0e0,1e-9,1e-8,zero
l_prism,carrier_matches_mapped_source,0e0,1e-9,1e-8,zero
l_prism,carrier_matches_mapped_source,0e0,1e-9,1e-8,zero
l_prism,carrier_matches_mapped_source,0e0,1e-9,1e-8,zero
l_prism,carrier_matches_mapped_source,0e0,1e-9,1e-8,zero
l_prism,carrier_matches_mapped_source,0e0,1e-9,1e-8,zero
l_prism,carrier_matches_mapped_source,0e0,1e-9,1e-8,zero
l_prism,carrier_matches_mapped_source,0e0,1e-9,1e-8,zero
l_prism,interval_span_forward,1e0,1e-9,1e-8,positive
l_prism,carrier_endpoint_start,0e0,1e-9,1e-8,zero
l_prism,carrier_endpoint_end,0e0,1e-9,1e-8,zero
l_prism,carrier_matches_mapped_source,0e0,1e-9,1e-8,zero
l_prism,carrier_matches_mapped_source,0e0,1e-9,1e-8,zero
l_prism,carrier_matches_mapped_source,0e0,1e-9,1e-8,zero
l_prism,carrier_matches_mapped_source,0e0,1e-9,1e-8,zero
l_prism,carrier_matches_mapped_source,0e0,1e-9,1e-8,zero
l_prism,carrier_matches_mapped_source,0e0,1e-9,1e-8,zero
l_prism,carrier_matches_mapped_source,0e0,1e-9,1e-8,zero
l_prism,carrier_matches_mapped_source,0e0,1e-9,1e-8,zero
l_prism,carrier_matches_mapped_source,0e0,1e-9,1e-8,zero
l_prism,interval_span_forward,1e0,1e-9,1e-8,positive
l_prism,carrier_endpoint_start,0e0,1e-9,1e-8,zero
l_prism,carrier_endpoint_end,0e0,1e-9,1e-8,zero
l_prism,carrier_matches_mapped_source,0e0,1e-9,1e-8,zero
l_prism,carrier_matches_mapped_source,0e0,1e-9,1e-8,zero
l_prism,carrier_matches_mapped_source,0e0,1e-9,1e-8,zero
l_prism,carrier_matches_mapped_source,0e0,1e-9,1e-8,zero
l_prism,carrier_matches_mapped_source,0e0,1e-9,1e-8,zero
l_prism,carrier_matches_mapped_source,0e0,1e-9,1e-8,zero
l_prism,carrier_matches_mapped_source,0e0,1e-9,1e-8,zero
l_prism,carrier_matches_mapped_source,0e0,1e-9,1e-8,zero
l_prism,carrier_matches_mapped_source,0e0,1e-9,1e-8,zero
l_prism,interval_span_forward,1e0,1e-9,1e-8,positive
l_prism,carrier_endpoint_start,0e0,1e-9,1e-8,zero
l_prism,carrier_endpoint_end,0e0,1e-9,1e-8,zero
l_prism,carrier_matches_mapped_source,0e0,1e-9,1e-8,zero
l_prism,carrier_matches_mapped_source,0e0,1e-9,1e-8,zero
l_prism,carrier_matches_mapped_source,0e0,1e-9,1e-8,zero
l_prism,carrier_matches_mapped_source,0e0,1e-9,1e-8,zero
l_prism,carrier_matches_mapped_source,0e0,1e-9,1e-8,zero
l_prism,carrier_matches_mapped_source,0e0,1e-9,1e-8,zero
l_prism,carrier_matches_mapped_source,0e0,1e-9,1e-8,zero
l_prism,carrier_matches_mapped_source,0e0,1e-9,1e-8,zero
l_prism,carrier_matches_mapped_source,0e0,1e-9,1e-8,zero
l_prism,newell_plane_residual,0e0,1e-9,1e-8,zero
l_prism,newell_plane_residual,-0e0,1e-9,1e-8,zero
l_prism,newell_plane_residual,0e0,1e-9,1e-8,zero
l_prism,newell_plane_residual,0e0,1e-9,1e-8,zero
l_prism,interval_span_forward,2e0,1e-9,1e-8,positive
l_prism,carrier_endpoint_start,0e0,1e-9,1e-8,zero
l_prism,carrier_endpoint_end,0e0,1e-9,1e-8,zero
l_prism,carrier_matches_mapped_source,0e0,1e-9,1e-8,zero
l_prism,carrier_matches_mapped_source,0e0,1e-9,1e-8,zero
l_prism,carrier_matches_mapped_source,0e0,1e-9,1e-8,zero
l_prism,carrier_matches_mapped_source,0e0,1e-9,1e-8,zero
l_prism,carrier_matches_mapped_source,0e0,1e-9,1e-8,zero
l_prism,carrier_matches_mapped_source,0e0,1e-9,1e-8,zero
l_prism,carrier_matches_mapped_source,0e0,1e-9,1e-8,zero
l_prism,carrier_matches_mapped_source,0e0,1e-9,1e-8,zero
l_prism,carrier_matches_mapped_source,0e0,1e-9,1e-8,zero
l_prism,newell_plane_residual,0e0,1e-9,1e-8,zero
l_prism,newell_plane_residual,0e0,1e-9,1e-8,zero
l_prism,newell_plane_residual,0e0,1e-9,1e-8,zero
l_prism,newell_plane_residual,0e0,1e-9,1e-8,zero
l_prism,interval_span_forward,1e0,1e-9,1e-8,positive
l_prism,carrier_endpoint_start,0e0,1e-9,1e-8,zero
l_prism,carrier_endpoint_end,0e0,1e-9,1e-8,zero
l_prism,carrier_matches_mapped_source,0e0,1e-9,1e-8,zero
l_prism,carrier_matches_mapped_source,0e0,1e-9,1e-8,zero
l_prism,carrier_matches_mapped_source,0e0,1e-9,1e-8,zero
l_prism,carrier_matches_mapped_source,0e0,1e-9,1e-8,zero
l_prism,carrier_matches_mapped_source,0e0,1e-9,1e-8,zero
l_prism,carrier_matches_mapped_source,0e0,1e-9,1e-8,zero
l_prism,carrier_matches_mapped_source,0e0,1e-9,1e-8,zero
l_prism,carrier_matches_mapped_source,0e0,1e-9,1e-8,zero
l_prism,carrier_matches_mapped_source,0e0,1e-9,1e-8,zero
l_prism,newell_plane_residual,0e0,1e-9,1e-8,zero
l_prism,newell_plane_residual,0e0,1e-9,1e-8,zero
l_prism,newell_plane_residual,0e0,1e-9,1e-8,zero
l_prism,newell_plane_residual,0e0,1e-9,1e-8,zero
l_prism,interval_span_forward,1e0,1e-9,1e-8,positive
l_prism,carrier_endpoint_start,0e0,1e-9,1e-8,zero
l_prism,carrier_endpoint_end,0e0,1e-9,1e-8,zero
l_prism,carrier_matches_mapped_source,0e0,1e-9,1e-8,zero
l_prism,carrier_matches_mapped_source,0e0,1e-9,1e-8,zero
l_prism,carrier_matches_mapped_source,0e0,1e-9,1e-8,zero
l_prism,carrier_matches_mapped_source,0e0,1e-9,1e-8,zero
l_prism,carrier_matches_mapped_source,0e0,1e-9,1e-8,zero
l_prism,carrier_matches_mapped_source,0e0,1e-9,1e-8,zero
l_prism,carrier_matches_mapped_source,0e0,1e-9,1e-8,zero
l_prism,carrier_matches_mapped_source,0e0,1e-9,1e-8,zero
l_prism,carrier_matches_mapped_source,0e0,1e-9,1e-8,zero
l_prism,newell_plane_residual,0e0,1e-9,1e-8,zero
l_prism,newell_plane_residual,0e0,1e-9,1e-8,zero
l_prism,newell_plane_residual,0e0,1e-9,1e-8,zero
l_prism,newell_plane_residual,0e0,1e-9,1e-8,zero
l_prism,interval_span_forward,1e0,1e-9,1e-8,positive
l_prism,carrier_endpoint_start,0e0,1e-9,1e-8,zero
l_prism,carrier_endpoint_end,0e0,1e-9,1e-8,zero
l_prism,carrier_matches_mapped_source,0e0,1e-9,1e-8,zero
l_prism,carrier_matches_mapped_source,0e0,1e-9,1e-8,zero
l_prism,carrier_matches_mapped_source,0e0,1e-9,1e-8,zero
l_prism,carrier_matches_mapped_source,0e0,1e-9,1e-8,zero
l_prism,carrier_matches_mapped_source,0e0,1e-9,1e-8,zero
l_prism,carrier_matches_mapped_source,0e0,1e-9,1e-8,zero
l_prism,carrier_matches_mapped_source,0e0,1e-9,1e-8,zero
l_prism,carrier_matches_mapped_source,0e0,1e-9,1e-8,zero
l_prism,carrier_matches_mapped_source,0e0,1e-9,1e-8,zero
l_prism,newell_plane_residual,0e0,1e-9,1e-8,zero
l_prism,newell_plane_residual,0e0,1e-9,1e-8,zero
l_prism,newell_plane_residual,0e0,1e-9,1e-8,zero
l_prism,newell_plane_residual,0e0,1e-9,1e-8,zero
l_prism,interval_span_forward,1e0,1e-9,1e-8,positive
l_prism,carrier_endpoint_start,0e0,1e-9,1e-8,zero
l_prism,carrier_endpoint_end,0e0,1e-9,1e-8,zero
l_prism,carrier_matches_mapped_source,0e0,1e-9,1e-8,zero
l_prism,carrier_matches_mapped_source,0e0,1e-9,1e-8,zero
l_prism,carrier_matches_mapped_source,0e0,1e-9,1e-8,zero
l_prism,carrier_matches_mapped_source,0e0,1e-9,1e-8,zero
l_prism,carrier_matches_mapped_source,0e0,1e-9,1e-8,zero
l_prism,carrier_matches_mapped_source,0e0,1e-9,1e-8,zero
l_prism,carrier_matches_mapped_source,0e0,1e-9,1e-8,zero
l_prism,carrier_matches_mapped_source,0e0,1e-9,1e-8,zero
l_prism,carrier_matches_mapped_source,0e0,1e-9,1e-8,zero
l_prism,newell_plane_residual,0e0,1e-9,1e-8,zero
l_prism,newell_plane_residual,0e0,1e-9,1e-8,zero
l_prism,newell_plane_residual,-0e0,1e-9,1e-8,zero
l_prism,newell_plane_residual,0e0,1e-9,1e-8,zero
l_prism,interval_span_forward,2e0,1e-9,1e-8,positive
l_prism,carrier_endpoint_start,0e0,1e-9,1e-8,zero
l_prism,carrier_endpoint_end,0e0,1e-9,1e-8,zero
l_prism,carrier_matches_mapped_source,0e0,1e-9,1e-8,zero
l_prism,carrier_matches_mapped_source,0e0,1e-9,1e-8,zero
l_prism,carrier_matches_mapped_source,0e0,1e-9,1e-8,zero
l_prism,carrier_matches_mapped_source,0e0,1e-9,1e-8,zero
l_prism,carrier_matches_mapped_source,0e0,1e-9,1e-8,zero
l_prism,carrier_matches_mapped_source,0e0,1e-9,1e-8,zero
l_prism,carrier_matches_mapped_source,0e0,1e-9,1e-8,zero
l_prism,carrier_matches_mapped_source,0e0,1e-9,1e-8,zero
l_prism,carrier_matches_mapped_source,0e0,1e-9,1e-8,zero
l_prism,dihedral_arm,1e0,1e-9,1e-8,positive
l_prism,dihedral_wedge,1e0,1e-9,1e-8,positive
l_prism,interval_span_forward,1e0,1e-9,1e-8,positive
l_prism,carrier_endpoint_start,0e0,1e-9,1e-8,zero
l_prism,carrier_endpoint_end,0e0,1e-9,1e-8,zero
l_prism,carrier_on_surface_1,-0e0,1e-9,1e-8,zero
l_prism,carrier_on_surface_2,-0e0,1e-9,1e-8,zero
l_prism,carrier_on_surface_1,-0e0,1e-9,1e-8,zero
l_prism,carrier_on_surface_2,-0e0,1e-9,1e-8,zero
l_prism,dihedral_arm,1e0,1e-9,1e-8,positive
l_prism,dihedral_wedge,1e0,1e-9,1e-8,positive
l_prism,carrier_on_surface_1,-0e0,1e-9,1e-8,zero
l_prism,carrier_on_surface_2,-0e0,1e-9,1e-8,zero
l_prism,dihedral_arm,1e0,1e-9,1e-8,positive
l_prism,dihedral_wedge,1e0,1e-9,1e-8,positive
l_prism,carrier_on_surface_1,-0e0,1e-9,1e-8,zero
l_prism,carrier_on_surface_2,-0e0,1e-9,1e-8,zero
l_prism,dihedral_arm,1e0,1e-9,1e-8,positive
l_prism,dihedral_wedge,1e0,1e-9,1e-8,positive
l_prism,carrier_on_surface_1,0e0,1e-9,1e-8,zero
l_prism,carrier_on_surface_2,0e0,1e-9,1e-8,zero
l_prism,dihedral_arm,1e0,1e-9,1e-8,positive
l_prism,dihedral_wedge,1e0,1e-9,1e-8,positive
l_prism,carrier_on_surface_1,0e0,1e-9,1e-8,zero
l_prism,carrier_on_surface_2,0e0,1e-9,1e-8,zero
l_prism,dihedral_arm,1e0,1e-9,1e-8,positive
l_prism,dihedral_wedge,1e0,1e-9,1e-8,positive
l_prism,carrier_on_surface_1,0e0,1e-9,1e-8,zero
l_prism,carrier_on_surface_2,0e0,1e-9,1e-8,zero
l_prism,dihedral_arm,1e0,1e-9,1e-8,positive
l_prism,dihedral_wedge,1e0,1e-9,1e-8,positive
l_prism,carrier_on_surface_1,0e0,1e-9,1e-8,zero
l_prism,carrier_on_surface_2,0e0,1e-9,1e-8,zero
l_prism,dihedral_arm,1e0,1e-9,1e-8,positive
l_prism,dihedral_wedge,1e0,1e-9,1e-8,positive
l_prism,carrier_on_surface_1,0e0,1e-9,1e-8,zero
l_prism,carrier_on_surface_2,0e0,1e-9,1e-8,zero
l_prism,witness_on_surface_1,0e0,1e-9,1e-8,zero
l_prism,witness_on_surface_2,0e0,1e-9,1e-8,zero
l_prism,witness_at_mid_parameter,0e0,1e-9,1e-8,zero
l_prism,dihedral_arm,1e0,1e-9,1e-8,positive
l_prism,dihedral_wedge,1e0,1e-9,1e-8,positive
l_prism,interval_span_forward,1e0,1e-9,1e-8,positive
l_prism,carrier_endpoint_start,0e0,1e-9,1e-8,zero
l_prism,carrier_endpoint_end,0e0,1e-9,1e-8,zero
l_prism,carrier_on_surface_1,0e0,1e-9,1e-8,zero
l_prism,carrier_on_surface_2,0e0,1e-9,1e-8,zero
l_prism,carrier_on_surface_1,0e0,1e-9,1e-8,zero
l_prism,carrier_on_surface_2,0e0,1e-9,1e-8,zero
l_prism,dihedral_arm,1e0,1e-9,1e-8,positive
l_prism,dihedral_wedge,1e0,1e-9,1e-8,positive
l_prism,carrier_on_surface_1,0e0,1e-9,1e-8,zero
l_prism,carrier_on_surface_2,0e0,1e-9,1e-8,zero
l_prism,dihedral_arm,1e0,1e-9,1e-8,positive
l_prism,dihedral_wedge,1e0,1e-9,1e-8,positive
l_prism,carrier_on_surface_1,0e0,1e-9,1e-8,zero
l_prism,carrier_on_surface_2,0e0,1e-9,1e-8,zero
l_prism,dihedral_arm,1e0,1e-9,1e-8,positive
l_prism,dihedral_wedge,1e0,1e-9,1e-8,positive
l_prism,carrier_on_surface_1,0e0,1e-9,1e-8,zero
l_prism,carrier_on_surface_2,0e0,1e-9,1e-8,zero
l_prism,dihedral_arm,1e0,1e-9,1e-8,positive
l_prism,dihedral_wedge,1e0,1e-9,1e-8,positive
l_prism,carrier_on_surface_1,0e0,1e-9,1e-8,zero
l_prism,carrier_on_surface_2,0e0,1e-9,1e-8,zero
l_prism,dihedral_arm,1e0,1e-9,1e-8,positive
l_prism,dihedral_wedge,1e0,1e-9,1e-8,positive
l_prism,carrier_on_surface_1,0e0,1e-9,1e-8,zero
l_prism,carrier_on_surface_2,0e0,1e-9,1e-8,zero
l_prism,dihedral_arm,1e0,1e-9,1e-8,positive
l_prism,dihedral_wedge,1e0,1e-9,1e-8,positive
l_prism,carrier_on_surface_1,0e0,1e-9,1e-8,zero
l_prism,carrier_on_surface_2,0e0,1e-9,1e-8,zero
l_prism,dihedral_arm,1e0,1e-9,1e-8,positive
l_prism,dihedral_wedge,1e0,1e-9,1e-8,positive
l_prism,carrier_on_surface_1,0e0,1e-9,1e-8,zero
l_prism,carrier_on_surface_2,0e0,1e-9,1e-8,zero
l_prism,witness_on_surface_1,0e0,1e-9,1e-8,zero
l_prism,witness_on_surface_2,0e0,1e-9,1e-8,zero
l_prism,witness_at_mid_parameter,0e0,1e-9,1e-8,zero
l_prism,dihedral_arm,1e0,1e-9,1e-8,positive
l_prism,dihedral_wedge,1e0,1e-9,1e-8,positive
l_prism,interval_span_forward,1e0,1e-9,1e-8,positive
l_prism,carrier_endpoint_start,0e0,1e-9,1e-8,zero
l_prism,carrier_endpoint_end,0e0,1e-9,1e-8,zero
l_prism,carrier_on_surface_1,0e0,1e-9,1e-8,zero
l_prism,carrier_on_surface_2,0e0,1e-9,1e-8,zero
l_prism,carrier_on_surface_1,0e0,1e-9,1e-8,zero
l_prism,carrier_on_surface_2,0e0,1e-9,1e-8,zero
l_prism,dihedral_arm,1e0,1e-9,1e-8,positive
l_prism,dihedral_wedge,1e0,1e-9,1e-8,positive
l_prism,carrier_on_surface_1,0e0,1e-9,1e-8,zero
l_prism,carrier_on_surface_2,0e0,1e-9,1e-8,zero
l_prism,dihedral_arm,1e0,1e-9,1e-8,positive
l_prism,dihedral_wedge,1e0,1e-9,1e-8,positive
l_prism,carrier_on_surface_1,0e0,1e-9,1e-8,zero
l_prism,carrier_on_surface_2,0e0,1e-9,1e-8,zero
l_prism,dihedral_arm,1e0,1e-9,1e-8,positive
l_prism,dihedral_wedge,1e0,1e-9,1e-8,positive
l_prism,carrier_on_surface_1,0e0,1e-9,1e-8,zero
l_prism,carrier_on_surface_2,0e0,1e-9,1e-8,zero
l_prism,dihedral_arm,1e0,1e-9,1e-8,positive
l_prism,dihedral_wedge,1e0,1e-9,1e-8,positive
l_prism,carrier_on_surface_1,0e0,1e-9,1e-8,zero
l_prism,carrier_on_surface_2,0e0,1e-9,1e-8,zero
l_prism,dihedral_arm,1e0,1e-9,1e-8,positive
l_prism,dihedral_wedge,1e0,1e-9,1e-8,positive
l_prism,carrier_on_surface_1,0e0,1e-9,1e-8,zero
l_prism,carrier_on_surface_2,0e0,1e-9,1e-8,zero
l_prism,dihedral_arm,1e0,1e-9,1e-8,positive
l_prism,dihedral_wedge,1e0,1e-9,1e-8,positive
l_prism,carrier_on_surface_1,0e0,1e-9,1e-8,zero
l_prism,carrier_on_surface_2,0e0,1e-9,1e-8,zero
l_prism,dihedral_arm,1e0,1e-9,1e-8,positive
l_prism,dihedral_wedge,1e0,1e-9,1e-8,positive
l_prism,carrier_on_surface_1,0e0,1e-9,1e-8,zero
l_prism,carrier_on_surface_2,0e0,1e-9,1e-8,zero
l_prism,witness_on_surface_1,0e0,1e-9,1e-8,zero
l_prism,witness_on_surface_2,0e0,1e-9,1e-8,zero
l_prism,witness_at_mid_parameter,0e0,1e-9,1e-8,zero
l_prism,dihedral_arm,1e0,1e-9,1e-8,positive
l_prism,dihedral_wedge,1e0,1e-9,1e-8,positive
l_prism,interval_span_forward,1e0,1e-9,1e-8,positive
l_prism,carrier_endpoint_start,0e0,1e-9,1e-8,zero
l_prism,carrier_endpoint_end,0e0,1e-9,1e-8,zero
l_prism,carrier_on_surface_1,0e0,1e-9,1e-8,zero
l_prism,carrier_on_surface_2,0e0,1e-9,1e-8,zero
l_prism,carrier_on_surface_1,0e0,1e-9,1e-8,zero
l_prism,carrier_on_surface_2,0e0,1e-9,1e-8,zero
l_prism,dihedral_arm,1e0,1e-9,1e-8,positive
l_prism,dihedral_wedge,1e0,1e-9,1e-8,positive
l_prism,carrier_on_surface_1,0e0,1e-9,1e-8,zero
l_prism,carrier_on_surface_2,0e0,1e-9,1e-8,zero
l_prism,dihedral_arm,1e0,1e-9,1e-8,positive
l_prism,dihedral_wedge,1e0,1e-9,1e-8,positive
l_prism,carrier_on_surface_1,0e0,1e-9,1e-8,zero
l_prism,carrier_on_surface_2,0e0,1e-9,1e-8,zero
l_prism,dihedral_arm,1e0,1e-9,1e-8,positive
l_prism,dihedral_wedge,1e0,1e-9,1e-8,positive
l_prism,carrier_on_surface_1,0e0,1e-9,1e-8,zero
l_prism,carrier_on_surface_2,0e0,1e-9,1e-8,zero
l_prism,dihedral_arm,1e0,1e-9,1e-8,positive
l_prism,dihedral_wedge,1e0,1e-9,1e-8,positive
l_prism,carrier_on_surface_1,0e0,1e-9,1e-8,zero
l_prism,carrier_on_surface_2,0e0,1e-9,1e-8,zero
l_prism,dihedral_arm,1e0,1e-9,1e-8,positive
l_prism,dihedral_wedge,1e0,1e-9,1e-8,positive
l_prism,carrier_on_surface_1,0e0,1e-9,1e-8,zero
l_prism,carrier_on_surface_2,0e0,1e-9,1e-8,zero
l_prism,dihedral_arm,1e0,1e-9,1e-8,positive
l_prism,dihedral_wedge,1e0,1e-9,1e-8,positive
l_prism,carrier_on_surface_1,0e0,1e-9,1e-8,zero
l_prism,carrier_on_surface_2,0e0,1e-9,1e-8,zero
l_prism,dihedral_arm,1e0,1e-9,1e-8,positive
l_prism,dihedral_wedge,1e0,1e-9,1e-8,positive
l_prism,carrier_on_surface_1,0e0,1e-9,1e-8,zero
l_prism,carrier_on_surface_2,0e0,1e-9,1e-8,zero
l_prism,witness_on_surface_1,0e0,1e-9,1e-8,zero
l_prism,witness_on_surface_2,0e0,1e-9,1e-8,zero
l_prism,witness_at_mid_parameter,0e0,1e-9,1e-8,zero
l_prism,dihedral_arm,1e0,1e-9,1e-8,positive
l_prism,dihedral_wedge,1e0,1e-9,1e-8,positive
l_prism,interval_span_forward,1e0,1e-9,1e-8,positive
l_prism,carrier_endpoint_start,0e0,1e-9,1e-8,zero
l_prism,carrier_endpoint_end,0e0,1e-9,1e-8,zero
l_prism,carrier_on_surface_1,0e0,1e-9,1e-8,zero
l_prism,carrier_on_surface_2,0e0,1e-9,1e-8,zero
l_prism,carrier_on_surface_1,0e0,1e-9,1e-8,zero
l_prism,carrier_on_surface_2,0e0,1e-9,1e-8,zero
l_prism,dihedral_arm,1e0,1e-9,1e-8,positive
l_prism,dihedral_wedge,1e0,1e-9,1e-8,positive
l_prism,carrier_on_surface_1,0e0,1e-9,1e-8,zero
l_prism,carrier_on_surface_2,0e0,1e-9,1e-8,zero
l_prism,dihedral_arm,1e0,1e-9,1e-8,positive
l_prism,dihedral_wedge,1e0,1e-9,1e-8,positive
l_prism,carrier_on_surface_1,0e0,1e-9,1e-8,zero
l_prism,carrier_on_surface_2,0e0,1e-9,1e-8,zero
l_prism,dihedral_arm,1e0,1e-9,1e-8,positive
l_prism,dihedral_wedge,1e0,1e-9,1e-8,positive
l_prism,carrier_on_surface_1,0e0,1e-9,1e-8,zero
l_prism,carrier_on_surface_2,0e0,1e-9,1e-8,zero
l_prism,dihedral_arm,1e0,1e-9,1e-8,positive
l_prism,dihedral_wedge,1e0,1e-9,1e-8,positive
l_prism,carrier_on_surface_1,0e0,1e-9,1e-8,zero
l_prism,carrier_on_surface_2,0e0,1e-9,1e-8,zero
l_prism,dihedral_arm,1e0,1e-9,1e-8,positive
l_prism,dihedral_wedge,1e0,1e-9,1e-8,positive
l_prism,carrier_on_surface_1,0e0,1e-9,1e-8,zero
l_prism,carrier_on_surface_2,0e0,1e-9,1e-8,zero
l_prism,dihedral_arm,1e0,1e-9,1e-8,positive
l_prism,dihedral_wedge,1e0,1e-9,1e-8,positive
l_prism,carrier_on_surface_1,0e0,1e-9,1e-8,zero
l_prism,carrier_on_surface_2,0e0,1e-9,1e-8,zero
l_prism,dihedral_arm,1e0,1e-9,1e-8,positive
l_prism,dihedral_wedge,1e0,1e-9,1e-8,positive
l_prism,carrier_on_surface_1,0e0,1e-9,1e-8,zero
l_prism,carrier_on_surface_2,0e0,1e-9,1e-8,zero
l_prism,witness_on_surface_1,0e0,1e-9,1e-8,zero
l_prism,witness_on_surface_2,0e0,1e-9,1e-8,zero
l_prism,witness_at_mid_parameter,0e0,1e-9,1e-8,zero
l_prism,dihedral_arm,1e0,1e-9,1e-8,positive
l_prism,dihedral_wedge,1e0,1e-9,1e-8,positive
l_prism,interval_span_forward,1e0,1e-9,1e-8,positive
l_prism,carrier_endpoint_start,0e0,1e-9,1e-8,zero
l_prism,carrier_endpoint_end,0e0,1e-9,1e-8,zero
l_prism,carrier_on_surface_1,0e0,1e-9,1e-8,zero
l_prism,carrier_on_surface_2,0e0,1e-9,1e-8,zero
l_prism,carrier_on_surface_1,0e0,1e-9,1e-8,zero
l_prism,carrier_on_surface_2,0e0,1e-9,1e-8,zero
l_prism,dihedral_arm,1e0,1e-9,1e-8,positive
l_prism,dihedral_wedge,1e0,1e-9,1e-8,positive
l_prism,carrier_on_surface_1,0e0,1e-9,1e-8,zero
l_prism,carrier_on_surface_2,0e0,1e-9,1e-8,zero
l_prism,dihedral_arm,1e0,1e-9,1e-8,positive
l_prism,dihedral_wedge,1e0,1e-9,1e-8,positive
l_prism,carrier_on_surface_1,0e0,1e-9,1e-8,zero
l_prism,carrier_on_surface_2,0e0,1e-9,1e-8,zero
l_prism,dihedral_arm,1e0,1e-9,1e-8,positive
l_prism,dihedral_wedge,1e0,1e-9,1e-8,positive
l_prism,carrier_on_surface_1,0e0,1e-9,1e-8,zero
l_prism,carrier_on_surface_2,0e0,1e-9,1e-8,zero
l_prism,dihedral_arm,1e0,1e-9,1e-8,positive
l_prism,dihedral_wedge,1e0,1e-9,1e-8,positive
l_prism,carrier_on_surface_1,0e0,1e-9,1e-8,zero
l_prism,carrier_on_surface_2,0e0,1e-9,1e-8,zero
l_prism,dihedral_arm,1e0,1e-9,1e-8,positive
l_prism,dihedral_wedge,1e0,1e-9,1e-8,positive
l_prism,carrier_on_surface_1,0e0,1e-9,1e-8,zero
l_prism,carrier_on_surface_2,0e0,1e-9,1e-8,zero
l_prism,dihedral_arm,1e0,1e-9,1e-8,positive
l_prism,dihedral_wedge,1e0,1e-9,1e-8,positive
l_prism,carrier_on_surface_1,0e0,1e-9,1e-8,zero
l_prism,carrier_on_surface_2,0e0,1e-9,1e-8,zero
l_prism,dihedral_arm,1e0,1e-9,1e-8,positive
l_prism,dihedral_wedge,1e0,1e-9,1e-8,positive
l_prism,carrier_on_surface_1,0e0,1e-9,1e-8,zero
l_prism,carrier_on_surface_2,0e0,1e-9,1e-8,zero
l_prism,witness_on_surface_1,0e0,1e-9,1e-8,zero
l_prism,witness_on_surface_2,0e0,1e-9,1e-8,zero
l_prism,witness_at_mid_parameter,0e0,1e-9,1e-8,zero
l_prism,newell_plane_residual,0e0,1e-9,1e-8,zero
l_prism,newell_plane_residual,0e0,1e-9,1e-8,zero
l_prism,newell_plane_residual,0e0,1e-9,1e-8,zero
l_prism,newell_plane_residual,0e0,1e-9,1e-8,zero
l_prism,newell_plane_residual,0e0,1e-9,1e-8,zero
l_prism,newell_plane_residual,0e0,1e-9,1e-8,zero
l_prism,dihedral_arm,2e0,1e-9,1e-8,positive
l_prism,dihedral_wedge,2e0,1e-9,1e-8,positive
l_prism,interval_span_forward,2e0,1e-9,1e-8,positive
l_prism,carrier_endpoint_start,0e0,1e-9,1e-8,zero
l_prism,carrier_endpoint_end,0e0,1e-9,1e-8,zero
l_prism,carrier_on_surface_1,-0e0,1e-9,1e-8,zero
l_prism,carrier_on_surface_2,-0e0,1e-9,1e-8,zero
l_prism,carrier_on_surface_1,-0e0,1e-9,1e-8,zero
l_prism,carrier_on_surface_2,-0e0,1e-9,1e-8,zero
l_prism,dihedral_arm,2e0,1e-9,1e-8,positive
l_prism,dihedral_wedge,2e0,1e-9,1e-8,positive
l_prism,carrier_on_surface_1,-0e0,1e-9,1e-8,zero
l_prism,carrier_on_surface_2,-0e0,1e-9,1e-8,zero
l_prism,dihedral_arm,2e0,1e-9,1e-8,positive
l_prism,dihedral_wedge,2e0,1e-9,1e-8,positive
l_prism,carrier_on_surface_1,-0e0,1e-9,1e-8,zero
l_prism,carrier_on_surface_2,-0e0,1e-9,1e-8,zero
l_prism,dihedral_arm,2e0,1e-9,1e-8,positive
l_prism,dihedral_wedge,2e0,1e-9,1e-8,positive
l_prism,carrier_on_surface_1,0e0,1e-9,1e-8,zero
l_prism,carrier_on_surface_2,0e0,1e-9,1e-8,zero
l_prism,dihedral_arm,2e0,1e-9,1e-8,positive
l_prism,dihedral_wedge,2e0,1e-9,1e-8,positive
l_prism,carrier_on_surface_1,0e0,1e-9,1e-8,zero
l_prism,carrier_on_surface_2,0e0,1e-9,1e-8,zero
l_prism,dihedral_arm,2e0,1e-9,1e-8,positive
l_prism,dihedral_wedge,2e0,1e-9,1e-8,positive
l_prism,carrier_on_surface_1,0e0,1e-9,1e-8,zero
l_prism,carrier_on_surface_2,0e0,1e-9,1e-8,zero
l_prism,dihedral_arm,2e0,1e-9,1e-8,positive
l_prism,dihedral_wedge,2e0,1e-9,1e-8,positive
l_prism,carrier_on_surface_1,0e0,1e-9,1e-8,zero
l_prism,carrier_on_surface_2,0e0,1e-9,1e-8,zero
l_prism,dihedral_arm,2e0,1e-9,1e-8,positive
l_prism,dihedral_wedge,2e0,1e-9,1e-8,positive
l_prism,carrier_on_surface_1,0e0,1e-9,1e-8,zero
l_prism,carrier_on_surface_2,0e0,1e-9,1e-8,zero
l_prism,witness_on_surface_1,0e0,1e-9,1e-8,zero
l_prism,witness_on_surface_2,0e0,1e-9,1e-8,zero
l_prism,witness_at_mid_parameter,0e0,1e-9,1e-8,zero
l_prism,dihedral_arm,2e0,1e-9,1e-8,positive
l_prism,dihedral_wedge,2e0,1e-9,1e-8,positive
l_prism,interval_span_forward,2e0,1e-9,1e-8,positive
l_prism,carrier_endpoint_start,0e0,1e-9,1e-8,zero
l_prism,carrier_endpoint_end,0e0,1e-9,1e-8,zero
l_prism,carrier_on_surface_1,0e0,1e-9,1e-8,zero
l_prism,carrier_on_surface_2,0e0,1e-9,1e-8,zero
l_prism,carrier_on_surface_1,0e0,1e-9,1e-8,zero
l_prism,carrier_on_surface_2,0e0,1e-9,1e-8,zero
l_prism,dihedral_arm,2e0,1e-9,1e-8,positive
l_prism,dihedral_wedge,2e0,1e-9,1e-8,positive
l_prism,carrier_on_surface_1,0e0,1e-9,1e-8,zero
l_prism,carrier_on_surface_2,0e0,1e-9,1e-8,zero
l_prism,dihedral_arm,2e0,1e-9,1e-8,positive
l_prism,dihedral_wedge,2e0,1e-9,1e-8,positive
l_prism,carrier_on_surface_1,0e0,1e-9,1e-8,zero
l_prism,carrier_on_surface_2,0e0,1e-9,1e-8,zero
l_prism,dihedral_arm,2e0,1e-9,1e-8,positive
l_prism,dihedral_wedge,2e0,1e-9,1e-8,positive
l_prism,carrier_on_surface_1,0e0,1e-9,1e-8,zero
l_prism,carrier_on_surface_2,0e0,1e-9,1e-8,zero
l_prism,dihedral_arm,2e0,1e-9,1e-8,positive
l_prism,dihedral_wedge,2e0,1e-9,1e-8,positive
l_prism,carrier_on_surface_1,0e0,1e-9,1e-8,zero
l_prism,carrier_on_surface_2,0e0,1e-9,1e-8,zero
l_prism,dihedral_arm,2e0,1e-9,1e-8,positive
l_prism,dihedral_wedge,2e0,1e-9,1e-8,positive
l_prism,carrier_on_surface_1,0e0,1e-9,1e-8,zero
l_prism,carrier_on_surface_2,0e0,1e-9,1e-8,zero
l_prism,dihedral_arm,2e0,1e-9,1e-8,positive
l_prism,dihedral_wedge,2e0,1e-9,1e-8,positive
l_prism,carrier_on_surface_1,0e0,1e-9,1e-8,zero
l_prism,carrier_on_surface_2,0e0,1e-9,1e-8,zero
l_prism,dihedral_arm,2e0,1e-9,1e-8,positive
l_prism,dihedral_wedge,2e0,1e-9,1e-8,positive
l_prism,carrier_on_surface_1,0e0,1e-9,1e-8,zero
l_prism,carrier_on_surface_2,0e0,1e-9,1e-8,zero
l_prism,witness_on_surface_1,0e0,1e-9,1e-8,zero
l_prism,witness_on_surface_2,0e0,1e-9,1e-8,zero
l_prism,witness_at_mid_parameter,0e0,1e-9,1e-8,zero
l_prism,dihedral_arm,1e0,1e-9,1e-8,positive
l_prism,dihedral_wedge,1e0,1e-9,1e-8,positive
l_prism,interval_span_forward,1e0,1e-9,1e-8,positive
l_prism,carrier_endpoint_start,0e0,1e-9,1e-8,zero
l_prism,carrier_endpoint_end,0e0,1e-9,1e-8,zero
l_prism,carrier_on_surface_1,0e0,1e-9,1e-8,zero
l_prism,carrier_on_surface_2,0e0,1e-9,1e-8,zero
l_prism,carrier_on_surface_1,0e0,1e-9,1e-8,zero
l_prism,carrier_on_surface_2,0e0,1e-9,1e-8,zero
l_prism,dihedral_arm,1e0,1e-9,1e-8,positive
l_prism,dihedral_wedge,1e0,1e-9,1e-8,positive
l_prism,carrier_on_surface_1,0e0,1e-9,1e-8,zero
l_prism,carrier_on_surface_2,0e0,1e-9,1e-8,zero
l_prism,dihedral_arm,1e0,1e-9,1e-8,positive
l_prism,dihedral_wedge,1e0,1e-9,1e-8,positive
l_prism,carrier_on_surface_1,0e0,1e-9,1e-8,zero
l_prism,carrier_on_surface_2,0e0,1e-9,1e-8,zero
l_prism,dihedral_arm,1e0,1e-9,1e-8,positive
l_prism,dihedral_wedge,1e0,1e-9,1e-8,positive
l_prism,carrier_on_surface_1,0e0,1e-9,1e-8,zero
l_prism,carrier_on_surface_2,0e0,1e-9,1e-8,zero
l_prism,dihedral_arm,1e0,1e-9,1e-8,positive
l_prism,dihedral_wedge,1e0,1e-9,1e-8,positive
l_prism,carrier_on_surface_1,0e0,1e-9,1e-8,zero
l_prism,carrier_on_surface_2,0e0,1e-9,1e-8,zero
l_prism,dihedral_arm,1e0,1e-9,1e-8,positive
l_prism,dihedral_wedge,1e0,1e-9,1e-8,positive
l_prism,carrier_on_surface_1,0e0,1e-9,1e-8,zero
l_prism,carrier_on_surface_2,0e0,1e-9,1e-8,zero
l_prism,dihedral_arm,1e0,1e-9,1e-8,positive
l_prism,dihedral_wedge,1e0,1e-9,1e-8,positive
l_prism,carrier_on_surface_1,0e0,1e-9,1e-8,zero
l_prism,carrier_on_surface_2,0e0,1e-9,1e-8,zero
l_prism,dihedral_arm,1e0,1e-9,1e-8,positive
l_prism,dihedral_wedge,1e0,1e-9,1e-8,positive
l_prism,carrier_on_surface_1,0e0,1e-9,1e-8,zero
l_prism,carrier_on_surface_2,0e0,1e-9,1e-8,zero
l_prism,witness_on_surface_1,0e0,1e-9,1e-8,zero
l_prism,witness_on_surface_2,0e0,1e-9,1e-8,zero
l_prism,witness_at_mid_parameter,0e0,1e-9,1e-8,zero
l_prism,dihedral_arm,1e0,1e-9,1e-8,positive
l_prism,dihedral_wedge,1e0,1e-9,1e-8,positive
l_prism,interval_span_forward,1e0,1e-9,1e-8,positive
l_prism,carrier_endpoint_start,0e0,1e-9,1e-8,zero
l_prism,carrier_endpoint_end,0e0,1e-9,1e-8,zero
l_prism,carrier_on_surface_1,0e0,1e-9,1e-8,zero
l_prism,carrier_on_surface_2,0e0,1e-9,1e-8,zero
l_prism,carrier_on_surface_1,0e0,1e-9,1e-8,zero
l_prism,carrier_on_surface_2,0e0,1e-9,1e-8,zero
l_prism,dihedral_arm,1e0,1e-9,1e-8,positive
l_prism,dihedral_wedge,1e0,1e-9,1e-8,positive
l_prism,carrier_on_surface_1,0e0,1e-9,1e-8,zero
l_prism,carrier_on_surface_2,0e0,1e-9,1e-8,zero
l_prism,dihedral_arm,1e0,1e-9,1e-8,positive
l_prism,dihedral_wedge,1e0,1e-9,1e-8,positive
l_prism,carrier_on_surface_1,0e0,1e-9,1e-8,zero
l_prism,carrier_on_surface_2,0e0,1e-9,1e-8,zero
l_prism,dihedral_arm,1e0,1e-9,1e-8,positive
l_prism,dihedral_wedge,1e0,1e-9,1e-8,positive
l_prism,carrier_on_surface_1,0e0,1e-9,1e-8,zero
l_prism,carrier_on_surface_2,0e0,1e-9,1e-8,zero
l_prism,dihedral_arm,1e0,1e-9,1e-8,positive
l_prism,dihedral_wedge,1e0,1e-9,1e-8,positive
l_prism,carrier_on_surface_1,0e0,1e-9,1e-8,zero
l_prism,carrier_on_surface_2,0e0,1e-9,1e-8,zero
l_prism,dihedral_arm,1e0,1e-9,1e-8,positive
l_prism,dihedral_wedge,1e0,1e-9,1e-8,positive
l_prism,carrier_on_surface_1,0e0,1e-9,1e-8,zero
l_prism,carrier_on_surface_2,0e0,1e-9,1e-8,zero
l_prism,dihedral_arm,1e0,1e-9,1e-8,positive
l_prism,dihedral_wedge,1e0,1e-9,1e-8,positive
l_prism,carrier_on_surface_1,0e0,1e-9,1e-8,zero
l_prism,carrier_on_surface_2,0e0,1e-9,1e-8,zero
l_prism,dihedral_arm,1e0,1e-9,1e-8,positive
l_prism,dihedral_wedge,1e0,1e-9,1e-8,positive
l_prism,carrier_on_surface_1,0e0,1e-9,1e-8,zero
l_prism,carrier_on_surface_2,0e0,1e-9,1e-8,zero
l_prism,witness_on_surface_1,0e0,1e-9,1e-8,zero
l_prism,witness_on_surface_2,0e0,1e-9,1e-8,zero
l_prism,witness_at_mid_parameter,0e0,1e-9,1e-8,zero
l_prism,dihedral_arm,1e0,1e-9,1e-8,positive
l_prism,dihedral_wedge,1e0,1e-9,1e-8,positive
l_prism,interval_span_forward,1e0,1e-9,1e-8,positive
l_prism,carrier_endpoint_start,0e0,1e-9,1e-8,zero
l_prism,carrier_endpoint_end,0e0,1e-9,1e-8,zero
l_prism,carrier_on_surface_1,0e0,1e-9,1e-8,zero
l_prism,carrier_on_surface_2,0e0,1e-9,1e-8,zero
l_prism,carrier_on_surface_1,0e0,1e-9,1e-8,zero
l_prism,carrier_on_surface_2,0e0,1e-9,1e-8,zero
l_prism,dihedral_arm,1e0,1e-9,1e-8,positive
l_prism,dihedral_wedge,1e0,1e-9,1e-8,positive
l_prism,carrier_on_surface_1,0e0,1e-9,1e-8,zero
l_prism,carrier_on_surface_2,0e0,1e-9,1e-8,zero
l_prism,dihedral_arm,1e0,1e-9,1e-8,positive
l_prism,dihedral_wedge,1e0,1e-9,1e-8,positive
l_prism,carrier_on_surface_1,0e0,1e-9,1e-8,zero
l_prism,carrier_on_surface_2,0e0,1e-9,1e-8,zero
l_prism,dihedral_arm,1e0,1e-9,1e-8,positive
l_prism,dihedral_wedge,1e0,1e-9,1e-8,positive
l_prism,carrier_on_surface_1,0e0,1e-9,1e-8,zero
l_prism,carrier_on_surface_2,0e0,1e-9,1e-8,zero
l_prism,dihedral_arm,1e0,1e-9,1e-8,positive
l_prism,dihedral_wedge,1e0,1e-9,1e-8,positive
l_prism,carrier_on_surface_1,0e0,1e-9,1e-8,zero
l_prism,carrier_on_surface_2,0e0,1e-9,1e-8,zero
l_prism,dihedral_arm,1e0,1e-9,1e-8,positive
l_prism,dihedral_wedge,1e0,1e-9,1e-8,positive
l_prism,carrier_on_surface_1,0e0,1e-9,1e-8,zero
l_prism,carrier_on_surface_2,0e0,1e-9,1e-8,zero
l_prism,dihedral_arm,1e0,1e-9,1e-8,positive
l_prism,dihedral_wedge,1e0,1e-9,1e-8,positive
l_prism,carrier_on_surface_1,0e0,1e-9,1e-8,zero
l_prism,carrier_on_surface_2,0e0,1e-9,1e-8,zero
l_prism,dihedral_arm,1e0,1e-9,1e-8,positive
l_prism,dihedral_wedge,1e0,1e-9,1e-8,positive
l_prism,carrier_on_surface_1,0e0,1e-9,1e-8,zero
l_prism,carrier_on_surface_2,0e0,1e-9,1e-8,zero
l_prism,witness_on_surface_1,0e0,1e-9,1e-8,zero
l_prism,witness_on_surface_2,0e0,1e-9,1e-8,zero
l_prism,witness_at_mid_parameter,0e0,1e-9,1e-8,zero
l_prism,dihedral_arm,1e0,1e-9,1e-8,positive
l_prism,dihedral_wedge,1e0,1e-9,1e-8,positive
l_prism,interval_span_forward,1e0,1e-9,1e-8,positive
l_prism,carrier_endpoint_start,0e0,1e-9,1e-8,zero
l_prism,carrier_endpoint_end,0e0,1e-9,1e-8,zero
l_prism,carrier_on_surface_1,0e0,1e-9,1e-8,zero
l_prism,carrier_on_surface_2,0e0,1e-9,1e-8,zero
l_prism,carrier_on_surface_1,0e0,1e-9,1e-8,zero
l_prism,carrier_on_surface_2,0e0,1e-9,1e-8,zero
l_prism,dihedral_arm,1e0,1e-9,1e-8,positive
l_prism,dihedral_wedge,1e0,1e-9,1e-8,positive
l_prism,carrier_on_surface_1,0e0,1e-9,1e-8,zero
l_prism,carrier_on_surface_2,0e0,1e-9,1e-8,zero
l_prism,dihedral_arm,1e0,1e-9,1e-8,positive
l_prism,dihedral_wedge,1e0,1e-9,1e-8,positive
l_prism,carrier_on_surface_1,0e0,1e-9,1e-8,zero
l_prism,carrier_on_surface_2,0e0,1e-9,1e-8,zero
l_prism,dihedral_arm,1e0,1e-9,1e-8,positive
l_prism,dihedral_wedge,1e0,1e-9,1e-8,positive
l_prism,carrier_on_surface_1,0e0,1e-9,1e-8,zero
l_prism,carrier_on_surface_2,0e0,1e-9,1e-8,zero
l_prism,dihedral_arm,1e0,1e-9,1e-8,positive
l_prism,dihedral_wedge,1e0,1e-9,1e-8,positive
l_prism,carrier_on_surface_1,0e0,1e-9,1e-8,zero
l_prism,carrier_on_surface_2,0e0,1e-9,1e-8,zero
l_prism,dihedral_arm,1e0,1e-9,1e-8,positive
l_prism,dihedral_wedge,1e0,1e-9,1e-8,positive
l_prism,carrier_on_surface_1,0e0,1e-9,1e-8,zero
l_prism,carrier_on_surface_2,0e0,1e-9,1e-8,zero
l_prism,dihedral_arm,1e0,1e-9,1e-8,positive
l_prism,dihedral_wedge,1e0,1e-9,1e-8,positive
l_prism,carrier_on_surface_1,0e0,1e-9,1e-8,zero
l_prism,carrier_on_surface_2,0e0,1e-9,1e-8,zero
l_prism,dihedral_arm,1e0,1e-9,1e-8,positive
l_prism,dihedral_wedge,1e0,1e-9,1e-8,positive
l_prism,carrier_on_surface_1,0e0,1e-9,1e-8,zero
l_prism,carrier_on_surface_2,0e0,1e-9,1e-8,zero
l_prism,witness_on_surface_1,0e0,1e-9,1e-8,zero
l_prism,witness_on_surface_2,0e0,1e-9,1e-8,zero
l_prism,witness_at_mid_parameter,0e0,1e-9,1e-8,zero
l_prism,dihedral_arm,1e0,1e-9,1e-8,positive
l_prism,dihedral_wedge,1e0,1e-9,1e-8,positive
l_prism,interval_span_forward,1e0,1e-9,1e-8,positive
l_prism,carrier_endpoint_start,0e0,1e-9,1e-8,zero
l_prism,carrier_endpoint_end,0e0,1e-9,1e-8,zero
l_prism,carrier_on_surface_1,0e0,1e-9,1e-8,zero
l_prism,carrier_on_surface_2,0e0,1e-9,1e-8,zero
l_prism,carrier_on_surface_1,0e0,1e-9,1e-8,zero
l_prism,carrier_on_surface_2,0e0,1e-9,1e-8,zero
l_prism,dihedral_arm,1e0,1e-9,1e-8,positive
l_prism,dihedral_wedge,1e0,1e-9,1e-8,positive
l_prism,carrier_on_surface_1,0e0,1e-9,1e-8,zero
l_prism,carrier_on_surface_2,0e0,1e-9,1e-8,zero
l_prism,dihedral_arm,1e0,1e-9,1e-8,positive
l_prism,dihedral_wedge,1e0,1e-9,1e-8,positive
l_prism,carrier_on_surface_1,0e0,1e-9,1e-8,zero
l_prism,carrier_on_surface_2,0e0,1e-9,1e-8,zero
l_prism,dihedral_arm,1e0,1e-9,1e-8,positive
l_prism,dihedral_wedge,1e0,1e-9,1e-8,positive
l_prism,carrier_on_surface_1,0e0,1e-9,1e-8,zero
l_prism,carrier_on_surface_2,0e0,1e-9,1e-8,zero
l_prism,dihedral_arm,1e0,1e-9,1e-8,positive
l_prism,dihedral_wedge,1e0,1e-9,1e-8,positive
l_prism,carrier_on_surface_1,0e0,1e-9,1e-8,zero
l_prism,carrier_on_surface_2,0e0,1e-9,1e-8,zero
l_prism,dihedral_arm,1e0,1e-9,1e-8,positive
l_prism,dihedral_wedge,1e0,1e-9,1e-8,positive
l_prism,carrier_on_surface_1,0e0,1e-9,1e-8,zero
l_prism,carrier_on_surface_2,0e0,1e-9,1e-8,zero
l_prism,dihedral_arm,1e0,1e-9,1e-8,positive
l_prism,dihedral_wedge,1e0,1e-9,1e-8,positive
l_prism,carrier_on_surface_1,0e0,1e-9,1e-8,zero
l_prism,carrier_on_surface_2,0e0,1e-9,1e-8,zero
l_prism,dihedral_arm,1e0,1e-9,1e-8,positive
l_prism,dihedral_wedge,1e0,1e-9,1e-8,positive
l_prism,carrier_on_surface_1,0e0,1e-9,1e-8,zero
l_prism,carrier_on_surface_2,0e0,1e-9,1e-8,zero
l_prism,witness_on_surface_1,0e0,1e-9,1e-8,zero
l_prism,witness_on_surface_2,0e0,1e-9,1e-8,zero
l_prism,witness_at_mid_parameter,0e0,1e-9,1e-8,zero
l_prism,dihedral_arm,1e0,1e-9,1e-8,positive
l_prism,dihedral_wedge,1e0,1e-9,1e-8,positive
l_prism,interval_span_forward,1e0,1e-9,1e-8,positive
l_prism,carrier_endpoint_start,0e0,1e-9,1e-8,zero
l_prism,carrier_endpoint_end,0e0,1e-9,1e-8,zero
l_prism,carrier_on_surface_1,0e0,1e-9,1e-8,zero
l_prism,carrier_on_surface_2,0e0,1e-9,1e-8,zero
l_prism,carrier_on_surface_1,0e0,1e-9,1e-8,zero
l_prism,carrier_on_surface_2,0e0,1e-9,1e-8,zero
l_prism,dihedral_arm,1e0,1e-9,1e-8,positive
l_prism,dihedral_wedge,1e0,1e-9,1e-8,positive
l_prism,carrier_on_surface_1,0e0,1e-9,1e-8,zero
l_prism,carrier_on_surface_2,0e0,1e-9,1e-8,zero
l_prism,dihedral_arm,1e0,1e-9,1e-8,positive
l_prism,dihedral_wedge,1e0,1e-9,1e-8,positive
l_prism,carrier_on_surface_1,0e0,1e-9,1e-8,zero
l_prism,carrier_on_surface_2,0e0,1e-9,1e-8,zero
l_prism,dihedral_arm,1e0,1e-9,1e-8,positive
l_prism,dihedral_wedge,1e0,1e-9,1e-8,positive
l_prism,carrier_on_surface_1,0e0,1e-9,1e-8,zero
l_prism,carrier_on_surface_2,0e0,1e-9,1e-8,zero
l_prism,dihedral_arm,1e0,1e-9,1e-8,positive
l_prism,dihedral_wedge,1e0,1e-9,1e-8,positive
l_prism,carrier_on_surface_1,0e0,1e-9,1e-8,zero
l_prism,carrier_on_surface_2,0e0,1e-9,1e-8,zero
l_prism,dihedral_arm,1e0,1e-9,1e-8,positive
l_prism,dihedral_wedge,1e0,1e-9,1e-8,positive
l_prism,carrier_on_surface_1,0e0,1e-9,1e-8,zero
l_prism,carrier_on_surface_2,0e0,1e-9,1e-8,zero
l_prism,dihedral_arm,1e0,1e-9,1e-8,positive
l_prism,dihedral_wedge,1e0,1e-9,1e-8,positive
l_prism,carrier_on_surface_1,0e0,1e-9,1e-8,zero
l_prism,carrier_on_surface_2,0e0,1e-9,1e-8,zero
l_prism,dihedral_arm,1e0,1e-9,1e-8,positive
l_prism,dihedral_wedge,1e0,1e-9,1e-8,positive
l_prism,carrier_on_surface_1,0e0,1e-9,1e-8,zero
l_prism,carrier_on_surface_2,0e0,1e-9,1e-8,zero
l_prism,witness_on_surface_1,0e0,1e-9,1e-8,zero
l_prism,witness_on_surface_2,0e0,1e-9,1e-8,zero
l_prism,witness_at_mid_parameter,0e0,1e-9,1e-8,zero
l_prism,dihedral_arm,1e0,1e-9,1e-8,positive
l_prism,dihedral_wedge,1e0,1e-9,1e-8,positive
l_prism,interval_span_forward,1e0,1e-9,1e-8,positive
l_prism,carrier_endpoint_start,0e0,1e-9,1e-8,zero
l_prism,carrier_endpoint_end,0e0,1e-9,1e-8,zero
l_prism,carrier_on_surface_1,0e0,1e-9,1e-8,zero
l_prism,carrier_on_surface_2,0e0,1e-9,1e-8,zero
l_prism,carrier_on_surface_1,0e0,1e-9,1e-8,zero
l_prism,carrier_on_surface_2,0e0,1e-9,1e-8,zero
l_prism,dihedral_arm,1e0,1e-9,1e-8,positive
l_prism,dihedral_wedge,1e0,1e-9,1e-8,positive
l_prism,carrier_on_surface_1,0e0,1e-9,1e-8,zero
l_prism,carrier_on_surface_2,0e0,1e-9,1e-8,zero
l_prism,dihedral_arm,1e0,1e-9,1e-8,positive
l_prism,dihedral_wedge,1e0,1e-9,1e-8,positive
l_prism,carrier_on_surface_1,0e0,1e-9,1e-8,zero
l_prism,carrier_on_surface_2,0e0,1e-9,1e-8,zero
l_prism,dihedral_arm,1e0,1e-9,1e-8,positive
l_prism,dihedral_wedge,1e0,1e-9,1e-8,positive
l_prism,carrier_on_surface_1,0e0,1e-9,1e-8,zero
l_prism,carrier_on_surface_2,0e0,1e-9,1e-8,zero
l_prism,dihedral_arm,1e0,1e-9,1e-8,positive
l_prism,dihedral_wedge,1e0,1e-9,1e-8,positive
l_prism,carrier_on_surface_1,0e0,1e-9,1e-8,zero
l_prism,carrier_on_surface_2,0e0,1e-9,1e-8,zero
l_prism,dihedral_arm,1e0,1e-9,1e-8,positive
l_prism,dihedral_wedge,1e0,1e-9,1e-8,positive
l_prism,carrier_on_surface_1,0e0,1e-9,1e-8,zero
l_prism,carrier_on_surface_2,0e0,1e-9,1e-8,zero
l_prism,dihedral_arm,1e0,1e-9,1e-8,positive
l_prism,dihedral_wedge,1e0,1e-9,1e-8,positive
l_prism,carrier_on_surface_1,0e0,1e-9,1e-8,zero
l_prism,carrier_on_surface_2,0e0,1e-9,1e-8,zero
l_prism,dihedral_arm,1e0,1e-9,1e-8,positive
l_prism,dihedral_wedge,1e0,1e-9,1e-8,positive
l_prism,carrier_on_surface_1,0e0,1e-9,1e-8,zero
l_prism,carrier_on_surface_2,0e0,1e-9,1e-8,zero
l_prism,witness_on_surface_1,0e0,1e-9,1e-8,zero
l_prism,witness_on_surface_2,0e0,1e-9,1e-8,zero
l_prism,witness_at_mid_parameter,0e0,1e-9,1e-8,zero
l_prism,dihedral_arm,1e0,1e-9,1e-8,positive
l_prism,dihedral_wedge,1e0,1e-9,1e-8,positive
l_prism,interval_span_forward,1e0,1e-9,1e-8,positive
l_prism,carrier_endpoint_start,0e0,1e-9,1e-8,zero
l_prism,carrier_endpoint_end,0e0,1e-9,1e-8,zero
l_prism,carrier_on_surface_1,0e0,1e-9,1e-8,zero
l_prism,carrier_on_surface_2,0e0,1e-9,1e-8,zero
l_prism,carrier_on_surface_1,0e0,1e-9,1e-8,zero
l_prism,carrier_on_surface_2,0e0,1e-9,1e-8,zero
l_prism,dihedral_arm,1e0,1e-9,1e-8,positive
l_prism,dihedral_wedge,1e0,1e-9,1e-8,positive
l_prism,carrier_on_surface_1,0e0,1e-9,1e-8,zero
l_prism,carrier_on_surface_2,0e0,1e-9,1e-8,zero
l_prism,dihedral_arm,1e0,1e-9,1e-8,positive
l_prism,dihedral_wedge,1e0,1e-9,1e-8,positive
l_prism,carrier_on_surface_1,0e0,1e-9,1e-8,zero
l_prism,carrier_on_surface_2,0e0,1e-9,1e-8,zero
l_prism,dihedral_arm,1e0,1e-9,1e-8,positive
l_prism,dihedral_wedge,1e0,1e-9,1e-8,positive
l_prism,carrier_on_surface_1,0e0,1e-9,1e-8,zero
l_prism,carrier_on_surface_2,0e0,1e-9,1e-8,zero
l_prism,dihedral_arm,1e0,1e-9,1e-8,positive
l_prism,dihedral_wedge,1e0,1e-9,1e-8,positive
l_prism,carrier_on_surface_1,0e0,1e-9,1e-8,zero
l_prism,carrier_on_surface_2,0e0,1e-9,1e-8,zero
l_prism,dihedral_arm,1e0,1e-9,1e-8,positive
l_prism,dihedral_wedge,1e0,1e-9,1e-8,positive
l_prism,carrier_on_surface_1,0e0,1e-9,1e-8,zero
l_prism,carrier_on_surface_2,0e0,1e-9,1e-8,zero
l_prism,dihedral_arm,1e0,1e-9,1e-8,positive
l_prism,dihedral_wedge,1e0,1e-9,1e-8,positive
l_prism,carrier_on_surface_1,0e0,1e-9,1e-8,zero
l_prism,carrier_on_surface_2,0e0,1e-9,1e-8,zero
l_prism,dihedral_arm,1e0,1e-9,1e-8,positive
l_prism,dihedral_wedge,1e0,1e-9,1e-8,positive
l_prism,carrier_on_surface_1,0e0,1e-9,1e-8,zero
l_prism,carrier_on_surface_2,0e0,1e-9,1e-8,zero
l_prism,witness_on_surface_1,0e0,1e-9,1e-8,zero
l_prism,witness_on_surface_2,0e0,1e-9,1e-8,zero
l_prism,witness_at_mid_parameter,0e0,1e-9,1e-8,zero
l_prism,dihedral_arm,2e0,1e-9,1e-8,positive
l_prism,dihedral_wedge,2e0,1e-9,1e-8,positive
l_prism,interval_span_forward,2e0,1e-9,1e-8,positive
l_prism,carrier_endpoint_start,0e0,1e-9,1e-8,zero
l_prism,carrier_endpoint_end,0e0,1e-9,1e-8,zero
l_prism,carrier_on_surface_1,0e0,1e-9,1e-8,zero
l_prism,carrier_on_surface_2,0e0,1e-9,1e-8,zero
l_prism,carrier_on_surface_1,0e0,1e-9,1e-8,zero
l_prism,carrier_on_surface_2,0e0,1e-9,1e-8,zero
l_prism,dihedral_arm,2e0,1e-9,1e-8,positive
l_prism,dihedral_wedge,2e0,1e-9,1e-8,positive
l_prism,carrier_on_surface_1,0e0,1e-9,1e-8,zero
l_prism,carrier_on_surface_2,0e0,1e-9,1e-8,zero
l_prism,dihedral_arm,2e0,1e-9,1e-8,positive
l_prism,dihedral_wedge,2e0,1e-9,1e-8,positive
l_prism,carrier_on_surface_1,0e0,1e-9,1e-8,zero
l_prism,carrier_on_surface_2,0e0,1e-9,1e-8,zero
l_prism,dihedral_arm,2e0,1e-9,1e-8,positive
l_prism,dihedral_wedge,2e0,1e-9,1e-8,positive
l_prism,carrier_on_surface_1,0e0,1e-9,1e-8,zero
l_prism,carrier_on_surface_2,0e0,1e-9,1e-8,zero
l_prism,dihedral_arm,2e0,1e-9,1e-8,positive
l_prism,dihedral_wedge,2e0,1e-9,1e-8,positive
l_prism,carrier_on_surface_1,-0e0,1e-9,1e-8,zero
l_prism,carrier_on_surface_2,-0e0,1e-9,1e-8,zero
l_prism,dihedral_arm,2e0,1e-9,1e-8,positive
l_prism,dihedral_wedge,2e0,1e-9,1e-8,positive
l_prism,carrier_on_surface_1,-0e0,1e-9,1e-8,zero
l_prism,carrier_on_surface_2,-0e0,1e-9,1e-8,zero
l_prism,dihedral_arm,2e0,1e-9,1e-8,positive
l_prism,dihedral_wedge,2e0,1e-9,1e-8,positive
l_prism,carrier_on_surface_1,-0e0,1e-9,1e-8,zero
l_prism,carrier_on_surface_2,-0e0,1e-9,1e-8,zero
l_prism,dihedral_arm,2e0,1e-9,1e-8,positive
l_prism,dihedral_wedge,2e0,1e-9,1e-8,positive
l_prism,carrier_on_surface_1,-0e0,1e-9,1e-8,zero
l_prism,carrier_on_surface_2,-0e0,1e-9,1e-8,zero
l_prism,witness_on_surface_1,0e0,1e-9,1e-8,zero
l_prism,witness_on_surface_2,0e0,1e-9,1e-8,zero
l_prism,witness_at_mid_parameter,0e0,1e-9,1e-8,zero
l_prism,dihedral_arm,2e0,1e-9,1e-8,positive
l_prism,dihedral_wedge,2e0,1e-9,1e-8,positive
l_prism,interval_span_forward,2e0,1e-9,1e-8,positive
l_prism,carrier_endpoint_start,0e0,1e-9,1e-8,zero
l_prism,carrier_endpoint_end,0e0,1e-9,1e-8,zero
l_prism,carrier_on_surface_1,0e0,1e-9,1e-8,zero
l_prism,carrier_on_surface_2,0e0,1e-9,1e-8,zero
l_prism,carrier_on_surface_1,0e0,1e-9,1e-8,zero
l_prism,carrier_on_surface_2,0e0,1e-9,1e-8,zero
l_prism,dihedral_arm,2e0,1e-9,1e-8,positive
l_prism,dihedral_wedge,2e0,1e-9,1e-8,positive
l_prism,carrier_on_surface_1,0e0,1e-9,1e-8,zero
l_prism,carrier_on_surface_2,0e0,1e-9,1e-8,zero
l_prism,dihedral_arm,2e0,1e-9,1e-8,positive
l_prism,dihedral_wedge,2e0,1e-9,1e-8,positive
l_prism,carrier_on_surface_1,0e0,1e-9,1e-8,zero
l_prism,carrier_on_surface_2,0e0,1e-9,1e-8,zero
l_prism,dihedral_arm,2e0,1e-9,1e-8,positive
l_prism,dihedral_wedge,2e0,1e-9,1e-8,positive
l_prism,carrier_on_surface_1,0e0,1e-9,1e-8,zero
l_prism,carrier_on_surface_2,0e0,1e-9,1e-8,zero
l_prism,dihedral_arm,2e0,1e-9,1e-8,positive
l_prism,dihedral_wedge,2e0,1e-9,1e-8,positive
l_prism,carrier_on_surface_1,0e0,1e-9,1e-8,zero
l_prism,carrier_on_surface_2,0e0,1e-9,1e-8,zero
l_prism,dihedral_arm,2e0,1e-9,1e-8,positive
l_prism,dihedral_wedge,2e0,1e-9,1e-8,positive
l_prism,carrier_on_surface_1,0e0,1e-9,1e-8,zero
l_prism,carrier_on_surface_2,0e0,1e-9,1e-8,zero
l_prism,dihedral_arm,2e0,1e-9,1e-8,positive
l_prism,dihedral_wedge,2e0,1e-9,1e-8,positive
l_prism,carrier_on_surface_1,0e0,1e-9,1e-8,zero
l_prism,carrier_on_surface_2,0e0,1e-9,1e-8,zero
l_prism,dihedral_arm,2e0,1e-9,1e-8,positive
l_prism,dihedral_wedge,2e0,1e-9,1e-8,positive
l_prism,carrier_on_surface_1,0e0,1e-9,1e-8,zero
l_prism,carrier_on_surface_2,0e0,1e-9,1e-8,zero
l_prism,witness_on_surface_1,0e0,1e-9,1e-8,zero
l_prism,witness_on_surface_2,0e0,1e-9,1e-8,zero
l_prism,witness_at_mid_parameter,0e0,1e-9,1e-8,zero
l_prism,interval_span_forward,2e0,1e-9,1e-8,positive
l_prism,carrier_endpoint_start,0e0,1e-9,1e-8,zero
l_prism,carrier_endpoint_end,0e0,1e-9,1e-8,zero
l_prism,carrier_on_surface_1,-0e0,1e-9,1e-8,zero
l_prism,carrier_on_surface_2,-0e0,1e-9,1e-8,zero
l_prism,carrier_on_surface_1,-0e0,1e-9,1e-8,zero
l_prism,carrier_on_surface_2,-0e0,1e-9,1e-8,zero
l_prism,dihedral_arm,2e0,1e-9,1e-8,positive
l_prism,dihedral_wedge,2e0,1e-9,1e-8,positive
l_prism,carrier_on_surface_1,-0e0,1e-9,1e-8,zero
l_prism,carrier_on_surface_2,-0e0,1e-9,1e-8,zero
l_prism,dihedral_arm,2e0,1e-9,1e-8,positive
l_prism,dihedral_wedge,2e0,1e-9,1e-8,positive
l_prism,carrier_on_surface_1,-0e0,1e-9,1e-8,zero
l_prism,carrier_on_surface_2,-0e0,1e-9,1e-8,zero
l_prism,dihedral_arm,2e0,1e-9,1e-8,positive
l_prism,dihedral_wedge,2e0,1e-9,1e-8,positive
l_prism,carrier_on_surface_1,0e0,1e-9,1e-8,zero
l_prism,carrier_on_surface_2,0e0,1e-9,1e-8,zero
l_prism,dihedral_arm,2e0,1e-9,1e-8,positive
l_prism,dihedral_wedge,2e0,1e-9,1e-8,positive
l_prism,carrier_on_surface_1,0e0,1e-9,1e-8,zero
l_prism,carrier_on_surface_2,0e0,1e-9,1e-8,zero
l_prism,dihedral_arm,2e0,1e-9,1e-8,positive
l_prism,dihedral_wedge,2e0,1e-9,1e-8,positive
l_prism,carrier_on_surface_1,0e0,1e-9,1e-8,zero
l_prism,carrier_on_surface_2,0e0,1e-9,1e-8,zero
l_prism,dihedral_arm,2e0,1e-9,1e-8,positive
l_prism,dihedral_wedge,2e0,1e-9,1e-8,positive
l_prism,carrier_on_surface_1,0e0,1e-9,1e-8,zero
l_prism,carrier_on_surface_2,0e0,1e-9,1e-8,zero
l_prism,dihedral_arm,2e0,1e-9,1e-8,positive
l_prism,dihedral_wedge,2e0,1e-9,1e-8,positive
l_prism,carrier_on_surface_1,0e0,1e-9,1e-8,zero
l_prism,carrier_on_surface_2,0e0,1e-9,1e-8,zero
l_prism,witness_on_surface_1,0e0,1e-9,1e-8,zero
l_prism,witness_on_surface_2,0e0,1e-9,1e-8,zero
l_prism,witness_at_mid_parameter,0e0,1e-9,1e-8,zero
l_prism,interval_span_forward,1e0,1e-9,1e-8,positive
l_prism,carrier_endpoint_start,0e0,1e-9,1e-8,zero
l_prism,carrier_endpoint_end,0e0,1e-9,1e-8,zero
l_prism,carrier_on_surface_1,0e0,1e-9,1e-8,zero
l_prism,carrier_on_surface_2,0e0,1e-9,1e-8,zero
l_prism,carrier_on_surface_1,0e0,1e-9,1e-8,zero
l_prism,carrier_on_surface_2,0e0,1e-9,1e-8,zero
l_prism,dihedral_arm,1e0,1e-9,1e-8,positive
l_prism,dihedral_wedge,1e0,1e-9,1e-8,positive
l_prism,carrier_on_surface_1,0e0,1e-9,1e-8,zero
l_prism,carrier_on_surface_2,0e0,1e-9,1e-8,zero
l_prism,dihedral_arm,1e0,1e-9,1e-8,positive
l_prism,dihedral_wedge,1e0,1e-9,1e-8,positive
l_prism,carrier_on_surface_1,0e0,1e-9,1e-8,zero
l_prism,carrier_on_surface_2,0e0,1e-9,1e-8,zero
l_prism,dihedral_arm,1e0,1e-9,1e-8,positive
l_prism,dihedral_wedge,1e0,1e-9,1e-8,positive
l_prism,carrier_on_surface_1,0e0,1e-9,1e-8,zero
l_prism,carrier_on_surface_2,0e0,1e-9,1e-8,zero
l_prism,dihedral_arm,1e0,1e-9,1e-8,positive
l_prism,dihedral_wedge,1e0,1e-9,1e-8,positive
l_prism,carrier_on_surface_1,0e0,1e-9,1e-8,zero
l_prism,carrier_on_surface_2,0e0,1e-9,1e-8,zero
l_prism,dihedral_arm,1e0,1e-9,1e-8,positive
l_prism,dihedral_wedge,1e0,1e-9,1e-8,positive
l_prism,carrier_on_surface_1,0e0,1e-9,1e-8,zero
l_prism,carrier_on_surface_2,0e0,1e-9,1e-8,zero
l_prism,dihedral_arm,1e0,1e-9,1e-8,positive
l_prism,dihedral_wedge,1e0,1e-9,1e-8,positive
l_prism,carrier_on_surface_1,0e0,1e-9,1e-8,zero
l_prism,carrier_on_surface_2,0e0,1e-9,1e-8,zero
l_prism,dihedral_arm,1e0,1e-9,1e-8,positive
l_prism,dihedral_wedge,1e0,1e-9,1e-8,positive
l_prism,carrier_on_surface_1,0e0,1e-9,1e-8,zero
l_prism,carrier_on_surface_2,0e0,1e-9,1e-8,zero
l_prism,witness_on_surface_1,0e0,1e-9,1e-8,zero
l_prism,witness_on_surface_2,0e0,1e-9,1e-8,zero
l_prism,witness_at_mid_parameter,0e0,1e-9,1e-8,zero
l_prism,interval_span_forward,1e0,1e-9,1e-8,positive
l_prism,carrier_endpoint_start,0e0,1e-9,1e-8,zero
l_prism,carrier_endpoint_end,0e0,1e-9,1e-8,zero
l_prism,carrier_on_surface_1,0e0,1e-9,1e-8,zero
l_prism,carrier_on_surface_2,0e0,1e-9,1e-8,zero
l_prism,carrier_on_surface_1,0e0,1e-9,1e-8,zero
l_prism,carrier_on_surface_2,0e0,1e-9,1e-8,zero
l_prism,dihedral_arm,1e0,1e-9,1e-8,positive
l_prism,dihedral_wedge,1e0,1e-9,1e-8,positive
l_prism,carrier_on_surface_1,0e0,1e-9,1e-8,zero
l_prism,carrier_on_surface_2,0e0,1e-9,1e-8,zero
l_prism,dihedral_arm,1e0,1e-9,1e-8,positive
l_prism,dihedral_wedge,1e0,1e-9,1e-8,positive
l_prism,carrier_on_surface_1,0e0,1e-9,1e-8,zero
l_prism,carrier_on_surface_2,0e0,1e-9,1e-8,zero
l_prism,dihedral_arm,1e0,1e-9,1e-8,positive
l_prism,dihedral_wedge,1e0,1e-9,1e-8,positive
l_prism,carrier_on_surface_1,0e0,1e-9,1e-8,zero
l_prism,carrier_on_surface_2,0e0,1e-9,1e-8,zero
l_prism,dihedral_arm,1e0,1e-9,1e-8,positive
l_prism,dihedral_wedge,1e0,1e-9,1e-8,positive
l_prism,carrier_on_surface_1,0e0,1e-9,1e-8,zero
l_prism,carrier_on_surface_2,0e0,1e-9,1e-8,zero
l_prism,dihedral_arm,1e0,1e-9,1e-8,positive
l_prism,dihedral_wedge,1e0,1e-9,1e-8,positive
l_prism,carrier_on_surface_1,0e0,1e-9,1e-8,zero
l_prism,carrier_on_surface_2,0e0,1e-9,1e-8,zero
l_prism,dihedral_arm,1e0,1e-9,1e-8,positive
l_prism,dihedral_wedge,1e0,1e-9,1e-8,positive
l_prism,carrier_on_surface_1,0e0,1e-9,1e-8,zero
l_prism,carrier_on_surface_2,0e0,1e-9,1e-8,zero
l_prism,dihedral_arm,1e0,1e-9,1e-8,positive
l_prism,dihedral_wedge,1e0,1e-9,1e-8,positive
l_prism,carrier_on_surface_1,0e0,1e-9,1e-8,zero
l_prism,carrier_on_surface_2,0e0,1e-9,1e-8,zero
l_prism,witness_on_surface_1,0e0,1e-9,1e-8,zero
l_prism,witness_on_surface_2,0e0,1e-9,1e-8,zero
l_prism,witness_at_mid_parameter,0e0,1e-9,1e-8,zero
l_prism,interval_span_forward,1e0,1e-9,1e-8,positive
l_prism,carrier_endpoint_start,0e0,1e-9,1e-8,zero
l_prism,carrier_endpoint_end,0e0,1e-9,1e-8,zero
l_prism,carrier_on_surface_1,0e0,1e-9,1e-8,zero
l_prism,carrier_on_surface_2,0e0,1e-9,1e-8,zero
l_prism,carrier_on_surface_1,0e0,1e-9,1e-8,zero
l_prism,carrier_on_surface_2,0e0,1e-9,1e-8,zero
l_prism,dihedral_arm,1e0,1e-9,1e-8,positive
l_prism,dihedral_wedge,1e0,1e-9,1e-8,positive
l_prism,carrier_on_surface_1,0e0,1e-9,1e-8,zero
l_prism,carrier_on_surface_2,0e0,1e-9,1e-8,zero
l_prism,dihedral_arm,1e0,1e-9,1e-8,positive
l_prism,dihedral_wedge,1e0,1e-9,1e-8,positive
l_prism,carrier_on_surface_1,0e0,1e-9,1e-8,zero
l_prism,carrier_on_surface_2,0e0,1e-9,1e-8,zero
l_prism,dihedral_arm,1e0,1e-9,1e-8,positive
l_prism,dihedral_wedge,1e0,1e-9,1e-8,positive
l_prism,carrier_on_surface_1,0e0,1e-9,1e-8,zero
l_prism,carrier_on_surface_2,0e0,1e-9,1e-8,zero
l_prism,dihedral_arm,1e0,1e-9,1e-8,positive
l_prism,dihedral_wedge,1e0,1e-9,1e-8,positive
l_prism,carrier_on_surface_1,0e0,1e-9,1e-8,zero
l_prism,carrier_on_surface_2,0e0,1e-9,1e-8,zero
l_prism,dihedral_arm,1e0,1e-9,1e-8,positive
l_prism,dihedral_wedge,1e0,1e-9,1e-8,positive
l_prism,carrier_on_surface_1,0e0,1e-9,1e-8,zero
l_prism,carrier_on_surface_2,0e0,1e-9,1e-8,zero
l_prism,dihedral_arm,1e0,1e-9,1e-8,positive
l_prism,dihedral_wedge,1e0,1e-9,1e-8,positive
l_prism,carrier_on_surface_1,0e0,1e-9,1e-8,zero
l_prism,carrier_on_surface_2,0e0,1e-9,1e-8,zero
l_prism,dihedral_arm,1e0,1e-9,1e-8,positive
l_prism,dihedral_wedge,1e0,1e-9,1e-8,positive
l_prism,carrier_on_surface_1,0e0,1e-9,1e-8,zero
l_prism,carrier_on_surface_2,0e0,1e-9,1e-8,zero
l_prism,witness_on_surface_1,0e0,1e-9,1e-8,zero
l_prism,witness_on_surface_2,0e0,1e-9,1e-8,zero
l_prism,witness_at_mid_parameter,0e0,1e-9,1e-8,zero
l_prism,interval_span_forward,1e0,1e-9,1e-8,positive
l_prism,carrier_endpoint_start,0e0,1e-9,1e-8,zero
l_prism,carrier_endpoint_end,0e0,1e-9,1e-8,zero
l_prism,carrier_on_surface_1,0e0,1e-9,1e-8,zero
l_prism,carrier_on_surface_2,0e0,1e-9,1e-8,zero
l_prism,carrier_on_surface_1,0e0,1e-9,1e-8,zero
l_prism,carrier_on_surface_2,0e0,1e-9,1e-8,zero
l_prism,dihedral_arm,1e0,1e-9,1e-8,positive
l_prism,dihedral_wedge,1e0,1e-9,1e-8,positive
l_prism,carrier_on_surface_1,0e0,1e-9,1e-8,zero
l_prism,carrier_on_surface_2,0e0,1e-9,1e-8,zero
l_prism,dihedral_arm,1e0,1e-9,1e-8,positive
l_prism,dihedral_wedge,1e0,1e-9,1e-8,positive
l_prism,carrier_on_surface_1,0e0,1e-9,1e-8,zero
l_prism,carrier_on_surface_2,0e0,1e-9,1e-8,zero
l_prism,dihedral_arm,1e0,1e-9,1e-8,positive
l_prism,dihedral_wedge,1e0,1e-9,1e-8,positive
l_prism,carrier_on_surface_1,0e0,1e-9,1e-8,zero
l_prism,carrier_on_surface_2,0e0,1e-9,1e-8,zero
l_prism,dihedral_arm,1e0,1e-9,1e-8,positive
l_prism,dihedral_wedge,1e0,1e-9,1e-8,positive
l_prism,carrier_on_surface_1,0e0,1e-9,1e-8,zero
l_prism,carrier_on_surface_2,0e0,1e-9,1e-8,zero
l_prism,dihedral_arm,1e0,1e-9,1e-8,positive
l_prism,dihedral_wedge,1e0,1e-9,1e-8,positive
l_prism,carrier_on_surface_1,0e0,1e-9,1e-8,zero
l_prism,carrier_on_surface_2,0e0,1e-9,1e-8,zero
l_prism,dihedral_arm,1e0,1e-9,1e-8,positive
l_prism,dihedral_wedge,1e0,1e-9,1e-8,positive
l_prism,carrier_on_surface_1,0e0,1e-9,1e-8,zero
l_prism,carrier_on_surface_2,0e0,1e-9,1e-8,zero
l_prism,dihedral_arm,1e0,1e-9,1e-8,positive
l_prism,dihedral_wedge,1e0,1e-9,1e-8,positive
l_prism,carrier_on_surface_1,0e0,1e-9,1e-8,zero
l_prism,carrier_on_surface_2,0e0,1e-9,1e-8,zero
l_prism,witness_on_surface_1,0e0,1e-9,1e-8,zero
l_prism,witness_on_surface_2,0e0,1e-9,1e-8,zero
l_prism,witness_at_mid_parameter,0e0,1e-9,1e-8,zero
l_prism,interval_span_forward,2e0,1e-9,1e-8,positive
l_prism,carrier_endpoint_start,0e0,1e-9,1e-8,zero
l_prism,carrier_endpoint_end,0e0,1e-9,1e-8,zero
l_prism,carrier_on_surface_1,0e0,1e-9,1e-8,zero
l_prism,carrier_on_surface_2,0e0,1e-9,1e-8,zero
l_prism,carrier_on_surface_1,0e0,1e-9,1e-8,zero
l_prism,carrier_on_surface_2,0e0,1e-9,1e-8,zero
l_prism,dihedral_arm,2e0,1e-9,1e-8,positive
l_prism,dihedral_wedge,2e0,1e-9,1e-8,positive
l_prism,carrier_on_surface_1,0e0,1e-9,1e-8,zero
l_prism,carrier_on_surface_2,0e0,1e-9,1e-8,zero
l_prism,dihedral_arm,2e0,1e-9,1e-8,positive
l_prism,dihedral_wedge,2e0,1e-9,1e-8,positive
l_prism,carrier_on_surface_1,0e0,1e-9,1e-8,zero
l_prism,carrier_on_surface_2,0e0,1e-9,1e-8,zero
l_prism,dihedral_arm,2e0,1e-9,1e-8,positive
l_prism,dihedral_wedge,2e0,1e-9,1e-8,positive
l_prism,carrier_on_surface_1,0e0,1e-9,1e-8,zero
l_prism,carrier_on_surface_2,0e0,1e-9,1e-8,zero
l_prism,dihedral_arm,2e0,1e-9,1e-8,positive
l_prism,dihedral_wedge,2e0,1e-9,1e-8,positive
l_prism,carrier_on_surface_1,-0e0,1e-9,1e-8,zero
l_prism,carrier_on_surface_2,-0e0,1e-9,1e-8,zero
l_prism,dihedral_arm,2e0,1e-9,1e-8,positive
l_prism,dihedral_wedge,2e0,1e-9,1e-8,positive
l_prism,carrier_on_surface_1,-0e0,1e-9,1e-8,zero
l_prism,carrier_on_surface_2,-0e0,1e-9,1e-8,zero
l_prism,dihedral_arm,2e0,1e-9,1e-8,positive
l_prism,dihedral_wedge,2e0,1e-9,1e-8,positive
l_prism,carrier_on_surface_1,-0e0,1e-9,1e-8,zero
l_prism,carrier_on_surface_2,-0e0,1e-9,1e-8,zero
l_prism,dihedral_arm,2e0,1e-9,1e-8,positive
l_prism,dihedral_wedge,2e0,1e-9,1e-8,positive
l_prism,carrier_on_surface_1,-0e0,1e-9,1e-8,zero
l_prism,carrier_on_surface_2,-0e0,1e-9,1e-8,zero
l_prism,witness_on_surface_1,0e0,1e-9,1e-8,zero
l_prism,witness_on_surface_2,0e0,1e-9,1e-8,zero
l_prism,witness_at_mid_parameter,0e0,1e-9,1e-8,zero
l_prism,interval_span_forward,1e0,1e-9,1e-8,positive
l_prism,carrier_endpoint_start,0e0,1e-9,1e-8,zero
l_prism,carrier_endpoint_end,0e0,1e-9,1e-8,zero
l_prism,carrier_on_surface_1,-0e0,1e-9,1e-8,zero
l_prism,carrier_on_surface_2,-0e0,1e-9,1e-8,zero
l_prism,carrier_on_surface_1,-0e0,1e-9,1e-8,zero
l_prism,carrier_on_surface_2,-0e0,1e-9,1e-8,zero
l_prism,dihedral_arm,1e0,1e-9,1e-8,positive
l_prism,dihedral_wedge,1e0,1e-9,1e-8,positive
l_prism,carrier_on_surface_1,-0e0,1e-9,1e-8,zero
l_prism,carrier_on_surface_2,-0e0,1e-9,1e-8,zero
l_prism,dihedral_arm,1e0,1e-9,1e-8,positive
l_prism,dihedral_wedge,1e0,1e-9,1e-8,positive
l_prism,carrier_on_surface_1,-0e0,1e-9,1e-8,zero
l_prism,carrier_on_surface_2,-0e0,1e-9,1e-8,zero
l_prism,dihedral_arm,1e0,1e-9,1e-8,positive
l_prism,dihedral_wedge,1e0,1e-9,1e-8,positive
l_prism,carrier_on_surface_1,0e0,1e-9,1e-8,zero
l_prism,carrier_on_surface_2,0e0,1e-9,1e-8,zero
l_prism,dihedral_arm,1e0,1e-9,1e-8,positive
l_prism,dihedral_wedge,1e0,1e-9,1e-8,positive
l_prism,carrier_on_surface_1,0e0,1e-9,1e-8,zero
l_prism,carrier_on_surface_2,0e0,1e-9,1e-8,zero
l_prism,dihedral_arm,1e0,1e-9,1e-8,positive
l_prism,dihedral_wedge,1e0,1e-9,1e-8,positive
l_prism,carrier_on_surface_1,0e0,1e-9,1e-8,zero
l_prism,carrier_on_surface_2,0e0,1e-9,1e-8,zero
l_prism,dihedral_arm,1e0,1e-9,1e-8,positive
l_prism,dihedral_wedge,1e0,1e-9,1e-8,positive
l_prism,carrier_on_surface_1,0e0,1e-9,1e-8,zero
l_prism,carrier_on_surface_2,0e0,1e-9,1e-8,zero
l_prism,dihedral_arm,1e0,1e-9,1e-8,positive
l_prism,dihedral_wedge,1e0,1e-9,1e-8,positive
l_prism,carrier_on_surface_1,0e0,1e-9,1e-8,zero
l_prism,carrier_on_surface_2,0e0,1e-9,1e-8,zero
l_prism,witness_on_surface_1,0e0,1e-9,1e-8,zero
l_prism,witness_on_surface_2,0e0,1e-9,1e-8,zero
l_prism,witness_at_mid_parameter,0e0,1e-9,1e-8,zero
l_prism,interval_span_forward,1e0,1e-9,1e-8,positive
l_prism,carrier_endpoint_start,0e0,1e-9,1e-8,zero
l_prism,carrier_endpoint_end,0e0,1e-9,1e-8,zero
l_prism,carrier_on_surface_1,0e0,1e-9,1e-8,zero
l_prism,carrier_on_surface_2,0e0,1e-9,1e-8,zero
l_prism,carrier_on_surface_1,0e0,1e-9,1e-8,zero
l_prism,carrier_on_surface_2,0e0,1e-9,1e-8,zero
l_prism,dihedral_arm,1e0,1e-9,1e-8,positive
l_prism,dihedral_wedge,1e0,1e-9,1e-8,positive
l_prism,carrier_on_surface_1,0e0,1e-9,1e-8,zero
l_prism,carrier_on_surface_2,0e0,1e-9,1e-8,zero
l_prism,dihedral_arm,1e0,1e-9,1e-8,positive
l_prism,dihedral_wedge,1e0,1e-9,1e-8,positive
l_prism,carrier_on_surface_1,0e0,1e-9,1e-8,zero
l_prism,carrier_on_surface_2,0e0,1e-9,1e-8,zero
l_prism,dihedral_arm,1e0,1e-9,1e-8,positive
l_prism,dihedral_wedge,1e0,1e-9,1e-8,positive
l_prism,carrier_on_surface_1,0e0,1e-9,1e-8,zero
l_prism,carrier_on_surface_2,0e0,1e-9,1e-8,zero
l_prism,dihedral_arm,1e0,1e-9,1e-8,positive
l_prism,dihedral_wedge,1e0,1e-9,1e-8,positive
l_prism,carrier_on_surface_1,0e0,1e-9,1e-8,zero
l_prism,carrier_on_surface_2,0e0,1e-9,1e-8,zero
l_prism,dihedral_arm,1e0,1e-9,1e-8,positive
l_prism,dihedral_wedge,1e0,1e-9,1e-8,positive
l_prism,carrier_on_surface_1,0e0,1e-9,1e-8,zero
l_prism,carrier_on_surface_2,0e0,1e-9,1e-8,zero
l_prism,dihedral_arm,1e0,1e-9,1e-8,positive
l_prism,dihedral_wedge,1e0,1e-9,1e-8,positive
l_prism,carrier_on_surface_1,0e0,1e-9,1e-8,zero
l_prism,carrier_on_surface_2,0e0,1e-9,1e-8,zero
l_prism,dihedral_arm,1e0,1e-9,1e-8,positive
l_prism,dihedral_wedge,1e0,1e-9,1e-8,positive
l_prism,carrier_on_surface_1,0e0,1e-9,1e-8,zero
l_prism,carrier_on_surface_2,0e0,1e-9,1e-8,zero
l_prism,witness_on_surface_1,0e0,1e-9,1e-8,zero
l_prism,witness_on_surface_2,0e0,1e-9,1e-8,zero
l_prism,witness_at_mid_parameter,0e0,1e-9,1e-8,zero
l_prism,interval_span_forward,1e0,1e-9,1e-8,positive
l_prism,carrier_endpoint_start,0e0,1e-9,1e-8,zero
l_prism,carrier_endpoint_end,0e0,1e-9,1e-8,zero
l_prism,carrier_on_surface_1,0e0,1e-9,1e-8,zero
l_prism,carrier_on_surface_2,0e0,1e-9,1e-8,zero
l_prism,carrier_on_surface_1,0e0,1e-9,1e-8,zero
l_prism,carrier_on_surface_2,0e0,1e-9,1e-8,zero
l_prism,dihedral_arm,1e0,1e-9,1e-8,positive
l_prism,dihedral_wedge,1e0,1e-9,1e-8,positive
l_prism,carrier_on_surface_1,0e0,1e-9,1e-8,zero
l_prism,carrier_on_surface_2,0e0,1e-9,1e-8,zero
l_prism,dihedral_arm,1e0,1e-9,1e-8,positive
l_prism,dihedral_wedge,1e0,1e-9,1e-8,positive
l_prism,carrier_on_surface_1,0e0,1e-9,1e-8,zero
l_prism,carrier_on_surface_2,0e0,1e-9,1e-8,zero
l_prism,dihedral_arm,1e0,1e-9,1e-8,positive
l_prism,dihedral_wedge,1e0,1e-9,1e-8,positive
l_prism,carrier_on_surface_1,0e0,1e-9,1e-8,zero
l_prism,carrier_on_surface_2,0e0,1e-9,1e-8,zero
l_prism,dihedral_arm,1e0,1e-9,1e-8,positive
l_prism,dihedral_wedge,1e0,1e-9,1e-8,positive
l_prism,carrier_on_surface_1,0e0,1e-9,1e-8,zero
l_prism,carrier_on_surface_2,0e0,1e-9,1e-8,zero
l_prism,dihedral_arm,1e0,1e-9,1e-8,positive
l_prism,dihedral_wedge,1e0,1e-9,1e-8,positive
l_prism,carrier_on_surface_1,0e0,1e-9,1e-8,zero
l_prism,carrier_on_surface_2,0e0,1e-9,1e-8,zero
l_prism,dihedral_arm,1e0,1e-9,1e-8,positive
l_prism,dihedral_wedge,1e0,1e-9,1e-8,positive
l_prism,carrier_on_surface_1,0e0,1e-9,1e-8,zero
l_prism,carrier_on_surface_2,0e0,1e-9,1e-8,zero
l_prism,dihedral_arm,1e0,1e-9,1e-8,positive
l_prism,dihedral_wedge,1e0,1e-9,1e-8,positive
l_prism,carrier_on_surface_1,0e0,1e-9,1e-8,zero
l_prism,carrier_on_surface_2,0e0,1e-9,1e-8,zero
l_prism,witness_on_surface_1,0e0,1e-9,1e-8,zero
l_prism,witness_on_surface_2,0e0,1e-9,1e-8,zero
l_prism,witness_at_mid_parameter,0e0,1e-9,1e-8,zero
l_prism,interval_span_forward,1e0,1e-9,1e-8,positive
l_prism,carrier_endpoint_start,0e0,1e-9,1e-8,zero
l_prism,carrier_endpoint_end,0e0,1e-9,1e-8,zero
l_prism,carrier_on_surface_1,0e0,1e-9,1e-8,zero
l_prism,carrier_on_surface_2,0e0,1e-9,1e-8,zero
l_prism,carrier_on_surface_1,0e0,1e-9,1e-8,zero
l_prism,carrier_on_surface_2,0e0,1e-9,1e-8,zero
l_prism,dihedral_arm,1e0,1e-9,1e-8,positive
l_prism,dihedral_wedge,1e0,1e-9,1e-8,positive
l_prism,carrier_on_surface_1,0e0,1e-9,1e-8,zero
l_prism,carrier_on_surface_2,0e0,1e-9,1e-8,zero
l_prism,dihedral_arm,1e0,1e-9,1e-8,positive
l_prism,dihedral_wedge,1e0,1e-9,1e-8,positive
l_prism,carrier_on_surface_1,0e0,1e-9,1e-8,zero
l_prism,carrier_on_surface_2,0e0,1e-9,1e-8,zero
l_prism,dihedral_arm,1e0,1e-9,1e-8,positive
l_prism,dihedral_wedge,1e0,1e-9,1e-8,positive
l_prism,carrier_on_surface_1,0e0,1e-9,1e-8,zero
l_prism,carrier_on_surface_2,0e0,1e-9,1e-8,zero
l_prism,dihedral_arm,1e0,1e-9,1e-8,positive
l_prism,dihedral_wedge,1e0,1e-9,1e-8,positive
l_prism,carrier_on_surface_1,0e0,1e-9,1e-8,zero
l_prism,carrier_on_surface_2,0e0,1e-9,1e-8,zero
l_prism,dihedral_arm,1e0,1e-9,1e-8,positive
l_prism,dihedral_wedge,1e0,1e-9,1e-8,positive
l_prism,carrier_on_surface_1,0e0,1e-9,1e-8,zero
l_prism,carrier_on_surface_2,0e0,1e-9,1e-8,zero
l_prism,dihedral_arm,1e0,1e-9,1e-8,positive
l_prism,dihedral_wedge,1e0,1e-9,1e-8,positive
l_prism,carrier_on_surface_1,0e0,1e-9,1e-8,zero
l_prism,carrier_on_surface_2,0e0,1e-9,1e-8,zero
l_prism,dihedral_arm,1e0,1e-9,1e-8,positive
l_prism,dihedral_wedge,1e0,1e-9,1e-8,positive
l_prism,carrier_on_surface_1,0e0,1e-9,1e-8,zero
l_prism,carrier_on_surface_2,0e0,1e-9,1e-8,zero
l_prism,witness_on_surface_1,0e0,1e-9,1e-8,zero
l_prism,witness_on_surface_2,0e0,1e-9,1e-8,zero
l_prism,witness_at_mid_parameter,0e0,1e-9,1e-8,zero
l_prism,interval_span_forward,1e0,1e-9,1e-8,positive
l_prism,carrier_endpoint_start,0e0,1e-9,1e-8,zero
l_prism,carrier_endpoint_end,0e0,1e-9,1e-8,zero
l_prism,carrier_on_surface_1,0e0,1e-9,1e-8,zero
l_prism,carrier_on_surface_2,0e0,1e-9,1e-8,zero
l_prism,carrier_on_surface_1,0e0,1e-9,1e-8,zero
l_prism,carrier_on_surface_2,0e0,1e-9,1e-8,zero
l_prism,dihedral_arm,1e0,1e-9,1e-8,positive
l_prism,dihedral_wedge,1e0,1e-9,1e-8,positive
l_prism,carrier_on_surface_1,0e0,1e-9,1e-8,zero
l_prism,carrier_on_surface_2,0e0,1e-9,1e-8,zero
l_prism,dihedral_arm,1e0,1e-9,1e-8,positive
l_prism,dihedral_wedge,1e0,1e-9,1e-8,positive
l_prism,carrier_on_surface_1,0e0,1e-9,1e-8,zero
l_prism,carrier_on_surface_2,0e0,1e-9,1e-8,zero
l_prism,dihedral_arm,1e0,1e-9,1e-8,positive
l_prism,dihedral_wedge,1e0,1e-9,1e-8,positive
l_prism,carrier_on_surface_1,0e0,1e-9,1e-8,zero
l_prism,carrier_on_surface_2,0e0,1e-9,1e-8,zero
l_prism,dihedral_arm,1e0,1e-9,1e-8,positive
l_prism,dihedral_wedge,1e0,1e-9,1e-8,positive
l_prism,carrier_on_surface_1,0e0,1e-9,1e-8,zero
l_prism,carrier_on_surface_2,0e0,1e-9,1e-8,zero
l_prism,dihedral_arm,1e0,1e-9,1e-8,positive
l_prism,dihedral_wedge,1e0,1e-9,1e-8,positive
l_prism,carrier_on_surface_1,0e0,1e-9,1e-8,zero
l_prism,carrier_on_surface_2,0e0,1e-9,1e-8,zero
l_prism,dihedral_arm,1e0,1e-9,1e-8,positive
l_prism,dihedral_wedge,1e0,1e-9,1e-8,positive
l_prism,carrier_on_surface_1,0e0,1e-9,1e-8,zero
l_prism,carrier_on_surface_2,0e0,1e-9,1e-8,zero
l_prism,dihedral_arm,1e0,1e-9,1e-8,positive
l_prism,dihedral_wedge,1e0,1e-9,1e-8,positive
l_prism,carrier_on_surface_1,0e0,1e-9,1e-8,zero
l_prism,carrier_on_surface_2,0e0,1e-9,1e-8,zero
l_prism,witness_on_surface_1,0e0,1e-9,1e-8,zero
l_prism,witness_on_surface_2,0e0,1e-9,1e-8,zero
l_prism,witness_at_mid_parameter,0e0,1e-9,1e-8,zero
l_prism,interval_span_forward,1e0,1e-9,1e-8,positive
l_prism,carrier_endpoint_start,0e0,1e-9,1e-8,zero
l_prism,carrier_endpoint_end,0e0,1e-9,1e-8,zero
l_prism,carrier_on_surface_1,0e0,1e-9,1e-8,zero
l_prism,carrier_on_surface_2,0e0,1e-9,1e-8,zero
l_prism,carrier_on_surface_1,0e0,1e-9,1e-8,zero
l_prism,carrier_on_surface_2,0e0,1e-9,1e-8,zero
l_prism,dihedral_arm,1e0,1e-9,1e-8,positive
l_prism,dihedral_wedge,1e0,1e-9,1e-8,positive
l_prism,carrier_on_surface_1,0e0,1e-9,1e-8,zero
l_prism,carrier_on_surface_2,0e0,1e-9,1e-8,zero
l_prism,dihedral_arm,1e0,1e-9,1e-8,positive
l_prism,dihedral_wedge,1e0,1e-9,1e-8,positive
l_prism,carrier_on_surface_1,0e0,1e-9,1e-8,zero
l_prism,carrier_on_surface_2,0e0,1e-9,1e-8,zero
l_prism,dihedral_arm,1e0,1e-9,1e-8,positive
l_prism,dihedral_wedge,1e0,1e-9,1e-8,positive
l_prism,carrier_on_surface_1,0e0,1e-9,1e-8,zero
l_prism,carrier_on_surface_2,0e0,1e-9,1e-8,zero
l_prism,dihedral_arm,1e0,1e-9,1e-8,positive
l_prism,dihedral_wedge,1e0,1e-9,1e-8,positive
l_prism,carrier_on_surface_1,0e0,1e-9,1e-8,zero
l_prism,carrier_on_surface_2,0e0,1e-9,1e-8,zero
l_prism,dihedral_arm,1e0,1e-9,1e-8,positive
l_prism,dihedral_wedge,1e0,1e-9,1e-8,positive
l_prism,carrier_on_surface_1,0e0,1e-9,1e-8,zero
l_prism,carrier_on_surface_2,0e0,1e-9,1e-8,zero
l_prism,dihedral_arm,1e0,1e-9,1e-8,positive
l_prism,dihedral_wedge,1e0,1e-9,1e-8,positive
l_prism,carrier_on_surface_1,0e0,1e-9,1e-8,zero
l_prism,carrier_on_surface_2,0e0,1e-9,1e-8,zero
l_prism,dihedral_arm,1e0,1e-9,1e-8,positive
l_prism,dihedral_wedge,1e0,1e-9,1e-8,positive
l_prism,carrier_on_surface_1,0e0,1e-9,1e-8,zero
l_prism,carrier_on_surface_2,0e0,1e-9,1e-8,zero
l_prism,witness_on_surface_1,0e0,1e-9,1e-8,zero
l_prism,witness_on_surface_2,0e0,1e-9,1e-8,zero
l_prism,witness_at_mid_parameter,0e0,1e-9,1e-8,zero
l_prism,interval_span_forward,2e0,1e-9,1e-8,positive
l_prism,carrier_endpoint_start,0e0,1e-9,1e-8,zero
l_prism,carrier_endpoint_end,0e0,1e-9,1e-8,zero
l_prism,carrier_on_surface_1,0e0,1e-9,1e-8,zero
l_prism,carrier_on_surface_2,0e0,1e-9,1e-8,zero
l_prism,carrier_on_surface_1,0e0,1e-9,1e-8,zero
l_prism,carrier_on_surface_2,0e0,1e-9,1e-8,zero
l_prism,dihedral_arm,2e0,1e-9,1e-8,positive
l_prism,dihedral_wedge,2e0,1e-9,1e-8,positive
l_prism,carrier_on_surface_1,0e0,1e-9,1e-8,zero
l_prism,carrier_on_surface_2,0e0,1e-9,1e-8,zero
l_prism,dihedral_arm,2e0,1e-9,1e-8,positive
l_prism,dihedral_wedge,2e0,1e-9,1e-8,positive
l_prism,carrier_on_surface_1,0e0,1e-9,1e-8,zero
l_prism,carrier_on_surface_2,0e0,1e-9,1e-8,zero
l_prism,dihedral_arm,2e0,1e-9,1e-8,positive
l_prism,dihedral_wedge,2e0,1e-9,1e-8,positive
l_prism,carrier_on_surface_1,0e0,1e-9,1e-8,zero
l_prism,carrier_on_surface_2,0e0,1e-9,1e-8,zero
l_prism,dihedral_arm,2e0,1e-9,1e-8,positive
l_prism,dihedral_wedge,2e0,1e-9,1e-8,positive
l_prism,carrier_on_surface_1,0e0,1e-9,1e-8,zero
l_prism,carrier_on_surface_2,0e0,1e-9,1e-8,zero
l_prism,dihedral_arm,2e0,1e-9,1e-8,positive
l_prism,dihedral_wedge,2e0,1e-9,1e-8,positive
l_prism,carrier_on_surface_1,0e0,1e-9,1e-8,zero
l_prism,carrier_on_surface_2,0e0,1e-9,1e-8,zero
l_prism,dihedral_arm,2e0,1e-9,1e-8,positive
l_prism,dihedral_wedge,2e0,1e-9,1e-8,positive
l_prism,carrier_on_surface_1,0e0,1e-9,1e-8,zero
l_prism,carrier_on_surface_2,0e0,1e-9,1e-8,zero
l_prism,dihedral_arm,2e0,1e-9,1e-8,positive
l_prism,dihedral_wedge,2e0,1e-9,1e-8,positive
l_prism,carrier_on_surface_1,0e0,1e-9,1e-8,zero
l_prism,carrier_on_surface_2,0e0,1e-9,1e-8,zero
l_prism,witness_on_surface_1,0e0,1e-9,1e-8,zero
l_prism,witness_on_surface_2,0e0,1e-9,1e-8,zero
l_prism,witness_at_mid_parameter,0e0,1e-9,1e-8,zero
l_prism,interval_span_forward,1e0,1e-9,1e-8,positive
l_prism,carrier_endpoint_start,0e0,1e-9,1e-8,zero
l_prism,carrier_endpoint_end,0e0,1e-9,1e-8,zero
l_prism,carrier_on_surface_1,0e0,1e-9,1e-8,zero
l_prism,carrier_on_surface_2,0e0,1e-9,1e-8,zero
l_prism,carrier_on_surface_1,0e0,1e-9,1e-8,zero
l_prism,carrier_on_surface_2,0e0,1e-9,1e-8,zero
l_prism,dihedral_arm,1e0,1e-9,1e-8,positive
l_prism,dihedral_wedge,1e0,1e-9,1e-8,positive
l_prism,carrier_on_surface_1,0e0,1e-9,1e-8,zero
l_prism,carrier_on_surface_2,0e0,1e-9,1e-8,zero
l_prism,dihedral_arm,1e0,1e-9,1e-8,positive
l_prism,dihedral_wedge,1e0,1e-9,1e-8,positive
l_prism,carrier_on_surface_1,0e0,1e-9,1e-8,zero
l_prism,carrier_on_surface_2,0e0,1e-9,1e-8,zero
l_prism,dihedral_arm,1e0,1e-9,1e-8,positive
l_prism,dihedral_wedge,1e0,1e-9,1e-8,positive
l_prism,carrier_on_surface_1,0e0,1e-9,1e-8,zero
l_prism,carrier_on_surface_2,0e0,1e-9,1e-8,zero
l_prism,dihedral_arm,1e0,1e-9,1e-8,positive
l_prism,dihedral_wedge,1e0,1e-9,1e-8,positive
l_prism,carrier_on_surface_1,0e0,1e-9,1e-8,zero
l_prism,carrier_on_surface_2,0e0,1e-9,1e-8,zero
l_prism,dihedral_arm,1e0,1e-9,1e-8,positive
l_prism,dihedral_wedge,1e0,1e-9,1e-8,positive
l_prism,carrier_on_surface_1,0e0,1e-9,1e-8,zero
l_prism,carrier_on_surface_2,0e0,1e-9,1e-8,zero
l_prism,dihedral_arm,1e0,1e-9,1e-8,positive
l_prism,dihedral_wedge,1e0,1e-9,1e-8,positive
l_prism,carrier_on_surface_1,0e0,1e-9,1e-8,zero
l_prism,carrier_on_surface_2,0e0,1e-9,1e-8,zero
l_prism,dihedral_arm,1e0,1e-9,1e-8,positive
l_prism,dihedral_wedge,1e0,1e-9,1e-8,positive
l_prism,carrier_on_surface_1,0e0,1e-9,1e-8,zero
l_prism,carrier_on_surface_2,0e0,1e-9,1e-8,zero
l_prism,witness_on_surface_1,0e0,1e-9,1e-8,zero
l_prism,witness_on_surface_2,0e0,1e-9,1e-8,zero
l_prism,witness_at_mid_parameter,0e0,1e-9,1e-8,zero
l_prism,interval_span_forward,1e0,1e-9,1e-8,positive
l_prism,carrier_endpoint_start,0e0,1e-9,1e-8,zero
l_prism,carrier_endpoint_end,0e0,1e-9,1e-8,zero
l_prism,carrier_on_surface_1,0e0,1e-9,1e-8,zero
l_prism,carrier_on_surface_2,0e0,1e-9,1e-8,zero
l_prism,carrier_on_surface_1,0e0,1e-9,1e-8,zero
l_prism,carrier_on_surface_2,0e0,1e-9,1e-8,zero
l_prism,dihedral_arm,1e0,1e-9,1e-8,positive
l_prism,dihedral_wedge,1e0,1e-9,1e-8,positive
l_prism,carrier_on_surface_1,0e0,1e-9,1e-8,zero
l_prism,carrier_on_surface_2,0e0,1e-9,1e-8,zero
l_prism,dihedral_arm,1e0,1e-9,1e-8,positive
l_prism,dihedral_wedge,1e0,1e-9,1e-8,positive
l_prism,carrier_on_surface_1,0e0,1e-9,1e-8,zero
l_prism,carrier_on_surface_2,0e0,1e-9,1e-8,zero
l_prism,dihedral_arm,1e0,1e-9,1e-8,positive
l_prism,dihedral_wedge,1e0,1e-9,1e-8,positive
l_prism,carrier_on_surface_1,0e0,1e-9,1e-8,zero
l_prism,carrier_on_surface_2,0e0,1e-9,1e-8,zero
l_prism,dihedral_arm,1e0,1e-9,1e-8,positive
l_prism,dihedral_wedge,1e0,1e-9,1e-8,positive
l_prism,carrier_on_surface_1,0e0,1e-9,1e-8,zero
l_prism,carrier_on_surface_2,0e0,1e-9,1e-8,zero
l_prism,dihedral_arm,1e0,1e-9,1e-8,positive
l_prism,dihedral_wedge,1e0,1e-9,1e-8,positive
l_prism,carrier_on_surface_1,0e0,1e-9,1e-8,zero
l_prism,carrier_on_surface_2,0e0,1e-9,1e-8,zero
l_prism,dihedral_arm,1e0,1e-9,1e-8,positive
l_prism,dihedral_wedge,1e0,1e-9,1e-8,positive
l_prism,carrier_on_surface_1,0e0,1e-9,1e-8,zero
l_prism,carrier_on_surface_2,0e0,1e-9,1e-8,zero
l_prism,dihedral_arm,1e0,1e-9,1e-8,positive
l_prism,dihedral_wedge,1e0,1e-9,1e-8,positive
l_prism,carrier_on_surface_1,0e0,1e-9,1e-8,zero
l_prism,carrier_on_surface_2,0e0,1e-9,1e-8,zero
l_prism,witness_on_surface_1,0e0,1e-9,1e-8,zero
l_prism,witness_on_surface_2,0e0,1e-9,1e-8,zero
l_prism,witness_at_mid_parameter,0e0,1e-9,1e-8,zero
l_prism,interval_span_forward,1e0,1e-9,1e-8,positive
l_prism,carrier_endpoint_start,0e0,1e-9,1e-8,zero
l_prism,carrier_endpoint_end,0e0,1e-9,1e-8,zero
l_prism,carrier_on_surface_1,0e0,1e-9,1e-8,zero
l_prism,carrier_on_surface_2,0e0,1e-9,1e-8,zero
l_prism,carrier_on_surface_1,0e0,1e-9,1e-8,zero
l_prism,carrier_on_surface_2,0e0,1e-9,1e-8,zero
l_prism,dihedral_arm,1e0,1e-9,1e-8,positive
l_prism,dihedral_wedge,1e0,1e-9,1e-8,positive
l_prism,carrier_on_surface_1,0e0,1e-9,1e-8,zero
l_prism,carrier_on_surface_2,0e0,1e-9,1e-8,zero
l_prism,dihedral_arm,1e0,1e-9,1e-8,positive
l_prism,dihedral_wedge,1e0,1e-9,1e-8,positive
l_prism,carrier_on_surface_1,0e0,1e-9,1e-8,zero
l_prism,carrier_on_surface_2,0e0,1e-9,1e-8,zero
l_prism,dihedral_arm,1e0,1e-9,1e-8,positive
l_prism,dihedral_wedge,1e0,1e-9,1e-8,positive
l_prism,carrier_on_surface_1,0e0,1e-9,1e-8,zero
l_prism,carrier_on_surface_2,0e0,1e-9,1e-8,zero
l_prism,dihedral_arm,1e0,1e-9,1e-8,positive
l_prism,dihedral_wedge,1e0,1e-9,1e-8,positive
l_prism,carrier_on_surface_1,0e0,1e-9,1e-8,zero
l_prism,carrier_on_surface_2,0e0,1e-9,1e-8,zero
l_prism,dihedral_arm,1e0,1e-9,1e-8,positive
l_prism,dihedral_wedge,1e0,1e-9,1e-8,positive
l_prism,carrier_on_surface_1,0e0,1e-9,1e-8,zero
l_prism,carrier_on_surface_2,0e0,1e-9,1e-8,zero
l_prism,dihedral_arm,1e0,1e-9,1e-8,positive
l_prism,dihedral_wedge,1e0,1e-9,1e-8,positive
l_prism,carrier_on_surface_1,0e0,1e-9,1e-8,zero
l_prism,carrier_on_surface_2,0e0,1e-9,1e-8,zero
l_prism,dihedral_arm,1e0,1e-9,1e-8,positive
l_prism,dihedral_wedge,1e0,1e-9,1e-8,positive
l_prism,carrier_on_surface_1,0e0,1e-9,1e-8,zero
l_prism,carrier_on_surface_2,0e0,1e-9,1e-8,zero
l_prism,witness_on_surface_1,0e0,1e-9,1e-8,zero
l_prism,witness_on_surface_2,0e0,1e-9,1e-8,zero
l_prism,witness_at_mid_parameter,0e0,1e-9,1e-8,zero
l_prism,interval_span_forward,1e0,1e-9,1e-8,positive
l_prism,carrier_endpoint_start,0e0,1e-9,1e-8,zero
l_prism,carrier_endpoint_end,0e0,1e-9,1e-8,zero
l_prism,carrier_on_surface_1,0e0,1e-9,1e-8,zero
l_prism,carrier_on_surface_2,0e0,1e-9,1e-8,zero
l_prism,carrier_on_surface_1,0e0,1e-9,1e-8,zero
l_prism,carrier_on_surface_2,0e0,1e-9,1e-8,zero
l_prism,dihedral_arm,1e0,1e-9,1e-8,positive
l_prism,dihedral_wedge,1e0,1e-9,1e-8,positive
l_prism,carrier_on_surface_1,0e0,1e-9,1e-8,zero
l_prism,carrier_on_surface_2,0e0,1e-9,1e-8,zero
l_prism,dihedral_arm,1e0,1e-9,1e-8,positive
l_prism,dihedral_wedge,1e0,1e-9,1e-8,positive
l_prism,carrier_on_surface_1,0e0,1e-9,1e-8,zero
l_prism,carrier_on_surface_2,0e0,1e-9,1e-8,zero
l_prism,dihedral_arm,1e0,1e-9,1e-8,positive
l_prism,dihedral_wedge,1e0,1e-9,1e-8,positive
l_prism,carrier_on_surface_1,0e0,1e-9,1e-8,zero
l_prism,carrier_on_surface_2,0e0,1e-9,1e-8,zero
l_prism,dihedral_arm,1e0,1e-9,1e-8,positive
l_prism,dihedral_wedge,1e0,1e-9,1e-8,positive
l_prism,carrier_on_surface_1,0e0,1e-9,1e-8,zero
l_prism,carrier_on_surface_2,0e0,1e-9,1e-8,zero
l_prism,dihedral_arm,1e0,1e-9,1e-8,positive
l_prism,dihedral_wedge,1e0,1e-9,1e-8,positive
l_prism,carrier_on_surface_1,0e0,1e-9,1e-8,zero
l_prism,carrier_on_surface_2,0e0,1e-9,1e-8,zero
l_prism,dihedral_arm,1e0,1e-9,1e-8,positive
l_prism,dihedral_wedge,1e0,1e-9,1e-8,positive
l_prism,carrier_on_surface_1,0e0,1e-9,1e-8,zero
l_prism,carrier_on_surface_2,0e0,1e-9,1e-8,zero
l_prism,dihedral_arm,1e0,1e-9,1e-8,positive
l_prism,dihedral_wedge,1e0,1e-9,1e-8,positive
l_prism,carrier_on_surface_1,0e0,1e-9,1e-8,zero
l_prism,carrier_on_surface_2,0e0,1e-9,1e-8,zero
l_prism,witness_on_surface_1,0e0,1e-9,1e-8,zero
l_prism,witness_on_surface_2,0e0,1e-9,1e-8,zero
l_prism,witness_at_mid_parameter,0e0,1e-9,1e-8,zero
l_prism,interval_span_forward,2e0,1e-9,1e-8,positive
l_prism,carrier_endpoint_start,0e0,1e-9,1e-8,zero
l_prism,carrier_endpoint_end,0e0,1e-9,1e-8,zero
l_prism,carrier_on_surface_1,0e0,1e-9,1e-8,zero
l_prism,carrier_on_surface_2,0e0,1e-9,1e-8,zero
l_prism,carrier_on_surface_1,0e0,1e-9,1e-8,zero
l_prism,carrier_on_surface_2,0e0,1e-9,1e-8,zero
l_prism,dihedral_arm,2e0,1e-9,1e-8,positive
l_prism,dihedral_wedge,2e0,1e-9,1e-8,positive
l_prism,carrier_on_surface_1,0e0,1e-9,1e-8,zero
l_prism,carrier_on_surface_2,0e0,1e-9,1e-8,zero
l_prism,dihedral_arm,2e0,1e-9,1e-8,positive
l_prism,dihedral_wedge,2e0,1e-9,1e-8,positive
l_prism,carrier_on_surface_1,0e0,1e-9,1e-8,zero
l_prism,carrier_on_surface_2,0e0,1e-9,1e-8,zero
l_prism,dihedral_arm,2e0,1e-9,1e-8,positive
l_prism,dihedral_wedge,2e0,1e-9,1e-8,positive
l_prism,carrier_on_surface_1,0e0,1e-9,1e-8,zero
l_prism,carrier_on_surface_2,0e0,1e-9,1e-8,zero
l_prism,dihedral_arm,2e0,1e-9,1e-8,positive
l_prism,dihedral_wedge,2e0,1e-9,1e-8,positive
l_prism,carrier_on_surface_1,0e0,1e-9,1e-8,zero
l_prism,carrier_on_surface_2,0e0,1e-9,1e-8,zero
l_prism,dihedral_arm,2e0,1e-9,1e-8,positive
l_prism,dihedral_wedge,2e0,1e-9,1e-8,positive
l_prism,carrier_on_surface_1,0e0,1e-9,1e-8,zero
l_prism,carrier_on_surface_2,0e0,1e-9,1e-8,zero
l_prism,dihedral_arm,2e0,1e-9,1e-8,positive
l_prism,dihedral_wedge,2e0,1e-9,1e-8,positive
l_prism,carrier_on_surface_1,0e0,1e-9,1e-8,zero
l_prism,carrier_on_surface_2,0e0,1e-9,1e-8,zero
l_prism,dihedral_arm,2e0,1e-9,1e-8,positive
l_prism,dihedral_wedge,2e0,1e-9,1e-8,positive
l_prism,carrier_on_surface_1,0e0,1e-9,1e-8,zero
l_prism,carrier_on_surface_2,0e0,1e-9,1e-8,zero
l_prism,witness_on_surface_1,0e0,1e-9,1e-8,zero
l_prism,witness_on_surface_2,0e0,1e-9,1e-8,zero
l_prism,witness_at_mid_parameter,0e0,1e-9,1e-8,zero
l_prism,planar_face_residual,0e0,1e-9,1e-8,zero
l_prism,planar_face_residual,0e0,1e-9,1e-8,zero
l_prism,planar_face_residual,0e0,1e-9,1e-8,zero
l_prism,planar_face_residual,0e0,1e-9,1e-8,zero
l_prism,planar_face_residual,0e0,1e-9,1e-8,zero
l_prism,planar_face_residual,0e0,1e-9,1e-8,zero
l_prism,planar_face_residual,-0e0,1e-9,1e-8,zero
l_prism,planar_face_residual,0e0,1e-9,1e-8,zero
l_prism,planar_face_residual,0e0,1e-9,1e-8,zero
l_prism,planar_face_residual,0e0,1e-9,1e-8,zero
l_prism,planar_face_residual,0e0,1e-9,1e-8,zero
l_prism,planar_face_residual,0e0,1e-9,1e-8,zero
l_prism,planar_face_residual,0e0,1e-9,1e-8,zero
l_prism,planar_face_residual,0e0,1e-9,1e-8,zero
l_prism,planar_face_residual,-0e0,1e-9,1e-8,zero
l_prism,planar_face_residual,0e0,1e-9,1e-8,zero
l_prism,planar_face_residual,0e0,1e-9,1e-8,zero
l_prism,planar_face_residual,0e0,1e-9,1e-8,zero
l_prism,planar_face_residual,0e0,1e-9,1e-8,zero
l_prism,planar_face_residual,0e0,1e-9,1e-8,zero
l_prism,planar_face_residual,0e0,1e-9,1e-8,zero
l_prism,planar_face_residual,0e0,1e-9,1e-8,zero
l_prism,planar_face_residual,0e0,1e-9,1e-8,zero
l_prism,planar_face_residual,0e0,1e-9,1e-8,zero
l_prism,planar_face_residual,0e0,1e-9,1e-8,zero
l_prism,planar_face_residual,0e0,1e-9,1e-8,zero
l_prism,planar_face_residual,0e0,1e-9,1e-8,zero
l_prism,planar_face_residual,0e0,1e-9,1e-8,zero
l_prism,planar_face_residual,0e0,1e-9,1e-8,zero
l_prism,planar_face_residual,0e0,1e-9,1e-8,zero
l_prism,planar_face_residual,0e0,1e-9,1e-8,zero
l_prism,planar_face_residual,0e0,1e-9,1e-8,zero
l_prism,planar_face_residual,0e0,1e-9,1e-8,zero
l_prism,planar_face_residual,0e0,1e-9,1e-8,zero
l_prism,planar_face_residual,0e0,1e-9,1e-8,zero
l_prism,planar_face_residual,-0e0,1e-9,1e-8,zero
l_prism,dihedral_arm,2e0,1e-9,1e-8,positive
l_prism,dihedral_wedge,2e0,1e-9,1e-8,positive
l_prism,dihedral_arm,2e0,1e-9,1e-8,positive
l_prism,dihedral_wedge,2e0,1e-9,1e-8,positive
l_prism,dihedral_arm,2e0,1e-9,1e-8,positive
l_prism,dihedral_wedge,2e0,1e-9,1e-8,positive
l_prism,dihedral_arm,2e0,1e-9,1e-8,positive
l_prism,dihedral_wedge,2e0,1e-9,1e-8,positive
l_prism,dihedral_arm,2e0,1e-9,1e-8,positive
l_prism,dihedral_wedge,2e0,1e-9,1e-8,positive
l_prism,dihedral_arm,2e0,1e-9,1e-8,positive
l_prism,dihedral_wedge,2e0,1e-9,1e-8,positive
l_prism,dihedral_arm,2e0,1e-9,1e-8,positive
l_prism,dihedral_wedge,2e0,1e-9,1e-8,positive
l_prism,planar_boundary_residual,-0e0,1e-9,1e-8,zero
l_prism,planar_boundary_residual,-0e0,1e-9,1e-8,zero
l_prism,planar_boundary_residual,-0e0,1e-9,1e-8,zero
l_prism,planar_boundary_residual,0e0,1e-9,1e-8,zero
l_prism,planar_boundary_residual,0e0,1e-9,1e-8,zero
l_prism,planar_boundary_residual,0e0,1e-9,1e-8,zero
l_prism,planar_boundary_residual,0e0,1e-9,1e-8,zero
l_prism,planar_boundary_residual,-0e0,1e-9,1e-8,zero
l_prism,planar_boundary_residual,-0e0,1e-9,1e-8,zero
l_prism,planar_boundary_residual,-0e0,1e-9,1e-8,zero
l_prism,planar_boundary_residual,0e0,1e-9,1e-8,zero
l_prism,planar_boundary_residual,0e0,1e-9,1e-8,zero
l_prism,planar_boundary_residual,0e0,1e-9,1e-8,zero
l_prism,planar_boundary_residual,0e0,1e-9,1e-8,zero
l_prism,dihedral_arm,1e0,1e-9,1e-8,positive
l_prism,dihedral_wedge,1e0,1e-9,1e-8,positive
l_prism,dihedral_arm,1e0,1e-9,1e-8,positive
l_prism,dihedral_wedge,1e0,1e-9,1e-8,positive
l_prism,dihedral_arm,1e0,1e-9,1e-8,positive
l_prism,dihedral_wedge,1e0,1e-9,1e-8,positive
l_prism,dihedral_arm,1e0,1e-9,1e-8,positive
l_prism,dihedral_wedge,1e0,1e-9,1e-8,positive
l_prism,dihedral_arm,1e0,1e-9,1e-8,positive
l_prism,dihedral_wedge,1e0,1e-9,1e-8,positive
l_prism,dihedral_arm,1e0,1e-9,1e-8,positive
l_prism,dihedral_wedge,1e0,1e-9,1e-8,positive
l_prism,dihedral_arm,1e0,1e-9,1e-8,positive
l_prism,dihedral_wedge,1e0,1e-9,1e-8,positive
l_prism,planar_boundary_residual,0e0,1e-9,1e-8,zero
l_prism,planar_boundary_residual,0e0,1e-9,1e-8,zero
l_prism,planar_boundary_residual,0e0,1e-9,1e-8,zero
l_prism,planar_boundary_residual,0e0,1e-9,1e-8,zero
l_prism,planar_boundary_residual,0e0,1e-9,1e-8,zero
l_prism,planar_boundary_residual,0e0,1e-9,1e-8,zero
l_prism,planar_boundary_residual,0e0,1e-9,1e-8,zero
l_prism,planar_boundary_residual,0e0,1e-9,1e-8,zero
l_prism,planar_boundary_residual,0e0,1e-9,1e-8,zero
l_prism,planar_boundary_residual,0e0,1e-9,1e-8,zero
l_prism,planar_boundary_residual,0e0,1e-9,1e-8,zero
l_prism,planar_boundary_residual,0e0,1e-9,1e-8,zero
l_prism,planar_boundary_residual,0e0,1e-9,1e-8,zero
l_prism,planar_boundary_residual,0e0,1e-9,1e-8,zero
l_prism,dihedral_arm,1e0,1e-9,1e-8,positive
l_prism,dihedral_wedge,1e0,1e-9,1e-8,positive
l_prism,dihedral_arm,1e0,1e-9,1e-8,positive
l_prism,dihedral_wedge,1e0,1e-9,1e-8,positive
l_prism,dihedral_arm,1e0,1e-9,1e-8,positive
l_prism,dihedral_wedge,1e0,1e-9,1e-8,positive
l_prism,dihedral_arm,1e0,1e-9,1e-8,positive
l_prism,dihedral_wedge,1e0,1e-9,1e-8,positive
l_prism,dihedral_arm,1e0,1e-9,1e-8,positive
l_prism,dihedral_wedge,1e0,1e-9,1e-8,positive
l_prism,dihedral_arm,1e0,1e-9,1e-8,positive
l_prism,dihedral_wedge,1e0,1e-9,1e-8,positive
l_prism,dihedral_arm,1e0,1e-9,1e-8,positive
l_prism,dihedral_wedge,1e0,1e-9,1e-8,positive
l_prism,planar_boundary_residual,0e0,1e-9,1e-8,zero
l_prism,planar_boundary_residual,0e0,1e-9,1e-8,zero
l_prism,planar_boundary_residual,0e0,1e-9,1e-8,zero
l_prism,planar_boundary_residual,0e0,1e-9,1e-8,zero
l_prism,planar_boundary_residual,0e0,1e-9,1e-8,zero
l_prism,planar_boundary_residual,0e0,1e-9,1e-8,zero
l_prism,planar_boundary_residual,0e0,1e-9,1e-8,zero
l_prism,planar_boundary_residual,0e0,1e-9,1e-8,zero
l_prism,planar_boundary_residual,0e0,1e-9,1e-8,zero
l_prism,planar_boundary_residual,0e0,1e-9,1e-8,zero
l_prism,planar_boundary_residual,0e0,1e-9,1e-8,zero
l_prism,planar_boundary_residual,0e0,1e-9,1e-8,zero
l_prism,planar_boundary_residual,0e0,1e-9,1e-8,zero
l_prism,planar_boundary_residual,0e0,1e-9,1e-8,zero
l_prism,dihedral_arm,1e0,1e-9,1e-8,positive
l_prism,dihedral_wedge,1e0,1e-9,1e-8,positive
l_prism,dihedral_arm,1e0,1e-9,1e-8,positive
l_prism,dihedral_wedge,1e0,1e-9,1e-8,positive
l_prism,dihedral_arm,1e0,1e-9,1e-8,positive
l_prism,dihedral_wedge,1e0,1e-9,1e-8,positive
l_prism,dihedral_arm,1e0,1e-9,1e-8,positive
l_prism,dihedral_wedge,1e0,1e-9,1e-8,positive
l_prism,dihedral_arm,1e0,1e-9,1e-8,positive
l_prism,dihedral_wedge,1e0,1e-9,1e-8,positive
l_prism,dihedral_arm,1e0,1e-9,1e-8,positive
l_prism,dihedral_wedge,1e0,1e-9,1e-8,positive
l_prism,dihedral_arm,1e0,1e-9,1e-8,positive
l_prism,dihedral_wedge,1e0,1e-9,1e-8,positive
l_prism,planar_boundary_residual,0e0,1e-9,1e-8,zero
l_prism,planar_boundary_residual,0e0,1e-9,1e-8,zero
l_prism,planar_boundary_residual,0e0,1e-9,1e-8,zero
l_prism,planar_boundary_residual,0e0,1e-9,1e-8,zero
l_prism,planar_boundary_residual,0e0,1e-9,1e-8,zero
l_prism,planar_boundary_residual,0e0,1e-9,1e-8,zero
l_prism,planar_boundary_residual,0e0,1e-9,1e-8,zero
l_prism,planar_boundary_residual,0e0,1e-9,1e-8,zero
l_prism,planar_boundary_residual,0e0,1e-9,1e-8,zero
l_prism,planar_boundary_residual,0e0,1e-9,1e-8,zero
l_prism,planar_boundary_residual,0e0,1e-9,1e-8,zero
l_prism,planar_boundary_residual,0e0,1e-9,1e-8,zero
l_prism,planar_boundary_residual,0e0,1e-9,1e-8,zero
l_prism,planar_boundary_residual,0e0,1e-9,1e-8,zero
l_prism,dihedral_arm,1e0,1e-9,1e-8,positive
l_prism,dihedral_wedge,1e0,1e-9,1e-8,positive
l_prism,dihedral_arm,1e0,1e-9,1e-8,positive
l_prism,dihedral_wedge,1e0,1e-9,1e-8,positive
l_prism,dihedral_arm,1e0,1e-9,1e-8,positive
l_prism,dihedral_wedge,1e0,1e-9,1e-8,positive
l_prism,dihedral_arm,1e0,1e-9,1e-8,positive
l_prism,dihedral_wedge,1e0,1e-9,1e-8,positive
l_prism,dihedral_arm,1e0,1e-9,1e-8,positive
l_prism,dihedral_wedge,1e0,1e-9,1e-8,positive
l_prism,dihedral_arm,1e0,1e-9,1e-8,positive
l_prism,dihedral_wedge,1e0,1e-9,1e-8,positive
l_prism,dihedral_arm,1e0,1e-9,1e-8,positive
l_prism,dihedral_wedge,1e0,1e-9,1e-8,positive
l_prism,planar_boundary_residual,0e0,1e-9,1e-8,zero
l_prism,planar_boundary_residual,0e0,1e-9,1e-8,zero
l_prism,planar_boundary_residual,0e0,1e-9,1e-8,zero
l_prism,planar_boundary_residual,0e0,1e-9,1e-8,zero
l_prism,planar_boundary_residual,0e0,1e-9,1e-8,zero
l_prism,planar_boundary_residual,0e0,1e-9,1e-8,zero
l_prism,planar_boundary_residual,0e0,1e-9,1e-8,zero
l_prism,planar_boundary_residual,0e0,1e-9,1e-8,zero
l_prism,planar_boundary_residual,0e0,1e-9,1e-8,zero
l_prism,planar_boundary_residual,0e0,1e-9,1e-8,zero
l_prism,planar_boundary_residual,0e0,1e-9,1e-8,zero
l_prism,planar_boundary_residual,0e0,1e-9,1e-8,zero
l_prism,planar_boundary_residual,0e0,1e-9,1e-8,zero
l_prism,planar_boundary_residual,0e0,1e-9,1e-8,zero
l_prism,dihedral_arm,2e0,1e-9,1e-8,positive
l_prism,dihedral_wedge,2e0,1e-9,1e-8,positive
l_prism,dihedral_arm,2e0,1e-9,1e-8,positive
l_prism,dihedral_wedge,2e0,1e-9,1e-8,positive
l_prism,dihedral_arm,2e0,1e-9,1e-8,positive
l_prism,dihedral_wedge,2e0,1e-9,1e-8,positive
l_prism,dihedral_arm,2e0,1e-9,1e-8,positive
l_prism,dihedral_wedge,2e0,1e-9,1e-8,positive
l_prism,dihedral_arm,2e0,1e-9,1e-8,positive
l_prism,dihedral_wedge,2e0,1e-9,1e-8,positive
l_prism,dihedral_arm,2e0,1e-9,1e-8,positive
l_prism,dihedral_wedge,2e0,1e-9,1e-8,positive
l_prism,dihedral_arm,2e0,1e-9,1e-8,positive
l_prism,dihedral_wedge,2e0,1e-9,1e-8,positive
l_prism,planar_boundary_residual,0e0,1e-9,1e-8,zero
l_prism,planar_boundary_residual,0e0,1e-9,1e-8,zero
l_prism,planar_boundary_residual,0e0,1e-9,1e-8,zero
l_prism,planar_boundary_residual,0e0,1e-9,1e-8,zero
l_prism,planar_boundary_residual,-0e0,1e-9,1e-8,zero
l_prism,planar_boundary_residual,-0e0,1e-9,1e-8,zero
l_prism,planar_boundary_residual,-0e0,1e-9,1e-8,zero
l_prism,planar_boundary_residual,0e0,1e-9,1e-8,zero
l_prism,planar_boundary_residual,0e0,1e-9,1e-8,zero
l_prism,planar_boundary_residual,0e0,1e-9,1e-8,zero
l_prism,planar_boundary_residual,0e0,1e-9,1e-8,zero
l_prism,planar_boundary_residual,-0e0,1e-9,1e-8,zero
l_prism,planar_boundary_residual,-0e0,1e-9,1e-8,zero
l_prism,planar_boundary_residual,-0e0,1e-9,1e-8,zero
l_prism,dihedral_arm,1e0,1e-9,1e-8,positive
l_prism,dihedral_wedge,1e0,1e-9,1e-8,positive
l_prism,dihedral_arm,1e0,1e-9,1e-8,positive
l_prism,dihedral_wedge,1e0,1e-9,1e-8,positive
l_prism,dihedral_arm,1e0,1e-9,1e-8,positive
l_prism,dihedral_wedge,1e0,1e-9,1e-8,positive
l_prism,dihedral_arm,1e0,1e-9,1e-8,positive
l_prism,dihedral_wedge,1e0,1e-9,1e-8,positive
l_prism,dihedral_arm,1e0,1e-9,1e-8,positive
l_prism,dihedral_wedge,1e0,1e-9,1e-8,positive
l_prism,dihedral_arm,1e0,1e-9,1e-8,positive
l_prism,dihedral_wedge,1e0,1e-9,1e-8,positive
l_prism,dihedral_arm,1e0,1e-9,1e-8,positive
l_prism,dihedral_wedge,1e0,1e-9,1e-8,positive
l_prism,planar_boundary_residual,-0e0,1e-9,1e-8,zero
l_prism,planar_boundary_residual,-0e0,1e-9,1e-8,zero
l_prism,planar_boundary_residual,-0e0,1e-9,1e-8,zero
l_prism,planar_boundary_residual,0e0,1e-9,1e-8,zero
l_prism,planar_boundary_residual,0e0,1e-9,1e-8,zero
l_prism,planar_boundary_residual,0e0,1e-9,1e-8,zero
l_prism,planar_boundary_residual,0e0,1e-9,1e-8,zero
l_prism,planar_boundary_residual,-0e0,1e-9,1e-8,zero
l_prism,planar_boundary_residual,-0e0,1e-9,1e-8,zero
l_prism,planar_boundary_residual,-0e0,1e-9,1e-8,zero
l_prism,planar_boundary_residual,0e0,1e-9,1e-8,zero
l_prism,planar_boundary_residual,0e0,1e-9,1e-8,zero
l_prism,planar_boundary_residual,0e0,1e-9,1e-8,zero
l_prism,planar_boundary_residual,0e0,1e-9,1e-8,zero
l_prism,dihedral_arm,1e0,1e-9,1e-8,positive
l_prism,dihedral_wedge,1e0,1e-9,1e-8,positive
l_prism,dihedral_arm,1e0,1e-9,1e-8,positive
l_prism,dihedral_wedge,1e0,1e-9,1e-8,positive
l_prism,dihedral_arm,1e0,1e-9,1e-8,positive
l_prism,dihedral_wedge,1e0,1e-9,1e-8,positive
l_prism,dihedral_arm,1e0,1e-9,1e-8,positive
l_prism,dihedral_wedge,1e0,1e-9,1e-8,positive
l_prism,dihedral_arm,1e0,1e-9,1e-8,positive
l_prism,dihedral_wedge,1e0,1e-9,1e-8,positive
l_prism,dihedral_arm,1e0,1e-9,1e-8,positive
l_prism,dihedral_wedge,1e0,1e-9,1e-8,positive
l_prism,dihedral_arm,1e0,1e-9,1e-8,positive
l_prism,dihedral_wedge,1e0,1e-9,1e-8,positive
l_prism,planar_boundary_residual,0e0,1e-9,1e-8,zero
l_prism,planar_boundary_residual,0e0,1e-9,1e-8,zero
l_prism,planar_boundary_residual,0e0,1e-9,1e-8,zero
l_prism,planar_boundary_residual,0e0,1e-9,1e-8,zero
l_prism,planar_boundary_residual,0e0,1e-9,1e-8,zero
l_prism,planar_boundary_residual,0e0,1e-9,1e-8,zero
l_prism,planar_boundary_residual,0e0,1e-9,1e-8,zero
l_prism,planar_boundary_residual,0e0,1e-9,1e-8,zero
l_prism,planar_boundary_residual,0e0,1e-9,1e-8,zero
l_prism,planar_boundary_residual,0e0,1e-9,1e-8,zero
l_prism,planar_boundary_residual,0e0,1e-9,1e-8,zero
l_prism,planar_boundary_residual,0e0,1e-9,1e-8,zero
l_prism,planar_boundary_residual,0e0,1e-9,1e-8,zero
l_prism,planar_boundary_residual,0e0,1e-9,1e-8,zero
l_prism,dihedral_arm,1e0,1e-9,1e-8,positive
l_prism,dihedral_wedge,1e0,1e-9,1e-8,positive
l_prism,dihedral_arm,1e0,1e-9,1e-8,positive
l_prism,dihedral_wedge,1e0,1e-9,1e-8,positive
l_prism,dihedral_arm,1e0,1e-9,1e-8,positive
l_prism,dihedral_wedge,1e0,1e-9,1e-8,positive
l_prism,dihedral_arm,1e0,1e-9,1e-8,positive
l_prism,dihedral_wedge,1e0,1e-9,1e-8,positive
l_prism,dihedral_arm,1e0,1e-9,1e-8,positive
l_prism,dihedral_wedge,1e0,1e-9,1e-8,positive
l_prism,dihedral_arm,1e0,1e-9,1e-8,positive
l_prism,dihedral_wedge,1e0,1e-9,1e-8,positive
l_prism,dihedral_arm,1e0,1e-9,1e-8,positive
l_prism,dihedral_wedge,1e0,1e-9,1e-8,positive
l_prism,planar_boundary_residual,0e0,1e-9,1e-8,zero
l_prism,planar_boundary_residual,0e0,1e-9,1e-8,zero
l_prism,planar_boundary_residual,0e0,1e-9,1e-8,zero
l_prism,planar_boundary_residual,0e0,1e-9,1e-8,zero
l_prism,planar_boundary_residual,0e0,1e-9,1e-8,zero
l_prism,planar_boundary_residual,0e0,1e-9,1e-8,zero
l_prism,planar_boundary_residual,0e0,1e-9,1e-8,zero
l_prism,planar_boundary_residual,0e0,1e-9,1e-8,zero
l_prism,planar_boundary_residual,0e0,1e-9,1e-8,zero
l_prism,planar_boundary_residual,0e0,1e-9,1e-8,zero
l_prism,planar_boundary_residual,0e0,1e-9,1e-8,zero
l_prism,planar_boundary_residual,0e0,1e-9,1e-8,zero
l_prism,planar_boundary_residual,0e0,1e-9,1e-8,zero
l_prism,planar_boundary_residual,0e0,1e-9,1e-8,zero
l_prism,dihedral_arm,1e0,1e-9,1e-8,positive
l_prism,dihedral_wedge,1e0,1e-9,1e-8,positive
l_prism,dihedral_arm,1e0,1e-9,1e-8,positive
l_prism,dihedral_wedge,1e0,1e-9,1e-8,positive
l_prism,dihedral_arm,1e0,1e-9,1e-8,positive
l_prism,dihedral_wedge,1e0,1e-9,1e-8,positive
l_prism,dihedral_arm,1e0,1e-9,1e-8,positive
l_prism,dihedral_wedge,1e0,1e-9,1e-8,positive
l_prism,dihedral_arm,1e0,1e-9,1e-8,positive
l_prism,dihedral_wedge,1e0,1e-9,1e-8,positive
l_prism,dihedral_arm,1e0,1e-9,1e-8,positive
l_prism,dihedral_wedge,1e0,1e-9,1e-8,positive
l_prism,dihedral_arm,1e0,1e-9,1e-8,positive
l_prism,dihedral_wedge,1e0,1e-9,1e-8,positive
l_prism,planar_boundary_residual,0e0,1e-9,1e-8,zero
l_prism,planar_boundary_residual,0e0,1e-9,1e-8,zero
l_prism,planar_boundary_residual,0e0,1e-9,1e-8,zero
l_prism,planar_boundary_residual,0e0,1e-9,1e-8,zero
l_prism,planar_boundary_residual,0e0,1e-9,1e-8,zero
l_prism,planar_boundary_residual,0e0,1e-9,1e-8,zero
l_prism,planar_boundary_residual,0e0,1e-9,1e-8,zero
l_prism,planar_boundary_residual,0e0,1e-9,1e-8,zero
l_prism,planar_boundary_residual,0e0,1e-9,1e-8,zero
l_prism,planar_boundary_residual,0e0,1e-9,1e-8,zero
l_prism,planar_boundary_residual,0e0,1e-9,1e-8,zero
l_prism,planar_boundary_residual,0e0,1e-9,1e-8,zero
l_prism,planar_boundary_residual,0e0,1e-9,1e-8,zero
l_prism,planar_boundary_residual,0e0,1e-9,1e-8,zero
l_prism,dihedral_arm,1e0,1e-9,1e-8,positive
l_prism,dihedral_wedge,1e0,1e-9,1e-8,positive
l_prism,dihedral_arm,1e0,1e-9,1e-8,positive
l_prism,dihedral_wedge,1e0,1e-9,1e-8,positive
l_prism,dihedral_arm,1e0,1e-9,1e-8,positive
l_prism,dihedral_wedge,1e0,1e-9,1e-8,positive
l_prism,dihedral_arm,1e0,1e-9,1e-8,positive
l_prism,dihedral_wedge,1e0,1e-9,1e-8,positive
l_prism,dihedral_arm,1e0,1e-9,1e-8,positive
l_prism,dihedral_wedge,1e0,1e-9,1e-8,positive
l_prism,dihedral_arm,1e0,1e-9,1e-8,positive
l_prism,dihedral_wedge,1e0,1e-9,1e-8,positive
l_prism,dihedral_arm,1e0,1e-9,1e-8,positive
l_prism,dihedral_wedge,1e0,1e-9,1e-8,positive
l_prism,planar_boundary_residual,0e0,1e-9,1e-8,zero
l_prism,planar_boundary_residual,0e0,1e-9,1e-8,zero
l_prism,planar_boundary_residual,0e0,1e-9,1e-8,zero
l_prism,planar_boundary_residual,0e0,1e-9,1e-8,zero
l_prism,planar_boundary_residual,0e0,1e-9,1e-8,zero
l_prism,planar_boundary_residual,0e0,1e-9,1e-8,zero
l_prism,planar_boundary_residual,0e0,1e-9,1e-8,zero
l_prism,planar_boundary_residual,0e0,1e-9,1e-8,zero
l_prism,planar_boundary_residual,0e0,1e-9,1e-8,zero
l_prism,planar_boundary_residual,0e0,1e-9,1e-8,zero
l_prism,planar_boundary_residual,0e0,1e-9,1e-8,zero
l_prism,planar_boundary_residual,0e0,1e-9,1e-8,zero
l_prism,planar_boundary_residual,0e0,1e-9,1e-8,zero
l_prism,planar_boundary_residual,0e0,1e-9,1e-8,zero
l_prism,dihedral_arm,1e0,1e-9,1e-8,positive
l_prism,dihedral_wedge,1e0,1e-9,1e-8,positive
l_prism,dihedral_arm,1e0,1e-9,1e-8,positive
l_prism,dihedral_wedge,1e0,1e-9,1e-8,positive
l_prism,dihedral_arm,1e0,1e-9,1e-8,positive
l_prism,dihedral_wedge,1e0,1e-9,1e-8,positive
l_prism,dihedral_arm,1e0,1e-9,1e-8,positive
l_prism,dihedral_wedge,1e0,1e-9,1e-8,positive
l_prism,dihedral_arm,1e0,1e-9,1e-8,positive
l_prism,dihedral_wedge,1e0,1e-9,1e-8,positive
l_prism,dihedral_arm,1e0,1e-9,1e-8,positive
l_prism,dihedral_wedge,1e0,1e-9,1e-8,positive
l_prism,dihedral_arm,1e0,1e-9,1e-8,positive
l_prism,dihedral_wedge,1e0,1e-9,1e-8,positive
l_prism,planar_boundary_residual,0e0,1e-9,1e-8,zero
l_prism,planar_boundary_residual,0e0,1e-9,1e-8,zero
l_prism,planar_boundary_residual,0e0,1e-9,1e-8,zero
l_prism,planar_boundary_residual,0e0,1e-9,1e-8,zero
l_prism,planar_boundary_residual,0e0,1e-9,1e-8,zero
l_prism,planar_boundary_residual,0e0,1e-9,1e-8,zero
l_prism,planar_boundary_residual,0e0,1e-9,1e-8,zero
l_prism,planar_boundary_residual,0e0,1e-9,1e-8,zero
l_prism,planar_boundary_residual,0e0,1e-9,1e-8,zero
l_prism,planar_boundary_residual,0e0,1e-9,1e-8,zero
l_prism,planar_boundary_residual,0e0,1e-9,1e-8,zero
l_prism,planar_boundary_residual,0e0,1e-9,1e-8,zero
l_prism,planar_boundary_residual,0e0,1e-9,1e-8,zero
l_prism,planar_boundary_residual,0e0,1e-9,1e-8,zero
l_prism,dihedral_arm,2e0,1e-9,1e-8,positive
l_prism,dihedral_wedge,2e0,1e-9,1e-8,positive
l_prism,dihedral_arm,2e0,1e-9,1e-8,positive
l_prism,dihedral_wedge,2e0,1e-9,1e-8,positive
l_prism,dihedral_arm,2e0,1e-9,1e-8,positive
l_prism,dihedral_wedge,2e0,1e-9,1e-8,positive
l_prism,dihedral_arm,2e0,1e-9,1e-8,positive
l_prism,dihedral_wedge,2e0,1e-9,1e-8,positive
l_prism,dihedral_arm,2e0,1e-9,1e-8,positive
l_prism,dihedral_wedge,2e0,1e-9,1e-8,positive
l_prism,dihedral_arm,2e0,1e-9,1e-8,positive
l_prism,dihedral_wedge,2e0,1e-9,1e-8,positive
l_prism,dihedral_arm,2e0,1e-9,1e-8,positive
l_prism,dihedral_wedge,2e0,1e-9,1e-8,positive
l_prism,planar_boundary_residual,0e0,1e-9,1e-8,zero
l_prism,planar_boundary_residual,0e0,1e-9,1e-8,zero
l_prism,planar_boundary_residual,0e0,1e-9,1e-8,zero
l_prism,planar_boundary_residual,0e0,1e-9,1e-8,zero
l_prism,planar_boundary_residual,0e0,1e-9,1e-8,zero
l_prism,planar_boundary_residual,0e0,1e-9,1e-8,zero
l_prism,planar_boundary_residual,0e0,1e-9,1e-8,zero
l_prism,planar_boundary_residual,0e0,1e-9,1e-8,zero
l_prism,planar_boundary_residual,0e0,1e-9,1e-8,zero
l_prism,planar_boundary_residual,0e0,1e-9,1e-8,zero
l_prism,planar_boundary_residual,0e0,1e-9,1e-8,zero
l_prism,planar_boundary_residual,0e0,1e-9,1e-8,zero
l_prism,planar_boundary_residual,0e0,1e-9,1e-8,zero
l_prism,planar_boundary_residual,0e0,1e-9,1e-8,zero
l_prism,dihedral_arm,1e0,1e-9,1e-8,positive
l_prism,dihedral_wedge,1e0,1e-9,1e-8,positive
l_prism,dihedral_arm,1e0,1e-9,1e-8,positive
l_prism,dihedral_wedge,1e0,1e-9,1e-8,positive
l_prism,dihedral_arm,1e0,1e-9,1e-8,positive
l_prism,dihedral_wedge,1e0,1e-9,1e-8,positive
l_prism,dihedral_arm,1e0,1e-9,1e-8,positive
l_prism,dihedral_wedge,1e0,1e-9,1e-8,positive
l_prism,dihedral_arm,1e0,1e-9,1e-8,positive
l_prism,dihedral_wedge,1e0,1e-9,1e-8,positive
l_prism,dihedral_arm,1e0,1e-9,1e-8,positive
l_prism,dihedral_wedge,1e0,1e-9,1e-8,positive
l_prism,dihedral_arm,1e0,1e-9,1e-8,positive
l_prism,dihedral_wedge,1e0,1e-9,1e-8,positive
l_prism,planar_boundary_residual,0e0,1e-9,1e-8,zero
l_prism,planar_boundary_residual,0e0,1e-9,1e-8,zero
l_prism,planar_boundary_residual,0e0,1e-9,1e-8,zero
l_prism,planar_boundary_residual,0e0,1e-9,1e-8,zero
l_prism,planar_boundary_residual,0e0,1e-9,1e-8,zero
l_prism,planar_boundary_residual,0e0,1e-9,1e-8,zero
l_prism,planar_boundary_residual,0e0,1e-9,1e-8,zero
l_prism,planar_boundary_residual,0e0,1e-9,1e-8,zero
l_prism,planar_boundary_residual,0e0,1e-9,1e-8,zero
l_prism,planar_boundary_residual,0e0,1e-9,1e-8,zero
l_prism,planar_boundary_residual,0e0,1e-9,1e-8,zero
l_prism,planar_boundary_residual,0e0,1e-9,1e-8,zero
l_prism,planar_boundary_residual,0e0,1e-9,1e-8,zero
l_prism,planar_boundary_residual,0e0,1e-9,1e-8,zero
l_prism,dihedral_arm,1e0,1e-9,1e-8,positive
l_prism,dihedral_wedge,1e0,1e-9,1e-8,positive
l_prism,dihedral_arm,1e0,1e-9,1e-8,positive
l_prism,dihedral_wedge,1e0,1e-9,1e-8,positive
l_prism,dihedral_arm,1e0,1e-9,1e-8,positive
l_prism,dihedral_wedge,1e0,1e-9,1e-8,positive
l_prism,dihedral_arm,1e0,1e-9,1e-8,positive
l_prism,dihedral_wedge,1e0,1e-9,1e-8,positive
l_prism,dihedral_arm,1e0,1e-9,1e-8,positive
l_prism,dihedral_wedge,1e0,1e-9,1e-8,positive
l_prism,dihedral_arm,1e0,1e-9,1e-8,positive
l_prism,dihedral_wedge,1e0,1e-9,1e-8,positive
l_prism,dihedral_arm,1e0,1e-9,1e-8,positive
l_prism,dihedral_wedge,1e0,1e-9,1e-8,positive
l_prism,planar_boundary_residual,0e0,1e-9,1e-8,zero
l_prism,planar_boundary_residual,0e0,1e-9,1e-8,zero
l_prism,planar_boundary_residual,0e0,1e-9,1e-8,zero
l_prism,planar_boundary_residual,0e0,1e-9,1e-8,zero
l_prism,planar_boundary_residual,0e0,1e-9,1e-8,zero
l_prism,planar_boundary_residual,0e0,1e-9,1e-8,zero
l_prism,planar_boundary_residual,0e0,1e-9,1e-8,zero
l_prism,planar_boundary_residual,0e0,1e-9,1e-8,zero
l_prism,planar_boundary_residual,0e0,1e-9,1e-8,zero
l_prism,planar_boundary_residual,0e0,1e-9,1e-8,zero
l_prism,planar_boundary_residual,0e0,1e-9,1e-8,zero
l_prism,planar_boundary_residual,0e0,1e-9,1e-8,zero
l_prism,planar_boundary_residual,0e0,1e-9,1e-8,zero
l_prism,planar_boundary_residual,0e0,1e-9,1e-8,zero
l_prism,dihedral_arm,1e0,1e-9,1e-8,positive
l_prism,dihedral_wedge,1e0,1e-9,1e-8,positive
l_prism,dihedral_arm,1e0,1e-9,1e-8,positive
l_prism,dihedral_wedge,1e0,1e-9,1e-8,positive
l_prism,dihedral_arm,1e0,1e-9,1e-8,positive
l_prism,dihedral_wedge,1e0,1e-9,1e-8,positive
l_prism,dihedral_arm,1e0,1e-9,1e-8,positive
l_prism,dihedral_wedge,1e0,1e-9,1e-8,positive
l_prism,dihedral_arm,1e0,1e-9,1e-8,positive
l_prism,dihedral_wedge,1e0,1e-9,1e-8,positive
l_prism,dihedral_arm,1e0,1e-9,1e-8,positive
l_prism,dihedral_wedge,1e0,1e-9,1e-8,positive
l_prism,dihedral_arm,1e0,1e-9,1e-8,positive
l_prism,dihedral_wedge,1e0,1e-9,1e-8,positive
l_prism,planar_boundary_residual,0e0,1e-9,1e-8,zero
l_prism,planar_boundary_residual,0e0,1e-9,1e-8,zero
l_prism,planar_boundary_residual,0e0,1e-9,1e-8,zero
l_prism,planar_boundary_residual,0e0,1e-9,1e-8,zero
l_prism,planar_boundary_residual,0e0,1e-9,1e-8,zero
l_prism,planar_boundary_residual,0e0,1e-9,1e-8,zero
l_prism,planar_boundary_residual,0e0,1e-9,1e-8,zero
l_prism,planar_boundary_residual,0e0,1e-9,1e-8,zero
l_prism,planar_boundary_residual,0e0,1e-9,1e-8,zero
l_prism,planar_boundary_residual,0e0,1e-9,1e-8,zero
l_prism,planar_boundary_residual,0e0,1e-9,1e-8,zero
l_prism,planar_boundary_residual,0e0,1e-9,1e-8,zero
l_prism,planar_boundary_residual,0e0,1e-9,1e-8,zero
l_prism,planar_boundary_residual,0e0,1e-9,1e-8,zero
l_prism,dihedral_arm,1e0,1e-9,1e-8,positive
l_prism,dihedral_wedge,1e0,1e-9,1e-8,positive
l_prism,dihedral_arm,1e0,1e-9,1e-8,positive
l_prism,dihedral_wedge,1e0,1e-9,1e-8,positive
l_prism,dihedral_arm,1e0,1e-9,1e-8,positive
l_prism,dihedral_wedge,1e0,1e-9,1e-8,positive
l_prism,dihedral_arm,1e0,1e-9,1e-8,positive
l_prism,dihedral_wedge,1e0,1e-9,1e-8,positive
l_prism,dihedral_arm,1e0,1e-9,1e-8,positive
l_prism,dihedral_wedge,1e0,1e-9,1e-8,positive
l_prism,dihedral_arm,1e0,1e-9,1e-8,positive
l_prism,dihedral_wedge,1e0,1e-9,1e-8,positive
l_prism,dihedral_arm,1e0,1e-9,1e-8,positive
l_prism,dihedral_wedge,1e0,1e-9,1e-8,positive
l_prism,planar_boundary_residual,0e0,1e-9,1e-8,zero
l_prism,planar_boundary_residual,0e0,1e-9,1e-8,zero
l_prism,planar_boundary_residual,0e0,1e-9,1e-8,zero
l_prism,planar_boundary_residual,0e0,1e-9,1e-8,zero
l_prism,planar_boundary_residual,0e0,1e-9,1e-8,zero
l_prism,planar_boundary_residual,0e0,1e-9,1e-8,zero
l_prism,planar_boundary_residual,0e0,1e-9,1e-8,zero
l_prism,planar_boundary_residual,0e0,1e-9,1e-8,zero
l_prism,planar_boundary_residual,0e0,1e-9,1e-8,zero
l_prism,planar_boundary_residual,0e0,1e-9,1e-8,zero
l_prism,planar_boundary_residual,0e0,1e-9,1e-8,zero
l_prism,planar_boundary_residual,0e0,1e-9,1e-8,zero
l_prism,planar_boundary_residual,0e0,1e-9,1e-8,zero
l_prism,planar_boundary_residual,0e0,1e-9,1e-8,zero
l_prism,dihedral_arm,2e0,1e-9,1e-8,positive
l_prism,dihedral_wedge,2e0,1e-9,1e-8,positive
l_prism,dihedral_arm,2e0,1e-9,1e-8,positive
l_prism,dihedral_wedge,2e0,1e-9,1e-8,positive
l_prism,dihedral_arm,2e0,1e-9,1e-8,positive
l_prism,dihedral_wedge,2e0,1e-9,1e-8,positive
l_prism,dihedral_arm,2e0,1e-9,1e-8,positive
l_prism,dihedral_wedge,2e0,1e-9,1e-8,positive
l_prism,dihedral_arm,2e0,1e-9,1e-8,positive
l_prism,dihedral_wedge,2e0,1e-9,1e-8,positive
l_prism,dihedral_arm,2e0,1e-9,1e-8,positive
l_prism,dihedral_wedge,2e0,1e-9,1e-8,positive
l_prism,dihedral_arm,2e0,1e-9,1e-8,positive
l_prism,dihedral_wedge,2e0,1e-9,1e-8,positive
l_prism,planar_boundary_residual,0e0,1e-9,1e-8,zero
l_prism,planar_boundary_residual,0e0,1e-9,1e-8,zero
l_prism,planar_boundary_residual,0e0,1e-9,1e-8,zero
l_prism,planar_boundary_residual,0e0,1e-9,1e-8,zero
l_prism,planar_boundary_residual,0e0,1e-9,1e-8,zero
l_prism,planar_boundary_residual,0e0,1e-9,1e-8,zero
l_prism,planar_boundary_residual,0e0,1e-9,1e-8,zero
l_prism,planar_boundary_residual,0e0,1e-9,1e-8,zero
l_prism,planar_boundary_residual,0e0,1e-9,1e-8,zero
l_prism,planar_boundary_residual,0e0,1e-9,1e-8,zero
l_prism,planar_boundary_residual,0e0,1e-9,1e-8,zero
l_prism,planar_boundary_residual,0e0,1e-9,1e-8,zero
l_prism,planar_boundary_residual,0e0,1e-9,1e-8,zero
l_prism,planar_boundary_residual,0e0,1e-9,1e-8,zero
l_prism,positive_volume,2.1428571428571427e-1,1e-9,1e-8,positive
holed_prism,vertex_separation,4e0,1e-9,1e-8,positive
holed_prism,segment_straightness,0e0,1e-9,1e-8,zero
holed_prism,vertex_separation,4e0,1e-9,1e-8,positive
holed_prism,segment_straightness,0e0,1e-9,1e-8,zero
holed_prism,vertex_separation,4e0,1e-9,1e-8,positive
holed_prism,segment_straightness,0e0,1e-9,1e-8,zero
holed_prism,vertex_separation,4e0,1e-9,1e-8,positive
holed_prism,segment_straightness,0e0,1e-9,1e-8,zero
holed_prism,vertex_separation,2e0,1e-9,1e-8,positive
holed_prism,segment_straightness,1e0,1e-9,1e-8,positive
holed_prism,arc_diameter_clearance,5.857864376269049e-1,1e-9,1e-8,positive
holed_prism,vertex_separation,2e0,1e-9,1e-8,positive
holed_prism,segment_straightness,1e0,1e-9,1e-8,positive
holed_prism,arc_diameter_clearance,5.857864376269049e-1,1e-9,1e-8,positive
holed_prism,chord_side,0e0,1e-9,1e-8,zero
holed_prism,chord_side,4e0,1e-9,1e-8,positive
holed_prism,chord_side,4e0,1e-9,1e-8,positive
holed_prism,chord_side,0e0,1e-9,1e-8,zero
holed_prism,line_span,0e0,1e-9,1e-8,zero
holed_prism,line_span,0e0,1e-9,1e-8,zero
holed_prism,contact_at_shared_vertex,0e0,1e-9,1e-8,zero
holed_prism,contact_at_shared_vertex,0e0,1e-9,1e-8,zero
holed_prism,chord_side,4e0,1e-9,1e-8,positive
holed_prism,chord_side,4e0,1e-9,1e-8,positive
holed_prism,chord_side,4e0,1e-9,1e-8,positive
holed_prism,chord_side,4e0,1e-9,1e-8,positive
holed_prism,chord_side,4e0,1e-9,1e-8,positive
holed_prism,chord_side,0e0,1e-9,1e-8,zero
holed_prism,chord_side,0e0,1e-9,1e-8,zero
holed_prism,chord_side,4e0,1e-9,1e-8,positive
holed_prism,line_span,0e0,1e-9,1e-8,zero
holed_prism,line_span,0e0,1e-9,1e-8,zero
holed_prism,contact_at_shared_vertex,0e0,1e-9,1e-8,zero
holed_prism,contact_at_shared_vertex,0e0,1e-9,1e-8,zero
holed_prism,carrier_line_circle,-1e0,1e-9,1e-8,negative
holed_prism,carrier_line_circle,-1e0,1e-9,1e-8,negative
holed_prism,chord_side,0e0,1e-9,1e-8,zero
holed_prism,chord_side,4e0,1e-9,1e-8,positive
holed_prism,chord_side,4e0,1e-9,1e-8,positive
holed_prism,chord_side,-0e0,1e-9,1e-8,zero
holed_prism,line_span,0e0,1e-9,1e-8,zero
holed_prism,line_span,0e0,1e-9,1e-8,zero
holed_prism,contact_at_shared_vertex,0e0,1e-9,1e-8,zero
holed_prism,contact_at_shared_vertex,0e0,1e-9,1e-8,zero
holed_prism,chord_side,4e0,1e-9,1e-8,positive
holed_prism,chord_side,4e0,1e-9,1e-8,positive
holed_prism,chord_side,4e0,1e-9,1e-8,positive
holed_prism,chord_side,4e0,1e-9,1e-8,positive
holed_prism,carrier_line_circle,-1e0,1e-9,1e-8,negative
holed_prism,carrier_line_circle,-1e0,1e-9,1e-8,negative
holed_prism,chord_side,0e0,1e-9,1e-8,zero
holed_prism,chord_side,4e0,1e-9,1e-8,positive
holed_prism,chord_side,4e0,1e-9,1e-8,positive
holed_prism,chord_side,0e0,1e-9,1e-8,zero
holed_prism,line_span,0e0,1e-9,1e-8,zero
holed_prism,line_span,0e0,1e-9,1e-8,zero
holed_prism,contact_at_shared_vertex,0e0,1e-9,1e-8,zero
holed_prism,contact_at_shared_vertex,0e0,1e-9,1e-8,zero
holed_prism,carrier_line_circle,-1e0,1e-9,1e-8,negative
holed_prism,carrier_line_circle,-1e0,1e-9,1e-8,negative
holed_prism,carrier_line_circle,-1e0,1e-9,1e-8,negative
holed_prism,carrier_line_circle,-1e0,1e-9,1e-8,negative
holed_prism,carrier_circles_identity,0e0,1e-9,1e-8,zero
holed_prism,arc_span,0e0,1e-9,1e-8,zero
holed_prism,arc_span,0e0,1e-9,1e-8,zero
holed_prism,arc_span,0e0,1e-9,1e-8,zero
holed_prism,arc_span,0e0,1e-9,1e-8,zero
holed_prism,arc_apex_identity,2e0,1e-9,1e-8,positive
holed_prism,contact_at_shared_vertex,0e0,1e-9,1e-8,zero
holed_prism,contact_at_shared_vertex,2e0,1e-9,1e-8,positive
holed_prism,contact_at_shared_vertex,0e0,1e-9,1e-8,zero
holed_prism,contact_at_shared_vertex,2e0,1e-9,1e-8,positive
holed_prism,contact_at_shared_vertex,0e0,1e-9,1e-8,zero
holed_prism,contact_at_shared_vertex,0e0,1e-9,1e-8,zero
holed_prism,canonical_order_x,4e0,5e-324,1e-323,positive
holed_prism,canonical_order_x,4e0,5e-324,1e-323,positive
holed_prism,canonical_order_x,0e0,5e-324,1e-323,zero
holed_prism,canonical_order_y,4e0,5e-324,1e-323,positive
holed_prism,canonical_order_x,-2e0,5e-324,1e-323,negative
holed_prism,carrier_line_circle,2.036859534276605e-1,1e-9,1e-8,positive
holed_prism,ray_advance,2.1091327913707474e0,1e-9,1e-8,positive
holed_prism,arc_span,-5.801925524938312e-1,1e-9,1e-8,negative
holed_prism,ray_advance,3.3188996106075557e0,1e-9,1e-8,positive
holed_prism,arc_span,-2.64377970198896e-1,1e-9,1e-8,negative
holed_prism,carrier_line_circle,2.036859534276605e-1,1e-9,1e-8,positive
holed_prism,ray_advance,2.1091327913707474e0,1e-9,1e-8,positive
holed_prism,arc_span,1.2647336340167659e0,1e-9,1e-8,positive
holed_prism,ray_advance,3.3188996106075557e0,1e-9,1e-8,positive
holed_prism,arc_span,3.2686335807936606e-1,1e-9,1e-8,positive
holed_prism,ray_side,-1.2757395851765425e0,1e-9,1e-8,negative
holed_prism,ray_side,-3.1934417395933545e0,1e-9,1e-8,negative
holed_prism,ray_side,-3.1934417395933545e0,1e-9,1e-8,negative
holed_prism,ray_side,3.168885079681365e-1,1e-9,1e-8,positive
holed_prism,ray_advance,3.418481781973647e0,1e-9,1e-8,positive
holed_prism,ray_side,3.168885079681365e-1,1e-9,1e-8,positive
holed_prism,ray_side,2.2345906623849485e0,1e-9,1e-8,positive
holed_prism,ray_side,2.2345906623849485e0,1e-9,1e-8,positive
holed_prism,ray_side,-1.2757395851765425e0,1e-9,1e-8,negative
holed_prism,ray_advance,-1.139493927324549e0,1e-9,1e-8,negative
holed_prism,loop_orientation,2e0,1e-9,1e-8,positive
holed_prism,canonical_order_x,4e0,5e-324,1e-323,positive
holed_prism,canonical_order_x,4e0,5e-324,1e-323,positive
holed_prism,canonical_order_x,0e0,5e-324,1e-323,zero
holed_prism,canonical_order_y,4e0,5e-324,1e-323,positive
holed_prism,vertex_separation,4e0,1e-9,1e-8,positive
holed_prism,segment_straightness,0e0,1e-9,1e-8,zero
holed_prism,vertex_separation,4e0,1e-9,1e-8,positive
holed_prism,segment_straightness,0e0,1e-9,1e-8,zero
holed_prism,vertex_separation,4e0,1e-9,1e-8,positive
holed_prism,segment_straightness,0e0,1e-9,1e-8,zero
holed_prism,vertex_separation,4e0,1e-9,1e-8,positive
holed_prism,segment_straightness,0e0,1e-9,1e-8,zero
holed_prism,loop_orientation,1e0,1e-9,1e-8,positive
holed_prism,canonical_order_x,-2e0,5e-324,1e-323,negative
holed_prism,vertex_separation,2e0,1e-9,1e-8,positive
holed_prism,segment_straightness,-1e0,1e-9,1e-8,negative
holed_prism,arc_diameter_clearance,5.857864376269049e-1,1e-9,1e-8,positive
holed_prism,vertex_separation,2e0,1e-9,1e-8,positive
holed_prism,segment_straightness,-1e0,1e-9,1e-8,negative
holed_prism,arc_diameter_clearance,5.857864376269049e-1,1e-9,1e-8,positive
holed_prism,extrusion_normal_component,1e0,1e-9,1e-8,positive
holed_prism,interval_span_forward,4e0,1e-9,1e-8,positive
holed_prism,carrier_endpoint_start,0e0,1e-9,1e-8,zero
holed_prism,carrier_endpoint_end,0e0,1e-9,1e-8,zero
holed_prism,carrier_matches_mapped_source,0e0,1e-9,1e-8,zero
holed_prism,carrier_matches_mapped_source,0e0,1e-9,1e-8,zero
holed_prism,carrier_matches_mapped_source,0e0,1e-9,1e-8,zero
holed_prism,carrier_matches_mapped_source,0e0,1e-9,1e-8,zero
holed_prism,carrier_matches_mapped_source,0e0,1e-9,1e-8,zero
holed_prism,carrier_matches_mapped_source,0e0,1e-9,1e-8,zero
holed_prism,carrier_matches_mapped_source,0e0,1e-9,1e-8,zero
holed_prism,carrier_matches_mapped_source,0e0,1e-9,1e-8,zero
holed_prism,carrier_matches_mapped_source,0e0,1e-9,1e-8,zero
holed_prism,interval_span_forward,4e0,1e-9,1e-8,positive
holed_prism,carrier_endpoint_start,0e0,1e-9,1e-8,zero
holed_prism,carrier_endpoint_end,0e0,1e-9,1e-8,zero
holed_prism,carrier_matches_mapped_source,0e0,1e-9,1e-8,zero
holed_prism,carrier_matches_mapped_source,0e0,1e-9,1e-8,zero
holed_prism,carrier_matches_mapped_source,0e0,1e-9,1e-8,zero
holed_prism,carrier_matches_mapped_source,0e0,1e-9,1e-8,zero
holed_prism,carrier_matches_mapped_source,0e0,1e-9,1e-8,zero
holed_prism,carrier_matches_mapped_source,0e0,1e-9,1e-8,zero
holed_prism,carrier_matches_mapped_source,0e0,1e-9,1e-8,zero
holed_prism,carrier_matches_mapped_source,0e0,1e-9,1e-8,zero
holed_prism,carrier_matches_mapped_source,0e0,1e-9,1e-8,zero
holed_prism,interval_span_forward,4e0,1e-9,1e-8,positive
holed_prism,carrier_endpoint_start,0e0,1e-9,1e-8,zero
holed_prism,carrier_endpoint_end,0e0,1e-9,1e-8,zero
holed_prism,carrier_matches_mapped_source,0e0,1e-9,1e-8,zero
holed_prism,carrier_matches_mapped_source,0e0,1e-9,1e-8,zero
holed_prism,carrier_matches_mapped_source,0e0,1e-9,1e-8,zero
holed_prism,carrier_matches_mapped_source,0e0,1e-9,1e-8,zero
holed_prism,carrier_matches_mapped_source,0e0,1e-9,1e-8,zero
holed_prism,carrier_matches_mapped_source,0e0,1e-9,1e-8,zero
holed_prism,carrier_matches_mapped_source,0e0,1e-9,1e-8,zero
holed_prism,carrier_matches_mapped_source,0e0,1e-9,1e-8,zero
holed_prism,carrier_matches_mapped_source,0e0,1e-9,1e-8,zero
holed_prism,newell_plane_residual,-0e0,1e-9,1e-8,zero
holed_prism,newell_plane_residual,0e0,1e-9,1e-8,zero
holed_prism,newell_plane_residual,0e0,1e-9,1e-8,zero
holed_prism,newell_plane_residual,0e0,1e-9,1e-8,zero
holed_prism,interval_span_forward,4e0,1e-9,1e-8,positive
holed_prism,carrier_endpoint_start,0e0,1e-9,1e-8,zero
holed_prism,carrier_endpoint_end,0e0,1e-9,1e-8,zero
holed_prism,carrier_matches_mapped_source,0e0,1e-9,1e-8,zero
holed_prism,carrier_matches_mapped_source,0e0,1e-9,1e-8,zero
holed_prism,carrier_matches_mapped_source,0e0,1e-9,1e-8,zero
holed_prism,carrier_matches_mapped_source,0e0,1e-9,1e-8,zero
holed_prism,carrier_matches_mapped_source,0e0,1e-9,1e-8,zero
holed_prism,carrier_matches_mapped_source,0e0,1e-9,1e-8,zero
holed_prism,carrier_matches_mapped_source,0e0,1e-9,1e-8,zero
holed_prism,carrier_matches_mapped_source,0e0,1e-9,1e-8,zero
holed_prism,carrier_matches_mapped_source,0e0,1e-9,1e-8,zero
holed_prism,interval_span_forward,2.23606797749979e0,1e-9,1e-8,positive
holed_prism,carrier_endpoint_start,0e0,1e-9,1e-8,zero
holed_prism,carrier_endpoint_end,0e0,1e-9,1e-8,zero
holed_prism,carrier_matches_mapped_source,0e0,1e-9,1e-8,zero
holed_prism,carrier_matches_mapped_source,0e0,1e-9,1e-8,zero
holed_prism,carrier_matches_mapped_source,0e0,1e-9,1e-8,zero
holed_prism,carrier_matches_mapped_source,0e0,1e-9,1e-8,zero
holed_prism,carrier_matches_mapped_source,0e0,1e-9,1e-8,zero
holed_prism,carrier_matches_mapped_source,0e0,1e-9,1e-8,zero
holed_prism,carrier_matches_mapped_source,0e0,1e-9,1e-8,zero
holed_prism,carrier_matches_mapped_source,0e0,1e-9,1e-8,zero
holed_prism,carrier_matches_mapped_source,0e0,1e-9,1e-8,zero
holed_prism,interval_span_forward,3.141592653589793e0,1e-9,1e-8,positive
holed_prism,interval_span_winding,3.141592653589793e0,1e-9,1e-8,positive
holed_prism,carrier_endpoint_start,0e0,1e-9,1e-8,zero
holed_prism,carrier_endpoint_end,1.2246467991473532e-16,1e-9,1e-8,zero
holed_prism,carrier_matches_mapped_source,0e0,1e-9,1e-8,zero
holed_prism,carrier_matches_mapped_source,0e0,1e-9,1e-8,zero
holed_prism,carrier_matches_mapped_source,0e0,1e-9,1e-8,zero
holed_prism,carrier_matches_mapped_source,0e0,1e-9,1e-8,zero
holed_prism,carrier_matches_mapped_source,0e0,1e-9,1e-8,zero
holed_prism,carrier_matches_mapped_source,0e0,1e-9,1e-8,zero
holed_prism,carrier_matches_mapped_source,0e0,1e-9,1e-8,zero
holed_prism,carrier_matches_mapped_source,0e0,1e-9,1e-8,zero
holed_prism,carrier_matches_mapped_source,0e0,1e-9,1e-8,zero
holed_prism,interval_span_forward,3.141592653589793e0,1e-9,1e-8,positive
holed_prism,interval_span_winding,3.141592653589793e0,1e-9,1e-8,positive
holed_prism,carrier_endpoint_start,0e0,1e-9,1e-8,zero
holed_prism,carrier_endpoint_end,1.2246467991473532e-16,1e-9,1e-8,zero
holed_prism,carrier_matches_mapped_source,0e0,1e-9,1e-8,zero
holed_prism,carrier_matches_mapped_source,0e0,1e-9,1e-8,zero
holed_prism,carrier_matches_mapped_source,0e0,1e-9,1e-8,zero
holed_prism,carrier_matches_mapped_source,0e0,1e-9,1e-8,zero
holed_prism,carrier_matches_mapped_source,0e0,1e-9,1e-8,zero
holed_prism,carrier_matches_mapped_source,0e0,1e-9,1e-8,zero
holed_prism,carrier_matches_mapped_source,0e0,1e-9,1e-8,zero
holed_prism,carrier_matches_mapped_source,0e0,1e-9,1e-8,zero
holed_prism,carrier_matches_mapped_source,0e0,1e-9,1e-8,zero
holed_prism,side_planes_cosurface,4e0,1e-9,1e-8,positive
holed_prism,side_planes_cosurface,4e0,1e-9,1e-8,positive
holed_prism,side_planes_cosurface,4e0,1e-9,1e-8,positive
holed_prism,side_planes_cosurface,4e0,1e-9,1e-8,positive
holed_prism,interval_span_forward,1e0,1e-9,1e-8,positive
holed_prism,carrier_endpoint_start,0e0,1e-9,1e-8,zero
holed_prism,carrier_endpoint_end,0e0,1e-9,1e-8,zero
holed_prism,carrier_matches_mapped_source,0e0,1e-9,1e-8,zero
holed_prism,carrier_matches_mapped_source,0e0,1e-9,1e-8,zero
holed_prism,carrier_matches_mapped_source,0e0,1e-9,1e-8,zero
holed_prism,carrier_matches_mapped_source,0e0,1e-9,1e-8,zero
holed_prism,carrier_matches_mapped_source,0e0,1e-9,1e-8,zero
holed_prism,carrier_matches_mapped_source,0e0,1e-9,1e-8,zero
holed_prism,carrier_matches_mapped_source,0e0,1e-9,1e-8,zero
holed_prism,carrier_matches_mapped_source,0e0,1e-9,1e-8,zero
holed_prism,carrier_matches_mapped_source,0e0,1e-9,1e-8,zero
holed_prism,interval_span_forward,1e0,1e-9,1e-8,positive
holed_prism,carrier_endpoint_start,0e0,1e-9,1e-8,zero
holed_prism,carrier_endpoint_end,0e0,1e-9,1e-8,zero
holed_prism,carrier_matches_mapped_source,0e0,1e-9,1e-8,zero
holed_prism,carrier_matches_mapped_source,0e0,1e-9,1e-8,zero
holed_prism,carrier_matches_mapped_source,0e0,1e-9,1e-8,zero
holed_prism,carrier_matches_mapped_source,0e0,1e-9,1e-8,zero
holed_prism,carrier_matches_mapped_source,0e0,1e-9,1e-8,zero
holed_prism,carrier_matches_mapped_source,0e0,1e-9,1e-8,zero
holed_prism,carrier_matches_mapped_source,0e0,1e-9,1e-8,zero
holed_prism,carrier_matches_mapped_source,0e0,1e-9,1e-8,zero
holed_prism,carrier_matches_mapped_source,0e0,1e-9,1e-8,zero
holed_prism,interval_span_forward,1e0,1e-9,1e-8,positive
holed_prism,carrier_endpoint_start,0e0,1e-9,1e-8,zero
holed_prism,carrier_endpoint_end,0e0,1e-9,1e-8,zero
holed_prism,carrier_matches_mapped_source,0e0,1e-9,1e-8,zero
holed_prism,carrier_matches_mapped_source,0e0,1e-9,1e-8,zero
holed_prism,carrier_matches_mapped_source,0e0,1e-9,1e-8,zero
holed_prism,carrier_matches_mapped_source,0e0,1e-9,1e-8,zero
holed_prism,carrier_matches_mapped_source,0e0,1e-9,1e-8,zero
holed_prism,carrier_matches_mapped_source,0e0,1e-9,1e-8,zero
holed_prism,carrier_matches_mapped_source,0e0,1e-9,1e-8,zero
holed_prism,carrier_matches_mapped_source,0e0,1e-9,1e-8,zero
holed_prism,carrier_matches_mapped_source,0e0,1e-9,1e-8,zero
holed_prism,interval_span_forward,1e0,1e-9,1e-8,positive
holed_prism,carrier_endpoint_start,0e0,1e-9,1e-8,zero
holed_prism,carrier_endpoint_end,0e0,1e-9,1e-8,zero
holed_prism,carrier_matches_mapped_source,0e0,1e-9,1e-8,zero
holed_prism,carrier_matches_mapped_source,0e0,1e-9,1e-8,zero
holed_prism,carrier_matches_mapped_source,0e0,1e-9,1e-8,zero
holed_prism,carrier_matches_mapped_source,0e0,1e-9,1e-8,zero
holed_prism,carrier_matches_mapped_source,0e0,1e-9,1e-8,zero
holed_prism,carrier_matches_mapped_source,0e0,1e-9,1e-8,zero
holed_prism,carrier_matches_mapped_source,0e0,1e-9,1e-8,zero
holed_prism,carrier_matches_mapped_source,0e0,1e-9,1e-8,zero
holed_prism,carrier_matches_mapped_source,0e0,1e-9,1e-8,zero
holed_prism,newell_plane_residual,0e0,1e-9,1e-8,zero
holed_prism,newell_plane_residual,-0e0,1e-9,1e-8,zero
holed_prism,newell_plane_residual,0e0,1e-9,1e-8,zero
holed_prism,newell_plane_residual,0e0,1e-9,1e-8,zero
holed_prism,interval_span_forward,4e0,1e-9,1e-8,positive
holed_prism,carrier_endpoint_start,0e0,1e-9,1e-8,zero
holed_prism,carrier_endpoint_end,0e0,1e-9,1e-8,zero
holed_prism,carrier_matches_mapped_source,0e0,1e-9,1e-8,zero
holed_prism,carrier_matches_mapped_source,0e0,1e-9,1e-8,zero
holed_prism,carrier_matches_mapped_source,0e0,1e-9,1e-8,zero
holed_prism,carrier_matches_mapped_source,0e0,1e-9,1e-8,zero
holed_prism,carrier_matches_mapped_source,0e0,1e-9,1e-8,zero
holed_prism,carrier_matches_mapped_source,0e0,1e-9,1e-8,zero
holed_prism,carrier_matches_mapped_source,0e0,1e-9,1e-8,zero
holed_prism,carrier_matches_mapped_source,0e0,1e-9,1e-8,zero
holed_prism,carrier_matches_mapped_source,0e0,1e-9,1e-8,zero
holed_prism,newell_plane_residual,0e0,1e-9,1e-8,zero
holed_prism,newell_plane_residual,0e0,1e-9,1e-8,zero
holed_prism,newell_plane_residual,0e0,1e-9,1e-8,zero
holed_prism,newell_plane_residual,0e0,1e-9,1e-8,zero
holed_prism,interval_span_forward,4e0,1e-9,1e-8,positive
holed_prism,carrier_endpoint_start,0e0,1e-9,1e-8,zero
holed_prism,carrier_endpoint_end,0e0,1e-9,1e-8,zero
holed_prism,carrier_matches_mapped_source,0e0,1e-9,1e-8,zero
holed_prism,carrier_matches_mapped_source,0e0,1e-9,1e-8,zero
holed_prism,carrier_matches_mapped_source,0e0,1e-9,1e-8,zero
holed_prism,carrier_matches_mapped_source,0e0,1e-9,1e-8,zero
holed_prism,carrier_matches_mapped_source,0e0,1e-9,1e-8,zero
holed_prism,carrier_matches_mapped_source,0e0,1e-9,1e-8,zero
holed_prism,carrier_matches_mapped_source,0e0,1e-9,1e-8,zero
holed_prism,carrier_matches_mapped_source,0e0,1e-9,1e-8,zero
holed_prism,carrier_matches_mapped_source,0e0,1e-9,1e-8,zero
holed_prism,newell_plane_residual,0e0,1e-9,1e-8,zero
holed_prism,newell_plane_residual,0e0,1e-9,1e-8,zero
holed_prism,newell_plane_residual,0e0,1e-9,1e-8,zero
holed_prism,newell_plane_residual,0e0,1e-9,1e-8,zero
holed_prism,interval_span_forward,4e0,1e-9,1e-8,positive
holed_prism,carrier_endpoint_start,0e0,1e-9,1e-8,zero
holed_prism,carrier_endpoint_end,0e0,1e-9,1e-8,zero
holed_prism,carrier_matches_mapped_source,0e0,1e-9,1e-8,zero
holed_prism,carrier_matches_mapped_source,0e0,1e-9,1e-8,zero
holed_prism,carrier_matches_mapped_source,0e0,1e-9,1e-8,zero
holed_prism,carrier_matches_mapped_source,0e0,1e-9,1e-8,zero
holed_prism,carrier_matches_mapped_source,0e0,1e-9,1e-8,zero
holed_prism,carrier_matches_mapped_source,0e0,1e-9,1e-8,zero
holed_prism,carrier_matches_mapped_source,0e0,1e-9,1e-8,zero
holed_prism,carrier_matches_mapped_source,0e0,1e-9,1e-8,zero
holed_prism,carrier_matches_mapped_source,0e0,1e-9,1e-8,zero
holed_prism,newell_plane_residual,0e0,1e-9,1e-8,zero
holed_prism,newell_plane_residual,0e0,1e-9,1e-8,zero
holed_prism,newell_plane_residual,-0e0,1e-9,1e-8,zero
holed_prism,newell_plane_residual,0e0,1e-9,1e-8,zero
holed_prism,interval_span_forward,4e0,1e-9,1e-8,positive
holed_prism,carrier_endpoint_start,0e0,1e-9,1e-8,zero
holed_prism,carrier_endpoint_end,0e0,1e-9,1e-8,zero
holed_prism,carrier_matches_mapped_source,0e0,1e-9,1e-8,zero
holed_prism,carrier_matches_mapped_source,0e0,1e-9,1e-8,zero
holed_prism,carrier_matches_mapped_source,0e0,1e-9,1e-8,zero
holed_prism,carrier_matches_mapped_source,0e0,1e-9,1e-8,zero
holed_prism,carrier_matches_mapped_source,0e0,1e-9,1e-8,zero
holed_prism,carrier_matches_mapped_source,0e0,1e-9,1e-8,zero
holed_prism,carrier_matches_mapped_source,0e0,1e-9,1e-8,zero
holed_prism,carrier_matches_mapped_source,0e0,1e-9,1e-8,zero
holed_prism,carrier_matches_mapped_source,0e0,1e-9,1e-8,zero
holed_prism,dihedral_arm,1e0,1e-9,1e-8,positive
holed_prism,dihedral_wedge,1e0,1e-9,1e-8,positive
holed_prism,interval_span_forward,1e0,1e-9,1e-8,positive
holed_prism,carrier_endpoint_start,0e0,1e-9,1e-8,zero
holed_prism,carrier_endpoint_end,0e0,1e-9,1e-8,zero
holed_prism,carrier_on_surface_1,-0e0,1e-9,1e-8,zero
holed_prism,carrier_on_surface_2,-0e0,1e-9,1e-8,zero
holed_prism,carrier_on_surface_1,-0e0,1e-9,1e-8,zero
holed_prism,carrier_on_surface_2,-0e0,1e-9,1e-8,zero
holed_prism,dihedral_arm,1e0,1e-9,1e-8,positive
holed_prism,dihedral_wedge,1e0,1e-9,1e-8,positive
holed_prism,carrier_on_surface_1,-0e0,1e-9,1e-8,zero
holed_prism,carrier_on_surface_2,-0e0,1e-9,1e-8,zero
holed_prism,dihedral_arm,1e0,1e-9,1e-8,positive
holed_prism,dihedral_wedge,1e0,1e-9,1e-8,positive
holed_prism,carrier_on_surface_1,-0e0,1e-9,1e-8,zero
holed_prism,carrier_on_surface_2,-0e0,1e-9,1e-8,zero
holed_prism,dihedral_arm,1e0,1e-9,1e-8,positive
holed_prism,dihedral_wedge,1e0,1e-9,1e-8,positive
holed_prism,carrier_on_surface_1,0e0,1e-9,1e-8,zero
holed_prism,carrier_on_surface_2,0e0,1e-9,1e-8,zero
holed_prism,dihedral_arm,1e0,1e-9,1e-8,positive
holed_prism,dihedral_wedge,1e0,1e-9,1e-8,positive
holed_prism,carrier_on_surface_1,0e0,1e-9,1e-8,zero
holed_prism,carrier_on_surface_2,0e0,1e-9,1e-8,zero
holed_prism,dihedral_arm,1e0,1e-9,1e-8,positive
holed_prism,dihedral_wedge,1e0,1e-9,1e-8,positive
holed_prism,carrier_on_surface_1,0e0,1e-9,1e-8,zero
holed_prism,carrier_on_surface_2,0e0,1e-9,1e-8,zero
holed_prism,dihedral_arm,1e0,1e-9,1e-8,positive
holed_prism,dihedral_wedge,1e0,1e-9,1e-8,positive
holed_prism,carrier_on_surface_1,0e0,1e-9,1e-8,zero
holed_prism,carrier_on_surface_2,0e0,1e-9,1e-8,zero
holed_prism,dihedral_arm,1e0,1e-9,1e-8,positive
holed_prism,dihedral_wedge,1e0,1e-9,1e-8,positive
holed_prism,carrier_on_surface_1,0e0,1e-9,1e-8,zero
holed_prism,carrier_on_surface_2,0e0,1e-9,1e-8,zero
holed_prism,witness_on_surface_1,0e0,1e-9,1e-8,zero
holed_prism,witness_on_surface_2,0e0,1e-9,1e-8,zero
holed_prism,witness_at_mid_parameter,0e0,1e-9,1e-8,zero
holed_prism,dihedral_arm,1e0,1e-9,1e-8,positive
holed_prism,dihedral_wedge,1e0,1e-9,1e-8,positive
holed_prism,interval_span_forward,1e0,1e-9,1e-8,positive
holed_prism,carrier_endpoint_start,0e0,1e-9,1e-8,zero
holed_prism,carrier_endpoint_end,0e0,1e-9,1e-8,zero
holed_prism,carrier_on_surface_1,0e0,1e-9,1e-8,zero
holed_prism,carrier_on_surface_2,0e0,1e-9,1e-8,zero
holed_prism,carrier_on_surface_1,0e0,1e-9,1e-8,zero
holed_prism,carrier_on_surface_2,0e0,1e-9,1e-8,zero
holed_prism,dihedral_arm,1e0,1e-9,1e-8,positive
holed_prism,dihedral_wedge,1e0,1e-9,1e-8,positive
holed_prism,carrier_on_surface_1,0e0,1e-9,1e-8,zero
holed_prism,carrier_on_surface_2,0e0,1e-9,1e-8,zero
holed_prism,dihedral_arm,1e0,1e-9,1e-8,positive
holed_prism,dihedral_wedge,1e0,1e-9,1e-8,positive
holed_prism,carrier_on_surface_1,0e0,1e-9,1e-8,zero
holed_prism,carrier_on_surface_2,0e0,1e-9,1e-8,zero
holed_prism,dihedral_arm,1e0,1e-9,1e-8,positive
holed_prism,dihedral_wedge,1e0,1e-9,1e-8,positive
holed_prism,carrier_on_surface_1,0e0,1e-9,1e-8,zero
holed_prism,carrier_on_surface_2,0e0,1e-9,1e-8,zero
holed_prism,dihedral_arm,1e0,1e-9,1e-8,positive
holed_prism,dihedral_wedge,1e0,1e-9,1e-8,positive
holed_prism,carrier_on_surface_1,0e0,1e-9,1e-8,zero
holed_prism,carrier_on_surface_2,0e0,1e-9,1e-8,zero
holed_prism,dihedral_arm,1e0,1e-9,1e-8,positive
holed_prism,dihedral_wedge,1e0,1e-9,1e-8,positive
holed_prism,carrier_on_surface_1,0e0,1e-9,1e-8,zero
holed_prism,carrier_on_surface_2,0e0,1e-9,1e-8,zero
holed_prism,dihedral_arm,1e0,1e-9,1e-8,positive
holed_prism,dihedral_wedge,1e0,1e-9,1e-8,positive
holed_prism,carrier_on_surface_1,0e0,1e-9,1e-8,zero
holed_prism,carrier_on_surface_2,0e0,1e-9,1e-8,zero
holed_prism,dihedral_arm,1e0,1e-9,1e-8,positive
holed_prism,dihedral_wedge,1e0,1e-9,1e-8,positive
holed_prism,carrier_on_surface_1,0e0,1e-9,1e-8,zero
holed_prism,carrier_on_surface_2,0e0,1e-9,1e-8,zero
holed_prism,witness_on_surface_1,0e0,1e-9,1e-8,zero
holed_prism,witness_on_surface_2,0e0,1e-9,1e-8,zero
holed_prism,witness_at_mid_parameter,0e0,1e-9,1e-8,zero
holed_prism,dihedral_arm,1e0,1e-9,1e-8,positive
holed_prism,dihedral_wedge,1e0,1e-9,1e-8,positive
holed_prism,interval_span_forward,1e0,1e-9,1e-8,positive
holed_prism,carrier_endpoint_start,0e0,1e-9,1e-8,zero
holed_prism,carrier_endpoint_end,0e0,1e-9,1e-8,zero
holed_prism,carrier_on_surface_1,0e0,1e-9,1e-8,zero
holed_prism,carrier_on_surface_2,0e0,1e-9,1e-8,zero
holed_prism,carrier_on_surface_1,0e0,1e-9,1e-8,zero
holed_prism,carrier_on_surface_2,0e0,1e-9,1e-8,zero
holed_prism,dihedral_arm,1e0,1e-9,1e-8,positive
holed_prism,dihedral_wedge,1e0,1e-9,1e-8,positive
holed_prism,carrier_on_surface_1,0e0,1e-9,1e-8,zero
holed_prism,carrier_on_surface_2,0e0,1e-9,1e-8,zero
holed_prism,dihedral_arm,1e0,1e-9,1e-8,positive
holed_prism,dihedral_wedge,1e0,1e-9,1e-8,positive
holed_prism,carrier_on_surface_1,0e0,1e-9,1e-8,zero
holed_prism,carrier_on_surface_2,0e0,1e-9,1e-8,zero
holed_prism,dihedral_arm,1e0,1e-9,1e-8,positive
holed_prism,dihedral_wedge,1e0,1e-9,1e-8,positive
holed_prism,carrier_on_surface_1,0e0,1e-9,1e-8,zero
holed_prism,carrier_on_surface_2,0e0,1e-9,1e-8,zero
holed_prism,dihedral_arm,1e0,1e-9,1e-8,positive
holed_prism,dihedral_wedge,1e0,1e-9,1e-8,positive
holed_prism,carrier_on_surface_1,0e0,1e-9,1e-8,zero
holed_prism,carrier_on_surface_2,0e0,1e-9,1e-8,zero
holed_prism,dihedral_arm,1e0,1e-9,1e-8,positive
holed_prism,dihedral_wedge,1e0,1e-9,1e-8,positive
holed_prism,carrier_on_surface_1,0e0,1e-9,1e-8,zero
holed_prism,carrier_on_surface_2,0e0,1e-9,1e-8,zero
holed_prism,dihedral_arm,1e0,1e-9,1e-8,positive
holed_prism,dihedral_wedge,1e0,1e-9,1e-8,positive
holed_prism,carrier_on_surface_1,0e0,1e-9,1e-8,zero
holed_prism,carrier_on_surface_2,0e0,1e-9,1e-8,zero
holed_prism,dihedral_arm,1e0,1e-9,1e-8,positive
holed_prism,dihedral_wedge,1e0,1e-9,1e-8,positive
holed_prism,carrier_on_surface_1,0e0,1e-9,1e-8,zero
holed_prism,carrier_on_surface_2,0e0,1e-9,1e-8,zero
holed_prism,witness_on_surface_1,0e0,1e-9,1e-8,zero
holed_prism,witness_on_surface_2,0e0,1e-9,1e-8,zero
holed_prism,witness_at_mid_parameter,0e0,1e-9,1e-8,zero
holed_prism,dihedral_arm,1e0,1e-9,1e-8,positive
holed_prism,dihedral_wedge,1e0,1e-9,1e-8,positive
holed_prism,interval_span_forward,1e0,1e-9,1e-8,positive
holed_prism,carrier_endpoint_start,0e0,1e-9,1e-8,zero
holed_prism,carrier_endpoint_end,0e0,1e-9,1e-8,zero
holed_prism,carrier_on_surface_1,0e0,1e-9,1e-8,zero
holed_prism,carrier_on_surface_2,0e0,1e-9,1e-8,zero
holed_prism,carrier_on_surface_1,0e0,1e-9,1e-8,zero
holed_prism,carrier_on_surface_2,0e0,1e-9,1e-8,zero
holed_prism,dihedral_arm,1e0,1e-9,1e-8,positive
holed_prism,dihedral_wedge,1e0,1e-9,1e-8,positive
holed_prism,carrier_on_surface_1,0e0,1e-9,1e-8,zero
holed_prism,carrier_on_surface_2,0e0,1e-9,1e-8,zero
holed_prism,dihedral_arm,1e0,1e-9,1e-8,positive
holed_prism,dihedral_wedge,1e0,1e-9,1e-8,positive
holed_prism,carrier_on_surface_1,0e0,1e-9,1e-8,zero
holed_prism,carrier_on_surface_2,0e0,1e-9,1e-8,zero
holed_prism,dihedral_arm,1e0,1e-9,1e-8,positive
holed_prism,dihedral_wedge,1e0,1e-9,1e-8,positive
holed_prism,carrier_on_surface_1,0e0,1e-9,1e-8,zero
holed_prism,carrier_on_surface_2,0e0,1e-9,1e-8,zero
holed_prism,dihedral_arm,1e0,1e-9,1e-8,positive
holed_prism,dihedral_wedge,1e0,1e-9,1e-8,positive
holed_prism,carrier_on_surface_1,0e0,1e-9,1e-8,zero
holed_prism,carrier_on_surface_2,0e0,1e-9,1e-8,zero
holed_prism,dihedral_arm,1e0,1e-9,1e-8,positive
holed_prism,dihedral_wedge,1e0,1e-9,1e-8,positive
holed_prism,carrier_on_surface_1,0e0,1e-9,1e-8,zero
holed_prism,carrier_on_surface_2,0e0,1e-9,1e-8,zero
holed_prism,dihedral_arm,1e0,1e-9,1e-8,positive
holed_prism,dihedral_wedge,1e0,1e-9,1e-8,positive
holed_prism,carrier_on_surface_1,0e0,1e-9,1e-8,zero
holed_prism,carrier_on_surface_2,0e0,1e-9,1e-8,zero
holed_prism,dihedral_arm,1e0,1e-9,1e-8,positive
holed_prism,dihedral_wedge,1e0,1e-9,1e-8,positive
holed_prism,carrier_on_surface_1,0e0,1e-9,1e-8,zero
holed_prism,carrier_on_surface_2,0e0,1e-9,1e-8,zero
holed_prism,witness_on_surface_1,0e0,1e-9,1e-8,zero
holed_prism,witness_on_surface_2,0e0,1e-9,1e-8,zero
holed_prism,witness_at_mid_parameter,0e0,1e-9,1e-8,zero
holed_prism,side_cylinders_cosurface,0e0,1e-9,1e-8,zero
holed_prism,side_cylinders_cosurface,0e0,1e-9,1e-8,zero
holed_prism,interval_span_forward,1e0,1e-9,1e-8,positive
holed_prism,carrier_endpoint_start,0e0,1e-9,1e-8,zero
holed_prism,carrier_endpoint_end,0e0,1e-9,1e-8,zero
holed_prism,carrier_matches_mapped_source,0e0,1e-9,1e-8,zero
holed_prism,carrier_matches_mapped_source,0e0,1e-9,1e-8,zero
holed_prism,carrier_matches_mapped_source,0e0,1e-9,1e-8,zero
holed_prism,carrier_matches_mapped_source,0e0,1e-9,1e-8,zero
holed_prism,carrier_matches_mapped_source,0e0,1e-9,1e-8,zero
holed_prism,carrier_matches_mapped_source,0e0,1e-9,1e-8,zero
holed_prism,carrier_matches_mapped_source,0e0,1e-9,1e-8,zero
holed_prism,carrier_matches_mapped_source,0e0,1e-9,1e-8,zero
holed_prism,carrier_matches_mapped_source,0e0,1e-9,1e-8,zero
holed_prism,interval_span_forward,1e0,1e-9,1e-8,positive
holed_prism,carrier_endpoint_start,0e0,1e-9,1e-8,zero
holed_prism,carrier_endpoint_end,0e0,1e-9,1e-8,zero
holed_prism,carrier_matches_mapped_source,0e0,1e-9,1e-8,zero
holed_prism,carrier_matches_mapped_source,0e0,1e-9,1e-8,zero
holed_prism,carrier_matches_mapped_source,0e0,1e-9,1e-8,zero
holed_prism,carrier_matches_mapped_source,0e0,1e-9,1e-8,zero
holed_prism,carrier_matches_mapped_source,0e0,1e-9,1e-8,zero
holed_prism,carrier_matches_mapped_source,0e0,1e-9,1e-8,zero
holed_prism,carrier_matches_mapped_source,0e0,1e-9,1e-8,zero
holed_prism,carrier_matches_mapped_source,0e0,1e-9,1e-8,zero
holed_prism,carrier_matches_mapped_source,0e0,1e-9,1e-8,zero
holed_prism,interval_span_forward,3.141592653589793e0,1e-9,1e-8,positive
holed_prism,interval_span_winding,3.141592653589793e0,1e-9,1e-8,positive
holed_prism,carrier_endpoint_start,0e0,1e-9,1e-8,zero
holed_prism,carrier_endpoint_end,1.2246467991473532e-16,1e-9,1e-8,zero
holed_prism,carrier_matches_mapped_source,0e0,1e-9,1e-8,zero
holed_prism,carrier_matches_mapped_source,0e0,1e-9,1e-8,zero
holed_prism,carrier_matches_mapped_source,0e0,1e-9,1e-8,zero
holed_prism,carrier_matches_mapped_source,0e0,1e-9,1e-8,zero
holed_prism,carrier_matches_mapped_source,0e0,1e-9,1e-8,zero
holed_prism,carrier_matches_mapped_source,0e0,1e-9,1e-8,zero
holed_prism,carrier_matches_mapped_source,0e0,1e-9,1e-8,zero
holed_prism,carrier_matches_mapped_source,0e0,1e-9,1e-8,zero
holed_prism,carrier_matches_mapped_source,0e0,1e-9,1e-8,zero
holed_prism,interval_span_forward,3.141592653589793e0,1e-9,1e-8,positive
holed_prism,interval_span_winding,3.141592653589793e0,1e-9,1e-8,positive
holed_prism,carrier_endpoint_start,0e0,1e-9,1e-8,zero
holed_prism,carrier_endpoint_end,1.2246467991473532e-16,1e-9,1e-8,zero
holed_prism,carrier_matches_mapped_source,0e0,1e-9,1e-8,zero
holed_prism,carrier_matches_mapped_source,0e0,1e-9,1e-8,zero
holed_prism,carrier_matches_mapped_source,0e0,1e-9,1e-8,zero
holed_prism,carrier_matches_mapped_source,0e0,1e-9,1e-8,zero
holed_prism,carrier_matches_mapped_source,0e0,1e-9,1e-8,zero
holed_prism,carrier_matches_mapped_source,0e0,1e-9,1e-8,zero
holed_prism,carrier_matches_mapped_source,0e0,1e-9,1e-8,zero
holed_prism,carrier_matches_mapped_source,0e0,1e-9,1e-8,zero
holed_prism,carrier_matches_mapped_source,0e0,1e-9,1e-8,zero
holed_prism,newell_plane_residual,0e0,1e-9,1e-8,zero
holed_prism,newell_plane_residual,0e0,1e-9,1e-8,zero
holed_prism,newell_plane_residual,0e0,1e-9,1e-8,zero
holed_prism,newell_plane_residual,0e0,1e-9,1e-8,zero
holed_prism,dihedral_arm,4e0,1e-9,1e-8,positive
holed_prism,dihedral_wedge,4e0,1e-9,1e-8,positive
holed_prism,interval_span_forward,4e0,1e-9,1e-8,positive
holed_prism,carrier_endpoint_start,0e0,1e-9,1e-8,zero
holed_prism,carrier_endpoint_end,0e0,1e-9,1e-8,zero
holed_prism,carrier_on_surface_1,-0e0,1e-9,1e-8,zero
holed_prism,carrier_on_surface_2,-0e0,1e-9,1e-8,zero
holed_prism,carrier_on_surface_1,-0e0,1e-9,1e-8,zero
holed_prism,carrier_on_surface_2,-0e0,1e-9,1e-8,zero
holed_prism,dihedral_arm,4e0,1e-9,1e-8,positive
holed_prism,dihedral_wedge,4e0,1e-9,1e-8,positive
holed_prism,carrier_on_surface_1,-0e0,1e-9,1e-8,zero
holed_prism,carrier_on_surface_2,-0e0,1e-9,1e-8,zero
holed_prism,dihedral_arm,4e0,1e-9,1e-8,positive
holed_prism,dihedral_wedge,4e0,1e-9,1e-8,positive
holed_prism,carrier_on_surface_1,-0e0,1e-9,1e-8,zero
holed_prism,carrier_on_surface_2,-0e0,1e-9,1e-8,zero
holed_prism,dihedral_arm,4e0,1e-9,1e-8,positive
holed_prism,dihedral_wedge,4e0,1e-9,1e-8,positive
holed_prism,carrier_on_surface_1,0e0,1e-9,1e-8,zero
holed_prism,carrier_on_surface_2,0e0,1e-9,1e-8,zero
holed_prism,dihedral_arm,4e0,1e-9,1e-8,positive
holed_prism,dihedral_wedge,4e0,1e-9,1e-8,positive
holed_prism,carrier_on_surface_1,0e0,1e-9,1e-8,zero
holed_prism,carrier_on_surface_2,0e0,1e-9,1e-8,zero
holed_prism,dihedral_arm,4e0,1e-9,1e-8,positive
holed_prism,dihedral_wedge,4e0,1e-9,1e-8,positive
holed_prism,carrier_on_surface_1,0e0,1e-9,1e-8,zero
holed_prism,carrier_on_surface_2,0e0,1e-9,1e-8,zero
holed_prism,dihedral_arm,4e0,1e-9,1e-8,positive
holed_prism,dihedral_wedge,4e0,1e-9,1e-8,positive
holed_prism,carrier_on_surface_1,0e0,1e-9,1e-8,zero
holed_prism,carrier_on_surface_2,0e0,1e-9,1e-8,zero
holed_prism,dihedral_arm,4e0,1e-9,1e-8,positive
holed_prism,dihedral_wedge,4e0,1e-9,1e-8,positive
holed_prism,carrier_on_surface_1,0e0,1e-9,1e-8,zero
holed_prism,carrier_on_surface_2,0e0,1e-9,1e-8,zero
holed_prism,witness_on_surface_1,0e0,1e-9,1e-8,zero
holed_prism,witness_on_surface_2,0e0,1e-9,1e-8,zero
holed_prism,witness_at_mid_parameter,0e0,1e-9,1e-8,zero
holed_prism,dihedral_arm,4e0,1e-9,1e-8,positive
holed_prism,dihedral_wedge,4e0,1e-9,1e-8,positive
holed_prism,interval_span_forward,4e0,1e-9,1e-8,positive
holed_prism,carrier_endpoint_start,0e0,1e-9,1e-8,zero
holed_prism,carrier_endpoint_end,0e0,1e-9,1e-8,zero
holed_prism,carrier_on_surface_1,0e0,1e-9,1e-8,zero
holed_prism,carrier_on_surface_2,0e0,1e-9,1e-8,zero
holed_prism,carrier_on_surface_1,0e0,1e-9,1e-8,zero
holed_prism,carrier_on_surface_2,0e0,1e-9,1e-8,zero
holed_prism,dihedral_arm,4e0,1e-9,1e-8,positive
holed_prism,dihedral_wedge,4e0,1e-9,1e-8,positive
holed_prism,carrier_on_surface_1,0e0,1e-9,1e-8,zero
holed_prism,carrier_on_surface_2,0e0,1e-9,1e-8,zero
holed_prism,dihedral_arm,4e0,1e-9,1e-8,positive
holed_prism,dihedral_wedge,4e0,1e-9,1e-8,positive
holed_prism,carrier_on_surface_1,0e0,1e-9,1e-8,zero
holed_prism,carrier_on_surface_2,0e0,1e-9,1e-8,zero
holed_prism,dihedral_arm,4e0,1e-9,1e-8,positive
holed_prism,dihedral_wedge,4e0,1e-9,1e-8,positive
holed_prism,carrier_on_surface_1,0e0,1e-9,1e-8,zero
holed_prism,carrier_on_surface_2,0e0,1e-9,1e-8,zero
holed_prism,dihedral_arm,4e0,1e-9,1e-8,positive
holed_prism,dihedral_wedge,4e0,1e-9,1e-8,positive
holed_prism,carrier_on_surface_1,0e0,1e-9,1e-8,zero
holed_prism,carrier_on_surface_2,0e0,1e-9,1e-8,zero
holed_prism,dihedral_arm,4e0,1e-9,1e-8,positive
holed_prism,dihedral_wedge,4e0,1e-9,1e-8,positive
holed_prism,carrier_on_surface_1,0e0,1e-9,1e-8,zero
holed_prism,carrier_on_surface_2,0e0,1e-9,1e-8,zero
holed_prism,dihedral_arm,4e0,1e-9,1e-8,positive
holed_prism,dihedral_wedge,4e0,1e-9,1e-8,positive
holed_prism,carrier_on_surface_1,0e0,1e-9,1e-8,zero
holed_prism,carrier_on_surface_2,0e0,1e-9,1e-8,zero
holed_prism,dihedral_arm,4e0,1e-9,1e-8,positive
holed_prism,dihedral_wedge,4e0,1e-9,1e-8,positive
holed_prism,carrier_on_surface_1,0e0,1e-9,1e-8,zero
holed_prism,carrier_on_surface_2,0e0,1e-9,1e-8,zero
holed_prism,witness_on_surface_1,0e0,1e-9,1e-8,zero
holed_prism,witness_on_surface_2,0e0,1e-9,1e-8,zero
holed_prism,witness_at_mid_parameter,0e0,1e-9,1e-8,zero
holed_prism,dihedral_arm,4e0,1e-9,1e-8,positive
holed_prism,dihedral_wedge,4e0,1e-9,1e-8,positive
holed_prism,interval_span_forward,4e0,1e-9,1e-8,positive
holed_prism,carrier_endpoint_start,0e0,1e-9,1e-8,zero
holed_prism,carrier_endpoint_end,0e0,1e-9,1e-8,zero
holed_prism,carrier_on_surface_1,0e0,1e-9,1e-8,zero
holed_prism,carrier_on_surface_2,0e0,1e-9,1e-8,zero
holed_prism,carrier_on_surface_1,0e0,1e-9,1e-8,zero
holed_prism,carrier_on_surface_2,0e0,1e-9,1e-8,zero
holed_prism,dihedral_arm,4e0,1e-9,1e-8,positive
holed_prism,dihedral_wedge,4e0,1e-9,1e-8,positive
holed_prism,carrier_on_surface_1,0e0,1e-9,1e-8,zero
holed_prism,carrier_on_surface_2,0e0,1e-9,1e-8,zero
holed_prism,dihedral_arm,4e0,1e-9,1e-8,positive
holed_prism,dihedral_wedge,4e0,1e-9,1e-8,positive
holed_prism,carrier_on_surface_1,0e0,1e-9,1e-8,zero
holed_prism,carrier_on_surface_2,0e0,1e-9,1e-8,zero
holed_prism,dihedral_arm,4e0,1e-9,1e-8,positive
holed_prism,dihedral_wedge,4e0,1e-9,1e-8,positive
holed_prism,carrier_on_surface_1,0e0,1e-9,1e-8,zero
holed_prism,carrier_on_surface_2,0e0,1e-9,1e-8,zero
holed_prism,dihedral_arm,4e0,1e-9,1e-8,positive
holed_prism,dihedral_wedge,4e0,1e-9,1e-8,positive
holed_prism,carrier_on_surface_1,0e0,1e-9,1e-8,zero
holed_prism,carrier_on_surface_2,0e0,1e-9,1e-8,zero
holed_prism,dihedral_arm,4e0,1e-9,1e-8,positive
holed_prism,dihedral_wedge,4e0,1e-9,1e-8,positive
holed_prism,carrier_on_surface_1,0e0,1e-9,1e-8,zero
holed_prism,carrier_on_surface_2,0e0,1e-9,1e-8,zero
holed_prism,dihedral_arm,4e0,1e-9,1e-8,positive
holed_prism,dihedral_wedge,4e0,1e-9,1e-8,positive
holed_prism,carrier_on_surface_1,0e0,1e-9,1e-8,zero
holed_prism,carrier_on_surface_2,0e0,1e-9,1e-8,zero
holed_prism,dihedral_arm,4e0,1e-9,1e-8,positive
holed_prism,dihedral_wedge,4e0,1e-9,1e-8,positive
holed_prism,carrier_on_surface_1,0e0,1e-9,1e-8,zero
holed_prism,carrier_on_surface_2,0e0,1e-9,1e-8,zero
holed_prism,witness_on_surface_1,0e0,1e-9,1e-8,zero
holed_prism,witness_on_surface_2,0e0,1e-9,1e-8,zero
holed_prism,witness_at_mid_parameter,0e0,1e-9,1e-8,zero
holed_prism,dihedral_arm,4e0,1e-9,1e-8,positive
holed_prism,dihedral_wedge,4e0,1e-9,1e-8,positive
holed_prism,interval_span_forward,4e0,1e-9,1e-8,positive
holed_prism,carrier_endpoint_start,0e0,1e-9,1e-8,zero
holed_prism,carrier_endpoint_end,0e0,1e-9,1e-8,zero
holed_prism,carrier_on_surface_1,0e0,1e-9,1e-8,zero
holed_prism,carrier_on_surface_2,0e0,1e-9,1e-8,zero
holed_prism,carrier_on_surface_1,0e0,1e-9,1e-8,zero
holed_prism,carrier_on_surface_2,0e0,1e-9,1e-8,zero
holed_prism,dihedral_arm,4e0,1e-9,1e-8,positive
holed_prism,dihedral_wedge,4e0,1e-9,1e-8,positive
holed_prism,carrier_on_surface_1,0e0,1e-9,1e-8,zero
holed_prism,carrier_on_surface_2,0e0,1e-9,1e-8,zero
holed_prism,dihedral_arm,4e0,1e-9,1e-8,positive
holed_prism,dihedral_wedge,4e0,1e-9,1e-8,positive
holed_prism,carrier_on_surface_1,0e0,1e-9,1e-8,zero
holed_prism,carrier_on_surface_2,0e0,1e-9,1e-8,zero
holed_prism,dihedral_arm,4e0,1e-9,1e-8,positive
holed_prism,dihedral_wedge,4e0,1e-9,1e-8,positive
holed_prism,carrier_on_surface_1,0e0,1e-9,1e-8,zero
holed_prism,carrier_on_surface_2,0e0,1e-9,1e-8,zero
holed_prism,dihedral_arm,4e0,1e-9,1e-8,positive
holed_prism,dihedral_wedge,4e0,1e-9,1e-8,positive
holed_prism,carrier_on_surface_1,0e0,1e-9,1e-8,zero
holed_prism,carrier_on_surface_2,0e0,1e-9,1e-8,zero
holed_prism,dihedral_arm,4e0,1e-9,1e-8,positive
holed_prism,dihedral_wedge,4e0,1e-9,1e-8,positive
holed_prism,carrier_on_surface_1,0e0,1e-9,1e-8,zero
holed_prism,carrier_on_surface_2,0e0,1e-9,1e-8,zero
holed_prism,dihedral_arm,4e0,1e-9,1e-8,positive
holed_prism,dihedral_wedge,4e0,1e-9,1e-8,positive
holed_prism,carrier_on_surface_1,0e0,1e-9,1e-8,zero
holed_prism,carrier_on_surface_2,0e0,1e-9,1e-8,zero
holed_prism,dihedral_arm,4e0,1e-9,1e-8,positive
holed_prism,dihedral_wedge,4e0,1e-9,1e-8,positive
holed_prism,carrier_on_surface_1,0e0,1e-9,1e-8,zero
holed_prism,carrier_on_surface_2,0e0,1e-9,1e-8,zero
holed_prism,witness_on_surface_1,0e0,1e-9,1e-8,zero
holed_prism,witness_on_surface_2,0e0,1e-9,1e-8,zero
holed_prism,witness_at_mid_parameter,0e0,1e-9,1e-8,zero
holed_prism,dihedral_arm,4e0,1e-9,1e-8,positive
holed_prism,dihedral_wedge,4e0,1e-9,1e-8,positive
holed_prism,interval_span_forward,4e0,1e-9,1e-8,positive
holed_prism,carrier_endpoint_start,0e0,1e-9,1e-8,zero
holed_prism,carrier_endpoint_end,0e0,1e-9,1e-8,zero
holed_prism,carrier_on_surface_1,0e0,1e-9,1e-8,zero
holed_prism,carrier_on_surface_2,0e0,1e-9,1e-8,zero
holed_prism,carrier_on_surface_1,0e0,1e-9,1e-8,zero
holed_prism,carrier_on_surface_2,0e0,1e-9,1e-8,zero
holed_prism,dihedral_arm,4e0,1e-9,1e-8,positive
holed_prism,dihedral_wedge,4e0,1e-9,1e-8,positive
holed_prism,carrier_on_surface_1,0e0,1e-9,1e-8,zero
holed_prism,carrier_on_surface_2,0e0,1e-9,1e-8,zero
holed_prism,dihedral_arm,4e0,1e-9,1e-8,positive
holed_prism,dihedral_wedge,4e0,1e-9,1e-8,positive
holed_prism,carrier_on_surface_1,0e0,1e-9,1e-8,zero
holed_prism,carrier_on_surface_2,0e0,1e-9,1e-8,zero
holed_prism,dihedral_arm,4e0,1e-9,1e-8,positive
holed_prism,dihedral_wedge,4e0,1e-9,1e-8,positive
holed_prism,carrier_on_surface_1,0e0,1e-9,1e-8,zero
holed_prism,carrier_on_surface_2,0e0,1e-9,1e-8,zero
holed_prism,dihedral_arm,4e0,1e-9,1e-8,positive
holed_prism,dihedral_wedge,4e0,1e-9,1e-8,positive
holed_prism,carrier_on_surface_1,0e0,1e-9,1e-8,zero
holed_prism,carrier_on_surface_2,0e0,1e-9,1e-8,zero
holed_prism,dihedral_arm,4e0,1e-9,1e-8,positive
holed_prism,dihedral_wedge,4e0,1e-9,1e-8,positive
holed_prism,carrier_on_surface_1,0e0,1e-9,1e-8,zero
holed_prism,carrier_on_surface_2,0e0,1e-9,1e-8,zero
holed_prism,dihedral_arm,4e0,1e-9,1e-8,positive
holed_prism,dihedral_wedge,4e0,1e-9,1e-8,positive
holed_prism,carrier_on_surface_1,0e0,1e-9,1e-8,zero
holed_prism,carrier_on_surface_2,0e0,1e-9,1e-8,zero
holed_prism,dihedral_arm,4e0,1e-9,1e-8,positive
holed_prism,dihedral_wedge,4e0,1e-9,1e-8,positive
holed_prism,carrier_on_surface_1,0e0,1e-9,1e-8,zero
holed_prism,carrier_on_surface_2,0e0,1e-9,1e-8,zero
holed_prism,witness_on_surface_1,0e0,1e-9,1e-8,zero
holed_prism,witness_on_surface_2,0e0,1e-9,1e-8,zero
holed_prism,witness_at_mid_parameter,0e0,1e-9,1e-8,zero
holed_prism,dihedral_arm,4e0,1e-9,1e-8,positive
holed_prism,dihedral_wedge,4e0,1e-9,1e-8,positive
holed_prism,interval_span_forward,4e0,1e-9,1e-8,positive
holed_prism,carrier_endpoint_start,0e0,1e-9,1e-8,zero
holed_prism,carrier_endpoint_end,0e0,1e-9,1e-8,zero
holed_prism,carrier_on_surface_1,0e0,1e-9,1e-8,zero
holed_prism,carrier_on_surface_2,0e0,1e-9,1e-8,zero
holed_prism,carrier_on_surface_1,0e0,1e-9,1e-8,zero
holed_prism,carrier_on_surface_2,0e0,1e-9,1e-8,zero
holed_prism,dihedral_arm,4e0,1e-9,1e-8,positive
holed_prism,dihedral_wedge,4e0,1e-9,1e-8,positive
holed_prism,carrier_on_surface_1,0e0,1e-9,1e-8,zero
holed_prism,carrier_on_surface_2,0e0,1e-9,1e-8,zero
holed_prism,dihedral_arm,4e0,1e-9,1e-8,positive
holed_prism,dihedral_wedge,4e0,1e-9,1e-8,positive
holed_prism,carrier_on_surface_1,0e0,1e-9,1e-8,zero
holed_prism,carrier_on_surface_2,0e0,1e-9,1e-8,zero
holed_prism,dihedral_arm,4e0,1e-9,1e-8,positive
holed_prism,dihedral_wedge,4e0,1e-9,1e-8,positive
holed_prism,carrier_on_surface_1,0e0,1e-9,1e-8,zero
holed_prism,carrier_on_surface_2,0e0,1e-9,1e-8,zero
holed_prism,dihedral_arm,4e0,1e-9,1e-8,positive
holed_prism,dihedral_wedge,4e0,1e-9,1e-8,positive
holed_prism,carrier_on_surface_1,0e0,1e-9,1e-8,zero
holed_prism,carrier_on_surface_2,0e0,1e-9,1e-8,zero
holed_prism,dihedral_arm,4e0,1e-9,1e-8,positive
holed_prism,dihedral_wedge,4e0,1e-9,1e-8,positive
holed_prism,carrier_on_surface_1,0e0,1e-9,1e-8,zero
holed_prism,carrier_on_surface_2,0e0,1e-9,1e-8,zero
holed_prism,dihedral_arm,4e0,1e-9,1e-8,positive
holed_prism,dihedral_wedge,4e0,1e-9,1e-8,positive
holed_prism,carrier_on_surface_1,0e0,1e-9,1e-8,zero
holed_prism,carrier_on_surface_2,0e0,1e-9,1e-8,zero
holed_prism,dihedral_arm,4e0,1e-9,1e-8,positive
holed_prism,dihedral_wedge,4e0,1e-9,1e-8,positive
holed_prism,carrier_on_surface_1,0e0,1e-9,1e-8,zero
holed_prism,carrier_on_surface_2,0e0,1e-9,1e-8,zero
holed_prism,witness_on_surface_1,0e0,1e-9,1e-8,zero
holed_prism,witness_on_surface_2,0e0,1e-9,1e-8,zero
holed_prism,witness_at_mid_parameter,0e0,1e-9,1e-8,zero
holed_prism,dihedral_arm,4e0,1e-9,1e-8,positive
holed_prism,dihedral_wedge,4e0,1e-9,1e-8,positive
holed_prism,interval_span_forward,4e0,1e-9,1e-8,positive
holed_prism,carrier_endpoint_start,0e0,1e-9,1e-8,zero
holed_prism,carrier_endpoint_end,0e0,1e-9,1e-8,zero
holed_prism,carrier_on_surface_1,0e0,1e-9,1e-8,zero
holed_prism,carrier_on_surface_2,0e0,1e-9,1e-8,zero
holed_prism,carrier_on_surface_1,0e0,1e-9,1e-8,zero
holed_prism,carrier_on_surface_2,0e0,1e-9,1e-8,zero
holed_prism,dihedral_arm,4e0,1e-9,1e-8,positive
holed_prism,dihedral_wedge,4e0,1e-9,1e-8,positive
holed_prism,carrier_on_surface_1,0e0,1e-9,1e-8,zero
holed_prism,carrier_on_surface_2,0e0,1e-9,1e-8,zero
holed_prism,dihedral_arm,4e0,1e-9,1e-8,positive
holed_prism,dihedral_wedge,4e0,1e-9,1e-8,positive
holed_prism,carrier_on_surface_1,0e0,1e-9,1e-8,zero
holed_prism,carrier_on_surface_2,0e0,1e-9,1e-8,zero
holed_prism,dihedral_arm,4e0,1e-9,1e-8,positive
holed_prism,dihedral_wedge,4e0,1e-9,1e-8,positive
holed_prism,carrier_on_surface_1,0e0,1e-9,1e-8,zero
holed_prism,carrier_on_surface_2,0e0,1e-9,1e-8,zero
holed_prism,dihedral_arm,4e0,1e-9,1e-8,positive
holed_prism,dihedral_wedge,4e0,1e-9,1e-8,positive
holed_prism,carrier_on_surface_1,-0e0,1e-9,1e-8,zero
holed_prism,carrier_on_surface_2,-0e0,1e-9,1e-8,zero
holed_prism,dihedral_arm,4e0,1e-9,1e-8,positive
holed_prism,dihedral_wedge,4e0,1e-9,1e-8,positive
holed_prism,carrier_on_surface_1,-0e0,1e-9,1e-8,zero
holed_prism,carrier_on_surface_2,-0e0,1e-9,1e-8,zero
holed_prism,dihedral_arm,4e0,1e-9,1e-8,positive
holed_prism,dihedral_wedge,4e0,1e-9,1e-8,positive
holed_prism,carrier_on_surface_1,-0e0,1e-9,1e-8,zero
holed_prism,carrier_on_surface_2,-0e0,1e-9,1e-8,zero
holed_prism,dihedral_arm,4e0,1e-9,1e-8,positive
holed_prism,dihedral_wedge,4e0,1e-9,1e-8,positive
holed_prism,carrier_on_surface_1,-0e0,1e-9,1e-8,zero
holed_prism,carrier_on_surface_2,-0e0,1e-9,1e-8,zero
holed_prism,witness_on_surface_1,0e0,1e-9,1e-8,zero
holed_prism,witness_on_surface_2,0e0,1e-9,1e-8,zero
holed_prism,witness_at_mid_parameter,0e0,1e-9,1e-8,zero
holed_prism,dihedral_arm,4e0,1e-9,1e-8,positive
holed_prism,dihedral_wedge,4e0,1e-9,1e-8,positive
holed_prism,interval_span_forward,4e0,1e-9,1e-8,positive
holed_prism,carrier_endpoint_start,0e0,1e-9,1e-8,zero
holed_prism,carrier_endpoint_end,0e0,1e-9,1e-8,zero
holed_prism,carrier_on_surface_1,0e0,1e-9,1e-8,zero
holed_prism,carrier_on_surface_2,0e0,1e-9,1e-8,zero
holed_prism,carrier_on_surface_1,0e0,1e-9,1e-8,zero
holed_prism,carrier_on_surface_2,0e0,1e-9,1e-8,zero
holed_prism,dihedral_arm,4e0,1e-9,1e-8,positive
holed_prism,dihedral_wedge,4e0,1e-9,1e-8,positive
holed_prism,carrier_on_surface_1,0e0,1e-9,1e-8,zero
holed_prism,carrier_on_surface_2,0e0,1e-9,1e-8,zero
holed_prism,dihedral_arm,4e0,1e-9,1e-8,positive
holed_prism,dihedral_wedge,4e0,1e-9,1e-8,positive
holed_prism,carrier_on_surface_1,0e0,1e-9,1e-8,zero
holed_prism,carrier_on_surface_2,0e0,1e-9,1e-8,zero
holed_prism,dihedral_arm,4e0,1e-9,1e-8,positive
holed_prism,dihedral_wedge,4e0,1e-9,1e-8,positive
holed_prism,carrier_on_surface_1,0e0,1e-9,1e-8,zero
holed_prism,carrier_on_surface_2,0e0,1e-9,1e-8,zero
holed_prism,dihedral_arm,4e0,1e-9,1e-8,positive
holed_prism,dihedral_wedge,4e0,1e-9,1e-8,positive
holed_prism,carrier_on_surface_1,0e0,1e-9,1e-8,zero
holed_prism,carrier_on_surface_2,0e0,1e-9,1e-8,zero
holed_prism,dihedral_arm,4e0,1e-9,1e-8,positive
holed_prism,dihedral_wedge,4e0,1e-9,1e-8,positive
holed_prism,carrier_on_surface_1,0e0,1e-9,1e-8,zero
holed_prism,carrier_on_surface_2,0e0,1e-9,1e-8,zero
holed_prism,dihedral_arm,4e0,1e-9,1e-8,positive
holed_prism,dihedral_wedge,4e0,1e-9,1e-8,positive
holed_prism,carrier_on_surface_1,0e0,1e-9,1e-8,zero
holed_prism,carrier_on_surface_2,0e0,1e-9,1e-8,zero
holed_prism,dihedral_arm,4e0,1e-9,1e-8,positive
holed_prism,dihedral_wedge,4e0,1e-9,1e-8,positive
holed_prism,carrier_on_surface_1,0e0,1e-9,1e-8,zero
holed_prism,carrier_on_surface_2,0e0,1e-9,1e-8,zero
holed_prism,witness_on_surface_1,0e0,1e-9,1e-8,zero
holed_prism,witness_on_surface_2,0e0,1e-9,1e-8,zero
holed_prism,witness_at_mid_parameter,0e0,1e-9,1e-8,zero
holed_prism,dihedral_arm,1e0,1e-9,1e-8,positive
holed_prism,dihedral_wedge,1e0,1e-9,1e-8,positive
holed_prism,interval_span_forward,3.141592653589793e0,1e-9,1e-8,positive
holed_prism,interval_span_winding,3.141592653589793e0,1e-9,1e-8,positive
holed_prism,carrier_endpoint_start,0e0,1e-9,1e-8,zero
holed_prism,carrier_endpoint_end,1.2246467991473532e-16,1e-9,1e-8,zero
holed_prism,carrier_on_surface_1,0e0,1e-9,1e-8,zero
holed_prism,carrier_on_surface_2,0e0,1e-9,1e-8,zero
holed_prism,carrier_on_surface_1,0e0,1e-9,1e-8,zero
holed_prism,carrier_on_surface_2,0e0,1e-9,1e-8,zero
holed_prism,dihedral_arm,1e0,1e-9,1e-8,positive
holed_prism,dihedral_wedge,1e0,1e-9,1e-8,positive
holed_prism,carrier_on_surface_1,0e0,1e-9,1e-8,zero
holed_prism,carrier_on_surface_2,0e0,1e-9,1e-8,zero
holed_prism,dihedral_arm,1e0,1e-9,1e-8,positive
holed_prism,dihedral_wedge,1e0,1e-9,1e-8,positive
holed_prism,carrier_on_surface_1,0e0,1e-9,1e-8,zero
holed_prism,carrier_on_surface_2,0e0,1e-9,1e-8,zero
holed_prism,dihedral_arm,1e0,1e-9,1e-8,positive
holed_prism,dihedral_wedge,1e0,1e-9,1e-8,positive
holed_prism,carrier_on_surface_1,0e0,1e-9,1e-8,zero
holed_prism,carrier_on_surface_2,0e0,1e-9,1e-8,zero
holed_prism,dihedral_arm,1e0,1e-9,1e-8,positive
holed_prism,dihedral_wedge,1e0,1e-9,1e-8,positive
holed_prism,carrier_on_surface_1,0e0,1e-9,1e-8,zero
holed_prism,carrier_on_surface_2,0e0,1e-9,1e-8,zero
holed_prism,dihedral_arm,1e0,1e-9,1e-8,positive
holed_prism,dihedral_wedge,1e0,1e-9,1e-8,positive
holed_prism,carrier_on_surface_1,0e0,1e-9,1e-8,zero
holed_prism,carrier_on_surface_2,0e0,1e-9,1e-8,zero
holed_prism,dihedral_arm,1e0,1e-9,1e-8,positive
holed_prism,dihedral_wedge,1e0,1e-9,1e-8,positive
holed_prism,carrier_on_surface_1,0e0,1e-9,1e-8,zero
holed_prism,carrier_on_surface_2,0e0,1e-9,1e-8,zero
holed_prism,dihedral_arm,1e0,1e-9,1e-8,positive
holed_prism,dihedral_wedge,1e0,1e-9,1e-8,positive
holed_prism,carrier_on_surface_1,0e0,1e-9,1e-8,zero
holed_prism,carrier_on_surface_2,0e0,1e-9,1e-8,zero
holed_prism,witness_on_surface_1,0e0,1e-9,1e-8,zero
holed_prism,witness_on_surface_2,0e0,1e-9,1e-8,zero
holed_prism,witness_at_mid_parameter,0e0,1e-9,1e-8,zero
holed_prism,dihedral_arm,1e0,1e-9,1e-8,positive
holed_prism,dihedral_wedge,1e0,1e-9,1e-8,positive
holed_prism,interval_span_forward,3.141592653589793e0,1e-9,1e-8,positive
holed_prism,interval_span_winding,3.141592653589793e0,1e-9,1e-8,positive
holed_prism,carrier_endpoint_start,0e0,1e-9,1e-8,zero
holed_prism,carrier_endpoint_end,1.2246467991473532e-16,1e-9,1e-8,zero
holed_prism,carrier_on_surface_1,0e0,1e-9,1e-8,zero
holed_prism,carrier_on_surface_2,0e0,1e-9,1e-8,zero
holed_prism,carrier_on_surface_1,0e0,1e-9,1e-8,zero
holed_prism,carrier_on_surface_2,0e0,1e-9,1e-8,zero
holed_prism,dihedral_arm,1e0,1e-9,1e-8,positive
holed_prism,dihedral_wedge,1e0,1e-9,1e-8,positive
holed_prism,carrier_on_surface_1,0e0,1e-9,1e-8,zero
holed_prism,carrier_on_surface_2,0e0,1e-9,1e-8,zero
holed_prism,dihedral_arm,1e0,1e-9,1e-8,positive
holed_prism,dihedral_wedge,1e0,1e-9,1e-8,positive
holed_prism,carrier_on_surface_1,0e0,1e-9,1e-8,zero
holed_prism,carrier_on_surface_2,0e0,1e-9,1e-8,zero
holed_prism,dihedral_arm,1e0,1e-9,1e-8,positive
holed_prism,dihedral_wedge,1e0,1e-9,1e-8,positive
holed_prism,carrier_on_surface_1,0e0,1e-9,1e-8,zero
holed_prism,carrier_on_surface_2,0e0,1e-9,1e-8,zero
holed_prism,dihedral_arm,1e0,1e-9,1e-8,positive
holed_prism,dihedral_wedge,1e0,1e-9,1e-8,positive
holed_prism,carrier_on_surface_1,0e0,1e-9,1e-8,zero
holed_prism,carrier_on_surface_2,0e0,1e-9,1e-8,zero
holed_prism,dihedral_arm,1e0,1e-9,1e-8,positive
holed_prism,dihedral_wedge,1e0,1e-9,1e-8,positive
holed_prism,carrier_on_surface_1,0e0,1e-9,1e-8,zero
holed_prism,carrier_on_surface_2,0e0,1e-9,1e-8,zero
holed_prism,dihedral_arm,1e0,1e-9,1e-8,positive
holed_prism,dihedral_wedge,1e0,1e-9,1e-8,positive
holed_prism,carrier_on_surface_1,0e0,1e-9,1e-8,zero
holed_prism,carrier_on_surface_2,0e0,1e-9,1e-8,zero
holed_prism,dihedral_arm,1e0,1e-9,1e-8,positive
holed_prism,dihedral_wedge,1e0,1e-9,1e-8,positive
holed_prism,carrier_on_surface_1,0e0,1e-9,1e-8,zero
holed_prism,carrier_on_surface_2,0e0,1e-9,1e-8,zero
holed_prism,witness_on_surface_1,0e0,1e-9,1e-8,zero
holed_prism,witness_on_surface_2,0e0,1e-9,1e-8,zero
holed_prism,witness_at_mid_parameter,0e0,1e-9,1e-8,zero
holed_prism,dihedral_arm,1e0,1e-9,1e-8,positive
holed_prism,dihedral_wedge,1e0,1e-9,1e-8,positive
holed_prism,interval_span_forward,3.141592653589793e0,1e-9,1e-8,positive
holed_prism,interval_span_winding,3.141592653589793e0,1e-9,1e-8,positive
holed_prism,carrier_endpoint_start,0e0,1e-9,1e-8,zero
holed_prism,carrier_endpoint_end,1.2246467991473532e-16,1e-9,1e-8,zero
holed_prism,carrier_on_surface_1,0e0,1e-9,1e-8,zero
holed_prism,carrier_on_surface_2,0e0,1e-9,1e-8,zero
holed_prism,carrier_on_surface_1,0e0,1e-9,1e-8,zero
holed_prism,carrier_on_surface_2,0e0,1e-9,1e-8,zero
holed_prism,dihedral_arm,1e0,1e-9,1e-8,positive
holed_prism,dihedral_wedge,1e0,1e-9,1e-8,positive
holed_prism,carrier_on_surface_1,0e0,1e-9,1e-8,zero
holed_prism,carrier_on_surface_2,0e0,1e-9,1e-8,zero
holed_prism,dihedral_arm,1e0,1e-9,1e-8,positive
holed_prism,dihedral_wedge,1e0,1e-9,1e-8,positive
holed_prism,carrier_on_surface_1,0e0,1e-9,1e-8,zero
holed_prism,carrier_on_surface_2,0e0,1e-9,1e-8,zero
holed_prism,dihedral_arm,1e0,1e-9,1e-8,positive
holed_prism,dihedral_wedge,1e0,1e-9,1e-8,positive
holed_prism,carrier_on_surface_1,0e0,1e-9,1e-8,zero
holed_prism,carrier_on_surface_2,0e0,1e-9,1e-8,zero
holed_prism,dihedral_arm,1e0,1e-9,1e-8,positive
holed_prism,dihedral_wedge,1e0,1e-9,1e-8,positive
holed_prism,carrier_on_surface_1,-0e0,1e-9,1e-8,zero
holed_prism,carrier_on_surface_2,0e0,1e-9,1e-8,zero
holed_prism,dihedral_arm,1e0,1e-9,1e-8,positive
holed_prism,dihedral_wedge,1e0,1e-9,1e-8,positive
holed_prism,carrier_on_surface_1,-0e0,1e-9,1e-8,zero
holed_prism,carrier_on_surface_2,0e0,1e-9,1e-8,zero
holed_prism,dihedral_arm,1e0,1e-9,1e-8,positive
holed_prism,dihedral_wedge,1e0,1e-9,1e-8,positive
holed_prism,carrier_on_surface_1,-0e0,1e-9,1e-8,zero
holed_prism,carrier_on_surface_2,0e0,1e-9,1e-8,zero
holed_prism,dihedral_arm,1e0,1e-9,1e-8,positive
holed_prism,dihedral_wedge,1e0,1e-9,1e-8,positive
holed_prism,carrier_on_surface_1,-0e0,1e-9,1e-8,zero
holed_prism,carrier_on_surface_2,0e0,1e-9,1e-8,zero
holed_prism,witness_on_surface_1,0e0,1e-9,1e-8,zero
holed_prism,witness_on_surface_2,0e0,1e-9,1e-8,zero
holed_prism,witness_at_mid_parameter,0e0,1e-9,1e-8,zero
holed_prism,dihedral_arm,1e0,1e-9,1e-8,positive
holed_prism,dihedral_wedge,1e0,1e-9,1e-8,positive
holed_prism,interval_span_forward,3.141592653589793e0,1e-9,1e-8,positive
holed_prism,interval_span_winding,3.141592653589793e0,1e-9,1e-8,positive
holed_prism,carrier_endpoint_start,0e0,1e-9,1e-8,zero
holed_prism,carrier_endpoint_end,1.2246467991473532e-16,1e-9,1e-8,zero
holed_prism,carrier_on_surface_1,0e0,1e-9,1e-8,zero
holed_prism,carrier_on_surface_2,0e0,1e-9,1e-8,zero
holed_prism,carrier_on_surface_1,0e0,1e-9,1e-8,zero
holed_prism,carrier_on_surface_2,0e0,1e-9,1e-8,zero
holed_prism,dihedral_arm,1e0,1e-9,1e-8,positive
holed_prism,dihedral_wedge,1e0,1e-9,1e-8,positive
holed_prism,carrier_on_surface_1,0e0,1e-9,1e-8,zero
holed_prism,carrier_on_surface_2,0e0,1e-9,1e-8,zero
holed_prism,dihedral_arm,1e0,1e-9,1e-8,positive
holed_prism,dihedral_wedge,1e0,1e-9,1e-8,positive
holed_prism,carrier_on_surface_1,0e0,1e-9,1e-8,zero
holed_prism,carrier_on_surface_2,0e0,1e-9,1e-8,zero
holed_prism,dihedral_arm,1e0,1e-9,1e-8,positive
holed_prism,dihedral_wedge,1e0,1e-9,1e-8,positive
holed_prism,carrier_on_surface_1,0e0,1e-9,1e-8,zero
holed_prism,carrier_on_surface_2,0e0,1e-9,1e-8,zero
holed_prism,dihedral_arm,1e0,1e-9,1e-8,positive
holed_prism,dihedral_wedge,1e0,1e-9,1e-8,positive
holed_prism,carrier_on_surface_1,0e0,1e-9,1e-8,zero
holed_prism,carrier_on_surface_2,0e0,1e-9,1e-8,zero
holed_prism,dihedral_arm,1e0,1e-9,1e-8,positive
holed_prism,dihedral_wedge,1e0,1e-9,1e-8,positive
holed_prism,carrier_on_surface_1,0e0,1e-9,1e-8,zero
holed_prism,carrier_on_surface_2,0e0,1e-9,1e-8,zero
holed_prism,dihedral_arm,1e0,1e-9,1e-8,positive
holed_prism,dihedral_wedge,1e0,1e-9,1e-8,positive
holed_prism,carrier_on_surface_1,0e0,1e-9,1e-8,zero
holed_prism,carrier_on_surface_2,0e0,1e-9,1e-8,zero
holed_prism,dihedral_arm,1e0,1e-9,1e-8,positive
holed_prism,dihedral_wedge,1e0,1e-9,1e-8,positive
holed_prism,carrier_on_surface_1,0e0,1e-9,1e-8,zero
holed_prism,carrier_on_surface_2,0e0,1e-9,1e-8,zero
holed_prism,witness_on_surface_1,0e0,1e-9,1e-8,zero
holed_prism,witness_on_surface_2,0e0,1e-9,1e-8,zero
holed_prism,witness_at_mid_parameter,0e0,1e-9,1e-8,zero
holed_prism,interval_span_forward,4e0,1e-9,1e-8,positive
holed_prism,carrier_endpoint_start,0e0,1e-9,1e-8,zero
holed_prism,carrier_endpoint_end,0e0,1e-9,1e-8,zero
holed_prism,carrier_on_surface_1,-0e0,1e-9,1e-8,zero
holed_prism,carrier_on_surface_2,-0e0,1e-9,1e-8,zero
holed_prism,carrier_on_surface_1,-0e0,1e-9,1e-8,zero
holed_prism,carrier_on_surface_2,-0e0,1e-9,1e-8,zero
holed_prism,dihedral_arm,4e0,1e-9,1e-8,positive
holed_prism,dihedral_wedge,4e0,1e-9,1e-8,positive
holed_prism,carrier_on_surface_1,-0e0,1e-9,1e-8,zero
holed_prism,carrier_on_surface_2,-0e0,1e-9,1e-8,zero
holed_prism,dihedral_arm,4e0,1e-9,1e-8,positive
holed_prism,dihedral_wedge,4e0,1e-9,1e-8,positive
holed_prism,carrier_on_surface_1,-0e0,1e-9,1e-8,zero
holed_prism,carrier_on_surface_2,-0e0,1e-9,1e-8,zero
holed_prism,dihedral_arm,4e0,1e-9,1e-8,positive
holed_prism,dihedral_wedge,4e0,1e-9,1e-8,positive
holed_prism,carrier_on_surface_1,0e0,1e-9,1e-8,zero
holed_prism,carrier_on_surface_2,0e0,1e-9,1e-8,zero
holed_prism,dihedral_arm,4e0,1e-9,1e-8,positive
holed_prism,dihedral_wedge,4e0,1e-9,1e-8,positive
holed_prism,carrier_on_surface_1,0e0,1e-9,1e-8,zero
holed_prism,carrier_on_surface_2,0e0,1e-9,1e-8,zero
holed_prism,dihedral_arm,4e0,1e-9,1e-8,positive
holed_prism,dihedral_wedge,4e0,1e-9,1e-8,positive
holed_prism,carrier_on_surface_1,0e0,1e-9,1e-8,zero
holed_prism,carrier_on_surface_2,0e0,1e-9,1e-8,zero
holed_prism,dihedral_arm,4e0,1e-9,1e-8,positive
holed_prism,dihedral_wedge,4e0,1e-9,1e-8,positive
holed_prism,carrier_on_surface_1,0e0,1e-9,1e-8,zero
holed_prism,carrier_on_surface_2,0e0,1e-9,1e-8,zero
holed_prism,dihedral_arm,4e0,1e-9,1e-8,positive
holed_prism,dihedral_wedge,4e0,1e-9,1e-8,positive
holed_prism,carrier_on_surface_1,0e0,1e-9,1e-8,zero
holed_prism,carrier_on_surface_2,0e0,1e-9,1e-8,zero
holed_prism,witness_on_surface_1,0e0,1e-9,1e-8,zero
holed_prism,witness_on_surface_2,0e0,1e-9,1e-8,zero
holed_prism,witness_at_mid_parameter,0e0,1e-9,1e-8,zero
holed_prism,interval_span_forward,4e0,1e-9,1e-8,positive
holed_prism,carrier_endpoint_start,0e0,1e-9,1e-8,zero
holed_prism,carrier_endpoint_end,0e0,1e-9,1e-8,zero
holed_prism,carrier_on_surface_1,0e0,1e-9,1e-8,zero
holed_prism,carrier_on_surface_2,0e0,1e-9,1e-8,zero
holed_prism,carrier_on_surface_1,0e0,1e-9,1e-8,zero
holed_prism,carrier_on_surface_2,0e0,1e-9,1e-8,zero
holed_prism,dihedral_arm,4e0,1e-9,1e-8,positive
holed_prism,dihedral_wedge,4e0,1e-9,1e-8,positive
holed_prism,carrier_on_surface_1,0e0,1e-9,1e-8,zero
holed_prism,carrier_on_surface_2,0e0,1e-9,1e-8,zero
holed_prism,dihedral_arm,4e0,1e-9,1e-8,positive
holed_prism,dihedral_wedge,4e0,1e-9,1e-8,positive
holed_prism,carrier_on_surface_1,0e0,1e-9,1e-8,zero
holed_prism,carrier_on_surface_2,0e0,1e-9,1e-8,zero
holed_prism,dihedral_arm,4e0,1e-9,1e-8,positive
holed_prism,dihedral_wedge,4e0,1e-9,1e-8,positive
holed_prism,carrier_on_surface_1,0e0,1e-9,1e-8,zero
holed_prism,carrier_on_surface_2,0e0,1e-9,1e-8,zero
holed_prism,dihedral_arm,4e0,1e-9,1e-8,positive
holed_prism,dihedral_wedge,4e0,1e-9,1e-8,positive
holed_prism,carrier_on_surface_1,0e0,1e-9,1e-8,zero
holed_prism,carrier_on_surface_2,0e0,1e-9,1e-8,zero
holed_prism,dihedral_arm,4e0,1e-9,1e-8,positive
holed_prism,dihedral_wedge,4e0,1e-9,1e-8,positive
holed_prism,carrier_on_surface_1,0e0,1e-9,1e-8,zero
holed_prism,carrier_on_surface_2,0e0,1e-9,1e-8,zero
holed_prism,dihedral_arm,4e0,1e-9,1e-8,positive
holed_prism,dihedral_wedge,4e0,1e-9,1e-8,positive
holed_prism,carrier_on_surface_1,0e0,1e-9,1e-8,zero
holed_prism,carrier_on_surface_2,0e0,1e-9,1e-8,zero
holed_prism,dihedral_arm,4e0,1e-9,1e-8,positive
holed_prism,dihedral_wedge,4e0,1e-9,1e-8,positive
holed_prism,carrier_on_surface_1,0e0,1e-9,1e-8,zero
holed_prism,carrier_on_surface_2,0e0,1e-9,1e-8,zero
holed_prism,witness_on_surface_1,0e0,1e-9,1e-8,zero
holed_prism,witness_on_surface_2,0e0,1e-9,1e-8,zero
holed_prism,witness_at_mid_parameter,0e0,1e-9,1e-8,zero
holed_prism,interval_span_forward,4e0,1e-9,1e-8,positive
holed_prism,carrier_endpoint_start,0e0,1e-9,1e-8,zero
holed_prism,carrier_endpoint_end,0e0,1e-9,1e-8,zero
holed_prism,carrier_on_surface_1,0e0,1e-9,1e-8,zero
holed_prism,carrier_on_surface_2,0e0,1e-9,1e-8,zero
holed_prism,carrier_on_surface_1,0e0,1e-9,1e-8,zero
holed_prism,carrier_on_surface_2,0e0,1e-9,1e-8,zero
holed_prism,dihedral_arm,4e0,1e-9,1e-8,positive
holed_prism,dihedral_wedge,4e0,1e-9,1e-8,positive
holed_prism,carrier_on_surface_1,0e0,1e-9,1e-8,zero
holed_prism,carrier_on_surface_2,0e0,1e-9,1e-8,zero
holed_prism,dihedral_arm,4e0,1e-9,1e-8,positive
holed_prism,dihedral_wedge,4e0,1e-9,1e-8,positive
holed_prism,carrier_on_surface_1,0e0,1e-9,1e-8,zero
holed_prism,carrier_on_surface_2,0e0,1e-9,1e-8,zero
holed_prism,dihedral_arm,4e0,1e-9,1e-8,positive
holed_prism,dihedral_wedge,4e0,1e-9,1e-8,positive
holed_prism,carrier_on_surface_1,0e0,1e-9,1e-8,zero
holed_prism,carrier_on_surface_2,0e0,1e-9,1e-8,zero
holed_prism,dihedral_arm,4e0,1e-9,1e-8,positive
holed_prism,dihedral_wedge,4e0,1e-9,1e-8,positive
holed_prism,carrier_on_surface_1,0e0,1e-9,1e-8,zero
holed_prism,carrier_on_surface_2,0e0,1e-9,1e-8,zero
holed_prism,dihedral_arm,4e0,1e-9,1e-8,positive
holed_prism,dihedral_wedge,4e0,1e-9,1e-8,positive
holed_prism,carrier_on_surface_1,0e0,1e-9,1e-8,zero
holed_prism,carrier_on_surface_2,0e0,1e-9,1e-8,zero
holed_prism,dihedral_arm,4e0,1e-9,1e-8,positive
holed_prism,dihedral_wedge,4e0,1e-9,1e-8,positive
holed_prism,carrier_on_surface_1,0e0,1e-9,1e-8,zero
holed_prism,carrier_on_surface_2,0e0,1e-9,1e-8,zero
holed_prism,dihedral_arm,4e0,1e-9,1e-8,positive
holed_prism,dihedral_wedge,4e0,1e-9,1e-8,positive
holed_prism,carrier_on_surface_1,0e0,1e-9,1e-8,zero
holed_prism,carrier_on_surface_2,0e0,1e-9,1e-8,zero
holed_prism,witness_on_surface_1,0e0,1e-9,1e-8,zero
holed_prism,witness_on_surface_2,0e0,1e-9,1e-8,zero
holed_prism,witness_at_mid_parameter,0e0,1e-9,1e-8,zero
holed_prism,interval_span_forward,4e0,1e-9,1e-8,positive
holed_prism,carrier_endpoint_start,0e0,1e-9,1e-8,zero
holed_prism,carrier_endpoint_end,0e0,1e-9,1e-8,zero
holed_prism,carrier_on_surface_1,0e0,1e-9,1e-8,zero
holed_prism,carrier_on_surface_2,0e0,1e-9,1e-8,zero
holed_prism,carrier_on_surface_1,0e0,1e-9,1e-8,zero
holed_prism,carrier_on_surface_2,0e0,1e-9,1e-8,zero
holed_prism,dihedral_arm,4e0,1e-9,1e-8,positive
holed_prism,dihedral_wedge,4e0,1e-9,1e-8,positive
holed_prism,carrier_on_surface_1,0e0,1e-9,1e-8,zero
holed_prism,carrier_on_surface_2,0e0,1e-9,1e-8,zero
holed_prism,dihedral_arm,4e0,1e-9,1e-8,positive
holed_prism,dihedral_wedge,4e0,1e-9,1e-8,positive
holed_prism,carrier_on_surface_1,0e0,1e-9,1e-8,zero
holed_prism,carrier_on_surface_2,0e0,1e-9,1e-8,zero
holed_prism,dihedral_arm,4e0,1e-9,1e-8,positive
holed_prism,dihedral_wedge,4e0,1e-9,1e-8,positive
holed_prism,carrier_on_surface_1,0e0,1e-9,1e-8,zero
holed_prism,carrier_on_surface_2,0e0,1e-9,1e-8,zero
holed_prism,dihedral_arm,4e0,1e-9,1e-8,positive
holed_prism,dihedral_wedge,4e0,1e-9,1e-8,positive
holed_prism,carrier_on_surface_1,-0e0,1e-9,1e-8,zero
holed_prism,carrier_on_surface_2,-0e0,1e-9,1e-8,zero
holed_prism,dihedral_arm,4e0,1e-9,1e-8,positive
holed_prism,dihedral_wedge,4e0,1e-9,1e-8,positive
holed_prism,carrier_on_surface_1,-0e0,1e-9,1e-8,zero
holed_prism,carrier_on_surface_2,-0e0,1e-9,1e-8,zero
holed_prism,dihedral_arm,4e0,1e-9,1e-8,positive
holed_prism,dihedral_wedge,4e0,1e-9,1e-8,positive
holed_prism,carrier_on_surface_1,-0e0,1e-9,1e-8,zero
holed_prism,carrier_on_surface_2,-0e0,1e-9,1e-8,zero
holed_prism,dihedral_arm,4e0,1e-9,1e-8,positive
holed_prism,dihedral_wedge,4e0,1e-9,1e-8,positive
holed_prism,carrier_on_surface_1,-0e0,1e-9,1e-8,zero
holed_prism,carrier_on_surface_2,-0e0,1e-9,1e-8,zero
holed_prism,witness_on_surface_1,0e0,1e-9,1e-8,zero
holed_prism,witness_on_surface_2,0e0,1e-9,1e-8,zero
holed_prism,witness_at_mid_parameter,0e0,1e-9,1e-8,zero
holed_prism,interval_span_forward,3.141592653589793e0,1e-9,1e-8,positive
holed_prism,interval_span_winding,3.141592653589793e0,1e-9,1e-8,positive
holed_prism,carrier_endpoint_start,0e0,1e-9,1e-8,zero
holed_prism,carrier_endpoint_end,1.2246467991473532e-16,1e-9,1e-8,zero
holed_prism,carrier_on_surface_1,0e0,1e-9,1e-8,zero
holed_prism,carrier_on_surface_2,0e0,1e-9,1e-8,zero
holed_prism,carrier_on_surface_1,0e0,1e-9,1e-8,zero
holed_prism,carrier_on_surface_2,0e0,1e-9,1e-8,zero
holed_prism,dihedral_arm,1e0,1e-9,1e-8,positive
holed_prism,dihedral_wedge,1e0,1e-9,1e-8,positive
holed_prism,carrier_on_surface_1,0e0,1e-9,1e-8,zero
holed_prism,carrier_on_surface_2,0e0,1e-9,1e-8,zero
holed_prism,dihedral_arm,1e0,1e-9,1e-8,positive
holed_prism,dihedral_wedge,1e0,1e-9,1e-8,positive
holed_prism,carrier_on_surface_1,0e0,1e-9,1e-8,zero
holed_prism,carrier_on_surface_2,0e0,1e-9,1e-8,zero
holed_prism,dihedral_arm,1e0,1e-9,1e-8,positive
holed_prism,dihedral_wedge,1e0,1e-9,1e-8,positive
holed_prism,carrier_on_surface_1,0e0,1e-9,1e-8,zero
holed_prism,carrier_on_surface_2,0e0,1e-9,1e-8,zero
holed_prism,dihedral_arm,1e0,1e-9,1e-8,positive
holed_prism,dihedral_wedge,1e0,1e-9,1e-8,positive
holed_prism,carrier_on_surface_1,0e0,1e-9,1e-8,zero
holed_prism,carrier_on_surface_2,0e0,1e-9,1e-8,zero
holed_prism,dihedral_arm,1e0,1e-9,1e-8,positive
holed_prism,dihedral_wedge,1e0,1e-9,1e-8,positive
holed_prism,carrier_on_surface_1,0e0,1e-9,1e-8,zero
holed_prism,carrier_on_surface_2,0e0,1e-9,1e-8,zero
holed_prism,dihedral_arm,1e0,1e-9,1e-8,positive
holed_prism,dihedral_wedge,1e0,1e-9,1e-8,positive
holed_prism,carrier_on_surface_1,0e0,1e-9,1e-8,zero
holed_prism,carrier_on_surface_2,0e0,1e-9,1e-8,zero
holed_prism,dihedral_arm,1e0,1e-9,1e-8,positive
holed_prism,dihedral_wedge,1e0,1e-9,1e-8,positive
holed_prism,carrier_on_surface_1,0e0,1e-9,1e-8,zero
holed_prism,carrier_on_surface_2,0e0,1e-9,1e-8,zero
holed_prism,witness_on_surface_1,0e0,1e-9,1e-8,zero
holed_prism,witness_on_surface_2,0e0,1e-9,1e-8,zero
holed_prism,witness_at_mid_parameter,0e0,1e-9,1e-8,zero
holed_prism,interval_span_forward,3.141592653589793e0,1e-9,1e-8,positive
holed_prism,interval_span_winding,3.141592653589793e0,1e-9,1e-8,positive
holed_prism,carrier_endpoint_start,0e0,1e-9,1e-8,zero
holed_prism,carrier_endpoint_end,1.2246467991473532e-16,1e-9,1e-8,zero
holed_prism,carrier_on_surface_1,0e0,1e-9,1e-8,zero
holed_prism,carrier_on_surface_2,0e0,1e-9,1e-8,zero
holed_prism,carrier_on_surface_1,0e0,1e-9,1e-8,zero
holed_prism,carrier_on_surface_2,0e0,1e-9,1e-8,zero
holed_prism,dihedral_arm,1e0,1e-9,1e-8,positive
holed_prism,dihedral_wedge,1e0,1e-9,1e-8,positive
holed_prism,carrier_on_surface_1,0e0,1e-9,1e-8,zero
holed_prism,carrier_on_surface_2,0e0,1e-9,1e-8,zero
holed_prism,dihedral_arm,1e0,1e-9,1e-8,positive
holed_prism,dihedral_wedge,1e0,1e-9,1e-8,positive
holed_prism,carrier_on_surface_1,0e0,1e-9,1e-8,zero
holed_prism,carrier_on_surface_2,0e0,1e-9,1e-8,zero
holed_prism,dihedral_arm,1e0,1e-9,1e-8,positive
holed_prism,dihedral_wedge,1e0,1e-9,1e-8,positive
holed_prism,carrier_on_surface_1,0e0,1e-9,1e-8,zero
holed_prism,carrier_on_surface_2,0e0,1e-9,1e-8,zero
holed_prism,dihedral_arm,1e0,1e-9,1e-8,positive
holed_prism,dihedral_wedge,1e0,1e-9,1e-8,positive
holed_prism,carrier_on_surface_1,-0e0,1e-9,1e-8,zero
holed_prism,carrier_on_surface_2,0e0,1e-9,1e-8,zero
holed_prism,dihedral_arm,1e0,1e-9,1e-8,positive
holed_prism,dihedral_wedge,1e0,1e-9,1e-8,positive
holed_prism,carrier_on_surface_1,-0e0,1e-9,1e-8,zero
holed_prism,carrier_on_surface_2,0e0,1e-9,1e-8,zero
holed_prism,dihedral_arm,1e0,1e-9,1e-8,positive
holed_prism,dihedral_wedge,1e0,1e-9,1e-8,positive
holed_prism,carrier_on_surface_1,-0e0,1e-9,1e-8,zero
holed_prism,carrier_on_surface_2,0e0,1e-9,1e-8,zero
holed_prism,dihedral_arm,1e0,1e-9,1e-8,positive
holed_prism,dihedral_wedge,1e0,1e-9,1e-8,positive
holed_prism,carrier_on_surface_1,-0e0,1e-9,1e-8,zero
holed_prism,carrier_on_surface_2,0e0,1e-9,1e-8,zero
holed_prism,witness_on_surface_1,0e0,1e-9,1e-8,zero
holed_prism,witness_on_surface_2,0e0,1e-9,1e-8,zero
holed_prism,witness_at_mid_parameter,0e0,1e-9,1e-8,zero
holed_prism,interval_span_forward,1e0,1e-9,1e-8,positive
holed_prism,carrier_endpoint_start,0e0,1e-9,1e-8,zero
holed_prism,carrier_endpoint_end,0e0,1e-9,1e-8,zero
holed_prism,carrier_on_surface_1,-0e0,1e-9,1e-8,zero
holed_prism,carrier_on_surface_2,-0e0,1e-9,1e-8,zero
holed_prism,carrier_on_surface_1,-0e0,1e-9,1e-8,zero
holed_prism,carrier_on_surface_2,-0e0,1e-9,1e-8,zero
holed_prism,dihedral_arm,1e0,1e-9,1e-8,positive
holed_prism,dihedral_wedge,1e0,1e-9,1e-8,positive
holed_prism,carrier_on_surface_1,-0e0,1e-9,1e-8,zero
holed_prism,carrier_on_surface_2,-0e0,1e-9,1e-8,zero
holed_prism,dihedral_arm,1e0,1e-9,1e-8,positive
holed_prism,dihedral_wedge,1e0,1e-9,1e-8,positive
holed_prism,carrier_on_surface_1,-0e0,1e-9,1e-8,zero
holed_prism,carrier_on_surface_2,-0e0,1e-9,1e-8,zero
holed_prism,dihedral_arm,1e0,1e-9,1e-8,positive
holed_prism,dihedral_wedge,1e0,1e-9,1e-8,positive
holed_prism,carrier_on_surface_1,0e0,1e-9,1e-8,zero
holed_prism,carrier_on_surface_2,0e0,1e-9,1e-8,zero
holed_prism,dihedral_arm,1e0,1e-9,1e-8,positive
holed_prism,dihedral_wedge,1e0,1e-9,1e-8,positive
holed_prism,carrier_on_surface_1,0e0,1e-9,1e-8,zero
holed_prism,carrier_on_surface_2,0e0,1e-9,1e-8,zero
holed_prism,dihedral_arm,1e0,1e-9,1e-8,positive
holed_prism,dihedral_wedge,1e0,1e-9,1e-8,positive
holed_prism,carrier_on_surface_1,0e0,1e-9,1e-8,zero
holed_prism,carrier_on_surface_2,0e0,1e-9,1e-8,zero
holed_prism,dihedral_arm,1e0,1e-9,1e-8,positive
holed_prism,dihedral_wedge,1e0,1e-9,1e-8,positive
holed_prism,carrier_on_surface_1,0e0,1e-9,1e-8,zero
holed_prism,carrier_on_surface_2,0e0,1e-9,1e-8,zero
holed_prism,dihedral_arm,1e0,1e-9,1e-8,positive
holed_prism,dihedral_wedge,1e0,1e-9,1e-8,positive
holed_prism,carrier_on_surface_1,0e0,1e-9,1e-8,zero
holed_prism,carrier_on_surface_2,0e0,1e-9,1e-8,zero
holed_prism,witness_on_surface_1,0e0,1e-9,1e-8,zero
holed_prism,witness_on_surface_2,0e0,1e-9,1e-8,zero
holed_prism,witness_at_mid_parameter,0e0,1e-9,1e-8,zero
holed_prism,interval_span_forward,1e0,1e-9,1e-8,positive
holed_prism,carrier_endpoint_start,0e0,1e-9,1e-8,zero
holed_prism,carrier_endpoint_end,0e0,1e-9,1e-8,zero
holed_prism,carrier_on_surface_1,0e0,1e-9,1e-8,zero
holed_prism,carrier_on_surface_2,0e0,1e-9,1e-8,zero
holed_prism,carrier_on_surface_1,0e0,1e-9,1e-8,zero
holed_prism,carrier_on_surface_2,0e0,1e-9,1e-8,zero
holed_prism,dihedral_arm,1e0,1e-9,1e-8,positive
holed_prism,dihedral_wedge,1e0,1e-9,1e-8,positive
holed_prism,carrier_on_surface_1,0e0,1e-9,1e-8,zero
holed_prism,carrier_on_surface_2,0e0,1e-9,1e-8,zero
holed_prism,dihedral_arm,1e0,1e-9,1e-8,positive
holed_prism,dihedral_wedge,1e0,1e-9,1e-8,positive
holed_prism,carrier_on_surface_1,0e0,1e-9,1e-8,zero
holed_prism,carrier_on_surface_2,0e0,1e-9,1e-8,zero
holed_prism,dihedral_arm,1e0,1e-9,1e-8,positive
holed_prism,dihedral_wedge,1e0,1e-9,1e-8,positive
holed_prism,carrier_on_surface_1,0e0,1e-9,1e-8,zero
holed_prism,carrier_on_surface_2,0e0,1e-9,1e-8,zero
holed_prism,dihedral_arm,1e0,1e-9,1e-8,positive
holed_prism,dihedral_wedge,1e0,1e-9,1e-8,positive
holed_prism,carrier_on_surface_1,0e0,1e-9,1e-8,zero
holed_prism,carrier_on_surface_2,0e0,1e-9,1e-8,zero
holed_prism,dihedral_arm,1e0,1e-9,1e-8,positive
holed_prism,dihedral_wedge,1e0,1e-9,1e-8,positive
holed_prism,carrier_on_surface_1,0e0,1e-9,1e-8,zero
holed_prism,carrier_on_surface_2,0e0,1e-9,1e-8,zero
holed_prism,dihedral_arm,1e0,1e-9,1e-8,positive
holed_prism,dihedral_wedge,1e0,1e-9,1e-8,positive
holed_prism,carrier_on_surface_1,0e0,1e-9,1e-8,zero
holed_prism,carrier_on_surface_2,0e0,1e-9,1e-8,zero
holed_prism,dihedral_arm,1e0,1e-9,1e-8,positive
holed_prism,dihedral_wedge,1e0,1e-9,1e-8,positive
holed_prism,carrier_on_surface_1,0e0,1e-9,1e-8,zero
holed_prism,carrier_on_surface_2,0e0,1e-9,1e-8,zero
holed_prism,witness_on_surface_1,0e0,1e-9,1e-8,zero
holed_prism,witness_on_surface_2,0e0,1e-9,1e-8,zero
holed_prism,witness_at_mid_parameter,0e0,1e-9,1e-8,zero
holed_prism,interval_span_forward,1e0,1e-9,1e-8,positive
holed_prism,carrier_endpoint_start,0e0,1e-9,1e-8,zero
holed_prism,carrier_endpoint_end,0e0,1e-9,1e-8,zero
holed_prism,carrier_on_surface_1,0e0,1e-9,1e-8,zero
holed_prism,carrier_on_surface_2,0e0,1e-9,1e-8,zero
holed_prism,carrier_on_surface_1,0e0,1e-9,1e-8,zero
holed_prism,carrier_on_surface_2,0e0,1e-9,1e-8,zero
holed_prism,dihedral_arm,1e0,1e-9,1e-8,positive
holed_prism,dihedral_wedge,1e0,1e-9,1e-8,positive
holed_prism,carrier_on_surface_1,0e0,1e-9,1e-8,zero
holed_prism,carrier_on_surface_2,0e0,1e-9,1e-8,zero
holed_prism,dihedral_arm,1e0,1e-9,1e-8,positive
holed_prism,dihedral_wedge,1e0,1e-9,1e-8,positive
holed_prism,carrier_on_surface_1,0e0,1e-9,1e-8,zero
holed_prism,carrier_on_surface_2,0e0,1e-9,1e-8,zero
holed_prism,dihedral_arm,1e0,1e-9,1e-8,positive
holed_prism,dihedral_wedge,1e0,1e-9,1e-8,positive
holed_prism,carrier_on_surface_1,0e0,1e-9,1e-8,zero
holed_prism,carrier_on_surface_2,0e0,1e-9,1e-8,zero
holed_prism,dihedral_arm,1e0,1e-9,1e-8,positive
holed_prism,dihedral_wedge,1e0,1e-9,1e-8,positive
holed_prism,carrier_on_surface_1,0e0,1e-9,1e-8,zero
holed_prism,carrier_on_surface_2,0e0,1e-9,1e-8,zero
holed_prism,dihedral_arm,1e0,1e-9,1e-8,positive
holed_prism,dihedral_wedge,1e0,1e-9,1e-8,positive
holed_prism,carrier_on_surface_1,0e0,1e-9,1e-8,zero
holed_prism,carrier_on_surface_2,0e0,1e-9,1e-8,zero
holed_prism,dihedral_arm,1e0,1e-9,1e-8,positive
holed_prism,dihedral_wedge,1e0,1e-9,1e-8,positive
holed_prism,carrier_on_surface_1,0e0,1e-9,1e-8,zero
holed_prism,carrier_on_surface_2,0e0,1e-9,1e-8,zero
holed_prism,dihedral_arm,1e0,1e-9,1e-8,positive
holed_prism,dihedral_wedge,1e0,1e-9,1e-8,positive
holed_prism,carrier_on_surface_1,0e0,1e-9,1e-8,zero
holed_prism,carrier_on_surface_2,0e0,1e-9,1e-8,zero
holed_prism,witness_on_surface_1,0e0,1e-9,1e-8,zero
holed_prism,witness_on_surface_2,0e0,1e-9,1e-8,zero
holed_prism,witness_at_mid_parameter,0e0,1e-9,1e-8,zero
holed_prism,interval_span_forward,1e0,1e-9,1e-8,positive
holed_prism,carrier_endpoint_start,0e0,1e-9,1e-8,zero
holed_prism,carrier_endpoint_end,0e0,1e-9,1e-8,zero
holed_prism,carrier_on_surface_1,0e0,1e-9,1e-8,zero
holed_prism,carrier_on_surface_2,0e0,1e-9,1e-8,zero
holed_prism,carrier_on_surface_1,0e0,1e-9,1e-8,zero
holed_prism,carrier_on_surface_2,0e0,1e-9,1e-8,zero
holed_prism,dihedral_arm,1e0,1e-9,1e-8,positive
holed_prism,dihedral_wedge,1e0,1e-9,1e-8,positive
holed_prism,carrier_on_surface_1,0e0,1e-9,1e-8,zero
holed_prism,carrier_on_surface_2,0e0,1e-9,1e-8,zero
holed_prism,dihedral_arm,1e0,1e-9,1e-8,positive
holed_prism,dihedral_wedge,1e0,1e-9,1e-8,positive
holed_prism,carrier_on_surface_1,0e0,1e-9,1e-8,zero
holed_prism,carrier_on_surface_2,0e0,1e-9,1e-8,zero
holed_prism,dihedral_arm,1e0,1e-9,1e-8,positive
holed_prism,dihedral_wedge,1e0,1e-9,1e-8,positive
holed_prism,carrier_on_surface_1,0e0,1e-9,1e-8,zero
holed_prism,carrier_on_surface_2,0e0,1e-9,1e-8,zero
holed_prism,dihedral_arm,1e0,1e-9,1e-8,positive
holed_prism,dihedral_wedge,1e0,1e-9,1e-8,positive
holed_prism,carrier_on_surface_1,0e0,1e-9,1e-8,zero
holed_prism,carrier_on_surface_2,0e0,1e-9,1e-8,zero
holed_prism,dihedral_arm,1e0,1e-9,1e-8,positive
holed_prism,dihedral_wedge,1e0,1e-9,1e-8,positive
holed_prism,carrier_on_surface_1,0e0,1e-9,1e-8,zero
holed_prism,carrier_on_surface_2,0e0,1e-9,1e-8,zero
holed_prism,dihedral_arm,1e0,1e-9,1e-8,positive
holed_prism,dihedral_wedge,1e0,1e-9,1e-8,positive
holed_prism,carrier_on_surface_1,0e0,1e-9,1e-8,zero
holed_prism,carrier_on_surface_2,0e0,1e-9,1e-8,zero
holed_prism,dihedral_arm,1e0,1e-9,1e-8,positive
holed_prism,dihedral_wedge,1e0,1e-9,1e-8,positive
holed_prism,carrier_on_surface_1,0e0,1e-9,1e-8,zero
holed_prism,carrier_on_surface_2,0e0,1e-9,1e-8,zero
holed_prism,witness_on_surface_1,0e0,1e-9,1e-8,zero
holed_prism,witness_on_surface_2,0e0,1e-9,1e-8,zero
holed_prism,witness_at_mid_parameter,0e0,1e-9,1e-8,zero
holed_prism,interval_span_forward,4e0,1e-9,1e-8,positive
holed_prism,carrier_endpoint_start,0e0,1e-9,1e-8,zero
holed_prism,carrier_endpoint_end,0e0,1e-9,1e-8,zero
holed_prism,carrier_on_surface_1,0e0,1e-9,1e-8,zero
holed_prism,carrier_on_surface_2,0e0,1e-9,1e-8,zero
holed_prism,carrier_on_surface_1,0e0,1e-9,1e-8,zero
holed_prism,carrier_on_surface_2,0e0,1e-9,1e-8,zero
holed_prism,dihedral_arm,4e0,1e-9,1e-8,positive
holed_prism,dihedral_wedge,4e0,1e-9,1e-8,positive
holed_prism,carrier_on_surface_1,0e0,1e-9,1e-8,zero
holed_prism,carrier_on_surface_2,0e0,1e-9,1e-8,zero
holed_prism,dihedral_arm,4e0,1e-9,1e-8,positive
holed_prism,dihedral_wedge,4e0,1e-9,1e-8,positive
holed_prism,carrier_on_surface_1,0e0,1e-9,1e-8,zero
holed_prism,carrier_on_surface_2,0e0,1e-9,1e-8,zero
holed_prism,dihedral_arm,4e0,1e-9,1e-8,positive
holed_prism,dihedral_wedge,4e0,1e-9,1e-8,positive
holed_prism,carrier_on_surface_1,0e0,1e-9,1e-8,zero
holed_prism,carrier_on_surface_2,0e0,1e-9,1e-8,zero
holed_prism,dihedral_arm,4e0,1e-9,1e-8,positive
holed_prism,dihedral_wedge,4e0,1e-9,1e-8,positive
holed_prism,carrier_on_surface_1,0e0,1e-9,1e-8,zero
holed_prism,carrier_on_surface_2,0e0,1e-9,1e-8,zero
holed_prism,dihedral_arm,4e0,1e-9,1e-8,positive
holed_prism,dihedral_wedge,4e0,1e-9,1e-8,positive
holed_prism,carrier_on_surface_1,0e0,1e-9,1e-8,zero
holed_prism,carrier_on_surface_2,0e0,1e-9,1e-8,zero
holed_prism,dihedral_arm,4e0,1e-9,1e-8,positive
holed_prism,dihedral_wedge,4e0,1e-9,1e-8,positive
holed_prism,carrier_on_surface_1,0e0,1e-9,1e-8,zero
holed_prism,carrier_on_surface_2,0e0,1e-9,1e-8,zero
holed_prism,dihedral_arm,4e0,1e-9,1e-8,positive
holed_prism,dihedral_wedge,4e0,1e-9,1e-8,positive
holed_prism,carrier_on_surface_1,0e0,1e-9,1e-8,zero
holed_prism,carrier_on_surface_2,0e0,1e-9,1e-8,zero
holed_prism,witness_on_surface_1,0e0,1e-9,1e-8,zero
holed_prism,witness_on_surface_2,0e0,1e-9,1e-8,zero
holed_prism,witness_at_mid_parameter,0e0,1e-9,1e-8,zero
holed_prism,interval_span_forward,4e0,1e-9,1e-8,positive
holed_prism,carrier_endpoint_start,0e0,1e-9,1e-8,zero
holed_prism,carrier_endpoint_end,0e0,1e-9,1e-8,zero
holed_prism,carrier_on_surface_1,0e0,1e-9,1e-8,zero
holed_prism,carrier_on_surface_2,0e0,1e-9,1e-8,zero
holed_prism,carrier_on_surface_1,0e0,1e-9,1e-8,zero
holed_prism,carrier_on_surface_2,0e0,1e-9,1e-8,zero
holed_prism,dihedral_arm,4e0,1e-9,1e-8,positive
holed_prism,dihedral_wedge,4e0,1e-9,1e-8,positive
holed_prism,carrier_on_surface_1,0e0,1e-9,1e-8,zero
holed_prism,carrier_on_surface_2,0e0,1e-9,1e-8,zero
holed_prism,dihedral_arm,4e0,1e-9,1e-8,positive
holed_prism,dihedral_wedge,4e0,1e-9,1e-8,positive
holed_prism,carrier_on_surface_1,0e0,1e-9,1e-8,zero
holed_prism,carrier_on_surface_2,0e0,1e-9,1e-8,zero
holed_prism,dihedral_arm,4e0,1e-9,1e-8,positive
holed_prism,dihedral_wedge,4e0,1e-9,1e-8,positive
holed_prism,carrier_on_surface_1,0e0,1e-9,1e-8,zero
holed_prism,carrier_on_surface_2,0e0,1e-9,1e-8,zero
holed_prism,dihedral_arm,4e0,1e-9,1e-8,positive
holed_prism,dihedral_wedge,4e0,1e-9,1e-8,positive
holed_prism,carrier_on_surface_1,0e0,1e-9,1e-8,zero
holed_prism,carrier_on_surface_2,0e0,1e-9,1e-8,zero
holed_prism,dihedral_arm,4e0,1e-9,1e-8,positive
holed_prism,dihedral_wedge,4e0,1e-9,1e-8,positive
holed_prism,carrier_on_surface_1,0e0,1e-9,1e-8,zero
holed_prism,carrier_on_surface_2,0e0,1e-9,1e-8,zero
holed_prism,dihedral_arm,4e0,1e-9,1e-8,positive
holed_prism,dihedral_wedge,4e0,1e-9,1e-8,positive
holed_prism,carrier_on_surface_1,0e0,1e-9,1e-8,zero
holed_prism,carrier_on_surface_2,0e0,1e-9,1e-8,zero
holed_prism,dihedral_arm,4e0,1e-9,1e-8,positive
holed_prism,dihedral_wedge,4e0,1e-9,1e-8,positive
holed_prism,carrier_on_surface_1,0e0,1e-9,1e-8,zero
holed_prism,carrier_on_surface_2,0e0,1e-9,1e-8,zero
holed_prism,witness_on_surface_1,0e0,1e-9,1e-8,zero
holed_prism,witness_on_surface_2,0e0,1e-9,1e-8,zero
holed_prism,witness_at_mid_parameter,0e0,1e-9,1e-8,zero
holed_prism,interval_span_forward,4e0,1e-9,1e-8,positive
holed_prism,carrier_endpoint_start,0e0,1e-9,1e-8,zero
holed_prism,carrier_endpoint_end,0e0,1e-9,1e-8,zero
holed_prism,carrier_on_surface_1,0e0,1e-9,1e-8,zero
holed_prism,carrier_on_surface_2,0e0,1e-9,1e-8,zero
holed_prism,carrier_on_surface_1,0e0,1e-9,1e-8,zero
holed_prism,carrier_on_surface_2,0e0,1e-9,1e-8,zero
holed_prism,dihedral_arm,4e0,1e-9,1e-8,positive
holed_prism,dihedral_wedge,4e0,1e-9,1e-8,positive
holed_prism,carrier_on_surface_1,0e0,1e-9,1e-8,zero
holed_prism,carrier_on_surface_2,0e0,1e-9,1e-8,zero
holed_prism,dihedral_arm,4e0,1e-9,1e-8,positive
holed_prism,dihedral_wedge,4e0,1e-9,1e-8,positive
holed_prism,carrier_on_surface_1,0e0,1e-9,1e-8,zero
holed_prism,carrier_on_surface_2,0e0,1e-9,1e-8,zero
holed_prism,dihedral_arm,4e0,1e-9,1e-8,positive
holed_prism,dihedral_wedge,4e0,1e-9,1e-8,positive
holed_prism,carrier_on_surface_1,0e0,1e-9,1e-8,zero
holed_prism,carrier_on_surface_2,0e0,1e-9,1e-8,zero
holed_prism,dihedral_arm,4e0,1e-9,1e-8,positive
holed_prism,dihedral_wedge,4e0,1e-9,1e-8,positive
holed_prism,carrier_on_surface_1,0e0,1e-9,1e-8,zero
holed_prism,carrier_on_surface_2,0e0,1e-9,1e-8,zero
holed_prism,dihedral_arm,4e0,1e-9,1e-8,positive
holed_prism,dihedral_wedge,4e0,1e-9,1e-8,positive
holed_prism,carrier_on_surface_1,0e0,1e-9,1e-8,zero
holed_prism,carrier_on_surface_2,0e0,1e-9,1e-8,zero
holed_prism,dihedral_arm,4e0,1e-9,1e-8,positive
holed_prism,dihedral_wedge,4e0,1e-9,1e-8,positive
holed_prism,carrier_on_surface_1,0e0,1e-9,1e-8,zero
holed_prism,carrier_on_surface_2,0e0,1e-9,1e-8,zero
holed_prism,dihedral_arm,4e0,1e-9,1e-8,positive
holed_prism,dihedral_wedge,4e0,1e-9,1e-8,positive
holed_prism,carrier_on_surface_1,0e0,1e-9,1e-8,zero
holed_prism,carrier_on_surface_2,0e0,1e-9,1e-8,zero
holed_prism,witness_on_surface_1,0e0,1e-9,1e-8,zero
holed_prism,witness_on_surface_2,0e0,1e-9,1e-8,zero
holed_prism,witness_at_mid_parameter,0e0,1e-9,1e-8,zero
holed_prism,interval_span_forward,4e0,1e-9,1e-8,positive
holed_prism,carrier_endpoint_start,0e0,1e-9,1e-8,zero
holed_prism,carrier_endpoint_end,0e0,1e-9,1e-8,zero
holed_prism,carrier_on_surface_1,0e0,1e-9,1e-8,zero
holed_prism,carrier_on_surface_2,0e0,1e-9,1e-8,zero
holed_prism,carrier_on_surface_1,0e0,1e-9,1e-8,zero
holed_prism,carrier_on_surface_2,0e0,1e-9,1e-8,zero
holed_prism,dihedral_arm,4e0,1e-9,1e-8,positive
holed_prism,dihedral_wedge,4e0,1e-9,1e-8,positive
holed_prism,carrier_on_surface_1,0e0,1e-9,1e-8,zero
holed_prism,carrier_on_surface_2,0e0,1e-9,1e-8,zero
holed_prism,dihedral_arm,4e0,1e-9,1e-8,positive
holed_prism,dihedral_wedge,4e0,1e-9,1e-8,positive
holed_prism,carrier_on_surface_1,0e0,1e-9,1e-8,zero
holed_prism,carrier_on_surface_2,0e0,1e-9,1e-8,zero
holed_prism,dihedral_arm,4e0,1e-9,1e-8,positive
holed_prism,dihedral_wedge,4e0,1e-9,1e-8,positive
holed_prism,carrier_on_surface_1,0e0,1e-9,1e-8,zero
holed_prism,carrier_on_surface_2,0e0,1e-9,1e-8,zero
holed_prism,dihedral_arm,4e0,1e-9,1e-8,positive
holed_prism,dihedral_wedge,4e0,1e-9,1e-8,positive
holed_prism,carrier_on_surface_1,0e0,1e-9,1e-8,zero
holed_prism,carrier_on_surface_2,0e0,1e-9,1e-8,zero
holed_prism,dihedral_arm,4e0,1e-9,1e-8,positive
holed_prism,dihedral_wedge,4e0,1e-9,1e-8,positive
holed_prism,carrier_on_surface_1,0e0,1e-9,1e-8,zero
holed_prism,carrier_on_surface_2,0e0,1e-9,1e-8,zero
holed_prism,dihedral_arm,4e0,1e-9,1e-8,positive
holed_prism,dihedral_wedge,4e0,1e-9,1e-8,positive
holed_prism,carrier_on_surface_1,0e0,1e-9,1e-8,zero
holed_prism,carrier_on_surface_2,0e0,1e-9,1e-8,zero
holed_prism,dihedral_arm,4e0,1e-9,1e-8,positive
holed_prism,dihedral_wedge,4e0,1e-9,1e-8,positive
holed_prism,carrier_on_surface_1,0e0,1e-9,1e-8,zero
holed_prism,carrier_on_surface_2,0e0,1e-9,1e-8,zero
holed_prism,witness_on_surface_1,0e0,1e-9,1e-8,zero
holed_prism,witness_on_surface_2,0e0,1e-9,1e-8,zero
holed_prism,witness_at_mid_parameter,0e0,1e-9,1e-8,zero
holed_prism,interval_span_forward,1e0,1e-9,1e-8,positive
holed_prism,carrier_endpoint_start,0e0,1e-9,1e-8,zero
holed_prism,carrier_endpoint_end,0e0,1e-9,1e-8,zero
holed_prism,carrier_matches_mapped_source,0e0,1e-9,1e-8,zero
holed_prism,carrier_matches_mapped_source,0e0,1e-9,1e-8,zero
holed_prism,carrier_matches_mapped_source,0e0,1e-9,1e-8,zero
holed_prism,carrier_matches_mapped_source,0e0,1e-9,1e-8,zero
holed_prism,carrier_matches_mapped_source,0e0,1e-9,1e-8,zero
holed_prism,carrier_matches_mapped_source,0e0,1e-9,1e-8,zero
holed_prism,carrier_matches_mapped_source,0e0,1e-9,1e-8,zero
holed_prism,carrier_matches_mapped_source,0e0,1e-9,1e-8,zero
holed_prism,carrier_matches_mapped_source,0e0,1e-9,1e-8,zero
holed_prism,interval_span_forward,1e0,1e-9,1e-8,positive
holed_prism,carrier_endpoint_start,0e0,1e-9,1e-8,zero
holed_prism,carrier_endpoint_end,0e0,1e-9,1e-8,zero
holed_prism,carrier_matches_mapped_source,0e0,1e-9,1e-8,zero
holed_prism,carrier_matches_mapped_source,0e0,1e-9,1e-8,zero
holed_prism,carrier_matches_mapped_source,0e0,1e-9,1e-8,zero
holed_prism,carrier_matches_mapped_source,0e0,1e-9,1e-8,zero
holed_prism,carrier_matches_mapped_source,0e0,1e-9,1e-8,zero
holed_prism,carrier_matches_mapped_source,0e0,1e-9,1e-8,zero
holed_prism,carrier_matches_mapped_source,0e0,1e-9,1e-8,zero
holed_prism,carrier_matches_mapped_source,0e0,1e-9,1e-8,zero
holed_prism,carrier_matches_mapped_source,0e0,1e-9,1e-8,zero
holed_prism,interval_span_forward,3.141592653589793e0,1e-9,1e-8,positive
holed_prism,interval_span_winding,3.141592653589793e0,1e-9,1e-8,positive
holed_prism,carrier_endpoint_start,0e0,1e-9,1e-8,zero
holed_prism,carrier_endpoint_end,1.2246467991473532e-16,1e-9,1e-8,zero
holed_prism,carrier_on_surface_1,0e0,1e-9,1e-8,zero
holed_prism,carrier_on_surface_2,0e0,1e-9,1e-8,zero
holed_prism,carrier_on_surface_1,0e0,1e-9,1e-8,zero
holed_prism,carrier_on_surface_2,0e0,1e-9,1e-8,zero
holed_prism,dihedral_arm,1e0,1e-9,1e-8,positive
holed_prism,dihedral_wedge,1e0,1e-9,1e-8,positive
holed_prism,carrier_on_surface_1,0e0,1e-9,1e-8,zero
holed_prism,carrier_on_surface_2,0e0,1e-9,1e-8,zero
holed_prism,dihedral_arm,1e0,1e-9,1e-8,positive
holed_prism,dihedral_wedge,1e0,1e-9,1e-8,positive
holed_prism,carrier_on_surface_1,0e0,1e-9,1e-8,zero
holed_prism,carrier_on_surface_2,0e0,1e-9,1e-8,zero
holed_prism,dihedral_arm,1e0,1e-9,1e-8,positive
holed_prism,dihedral_wedge,1e0,1e-9,1e-8,positive
holed_prism,carrier_on_surface_1,0e0,1e-9,1e-8,zero
holed_prism,carrier_on_surface_2,0e0,1e-9,1e-8,zero
holed_prism,dihedral_arm,1e0,1e-9,1e-8,positive
holed_prism,dihedral_wedge,1e0,1e-9,1e-8,positive
holed_prism,carrier_on_surface_1,0e0,1e-9,1e-8,zero
holed_prism,carrier_on_surface_2,0e0,1e-9,1e-8,zero
holed_prism,dihedral_arm,1e0,1e-9,1e-8,positive
holed_prism,dihedral_wedge,1e0,1e-9,1e-8,positive
holed_prism,carrier_on_surface_1,0e0,1e-9,1e-8,zero
holed_prism,carrier_on_surface_2,0e0,1e-9,1e-8,zero
holed_prism,dihedral_arm,1e0,1e-9,1e-8,positive
holed_prism,dihedral_wedge,1e0,1e-9,1e-8,positive
holed_prism,carrier_on_surface_1,0e0,1e-9,1e-8,zero
holed_prism,carrier_on_surface_2,0e0,1e-9,1e-8,zero
holed_prism,dihedral_arm,1e0,1e-9,1e-8,positive
holed_prism,dihedral_wedge,1e0,1e-9,1e-8,positive
holed_prism,carrier_on_surface_1,0e0,1e-9,1e-8,zero
holed_prism,carrier_on_surface_2,0e0,1e-9,1e-8,zero
holed_prism,witness_on_surface_1,0e0,1e-9,1e-8,zero
holed_prism,witness_on_surface_2,0e0,1e-9,1e-8,zero
holed_prism,witness_at_mid_parameter,0e0,1e-9,1e-8,zero
holed_prism,interval_span_forward,3.141592653589793e0,1e-9,1e-8,positive
holed_prism,interval_span_winding,3.141592653589793e0,1e-9,1e-8,positive
holed_prism,carrier_endpoint_start,0e0,1e-9,1e-8,zero
holed_prism,carrier_endpoint_end,1.2246467991473532e-16,1e-9,1e-8,zero
holed_prism,carrier_on_surface_1,0e0,1e-9,1e-8,zero
holed_prism,carrier_on_surface_2,0e0,1e-9,1e-8,zero
holed_prism,carrier_on_surface_1,0e0,1e-9,1e-8,zero
holed_prism,carrier_on_surface_2,0e0,1e-9,1e-8,zero
holed_prism,dihedral_arm,1e0,1e-9,1e-8,positive
holed_prism,dihedral_wedge,1e0,1e-9,1e-8,positive
holed_prism,carrier_on_surface_1,0e0,1e-9,1e-8,zero
holed_prism,carrier_on_surface_2,0e0,1e-9,1e-8,zero
holed_prism,dihedral_arm,1e0,1e-9,1e-8,positive
holed_prism,dihedral_wedge,1e0,1e-9,1e-8,positive
holed_prism,carrier_on_surface_1,0e0,1e-9,1e-8,zero
holed_prism,carrier_on_surface_2,0e0,1e-9,1e-8,zero
holed_prism,dihedral_arm,1e0,1e-9,1e-8,positive
holed_prism,dihedral_wedge,1e0,1e-9,1e-8,positive
holed_prism,carrier_on_surface_1,0e0,1e-9,1e-8,zero
holed_prism,carrier_on_surface_2,0e0,1e-9,1e-8,zero
holed_prism,dihedral_arm,1e0,1e-9,1e-8,positive
holed_prism,dihedral_wedge,1e0,1e-9,1e-8,positive
holed_prism,carrier_on_surface_1,0e0,1e-9,1e-8,zero
holed_prism,carrier_on_surface_2,0e0,1e-9,1e-8,zero
holed_prism,dihedral_arm,1e0,1e-9,1e-8,positive
holed_prism,dihedral_wedge,1e0,1e-9,1e-8,positive
holed_prism,carrier_on_surface_1,0e0,1e-9,1e-8,zero
holed_prism,carrier_on_surface_2,0e0,1e-9,1e-8,zero
holed_prism,dihedral_arm,1e0,1e-9,1e-8,positive
holed_prism,dihedral_wedge,1e0,1e-9,1e-8,positive
holed_prism,carrier_on_surface_1,0e0,1e-9,1e-8,zero
holed_prism,carrier_on_surface_2,0e0,1e-9,1e-8,zero
holed_prism,dihedral_arm,1e0,1e-9,1e-8,positive
holed_prism,dihedral_wedge,1e0,1e-9,1e-8,positive
holed_prism,carrier_on_surface_1,0e0,1e-9,1e-8,zero
holed_prism,carrier_on_surface_2,0e0,1e-9,1e-8,zero
holed_prism,witness_on_surface_1,0e0,1e-9,1e-8,zero
holed_prism,witness_on_surface_2,0e0,1e-9,1e-8,zero
holed_prism,witness_at_mid_parameter,0e0,1e-9,1e-8,zero
holed_prism,planar_face_residual,0e0,1e-9,1e-8,zero
holed_prism,planar_face_residual,0e0,1e-9,1e-8,zero
holed_prism,planar_face_residual,0e0,1e-9,1e-8,zero
holed_prism,planar_face_residual,0e0,1e-9,1e-8,zero
holed_prism,planar_face_residual,0e0,1e-9,1e-8,zero
holed_prism,planar_face_residual,0e0,1e-9,1e-8,zero
holed_prism,planar_face_residual,-0e0,1e-9,1e-8,zero
holed_prism,planar_face_residual,0e0,1e-9,1e-8,zero
holed_prism,planar_face_residual,0e0,1e-9,1e-8,zero
holed_prism,planar_face_residual,0e0,1e-9,1e-8,zero
holed_prism,planar_face_residual,0e0,1e-9,1e-8,zero
holed_prism,planar_face_residual,0e0,1e-9,1e-8,zero
holed_prism,planar_face_residual,0e0,1e-9,1e-8,zero
holed_prism,planar_face_residual,0e0,1e-9,1e-8,zero
holed_prism,planar_face_residual,-0e0,1e-9,1e-8,zero
holed_prism,planar_face_residual,0e0,1e-9,1e-8,zero
holed_prism,planar_face_residual,0e0,1e-9,1e-8,zero
holed_prism,planar_face_residual,0e0,1e-9,1e-8,zero
holed_prism,planar_face_residual,0e0,1e-9,1e-8,zero
holed_prism,planar_face_residual,0e0,1e-9,1e-8,zero
holed_prism,planar_face_residual,0e0,1e-9,1e-8,zero
holed_prism,planar_face_residual,0e0,1e-9,1e-8,zero
holed_prism,planar_face_residual,0e0,1e-9,1e-8,zero
holed_prism,planar_face_residual,0e0,1e-9,1e-8,zero
holed_prism,planar_face_residual,0e0,1e-9,1e-8,zero
holed_prism,planar_face_residual,0e0,1e-9,1e-8,zero
holed_prism,planar_face_residual,0e0,1e-9,1e-8,zero
holed_prism,planar_face_residual,-0e0,1e-9,1e-8,zero
holed_prism,dihedral_arm,4e0,1e-9,1e-8,positive
holed_prism,dihedral_wedge,4e0,1e-9,1e-8,positive
holed_prism,dihedral_arm,4e0,1e-9,1e-8,positive
holed_prism,dihedral_wedge,4e0,1e-9,1e-8,positive
holed_prism,dihedral_arm,4e0,1e-9,1e-8,positive
holed_prism,dihedral_wedge,4e0,1e-9,1e-8,positive
holed_prism,dihedral_arm,4e0,1e-9,1e-8,positive
holed_prism,dihedral_wedge,4e0,1e-9,1e-8,positive
holed_prism,dihedral_arm,4e0,1e-9,1e-8,positive
holed_prism,dihedral_wedge,4e0,1e-9,1e-8,positive
holed_prism,dihedral_arm,4e0,1e-9,1e-8,positive
holed_prism,dihedral_wedge,4e0,1e-9,1e-8,positive
holed_prism,dihedral_arm,4e0,1e-9,1e-8,positive
holed_prism,dihedral_wedge,4e0,1e-9,1e-8,positive
holed_prism,planar_boundary_residual,-0e0,1e-9,1e-8,zero
holed_prism,planar_boundary_residual,-0e0,1e-9,1e-8,zero
holed_prism,planar_boundary_residual,-0e0,1e-9,1e-8,zero
holed_prism,planar_boundary_residual,0e0,1e-9,1e-8,zero
holed_prism,planar_boundary_residual,0e0,1e-9,1e-8,zero
holed_prism,planar_boundary_residual,0e0,1e-9,1e-8,zero
holed_prism,planar_boundary_residual,0e0,1e-9,1e-8,zero
holed_prism,planar_boundary_residual,-0e0,1e-9,1e-8,zero
holed_prism,planar_boundary_residual,-0e0,1e-9,1e-8,zero
holed_prism,planar_boundary_residual,-0e0,1e-9,1e-8,zero
holed_prism,planar_boundary_residual,0e0,1e-9,1e-8,zero
holed_prism,planar_boundary_residual,0e0,1e-9,1e-8,zero
holed_prism,planar_boundary_residual,0e0,1e-9,1e-8,zero
holed_prism,planar_boundary_residual,0e0,1e-9,1e-8,zero
holed_prism,dihedral_arm,4e0,1e-9,1e-8,positive
holed_prism,dihedral_wedge,4e0,1e-9,1e-8,positive
holed_prism,dihedral_arm,4e0,1e-9,1e-8,positive
holed_prism,dihedral_wedge,4e0,1e-9,1e-8,positive
holed_prism,dihedral_arm,4e0,1e-9,1e-8,positive
holed_prism,dihedral_wedge,4e0,1e-9,1e-8,positive
holed_prism,dihedral_arm,4e0,1e-9,1e-8,positive
holed_prism,dihedral_wedge,4e0,1e-9,1e-8,positive
holed_prism,dihedral_arm,4e0,1e-9,1e-8,positive
holed_prism,dihedral_wedge,4e0,1e-9,1e-8,positive
holed_prism,dihedral_arm,4e0,1e-9,1e-8,positive
holed_prism,dihedral_wedge,4e0,1e-9,1e-8,positive
holed_prism,dihedral_arm,4e0,1e-9,1e-8,positive
holed_prism,dihedral_wedge,4e0,1e-9,1e-8,positive
holed_prism,planar_boundary_residual,0e0,1e-9,1e-8,zero
holed_prism,planar_boundary_residual,0e0,1e-9,1e-8,zero
holed_prism,planar_boundary_residual,0e0,1e-9,1e-8,zero
holed_prism,planar_boundary_residual,0e0,1e-9,1e-8,zero
holed_prism,planar_boundary_residual,0e0,1e-9,1e-8,zero
holed_prism,planar_boundary_residual,0e0,1e-9,1e-8,zero
holed_prism,planar_boundary_residual,0e0,1e-9,1e-8,zero
holed_prism,planar_boundary_residual,0e0,1e-9,1e-8,zero
holed_prism,planar_boundary_residual,0e0,1e-9,1e-8,zero
holed_prism,planar_boundary_residual,0e0,1e-9,1e-8,zero
holed_prism,planar_boundary_residual,0e0,1e-9,1e-8,zero
holed_prism,planar_boundary_residual,0e0,1e-9,1e-8,zero
holed_prism,planar_boundary_residual,0e0,1e-9,1e-8,zero
holed_prism,planar_boundary_residual,0e0,1e-9,1e-8,zero
holed_prism,dihedral_arm,4e0,1e-9,1e-8,positive
holed_prism,dihedral_wedge,4e0,1e-9,1e-8,positive
holed_prism,dihedral_arm,4e0,1e-9,1e-8,positive
holed_prism,dihedral_wedge,4e0,1e-9,1e-8,positive
holed_prism,dihedral_arm,4e0,1e-9,1e-8,positive
holed_prism,dihedral_wedge,4e0,1e-9,1e-8,positive
holed_prism,dihedral_arm,4e0,1e-9,1e-8,positive
holed_prism,dihedral_wedge,4e0,1e-9,1e-8,positive
holed_prism,dihedral_arm,4e0,1e-9,1e-8,positive
holed_prism,dihedral_wedge,4e0,1e-9,1e-8,positive
holed_prism,dihedral_arm,4e0,1e-9,1e-8,positive
holed_prism,dihedral_wedge,4e0,1e-9,1e-8,positive
holed_prism,dihedral_arm,4e0,1e-9,1e-8,positive
holed_prism,dihedral_wedge,4e0,1e-9,1e-8,positive
holed_prism,planar_boundary_residual,0e0,1e-9,1e-8,zero
holed_prism,planar_boundary_residual,0e0,1e-9,1e-8,zero
holed_prism,planar_boundary_residual,0e0,1e-9,1e-8,zero
holed_prism,planar_boundary_residual,0e0,1e-9,1e-8,zero
holed_prism,planar_boundary_residual,0e0,1e-9,1e-8,zero
holed_prism,planar_boundary_residual,0e0,1e-9,1e-8,zero
holed_prism,planar_boundary_residual,0e0,1e-9,1e-8,zero
holed_prism,planar_boundary_residual,0e0,1e-9,1e-8,zero
holed_prism,planar_boundary_residual,0e0,1e-9,1e-8,zero
holed_prism,planar_boundary_residual,0e0,1e-9,1e-8,zero
holed_prism,planar_boundary_residual,0e0,1e-9,1e-8,zero
holed_prism,planar_boundary_residual,0e0,1e-9,1e-8,zero
holed_prism,planar_boundary_residual,0e0,1e-9,1e-8,zero
holed_prism,planar_boundary_residual,0e0,1e-9,1e-8,zero
holed_prism,dihedral_arm,4e0,1e-9,1e-8,positive
holed_prism,dihedral_wedge,4e0,1e-9,1e-8,positive
holed_prism,dihedral_arm,4e0,1e-9,1e-8,positive
holed_prism,dihedral_wedge,4e0,1e-9,1e-8,positive
holed_prism,dihedral_arm,4e0,1e-9,1e-8,positive
holed_prism,dihedral_wedge,4e0,1e-9,1e-8,positive
holed_prism,dihedral_arm,4e0,1e-9,1e-8,positive
holed_prism,dihedral_wedge,4e0,1e-9,1e-8,positive
holed_prism,dihedral_arm,4e0,1e-9,1e-8,positive
holed_prism,dihedral_wedge,4e0,1e-9,1e-8,positive
holed_prism,dihedral_arm,4e0,1e-9,1e-8,positive
holed_prism,dihedral_wedge,4e0,1e-9,1e-8,positive
holed_prism,dihedral_arm,4e0,1e-9,1e-8,positive
holed_prism,dihedral_wedge,4e0,1e-9,1e-8,positive
holed_prism,planar_boundary_residual,0e0,1e-9,1e-8,zero
holed_prism,planar_boundary_residual,0e0,1e-9,1e-8,zero
holed_prism,planar_boundary_residual,0e0,1e-9,1e-8,zero
holed_prism,planar_boundary_residual,0e0,1e-9,1e-8,zero
holed_prism,planar_boundary_residual,-0e0,1e-9,1e-8,zero
holed_prism,planar_boundary_residual,-0e0,1e-9,1e-8,zero
holed_prism,planar_boundary_residual,-0e0,1e-9,1e-8,zero
holed_prism,planar_boundary_residual,0e0,1e-9,1e-8,zero
holed_prism,planar_boundary_residual,0e0,1e-9,1e-8,zero
holed_prism,planar_boundary_residual,0e0,1e-9,1e-8,zero
holed_prism,planar_boundary_residual,0e0,1e-9,1e-8,zero
holed_prism,planar_boundary_residual,-0e0,1e-9,1e-8,zero
holed_prism,planar_boundary_residual,-0e0,1e-9,1e-8,zero
holed_prism,planar_boundary_residual,-0e0,1e-9,1e-8,zero
holed_prism,dihedral_arm,1e0,1e-9,1e-8,positive
holed_prism,dihedral_wedge,1e0,1e-9,1e-8,positive
holed_prism,dihedral_arm,1e0,1e-9,1e-8,positive
holed_prism,dihedral_wedge,1e0,1e-9,1e-8,positive
holed_prism,dihedral_arm,1e0,1e-9,1e-8,positive
holed_prism,dihedral_wedge,1e0,1e-9,1e-8,positive
holed_prism,dihedral_arm,1e0,1e-9,1e-8,positive
holed_prism,dihedral_wedge,1e0,1e-9,1e-8,positive
holed_prism,dihedral_arm,1e0,1e-9,1e-8,positive
holed_prism,dihedral_wedge,1e0,1e-9,1e-8,positive
holed_prism,dihedral_arm,1e0,1e-9,1e-8,positive
holed_prism,dihedral_wedge,1e0,1e-9,1e-8,positive
holed_prism,dihedral_arm,1e0,1e-9,1e-8,positive
holed_prism,dihedral_wedge,1e0,1e-9,1e-8,positive
holed_prism,planar_boundary_residual,0e0,1e-9,1e-8,zero
holed_prism,planar_boundary_residual,0e0,1e-9,1e-8,zero
holed_prism,planar_boundary_residual,0e0,1e-9,1e-8,zero
holed_prism,planar_boundary_residual,0e0,1e-9,1e-8,zero
holed_prism,planar_boundary_residual,0e0,1e-9,1e-8,zero
holed_prism,planar_boundary_residual,0e0,1e-9,1e-8,zero
holed_prism,planar_boundary_residual,0e0,1e-9,1e-8,zero
holed_prism,dihedral_arm,1e0,1e-9,1e-8,positive
holed_prism,dihedral_wedge,1e0,1e-9,1e-8,positive
holed_prism,dihedral_arm,1e0,1e-9,1e-8,positive
holed_prism,dihedral_wedge,1e0,1e-9,1e-8,positive
holed_prism,dihedral_arm,1e0,1e-9,1e-8,positive
holed_prism,dihedral_wedge,1e0,1e-9,1e-8,positive
holed_prism,dihedral_arm,1e0,1e-9,1e-8,positive
holed_prism,dihedral_wedge,1e0,1e-9,1e-8,positive
holed_prism,dihedral_arm,1e0,1e-9,1e-8,positive
holed_prism,dihedral_wedge,1e0,1e-9,1e-8,positive
holed_prism,dihedral_arm,1e0,1e-9,1e-8,positive
holed_prism,dihedral_wedge,1e0,1e-9,1e-8,positive
holed_prism,dihedral_arm,1e0,1e-9,1e-8,positive
holed_prism,dihedral_wedge,1e0,1e-9,1e-8,positive
holed_prism,planar_boundary_residual,0e0,1e-9,1e-8,zero
holed_prism,planar_boundary_residual,0e0,1e-9,1e-8,zero
holed_prism,planar_boundary_residual,0e0,1e-9,1e-8,zero
holed_prism,planar_boundary_residual,0e0,1e-9,1e-8,zero
holed_prism,planar_boundary_residual,-0e0,1e-9,1e-8,zero
holed_prism,planar_boundary_residual,-0e0,1e-9,1e-8,zero
holed_prism,planar_boundary_residual,-0e0,1e-9,1e-8,zero
holed_prism,dihedral_arm,1e0,1e-9,1e-8,positive
holed_prism,dihedral_wedge,1e0,1e-9,1e-8,positive
holed_prism,dihedral_arm,1e0,1e-9,1e-8,positive
holed_prism,dihedral_wedge,1e0,1e-9,1e-8,positive
holed_prism,dihedral_arm,1e0,1e-9,1e-8,positive
holed_prism,dihedral_wedge,1e0,1e-9,1e-8,positive
holed_prism,dihedral_arm,1e0,1e-9,1e-8,positive
holed_prism,dihedral_wedge,1e0,1e-9,1e-8,positive
holed_prism,dihedral_arm,1e0,1e-9,1e-8,positive
holed_prism,dihedral_wedge,1e0,1e-9,1e-8,positive
holed_prism,dihedral_arm,1e0,1e-9,1e-8,positive
holed_prism,dihedral_wedge,1e0,1e-9,1e-8,positive
holed_prism,dihedral_arm,1e0,1e-9,1e-8,positive
holed_prism,dihedral_wedge,1e0,1e-9,1e-8,positive
holed_prism,planar_boundary_residual,-0e0,1e-9,1e-8,zero
holed_prism,planar_boundary_residual,-0e0,1e-9,1e-8,zero
holed_prism,planar_boundary_residual,-0e0,1e-9,1e-8,zero
holed_prism,planar_boundary_residual,0e0,1e-9,1e-8,zero
holed_prism,planar_boundary_residual,0e0,1e-9,1e-8,zero
holed_prism,planar_boundary_residual,0e0,1e-9,1e-8,zero
holed_prism,planar_boundary_residual,0e0,1e-9,1e-8,zero
holed_prism,planar_boundary_residual,-0e0,1e-9,1e-8,zero
holed_prism,planar_boundary_residual,-0e0,1e-9,1e-8,zero
holed_prism,planar_boundary_residual,-0e0,1e-9,1e-8,zero
holed_prism,planar_boundary_residual,0e0,1e-9,1e-8,zero
holed_prism,planar_boundary_residual,0e0,1e-9,1e-8,zero
holed_prism,planar_boundary_residual,0e0,1e-9,1e-8,zero
holed_prism,planar_boundary_residual,0e0,1e-9,1e-8,zero
holed_prism,dihedral_arm,1e0,1e-9,1e-8,positive
holed_prism,dihedral_wedge,1e0,1e-9,1e-8,positive
holed_prism,dihedral_arm,1e0,1e-9,1e-8,positive
holed_prism,dihedral_wedge,1e0,1e-9,1e-8,positive
holed_prism,dihedral_arm,1e0,1e-9,1e-8,positive
holed_prism,dihedral_wedge,1e0,1e-9,1e-8,positive
holed_prism,dihedral_arm,1e0,1e-9,1e-8,positive
holed_prism,dihedral_wedge,1e0,1e-9,1e-8,positive
holed_prism,dihedral_arm,1e0,1e-9,1e-8,positive
holed_prism,dihedral_wedge,1e0,1e-9,1e-8,positive
holed_prism,dihedral_arm,1e0,1e-9,1e-8,positive
holed_prism,dihedral_wedge,1e0,1e-9,1e-8,positive
holed_prism,dihedral_arm,1e0,1e-9,1e-8,positive
holed_prism,dihedral_wedge,1e0,1e-9,1e-8,positive
holed_prism,planar_boundary_residual,0e0,1e-9,1e-8,zero
holed_prism,planar_boundary_residual,0e0,1e-9,1e-8,zero
holed_prism,planar_boundary_residual,0e0,1e-9,1e-8,zero
holed_prism,planar_boundary_residual,0e0,1e-9,1e-8,zero
holed_prism,planar_boundary_residual,0e0,1e-9,1e-8,zero
holed_prism,planar_boundary_residual,0e0,1e-9,1e-8,zero
holed_prism,planar_boundary_residual,0e0,1e-9,1e-8,zero
holed_prism,planar_boundary_residual,0e0,1e-9,1e-8,zero
holed_prism,planar_boundary_residual,0e0,1e-9,1e-8,zero
holed_prism,planar_boundary_residual,0e0,1e-9,1e-8,zero
holed_prism,planar_boundary_residual,0e0,1e-9,1e-8,zero
holed_prism,planar_boundary_residual,0e0,1e-9,1e-8,zero
holed_prism,planar_boundary_residual,0e0,1e-9,1e-8,zero
holed_prism,planar_boundary_residual,0e0,1e-9,1e-8,zero
holed_prism,dihedral_arm,1e0,1e-9,1e-8,positive
holed_prism,dihedral_wedge,1e0,1e-9,1e-8,positive
holed_prism,dihedral_arm,1e0,1e-9,1e-8,positive
holed_prism,dihedral_wedge,1e0,1e-9,1e-8,positive
holed_prism,dihedral_arm,1e0,1e-9,1e-8,positive
holed_prism,dihedral_wedge,1e0,1e-9,1e-8,positive
holed_prism,dihedral_arm,1e0,1e-9,1e-8,positive
holed_prism,dihedral_wedge,1e0,1e-9,1e-8,positive
holed_prism,dihedral_arm,1e0,1e-9,1e-8,positive
holed_prism,dihedral_wedge,1e0,1e-9,1e-8,positive
holed_prism,dihedral_arm,1e0,1e-9,1e-8,positive
holed_prism,dihedral_wedge,1e0,1e-9,1e-8,positive
holed_prism,dihedral_arm,1e0,1e-9,1e-8,positive
holed_prism,dihedral_wedge,1e0,1e-9,1e-8,positive
holed_prism,planar_boundary_residual,0e0,1e-9,1e-8,zero
holed_prism,planar_boundary_residual,0e0,1e-9,1e-8,zero
holed_prism,planar_boundary_residual,0e0,1e-9,1e-8,zero
holed_prism,planar_boundary_residual,0e0,1e-9,1e-8,zero
holed_prism,planar_boundary_residual,0e0,1e-9,1e-8,zero
holed_prism,planar_boundary_residual,0e0,1e-9,1e-8,zero
holed_prism,planar_boundary_residual,0e0,1e-9,1e-8,zero
holed_prism,planar_boundary_residual,0e0,1e-9,1e-8,zero
holed_prism,planar_boundary_residual,0e0,1e-9,1e-8,zero
holed_prism,planar_boundary_residual,0e0,1e-9,1e-8,zero
holed_prism,planar_boundary_residual,0e0,1e-9,1e-8,zero
holed_prism,planar_boundary_residual,0e0,1e-9,1e-8,zero
holed_prism,planar_boundary_residual,0e0,1e-9,1e-8,zero
holed_prism,planar_boundary_residual,0e0,1e-9,1e-8,zero
holed_prism,dihedral_arm,1e0,1e-9,1e-8,positive
holed_prism,dihedral_wedge,1e0,1e-9,1e-8,positive
holed_prism,dihedral_arm,1e0,1e-9,1e-8,positive
holed_prism,dihedral_wedge,1e0,1e-9,1e-8,positive
holed_prism,dihedral_arm,1e0,1e-9,1e-8,positive
holed_prism,dihedral_wedge,1e0,1e-9,1e-8,positive
holed_prism,dihedral_arm,1e0,1e-9,1e-8,positive
holed_prism,dihedral_wedge,1e0,1e-9,1e-8,positive
holed_prism,dihedral_arm,1e0,1e-9,1e-8,positive
holed_prism,dihedral_wedge,1e0,1e-9,1e-8,positive
holed_prism,dihedral_arm,1e0,1e-9,1e-8,positive
holed_prism,dihedral_wedge,1e0,1e-9,1e-8,positive
holed_prism,dihedral_arm,1e0,1e-9,1e-8,positive
holed_prism,dihedral_wedge,1e0,1e-9,1e-8,positive
holed_prism,planar_boundary_residual,0e0,1e-9,1e-8,zero
holed_prism,planar_boundary_residual,0e0,1e-9,1e-8,zero
holed_prism,planar_boundary_residual,0e0,1e-9,1e-8,zero
holed_prism,planar_boundary_residual,0e0,1e-9,1e-8,zero
holed_prism,planar_boundary_residual,0e0,1e-9,1e-8,zero
holed_prism,planar_boundary_residual,0e0,1e-9,1e-8,zero
holed_prism,planar_boundary_residual,0e0,1e-9,1e-8,zero
holed_prism,planar_boundary_residual,0e0,1e-9,1e-8,zero
holed_prism,planar_boundary_residual,0e0,1e-9,1e-8,zero
holed_prism,planar_boundary_residual,0e0,1e-9,1e-8,zero
holed_prism,planar_boundary_residual,0e0,1e-9,1e-8,zero
holed_prism,planar_boundary_residual,0e0,1e-9,1e-8,zero
holed_prism,planar_boundary_residual,0e0,1e-9,1e-8,zero
holed_prism,planar_boundary_residual,0e0,1e-9,1e-8,zero
holed_prism,dihedral_arm,4e0,1e-9,1e-8,positive
holed_prism,dihedral_wedge,4e0,1e-9,1e-8,positive
holed_prism,dihedral_arm,4e0,1e-9,1e-8,positive
holed_prism,dihedral_wedge,4e0,1e-9,1e-8,positive
holed_prism,dihedral_arm,4e0,1e-9,1e-8,positive
holed_prism,dihedral_wedge,4e0,1e-9,1e-8,positive
holed_prism,dihedral_arm,4e0,1e-9,1e-8,positive
holed_prism,dihedral_wedge,4e0,1e-9,1e-8,positive
holed_prism,dihedral_arm,4e0,1e-9,1e-8,positive
holed_prism,dihedral_wedge,4e0,1e-9,1e-8,positive
holed_prism,dihedral_arm,4e0,1e-9,1e-8,positive
holed_prism,dihedral_wedge,4e0,1e-9,1e-8,positive
holed_prism,dihedral_arm,4e0,1e-9,1e-8,positive
holed_prism,dihedral_wedge,4e0,1e-9,1e-8,positive
holed_prism,planar_boundary_residual,0e0,1e-9,1e-8,zero
holed_prism,planar_boundary_residual,0e0,1e-9,1e-8,zero
holed_prism,planar_boundary_residual,0e0,1e-9,1e-8,zero
holed_prism,planar_boundary_residual,0e0,1e-9,1e-8,zero
holed_prism,planar_boundary_residual,0e0,1e-9,1e-8,zero
holed_prism,planar_boundary_residual,0e0,1e-9,1e-8,zero
holed_prism,planar_boundary_residual,0e0,1e-9,1e-8,zero
holed_prism,planar_boundary_residual,0e0,1e-9,1e-8,zero
holed_prism,planar_boundary_residual,0e0,1e-9,1e-8,zero
holed_prism,planar_boundary_residual,0e0,1e-9,1e-8,zero
holed_prism,planar_boundary_residual,0e0,1e-9,1e-8,zero
holed_prism,planar_boundary_residual,0e0,1e-9,1e-8,zero
holed_prism,planar_boundary_residual,0e0,1e-9,1e-8,zero
holed_prism,planar_boundary_residual,0e0,1e-9,1e-8,zero
holed_prism,dihedral_arm,4e0,1e-9,1e-8,positive
holed_prism,dihedral_wedge,4e0,1e-9,1e-8,positive
holed_prism,dihedral_arm,4e0,1e-9,1e-8,positive
holed_prism,dihedral_wedge,4e0,1e-9,1e-8,positive
holed_prism,dihedral_arm,4e0,1e-9,1e-8,positive
holed_prism,dihedral_wedge,4e0,1e-9,1e-8,positive
holed_prism,dihedral_arm,4e0,1e-9,1e-8,positive
holed_prism,dihedral_wedge,4e0,1e-9,1e-8,positive
holed_prism,dihedral_arm,4e0,1e-9,1e-8,positive
holed_prism,dihedral_wedge,4e0,1e-9,1e-8,positive
holed_prism,dihedral_arm,4e0,1e-9,1e-8,positive
holed_prism,dihedral_wedge,4e0,1e-9,1e-8,positive
holed_prism,dihedral_arm,4e0,1e-9,1e-8,positive
holed_prism,dihedral_wedge,4e0,1e-9,1e-8,positive
holed_prism,planar_boundary_residual,0e0,1e-9,1e-8,zero
holed_prism,planar_boundary_residual,0e0,1e-9,1e-8,zero
holed_prism,planar_boundary_residual,0e0,1e-9,1e-8,zero
holed_prism,planar_boundary_residual,0e0,1e-9,1e-8,zero
holed_prism,planar_boundary_residual,0e0,1e-9,1e-8,zero
holed_prism,planar_boundary_residual,0e0,1e-9,1e-8,zero
holed_prism,planar_boundary_residual,0e0,1e-9,1e-8,zero
holed_prism,planar_boundary_residual,0e0,1e-9,1e-8,zero
holed_prism,planar_boundary_residual,0e0,1e-9,1e-8,zero
holed_prism,planar_boundary_residual,0e0,1e-9,1e-8,zero
holed_prism,planar_boundary_residual,0e0,1e-9,1e-8,zero
holed_prism,planar_boundary_residual,0e0,1e-9,1e-8,zero
holed_prism,planar_boundary_residual,0e0,1e-9,1e-8,zero
holed_prism,planar_boundary_residual,0e0,1e-9,1e-8,zero
holed_prism,dihedral_arm,4e0,1e-9,1e-8,positive
holed_prism,dihedral_wedge,4e0,1e-9,1e-8,positive
holed_prism,dihedral_arm,4e0,1e-9,1e-8,positive
holed_prism,dihedral_wedge,4e0,1e-9,1e-8,positive
holed_prism,dihedral_arm,4e0,1e-9,1e-8,positive
holed_prism,dihedral_wedge,4e0,1e-9,1e-8,positive
holed_prism,dihedral_arm,4e0,1e-9,1e-8,positive
holed_prism,dihedral_wedge,4e0,1e-9,1e-8,positive
holed_prism,dihedral_arm,4e0,1e-9,1e-8,positive
holed_prism,dihedral_wedge,4e0,1e-9,1e-8,positive
holed_prism,dihedral_arm,4e0,1e-9,1e-8,positive
holed_prism,dihedral_wedge,4e0,1e-9,1e-8,positive
holed_prism,dihedral_arm,4e0,1e-9,1e-8,positive
holed_prism,dihedral_wedge,4e0,1e-9,1e-8,positive
holed_prism,planar_boundary_residual,0e0,1e-9,1e-8,zero
holed_prism,planar_boundary_residual,0e0,1e-9,1e-8,zero
holed_prism,planar_boundary_residual,0e0,1e-9,1e-8,zero
holed_prism,planar_boundary_residual,0e0,1e-9,1e-8,zero
holed_prism,planar_boundary_residual,0e0,1e-9,1e-8,zero
holed_prism,planar_boundary_residual,0e0,1e-9,1e-8,zero
holed_prism,planar_boundary_residual,0e0,1e-9,1e-8,zero
holed_prism,planar_boundary_residual,0e0,1e-9,1e-8,zero
holed_prism,planar_boundary_residual,0e0,1e-9,1e-8,zero
holed_prism,planar_boundary_residual,0e0,1e-9,1e-8,zero
holed_prism,planar_boundary_residual,0e0,1e-9,1e-8,zero
holed_prism,planar_boundary_residual,0e0,1e-9,1e-8,zero
holed_prism,planar_boundary_residual,0e0,1e-9,1e-8,zero
holed_prism,planar_boundary_residual,0e0,1e-9,1e-8,zero
holed_prism,dihedral_arm,4e0,1e-9,1e-8,positive
holed_prism,dihedral_wedge,4e0,1e-9,1e-8,positive
holed_prism,dihedral_arm,4e0,1e-9,1e-8,positive
holed_prism,dihedral_wedge,4e0,1e-9,1e-8,positive
holed_prism,dihedral_arm,4e0,1e-9,1e-8,positive
holed_prism,dihedral_wedge,4e0,1e-9,1e-8,positive
holed_prism,dihedral_arm,4e0,1e-9,1e-8,positive
holed_prism,dihedral_wedge,4e0,1e-9,1e-8,positive
holed_prism,dihedral_arm,4e0,1e-9,1e-8,positive
holed_prism,dihedral_wedge,4e0,1e-9,1e-8,positive
holed_prism,dihedral_arm,4e0,1e-9,1e-8,positive
holed_prism,dihedral_wedge,4e0,1e-9,1e-8,positive
holed_prism,dihedral_arm,4e0,1e-9,1e-8,positive
holed_prism,dihedral_wedge,4e0,1e-9,1e-8,positive
holed_prism,planar_boundary_residual,0e0,1e-9,1e-8,zero
holed_prism,planar_boundary_residual,0e0,1e-9,1e-8,zero
holed_prism,planar_boundary_residual,0e0,1e-9,1e-8,zero
holed_prism,planar_boundary_residual,0e0,1e-9,1e-8,zero
holed_prism,planar_boundary_residual,0e0,1e-9,1e-8,zero
holed_prism,planar_boundary_residual,0e0,1e-9,1e-8,zero
holed_prism,planar_boundary_residual,0e0,1e-9,1e-8,zero
holed_prism,planar_boundary_residual,0e0,1e-9,1e-8,zero
holed_prism,planar_boundary_residual,0e0,1e-9,1e-8,zero
holed_prism,planar_boundary_residual,0e0,1e-9,1e-8,zero
holed_prism,planar_boundary_residual,0e0,1e-9,1e-8,zero
holed_prism,planar_boundary_residual,0e0,1e-9,1e-8,zero
holed_prism,planar_boundary_residual,0e0,1e-9,1e-8,zero
holed_prism,planar_boundary_residual,0e0,1e-9,1e-8,zero
holed_prism,dihedral_arm,1e0,1e-9,1e-8,positive
holed_prism,dihedral_wedge,0e0,1e-9,1e-8,zero
holed_prism,dihedral_arm,1e0,1e-9,1e-8,positive
holed_prism,dihedral_wedge,0e0,1e-9,1e-8,zero
holed_prism,dihedral_arm,1e0,1e-9,1e-8,positive
holed_prism,dihedral_wedge,0e0,1e-9,1e-8,zero
holed_prism,dihedral_arm,1e0,1e-9,1e-8,positive
holed_prism,dihedral_wedge,0e0,1e-9,1e-8,zero
holed_prism,dihedral_arm,1e0,1e-9,1e-8,positive
holed_prism,dihedral_wedge,0e0,1e-9,1e-8,zero
holed_prism,dihedral_arm,1e0,1e-9,1e-8,positive
holed_prism,dihedral_wedge,0e0,1e-9,1e-8,zero
holed_prism,dihedral_arm,1e0,1e-9,1e-8,positive
holed_prism,dihedral_wedge,0e0,1e-9,1e-8,zero
holed_prism,dihedral_arm,1e0,1e-9,1e-8,positive
holed_prism,dihedral_wedge,0e0,1e-9,1e-8,zero
holed_prism,dihedral_arm,1e0,1e-9,1e-8,positive
holed_prism,dihedral_wedge,0e0,1e-9,1e-8,zero
holed_prism,dihedral_arm,1e0,1e-9,1e-8,positive
holed_prism,dihedral_wedge,0e0,1e-9,1e-8,zero
holed_prism,dihedral_arm,1e0,1e-9,1e-8,positive
holed_prism,dihedral_wedge,0e0,1e-9,1e-8,zero
holed_prism,dihedral_arm,1e0,1e-9,1e-8,positive
holed_prism,dihedral_wedge,0e0,1e-9,1e-8,zero
holed_prism,dihedral_arm,1e0,1e-9,1e-8,positive
holed_prism,dihedral_wedge,0e0,1e-9,1e-8,zero
holed_prism,dihedral_arm,1e0,1e-9,1e-8,positive
holed_prism,dihedral_wedge,0e0,1e-9,1e-8,zero
holed_prism,dihedral_arm,1e0,1e-9,1e-8,positive
holed_prism,dihedral_wedge,1e0,1e-9,1e-8,positive
holed_prism,dihedral_arm,1e0,1e-9,1e-8,positive
holed_prism,dihedral_wedge,1e0,1e-9,1e-8,positive
holed_prism,dihedral_arm,1e0,1e-9,1e-8,positive
holed_prism,dihedral_wedge,1e0,1e-9,1e-8,positive
holed_prism,dihedral_arm,1e0,1e-9,1e-8,positive
holed_prism,dihedral_wedge,1e0,1e-9,1e-8,positive
holed_prism,dihedral_arm,1e0,1e-9,1e-8,positive
holed_prism,dihedral_wedge,1e0,1e-9,1e-8,positive
holed_prism,dihedral_arm,1e0,1e-9,1e-8,positive
holed_prism,dihedral_wedge,1e0,1e-9,1e-8,positive
holed_prism,dihedral_arm,1e0,1e-9,1e-8,positive
holed_prism,dihedral_wedge,1e0,1e-9,1e-8,positive
holed_prism,planar_boundary_residual,0e0,1e-9,1e-8,zero
holed_prism,planar_boundary_residual,0e0,1e-9,1e-8,zero
holed_prism,planar_boundary_residual,0e0,1e-9,1e-8,zero
holed_prism,planar_boundary_residual,0e0,1e-9,1e-8,zero
holed_prism,planar_boundary_residual,0e0,1e-9,1e-8,zero
holed_prism,planar_boundary_residual,0e0,1e-9,1e-8,zero
holed_prism,planar_boundary_residual,0e0,1e-9,1e-8,zero
holed_prism,dihedral_arm,1e0,1e-9,1e-8,positive
holed_prism,dihedral_wedge,1e0,1e-9,1e-8,positive
holed_prism,dihedral_arm,1e0,1e-9,1e-8,positive
holed_prism,dihedral_wedge,1e0,1e-9,1e-8,positive
holed_prism,dihedral_arm,1e0,1e-9,1e-8,positive
holed_prism,dihedral_wedge,1e0,1e-9,1e-8,positive
holed_prism,dihedral_arm,1e0,1e-9,1e-8,positive
holed_prism,dihedral_wedge,1e0,1e-9,1e-8,positive
holed_prism,dihedral_arm,1e0,1e-9,1e-8,positive
holed_prism,dihedral_wedge,1e0,1e-9,1e-8,positive
holed_prism,dihedral_arm,1e0,1e-9,1e-8,positive
holed_prism,dihedral_wedge,1e0,1e-9,1e-8,positive
holed_prism,dihedral_arm,1e0,1e-9,1e-8,positive
holed_prism,dihedral_wedge,1e0,1e-9,1e-8,positive
holed_prism,planar_boundary_residual,0e0,1e-9,1e-8,zero
holed_prism,planar_boundary_residual,0e0,1e-9,1e-8,zero
holed_prism,planar_boundary_residual,0e0,1e-9,1e-8,zero
holed_prism,planar_boundary_residual,0e0,1e-9,1e-8,zero
holed_prism,planar_boundary_residual,0e0,1e-9,1e-8,zero
holed_prism,planar_boundary_residual,0e0,1e-9,1e-8,zero
holed_prism,planar_boundary_residual,0e0,1e-9,1e-8,zero
holed_prism,props_circle_axis_class,1e0,1e-9,1e-8,positive
holed_prism,props_rim_fit,0e0,1e-9,1e-8,zero
holed_prism,props_meridian_axial,0e0,1e-9,1e-8,zero
holed_prism,props_circle_axis_class,1e0,1e-9,1e-8,positive
holed_prism,props_rim_fit,0e0,1e-9,1e-8,zero
holed_prism,props_meridian_axial,0e0,1e-9,1e-8,zero
holed_prism,props_du_consistent,0e0,1e-9,1e-8,zero
holed_prism,props_face_extent,1e0,1e-9,1e-8,positive
holed_prism,props_rim_side,1e0,1e-9,1e-8,positive
holed_prism,props_circle_axis_class,1e0,1e-9,1e-8,positive
holed_prism,props_rim_fit,0e0,1e-9,1e-8,zero
holed_prism,props_meridian_axial,0e0,1e-9,1e-8,zero
holed_prism,props_circle_axis_class,1e0,1e-9,1e-8,positive
holed_prism,props_rim_fit,0e0,1e-9,1e-8,zero
holed_prism,props_meridian_axial,0e0,1e-9,1e-8,zero
holed_prism,props_du_consistent,0e0,1e-9,1e-8,zero
holed_prism,props_face_extent,1e0,1e-9,1e-8,positive
holed_prism,props_rim_side,1e0,1e-9,1e-8,positive
holed_prism,positive_volume,2.678834863835459e-1,1e-9,1e-8,positive
holed_prism,props_circle_axis_class,1e0,1e-9,1e-8,positive
holed_prism,props_rim_fit,0e0,1e-9,1e-8,zero
holed_prism,props_meridian_axial,0e0,1e-9,1e-8,zero
holed_prism,props_circle_axis_class,1e0,1e-9,1e-8,positive
holed_prism,props_rim_fit,0e0,1e-9,1e-8,zero
holed_prism,props_meridian_axial,0e0,1e-9,1e-8,zero
holed_prism,props_du_consistent,0e0,1e-9,1e-8,zero
holed_prism,props_face_extent,1e0,1e-9,1e-8,positive
holed_prism,props_rim_side,1e0,1e-9,1e-8,positive
holed_prism,props_circle_axis_class,1e0,1e-9,1e-8,positive
holed_prism,props_rim_fit,0e0,1e-9,1e-8,zero
holed_prism,props_meridian_axial,0e0,1e-9,1e-8,zero
holed_prism,props_circle_axis_class,1e0,1e-9,1e-8,positive
holed_prism,props_rim_fit,0e0,1e-9,1e-8,zero
holed_prism,props_meridian_axial,0e0,1e-9,1e-8,zero
holed_prism,props_du_consistent,0e0,1e-9,1e-8,zero
holed_prism,props_face_extent,1e0,1e-9,1e-8,positive
holed_prism,props_rim_side,1e0,1e-9,1e-8,positive
rounded_prism,vertex_separation,1e0,1e-9,1e-8,positive
rounded_prism,segment_straightness,0e0,1e-9,1e-8,zero
rounded_prism,vertex_separation,7.071067811865476e-1,1e-9,1e-8,positive
rounded_prism,segment_straightness,1.4644660940672624e-1,1e-9,1e-8,positive
rounded_prism,arc_diameter_clearance,6.173165676349105e-1,1e-9,1e-8,positive
rounded_prism,vertex_separation,1e0,1e-9,1e-8,positive
rounded_prism,segment_straightness,0e0,1e-9,1e-8,zero
rounded_prism,vertex_separation,7.071067811865476e-1,1e-9,1e-8,positive
rounded_prism,segment_straightness,1.4644660940672624e-1,1e-9,1e-8,positive
rounded_prism,arc_diameter_clearance,6.173165676349105e-1,1e-9,1e-8,positive
rounded_prism,vertex_separation,1e0,1e-9,1e-8,positive
rounded_prism,segment_straightness,0e0,1e-9,1e-8,zero
rounded_prism,vertex_separation,7.071067811865476e-1,1e-9,1e-8,positive
rounded_prism,segment_straightness,1.4644660940672624e-1,1e-9,1e-8,positive
rounded_prism,arc_diameter_clearance,6.173165676349105e-1,1e-9,1e-8,positive
rounded_prism,vertex_separation,1e0,1e-9,1e-8,positive
rounded_prism,segment_straightness,0e0,1e-9,1e-8,zero
rounded_prism,vertex_separation,7.071067811865476e-1,1e-9,1e-8,positive
rounded_prism,segment_straightness,1.4644660940672624e-1,1e-9,1e-8,positive
rounded_prism,arc_diameter_clearance,6.173165676349105e-1,1e-9,1e-8,positive
rounded_prism,carrier_line_circle,1.1102230246251565e-16,1e-9,1e-8,zero
rounded_prism,line_span,0e0,1e-9,1e-8,zero
rounded_prism,arc_span,0e0,1e-9,1e-8,zero
rounded_prism,contact_at_shared_vertex,0e0,1e-9,1e-8,zero
rounded_prism,chord_side,5e-1,1e-9,1e-8,positive
rounded_prism,chord_side,1.5e0,1e-9,1e-8,positive
rounded_prism,chord_side,1.5e0,1e-9,1e-8,positive
rounded_prism,chord_side,5e-1,1e-9,1e-8,positive
rounded_prism,carrier_line_circle,-9.999999999999999e-1,1e-9,1e-8,negative
rounded_prism,chord_side,2e0,1e-9,1e-8,positive
rounded_prism,chord_side,2e0,1e-9,1e-8,positive
rounded_prism,chord_side,2e0,1e-9,1e-8,positive
rounded_prism,chord_side,2e0,1e-9,1e-8,positive
rounded_prism,carrier_line_circle,-9.999999999999999e-1,1e-9,1e-8,negative
rounded_prism,chord_side,1.5e0,1e-9,1e-8,positive
rounded_prism,chord_side,5e-1,1e-9,1e-8,positive
rounded_prism,chord_side,5e-1,1e-9,1e-8,positive
rounded_prism,chord_side,1.5e0,1e-9,1e-8,positive
rounded_prism,carrier_line_circle,1.1102230246251565e-16,1e-9,1e-8,zero
rounded_prism,line_span,0e0,1e-9,1e-8,zero
rounded_prism,arc_span,0e0,1e-9,1e-8,zero
rounded_prism,contact_at_shared_vertex,0e0,1e-9,1e-8,zero
rounded_prism,carrier_line_circle,1.1102230246251565e-16,1e-9,1e-8,zero
rounded_prism,line_span,0e0,1e-9,1e-8,zero
rounded_prism,arc_span,0e0,1e-9,1e-8,zero
rounded_prism,contact_at_shared_vertex,0e0,1e-9,1e-8,zero
rounded_prism,carrier_circles_identity,1e0,1e-9,1e-8,positive
rounded_prism,carrier_circles_external,-2.220446049250313e-16,1e-9,1e-8,zero
rounded_prism,arc_span,-5.41196100146197e-1,1e-9,1e-8,negative
rounded_prism,arc_span,-5.41196100146197e-1,1e-9,1e-8,negative
rounded_prism,carrier_line_circle,-9.999999999999999e-1,1e-9,1e-8,negative
rounded_prism,carrier_circles_identity,1.4142135623730951e0,1e-9,1e-8,positive
rounded_prism,carrier_circles_external,4.142135623730949e-1,1e-9,1e-8,positive
rounded_prism,carrier_line_circle,-9.999999999999999e-1,1e-9,1e-8,negative
rounded_prism,carrier_circles_identity,1e0,1e-9,1e-8,positive
rounded_prism,carrier_circles_external,-2.220446049250313e-16,1e-9,1e-8,zero
rounded_prism,arc_span,-5.411961001461971e-1,1e-9,1e-8,negative
rounded_prism,arc_span,-5.411961001461969e-1,1e-9,1e-8,negative
rounded_prism,carrier_line_circle,1.1102230246251565e-16,1e-9,1e-8,zero
rounded_prism,line_span,0e0,1e-9,1e-8,zero
rounded_prism,arc_span,0e0,1e-9,1e-8,zero
rounded_prism,contact_at_shared_vertex,0e0,1e-9,1e-8,zero
rounded_prism,chord_side,5e-1,1e-9,1e-8,positive
rounded_prism,chord_side,1.5e0,1e-9,1e-8,positive
rounded_prism,chord_side,1.5e0,1e-9,1e-8,positive
rounded_prism,chord_side,5e-1,1e-9,1e-8,positive
rounded_prism,carrier_line_circle,-9.999999999999999e-1,1e-9,1e-8,negative
rounded_prism,chord_side,2e0,1e-9,1e-8,positive
rounded_prism,chord_side,2e0,1e-9,1e-8,positive
rounded_prism,chord_side,2e0,1e-9,1e-8,positive
rounded_prism,chord_side,2e0,1e-9,1e-8,positive
rounded_prism,carrier_line_circle,-9.999999999999999e-1,1e-9,1e-8,negative
rounded_prism,carrier_line_circle,1.1102230246251565e-16,1e-9,1e-8,zero
rounded_prism,line_span,0e0,1e-9,1e-8,zero
rounded_prism,arc_span,0e0,1e-9,1e-8,zero
rounded_prism,contact_at_shared_vertex,0e0,1e-9,1e-8,zero
rounded_prism,carrier_circles_identity,1e0,1e-9,1e-8,positive
rounded_prism,carrier_circles_external,-2.220446049250313e-16,1e-9,1e-8,zero
rounded_prism,arc_span,-5.411961001461971e-1,1e-9,1e-8,negative
rounded_prism,arc_span,-5.411961001461969e-1,1e-9,1e-8,negative
rounded_prism,carrier_line_circle,-9.999999999999999e-1,1e-9,1e-8,negative
rounded_prism,carrier_circles_identity,1.4142135623730951e0,1e-9,1e-8,positive
rounded_prism,carrier_circles_external,4.142135623730949e-1,1e-9,1e-8,positive
rounded_prism,carrier_line_circle,1.1102230246251565e-16,1e-9,1e-8,zero
rounded_prism,line_span,0e0,1e-9,1e-8,zero
rounded_prism,arc_span,0e0,1e-9,1e-8,zero
rounded_prism,contact_at_shared_vertex,0e0,1e-9,1e-8,zero
rounded_prism,chord_side,5e-1,1e-9,1e-8,positive
rounded_prism,chord_side,1.5e0,1e-9,1e-8,positive
rounded_prism,chord_side,1.5e0,1e-9,1e-8,positive
rounded_prism,chord_side,5e-1,1e-9,1e-8,positive
rounded_prism,carrier_line_circle,-9.999999999999999e-1,1e-9,1e-8,negative
rounded_prism,carrier_line_circle,1.1102230246251565e-16,1e-9,1e-8,zero
rounded_prism,line_span,0e0,1e-9,1e-8,zero
rounded_prism,arc_span,0e0,1e-9,1e-8,zero
rounded_prism,contact_at_shared_vertex,0e0,1e-9,1e-8,zero
rounded_prism,carrier_circles_identity,1e0,1e-9,1e-8,positive
rounded_prism,carrier_circles_external,-2.220446049250313e-16,1e-9,1e-8,zero
rounded_prism,arc_span,-5.411961001461971e-1,1e-9,1e-8,negative
rounded_prism,arc_span,-5.411961001461969e-1,1e-9,1e-8,negative
rounded_prism,carrier_line_circle,1.1102230246251565e-16,1e-9,1e-8,zero
rounded_prism,line_span,0e0,1e-9,1e-8,zero
rounded_prism,arc_span,0e0,1e-9,1e-8,zero
rounded_prism,contact_at_shared_vertex,0e0,1e-9,1e-8,zero
rounded_prism,canonical_order_x,1e0,5e-324,1e-323,positive
rounded_prism,canonical_order_x,1.5e0,5e-324,1e-323,positive
rounded_prism,canonical_order_x,1.5e0,5e-324,1e-323,positive
rounded_prism,canonical_order_x,1e0,5e-324,1e-323,positive
rounded_prism,canonical_order_x,0e0,5e-324,1e-323,zero
rounded_prism,canonical_order_y,2e0,5e-324,1e-323,positive
rounded_prism,canonical_order_x,-5e-1,5e-324,1e-323,negative
rounded_prism,canonical_order_x,0e0,5e-324,1e-323,zero
rounded_prism,canonical_order_y,-1e0,5e-324,1e-323,negative
rounded_prism,loop_orientation,1.0600991535115576e0,1e-9,1e-8,positive
rounded_prism,canonical_order_x,1e0,5e-324,1e-323,positive
rounded_prism,canonical_order_x,1.5e0,5e-324,1e-323,positive
rounded_prism,canonical_order_x,1.5e0,5e-324,1e-323,positive
rounded_prism,canonical_order_x,1e0,5e-324,1e-323,positive
rounded_prism,canonical_order_x,0e0,5e-324,1e-323,zero
rounded_prism,canonical_order_y,2e0,5e-324,1e-323,positive
rounded_prism,canonical_order_x,-5e-1,5e-324,1e-323,negative
rounded_prism,canonical_order_x,0e0,5e-324,1e-323,zero
rounded_prism,canonical_order_y,-1e0,5e-324,1e-323,negative
rounded_prism,vertex_separation,7.071067811865476e-1,1e-9,1e-8,positive
rounded_prism,segment_straightness,1.4644660940672624e-1,1e-9,1e-8,positive
rounded_prism,arc_diameter_clearance,6.173165676349105e-1,1e-9,1e-8,positive
rounded_prism,vertex_separation,1e0,1e-9,1e-8,positive
rounded_prism,segment_straightness,0e0,1e-9,1e-8,zero
rounded_prism,vertex_separation,7.071067811865476e-1,1e-9,1e-8,positive
rounded_prism,segment_straightness,1.4644660940672624e-1,1e-9,1e-8,positive
rounded_prism,arc_diameter_clearance,6.173165676349105e-1,1e-9,1e-8,positive
rounded_prism,vertex_separation,1e0,1e-9,1e-8,positive
rounded_prism,segment_straightness,0e0,1e-9,1e-8,zero
rounded_prism,vertex_separation,7.071067811865476e-1,1e-9,1e-8,positive
rounded_prism,segment_straightness,1.4644660940672624e-1,1e-9,1e-8,positive
rounded_prism,arc_diameter_clearance,6.173165676349105e-1,1e-9,1e-8,positive
rounded_prism,vertex_separation,1e0,1e-9,1e-8,positive
rounded_prism,segment_straightness,0e0,1e-9,1e-8,zero
rounded_prism,vertex_separation,7.071067811865476e-1,1e-9,1e-8,positive
rounded_prism,segment_straightness,1.4644660940672624e-1,1e-9,1e-8,positive
rounded_prism,arc_diameter_clearance,6.173165676349105e-1,1e-9,1e-8,positive
rounded_prism,vertex_separation,1e0,1e-9,1e-8,positive
rounded_prism,segment_straightness,0e0,1e-9,1e-8,zero
rounded_prism,extrusion_normal_component,1e0,1e-9,1e-8,positive
rounded_prism,interval_span_forward,7.853981633974485e-1,1e-9,1e-8,positive
rounded_prism,interval_span_winding,2.3561944901923453e0,1e-9,1e-8,positive
rounded_prism,carrier_endpoint_start,1.1102230246251565e-16,1e-9,1e-8,zero
rounded_prism,carrier_endpoint_end,1.2412670766236366e-16,1e-9,1e-8,zero
rounded_prism,carrier_matches_mapped_source,1.1102230246251565e-16,1e-9,1e-8,zero
rounded_prism,carrier_matches_mapped_source,1.2412670766236366e-16,1e-9,1e-8,zero
rounded_prism,carrier_matches_mapped_source,1.1102230246251565e-16,1e-9,1e-8,zero
rounded_prism,carrier_matches_mapped_source,1.2412670766236366e-16,1e-9,1e-8,zero
rounded_prism,carrier_matches_mapped_source,7.850462293418876e-17,1e-9,1e-8,zero
rounded_prism,carrier_matches_mapped_source,1.2412670766236366e-16,1e-9,1e-8,zero
rounded_prism,carrier_matches_mapped_source,1.2412670766236366e-16,1e-9,1e-8,zero
rounded_prism,carrier_matches_mapped_source,1.2412670766236366e-16,1e-9,1e-8,zero
rounded_prism,carrier_matches_mapped_source,1.1102230246251565e-16,1e-9,1e-8,zero
rounded_prism,interval_span_forward,1e0,1e-9,1e-8,positive
rounded_prism,carrier_endpoint_start,0e0,1e-9,1e-8,zero
rounded_prism,carrier_endpoint_end,0e0,1e-9,1e-8,zero
rounded_prism,carrier_matches_mapped_source,0e0,1e-9,1e-8,zero
rounded_prism,carrier_matches_mapped_source,0e0,1e-9,1e-8,zero
rounded_prism,carrier_matches_mapped_source,0e0,1e-9,1e-8,zero
rounded_prism,carrier_matches_mapped_source,0e0,1e-9,1e-8,zero
rounded_prism,carrier_matches_mapped_source,0e0,1e-9,1e-8,zero
rounded_prism,carrier_matches_mapped_source,0e0,1e-9,1e-8,zero
rounded_prism,carrier_matches_mapped_source,0e0,1e-9,1e-8,zero
rounded_prism,carrier_matches_mapped_source,0e0,1e-9,1e-8,zero
rounded_prism,carrier_matches_mapped_source,0e0,1e-9,1e-8,zero
rounded_prism,interval_span_forward,7.853981633974485e-1,1e-9,1e-8,positive
rounded_prism,interval_span_winding,2.3561944901923453e0,1e-9,1e-8,positive
rounded_prism,carrier_endpoint_start,1.1102230246251565e-16,1e-9,1e-8,zero
rounded_prism,carrier_endpoint_end,5.551115123125783e-17,1e-9,1e-8,zero
rounded_prism,carrier_matches_mapped_source,1.1102230246251565e-16,1e-9,1e-8,zero
rounded_prism,carrier_matches_mapped_source,1.1102230246251565e-16,1e-9,1e-8,zero
rounded_prism,carrier_matches_mapped_source,2.482534153247273e-16,1e-9,1e-8,zero
rounded_prism,carrier_matches_mapped_source,1.1102230246251565e-16,1e-9,1e-8,zero
rounded_prism,carrier_matches_mapped_source,5.551115123125783e-17,1e-9,1e-8,zero
rounded_prism,carrier_matches_mapped_source,5.551115123125783e-17,1e-9,1e-8,zero
rounded_prism,carrier_matches_mapped_source,5.551115123125783e-17,1e-9,1e-8,zero
rounded_prism,carrier_matches_mapped_source,5.551115123125783e-17,1e-9,1e-8,zero
rounded_prism,carrier_matches_mapped_source,0e0,1e-9,1e-8,zero
rounded_prism,interval_span_forward,1e0,1e-9,1e-8,positive
rounded_prism,carrier_endpoint_start,0e0,1e-9,1e-8,zero
rounded_prism,carrier_endpoint_end,0e0,1e-9,1e-8,zero
rounded_prism,carrier_matches_mapped_source,0e0,1e-9,1e-8,zero
rounded_prism,carrier_matches_mapped_source,0e0,1e-9,1e-8,zero
rounded_prism,carrier_matches_mapped_source,0e0,1e-9,1e-8,zero
rounded_prism,carrier_matches_mapped_source,0e0,1e-9,1e-8,zero
rounded_prism,carrier_matches_mapped_source,0e0,1e-9,1e-8,zero
rounded_prism,carrier_matches_mapped_source,0e0,1e-9,1e-8,zero
rounded_prism,carrier_matches_mapped_source,0e0,1e-9,1e-8,zero
rounded_prism,carrier_matches_mapped_source,0e0,1e-9,1e-8,zero
rounded_prism,carrier_matches_mapped_source,0e0,1e-9,1e-8,zero
rounded_prism,interval_span_forward,7.853981633974485e-1,1e-9,1e-8,positive
rounded_prism,interval_span_winding,2.3561944901923453e0,1e-9,1e-8,positive
rounded_prism,carrier_endpoint_start,0e0,1e-9,1e-8,zero
rounded_prism,carrier_endpoint_end,0e0,1e-9,1e-8,zero
rounded_prism,carrier_matches_mapped_source,0e0,1e-9,1e-8,zero
rounded_prism,carrier_matches_mapped_source,0e0,1e-9,1e-8,zero
rounded_prism,carrier_matches_mapped_source,2.220446049250313e-16,1e-9,1e-8,zero
rounded_prism,carrier_matches_mapped_source,0e0,1e-9,1e-8,zero
rounded_prism,carrier_matches_mapped_source,2.220446049250313e-16,1e-9,1e-8,zero
rounded_prism,carrier_matches_mapped_source,0e0,1e-9,1e-8,zero
rounded_prism,carrier_matches_mapped_source,2.220446049250313e-16,1e-9,1e-8,zero
rounded_prism,carrier_matches_mapped_source,0e0,1e-9,1e-8,zero
rounded_prism,carrier_matches_mapped_source,0e0,1e-9,1e-8,zero
rounded_prism,interval_span_forward,1e0,1e-9,1e-8,positive
rounded_prism,carrier_endpoint_start,0e0,1e-9,1e-8,zero
rounded_prism,carrier_endpoint_end,0e0,1e-9,1e-8,zero
rounded_prism,carrier_matches_mapped_source,0e0,1e-9,1e-8,zero
rounded_prism,carrier_matches_mapped_source,0e0,1e-9,1e-8,zero
rounded_prism,carrier_matches_mapped_source,0e0,1e-9,1e-8,zero
rounded_prism,carrier_matches_mapped_source,0e0,1e-9,1e-8,zero
rounded_prism,carrier_matches_mapped_source,0e0,1e-9,1e-8,zero
rounded_prism,carrier_matches_mapped_source,0e0,1e-9,1e-8,zero
rounded_prism,carrier_matches_mapped_source,0e0,1e-9,1e-8,zero
rounded_prism,carrier_matches_mapped_source,0e0,1e-9,1e-8,zero
rounded_prism,carrier_matches_mapped_source,0e0,1e-9,1e-8,zero
rounded_prism,interval_span_forward,7.853981633974485e-1,1e-9,1e-8,positive
rounded_prism,interval_span_winding,2.3561944901923453e0,1e-9,1e-8,positive
rounded_prism,carrier_endpoint_start,0e0,1e-9,1e-8,zero
rounded_prism,carrier_endpoint_end,1.1102230246251565e-16,1e-9,1e-8,zero
rounded_prism,carrier_matches_mapped_source,0e0,1e-9,1e-8,zero
rounded_prism,carrier_matches_mapped_source,5.551115123125783e-17,1e-9,1e-8,zero
rounded_prism,carrier_matches_mapped_source,0e0,1e-9,1e-8,zero
rounded_prism,carrier_matches_mapped_source,5.551115123125783e-17,1e-9,1e-8,zero
rounded_prism,carrier_matches_mapped_source,2.2887833992611187e-16,1e-9,1e-8,zero
rounded_prism,carrier_matches_mapped_source,1.1102230246251565e-16,1e-9,1e-8,zero
rounded_prism,carrier_matches_mapped_source,2.482534153247273e-16,1e-9,1e-8,zero
rounded_prism,carrier_matches_mapped_source,1.1102230246251565e-16,1e-9,1e-8,zero
rounded_prism,carrier_matches_mapped_source,1.1102230246251565e-16,1e-9,1e-8,zero
rounded_prism,newell_plane_residual,-0e0,1e-9,1e-8,zero
rounded_prism,newell_plane_residual,0e0,1e-9,1e-8,zero
rounded_prism,newell_plane_residual,0e0,1e-9,1e-8,zero
rounded_prism,newell_plane_residual,0e0,1e-9,1e-8,zero
rounded_prism,newell_plane_residual,0e0,1e-9,1e-8,zero
rounded_prism,newell_plane_residual,0e0,1e-9,1e-8,zero
rounded_prism,newell_plane_residual,0e0,1e-9,1e-8,zero
rounded_prism,newell_plane_residual,0e0,1e-9,1e-8,zero
rounded_prism,newell_plane_residual,0e0,1e-9,1e-8,zero
rounded_prism,newell_plane_residual,0e0,1e-9,1e-8,zero
rounded_prism,newell_plane_residual,-0e0,1e-9,1e-8,zero
rounded_prism,newell_plane_residual,-0e0,1e-9,1e-8,zero
rounded_prism,interval_span_forward,1e0,1e-9,1e-8,positive
rounded_prism,carrier_endpoint_start,0e0,1e-9,1e-8,zero
rounded_prism,carrier_endpoint_end,0e0,1e-9,1e-8,zero
rounded_prism,carrier_matches_mapped_source,0e0,1e-9,1e-8,zero
rounded_prism,carrier_matches_mapped_source,0e0,1e-9,1e-8,zero
rounded_prism,carrier_matches_mapped_source,0e0,1e-9,1e-8,zero
rounded_prism,carrier_matches_mapped_source,0e0,1e-9,1e-8,zero
rounded_prism,carrier_matches_mapped_source,0e0,1e-9,1e-8,zero
rounded_prism,carrier_matches_mapped_source,0e0,1e-9,1e-8,zero
rounded_prism,carrier_matches_mapped_source,0e0,1e-9,1e-8,zero
rounded_prism,carrier_matches_mapped_source,0e0,1e-9,1e-8,zero
rounded_prism,carrier_matches_mapped_source,0e0,1e-9,1e-8,zero
rounded_prism,interval_span_forward,1e0,1e-9,1e-8,positive
rounded_prism,carrier_endpoint_start,0e0,1e-9,1e-8,zero
rounded_prism,carrier_endpoint_end,0e0,1e-9,1e-8,zero
rounded_prism,carrier_matches_mapped_source,0e0,1e-9,1e-8,zero
rounded_prism,carrier_matches_mapped_source,0e0,1e-9,1e-8,zero
rounded_prism,carrier_matches_mapped_source,0e0,1e-9,1e-8,zero
rounded_prism,carrier_matches_mapped_source,0e0,1e-9,1e-8,zero
rounded_prism,carrier_matches_mapped_source,0e0,1e-9,1e-8,zero
rounded_prism,carrier_matches_mapped_source,0e0,1e-9,1e-8,zero
rounded_prism,carrier_matches_mapped_source,0e0,1e-9,1e-8,zero
rounded_prism,carrier_matches_mapped_source,0e0,1e-9,1e-8,zero
rounded_prism,carrier_matches_mapped_source,0e0,1e-9,1e-8,zero
rounded_prism,interval_span_forward,1e0,1e-9,1e-8,positive
rounded_prism,carrier_endpoint_start,0e0,1e-9,1e-8,zero
rounded_prism,carrier_endpoint_end,0e0,1e-9,1e-8,zero
rounded_prism,carrier_matches_mapped_source,0e0,1e-9,1e-8,zero
rounded_prism,carrier_matches_mapped_source,0e0,1e-9,1e-8,zero
rounded_prism,carrier_matches_mapped_source,0e0,1e-9,1e-8,zero
rounded_prism,carrier_matches_mapped_source,0e0,1e-9,1e-8,zero
rounded_prism,carrier_matches_mapped_source,0e0,1e-9,1e-8,zero
rounded_prism,carrier_matches_mapped_source,0e0,1e-9,1e-8,zero
rounded_prism,carrier_matches_mapped_source,0e0,1e-9,1e-8,zero
rounded_prism,carrier_matches_mapped_source,0e0,1e-9,1e-8,zero
rounded_prism,carrier_matches_mapped_source,0e0,1e-9,1e-8,zero
rounded_prism,interval_span_forward,1e0,1e-9,1e-8,positive
rounded_prism,carrier_endpoint_start,0e0,1e-9,1e-8,zero
rounded_prism,carrier_endpoint_end,0e0,1e-9,1e-8,zero
rounded_prism,carrier_matches_mapped_source,0e0,1e-9,1e-8,zero
rounded_prism,carrier_matches_mapped_source,0e0,1e-9,1e-8,zero
rounded_prism,carrier_matches_mapped_source,0e0,1e-9,1e-8,zero
rounded_prism,carrier_matches_mapped_source,0e0,1e-9,1e-8,zero
rounded_prism,carrier_matches_mapped_source,0e0,1e-9,1e-8,zero
rounded_prism,carrier_matches_mapped_source,0e0,1e-9,1e-8,zero
rounded_prism,carrier_matches_mapped_source,0e0,1e-9,1e-8,zero
rounded_prism,carrier_matches_mapped_source,0e0,1e-9,1e-8,zero
rounded_prism,carrier_matches_mapped_source,0e0,1e-9,1e-8,zero
rounded_prism,interval_span_forward,1e0,1e-9,1e-8,positive
rounded_prism,carrier_endpoint_start,0e0,1e-9,1e-8,zero
rounded_prism,carrier_endpoint_end,0e0,1e-9,1e-8,zero
rounded_prism,carrier_matches_mapped_source,0e0,1e-9,1e-8,zero
rounded_prism,carrier_matches_mapped_source,0e0,1e-9,1e-8,zero
rounded_prism,carrier_matches_mapped_source,0e0,1e-9,1e-8,zero
rounded_prism,carrier_matches_mapped_source,0e0,1e-9,1e-8,zero
rounded_prism,carrier_matches_mapped_source,0e0,1e-9,1e-8,zero
rounded_prism,carrier_matches_mapped_source,0e0,1e-9,1e-8,zero
rounded_prism,carrier_matches_mapped_source,0e0,1e-9,1e-8,zero
rounded_prism,carrier_matches_mapped_source,0e0,1e-9,1e-8,zero
rounded_prism,carrier_matches_mapped_source,0e0,1e-9,1e-8,zero
rounded_prism,interval_span_forward,1e0,1e-9,1e-8,positive
rounded_prism,carrier_endpoint_start,0e0,1e-9,1e-8,zero
rounded_prism,carrier_endpoint_end,0e0,1e-9,1e-8,zero
rounded_prism,carrier_matches_mapped_source,0e0,1e-9,1e-8,zero
rounded_prism,carrier_matches_mapped_source,0e0,1e-9,1e-8,zero
rounded_prism,carrier_matches_mapped_source,0e0,1e-9,1e-8,zero
rounded_prism,carrier_matches_mapped_source,0e0,1e-9,1e-8,zero
rounded_prism,carrier_matches_mapped_source,0e0,1e-9,1e-8,zero
rounded_prism,carrier_matches_mapped_source,0e0,1e-9,1e-8,zero
rounded_prism,carrier_matches_mapped_source,0e0,1e-9,1e-8,zero
rounded_prism,carrier_matches_mapped_source,0e0,1e-9,1e-8,zero
rounded_prism,carrier_matches_mapped_source,0e0,1e-9,1e-8,zero
rounded_prism,interval_span_forward,1e0,1e-9,1e-8,positive
rounded_prism,carrier_endpoint_start,0e0,1e-9,1e-8,zero
rounded_prism,carrier_endpoint_end,0e0,1e-9,1e-8,zero
rounded_prism,carrier_matches_mapped_source,0e0,1e-9,1e-8,zero
rounded_prism,carrier_matches_mapped_source,0e0,1e-9,1e-8,zero
rounded_prism,carrier_matches_mapped_source,0e0,1e-9,1e-8,zero
rounded_prism,carrier_matches_mapped_source,0e0,1e-9,1e-8,zero
rounded_prism,carrier_matches_mapped_source,0e0,1e-9,1e-8,zero
rounded_prism,carrier_matches_mapped_source,0e0,1e-9,1e-8,zero
rounded_prism,carrier_matches_mapped_source,0e0,1e-9,1e-8,zero
rounded_prism,carrier_matches_mapped_source,0e0,1e-9,1e-8,zero
rounded_prism,carrier_matches_mapped_source,0e0,1e-9,1e-8,zero
rounded_prism,interval_span_forward,1e0,1e-9,1e-8,positive
rounded_prism,carrier_endpoint_start,0e0,1e-9,1e-8,zero
rounded_prism,carrier_endpoint_end,0e0,1e-9,1e-8,zero
rounded_prism,carrier_matches_mapped_source,0e0,1e-9,1e-8,zero
rounded_prism,carrier_matches_mapped_source,0e0,1e-9,1e-8,zero
rounded_prism,carrier_matches_mapped_source,0e0,1e-9,1e-8,zero
rounded_prism,carrier_matches_mapped_source,0e0,1e-9,1e-8,zero
rounded_prism,carrier_matches_mapped_source,0e0,1e-9,1e-8,zero
rounded_prism,carrier_matches_mapped_source,0e0,1e-9,1e-8,zero
rounded_prism,carrier_matches_mapped_source,0e0,1e-9,1e-8,zero
rounded_prism,carrier_matches_mapped_source,0e0,1e-9,1e-8,zero
rounded_prism,carrier_matches_mapped_source,0e0,1e-9,1e-8,zero
rounded_prism,interval_span_forward,1e0,1e-9,1e-8,positive
rounded_prism,carrier_endpoint_start,0e0,1e-9,1e-8,zero
rounded_prism,carrier_endpoint_end,0e0,1e-9,1e-8,zero
rounded_prism,carrier_matches_mapped_source,0e0,1e-9,1e-8,zero
rounded_prism,carrier_matches_mapped_source,0e0,1e-9,1e-8,zero
rounded_prism,carrier_matches_mapped_source,0e0,1e-9,1e-8,zero
rounded_prism,carrier_matches_mapped_source,0e0,1e-9,1e-8,zero
rounded_prism,carrier_matches_mapped_source,0e0,1e-9,1e-8,zero
rounded_prism,carrier_matches_mapped_source,0e0,1e-9,1e-8,zero
rounded_prism,carrier_matches_mapped_source,0e0,1e-9,1e-8,zero
rounded_prism,carrier_matches_mapped_source,0e0,1e-9,1e-8,zero
rounded_prism,carrier_matches_mapped_source,0e0,1e-9,1e-8,zero
rounded_prism,interval_span_forward,7.853981633974485e-1,1e-9,1e-8,positive
rounded_prism,interval_span_winding,2.3561944901923453e0,1e-9,1e-8,positive
rounded_prism,carrier_endpoint_start,1.1102230246251565e-16,1e-9,1e-8,zero
rounded_prism,carrier_endpoint_end,1.2412670766236366e-16,1e-9,1e-8,zero
rounded_prism,carrier_matches_mapped_source,1.1102230246251565e-16,1e-9,1e-8,zero
rounded_prism,carrier_matches_mapped_source,1.2412670766236366e-16,1e-9,1e-8,zero
rounded_prism,carrier_matches_mapped_source,1.1102230246251565e-16,1e-9,1e-8,zero
rounded_prism,carrier_matches_mapped_source,1.2412670766236366e-16,1e-9,1e-8,zero
rounded_prism,carrier_matches_mapped_source,7.850462293418876e-17,1e-9,1e-8,zero
rounded_prism,carrier_matches_mapped_source,1.2412670766236366e-16,1e-9,1e-8,zero
rounded_prism,carrier_matches_mapped_source,1.2412670766236366e-16,1e-9,1e-8,zero
rounded_prism,carrier_matches_mapped_source,1.2412670766236366e-16,1e-9,1e-8,zero
rounded_prism,carrier_matches_mapped_source,1.1102230246251565e-16,1e-9,1e-8,zero
rounded_prism,newell_plane_residual,0e0,1e-9,1e-8,zero
rounded_prism,newell_plane_residual,-0e0,1e-9,1e-8,zero
rounded_prism,newell_plane_residual,0e0,1e-9,1e-8,zero
rounded_prism,newell_plane_residual,0e0,1e-9,1e-8,zero
rounded_prism,interval_span_forward,1e0,1e-9,1e-8,positive
rounded_prism,carrier_endpoint_start,0e0,1e-9,1e-8,zero
rounded_prism,carrier_endpoint_end,0e0,1e-9,1e-8,zero
rounded_prism,carrier_matches_mapped_source,0e0,1e-9,1e-8,zero
rounded_prism,carrier_matches_mapped_source,0e0,1e-9,1e-8,zero
rounded_prism,carrier_matches_mapped_source,0e0,1e-9,1e-8,zero
rounded_prism,carrier_matches_mapped_source,0e0,1e-9,1e-8,zero
rounded_prism,carrier_matches_mapped_source,0e0,1e-9,1e-8,zero
rounded_prism,carrier_matches_mapped_source,0e0,1e-9,1e-8,zero
rounded_prism,carrier_matches_mapped_source,0e0,1e-9,1e-8,zero
rounded_prism,carrier_matches_mapped_source,0e0,1e-9,1e-8,zero
rounded_prism,carrier_matches_mapped_source,0e0,1e-9,1e-8,zero
rounded_prism,interval_span_forward,7.853981633974485e-1,1e-9,1e-8,positive
rounded_prism,interval_span_winding,2.3561944901923453e0,1e-9,1e-8,positive
rounded_prism,carrier_endpoint_start,1.1102230246251565e-16,1e-9,1e-8,zero
rounded_prism,carrier_endpoint_end,5.551115123125783e-17,1e-9,1e-8,zero
rounded_prism,carrier_matches_mapped_source,1.1102230246251565e-16,1e-9,1e-8,zero
rounded_prism,carrier_matches_mapped_source,1.1102230246251565e-16,1e-9,1e-8,zero
rounded_prism,carrier_matches_mapped_source,2.482534153247273e-16,1e-9,1e-8,zero
rounded_prism,carrier_matches_mapped_source,1.1102230246251565e-16,1e-9,1e-8,zero
rounded_prism,carrier_matches_mapped_source,5.551115123125783e-17,1e-9,1e-8,zero
rounded_prism,carrier_matches_mapped_source,5.551115123125783e-17,1e-9,1e-8,zero
rounded_prism,carrier_matches_mapped_source,5.551115123125783e-17,1e-9,1e-8,zero
rounded_prism,carrier_matches_mapped_source,5.551115123125783e-17,1e-9,1e-8,zero
rounded_prism,carrier_matches_mapped_source,0e0,1e-9,1e-8,zero
rounded_prism,newell_plane_residual,0e0,1e-9,1e-8,zero
rounded_prism,newell_plane_residual,0e0,1e-9,1e-8,zero
rounded_prism,newell_plane_residual,0e0,1e-9,1e-8,zero
rounded_prism,newell_plane_residual,0e0,1e-9,1e-8,zero
rounded_prism,interval_span_forward,1e0,1e-9,1e-8,positive
rounded_prism,carrier_endpoint_start,0e0,1e-9,1e-8,zero
rounded_prism,carrier_endpoint_end,0e0,1e-9,1e-8,zero
rounded_prism,carrier_matches_mapped_source,0e0,1e-9,1e-8,zero
rounded_prism,carrier_matches_mapped_source,0e0,1e-9,1e-8,zero
rounded_prism,carrier_matches_mapped_source,0e0,1e-9,1e-8,zero
rounded_prism,carrier_matches_mapped_source,0e0,1e-9,1e-8,zero
rounded_prism,carrier_matches_mapped_source,0e0,1e-9,1e-8,zero
rounded_prism,carrier_matches_mapped_source,0e0,1e-9,1e-8,zero
rounded_prism,carrier_matches_mapped_source,0e0,1e-9,1e-8,zero
rounded_prism,carrier_matches_mapped_source,0e0,1e-9,1e-8,zero
rounded_prism,carrier_matches_mapped_source,0e0,1e-9,1e-8,zero
rounded_prism,interval_span_forward,7.853981633974485e-1,1e-9,1e-8,positive
rounded_prism,interval_span_winding,2.3561944901923453e0,1e-9,1e-8,positive
rounded_prism,carrier_endpoint_start,0e0,1e-9,1e-8,zero
rounded_prism,carrier_endpoint_end,0e0,1e-9,1e-8,zero
rounded_prism,carrier_matches_mapped_source,0e0,1e-9,1e-8,zero
rounded_prism,carrier_matches_mapped_source,0e0,1e-9,1e-8,zero
rounded_prism,carrier_matches_mapped_source,2.220446049250313e-16,1e-9,1e-8,zero
rounded_prism,carrier_matches_mapped_source,0e0,1e-9,1e-8,zero
rounded_prism,carrier_matches_mapped_source,2.220446049250313e-16,1e-9,1e-8,zero
rounded_prism,carrier_matches_mapped_source,0e0,1e-9,1e-8,zero
rounded_prism,carrier_matches_mapped_source,2.220446049250313e-16,1e-9,1e-8,zero
rounded_prism,carrier_matches_mapped_source,0e0,1e-9,1e-8,zero
rounded_prism,carrier_matches_mapped_source,0e0,1e-9,1e-8,zero
rounded_prism,newell_plane_residual,0e0,1e-9,1e-8,zero
rounded_prism,newell_plane_residual,0e0,1e-9,1e-8,zero
rounded_prism,newell_plane_residual,0e0,1e-9,1e-8,zero
rounded_prism,newell_plane_residual,0e0,1e-9,1e-8,zero
rounded_prism,interval_span_forward,1e0,1e-9,1e-8,positive
rounded_prism,carrier_endpoint_start,0e0,1e-9,1e-8,zero
rounded_prism,carrier_endpoint_end,0e0,1e-9,1e-8,zero
rounded_prism,carrier_matches_mapped_source,0e0,1e-9,1e-8,zero
rounded_prism,carrier_matches_mapped_source,0e0,1e-9,1e-8,zero
rounded_prism,carrier_matches_mapped_source,0e0,1e-9,1e-8,zero
rounded_prism,carrier_matches_mapped_source,0e0,1e-9,1e-8,zero
rounded_prism,carrier_matches_mapped_source,0e0,1e-9,1e-8,zero
rounded_prism,carrier_matches_mapped_source,0e0,1e-9,1e-8,zero
rounded_prism,carrier_matches_mapped_source,0e0,1e-9,1e-8,zero
rounded_prism,carrier_matches_mapped_source,0e0,1e-9,1e-8,zero
rounded_prism,carrier_matches_mapped_source,0e0,1e-9,1e-8,zero
rounded_prism,interval_span_forward,7.853981633974485e-1,1e-9,1e-8,positive
rounded_prism,interval_span_winding,2.3561944901923453e0,1e-9,1e-8,positive
rounded_prism,carrier_endpoint_start,0e0,1e-9,1e-8,zero
rounded_prism,carrier_endpoint_end,1.1102230246251565e-16,1e-9,1e-8,zero
rounded_prism,carrier_matches_mapped_source,0e0,1e-9,1e-8,zero
rounded_prism,carrier_matches_mapped_source,5.551115123125783e-17,1e-9,1e-8,zero
rounded_prism,carrier_matches_mapped_source,0e0,1e-9,1e-8,zero
rounded_prism,carrier_matches_mapped_source,5.551115123125783e-17,1e-9,1e-8,zero
rounded_prism,carrier_matches_mapped_source,2.2887833992611187e-16,1e-9,1e-8,zero
rounded_prism,carrier_matches_mapped_source,1.1102230246251565e-16,1e-9,1e-8,zero
rounded_prism,carrier_matches_mapped_source,2.482534153247273e-16,1e-9,1e-8,zero
rounded_prism,carrier_matches_mapped_source,1.1102230246251565e-16,1e-9,1e-8,zero
rounded_prism,carrier_matches_mapped_source,1.1102230246251565e-16,1e-9,1e-8,zero
rounded_prism,newell_plane_residual,0e0,1e-9,1e-8,zero
rounded_prism,newell_plane_residual,0e0,1e-9,1e-8,zero
rounded_prism,newell_plane_residual,-0e0,1e-9,1e-8,zero
rounded_prism,newell_plane_residual,0e0,1e-9,1e-8,zero
rounded_prism,interval_span_forward,1e0,1e-9,1e-8,positive
rounded_prism,carrier_endpoint_start,0e0,1e-9,1e-8,zero
rounded_prism,carrier_endpoint_end,0e0,1e-9,1e-8,zero
rounded_prism,carrier_matches_mapped_source,0e0,1e-9,1e-8,zero
rounded_prism,carrier_matches_mapped_source,0e0,1e-9,1e-8,zero
rounded_prism,carrier_matches_mapped_source,0e0,1e-9,1e-8,zero
rounded_prism,carrier_matches_mapped_source,0e0,1e-9,1e-8,zero
rounded_prism,carrier_matches_mapped_source,0e0,1e-9,1e-8,zero
rounded_prism,carrier_matches_mapped_source,0e0,1e-9,1e-8,zero
rounded_prism,carrier_matches_mapped_source,0e0,1e-9,1e-8,zero
rounded_prism,carrier_matches_mapped_source,0e0,1e-9,1e-8,zero
rounded_prism,carrier_matches_mapped_source,0e0,1e-9,1e-8,zero
rounded_prism,dihedral_arm,5.000000000000001e-1,1e-9,1e-8,positive
rounded_prism,dihedral_wedge,0e0,1e-9,1e-8,zero
rounded_prism,dihedral_arm,5.000000000000001e-1,1e-9,1e-8,positive
rounded_prism,dihedral_wedge,0e0,1e-9,1e-8,zero
rounded_prism,dihedral_arm,5.000000000000001e-1,1e-9,1e-8,positive
rounded_prism,dihedral_wedge,0e0,1e-9,1e-8,zero
rounded_prism,dihedral_arm,5.000000000000001e-1,1e-9,1e-8,positive
rounded_prism,dihedral_wedge,0e0,1e-9,1e-8,zero
rounded_prism,dihedral_arm,5.000000000000001e-1,1e-9,1e-8,positive
rounded_prism,dihedral_wedge,0e0,1e-9,1e-8,zero
rounded_prism,dihedral_arm,5.000000000000001e-1,1e-9,1e-8,positive
rounded_prism,dihedral_wedge,0e0,1e-9,1e-8,zero
rounded_prism,dihedral_arm,5.000000000000001e-1,1e-9,1e-8,positive
rounded_prism,dihedral_wedge,0e0,1e-9,1e-8,zero
rounded_prism,dihedral_arm,5.000000000000001e-1,1e-9,1e-8,positive
rounded_prism,dihedral_wedge,0e0,1e-9,1e-8,zero
rounded_prism,newell_plane_residual,0e0,1e-9,1e-8,zero
rounded_prism,newell_plane_residual,0e0,1e-9,1e-8,zero
rounded_prism,newell_plane_residual,0e0,1e-9,1e-8,zero
rounded_prism,newell_plane_residual,0e0,1e-9,1e-8,zero
rounded_prism,newell_plane_residual,0e0,1e-9,1e-8,zero
rounded_prism,newell_plane_residual,0e0,1e-9,1e-8,zero
rounded_prism,newell_plane_residual,0e0,1e-9,1e-8,zero
rounded_prism,newell_plane_residual,0e0,1e-9,1e-8,zero
rounded_prism,newell_plane_residual,0e0,1e-9,1e-8,zero
rounded_prism,newell_plane_residual,0e0,1e-9,1e-8,zero
rounded_prism,newell_plane_residual,0e0,1e-9,1e-8,zero
rounded_prism,newell_plane_residual,0e0,1e-9,1e-8,zero
rounded_prism,dihedral_arm,5.000000000000001e-1,1e-9,1e-8,positive
rounded_prism,dihedral_wedge,5.000000000000001e-1,1e-9,1e-8,positive
rounded_prism,interval_span_forward,7.853981633974485e-1,1e-9,1e-8,positive
rounded_prism,interval_span_winding,2.3561944901923453e0,1e-9,1e-8,positive
rounded_prism,carrier_endpoint_start,1.1102230246251565e-16,1e-9,1e-8,zero
rounded_prism,carrier_endpoint_end,1.2412670766236366e-16,1e-9,1e-8,zero
rounded_prism,carrier_on_surface_1,-0e0,1e-9,1e-8,zero
rounded_prism,carrier_on_surface_2,0e0,1e-9,1e-8,zero
rounded_prism,carrier_on_surface_1,-0e0,1e-9,1e-8,zero
rounded_prism,carrier_on_surface_2,0e0,1e-9,1e-8,zero
rounded_prism,dihedral_arm,5.000000000000001e-1,1e-9,1e-8,positive
rounded_prism,dihedral_wedge,5.000000000000001e-1,1e-9,1e-8,positive
rounded_prism,carrier_on_surface_1,-0e0,1e-9,1e-8,zero
rounded_prism,carrier_on_surface_2,0e0,1e-9,1e-8,zero
rounded_prism,dihedral_arm,5.000000000000001e-1,1e-9,1e-8,positive
rounded_prism,dihedral_wedge,5.000000000000001e-1,1e-9,1e-8,positive
rounded_prism,carrier_on_surface_1,-0e0,1e-9,1e-8,zero
rounded_prism,carrier_on_surface_2,0e0,1e-9,1e-8,zero
rounded_prism,dihedral_arm,5.000000000000001e-1,1e-9,1e-8,positive
rounded_prism,dihedral_wedge,5.000000000000001e-1,1e-9,1e-8,positive
rounded_prism,carrier_on_surface_1,-0e0,1e-9,1e-8,zero
rounded_prism,carrier_on_surface_2,0e0,1e-9,1e-8,zero
rounded_prism,dihedral_arm,5.000000000000001e-1,1e-9,1e-8,positive
rounded_prism,dihedral_wedge,5.000000000000001e-1,1e-9,1e-8,positive
rounded_prism,carrier_on_surface_1,-0e0,1e-9,1e-8,zero
rounded_prism,carrier_on_surface_2,0e0,1e-9,1e-8,zero
rounded_prism,dihedral_arm,5.000000000000001e-1,1e-9,1e-8,positive
rounded_prism,dihedral_wedge,5.000000000000001e-1,1e-9,1e-8,positive
rounded_prism,carrier_on_surface_1,-0e0,1e-9,1e-8,zero
rounded_prism,carrier_on_surface_2,0e0,1e-9,1e-8,zero
rounded_prism,dihedral_arm,5.000000000000001e-1,1e-9,1e-8,positive
rounded_prism,dihedral_wedge,5.000000000000001e-1,1e-9,1e-8,positive
rounded_prism,carrier_on_surface_1,-0e0,1e-9,1e-8,zero
rounded_prism,carrier_on_surface_2,0e0,1e-9,1e-8,zero
rounded_prism,dihedral_arm,5.000000000000001e-1,1e-9,1e-8,positive
rounded_prism,dihedral_wedge,5.000000000000001e-1,1e-9,1e-8,positive
rounded_prism,carrier_on_surface_1,-0e0,1e-9,1e-8,zero
rounded_prism,carrier_on_surface_2,0e0,1e-9,1e-8,zero
rounded_prism,witness_on_surface_1,-0e0,1e-9,1e-8,zero
rounded_prism,witness_on_surface_2,0e0,1e-9,1e-8,zero
rounded_prism,witness_at_mid_parameter,0e0,1e-9,1e-8,zero
rounded_prism,dihedral_arm,5.000000000000001e-1,1e-9,1e-8,positive
rounded_prism,dihedral_wedge,5.000000000000001e-1,1e-9,1e-8,positive
rounded_prism,interval_span_forward,7.853981633974485e-1,1e-9,1e-8,positive
rounded_prism,interval_span_winding,2.3561944901923453e0,1e-9,1e-8,positive
rounded_prism,carrier_endpoint_start,1.1102230246251565e-16,1e-9,1e-8,zero
rounded_prism,carrier_endpoint_end,1.2412670766236366e-16,1e-9,1e-8,zero
rounded_prism,carrier_on_surface_1,0e0,1e-9,1e-8,zero
rounded_prism,carrier_on_surface_2,0e0,1e-9,1e-8,zero
rounded_prism,carrier_on_surface_1,0e0,1e-9,1e-8,zero
rounded_prism,carrier_on_surface_2,0e0,1e-9,1e-8,zero
rounded_prism,dihedral_arm,5.000000000000001e-1,1e-9,1e-8,positive
rounded_prism,dihedral_wedge,5.000000000000001e-1,1e-9,1e-8,positive
rounded_prism,carrier_on_surface_1,0e0,1e-9,1e-8,zero
rounded_prism,carrier_on_surface_2,0e0,1e-9,1e-8,zero
rounded_prism,dihedral_arm,5.000000000000001e-1,1e-9,1e-8,positive
rounded_prism,dihedral_wedge,5.000000000000001e-1,1e-9,1e-8,positive
rounded_prism,carrier_on_surface_1,0e0,1e-9,1e-8,zero
rounded_prism,carrier_on_surface_2,0e0,1e-9,1e-8,zero
rounded_prism,dihedral_arm,5.000000000000001e-1,1e-9,1e-8,positive
rounded_prism,dihedral_wedge,5.000000000000001e-1,1e-9,1e-8,positive
rounded_prism,carrier_on_surface_1,0e0,1e-9,1e-8,zero
rounded_prism,carrier_on_surface_2,0e0,1e-9,1e-8,zero
rounded_prism,dihedral_arm,5.000000000000001e-1,1e-9,1e-8,positive
rounded_prism,dihedral_wedge,5.000000000000001e-1,1e-9,1e-8,positive
rounded_prism,carrier_on_surface_1,0e0,1e-9,1e-8,zero
rounded_prism,carrier_on_surface_2,0e0,1e-9,1e-8,zero
rounded_prism,dihedral_arm,5.000000000000001e-1,1e-9,1e-8,positive
rounded_prism,dihedral_wedge,5.000000000000001e-1,1e-9,1e-8,positive
rounded_prism,carrier_on_surface_1,0e0,1e-9,1e-8,zero
rounded_prism,carrier_on_surface_2,0e0,1e-9,1e-8,zero
rounded_prism,dihedral_arm,5.000000000000001e-1,1e-9,1e-8,positive
rounded_prism,dihedral_wedge,5.000000000000001e-1,1e-9,1e-8,positive
rounded_prism,carrier_on_surface_1,0e0,1e-9,1e-8,zero
rounded_prism,carrier_on_surface_2,0e0,1e-9,1e-8,zero
rounded_prism,dihedral_arm,5.000000000000001e-1,1e-9,1e-8,positive
rounded_prism,dihedral_wedge,5.000000000000001e-1,1e-9,1e-8,positive
rounded_prism,carrier_on_surface_1,0e0,1e-9,1e-8,zero
rounded_prism,carrier_on_surface_2,0e0,1e-9,1e-8,zero
rounded_prism,witness_on_surface_1,0e0,1e-9,1e-8,zero
rounded_prism,witness_on_surface_2,0e0,1e-9,1e-8,zero
rounded_prism,witness_at_mid_parameter,0e0,1e-9,1e-8,zero
rounded_prism,dihedral_arm,1e0,1e-9,1e-8,positive
rounded_prism,dihedral_wedge,1e0,1e-9,1e-8,positive
rounded_prism,interval_span_forward,1e0,1e-9,1e-8,positive
rounded_prism,carrier_endpoint_start,0e0,1e-9,1e-8,zero
rounded_prism,carrier_endpoint_end,0e0,1e-9,1e-8,zero
rounded_prism,carrier_on_surface_1,-0e0,1e-9,1e-8,zero
rounded_prism,carrier_on_surface_2,-0e0,1e-9,1e-8,zero
rounded_prism,carrier_on_surface_1,-0e0,1e-9,1e-8,zero
rounded_prism,carrier_on_surface_2,-0e0,1e-9,1e-8,zero
rounded_prism,dihedral_arm,1e0,1e-9,1e-8,positive
rounded_prism,dihedral_wedge,1e0,1e-9,1e-8,positive
rounded_prism,carrier_on_surface_1,-0e0,1e-9,1e-8,zero
rounded_prism,carrier_on_surface_2,-0e0,1e-9,1e-8,zero
rounded_prism,dihedral_arm,1e0,1e-9,1e-8,positive
rounded_prism,dihedral_wedge,1e0,1e-9,1e-8,positive
rounded_prism,carrier_on_surface_1,-0e0,1e-9,1e-8,zero
rounded_prism,carrier_on_surface_2,-0e0,1e-9,1e-8,zero
rounded_prism,dihedral_arm,1e0,1e-9,1e-8,positive
rounded_prism,dihedral_wedge,1e0,1e-9,1e-8,positive
rounded_prism,carrier_on_surface_1,0e0,1e-9,1e-8,zero
rounded_prism,carrier_on_surface_2,0e0,1e-9,1e-8,zero
rounded_prism,dihedral_arm,1e0,1e-9,1e-8,positive
rounded_prism,dihedral_wedge,1e0,1e-9,1e-8,positive
rounded_prism,carrier_on_surface_1,0e0,1e-9,1e-8,zero
rounded_prism,carrier_on_surface_2,0e0,1e-9,1e-8,zero
rounded_prism,dihedral_arm,1e0,1e-9,1e-8,positive
rounded_prism,dihedral_wedge,1e0,1e-9,1e-8,positive
rounded_prism,carrier_on_surface_1,0e0,1e-9,1e-8,zero
rounded_prism,carrier_on_surface_2,0e0,1e-9,1e-8,zero
rounded_prism,dihedral_arm,1e0,1e-9,1e-8,positive
rounded_prism,dihedral_wedge,1e0,1e-9,1e-8,positive
rounded_prism,carrier_on_surface_1,0e0,1e-9,1e-8,zero
rounded_prism,carrier_on_surface_2,0e0,1e-9,1e-8,zero
rounded_prism,dihedral_arm,1e0,1e-9,1e-8,positive
rounded_prism,dihedral_wedge,1e0,1e-9,1e-8,positive
rounded_prism,carrier_on_surface_1,0e0,1e-9,1e-8,zero
rounded_prism,carrier_on_surface_2,0e0,1e-9,1e-8,zero
rounded_prism,witness_on_surface_1,0e0,1e-9,1e-8,zero
rounded_prism,witness_on_surface_2,0e0,1e-9,1e-8,zero
rounded_prism,witness_at_mid_parameter,0e0,1e-9,1e-8,zero
rounded_prism,dihedral_arm,1e0,1e-9,1e-8,positive
rounded_prism,dihedral_wedge,1e0,1e-9,1e-8,positive
rounded_prism,interval_span_forward,1e0,1e-9,1e-8,positive
rounded_prism,carrier_endpoint_start,0e0,1e-9,1e-8,zero
rounded_prism,carrier_endpoint_end,0e0,1e-9,1e-8,zero
rounded_prism,carrier_on_surface_1,0e0,1e-9,1e-8,zero
rounded_prism,carrier_on_surface_2,0e0,1e-9,1e-8,zero
rounded_prism,carrier_on_surface_1,0e0,1e-9,1e-8,zero
rounded_prism,carrier_on_surface_2,0e0,1e-9,1e-8,zero
rounded_prism,dihedral_arm,1e0,1e-9,1e-8,positive
rounded_prism,dihedral_wedge,1e0,1e-9,1e-8,positive
rounded_prism,carrier_on_surface_1,0e0,1e-9,1e-8,zero
rounded_prism,carrier_on_surface_2,0e0,1e-9,1e-8,zero
rounded_prism,dihedral_arm,1e0,1e-9,1e-8,positive
rounded_prism,dihedral_wedge,1e0,1e-9,1e-8,positive
rounded_prism,carrier_on_surface_1,0e0,1e-9,1e-8,zero
rounded_prism,carrier_on_surface_2,0e0,1e-9,1e-8,zero
rounded_prism,dihedral_arm,1e0,1e-9,1e-8,positive
rounded_prism,dihedral_wedge,1e0,1e-9,1e-8,positive
rounded_prism,carrier_on_surface_1,0e0,1e-9,1e-8,zero
rounded_prism,carrier_on_surface_2,0e0,1e-9,1e-8,zero
rounded_prism,dihedral_arm,1e0,1e-9,1e-8,positive
rounded_prism,dihedral_wedge,1e0,1e-9,1e-8,positive
rounded_prism,carrier_on_surface_1,0e0,1e-9,1e-8,zero
rounded_prism,carrier_on_surface_2,0e0,1e-9,1e-8,zero
rounded_prism,dihedral_arm,1e0,1e-9,1e-8,positive
rounded_prism,dihedral_wedge,1e0,1e-9,1e-8,positive
rounded_prism,carrier_on_surface_1,0e0,1e-9,1e-8,zero
rounded_prism,carrier_on_surface_2,0e0,1e-9,1e-8,zero
rounded_prism,dihedral_arm,1e0,1e-9,1e-8,positive
rounded_prism,dihedral_wedge,1e0,1e-9,1e-8,positive
rounded_prism,carrier_on_surface_1,0e0,1e-9,1e-8,zero
rounded_prism,carrier_on_surface_2,0e0,1e-9,1e-8,zero
rounded_prism,dihedral_arm,1e0,1e-9,1e-8,positive
rounded_prism,dihedral_wedge,1e0,1e-9,1e-8,positive
rounded_prism,carrier_on_surface_1,0e0,1e-9,1e-8,zero
rounded_prism,carrier_on_surface_2,0e0,1e-9,1e-8,zero
rounded_prism,witness_on_surface_1,0e0,1e-9,1e-8,zero
rounded_prism,witness_on_surface_2,0e0,1e-9,1e-8,zero
rounded_prism,witness_at_mid_parameter,0e0,1e-9,1e-8,zero
rounded_prism,dihedral_arm,5.000000000000001e-1,1e-9,1e-8,positive
rounded_prism,dihedral_wedge,5.000000000000001e-1,1e-9,1e-8,positive
rounded_prism,interval_span_forward,7.853981633974485e-1,1e-9,1e-8,positive
rounded_prism,interval_span_winding,2.3561944901923453e0,1e-9,1e-8,positive
rounded_prism,carrier_endpoint_start,1.1102230246251565e-16,1e-9,1e-8,zero
rounded_prism,carrier_endpoint_end,5.551115123125783e-17,1e-9,1e-8,zero
rounded_prism,carrier_on_surface_1,0e0,1e-9,1e-8,zero
rounded_prism,carrier_on_surface_2,0e0,1e-9,1e-8,zero
rounded_prism,carrier_on_surface_1,0e0,1e-9,1e-8,zero
rounded_prism,carrier_on_surface_2,0e0,1e-9,1e-8,zero
rounded_prism,dihedral_arm,5.000000000000001e-1,1e-9,1e-8,positive
rounded_prism,dihedral_wedge,5.000000000000001e-1,1e-9,1e-8,positive
rounded_prism,carrier_on_surface_1,0e0,1e-9,1e-8,zero
rounded_prism,carrier_on_surface_2,5.5511151231257815e-17,1e-9,1e-8,zero
rounded_prism,dihedral_arm,5.000000000000001e-1,1e-9,1e-8,positive
rounded_prism,dihedral_wedge,5.000000000000001e-1,1e-9,1e-8,positive
rounded_prism,carrier_on_surface_1,0e0,1e-9,1e-8,zero
rounded_prism,carrier_on_surface_2,0e0,1e-9,1e-8,zero
rounded_prism,dihedral_arm,5.000000000000001e-1,1e-9,1e-8,positive
rounded_prism,dihedral_wedge,5.000000000000001e-1,1e-9,1e-8,positive
rounded_prism,carrier_on_surface_1,0e0,1e-9,1e-8,zero
rounded_prism,carrier_on_surface_2,-1.1102230246251563e-16,1e-9,1e-8,zero
rounded_prism,dihedral_arm,5.000000000000001e-1,1e-9,1e-8,positive
rounded_prism,dihedral_wedge,5.000000000000001e-1,1e-9,1e-8,positive
rounded_prism,carrier_on_surface_1,0e0,1e-9,1e-8,zero
rounded_prism,carrier_on_surface_2,0e0,1e-9,1e-8,zero
rounded_prism,dihedral_arm,5.000000000000001e-1,1e-9,1e-8,positive
rounded_prism,dihedral_wedge,5.000000000000001e-1,1e-9,1e-8,positive
rounded_prism,carrier_on_surface_1,0e0,1e-9,1e-8,zero
rounded_prism,carrier_on_surface_2,0e0,1e-9,1e-8,zero
rounded_prism,dihedral_arm,5.000000000000001e-1,1e-9,1e-8,positive
rounded_prism,dihedral_wedge,5.000000000000001e-1,1e-9,1e-8,positive
rounded_prism,carrier_on_surface_1,0e0,1e-9,1e-8,zero
rounded_prism,carrier_on_surface_2,-1.1102230246251563e-16,1e-9,1e-8,zero
rounded_prism,dihedral_arm,5.000000000000001e-1,1e-9,1e-8,positive
rounded_prism,dihedral_wedge,5.000000000000001e-1,1e-9,1e-8,positive
rounded_prism,carrier_on_surface_1,0e0,1e-9,1e-8,zero
rounded_prism,carrier_on_surface_2,-1.1102230246251563e-16,1e-9,1e-8,zero
rounded_prism,witness_on_surface_1,0e0,1e-9,1e-8,zero
rounded_prism,witness_on_surface_2,-1.1102230246251563e-16,1e-9,1e-8,zero
rounded_prism,witness_at_mid_parameter,0e0,1e-9,1e-8,zero
rounded_prism,dihedral_arm,5.000000000000001e-1,1e-9,1e-8,positive
rounded_prism,dihedral_wedge,5.000000000000001e-1,1e-9,1e-8,positive
rounded_prism,interval_span_forward,7.853981633974485e-1,1e-9,1e-8,positive
rounded_prism,interval_span_winding,2.3561944901923453e0,1e-9,1e-8,positive
rounded_prism,carrier_endpoint_start,1.1102230246251565e-16,1e-9,1e-8,zero
rounded_prism,carrier_endpoint_end,5.551115123125783e-17,1e-9,1e-8,zero
rounded_prism,carrier_on_surface_1,0e0,1e-9,1e-8,zero
rounded_prism,carrier_on_surface_2,0e0,1e-9,1e-8,zero
rounded_prism,carrier_on_surface_1,0e0,1e-9,1e-8,zero
rounded_prism,carrier_on_surface_2,0e0,1e-9,1e-8,zero
rounded_prism,dihedral_arm,5.000000000000001e-1,1e-9,1e-8,positive
rounded_prism,dihedral_wedge,5.000000000000001e-1,1e-9,1e-8,positive
rounded_prism,carrier_on_surface_1,0e0,1e-9,1e-8,zero
rounded_prism,carrier_on_surface_2,5.5511151231257815e-17,1e-9,1e-8,zero
rounded_prism,dihedral_arm,5.000000000000001e-1,1e-9,1e-8,positive
rounded_prism,dihedral_wedge,5.000000000000001e-1,1e-9,1e-8,positive
rounded_prism,carrier_on_surface_1,0e0,1e-9,1e-8,zero
rounded_prism,carrier_on_surface_2,0e0,1e-9,1e-8,zero
rounded_prism,dihedral_arm,5.000000000000001e-1,1e-9,1e-8,positive
rounded_prism,dihedral_wedge,5.000000000000001e-1,1e-9,1e-8,positive
rounded_prism,carrier_on_surface_1,0e0,1e-9,1e-8,zero
rounded_prism,carrier_on_surface_2,-1.1102230246251563e-16,1e-9,1e-8,zero
rounded_prism,dihedral_arm,5.000000000000001e-1,1e-9,1e-8,positive
rounded_prism,dihedral_wedge,5.000000000000001e-1,1e-9,1e-8,positive
rounded_prism,carrier_on_surface_1,0e0,1e-9,1e-8,zero
rounded_prism,carrier_on_surface_2,0e0,1e-9,1e-8,zero
rounded_prism,dihedral_arm,5.000000000000001e-1,1e-9,1e-8,positive
rounded_prism,dihedral_wedge,5.000000000000001e-1,1e-9,1e-8,positive
rounded_prism,carrier_on_surface_1,0e0,1e-9,1e-8,zero
rounded_prism,carrier_on_surface_2,0e0,1e-9,1e-8,zero
rounded_prism,dihedral_arm,5.000000000000001e-1,1e-9,1e-8,positive
rounded_prism,dihedral_wedge,5.000000000000001e-1,1e-9,1e-8,positive
rounded_prism,carrier_on_surface_1,0e0,1e-9,1e-8,zero
rounded_prism,carrier_on_surface_2,-1.1102230246251563e-16,1e-9,1e-8,zero
rounded_prism,dihedral_arm,5.000000000000001e-1,1e-9,1e-8,positive
rounded_prism,dihedral_wedge,5.000000000000001e-1,1e-9,1e-8,positive
rounded_prism,carrier_on_surface_1,0e0,1e-9,1e-8,zero
rounded_prism,carrier_on_surface_2,-1.1102230246251563e-16,1e-9,1e-8,zero
rounded_prism,witness_on_surface_1,0e0,1e-9,1e-8,zero
rounded_prism,witness_on_surface_2,-1.1102230246251563e-16,1e-9,1e-8,zero
rounded_prism,witness_at_mid_parameter,0e0,1e-9,1e-8,zero
rounded_prism,dihedral_arm,1e0,1e-9,1e-8,positive
rounded_prism,dihedral_wedge,1e0,1e-9,1e-8,positive
rounded_prism,interval_span_forward,1e0,1e-9,1e-8,positive
rounded_prism,carrier_endpoint_start,0e0,1e-9,1e-8,zero
rounded_prism,carrier_endpoint_end,0e0,1e-9,1e-8,zero
rounded_prism,carrier_on_surface_1,0e0,1e-9,1e-8,zero
rounded_prism,carrier_on_surface_2,0e0,1e-9,1e-8,zero
rounded_prism,carrier_on_surface_1,0e0,1e-9,1e-8,zero
rounded_prism,carrier_on_surface_2,0e0,1e-9,1e-8,zero
rounded_prism,dihedral_arm,1e0,1e-9,1e-8,positive
rounded_prism,dihedral_wedge,1e0,1e-9,1e-8,positive
rounded_prism,carrier_on_surface_1,0e0,1e-9,1e-8,zero
rounded_prism,carrier_on_surface_2,0e0,1e-9,1e-8,zero
rounded_prism,dihedral_arm,1e0,1e-9,1e-8,positive
rounded_prism,dihedral_wedge,1e0,1e-9,1e-8,positive
rounded_prism,carrier_on_surface_1,0e0,1e-9,1e-8,zero
rounded_prism,carrier_on_surface_2,0e0,1e-9,1e-8,zero
rounded_prism,dihedral_arm,1e0,1e-9,1e-8,positive
rounded_prism,dihedral_wedge,1e0,1e-9,1e-8,positive
rounded_prism,carrier_on_surface_1,0e0,1e-9,1e-8,zero
rounded_prism,carrier_on_surface_2,0e0,1e-9,1e-8,zero
rounded_prism,dihedral_arm,1e0,1e-9,1e-8,positive
rounded_prism,dihedral_wedge,1e0,1e-9,1e-8,positive
rounded_prism,carrier_on_surface_1,0e0,1e-9,1e-8,zero
rounded_prism,carrier_on_surface_2,0e0,1e-9,1e-8,zero
rounded_prism,dihedral_arm,1e0,1e-9,1e-8,positive
rounded_prism,dihedral_wedge,1e0,1e-9,1e-8,positive
rounded_prism,carrier_on_surface_1,0e0,1e-9,1e-8,zero
rounded_prism,carrier_on_surface_2,0e0,1e-9,1e-8,zero
rounded_prism,dihedral_arm,1e0,1e-9,1e-8,positive
rounded_prism,dihedral_wedge,1e0,1e-9,1e-8,positive
rounded_prism,carrier_on_surface_1,0e0,1e-9,1e-8,zero
rounded_prism,carrier_on_surface_2,0e0,1e-9,1e-8,zero
rounded_prism,dihedral_arm,1e0,1e-9,1e-8,positive
rounded_prism,dihedral_wedge,1e0,1e-9,1e-8,positive
rounded_prism,carrier_on_surface_1,0e0,1e-9,1e-8,zero
rounded_prism,carrier_on_surface_2,0e0,1e-9,1e-8,zero
rounded_prism,witness_on_surface_1,0e0,1e-9,1e-8,zero
rounded_prism,witness_on_surface_2,0e0,1e-9,1e-8,zero
rounded_prism,witness_at_mid_parameter,0e0,1e-9,1e-8,zero
rounded_prism,dihedral_arm,1e0,1e-9,1e-8,positive
rounded_prism,dihedral_wedge,1e0,1e-9,1e-8,positive
rounded_prism,interval_span_forward,1e0,1e-9,1e-8,positive
rounded_prism,carrier_endpoint_start,0e0,1e-9,1e-8,zero
rounded_prism,carrier_endpoint_end,0e0,1e-9,1e-8,zero
rounded_prism,carrier_on_surface_1,0e0,1e-9,1e-8,zero
rounded_prism,carrier_on_surface_2,0e0,1e-9,1e-8,zero
rounded_prism,carrier_on_surface_1,0e0,1e-9,1e-8,zero
rounded_prism,carrier_on_surface_2,0e0,1e-9,1e-8,zero
rounded_prism,dihedral_arm,1e0,1e-9,1e-8,positive
rounded_prism,dihedral_wedge,1e0,1e-9,1e-8,positive
rounded_prism,carrier_on_surface_1,0e0,1e-9,1e-8,zero
rounded_prism,carrier_on_surface_2,0e0,1e-9,1e-8,zero
rounded_prism,dihedral_arm,1e0,1e-9,1e-8,positive
rounded_prism,dihedral_wedge,1e0,1e-9,1e-8,positive
rounded_prism,carrier_on_surface_1,0e0,1e-9,1e-8,zero
rounded_prism,carrier_on_surface_2,0e0,1e-9,1e-8,zero
rounded_prism,dihedral_arm,1e0,1e-9,1e-8,positive
rounded_prism,dihedral_wedge,1e0,1e-9,1e-8,positive
rounded_prism,carrier_on_surface_1,0e0,1e-9,1e-8,zero
rounded_prism,carrier_on_surface_2,0e0,1e-9,1e-8,zero
rounded_prism,dihedral_arm,1e0,1e-9,1e-8,positive
rounded_prism,dihedral_wedge,1e0,1e-9,1e-8,positive
rounded_prism,carrier_on_surface_1,0e0,1e-9,1e-8,zero
rounded_prism,carrier_on_surface_2,0e0,1e-9,1e-8,zero
rounded_prism,dihedral_arm,1e0,1e-9,1e-8,positive
rounded_prism,dihedral_wedge,1e0,1e-9,1e-8,positive
rounded_prism,carrier_on_surface_1,0e0,1e-9,1e-8,zero
rounded_prism,carrier_on_surface_2,0e0,1e-9,1e-8,zero
rounded_prism,dihedral_arm,1e0,1e-9,1e-8,positive
rounded_prism,dihedral_wedge,1e0,1e-9,1e-8,positive
rounded_prism,carrier_on_surface_1,0e0,1e-9,1e-8,zero
rounded_prism,carrier_on_surface_2,0e0,1e-9,1e-8,zero
rounded_prism,dihedral_arm,1e0,1e-9,1e-8,positive
rounded_prism,dihedral_wedge,1e0,1e-9,1e-8,positive
rounded_prism,carrier_on_surface_1,0e0,1e-9,1e-8,zero
rounded_prism,carrier_on_surface_2,0e0,1e-9,1e-8,zero
rounded_prism,witness_on_surface_1,0e0,1e-9,1e-8,zero
rounded_prism,witness_on_surface_2,0e0,1e-9,1e-8,zero
rounded_prism,witness_at_mid_parameter,0e0,1e-9,1e-8,zero
rounded_prism,dihedral_arm,5.000000000000001e-1,1e-9,1e-8,positive
rounded_prism,dihedral_wedge,5.000000000000001e-1,1e-9,1e-8,positive
rounded_prism,interval_span_forward,7.853981633974485e-1,1e-9,1e-8,positive
rounded_prism,interval_span_winding,2.3561944901923453e0,1e-9,1e-8,positive
rounded_prism,carrier_endpoint_start,0e0,1e-9,1e-8,zero
rounded_prism,carrier_endpoint_end,0e0,1e-9,1e-8,zero
rounded_prism,carrier_on_surface_1,0e0,1e-9,1e-8,zero
rounded_prism,carrier_on_surface_2,-1.1102230246251563e-16,1e-9,1e-8,zero
rounded_prism,carrier_on_surface_1,0e0,1e-9,1e-8,zero
rounded_prism,carrier_on_surface_2,-1.1102230246251563e-16,1e-9,1e-8,zero
rounded_prism,dihedral_arm,5.000000000000001e-1,1e-9,1e-8,positive
rounded_prism,dihedral_wedge,5.000000000000001e-1,1e-9,1e-8,positive
rounded_prism,carrier_on_surface_1,0e0,1e-9,1e-8,zero
rounded_prism,carrier_on_surface_2,5.5511151231257815e-17,1e-9,1e-8,zero
rounded_prism,dihedral_arm,5.000000000000001e-1,1e-9,1e-8,positive
rounded_prism,dihedral_wedge,5.000000000000001e-1,1e-9,1e-8,positive
rounded_prism,carrier_on_surface_1,0e0,1e-9,1e-8,zero
rounded_prism,carrier_on_surface_2,-1.1102230246251563e-16,1e-9,1e-8,zero
rounded_prism,dihedral_arm,5.000000000000001e-1,1e-9,1e-8,positive
rounded_prism,dihedral_wedge,5.000000000000001e-1,1e-9,1e-8,positive
rounded_prism,carrier_on_surface_1,0e0,1e-9,1e-8,zero
rounded_prism,carrier_on_surface_2,0e0,1e-9,1e-8,zero
rounded_prism,dihedral_arm,5.000000000000001e-1,1e-9,1e-8,positive
rounded_prism,dihedral_wedge,5.000000000000001e-1,1e-9,1e-8,positive
rounded_prism,carrier_on_surface_1,0e0,1e-9,1e-8,zero
rounded_prism,carrier_on_surface_2,-1.1102230246251563e-16,1e-9,1e-8,zero
rounded_prism,dihedral_arm,5.000000000000001e-1,1e-9,1e-8,positive
rounded_prism,dihedral_wedge,5.000000000000001e-1,1e-9,1e-8,positive
rounded_prism,carrier_on_surface_1,0e0,1e-9,1e-8,zero
rounded_prism,carrier_on_surface_2,5.5511151231257815e-17,1e-9,1e-8,zero
rounded_prism,dihedral_arm,5.000000000000001e-1,1e-9,1e-8,positive
rounded_prism,dihedral_wedge,5.000000000000001e-1,1e-9,1e-8,positive
rounded_prism,carrier_on_surface_1,0e0,1e-9,1e-8,zero
rounded_prism,carrier_on_surface_2,-1.1102230246251563e-16,1e-9,1e-8,zero
rounded_prism,dihedral_arm,5.000000000000001e-1,1e-9,1e-8,positive
rounded_prism,dihedral_wedge,5.000000000000001e-1,1e-9,1e-8,positive
rounded_prism,carrier_on_surface_1,0e0,1e-9,1e-8,zero
rounded_prism,carrier_on_surface_2,-1.1102230246251563e-16,1e-9,1e-8,zero
rounded_prism,witness_on_surface_1,0e0,1e-9,1e-8,zero
rounded_prism,witness_on_surface_2,0e0,1e-9,1e-8,zero
rounded_prism,witness_at_mid_parameter,0e0,1e-9,1e-8,zero
rounded_prism,dihedral_arm,5.000000000000001e-1,1e-9,1e-8,positive
rounded_prism,dihedral_wedge,5.000000000000001e-1,1e-9,1e-8,positive
rounded_prism,interval_span_forward,7.853981633974485e-1,1e-9,1e-8,positive
rounded_prism,interval_span_winding,2.3561944901923453e0,1e-9,1e-8,positive
rounded_prism,carrier_endpoint_start,0e0,1e-9,1e-8,zero
rounded_prism,carrier_endpoint_end,0e0,1e-9,1e-8,zero
rounded_prism,carrier_on_surface_1,0e0,1e-9,1e-8,zero
rounded_prism,carrier_on_surface_2,-1.1102230246251563e-16,1e-9,1e-8,zero
rounded_prism,carrier_on_surface_1,0e0,1e-9,1e-8,zero
rounded_prism,carrier_on_surface_2,-1.1102230246251563e-16,1e-9,1e-8,zero
rounded_prism,dihedral_arm,5.000000000000001e-1,1e-9,1e-8,positive
rounded_prism,dihedral_wedge,5.000000000000001e-1,1e-9,1e-8,positive
rounded_prism,carrier_on_surface_1,0e0,1e-9,1e-8,zero
rounded_prism,carrier_on_surface_2,5.5511151231257815e-17,1e-9,1e-8,zero
rounded_prism,dihedral_arm,5.000000000000001e-1,1e-9,1e-8,positive
rounded_prism,dihedral_wedge,5.000000000000001e-1,1e-9,1e-8,positive
rounded_prism,carrier_on_surface_1,0e0,1e-9,1e-8,zero
rounded_prism,carrier_on_surface_2,-1.1102230246251563e-16,1e-9,1e-8,zero
rounded_prism,dihedral_arm,5.000000000000001e-1,1e-9,1e-8,positive
rounded_prism,dihedral_wedge,5.000000000000001e-1,1e-9,1e-8,positive
rounded_prism,carrier_on_surface_1,0e0,1e-9,1e-8,zero
rounded_prism,carrier_on_surface_2,0e0,1e-9,1e-8,zero
rounded_prism,dihedral_arm,5.000000000000001e-1,1e-9,1e-8,positive
rounded_prism,dihedral_wedge,5.000000000000001e-1,1e-9,1e-8,positive
rounded_prism,carrier_on_surface_1,0e0,1e-9,1e-8,zero
rounded_prism,carrier_on_surface_2,-1.1102230246251563e-16,1e-9,1e-8,zero
rounded_prism,dihedral_arm,5.000000000000001e-1,1e-9,1e-8,positive
rounded_prism,dihedral_wedge,5.000000000000001e-1,1e-9,1e-8,positive
rounded_prism,carrier_on_surface_1,0e0,1e-9,1e-8,zero
rounded_prism,carrier_on_surface_2,5.5511151231257815e-17,1e-9,1e-8,zero
rounded_prism,dihedral_arm,5.000000000000001e-1,1e-9,1e-8,positive
rounded_prism,dihedral_wedge,5.000000000000001e-1,1e-9,1e-8,positive
rounded_prism,carrier_on_surface_1,0e0,1e-9,1e-8,zero
rounded_prism,carrier_on_surface_2,-1.1102230246251563e-16,1e-9,1e-8,zero
rounded_prism,dihedral_arm,5.000000000000001e-1,1e-9,1e-8,positive
rounded_prism,dihedral_wedge,5.000000000000001e-1,1e-9,1e-8,positive
rounded_prism,carrier_on_surface_1,0e0,1e-9,1e-8,zero
rounded_prism,carrier_on_surface_2,-1.1102230246251563e-16,1e-9,1e-8,zero
rounded_prism,witness_on_surface_1,0e0,1e-9,1e-8,zero
rounded_prism,witness_on_surface_2,0e0,1e-9,1e-8,zero
rounded_prism,witness_at_mid_parameter,0e0,1e-9,1e-8,zero
rounded_prism,dihedral_arm,1e0,1e-9,1e-8,positive
rounded_prism,dihedral_wedge,1e0,1e-9,1e-8,positive
rounded_prism,interval_span_forward,1e0,1e-9,1e-8,positive
rounded_prism,carrier_endpoint_start,0e0,1e-9,1e-8,zero
rounded_prism,carrier_endpoint_end,0e0,1e-9,1e-8,zero
rounded_prism,carrier_on_surface_1,0e0,1e-9,1e-8,zero
rounded_prism,carrier_on_surface_2,0e0,1e-9,1e-8,zero
rounded_prism,carrier_on_surface_1,0e0,1e-9,1e-8,zero
rounded_prism,carrier_on_surface_2,0e0,1e-9,1e-8,zero
rounded_prism,dihedral_arm,1e0,1e-9,1e-8,positive
rounded_prism,dihedral_wedge,1e0,1e-9,1e-8,positive
rounded_prism,carrier_on_surface_1,0e0,1e-9,1e-8,zero
rounded_prism,carrier_on_surface_2,0e0,1e-9,1e-8,zero
rounded_prism,dihedral_arm,1e0,1e-9,1e-8,positive
rounded_prism,dihedral_wedge,1e0,1e-9,1e-8,positive
rounded_prism,carrier_on_surface_1,0e0,1e-9,1e-8,zero
rounded_prism,carrier_on_surface_2,0e0,1e-9,1e-8,zero
rounded_prism,dihedral_arm,1e0,1e-9,1e-8,positive
rounded_prism,dihedral_wedge,1e0,1e-9,1e-8,positive
rounded_prism,carrier_on_surface_1,0e0,1e-9,1e-8,zero
rounded_prism,carrier_on_surface_2,0e0,1e-9,1e-8,zero
rounded_prism,dihedral_arm,1e0,1e-9,1e-8,positive
rounded_prism,dihedral_wedge,1e0,1e-9,1e-8,positive
rounded_prism,carrier_on_surface_1,0e0,1e-9,1e-8,zero
rounded_prism,carrier_on_surface_2,0e0,1e-9,1e-8,zero
rounded_prism,dihedral_arm,1e0,1e-9,1e-8,positive
rounded_prism,dihedral_wedge,1e0,1e-9,1e-8,positive
rounded_prism,carrier_on_surface_1,0e0,1e-9,1e-8,zero
rounded_prism,carrier_on_surface_2,0e0,1e-9,1e-8,zero
rounded_prism,dihedral_arm,1e0,1e-9,1e-8,positive
rounded_prism,dihedral_wedge,1e0,1e-9,1e-8,positive
rounded_prism,carrier_on_surface_1,0e0,1e-9,1e-8,zero
rounded_prism,carrier_on_surface_2,0e0,1e-9,1e-8,zero
rounded_prism,dihedral_arm,1e0,1e-9,1e-8,positive
rounded_prism,dihedral_wedge,1e0,1e-9,1e-8,positive
rounded_prism,carrier_on_surface_1,0e0,1e-9,1e-8,zero
rounded_prism,carrier_on_surface_2,0e0,1e-9,1e-8,zero
rounded_prism,witness_on_surface_1,0e0,1e-9,1e-8,zero
rounded_prism,witness_on_surface_2,0e0,1e-9,1e-8,zero
rounded_prism,witness_at_mid_parameter,0e0,1e-9,1e-8,zero
rounded_prism,dihedral_arm,1e0,1e-9,1e-8,positive
rounded_prism,dihedral_wedge,1e0,1e-9,1e-8,positive
rounded_prism,interval_span_forward,1e0,1e-9,1e-8,positive
rounded_prism,carrier_endpoint_start,0e0,1e-9,1e-8,zero
rounded_prism,carrier_endpoint_end,0e0,1e-9,1e-8,zero
rounded_prism,carrier_on_surface_1,0e0,1e-9,1e-8,zero
rounded_prism,carrier_on_surface_2,0e0,1e-9,1e-8,zero
rounded_prism,carrier_on_surface_1,0e0,1e-9,1e-8,zero
rounded_prism,carrier_on_surface_2,0e0,1e-9,1e-8,zero
rounded_prism,dihedral_arm,1e0,1e-9,1e-8,positive
rounded_prism,dihedral_wedge,1e0,1e-9,1e-8,positive
rounded_prism,carrier_on_surface_1,0e0,1e-9,1e-8,zero
rounded_prism,carrier_on_surface_2,0e0,1e-9,1e-8,zero
rounded_prism,dihedral_arm,1e0,1e-9,1e-8,positive
rounded_prism,dihedral_wedge,1e0,1e-9,1e-8,positive
rounded_prism,carrier_on_surface_1,0e0,1e-9,1e-8,zero
rounded_prism,carrier_on_surface_2,0e0,1e-9,1e-8,zero
rounded_prism,dihedral_arm,1e0,1e-9,1e-8,positive
rounded_prism,dihedral_wedge,1e0,1e-9,1e-8,positive
rounded_prism,carrier_on_surface_1,0e0,1e-9,1e-8,zero
rounded_prism,carrier_on_surface_2,0e0,1e-9,1e-8,zero
rounded_prism,dihedral_arm,1e0,1e-9,1e-8,positive
rounded_prism,dihedral_wedge,1e0,1e-9,1e-8,positive
rounded_prism,carrier_on_surface_1,0e0,1e-9,1e-8,zero
rounded_prism,carrier_on_surface_2,0e0,1e-9,1e-8,zero
rounded_prism,dihedral_arm,1e0,1e-9,1e-8,positive
rounded_prism,dihedral_wedge,1e0,1e-9,1e-8,positive
rounded_prism,carrier_on_surface_1,0e0,1e-9,1e-8,zero
rounded_prism,carrier_on_surface_2,0e0,1e-9,1e-8,zero
rounded_prism,dihedral_arm,1e0,1e-9,1e-8,positive
rounded_prism,dihedral_wedge,1e0,1e-9,1e-8,positive
rounded_prism,carrier_on_surface_1,0e0,1e-9,1e-8,zero
rounded_prism,carrier_on_surface_2,0e0,1e-9,1e-8,zero
rounded_prism,dihedral_arm,1e0,1e-9,1e-8,positive
rounded_prism,dihedral_wedge,1e0,1e-9,1e-8,positive
rounded_prism,carrier_on_surface_1,0e0,1e-9,1e-8,zero
rounded_prism,carrier_on_surface_2,0e0,1e-9,1e-8,zero
rounded_prism,witness_on_surface_1,0e0,1e-9,1e-8,zero
rounded_prism,witness_on_surface_2,0e0,1e-9,1e-8,zero
rounded_prism,witness_at_mid_parameter,0e0,1e-9,1e-8,zero
rounded_prism,dihedral_arm,5.000000000000001e-1,1e-9,1e-8,positive
rounded_prism,dihedral_wedge,5.000000000000001e-1,1e-9,1e-8,positive
rounded_prism,interval_span_forward,7.853981633974485e-1,1e-9,1e-8,positive
rounded_prism,interval_span_winding,2.3561944901923453e0,1e-9,1e-8,positive
rounded_prism,carrier_endpoint_start,0e0,1e-9,1e-8,zero
rounded_prism,carrier_endpoint_end,1.1102230246251565e-16,1e-9,1e-8,zero
rounded_prism,carrier_on_surface_1,0e0,1e-9,1e-8,zero
rounded_prism,carrier_on_surface_2,-1.1102230246251563e-16,1e-9,1e-8,zero
rounded_prism,carrier_on_surface_1,0e0,1e-9,1e-8,zero
rounded_prism,carrier_on_surface_2,-1.1102230246251563e-16,1e-9,1e-8,zero
rounded_prism,dihedral_arm,5.000000000000001e-1,1e-9,1e-8,positive
rounded_prism,dihedral_wedge,5.000000000000001e-1,1e-9,1e-8,positive
rounded_prism,carrier_on_surface_1,0e0,1e-9,1e-8,zero
rounded_prism,carrier_on_surface_2,0e0,1e-9,1e-8,zero
rounded_prism,dihedral_arm,5.000000000000001e-1,1e-9,1e-8,positive
rounded_prism,dihedral_wedge,5.000000000000001e-1,1e-9,1e-8,positive
rounded_prism,carrier_on_surface_1,0e0,1e-9,1e-8,zero
rounded_prism,carrier_on_surface_2,-5.5511151231257815e-17,1e-9,1e-8,zero
rounded_prism,dihedral_arm,5.000000000000001e-1,1e-9,1e-8,positive
rounded_prism,dihedral_wedge,5.000000000000001e-1,1e-9,1e-8,positive
rounded_prism,carrier_on_surface_1,0e0,1e-9,1e-8,zero
rounded_prism,carrier_on_surface_2,5.5511151231257815e-17,1e-9,1e-8,zero
rounded_prism,dihedral_arm,5.000000000000001e-1,1e-9,1e-8,positive
rounded_prism,dihedral_wedge,5.000000000000001e-1,1e-9,1e-8,positive
rounded_prism,carrier_on_surface_1,0e0,1e-9,1e-8,zero
rounded_prism,carrier_on_surface_2,0e0,1e-9,1e-8,zero
rounded_prism,dihedral_arm,5.000000000000001e-1,1e-9,1e-8,positive
rounded_prism,dihedral_wedge,5.000000000000001e-1,1e-9,1e-8,positive
rounded_prism,carrier_on_surface_1,0e0,1e-9,1e-8,zero
rounded_prism,carrier_on_surface_2,5.5511151231257815e-17,1e-9,1e-8,zero
rounded_prism,dihedral_arm,5.000000000000001e-1,1e-9,1e-8,positive
rounded_prism,dihedral_wedge,5.000000000000001e-1,1e-9,1e-8,positive
rounded_prism,carrier_on_surface_1,0e0,1e-9,1e-8,zero
rounded_prism,carrier_on_surface_2,0e0,1e-9,1e-8,zero
rounded_prism,dihedral_arm,5.000000000000001e-1,1e-9,1e-8,positive
rounded_prism,dihedral_wedge,5.000000000000001e-1,1e-9,1e-8,positive
rounded_prism,carrier_on_surface_1,0e0,1e-9,1e-8,zero
rounded_prism,carrier_on_surface_2,0e0,1e-9,1e-8,zero
rounded_prism,witness_on_surface_1,0e0,1e-9,1e-8,zero
rounded_prism,witness_on_surface_2,5.5511151231257815e-17,1e-9,1e-8,zero
rounded_prism,witness_at_mid_parameter,0e0,1e-9,1e-8,zero
rounded_prism,dihedral_arm,5.000000000000001e-1,1e-9,1e-8,positive
rounded_prism,dihedral_wedge,5.000000000000001e-1,1e-9,1e-8,positive
rounded_prism,interval_span_forward,7.853981633974485e-1,1e-9,1e-8,positive
rounded_prism,interval_span_winding,2.3561944901923453e0,1e-9,1e-8,positive
rounded_prism,carrier_endpoint_start,0e0,1e-9,1e-8,zero
rounded_prism,carrier_endpoint_end,1.1102230246251565e-16,1e-9,1e-8,zero
rounded_prism,carrier_on_surface_1,0e0,1e-9,1e-8,zero
rounded_prism,carrier_on_surface_2,-1.1102230246251563e-16,1e-9,1e-8,zero
rounded_prism,carrier_on_surface_1,0e0,1e-9,1e-8,zero
rounded_prism,carrier_on_surface_2,-1.1102230246251563e-16,1e-9,1e-8,zero
rounded_prism,dihedral_arm,5.000000000000001e-1,1e-9,1e-8,positive
rounded_prism,dihedral_wedge,5.000000000000001e-1,1e-9,1e-8,positive
rounded_prism,carrier_on_surface_1,0e0,1e-9,1e-8,zero
rounded_prism,carrier_on_surface_2,0e0,1e-9,1e-8,zero
rounded_prism,dihedral_arm,5.000000000000001e-1,1e-9,1e-8,positive
rounded_prism,dihedral_wedge,5.000000000000001e-1,1e-9,1e-8,positive
rounded_prism,carrier_on_surface_1,0e0,1e-9,1e-8,zero
rounded_prism,carrier_on_surface_2,-5.5511151231257815e-17,1e-9,1e-8,zero
rounded_prism,dihedral_arm,5.000000000000001e-1,1e-9,1e-8,positive
rounded_prism,dihedral_wedge,5.000000000000001e-1,1e-9,1e-8,positive
rounded_prism,carrier_on_surface_1,0e0,1e-9,1e-8,zero
rounded_prism,carrier_on_surface_2,5.5511151231257815e-17,1e-9,1e-8,zero
rounded_prism,dihedral_arm,5.000000000000001e-1,1e-9,1e-8,positive
rounded_prism,dihedral_wedge,5.000000000000001e-1,1e-9,1e-8,positive
rounded_prism,carrier_on_surface_1,0e0,1e-9,1e-8,zero
rounded_prism,carrier_on_surface_2,0e0,1e-9,1e-8,zero
rounded_prism,dihedral_arm,5.000000000000001e-1,1e-9,1e-8,positive
rounded_prism,dihedral_wedge,5.000000000000001e-1,1e-9,1e-8,positive
rounded_prism,carrier_on_surface_1,0e0,1e-9,1e-8,zero
rounded_prism,carrier_on_surface_2,5.5511151231257815e-17,1e-9,1e-8,zero
rounded_prism,dihedral_arm,5.000000000000001e-1,1e-9,1e-8,positive
rounded_prism,dihedral_wedge,5.000000000000001e-1,1e-9,1e-8,positive
rounded_prism,carrier_on_surface_1,0e0,1e-9,1e-8,zero
rounded_prism,carrier_on_surface_2,0e0,1e-9,1e-8,zero
rounded_prism,dihedral_arm,5.000000000000001e-1,1e-9,1e-8,positive
rounded_prism,dihedral_wedge,5.000000000000001e-1,1e-9,1e-8,positive
rounded_prism,carrier_on_surface_1,0e0,1e-9,1e-8,zero
rounded_prism,carrier_on_surface_2,0e0,1e-9,1e-8,zero
rounded_prism,witness_on_surface_1,0e0,1e-9,1e-8,zero
rounded_prism,witness_on_surface_2,5.5511151231257815e-17,1e-9,1e-8,zero
rounded_prism,witness_at_mid_parameter,0e0,1e-9,1e-8,zero
rounded_prism,dihedral_arm,1e0,1e-9,1e-8,positive
rounded_prism,dihedral_wedge,1e0,1e-9,1e-8,positive
rounded_prism,interval_span_forward,1e0,1e-9,1e-8,positive
rounded_prism,carrier_endpoint_start,0e0,1e-9,1e-8,zero
rounded_prism,carrier_endpoint_end,0e0,1e-9,1e-8,zero
rounded_prism,carrier_on_surface_1,0e0,1e-9,1e-8,zero
rounded_prism,carrier_on_surface_2,0e0,1e-9,1e-8,zero
rounded_prism,carrier_on_surface_1,0e0,1e-9,1e-8,zero
rounded_prism,carrier_on_surface_2,0e0,1e-9,1e-8,zero
rounded_prism,dihedral_arm,1e0,1e-9,1e-8,positive
rounded_prism,dihedral_wedge,1e0,1e-9,1e-8,positive
rounded_prism,carrier_on_surface_1,0e0,1e-9,1e-8,zero
rounded_prism,carrier_on_surface_2,0e0,1e-9,1e-8,zero
rounded_prism,dihedral_arm,1e0,1e-9,1e-8,positive
rounded_prism,dihedral_wedge,1e0,1e-9,1e-8,positive
rounded_prism,carrier_on_surface_1,0e0,1e-9,1e-8,zero
rounded_prism,carrier_on_surface_2,0e0,1e-9,1e-8,zero
rounded_prism,dihedral_arm,1e0,1e-9,1e-8,positive
rounded_prism,dihedral_wedge,1e0,1e-9,1e-8,positive
rounded_prism,carrier_on_surface_1,-0e0,1e-9,1e-8,zero
rounded_prism,carrier_on_surface_2,0e0,1e-9,1e-8,zero
rounded_prism,dihedral_arm,1e0,1e-9,1e-8,positive
rounded_prism,dihedral_wedge,1e0,1e-9,1e-8,positive
rounded_prism,carrier_on_surface_1,-0e0,1e-9,1e-8,zero
rounded_prism,carrier_on_surface_2,-0e0,1e-9,1e-8,zero
rounded_prism,dihedral_arm,1e0,1e-9,1e-8,positive
rounded_prism,dihedral_wedge,1e0,1e-9,1e-8,positive
rounded_prism,carrier_on_surface_1,-0e0,1e-9,1e-8,zero
rounded_prism,carrier_on_surface_2,-0e0,1e-9,1e-8,zero
rounded_prism,dihedral_arm,1e0,1e-9,1e-8,positive
rounded_prism,dihedral_wedge,1e0,1e-9,1e-8,positive
rounded_prism,carrier_on_surface_1,-0e0,1e-9,1e-8,zero
rounded_prism,carrier_on_surface_2,-0e0,1e-9,1e-8,zero
rounded_prism,dihedral_arm,1e0,1e-9,1e-8,positive
rounded_prism,dihedral_wedge,1e0,1e-9,1e-8,positive
rounded_prism,carrier_on_surface_1,-0e0,1e-9,1e-8,zero
rounded_prism,carrier_on_surface_2,-0e0,1e-9,1e-8,zero
rounded_prism,witness_on_surface_1,-0e0,1e-9,1e-8,zero
rounded_prism,witness_on_surface_2,0e0,1e-9,1e-8,zero
rounded_prism,witness_at_mid_parameter,0e0,1e-9,1e-8,zero
rounded_prism,dihedral_arm,1e0,1e-9,1e-8,positive
rounded_prism,dihedral_wedge,1e0,1e-9,1e-8,positive
rounded_prism,interval_span_forward,1e0,1e-9,1e-8,positive
rounded_prism,carrier_endpoint_start,0e0,1e-9,1e-8,zero
rounded_prism,carrier_endpoint_end,0e0,1e-9,1e-8,zero
rounded_prism,carrier_on_surface_1,0e0,1e-9,1e-8,zero
rounded_prism,carrier_on_surface_2,0e0,1e-9,1e-8,zero
rounded_prism,carrier_on_surface_1,0e0,1e-9,1e-8,zero
rounded_prism,carrier_on_surface_2,0e0,1e-9,1e-8,zero
rounded_prism,dihedral_arm,1e0,1e-9,1e-8,positive
rounded_prism,dihedral_wedge,1e0,1e-9,1e-8,positive
rounded_prism,carrier_on_surface_1,0e0,1e-9,1e-8,zero
rounded_prism,carrier_on_surface_2,0e0,1e-9,1e-8,zero
rounded_prism,dihedral_arm,1e0,1e-9,1e-8,positive
rounded_prism,dihedral_wedge,1e0,1e-9,1e-8,positive
rounded_prism,carrier_on_surface_1,0e0,1e-9,1e-8,zero
rounded_prism,carrier_on_surface_2,0e0,1e-9,1e-8,zero
rounded_prism,dihedral_arm,1e0,1e-9,1e-8,positive
rounded_prism,dihedral_wedge,1e0,1e-9,1e-8,positive
rounded_prism,carrier_on_surface_1,0e0,1e-9,1e-8,zero
rounded_prism,carrier_on_surface_2,0e0,1e-9,1e-8,zero
rounded_prism,dihedral_arm,1e0,1e-9,1e-8,positive
rounded_prism,dihedral_wedge,1e0,1e-9,1e-8,positive
rounded_prism,carrier_on_surface_1,0e0,1e-9,1e-8,zero
rounded_prism,carrier_on_surface_2,0e0,1e-9,1e-8,zero
rounded_prism,dihedral_arm,1e0,1e-9,1e-8,positive
rounded_prism,dihedral_wedge,1e0,1e-9,1e-8,positive
rounded_prism,carrier_on_surface_1,0e0,1e-9,1e-8,zero
rounded_prism,carrier_on_surface_2,0e0,1e-9,1e-8,zero
rounded_prism,dihedral_arm,1e0,1e-9,1e-8,positive
rounded_prism,dihedral_wedge,1e0,1e-9,1e-8,positive
rounded_prism,carrier_on_surface_1,0e0,1e-9,1e-8,zero
rounded_prism,carrier_on_surface_2,0e0,1e-9,1e-8,zero
rounded_prism,dihedral_arm,1e0,1e-9,1e-8,positive
rounded_prism,dihedral_wedge,1e0,1e-9,1e-8,positive
rounded_prism,carrier_on_surface_1,0e0,1e-9,1e-8,zero
rounded_prism,carrier_on_surface_2,0e0,1e-9,1e-8,zero
rounded_prism,witness_on_surface_1,0e0,1e-9,1e-8,zero
rounded_prism,witness_on_surface_2,0e0,1e-9,1e-8,zero
rounded_prism,witness_at_mid_parameter,0e0,1e-9,1e-8,zero
rounded_prism,interval_span_forward,7.853981633974485e-1,1e-9,1e-8,positive
rounded_prism,interval_span_winding,2.3561944901923453e0,1e-9,1e-8,positive
rounded_prism,carrier_endpoint_start,1.1102230246251565e-16,1e-9,1e-8,zero
rounded_prism,carrier_endpoint_end,1.2412670766236366e-16,1e-9,1e-8,zero
rounded_prism,carrier_on_surface_1,-0e0,1e-9,1e-8,zero
rounded_prism,carrier_on_surface_2,0e0,1e-9,1e-8,zero
rounded_prism,carrier_on_surface_1,-0e0,1e-9,1e-8,zero
rounded_prism,carrier_on_surface_2,0e0,1e-9,1e-8,zero
rounded_prism,dihedral_arm,5.000000000000001e-1,1e-9,1e-8,positive
rounded_prism,dihedral_wedge,5.000000000000001e-1,1e-9,1e-8,positive
rounded_prism,carrier_on_surface_1,-0e0,1e-9,1e-8,zero
rounded_prism,carrier_on_surface_2,0e0,1e-9,1e-8,zero
rounded_prism,dihedral_arm,5.000000000000001e-1,1e-9,1e-8,positive
rounded_prism,dihedral_wedge,5.000000000000001e-1,1e-9,1e-8,positive
rounded_prism,carrier_on_surface_1,-0e0,1e-9,1e-8,zero
rounded_prism,carrier_on_surface_2,0e0,1e-9,1e-8,zero
rounded_prism,dihedral_arm,5.000000000000001e-1,1e-9,1e-8,positive
rounded_prism,dihedral_wedge,5.000000000000001e-1,1e-9,1e-8,positive
rounded_prism,carrier_on_surface_1,-0e0,1e-9,1e-8,zero
rounded_prism,carrier_on_surface_2,0e0,1e-9,1e-8,zero
rounded_prism,dihedral_arm,5.000000000000001e-1,1e-9,1e-8,positive
rounded_prism,dihedral_wedge,5.000000000000001e-1,1e-9,1e-8,positive
rounded_prism,carrier_on_surface_1,-0e0,1e-9,1e-8,zero
rounded_prism,carrier_on_surface_2,0e0,1e-9,1e-8,zero
rounded_prism,dihedral_arm,5.000000000000001e-1,1e-9,1e-8,positive
rounded_prism,dihedral_wedge,5.000000000000001e-1,1e-9,1e-8,positive
rounded_prism,carrier_on_surface_1,-0e0,1e-9,1e-8,zero
rounded_prism,carrier_on_surface_2,0e0,1e-9,1e-8,zero
rounded_prism,dihedral_arm,5.000000000000001e-1,1e-9,1e-8,positive
rounded_prism,dihedral_wedge,5.000000000000001e-1,1e-9,1e-8,positive
rounded_prism,carrier_on_surface_1,-0e0,1e-9,1e-8,zero
rounded_prism,carrier_on_surface_2,0e0,1e-9,1e-8,zero
rounded_prism,dihedral_arm,5.000000000000001e-1,1e-9,1e-8,positive
rounded_prism,dihedral_wedge,5.000000000000001e-1,1e-9,1e-8,positive
rounded_prism,carrier_on_surface_1,-0e0,1e-9,1e-8,zero
rounded_prism,carrier_on_surface_2,0e0,1e-9,1e-8,zero
rounded_prism,witness_on_surface_1,-0e0,1e-9,1e-8,zero
rounded_prism,witness_on_surface_2,0e0,1e-9,1e-8,zero
rounded_prism,witness_at_mid_parameter,0e0,1e-9,1e-8,zero
rounded_prism,interval_span_forward,1e0,1e-9,1e-8,positive
rounded_prism,carrier_endpoint_start,0e0,1e-9,1e-8,zero
rounded_prism,carrier_endpoint_end,0e0,1e-9,1e-8,zero
rounded_prism,carrier_on_surface_1,-0e0,1e-9,1e-8,zero
rounded_prism,carrier_on_surface_2,-0e0,1e-9,1e-8,zero
rounded_prism,carrier_on_surface_1,-0e0,1e-9,1e-8,zero
rounded_prism,carrier_on_surface_2,-0e0,1e-9,1e-8,zero
rounded_prism,dihedral_arm,1e0,1e-9,1e-8,positive
rounded_prism,dihedral_wedge,1e0,1e-9,1e-8,positive
rounded_prism,carrier_on_surface_1,-0e0,1e-9,1e-8,zero
rounded_prism,carrier_on_surface_2,-0e0,1e-9,1e-8,zero
rounded_prism,dihedral_arm,1e0,1e-9,1e-8,positive
rounded_prism,dihedral_wedge,1e0,1e-9,1e-8,positive
rounded_prism,carrier_on_surface_1,-0e0,1e-9,1e-8,zero
rounded_prism,carrier_on_surface_2,-0e0,1e-9,1e-8,zero
rounded_prism,dihedral_arm,1e0,1e-9,1e-8,positive
rounded_prism,dihedral_wedge,1e0,1e-9,1e-8,positive
rounded_prism,carrier_on_surface_1,0e0,1e-9,1e-8,zero
rounded_prism,carrier_on_surface_2,0e0,1e-9,1e-8,zero
rounded_prism,dihedral_arm,1e0,1e-9,1e-8,positive
rounded_prism,dihedral_wedge,1e0,1e-9,1e-8,positive
rounded_prism,carrier_on_surface_1,0e0,1e-9,1e-8,zero
rounded_prism,carrier_on_surface_2,0e0,1e-9,1e-8,zero
rounded_prism,dihedral_arm,1e0,1e-9,1e-8,positive
rounded_prism,dihedral_wedge,1e0,1e-9,1e-8,positive
rounded_prism,carrier_on_surface_1,0e0,1e-9,1e-8,zero
rounded_prism,carrier_on_surface_2,0e0,1e-9,1e-8,zero
rounded_prism,dihedral_arm,1e0,1e-9,1e-8,positive
rounded_prism,dihedral_wedge,1e0,1e-9,1e-8,positive
rounded_prism,carrier_on_surface_1,0e0,1e-9,1e-8,zero
rounded_prism,carrier_on_surface_2,0e0,1e-9,1e-8,zero
rounded_prism,dihedral_arm,1e0,1e-9,1e-8,positive
rounded_prism,dihedral_wedge,1e0,1e-9,1e-8,positive
rounded_prism,carrier_on_surface_1,0e0,1e-9,1e-8,zero
rounded_prism,carrier_on_surface_2,0e0,1e-9,1e-8,zero
rounded_prism,witness_on_surface_1,0e0,1e-9,1e-8,zero
rounded_prism,witness_on_surface_2,0e0,1e-9,1e-8,zero
rounded_prism,witness_at_mid_parameter,0e0,1e-9,1e-8,zero
rounded_prism,interval_span_forward,7.853981633974485e-1,1e-9,1e-8,positive
rounded_prism,interval_span_winding,2.3561944901923453e0,1e-9,1e-8,positive
rounded_prism,carrier_endpoint_start,1.1102230246251565e-16,1e-9,1e-8,zero
rounded_prism,carrier_endpoint_end,5.551115123125783e-17,1e-9,1e-8,zero
rounded_prism,carrier_on_surface_1,0e0,1e-9,1e-8,zero
rounded_prism,carrier_on_surface_2,0e0,1e-9,1e-8,zero
rounded_prism,carrier_on_surface_1,0e0,1e-9,1e-8,zero
rounded_prism,carrier_on_surface_2,0e0,1e-9,1e-8,zero
rounded_prism,dihedral_arm,5.000000000000001e-1,1e-9,1e-8,positive
rounded_prism,dihedral_wedge,5.000000000000001e-1,1e-9,1e-8,positive
rounded_prism,carrier_on_surface_1,0e0,1e-9,1e-8,zero
rounded_prism,carrier_on_surface_2,5.5511151231257815e-17,1e-9,1e-8,zero
rounded_prism,dihedral_arm,5.000000000000001e-1,1e-9,1e-8,positive
rounded_prism,dihedral_wedge,5.000000000000001e-1,1e-9,1e-8,positive
rounded_prism,carrier_on_surface_1,0e0,1e-9,1e-8,zero
rounded_prism,carrier_on_surface_2,0e0,1e-9,1e-8,zero
rounded_prism,dihedral_arm,5.000000000000001e-1,1e-9,1e-8,positive
rounded_prism,dihedral_wedge,5.000000000000001e-1,1e-9,1e-8,positive
rounded_prism,carrier_on_surface_1,0e0,1e-9,1e-8,zero
rounded_prism,carrier_on_surface_2,-1.1102230246251563e-16,1e-9,1e-8,zero
rounded_prism,dihedral_arm,5.000000000000001e-1,1e-9,1e-8,positive
rounded_prism,dihedral_wedge,5.000000000000001e-1,1e-9,1e-8,positive
rounded_prism,carrier_on_surface_1,0e0,1e-9,1e-8,zero
rounded_prism,carrier_on_surface_2,0e0,1e-9,1e-8,zero
rounded_prism,dihedral_arm,5.000000000000001e-1,1e-9,1e-8,positive
rounded_prism,dihedral_wedge,5.000000000000001e-1,1e-9,1e-8,positive
rounded_prism,carrier_on_surface_1,0e0,1e-9,1e-8,zero
rounded_prism,carrier_on_surface_2,0e0,1e-9,1e-8,zero
rounded_prism,dihedral_arm,5.000000000000001e-1,1e-9,1e-8,positive
rounded_prism,dihedral_wedge,5.000000000000001e-1,1e-9,1e-8,positive
rounded_prism,carrier_on_surface_1,0e0,1e-9,1e-8,zero
rounded_prism,carrier_on_surface_2,-1.1102230246251563e-16,1e-9,1e-8,zero
rounded_prism,dihedral_arm,5.000000000000001e-1,1e-9,1e-8,positive
rounded_prism,dihedral_wedge,5.000000000000001e-1,1e-9,1e-8,positive
rounded_prism,carrier_on_surface_1,0e0,1e-9,1e-8,zero
rounded_prism,carrier_on_surface_2,-1.1102230246251563e-16,1e-9,1e-8,zero
rounded_prism,witness_on_surface_1,0e0,1e-9,1e-8,zero
rounded_prism,witness_on_surface_2,-1.1102230246251563e-16,1e-9,1e-8,zero
rounded_prism,witness_at_mid_parameter,0e0,1e-9,1e-8,zero
rounded_prism,interval_span_forward,1e0,1e-9,1e-8,positive
rounded_prism,carrier_endpoint_start,0e0,1e-9,1e-8,zero
rounded_prism,carrier_endpoint_end,0e0,1e-9,1e-8,zero
rounded_prism,carrier_on_surface_1,0e0,1e-9,1e-8,zero
rounded_prism,carrier_on_surface_2,0e0,1e-9,1e-8,zero
rounded_prism,carrier_on_surface_1,0e0,1e-9,1e-8,zero
rounded_prism,carrier_on_surface_2,0e0,1e-9,1e-8,zero
rounded_prism,dihedral_arm,1e0,1e-9,1e-8,positive
rounded_prism,dihedral_wedge,1e0,1e-9,1e-8,positive
rounded_prism,carrier_on_surface_1,0e0,1e-9,1e-8,zero
rounded_prism,carrier_on_surface_2,0e0,1e-9,1e-8,zero
rounded_prism,dihedral_arm,1e0,1e-9,1e-8,positive
rounded_prism,dihedral_wedge,1e0,1e-9,1e-8,positive
rounded_prism,carrier_on_surface_1,0e0,1e-9,1e-8,zero
rounded_prism,carrier_on_surface_2,0e0,1e-9,1e-8,zero
rounded_prism,dihedral_arm,1e0,1e-9,1e-8,positive
rounded_prism,dihedral_wedge,1e0,1e-9,1e-8,positive
rounded_prism,carrier_on_surface_1,0e0,1e-9,1e-8,zero
rounded_prism,carrier_on_surface_2,0e0,1e-9,1e-8,zero
rounded_prism,dihedral_arm,1e0,1e-9,1e-8,positive
rounded_prism,dihedral_wedge,1e0,1e-9,1e-8,positive
rounded_prism,carrier_on_surface_1,0e0,1e-9,1e-8,zero
rounded_prism,carrier_on_surface_2,0e0,1e-9,1e-8,zero
rounded_prism,dihedral_arm,1e0,1e-9,1e-8,positive
rounded_prism,dihedral_wedge,1e0,1e-9,1e-8,positive
rounded_prism,carrier_on_surface_1,0e0,1e-9,1e-8,zero
rounded_prism,carrier_on_surface_2,0e0,1e-9,1e-8,zero
rounded_prism,dihedral_arm,1e0,1e-9,1e-8,positive
rounded_prism,dihedral_wedge,1e0,1e-9,1e-8,positive
rounded_prism,carrier_on_surface_1,0e0,1e-9,1e-8,zero
rounded_prism,carrier_on_surface_2,0e0,1e-9,1e-8,zero
rounded_prism,dihedral_arm,1e0,1e-9,1e-8,positive
rounded_prism,dihedral_wedge,1e0,1e-9,1e-8,positive
rounded_prism,carrier_on_surface_1,0e0,1e-9,1e-8,zero
rounded_prism,carrier_on_surface_2,0e0,1e-9,1e-8,zero
rounded_prism,witness_on_surface_1,0e0,1e-9,1e-8,zero
rounded_prism,witness_on_surface_2,0e0,1e-9,1e-8,zero
rounded_prism,witness_at_mid_parameter,0e0,1e-9,1e-8,zero
rounded_prism,interval_span_forward,7.853981633974485e-1,1e-9,1e-8,positive
rounded_prism,interval_span_winding,2.3561944901923453e0,1e-9,1e-8,positive
rounded_prism,carrier_endpoint_start,0e0,1e-9,1e-8,zero
rounded_prism,carrier_endpoint_end,0e0,1e-9,1e-8,zero
rounded_prism,carrier_on_surface_1,0e0,1e-9,1e-8,zero
rounded_prism,carrier_on_surface_2,-1.1102230246251563e-16,1e-9,1e-8,zero
rounded_prism,carrier_on_surface_1,0e0,1e-9,1e-8,zero
rounded_prism,carrier_on_surface_2,-1.1102230246251563e-16,1e-9,1e-8,zero
rounded_prism,dihedral_arm,5.000000000000001e-1,1e-9,1e-8,positive
rounded_prism,dihedral_wedge,5.000000000000001e-1,1e-9,1e-8,positive
rounded_prism,carrier_on_surface_1,0e0,1e-9,1e-8,zero
rounded_prism,carrier_on_surface_2,5.5511151231257815e-17,1e-9,1e-8,zero
rounded_prism,dihedral_arm,5.000000000000001e-1,1e-9,1e-8,positive
rounded_prism,dihedral_wedge,5.000000000000001e-1,1e-9,1e-8,positive
rounded_prism,carrier_on_surface_1,0e0,1e-9,1e-8,zero
rounded_prism,carrier_on_surface_2,-1.1102230246251563e-16,1e-9,1e-8,zero
rounded_prism,dihedral_arm,5.000000000000001e-1,1e-9,1e-8,positive
rounded_prism,dihedral_wedge,5.000000000000001e-1,1e-9,1e-8,positive
rounded_prism,carrier_on_surface_1,0e0,1e-9,1e-8,zero
rounded_prism,carrier_on_surface_2,0e0,1e-9,1e-8,zero
rounded_prism,dihedral_arm,5.000000000000001e-1,1e-9,1e-8,positive
rounded_prism,dihedral_wedge,5.000000000000001e-1,1e-9,1e-8,positive
rounded_prism,carrier_on_surface_1,0e0,1e-9,1e-8,zero
rounded_prism,carrier_on_surface_2,-1.1102230246251563e-16,1e-9,1e-8,zero
rounded_prism,dihedral_arm,5.000000000000001e-1,1e-9,1e-8,positive
rounded_prism,dihedral_wedge,5.000000000000001e-1,1e-9,1e-8,positive
rounded_prism,carrier_on_surface_1,0e0,1e-9,1e-8,zero
rounded_prism,carrier_on_surface_2,5.5511151231257815e-17,1e-9,1e-8,zero
rounded_prism,dihedral_arm,5.000000000000001e-1,1e-9,1e-8,positive
rounded_prism,dihedral_wedge,5.000000000000001e-1,1e-9,1e-8,positive
rounded_prism,carrier_on_surface_1,0e0,1e-9,1e-8,zero
rounded_prism,carrier_on_surface_2,-1.1102230246251563e-16,1e-9,1e-8,zero
rounded_prism,dihedral_arm,5.000000000000001e-1,1e-9,1e-8,positive
rounded_prism,dihedral_wedge,5.000000000000001e-1,1e-9,1e-8,positive
rounded_prism,carrier_on_surface_1,0e0,1e-9,1e-8,zero
rounded_prism,carrier_on_surface_2,-1.1102230246251563e-16,1e-9,1e-8,zero
rounded_prism,witness_on_surface_1,0e0,1e-9,1e-8,zero
rounded_prism,witness_on_surface_2,0e0,1e-9,1e-8,zero
rounded_prism,witness_at_mid_parameter,0e0,1e-9,1e-8,zero
rounded_prism,interval_span_forward,1e0,1e-9,1e-8,positive
rounded_prism,carrier_endpoint_start,0e0,1e-9,1e-8,zero
rounded_prism,carrier_endpoint_end,0e0,1e-9,1e-8,zero
rounded_prism,carrier_on_surface_1,0e0,1e-9,1e-8,zero
rounded_prism,carrier_on_surface_2,0e0,1e-9,1e-8,zero
rounded_prism,carrier_on_surface_1,0e0,1e-9,1e-8,zero
rounded_prism,carrier_on_surface_2,0e0,1e-9,1e-8,zero
rounded_prism,dihedral_arm,1e0,1e-9,1e-8,positive
rounded_prism,dihedral_wedge,1e0,1e-9,1e-8,positive
rounded_prism,carrier_on_surface_1,0e0,1e-9,1e-8,zero
rounded_prism,carrier_on_surface_2,0e0,1e-9,1e-8,zero
rounded_prism,dihedral_arm,1e0,1e-9,1e-8,positive
rounded_prism,dihedral_wedge,1e0,1e-9,1e-8,positive
rounded_prism,carrier_on_surface_1,0e0,1e-9,1e-8,zero
rounded_prism,carrier_on_surface_2,0e0,1e-9,1e-8,zero
rounded_prism,dihedral_arm,1e0,1e-9,1e-8,positive
rounded_prism,dihedral_wedge,1e0,1e-9,1e-8,positive
rounded_prism,carrier_on_surface_1,0e0,1e-9,1e-8,zero
rounded_prism,carrier_on_surface_2,0e0,1e-9,1e-8,zero
rounded_prism,dihedral_arm,1e0,1e-9,1e-8,positive
rounded_prism,dihedral_wedge,1e0,1e-9,1e-8,positive
rounded_prism,carrier_on_surface_1,0e0,1e-9,1e-8,zero
rounded_prism,carrier_on_surface_2,0e0,1e-9,1e-8,zero
rounded_prism,dihedral_arm,1e0,1e-9,1e-8,positive
rounded_prism,dihedral_wedge,1e0,1e-9,1e-8,positive
rounded_prism,carrier_on_surface_1,0e0,1e-9,1e-8,zero
rounded_prism,carrier_on_surface_2,0e0,1e-9,1e-8,zero
rounded_prism,dihedral_arm,1e0,1e-9,1e-8,positive
rounded_prism,dihedral_wedge,1e0,1e-9,1e-8,positive
rounded_prism,carrier_on_surface_1,0e0,1e-9,1e-8,zero
rounded_prism,carrier_on_surface_2,0e0,1e-9,1e-8,zero
rounded_prism,dihedral_arm,1e0,1e-9,1e-8,positive
rounded_prism,dihedral_wedge,1e0,1e-9,1e-8,positive
rounded_prism,carrier_on_surface_1,0e0,1e-9,1e-8,zero
rounded_prism,carrier_on_surface_2,0e0,1e-9,1e-8,zero
rounded_prism,witness_on_surface_1,0e0,1e-9,1e-8,zero
rounded_prism,witness_on_surface_2,0e0,1e-9,1e-8,zero
rounded_prism,witness_at_mid_parameter,0e0,1e-9,1e-8,zero
rounded_prism,interval_span_forward,7.853981633974485e-1,1e-9,1e-8,positive
rounded_prism,interval_span_winding,2.3561944901923453e0,1e-9,1e-8,positive
rounded_prism,carrier_endpoint_start,0e0,1e-9,1e-8,zero
rounded_prism,carrier_endpoint_end,1.1102230246251565e-16,1e-9,1e-8,zero
rounded_prism,carrier_on_surface_1,0e0,1e-9,1e-8,zero
rounded_prism,carrier_on_surface_2,-1.1102230246251563e-16,1e-9,1e-8,zero
rounded_prism,carrier_on_surface_1,0e0,1e-9,1e-8,zero
rounded_prism,carrier_on_surface_2,-1.1102230246251563e-16,1e-9,1e-8,zero
rounded_prism,dihedral_arm,5.000000000000001e-1,1e-9,1e-8,positive
rounded_prism,dihedral_wedge,5.000000000000001e-1,1e-9,1e-8,positive
rounded_prism,carrier_on_surface_1,0e0,1e-9,1e-8,zero
rounded_prism,carrier_on_surface_2,0e0,1e-9,1e-8,zero
rounded_prism,dihedral_arm,5.000000000000001e-1,1e-9,1e-8,positive
rounded_prism,dihedral_wedge,5.000000000000001e-1,1e-9,1e-8,positive
rounded_prism,carrier_on_surface_1,0e0,1e-9,1e-8,zero
rounded_prism,carrier_on_surface_2,-5.5511151231257815e-17,1e-9,1e-8,zero
rounded_prism,dihedral_arm,5.000000000000001e-1,1e-9,1e-8,positive
rounded_prism,dihedral_wedge,5.000000000000001e-1,1e-9,1e-8,positive
rounded_prism,carrier_on_surface_1,0e0,1e-9,1e-8,zero
rounded_prism,carrier_on_surface_2,5.5511151231257815e-17,1e-9,1e-8,zero
rounded_prism,dihedral_arm,5.000000000000001e-1,1e-9,1e-8,positive
rounded_prism,dihedral_wedge,5.000000000000001e-1,1e-9,1e-8,positive
rounded_prism,carrier_on_surface_1,0e0,1e-9,1e-8,zero
rounded_prism,carrier_on_surface_2,0e0,1e-9,1e-8,zero
rounded_prism,dihedral_arm,5.000000000000001e-1,1e-9,1e-8,positive
rounded_prism,dihedral_wedge,5.000000000000001e-1,1e-9,1e-8,positive
rounded_prism,carrier_on_surface_1,0e0,1e-9,1e-8,zero
rounded_prism,carrier_on_surface_2,5.5511151231257815e-17,1e-9,1e-8,zero
rounded_prism,dihedral_arm,5.000000000000001e-1,1e-9,1e-8,positive
rounded_prism,dihedral_wedge,5.000000000000001e-1,1e-9,1e-8,positive
rounded_prism,carrier_on_surface_1,0e0,1e-9,1e-8,zero
rounded_prism,carrier_on_surface_2,0e0,1e-9,1e-8,zero
rounded_prism,dihedral_arm,5.000000000000001e-1,1e-9,1e-8,positive
rounded_prism,dihedral_wedge,5.000000000000001e-1,1e-9,1e-8,positive
rounded_prism,carrier_on_surface_1,0e0,1e-9,1e-8,zero
rounded_prism,carrier_on_surface_2,0e0,1e-9,1e-8,zero
rounded_prism,witness_on_surface_1,0e0,1e-9,1e-8,zero
rounded_prism,witness_on_surface_2,5.5511151231257815e-17,1e-9,1e-8,zero
rounded_prism,witness_at_mid_parameter,0e0,1e-9,1e-8,zero
rounded_prism,interval_span_forward,1e0,1e-9,1e-8,positive
rounded_prism,carrier_endpoint_start,0e0,1e-9,1e-8,zero
rounded_prism,carrier_endpoint_end,0e0,1e-9,1e-8,zero
rounded_prism,carrier_on_surface_1,0e0,1e-9,1e-8,zero
rounded_prism,carrier_on_surface_2,0e0,1e-9,1e-8,zero
rounded_prism,carrier_on_surface_1,0e0,1e-9,1e-8,zero
rounded_prism,carrier_on_surface_2,0e0,1e-9,1e-8,zero
rounded_prism,dihedral_arm,1e0,1e-9,1e-8,positive
rounded_prism,dihedral_wedge,1e0,1e-9,1e-8,positive
rounded_prism,carrier_on_surface_1,0e0,1e-9,1e-8,zero
rounded_prism,carrier_on_surface_2,0e0,1e-9,1e-8,zero
rounded_prism,dihedral_arm,1e0,1e-9,1e-8,positive
rounded_prism,dihedral_wedge,1e0,1e-9,1e-8,positive
rounded_prism,carrier_on_surface_1,0e0,1e-9,1e-8,zero
rounded_prism,carrier_on_surface_2,0e0,1e-9,1e-8,zero
rounded_prism,dihedral_arm,1e0,1e-9,1e-8,positive
rounded_prism,dihedral_wedge,1e0,1e-9,1e-8,positive
rounded_prism,carrier_on_surface_1,-0e0,1e-9,1e-8,zero
rounded_prism,carrier_on_surface_2,0e0,1e-9,1e-8,zero
rounded_prism,dihedral_arm,1e0,1e-9,1e-8,positive
rounded_prism,dihedral_wedge,1e0,1e-9,1e-8,positive
rounded_prism,carrier_on_surface_1,-0e0,1e-9,1e-8,zero
rounded_prism,carrier_on_surface_2,-0e0,1e-9,1e-8,zero
rounded_prism,dihedral_arm,1e0,1e-9,1e-8,positive
rounded_prism,dihedral_wedge,1e0,1e-9,1e-8,positive
rounded_prism,carrier_on_surface_1,-0e0,1e-9,1e-8,zero
rounded_prism,carrier_on_surface_2,-0e0,1e-9,1e-8,zero
rounded_prism,dihedral_arm,1e0,1e-9,1e-8,positive
rounded_prism,dihedral_wedge,1e0,1e-9,1e-8,positive
rounded_prism,carrier_on_surface_1,-0e0,1e-9,1e-8,zero
rounded_prism,carrier_on_surface_2,-0e0,1e-9,1e-8,zero
rounded_prism,dihedral_arm,1e0,1e-9,1e-8,positive
rounded_prism,dihedral_wedge,1e0,1e-9,1e-8,positive
rounded_prism,carrier_on_surface_1,-0e0,1e-9,1e-8,zero
rounded_prism,carrier_on_surface_2,-0e0,1e-9,1e-8,zero
rounded_prism,witness_on_surface_1,-0e0,1e-9,1e-8,zero
rounded_prism,witness_on_surface_2,0e0,1e-9,1e-8,zero
rounded_prism,witness_at_mid_parameter,0e0,1e-9,1e-8,zero
rounded_prism,interval_span_forward,1e0,1e-9,1e-8,positive
rounded_prism,carrier_endpoint_start,0e0,1e-9,1e-8,zero
rounded_prism,carrier_endpoint_end,0e0,1e-9,1e-8,zero
rounded_prism,carrier_matches_mapped_source,0e0,1e-9,1e-8,zero
rounded_prism,carrier_matches_mapped_source,0e0,1e-9,1e-8,zero
rounded_prism,carrier_matches_mapped_source,0e0,1e-9,1e-8,zero
rounded_prism,carrier_matches_mapped_source,0e0,1e-9,1e-8,zero
rounded_prism,carrier_matches_mapped_source,0e0,1e-9,1e-8,zero
rounded_prism,carrier_matches_mapped_source,0e0,1e-9,1e-8,zero
rounded_prism,carrier_matches_mapped_source,0e0,1e-9,1e-8,zero
rounded_prism,carrier_matches_mapped_source,0e0,1e-9,1e-8,zero
rounded_prism,carrier_matches_mapped_source,0e0,1e-9,1e-8,zero
rounded_prism,interval_span_forward,1e0,1e-9,1e-8,positive
rounded_prism,carrier_endpoint_start,0e0,1e-9,1e-8,zero
rounded_prism,carrier_endpoint_end,0e0,1e-9,1e-8,zero
rounded_prism,carrier_matches_mapped_source,0e0,1e-9,1e-8,zero
rounded_prism,carrier_matches_mapped_source,0e0,1e-9,1e-8,zero
rounded_prism,carrier_matches_mapped_source,0e0,1e-9,1e-8,zero
rounded_prism,carrier_matches_mapped_source,0e0,1e-9,1e-8,zero
rounded_prism,carrier_matches_mapped_source,0e0,1e-9,1e-8,zero
rounded_prism,carrier_matches_mapped_source,0e0,1e-9,1e-8,zero
rounded_prism,carrier_matches_mapped_source,0e0,1e-9,1e-8,zero
rounded_prism,carrier_matches_mapped_source,0e0,1e-9,1e-8,zero
rounded_prism,carrier_matches_mapped_source,0e0,1e-9,1e-8,zero
rounded_prism,interval_span_forward,1e0,1e-9,1e-8,positive
rounded_prism,carrier_endpoint_start,0e0,1e-9,1e-8,zero
rounded_prism,carrier_endpoint_end,0e0,1e-9,1e-8,zero
rounded_prism,carrier_matches_mapped_source,0e0,1e-9,1e-8,zero
rounded_prism,carrier_matches_mapped_source,0e0,1e-9,1e-8,zero
rounded_prism,carrier_matches_mapped_source,0e0,1e-9,1e-8,zero
rounded_prism,carrier_matches_mapped_source,0e0,1e-9,1e-8,zero
rounded_prism,carrier_matches_mapped_source,0e0,1e-9,1e-8,zero
rounded_prism,carrier_matches_mapped_source,0e0,1e-9,1e-8,zero
rounded_prism,carrier_matches_mapped_source,0e0,1e-9,1e-8,zero
rounded_prism,carrier_matches_mapped_source,0e0,1e-9,1e-8,zero
rounded_prism,carrier_matches_mapped_source,0e0,1e-9,1e-8,zero
rounded_prism,interval_span_forward,1e0,1e-9,1e-8,positive
rounded_prism,carrier_endpoint_start,0e0,1e-9,1e-8,zero
rounded_prism,carrier_endpoint_end,0e0,1e-9,1e-8,zero
rounded_prism,carrier_matches_mapped_source,0e0,1e-9,1e-8,zero
rounded_prism,carrier_matches_mapped_source,0e0,1e-9,1e-8,zero
rounded_prism,carrier_matches_mapped_source,0e0,1e-9,1e-8,zero
rounded_prism,carrier_matches_mapped_source,0e0,1e-9,1e-8,zero
rounded_prism,carrier_matches_mapped_source,0e0,1e-9,1e-8,zero
rounded_prism,carrier_matches_mapped_source,0e0,1e-9,1e-8,zero
rounded_prism,carrier_matches_mapped_source,0e0,1e-9,1e-8,zero
rounded_prism,carrier_matches_mapped_source,0e0,1e-9,1e-8,zero
rounded_prism,carrier_matches_mapped_source,0e0,1e-9,1e-8,zero
rounded_prism,interval_span_forward,1e0,1e-9,1e-8,positive
rounded_prism,carrier_endpoint_start,0e0,1e-9,1e-8,zero
rounded_prism,carrier_endpoint_end,0e0,1e-9,1e-8,zero
rounded_prism,carrier_matches_mapped_source,0e0,1e-9,1e-8,zero
rounded_prism,carrier_matches_mapped_source,0e0,1e-9,1e-8,zero
rounded_prism,carrier_matches_mapped_source,0e0,1e-9,1e-8,zero
rounded_prism,carrier_matches_mapped_source,0e0,1e-9,1e-8,zero
rounded_prism,carrier_matches_mapped_source,0e0,1e-9,1e-8,zero
rounded_prism,carrier_matches_mapped_source,0e0,1e-9,1e-8,zero
rounded_prism,carrier_matches_mapped_source,0e0,1e-9,1e-8,zero
rounded_prism,carrier_matches_mapped_source,0e0,1e-9,1e-8,zero
rounded_prism,carrier_matches_mapped_source,0e0,1e-9,1e-8,zero
rounded_prism,interval_span_forward,1e0,1e-9,1e-8,positive
rounded_prism,carrier_endpoint_start,0e0,1e-9,1e-8,zero
rounded_prism,carrier_endpoint_end,0e0,1e-9,1e-8,zero
rounded_prism,carrier_matches_mapped_source,0e0,1e-9,1e-8,zero
rounded_prism,carrier_matches_mapped_source,0e0,1e-9,1e-8,zero
rounded_prism,carrier_matches_mapped_source,0e0,1e-9,1e-8,zero
rounded_prism,carrier_matches_mapped_source,0e0,1e-9,1e-8,zero
rounded_prism,carrier_matches_mapped_source,0e0,1e-9,1e-8,zero
rounded_prism,carrier_matches_mapped_source,0e0,1e-9,1e-8,zero
rounded_prism,carrier_matches_mapped_source,0e0,1e-9,1e-8,zero
rounded_prism,carrier_matches_mapped_source,0e0,1e-9,1e-8,zero
rounded_prism,carrier_matches_mapped_source,0e0,1e-9,1e-8,zero
rounded_prism,interval_span_forward,1e0,1e-9,1e-8,positive
rounded_prism,carrier_endpoint_start,0e0,1e-9,1e-8,zero
rounded_prism,carrier_endpoint_end,0e0,1e-9,1e-8,zero
rounded_prism,carrier_matches_mapped_source,0e0,1e-9,1e-8,zero
rounded_prism,carrier_matches_mapped_source,0e0,1e-9,1e-8,zero
rounded_prism,carrier_matches_mapped_source,0e0,1e-9,1e-8,zero
rounded_prism,carrier_matches_mapped_source,0e0,1e-9,1e-8,zero
rounded_prism,carrier_matches_mapped_source,0e0,1e-9,1e-8,zero
rounded_prism,carrier_matches_mapped_source,0e0,1e-9,1e-8,zero
rounded_prism,carrier_matches_mapped_source,0e0,1e-9,1e-8,zero
rounded_prism,carrier_matches_mapped_source,0e0,1e-9,1e-8,zero
rounded_prism,carrier_matches_mapped_source,0e0,1e-9,1e-8,zero
rounded_prism,interval_span_forward,1e0,1e-9,1e-8,positive
rounded_prism,carrier_endpoint_start,0e0,1e-9,1e-8,zero
rounded_prism,carrier_endpoint_end,0e0,1e-9,1e-8,zero
rounded_prism,carrier_matches_mapped_source,0e0,1e-9,1e-8,zero
rounded_prism,carrier_matches_mapped_source,0e0,1e-9,1e-8,zero
rounded_prism,carrier_matches_mapped_source,0e0,1e-9,1e-8,zero
rounded_prism,carrier_matches_mapped_source,0e0,1e-9,1e-8,zero
rounded_prism,carrier_matches_mapped_source,0e0,1e-9,1e-8,zero
rounded_prism,carrier_matches_mapped_source,0e0,1e-9,1e-8,zero
rounded_prism,carrier_matches_mapped_source,0e0,1e-9,1e-8,zero
rounded_prism,carrier_matches_mapped_source,0e0,1e-9,1e-8,zero
rounded_prism,carrier_matches_mapped_source,0e0,1e-9,1e-8,zero
rounded_prism,interval_span_forward,7.853981633974485e-1,1e-9,1e-8,positive
rounded_prism,interval_span_winding,2.3561944901923453e0,1e-9,1e-8,positive
rounded_prism,carrier_endpoint_start,1.1102230246251565e-16,1e-9,1e-8,zero
rounded_prism,carrier_endpoint_end,1.2412670766236366e-16,1e-9,1e-8,zero
rounded_prism,carrier_on_surface_1,0e0,1e-9,1e-8,zero
rounded_prism,carrier_on_surface_2,0e0,1e-9,1e-8,zero
rounded_prism,carrier_on_surface_1,0e0,1e-9,1e-8,zero
rounded_prism,carrier_on_surface_2,0e0,1e-9,1e-8,zero
rounded_prism,dihedral_arm,5.000000000000001e-1,1e-9,1e-8,positive
rounded_prism,dihedral_wedge,5.000000000000001e-1,1e-9,1e-8,positive
rounded_prism,carrier_on_surface_1,0e0,1e-9,1e-8,zero
rounded_prism,carrier_on_surface_2,0e0,1e-9,1e-8,zero
rounded_prism,dihedral_arm,5.000000000000001e-1,1e-9,1e-8,positive
rounded_prism,dihedral_wedge,5.000000000000001e-1,1e-9,1e-8,positive
rounded_prism,carrier_on_surface_1,0e0,1e-9,1e-8,zero
rounded_prism,carrier_on_surface_2,0e0,1e-9,1e-8,zero
rounded_prism,dihedral_arm,5.000000000000001e-1,1e-9,1e-8,positive
rounded_prism,dihedral_wedge,5.000000000000001e-1,1e-9,1e-8,positive
rounded_prism,carrier_on_surface_1,0e0,1e-9,1e-8,zero
rounded_prism,carrier_on_surface_2,0e0,1e-9,1e-8,zero
rounded_prism,dihedral_arm,5.000000000000001e-1,1e-9,1e-8,positive
rounded_prism,dihedral_wedge,5.000000000000001e-1,1e-9,1e-8,positive
rounded_prism,carrier_on_surface_1,0e0,1e-9,1e-8,zero
rounded_prism,carrier_on_surface_2,0e0,1e-9,1e-8,zero
rounded_prism,dihedral_arm,5.000000000000001e-1,1e-9,1e-8,positive
rounded_prism,dihedral_wedge,5.000000000000001e-1,1e-9,1e-8,positive
rounded_prism,carrier_on_surface_1,0e0,1e-9,1e-8,zero
rounded_prism,carrier_on_surface_2,0e0,1e-9,1e-8,zero
rounded_prism,dihedral_arm,5.000000000000001e-1,1e-9,1e-8,positive
rounded_prism,dihedral_wedge,5.000000000000001e-1,1e-9,1e-8,positive
rounded_prism,carrier_on_surface_1,0e0,1e-9,1e-8,zero
rounded_prism,carrier_on_surface_2,0e0,1e-9,1e-8,zero
rounded_prism,dihedral_arm,5.000000000000001e-1,1e-9,1e-8,positive
rounded_prism,dihedral_wedge,5.000000000000001e-1,1e-9,1e-8,positive
rounded_prism,carrier_on_surface_1,0e0,1e-9,1e-8,zero
rounded_prism,carrier_on_surface_2,0e0,1e-9,1e-8,zero
rounded_prism,witness_on_surface_1,0e0,1e-9,1e-8,zero
rounded_prism,witness_on_surface_2,0e0,1e-9,1e-8,zero
rounded_prism,witness_at_mid_parameter,0e0,1e-9,1e-8,zero
rounded_prism,interval_span_forward,1e0,1e-9,1e-8,positive
rounded_prism,carrier_endpoint_start,0e0,1e-9,1e-8,zero
rounded_prism,carrier_endpoint_end,0e0,1e-9,1e-8,zero
rounded_prism,carrier_on_surface_1,0e0,1e-9,1e-8,zero
rounded_prism,carrier_on_surface_2,0e0,1e-9,1e-8,zero
rounded_prism,carrier_on_surface_1,0e0,1e-9,1e-8,zero
rounded_prism,carrier_on_surface_2,0e0,1e-9,1e-8,zero
rounded_prism,dihedral_arm,1e0,1e-9,1e-8,positive
rounded_prism,dihedral_wedge,1e0,1e-9,1e-8,positive
rounded_prism,carrier_on_surface_1,0e0,1e-9,1e-8,zero
rounded_prism,carrier_on_surface_2,0e0,1e-9,1e-8,zero
rounded_prism,dihedral_arm,1e0,1e-9,1e-8,positive
rounded_prism,dihedral_wedge,1e0,1e-9,1e-8,positive
rounded_prism,carrier_on_surface_1,0e0,1e-9,1e-8,zero
rounded_prism,carrier_on_surface_2,0e0,1e-9,1e-8,zero
rounded_prism,dihedral_arm,1e0,1e-9,1e-8,positive
rounded_prism,dihedral_wedge,1e0,1e-9,1e-8,positive
rounded_prism,carrier_on_surface_1,0e0,1e-9,1e-8,zero
rounded_prism,carrier_on_surface_2,0e0,1e-9,1e-8,zero
rounded_prism,dihedral_arm,1e0,1e-9,1e-8,positive
rounded_prism,dihedral_wedge,1e0,1e-9,1e-8,positive
rounded_prism,carrier_on_surface_1,0e0,1e-9,1e-8,zero
rounded_prism,carrier_on_surface_2,0e0,1e-9,1e-8,zero
rounded_prism,dihedral_arm,1e0,1e-9,1e-8,positive
rounded_prism,dihedral_wedge,1e0,1e-9,1e-8,positive
rounded_prism,carrier_on_surface_1,0e0,1e-9,1e-8,zero
rounded_prism,carrier_on_surface_2,0e0,1e-9,1e-8,zero
rounded_prism,dihedral_arm,1e0,1e-9,1e-8,positive
rounded_prism,dihedral_wedge,1e0,1e-9,1e-8,positive
rounded_prism,carrier_on_surface_1,0e0,1e-9,1e-8,zero
rounded_prism,carrier_on_surface_2,0e0,1e-9,1e-8,zero
rounded_prism,dihedral_arm,1e0,1e-9,1e-8,positive
rounded_prism,dihedral_wedge,1e0,1e-9,1e-8,positive
rounded_prism,carrier_on_surface_1,0e0,1e-9,1e-8,zero
rounded_prism,carrier_on_surface_2,0e0,1e-9,1e-8,zero
rounded_prism,witness_on_surface_1,0e0,1e-9,1e-8,zero
rounded_prism,witness_on_surface_2,0e0,1e-9,1e-8,zero
rounded_prism,witness_at_mid_parameter,0e0,1e-9,1e-8,zero
rounded_prism,interval_span_forward,7.853981633974485e-1,1e-9,1e-8,positive
rounded_prism,interval_span_winding,2.3561944901923453e0,1e-9,1e-8,positive
rounded_prism,carrier_endpoint_start,1.1102230246251565e-16,1e-9,1e-8,zero
rounded_prism,carrier_endpoint_end,5.551115123125783e-17,1e-9,1e-8,zero
rounded_prism,carrier_on_surface_1,0e0,1e-9,1e-8,zero
rounded_prism,carrier_on_surface_2,0e0,1e-9,1e-8,zero
rounded_prism,carrier_on_surface_1,0e0,1e-9,1e-8,zero
rounded_prism,carrier_on_surface_2,0e0,1e-9,1e-8,zero
rounded_prism,dihedral_arm,5.000000000000001e-1,1e-9,1e-8,positive
rounded_prism,dihedral_wedge,5.000000000000001e-1,1e-9,1e-8,positive
rounded_prism,carrier_on_surface_1,0e0,1e-9,1e-8,zero
rounded_prism,carrier_on_surface_2,5.5511151231257815e-17,1e-9,1e-8,zero
rounded_prism,dihedral_arm,5.000000000000001e-1,1e-9,1e-8,positive
rounded_prism,dihedral_wedge,5.000000000000001e-1,1e-9,1e-8,positive
rounded_prism,carrier_on_surface_1,0e0,1e-9,1e-8,zero
rounded_prism,carrier_on_surface_2,0e0,1e-9,1e-8,zero
rounded_prism,dihedral_arm,5.000000000000001e-1,1e-9,1e-8,positive
rounded_prism,dihedral_wedge,5.000000000000001e-1,1e-9,1e-8,positive
rounded_prism,carrier_on_surface_1,0e0,1e-9,1e-8,zero
rounded_prism,carrier_on_surface_2,-1.1102230246251563e-16,1e-9,1e-8,zero
rounded_prism,dihedral_arm,5.000000000000001e-1,1e-9,1e-8,positive
rounded_prism,dihedral_wedge,5.000000000000001e-1,1e-9,1e-8,positive
rounded_prism,carrier_on_surface_1,0e0,1e-9,1e-8,zero
rounded_prism,carrier_on_surface_2,0e0,1e-9,1e-8,zero
rounded_prism,dihedral_arm,5.000000000000001e-1,1e-9,1e-8,positive
rounded_prism,dihedral_wedge,5.000000000000001e-1,1e-9,1e-8,positive
rounded_prism,carrier_on_surface_1,0e0,1e-9,1e-8,zero
rounded_prism,carrier_on_surface_2,0e0,1e-9,1e-8,zero
rounded_prism,dihedral_arm,5.000000000000001e-1,1e-9,1e-8,positive
rounded_prism,dihedral_wedge,5.000000000000001e-1,1e-9,1e-8,positive
rounded_prism,carrier_on_surface_1,0e0,1e-9,1e-8,zero
rounded_prism,carrier_on_surface_2,-1.1102230246251563e-16,1e-9,1e-8,zero
rounded_prism,dihedral_arm,5.000000000000001e-1,1e-9,1e-8,positive
rounded_prism,dihedral_wedge,5.000000000000001e-1,1e-9,1e-8,positive
rounded_prism,carrier_on_surface_1,0e0,1e-9,1e-8,zero
rounded_prism,carrier_on_surface_2,-1.1102230246251563e-16,1e-9,1e-8,zero
rounded_prism,witness_on_surface_1,0e0,1e-9,1e-8,zero
rounded_prism,witness_on_surface_2,-1.1102230246251563e-16,1e-9,1e-8,zero
rounded_prism,witness_at_mid_parameter,0e0,1e-9,1e-8,zero
rounded_prism,interval_span_forward,1e0,1e-9,1e-8,positive
rounded_prism,carrier_endpoint_start,0e0,1e-9,1e-8,zero
rounded_prism,carrier_endpoint_end,0e0,1e-9,1e-8,zero
rounded_prism,carrier_on_surface_1,0e0,1e-9,1e-8,zero
rounded_prism,carrier_on_surface_2,0e0,1e-9,1e-8,zero
rounded_prism,carrier_on_surface_1,0e0,1e-9,1e-8,zero
rounded_prism,carrier_on_surface_2,0e0,1e-9,1e-8,zero
rounded_prism,dihedral_arm,1e0,1e-9,1e-8,positive
rounded_prism,dihedral_wedge,1e0,1e-9,1e-8,positive
rounded_prism,carrier_on_surface_1,0e0,1e-9,1e-8,zero
rounded_prism,carrier_on_surface_2,0e0,1e-9,1e-8,zero
rounded_prism,dihedral_arm,1e0,1e-9,1e-8,positive
rounded_prism,dihedral_wedge,1e0,1e-9,1e-8,positive
rounded_prism,carrier_on_surface_1,0e0,1e-9,1e-8,zero
rounded_prism,carrier_on_surface_2,0e0,1e-9,1e-8,zero
rounded_prism,dihedral_arm,1e0,1e-9,1e-8,positive
rounded_prism,dihedral_wedge,1e0,1e-9,1e-8,positive
rounded_prism,carrier_on_surface_1,0e0,1e-9,1e-8,zero
rounded_prism,carrier_on_surface_2,0e0,1e-9,1e-8,zero
rounded_prism,dihedral_arm,1e0,1e-9,1e-8,positive
rounded_prism,dihedral_wedge,1e0,1e-9,1e-8,positive
rounded_prism,carrier_on_surface_1,0e0,1e-9,1e-8,zero
rounded_prism,carrier_on_surface_2,0e0,1e-9,1e-8,zero
rounded_prism,dihedral_arm,1e0,1e-9,1e-8,positive
rounded_prism,dihedral_wedge,1e0,1e-9,1e-8,positive
rounded_prism,carrier_on_surface_1,0e0,1e-9,1e-8,zero
rounded_prism,carrier_on_surface_2,0e0,1e-9,1e-8,zero
rounded_prism,dihedral_arm,1e0,1e-9,1e-8,positive
rounded_prism,dihedral_wedge,1e0,1e-9,1e-8,positive
rounded_prism,carrier_on_surface_1,0e0,1e-9,1e-8,zero
rounded_prism,carrier_on_surface_2,0e0,1e-9,1e-8,zero
rounded_prism,dihedral_arm,1e0,1e-9,1e-8,positive
rounded_prism,dihedral_wedge,1e0,1e-9,1e-8,positive
rounded_prism,carrier_on_surface_1,0e0,1e-9,1e-8,zero
rounded_prism,carrier_on_surface_2,0e0,1e-9,1e-8,zero
rounded_prism,witness_on_surface_1,0e0,1e-9,1e-8,zero
rounded_prism,witness_on_surface_2,0e0,1e-9,1e-8,zero
rounded_prism,witness_at_mid_parameter,0e0,1e-9,1e-8,zero
rounded_prism,interval_span_forward,7.853981633974485e-1,1e-9,1e-8,positive
rounded_prism,interval_span_winding,2.3561944901923453e0,1e-9,1e-8,positive
rounded_prism,carrier_endpoint_start,0e0,1e-9,1e-8,zero
rounded_prism,carrier_endpoint_end,0e0,1e-9,1e-8,zero
rounded_prism,carrier_on_surface_1,0e0,1e-9,1e-8,zero
rounded_prism,carrier_on_surface_2,-1.1102230246251563e-16,1e-9,1e-8,zero
rounded_prism,carrier_on_surface_1,0e0,1e-9,1e-8,zero
rounded_prism,carrier_on_surface_2,-1.1102230246251563e-16,1e-9,1e-8,zero
rounded_prism,dihedral_arm,5.000000000000001e-1,1e-9,1e-8,positive
rounded_prism,dihedral_wedge,5.000000000000001e-1,1e-9,1e-8,positive
rounded_prism,carrier_on_surface_1,0e0,1e-9,1e-8,zero
rounded_prism,carrier_on_surface_2,5.5511151231257815e-17,1e-9,1e-8,zero
rounded_prism,dihedral_arm,5.000000000000001e-1,1e-9,1e-8,positive
rounded_prism,dihedral_wedge,5.000000000000001e-1,1e-9,1e-8,positive
rounded_prism,carrier_on_surface_1,0e0,1e-9,1e-8,zero
rounded_prism,carrier_on_surface_2,-1.1102230246251563e-16,1e-9,1e-8,zero
rounded_prism,dihedral_arm,5.000000000000001e-1,1e-9,1e-8,positive
rounded_prism,dihedral_wedge,5.000000000000001e-1,1e-9,1e-8,positive
rounded_prism,carrier_on_surface_1,0e0,1e-9,1e-8,zero
rounded_prism,carrier_on_surface_2,0e0,1e-9,1e-8,zero
rounded_prism,dihedral_arm,5.000000000000001e-1,1e-9,1e-8,positive
rounded_prism,dihedral_wedge,5.000000000000001e-1,1e-9,1e-8,positive
rounded_prism,carrier_on_surface_1,0e0,1e-9,1e-8,zero
rounded_prism,carrier_on_surface_2,-1.1102230246251563e-16,1e-9,1e-8,zero
rounded_prism,dihedral_arm,5.000000000000001e-1,1e-9,1e-8,positive
rounded_prism,dihedral_wedge,5.000000000000001e-1,1e-9,1e-8,positive
rounded_prism,carrier_on_surface_1,0e0,1e-9,1e-8,zero
rounded_prism,carrier_on_surface_2,5.5511151231257815e-17,1e-9,1e-8,zero
rounded_prism,dihedral_arm,5.000000000000001e-1,1e-9,1e-8,positive
rounded_prism,dihedral_wedge,5.000000000000001e-1,1e-9,1e-8,positive
rounded_prism,carrier_on_surface_1,0e0,1e-9,1e-8,zero
rounded_prism,carrier_on_surface_2,-1.1102230246251563e-16,1e-9,1e-8,zero
rounded_prism,dihedral_arm,5.000000000000001e-1,1e-9,1e-8,positive
rounded_prism,dihedral_wedge,5.000000000000001e-1,1e-9,1e-8,positive
rounded_prism,carrier_on_surface_1,0e0,1e-9,1e-8,zero
rounded_prism,carrier_on_surface_2,-1.1102230246251563e-16,1e-9,1e-8,zero
rounded_prism,witness_on_surface_1,0e0,1e-9,1e-8,zero
rounded_prism,witness_on_surface_2,0e0,1e-9,1e-8,zero
rounded_prism,witness_at_mid_parameter,0e0,1e-9,1e-8,zero
rounded_prism,interval_span_forward,1e0,1e-9,1e-8,positive
rounded_prism,carrier_endpoint_start,0e0,1e-9,1e-8,zero
rounded_prism,carrier_endpoint_end,0e0,1e-9,1e-8,zero
rounded_prism,carrier_on_surface_1,0e0,1e-9,1e-8,zero
rounded_prism,carrier_on_surface_2,0e0,1e-9,1e-8,zero
rounded_prism,carrier_on_surface_1,0e0,1e-9,1e-8,zero
rounded_prism,carrier_on_surface_2,0e0,1e-9,1e-8,zero
rounded_prism,dihedral_arm,1e0,1e-9,1e-8,positive
rounded_prism,dihedral_wedge,1e0,1e-9,1e-8,positive
rounded_prism,carrier_on_surface_1,0e0,1e-9,1e-8,zero
rounded_prism,carrier_on_surface_2,0e0,1e-9,1e-8,zero
rounded_prism,dihedral_arm,1e0,1e-9,1e-8,positive
rounded_prism,dihedral_wedge,1e0,1e-9,1e-8,positive
rounded_prism,carrier_on_surface_1,0e0,1e-9,1e-8,zero
rounded_prism,carrier_on_surface_2,0e0,1e-9,1e-8,zero
rounded_prism,dihedral_arm,1e0,1e-9,1e-8,positive
rounded_prism,dihedral_wedge,1e0,1e-9,1e-8,positive
rounded_prism,carrier_on_surface_1,0e0,1e-9,1e-8,zero
rounded_prism,carrier_on_surface_2,0e0,1e-9,1e-8,zero
rounded_prism,dihedral_arm,1e0,1e-9,1e-8,positive
rounded_prism,dihedral_wedge,1e0,1e-9,1e-8,positive
rounded_prism,carrier_on_surface_1,0e0,1e-9,1e-8,zero
rounded_prism,carrier_on_surface_2,0e0,1e-9,1e-8,zero
rounded_prism,dihedral_arm,1e0,1e-9,1e-8,positive
rounded_prism,dihedral_wedge,1e0,1e-9,1e-8,positive
rounded_prism,carrier_on_surface_1,0e0,1e-9,1e-8,zero
rounded_prism,carrier_on_surface_2,0e0,1e-9,1e-8,zero
rounded_prism,dihedral_arm,1e0,1e-9,1e-8,positive
rounded_prism,dihedral_wedge,1e0,1e-9,1e-8,positive
rounded_prism,carrier_on_surface_1,0e0,1e-9,1e-8,zero
rounded_prism,carrier_on_surface_2,0e0,1e-9,1e-8,zero
rounded_prism,dihedral_arm,1e0,1e-9,1e-8,positive
rounded_prism,dihedral_wedge,1e0,1e-9,1e-8,positive
rounded_prism,carrier_on_surface_1,0e0,1e-9,1e-8,zero
rounded_prism,carrier_on_surface_2,0e0,1e-9,1e-8,zero
rounded_prism,witness_on_surface_1,0e0,1e-9,1e-8,zero
rounded_prism,witness_on_surface_2,0e0,1e-9,1e-8,zero
rounded_prism,witness_at_mid_parameter,0e0,1e-9,1e-8,zero
rounded_prism,interval_span_forward,7.853981633974485e-1,1e-9,1e-8,positive
rounded_prism,interval_span_winding,2.3561944901923453e0,1e-9,1e-8,positive
rounded_prism,carrier_endpoint_start,0e0,1e-9,1e-8,zero
rounded_prism,carrier_endpoint_end,1.1102230246251565e-16,1e-9,1e-8,zero
rounded_prism,carrier_on_surface_1,0e0,1e-9,1e-8,zero
rounded_prism,carrier_on_surface_2,-1.1102230246251563e-16,1e-9,1e-8,zero
rounded_prism,carrier_on_surface_1,0e0,1e-9,1e-8,zero
rounded_prism,carrier_on_surface_2,-1.1102230246251563e-16,1e-9,1e-8,zero
rounded_prism,dihedral_arm,5.000000000000001e-1,1e-9,1e-8,positive
rounded_prism,dihedral_wedge,5.000000000000001e-1,1e-9,1e-8,positive
rounded_prism,carrier_on_surface_1,0e0,1e-9,1e-8,zero
rounded_prism,carrier_on_surface_2,0e0,1e-9,1e-8,zero
rounded_prism,dihedral_arm,5.000000000000001e-1,1e-9,1e-8,positive
rounded_prism,dihedral_wedge,5.000000000000001e-1,1e-9,1e-8,positive
rounded_prism,carrier_on_surface_1,0e0,1e-9,1e-8,zero
rounded_prism,carrier_on_surface_2,-5.5511151231257815e-17,1e-9,1e-8,zero
rounded_prism,dihedral_arm,5.000000000000001e-1,1e-9,1e-8,positive
rounded_prism,dihedral_wedge,5.000000000000001e-1,1e-9,1e-8,positive
rounded_prism,carrier_on_surface_1,0e0,1e-9,1e-8,zero
rounded_prism,carrier_on_surface_2,5.5511151231257815e-17,1e-9,1e-8,zero
rounded_prism,dihedral_arm,5.000000000000001e-1,1e-9,1e-8,positive
rounded_prism,dihedral_wedge,5.000000000000001e-1,1e-9,1e-8,positive
rounded_prism,carrier_on_surface_1,0e0,1e-9,1e-8,zero
rounded_prism,carrier_on_surface_2,0e0,1e-9,1e-8,zero
rounded_prism,dihedral_arm,5.000000000000001e-1,1e-9,1e-8,positive
rounded_prism,dihedral_wedge,5.000000000000001e-1,1e-9,1e-8,positive
rounded_prism,carrier_on_surface_1,0e0,1e-9,1e-8,zero
rounded_prism,carrier_on_surface_2,5.5511151231257815e-17,1e-9,1e-8,zero
rounded_prism,dihedral_arm,5.000000000000001e-1,1e-9,1e-8,positive
rounded_prism,dihedral_wedge,5.000000000000001e-1,1e-9,1e-8,positive
rounded_prism,carrier_on_surface_1,0e0,1e-9,1e-8,zero
rounded_prism,carrier_on_surface_2,0e0,1e-9,1e-8,zero
rounded_prism,dihedral_arm,5.000000000000001e-1,1e-9,1e-8,positive
rounded_prism,dihedral_wedge,5.000000000000001e-1,1e-9,1e-8,positive
rounded_prism,carrier_on_surface_1,0e0,1e-9,1e-8,zero
rounded_prism,carrier_on_surface_2,0e0,1e-9,1e-8,zero
rounded_prism,witness_on_surface_1,0e0,1e-9,1e-8,zero
rounded_prism,witness_on_surface_2,5.5511151231257815e-17,1e-9,1e-8,zero
rounded_prism,witness_at_mid_parameter,0e0,1e-9,1e-8,zero
rounded_prism,interval_span_forward,1e0,1e-9,1e-8,positive
rounded_prism,carrier_endpoint_start,0e0,1e-9,1e-8,zero
rounded_prism,carrier_endpoint_end,0e0,1e-9,1e-8,zero
rounded_prism,carrier_on_surface_1,0e0,1e-9,1e-8,zero
rounded_prism,carrier_on_surface_2,0e0,1e-9,1e-8,zero
rounded_prism,carrier_on_surface_1,0e0,1e-9,1e-8,zero
rounded_prism,carrier_on_surface_2,0e0,1e-9,1e-8,zero
rounded_prism,dihedral_arm,1e0,1e-9,1e-8,positive
rounded_prism,dihedral_wedge,1e0,1e-9,1e-8,positive
rounded_prism,carrier_on_surface_1,0e0,1e-9,1e-8,zero
rounded_prism,carrier_on_surface_2,0e0,1e-9,1e-8,zero
rounded_prism,dihedral_arm,1e0,1e-9,1e-8,positive
rounded_prism,dihedral_wedge,1e0,1e-9,1e-8,positive
rounded_prism,carrier_on_surface_1,0e0,1e-9,1e-8,zero
rounded_prism,carrier_on_surface_2,0e0,1e-9,1e-8,zero
rounded_prism,dihedral_arm,1e0,1e-9,1e-8,positive
rounded_prism,dihedral_wedge,1e0,1e-9,1e-8,positive
rounded_prism,carrier_on_surface_1,0e0,1e-9,1e-8,zero
rounded_prism,carrier_on_surface_2,0e0,1e-9,1e-8,zero
rounded_prism,dihedral_arm,1e0,1e-9,1e-8,positive
rounded_prism,dihedral_wedge,1e0,1e-9,1e-8,positive
rounded_prism,carrier_on_surface_1,0e0,1e-9,1e-8,zero
rounded_prism,carrier_on_surface_2,0e0,1e-9,1e-8,zero
rounded_prism,dihedral_arm,1e0,1e-9,1e-8,positive
rounded_prism,dihedral_wedge,1e0,1e-9,1e-8,positive
rounded_prism,carrier_on_surface_1,0e0,1e-9,1e-8,zero
rounded_prism,carrier_on_surface_2,0e0,1e-9,1e-8,zero
rounded_prism,dihedral_arm,1e0,1e-9,1e-8,positive
rounded_prism,dihedral_wedge,1e0,1e-9,1e-8,positive
rounded_prism,carrier_on_surface_1,0e0,1e-9,1e-8,zero
rounded_prism,carrier_on_surface_2,0e0,1e-9,1e-8,zero
rounded_prism,dihedral_arm,1e0,1e-9,1e-8,positive
rounded_prism,dihedral_wedge,1e0,1e-9,1e-8,positive
rounded_prism,carrier_on_surface_1,0e0,1e-9,1e-8,zero
rounded_prism,carrier_on_surface_2,0e0,1e-9,1e-8,zero
rounded_prism,witness_on_surface_1,0e0,1e-9,1e-8,zero
rounded_prism,witness_on_surface_2,0e0,1e-9,1e-8,zero
rounded_prism,witness_at_mid_parameter,0e0,1e-9,1e-8,zero
rounded_prism,planar_face_residual,0e0,1e-9,1e-8,zero
rounded_prism,planar_face_residual,0e0,1e-9,1e-8,zero
rounded_prism,planar_face_residual,0e0,1e-9,1e-8,zero
rounded_prism,planar_face_residual,0e0,1e-9,1e-8,zero
rounded_prism,planar_face_residual,0e0,1e-9,1e-8,zero
rounded_prism,planar_face_residual,0e0,1e-9,1e-8,zero
rounded_prism,planar_face_residual,0e0,1e-9,1e-8,zero
rounded_prism,planar_face_residual,0e0,1e-9,1e-8,zero
rounded_prism,planar_face_residual,-0e0,1e-9,1e-8,zero
rounded_prism,planar_face_residual,0e0,1e-9,1e-8,zero
rounded_prism,planar_face_residual,0e0,1e-9,1e-8,zero
rounded_prism,planar_face_residual,0e0,1e-9,1e-8,zero
rounded_prism,planar_face_residual,0e0,1e-9,1e-8,zero
rounded_prism,planar_face_residual,0e0,1e-9,1e-8,zero
rounded_prism,planar_face_residual,0e0,1e-9,1e-8,zero
rounded_prism,planar_face_residual,-0e0,1e-9,1e-8,zero
rounded_prism,planar_face_residual,0e0,1e-9,1e-8,zero
rounded_prism,planar_face_residual,0e0,1e-9,1e-8,zero
rounded_prism,planar_face_residual,-0e0,1e-9,1e-8,zero
rounded_prism,planar_face_residual,0e0,1e-9,1e-8,zero
rounded_prism,planar_face_residual,0e0,1e-9,1e-8,zero
rounded_prism,planar_face_residual,0e0,1e-9,1e-8,zero
rounded_prism,planar_face_residual,0e0,1e-9,1e-8,zero
rounded_prism,planar_face_residual,0e0,1e-9,1e-8,zero
rounded_prism,planar_face_residual,0e0,1e-9,1e-8,zero
rounded_prism,planar_face_residual,0e0,1e-9,1e-8,zero
rounded_prism,planar_face_residual,0e0,1e-9,1e-8,zero
rounded_prism,planar_face_residual,0e0,1e-9,1e-8,zero
rounded_prism,planar_face_residual,0e0,1e-9,1e-8,zero
rounded_prism,planar_face_residual,0e0,1e-9,1e-8,zero
rounded_prism,planar_face_residual,0e0,1e-9,1e-8,zero
rounded_prism,planar_face_residual,-0e0,1e-9,1e-8,zero
rounded_prism,dihedral_arm,5.000000000000001e-1,1e-9,1e-8,positive
rounded_prism,dihedral_wedge,5.000000000000001e-1,1e-9,1e-8,positive
rounded_prism,dihedral_arm,5.000000000000001e-1,1e-9,1e-8,positive
rounded_prism,dihedral_wedge,5.000000000000001e-1,1e-9,1e-8,positive
rounded_prism,dihedral_arm,5.000000000000001e-1,1e-9,1e-8,positive
rounded_prism,dihedral_wedge,5.000000000000001e-1,1e-9,1e-8,positive
rounded_prism,dihedral_arm,5.000000000000001e-1,1e-9,1e-8,positive
rounded_prism,dihedral_wedge,5.000000000000001e-1,1e-9,1e-8,positive
rounded_prism,dihedral_arm,5.000000000000001e-1,1e-9,1e-8,positive
rounded_prism,dihedral_wedge,5.000000000000001e-1,1e-9,1e-8,positive
rounded_prism,dihedral_arm,5.000000000000001e-1,1e-9,1e-8,positive
rounded_prism,dihedral_wedge,5.000000000000001e-1,1e-9,1e-8,positive
rounded_prism,dihedral_arm,5.000000000000001e-1,1e-9,1e-8,positive
rounded_prism,dihedral_wedge,5.000000000000001e-1,1e-9,1e-8,positive
rounded_prism,planar_boundary_residual,-0e0,1e-9,1e-8,zero
rounded_prism,planar_boundary_residual,-0e0,1e-9,1e-8,zero
rounded_prism,planar_boundary_residual,-0e0,1e-9,1e-8,zero
rounded_prism,planar_boundary_residual,-0e0,1e-9,1e-8,zero
rounded_prism,planar_boundary_residual,-0e0,1e-9,1e-8,zero
rounded_prism,planar_boundary_residual,-0e0,1e-9,1e-8,zero
rounded_prism,planar_boundary_residual,-0e0,1e-9,1e-8,zero
rounded_prism,dihedral_arm,1e0,1e-9,1e-8,positive
rounded_prism,dihedral_wedge,1e0,1e-9,1e-8,positive
rounded_prism,dihedral_arm,1e0,1e-9,1e-8,positive
rounded_prism,dihedral_wedge,1e0,1e-9,1e-8,positive
rounded_prism,dihedral_arm,1e0,1e-9,1e-8,positive
rounded_prism,dihedral_wedge,1e0,1e-9,1e-8,positive
rounded_prism,dihedral_arm,1e0,1e-9,1e-8,positive
rounded_prism,dihedral_wedge,1e0,1e-9,1e-8,positive
rounded_prism,dihedral_arm,1e0,1e-9,1e-8,positive
rounded_prism,dihedral_wedge,1e0,1e-9,1e-8,positive
rounded_prism,dihedral_arm,1e0,1e-9,1e-8,positive
rounded_prism,dihedral_wedge,1e0,1e-9,1e-8,positive
rounded_prism,dihedral_arm,1e0,1e-9,1e-8,positive
rounded_prism,dihedral_wedge,1e0,1e-9,1e-8,positive
rounded_prism,planar_boundary_residual,-0e0,1e-9,1e-8,zero
rounded_prism,planar_boundary_residual,-0e0,1e-9,1e-8,zero
rounded_prism,planar_boundary_residual,-0e0,1e-9,1e-8,zero
rounded_prism,planar_boundary_residual,0e0,1e-9,1e-8,zero
rounded_prism,planar_boundary_residual,0e0,1e-9,1e-8,zero
rounded_prism,planar_boundary_residual,0e0,1e-9,1e-8,zero
rounded_prism,planar_boundary_residual,0e0,1e-9,1e-8,zero
rounded_prism,planar_boundary_residual,-0e0,1e-9,1e-8,zero
rounded_prism,planar_boundary_residual,-0e0,1e-9,1e-8,zero
rounded_prism,planar_boundary_residual,-0e0,1e-9,1e-8,zero
rounded_prism,planar_boundary_residual,0e0,1e-9,1e-8,zero
rounded_prism,planar_boundary_residual,0e0,1e-9,1e-8,zero
rounded_prism,planar_boundary_residual,0e0,1e-9,1e-8,zero
rounded_prism,planar_boundary_residual,0e0,1e-9,1e-8,zero
rounded_prism,dihedral_arm,5.000000000000001e-1,1e-9,1e-8,positive
rounded_prism,dihedral_wedge,5.000000000000001e-1,1e-9,1e-8,positive
rounded_prism,dihedral_arm,5.000000000000001e-1,1e-9,1e-8,positive
rounded_prism,dihedral_wedge,5.000000000000001e-1,1e-9,1e-8,positive
rounded_prism,dihedral_arm,5.000000000000001e-1,1e-9,1e-8,positive
rounded_prism,dihedral_wedge,5.000000000000001e-1,1e-9,1e-8,positive
rounded_prism,dihedral_arm,5.000000000000001e-1,1e-9,1e-8,positive
rounded_prism,dihedral_wedge,5.000000000000001e-1,1e-9,1e-8,positive
rounded_prism,dihedral_arm,5.000000000000001e-1,1e-9,1e-8,positive
rounded_prism,dihedral_wedge,5.000000000000001e-1,1e-9,1e-8,positive
rounded_prism,dihedral_arm,5.000000000000001e-1,1e-9,1e-8,positive
rounded_prism,dihedral_wedge,5.000000000000001e-1,1e-9,1e-8,positive
rounded_prism,dihedral_arm,5.000000000000001e-1,1e-9,1e-8,positive
rounded_prism,dihedral_wedge,5.000000000000001e-1,1e-9,1e-8,positive
rounded_prism,planar_boundary_residual,0e0,1e-9,1e-8,zero
rounded_prism,planar_boundary_residual,0e0,1e-9,1e-8,zero
rounded_prism,planar_boundary_residual,0e0,1e-9,1e-8,zero
rounded_prism,planar_boundary_residual,0e0,1e-9,1e-8,zero
rounded_prism,planar_boundary_residual,0e0,1e-9,1e-8,zero
rounded_prism,planar_boundary_residual,0e0,1e-9,1e-8,zero
rounded_prism,planar_boundary_residual,0e0,1e-9,1e-8,zero
rounded_prism,dihedral_arm,1e0,1e-9,1e-8,positive
rounded_prism,dihedral_wedge,1e0,1e-9,1e-8,positive
rounded_prism,dihedral_arm,1e0,1e-9,1e-8,positive
rounded_prism,dihedral_wedge,1e0,1e-9,1e-8,positive
rounded_prism,dihedral_arm,1e0,1e-9,1e-8,positive
rounded_prism,dihedral_wedge,1e0,1e-9,1e-8,positive
rounded_prism,dihedral_arm,1e0,1e-9,1e-8,positive
rounded_prism,dihedral_wedge,1e0,1e-9,1e-8,positive
rounded_prism,dihedral_arm,1e0,1e-9,1e-8,positive
rounded_prism,dihedral_wedge,1e0,1e-9,1e-8,positive
rounded_prism,dihedral_arm,1e0,1e-9,1e-8,positive
rounded_prism,dihedral_wedge,1e0,1e-9,1e-8,positive
rounded_prism,dihedral_arm,1e0,1e-9,1e-8,positive
rounded_prism,dihedral_wedge,1e0,1e-9,1e-8,positive
rounded_prism,planar_boundary_residual,0e0,1e-9,1e-8,zero
rounded_prism,planar_boundary_residual,0e0,1e-9,1e-8,zero
rounded_prism,planar_boundary_residual,0e0,1e-9,1e-8,zero
rounded_prism,planar_boundary_residual,0e0,1e-9,1e-8,zero
rounded_prism,planar_boundary_residual,0e0,1e-9,1e-8,zero
rounded_prism,planar_boundary_residual,0e0,1e-9,1e-8,zero
rounded_prism,planar_boundary_residual,0e0,1e-9,1e-8,zero
rounded_prism,planar_boundary_residual,0e0,1e-9,1e-8,zero
rounded_prism,planar_boundary_residual,0e0,1e-9,1e-8,zero
rounded_prism,planar_boundary_residual,0e0,1e-9,1e-8,zero
rounded_prism,planar_boundary_residual,0e0,1e-9,1e-8,zero
rounded_prism,planar_boundary_residual,0e0,1e-9,1e-8,zero
rounded_prism,planar_boundary_residual,0e0,1e-9,1e-8,zero
rounded_prism,planar_boundary_residual,0e0,1e-9,1e-8,zero
rounded_prism,dihedral_arm,5.000000000000001e-1,1e-9,1e-8,positive
rounded_prism,dihedral_wedge,5.000000000000001e-1,1e-9,1e-8,positive
rounded_prism,dihedral_arm,5.000000000000001e-1,1e-9,1e-8,positive
rounded_prism,dihedral_wedge,5.000000000000001e-1,1e-9,1e-8,positive
rounded_prism,dihedral_arm,5.000000000000001e-1,1e-9,1e-8,positive
rounded_prism,dihedral_wedge,5.000000000000001e-1,1e-9,1e-8,positive
rounded_prism,dihedral_arm,5.000000000000001e-1,1e-9,1e-8,positive
rounded_prism,dihedral_wedge,5.000000000000001e-1,1e-9,1e-8,positive
rounded_prism,dihedral_arm,5.000000000000001e-1,1e-9,1e-8,positive
rounded_prism,dihedral_wedge,5.000000000000001e-1,1e-9,1e-8,positive
rounded_prism,dihedral_arm,5.000000000000001e-1,1e-9,1e-8,positive
rounded_prism,dihedral_wedge,5.000000000000001e-1,1e-9,1e-8,positive
rounded_prism,dihedral_arm,5.000000000000001e-1,1e-9,1e-8,positive
rounded_prism,dihedral_wedge,5.000000000000001e-1,1e-9,1e-8,positive
rounded_prism,planar_boundary_residual,0e0,1e-9,1e-8,zero
rounded_prism,planar_boundary_residual,0e0,1e-9,1e-8,zero
rounded_prism,planar_boundary_residual,0e0,1e-9,1e-8,zero
rounded_prism,planar_boundary_residual,0e0,1e-9,1e-8,zero
rounded_prism,planar_boundary_residual,0e0,1e-9,1e-8,zero
rounded_prism,planar_boundary_residual,0e0,1e-9,1e-8,zero
rounded_prism,planar_boundary_residual,0e0,1e-9,1e-8,zero
rounded_prism,dihedral_arm,1e0,1e-9,1e-8,positive
rounded_prism,dihedral_wedge,1e0,1e-9,1e-8,positive
rounded_prism,dihedral_arm,1e0,1e-9,1e-8,positive
rounded_prism,dihedral_wedge,1e0,1e-9,1e-8,positive
rounded_prism,dihedral_arm,1e0,1e-9,1e-8,positive
rounded_prism,dihedral_wedge,1e0,1e-9,1e-8,positive
rounded_prism,dihedral_arm,1e0,1e-9,1e-8,positive
rounded_prism,dihedral_wedge,1e0,1e-9,1e-8,positive
rounded_prism,dihedral_arm,1e0,1e-9,1e-8,positive
rounded_prism,dihedral_wedge,1e0,1e-9,1e-8,positive
rounded_prism,dihedral_arm,1e0,1e-9,1e-8,positive
rounded_prism,dihedral_wedge,1e0,1e-9,1e-8,positive
rounded_prism,dihedral_arm,1e0,1e-9,1e-8,positive
rounded_prism,dihedral_wedge,1e0,1e-9,1e-8,positive
rounded_prism,planar_boundary_residual,0e0,1e-9,1e-8,zero
rounded_prism,planar_boundary_residual,0e0,1e-9,1e-8,zero
rounded_prism,planar_boundary_residual,0e0,1e-9,1e-8,zero
rounded_prism,planar_boundary_residual,0e0,1e-9,1e-8,zero
rounded_prism,planar_boundary_residual,0e0,1e-9,1e-8,zero
rounded_prism,planar_boundary_residual,0e0,1e-9,1e-8,zero
rounded_prism,planar_boundary_residual,0e0,1e-9,1e-8,zero
rounded_prism,planar_boundary_residual,0e0,1e-9,1e-8,zero
rounded_prism,planar_boundary_residual,0e0,1e-9,1e-8,zero
rounded_prism,planar_boundary_residual,0e0,1e-9,1e-8,zero
rounded_prism,planar_boundary_residual,0e0,1e-9,1e-8,zero
rounded_prism,planar_boundary_residual,0e0,1e-9,1e-8,zero
rounded_prism,planar_boundary_residual,0e0,1e-9,1e-8,zero
rounded_prism,planar_boundary_residual,0e0,1e-9,1e-8,zero
rounded_prism,dihedral_arm,5.000000000000001e-1,1e-9,1e-8,positive
rounded_prism,dihedral_wedge,5.000000000000001e-1,1e-9,1e-8,positive
rounded_prism,dihedral_arm,5.000000000000001e-1,1e-9,1e-8,positive
rounded_prism,dihedral_wedge,5.000000000000001e-1,1e-9,1e-8,positive
rounded_prism,dihedral_arm,5.000000000000001e-1,1e-9,1e-8,positive
rounded_prism,dihedral_wedge,5.000000000000001e-1,1e-9,1e-8,positive
rounded_prism,dihedral_arm,5.000000000000001e-1,1e-9,1e-8,positive
rounded_prism,dihedral_wedge,5.000000000000001e-1,1e-9,1e-8,positive
rounded_prism,dihedral_arm,5.000000000000001e-1,1e-9,1e-8,positive
rounded_prism,dihedral_wedge,5.000000000000001e-1,1e-9,1e-8,positive
rounded_prism,dihedral_arm,5.000000000000001e-1,1e-9,1e-8,positive
rounded_prism,dihedral_wedge,5.000000000000001e-1,1e-9,1e-8,positive
rounded_prism,dihedral_arm,5.000000000000001e-1,1e-9,1e-8,positive
rounded_prism,dihedral_wedge,5.000000000000001e-1,1e-9,1e-8,positive
rounded_prism,planar_boundary_residual,0e0,1e-9,1e-8,zero
rounded_prism,planar_boundary_residual,0e0,1e-9,1e-8,zero
rounded_prism,planar_boundary_residual,0e0,1e-9,1e-8,zero
rounded_prism,planar_boundary_residual,0e0,1e-9,1e-8,zero
rounded_prism,planar_boundary_residual,0e0,1e-9,1e-8,zero
rounded_prism,planar_boundary_residual,0e0,1e-9,1e-8,zero
rounded_prism,planar_boundary_residual,0e0,1e-9,1e-8,zero
rounded_prism,dihedral_arm,1e0,1e-9,1e-8,positive
rounded_prism,dihedral_wedge,1e0,1e-9,1e-8,positive
rounded_prism,dihedral_arm,1e0,1e-9,1e-8,positive
rounded_prism,dihedral_wedge,1e0,1e-9,1e-8,positive
rounded_prism,dihedral_arm,1e0,1e-9,1e-8,positive
rounded_prism,dihedral_wedge,1e0,1e-9,1e-8,positive
rounded_prism,dihedral_arm,1e0,1e-9,1e-8,positive
rounded_prism,dihedral_wedge,1e0,1e-9,1e-8,positive
rounded_prism,dihedral_arm,1e0,1e-9,1e-8,positive
rounded_prism,dihedral_wedge,1e0,1e-9,1e-8,positive
rounded_prism,dihedral_arm,1e0,1e-9,1e-8,positive
rounded_prism,dihedral_wedge,1e0,1e-9,1e-8,positive
rounded_prism,dihedral_arm,1e0,1e-9,1e-8,positive
rounded_prism,dihedral_wedge,1e0,1e-9,1e-8,positive
rounded_prism,planar_boundary_residual,0e0,1e-9,1e-8,zero
rounded_prism,planar_boundary_residual,0e0,1e-9,1e-8,zero
rounded_prism,planar_boundary_residual,0e0,1e-9,1e-8,zero
rounded_prism,planar_boundary_residual,0e0,1e-9,1e-8,zero
rounded_prism,planar_boundary_residual,-0e0,1e-9,1e-8,zero
rounded_prism,planar_boundary_residual,-0e0,1e-9,1e-8,zero
rounded_prism,planar_boundary_residual,-0e0,1e-9,1e-8,zero
rounded_prism,planar_boundary_residual,0e0,1e-9,1e-8,zero
rounded_prism,planar_boundary_residual,0e0,1e-9,1e-8,zero
rounded_prism,planar_boundary_residual,0e0,1e-9,1e-8,zero
rounded_prism,planar_boundary_residual,-0e0,1e-9,1e-8,zero
rounded_prism,planar_boundary_residual,-0e0,1e-9,1e-8,zero
rounded_prism,planar_boundary_residual,-0e0,1e-9,1e-8,zero
rounded_prism,planar_boundary_residual,-0e0,1e-9,1e-8,zero
rounded_prism,dihedral_arm,5.000000000000001e-1,1e-9,1e-8,positive
rounded_prism,dihedral_wedge,0e0,1e-9,1e-8,zero
rounded_prism,dihedral_arm,5.000000000000001e-1,1e-9,1e-8,positive
rounded_prism,dihedral_wedge,0e0,1e-9,1e-8,zero
rounded_prism,dihedral_arm,5.000000000000001e-1,1e-9,1e-8,positive
rounded_prism,dihedral_wedge,0e0,1e-9,1e-8,zero
rounded_prism,dihedral_arm,5.000000000000001e-1,1e-9,1e-8,positive
rounded_prism,dihedral_wedge,0e0,1e-9,1e-8,zero
rounded_prism,dihedral_arm,5.000000000000001e-1,1e-9,1e-8,positive
rounded_prism,dihedral_wedge,0e0,1e-9,1e-8,zero
rounded_prism,dihedral_arm,5.000000000000001e-1,1e-9,1e-8,positive
rounded_prism,dihedral_wedge,0e0,1e-9,1e-8,zero
rounded_prism,dihedral_arm,5.000000000000001e-1,1e-9,1e-8,positive
rounded_prism,dihedral_wedge,0e0,1e-9,1e-8,zero
rounded_prism,planar_boundary_residual,-0e0,1e-9,1e-8,zero
rounded_prism,planar_boundary_residual,-0e0,1e-9,1e-8,zero
rounded_prism,planar_boundary_residual,-0e0,1e-9,1e-8,zero
rounded_prism,planar_boundary_residual,0e0,1e-9,1e-8,zero
rounded_prism,planar_boundary_residual,0e0,1e-9,1e-8,zero
rounded_prism,planar_boundary_residual,0e0,1e-9,1e-8,zero
rounded_prism,planar_boundary_residual,0e0,1e-9,1e-8,zero
rounded_prism,dihedral_arm,5.000000000000001e-1,1e-9,1e-8,positive
rounded_prism,dihedral_wedge,0e0,1e-9,1e-8,zero
rounded_prism,dihedral_arm,5.000000000000001e-1,1e-9,1e-8,positive
rounded_prism,dihedral_wedge,0e0,1e-9,1e-8,zero
rounded_prism,dihedral_arm,5.000000000000001e-1,1e-9,1e-8,positive
rounded_prism,dihedral_wedge,0e0,1e-9,1e-8,zero
rounded_prism,dihedral_arm,5.000000000000001e-1,1e-9,1e-8,positive
rounded_prism,dihedral_wedge,0e0,1e-9,1e-8,zero
rounded_prism,dihedral_arm,5.000000000000001e-1,1e-9,1e-8,positive
rounded_prism,dihedral_wedge,0e0,1e-9,1e-8,zero
rounded_prism,dihedral_arm,5.000000000000001e-1,1e-9,1e-8,positive
rounded_prism,dihedral_wedge,0e0,1e-9,1e-8,zero
rounded_prism,dihedral_arm,5.000000000000001e-1,1e-9,1e-8,positive
rounded_prism,dihedral_wedge,0e0,1e-9,1e-8,zero
rounded_prism,planar_boundary_residual,-0e0,1e-9,1e-8,zero
rounded_prism,planar_boundary_residual,-0e0,1e-9,1e-8,zero
rounded_prism,planar_boundary_residual,-0e0,1e-9,1e-8,zero
rounded_prism,planar_boundary_residual,0e0,1e-9,1e-8,zero
rounded_prism,planar_boundary_residual,0e0,1e-9,1e-8,zero
rounded_prism,planar_boundary_residual,0e0,1e-9,1e-8,zero
rounded_prism,planar_boundary_residual,0e0,1e-9,1e-8,zero
rounded_prism,dihedral_arm,5.000000000000001e-1,1e-9,1e-8,positive
rounded_prism,dihedral_wedge,0e0,1e-9,1e-8,zero
rounded_prism,dihedral_arm,5.000000000000001e-1,1e-9,1e-8,positive
rounded_prism,dihedral_wedge,0e0,1e-9,1e-8,zero
rounded_prism,dihedral_arm,5.000000000000001e-1,1e-9,1e-8,positive
rounded_prism,dihedral_wedge,0e0,1e-9,1e-8,zero
rounded_prism,dihedral_arm,5.000000000000001e-1,1e-9,1e-8,positive
rounded_prism,dihedral_wedge,0e0,1e-9,1e-8,zero
rounded_prism,dihedral_arm,5.000000000000001e-1,1e-9,1e-8,positive
rounded_prism,dihedral_wedge,0e0,1e-9,1e-8,zero
rounded_prism,dihedral_arm,5.000000000000001e-1,1e-9,1e-8,positive
rounded_prism,dihedral_wedge,0e0,1e-9,1e-8,zero
rounded_prism,dihedral_arm,5.000000000000001e-1,1e-9,1e-8,positive
rounded_prism,dihedral_wedge,0e0,1e-9,1e-8,zero
rounded_prism,planar_boundary_residual,0e0,1e-9,1e-8,zero
rounded_prism,planar_boundary_residual,0e0,1e-9,1e-8,zero
rounded_prism,planar_boundary_residual,0e0,1e-9,1e-8,zero
rounded_prism,planar_boundary_residual,0e0,1e-9,1e-8,zero
rounded_prism,planar_boundary_residual,0e0,1e-9,1e-8,zero
rounded_prism,planar_boundary_residual,0e0,1e-9,1e-8,zero
rounded_prism,planar_boundary_residual,0e0,1e-9,1e-8,zero
rounded_prism,dihedral_arm,5.000000000000001e-1,1e-9,1e-8,positive
rounded_prism,dihedral_wedge,0e0,1e-9,1e-8,zero
rounded_prism,dihedral_arm,5.000000000000001e-1,1e-9,1e-8,positive
rounded_prism,dihedral_wedge,0e0,1e-9,1e-8,zero
rounded_prism,dihedral_arm,5.000000000000001e-1,1e-9,1e-8,positive
rounded_prism,dihedral_wedge,0e0,1e-9,1e-8,zero
rounded_prism,dihedral_arm,5.000000000000001e-1,1e-9,1e-8,positive
rounded_prism,dihedral_wedge,0e0,1e-9,1e-8,zero
rounded_prism,dihedral_arm,5.000000000000001e-1,1e-9,1e-8,positive
rounded_prism,dihedral_wedge,0e0,1e-9,1e-8,zero
rounded_prism,dihedral_arm,5.000000000000001e-1,1e-9,1e-8,positive
rounded_prism,dihedral_wedge,0e0,1e-9,1e-8,zero
rounded_prism,dihedral_arm,5.000000000000001e-1,1e-9,1e-8,positive
rounded_prism,dihedral_wedge,0e0,1e-9,1e-8,zero
rounded_prism,planar_boundary_residual,0e0,1e-9,1e-8,zero
rounded_prism,planar_boundary_residual,0e0,1e-9,1e-8,zero
rounded_prism,planar_boundary_residual,0e0,1e-9,1e-8,zero
rounded_prism,planar_boundary_residual,0e0,1e-9,1e-8,zero
rounded_prism,planar_boundary_residual,0e0,1e-9,1e-8,zero
rounded_prism,planar_boundary_residual,0e0,1e-9,1e-8,zero
rounded_prism,planar_boundary_residual,0e0,1e-9,1e-8,zero
rounded_prism,dihedral_arm,5.000000000000001e-1,1e-9,1e-8,positive
rounded_prism,dihedral_wedge,0e0,1e-9,1e-8,zero
rounded_prism,dihedral_arm,5.000000000000001e-1,1e-9,1e-8,positive
rounded_prism,dihedral_wedge,0e0,1e-9,1e-8,zero
rounded_prism,dihedral_arm,5.000000000000001e-1,1e-9,1e-8,positive
rounded_prism,dihedral_wedge,0e0,1e-9,1e-8,zero
rounded_prism,dihedral_arm,5.000000000000001e-1,1e-9,1e-8,positive
rounded_prism,dihedral_wedge,0e0,1e-9,1e-8,zero
rounded_prism,dihedral_arm,5.000000000000001e-1,1e-9,1e-8,positive
rounded_prism,dihedral_wedge,0e0,1e-9,1e-8,zero
rounded_prism,dihedral_arm,5.000000000000001e-1,1e-9,1e-8,positive
rounded_prism,dihedral_wedge,0e0,1e-9,1e-8,zero
rounded_prism,dihedral_arm,5.000000000000001e-1,1e-9,1e-8,positive
rounded_prism,dihedral_wedge,0e0,1e-9,1e-8,zero
rounded_prism,planar_boundary_residual,0e0,1e-9,1e-8,zero
rounded_prism,planar_boundary_residual,0e0,1e-9,1e-8,zero
rounded_prism,planar_boundary_residual,0e0,1e-9,1e-8,zero
rounded_prism,planar_boundary_residual,0e0,1e-9,1e-8,zero
rounded_prism,planar_boundary_residual,0e0,1e-9,1e-8,zero
rounded_prism,planar_boundary_residual,0e0,1e-9,1e-8,zero
rounded_prism,planar_boundary_residual,0e0,1e-9,1e-8,zero
rounded_prism,dihedral_arm,5.000000000000001e-1,1e-9,1e-8,positive
rounded_prism,dihedral_wedge,0e0,1e-9,1e-8,zero
rounded_prism,dihedral_arm,5.000000000000001e-1,1e-9,1e-8,positive
rounded_prism,dihedral_wedge,0e0,1e-9,1e-8,zero
rounded_prism,dihedral_arm,5.000000000000001e-1,1e-9,1e-8,positive
rounded_prism,dihedral_wedge,0e0,1e-9,1e-8,zero
rounded_prism,dihedral_arm,5.000000000000001e-1,1e-9,1e-8,positive
rounded_prism,dihedral_wedge,0e0,1e-9,1e-8,zero
rounded_prism,dihedral_arm,5.000000000000001e-1,1e-9,1e-8,positive
rounded_prism,dihedral_wedge,0e0,1e-9,1e-8,zero
rounded_prism,dihedral_arm,5.000000000000001e-1,1e-9,1e-8,positive
rounded_prism,dihedral_wedge,0e0,1e-9,1e-8,zero
rounded_prism,dihedral_arm,5.000000000000001e-1,1e-9,1e-8,positive
rounded_prism,dihedral_wedge,0e0,1e-9,1e-8,zero
rounded_prism,planar_boundary_residual,0e0,1e-9,1e-8,zero
rounded_prism,planar_boundary_residual,0e0,1e-9,1e-8,zero
rounded_prism,planar_boundary_residual,0e0,1e-9,1e-8,zero
rounded_prism,planar_boundary_residual,0e0,1e-9,1e-8,zero
rounded_prism,planar_boundary_residual,0e0,1e-9,1e-8,zero
rounded_prism,planar_boundary_residual,0e0,1e-9,1e-8,zero
rounded_prism,planar_boundary_residual,0e0,1e-9,1e-8,zero
rounded_prism,dihedral_arm,5.000000000000001e-1,1e-9,1e-8,positive
rounded_prism,dihedral_wedge,0e0,1e-9,1e-8,zero
rounded_prism,dihedral_arm,5.000000000000001e-1,1e-9,1e-8,positive
rounded_prism,dihedral_wedge,0e0,1e-9,1e-8,zero
rounded_prism,dihedral_arm,5.000000000000001e-1,1e-9,1e-8,positive
rounded_prism,dihedral_wedge,0e0,1e-9,1e-8,zero
rounded_prism,dihedral_arm,5.000000000000001e-1,1e-9,1e-8,positive
rounded_prism,dihedral_wedge,0e0,1e-9,1e-8,zero
rounded_prism,dihedral_arm,5.000000000000001e-1,1e-9,1e-8,positive
rounded_prism,dihedral_wedge,0e0,1e-9,1e-8,zero
rounded_prism,dihedral_arm,5.000000000000001e-1,1e-9,1e-8,positive
rounded_prism,dihedral_wedge,0e0,1e-9,1e-8,zero
rounded_prism,dihedral_arm,5.000000000000001e-1,1e-9,1e-8,positive
rounded_prism,dihedral_wedge,0e0,1e-9,1e-8,zero
rounded_prism,planar_boundary_residual,0e0,1e-9,1e-8,zero
rounded_prism,planar_boundary_residual,0e0,1e-9,1e-8,zero
rounded_prism,planar_boundary_residual,0e0,1e-9,1e-8,zero
rounded_prism,planar_boundary_residual,0e0,1e-9,1e-8,zero
rounded_prism,planar_boundary_residual,0e0,1e-9,1e-8,zero
rounded_prism,planar_boundary_residual,0e0,1e-9,1e-8,zero
rounded_prism,planar_boundary_residual,0e0,1e-9,1e-8,zero
rounded_prism,dihedral_arm,5.000000000000001e-1,1e-9,1e-8,positive
rounded_prism,dihedral_wedge,0e0,1e-9,1e-8,zero
rounded_prism,dihedral_arm,5.000000000000001e-1,1e-9,1e-8,positive
rounded_prism,dihedral_wedge,0e0,1e-9,1e-8,zero
rounded_prism,dihedral_arm,5.000000000000001e-1,1e-9,1e-8,positive
rounded_prism,dihedral_wedge,0e0,1e-9,1e-8,zero
rounded_prism,dihedral_arm,5.000000000000001e-1,1e-9,1e-8,positive
rounded_prism,dihedral_wedge,0e0,1e-9,1e-8,zero
rounded_prism,dihedral_arm,5.000000000000001e-1,1e-9,1e-8,positive
rounded_prism,dihedral_wedge,0e0,1e-9,1e-8,zero
rounded_prism,dihedral_arm,5.000000000000001e-1,1e-9,1e-8,positive
rounded_prism,dihedral_wedge,0e0,1e-9,1e-8,zero
rounded_prism,dihedral_arm,5.000000000000001e-1,1e-9,1e-8,positive
rounded_prism,dihedral_wedge,0e0,1e-9,1e-8,zero
rounded_prism,planar_boundary_residual,0e0,1e-9,1e-8,zero
rounded_prism,planar_boundary_residual,0e0,1e-9,1e-8,zero
rounded_prism,planar_boundary_residual,0e0,1e-9,1e-8,zero
rounded_prism,planar_boundary_residual,0e0,1e-9,1e-8,zero
rounded_prism,planar_boundary_residual,0e0,1e-9,1e-8,zero
rounded_prism,planar_boundary_residual,0e0,1e-9,1e-8,zero
rounded_prism,planar_boundary_residual,0e0,1e-9,1e-8,zero
rounded_prism,dihedral_arm,5.000000000000001e-1,1e-9,1e-8,positive
rounded_prism,dihedral_wedge,5.000000000000001e-1,1e-9,1e-8,positive
rounded_prism,dihedral_arm,5.000000000000001e-1,1e-9,1e-8,positive
rounded_prism,dihedral_wedge,5.000000000000001e-1,1e-9,1e-8,positive
rounded_prism,dihedral_arm,5.000000000000001e-1,1e-9,1e-8,positive
rounded_prism,dihedral_wedge,5.000000000000001e-1,1e-9,1e-8,positive
rounded_prism,dihedral_arm,5.000000000000001e-1,1e-9,1e-8,positive
rounded_prism,dihedral_wedge,5.000000000000001e-1,1e-9,1e-8,positive
rounded_prism,dihedral_arm,5.000000000000001e-1,1e-9,1e-8,positive
rounded_prism,dihedral_wedge,5.000000000000001e-1,1e-9,1e-8,positive
rounded_prism,dihedral_arm,5.000000000000001e-1,1e-9,1e-8,positive
rounded_prism,dihedral_wedge,5.000000000000001e-1,1e-9,1e-8,positive
rounded_prism,dihedral_arm,5.000000000000001e-1,1e-9,1e-8,positive
rounded_prism,dihedral_wedge,5.000000000000001e-1,1e-9,1e-8,positive
rounded_prism,planar_boundary_residual,0e0,1e-9,1e-8,zero
rounded_prism,planar_boundary_residual,0e0,1e-9,1e-8,zero
rounded_prism,planar_boundary_residual,0e0,1e-9,1e-8,zero
rounded_prism,planar_boundary_residual,0e0,1e-9,1e-8,zero
rounded_prism,planar_boundary_residual,0e0,1e-9,1e-8,zero
rounded_prism,planar_boundary_residual,0e0,1e-9,1e-8,zero
rounded_prism,planar_boundary_residual,0e0,1e-9,1e-8,zero
rounded_prism,dihedral_arm,1e0,1e-9,1e-8,positive
rounded_prism,dihedral_wedge,1e0,1e-9,1e-8,positive
rounded_prism,dihedral_arm,1e0,1e-9,1e-8,positive
rounded_prism,dihedral_wedge,1e0,1e-9,1e-8,positive
rounded_prism,dihedral_arm,1e0,1e-9,1e-8,positive
rounded_prism,dihedral_wedge,1e0,1e-9,1e-8,positive
rounded_prism,dihedral_arm,1e0,1e-9,1e-8,positive
rounded_prism,dihedral_wedge,1e0,1e-9,1e-8,positive
rounded_prism,dihedral_arm,1e0,1e-9,1e-8,positive
rounded_prism,dihedral_wedge,1e0,1e-9,1e-8,positive
rounded_prism,dihedral_arm,1e0,1e-9,1e-8,positive
rounded_prism,dihedral_wedge,1e0,1e-9,1e-8,positive
rounded_prism,dihedral_arm,1e0,1e-9,1e-8,positive
rounded_prism,dihedral_wedge,1e0,1e-9,1e-8,positive
rounded_prism,planar_boundary_residual,0e0,1e-9,1e-8,zero
rounded_prism,planar_boundary_residual,0e0,1e-9,1e-8,zero
rounded_prism,planar_boundary_residual,0e0,1e-9,1e-8,zero
rounded_prism,planar_boundary_residual,0e0,1e-9,1e-8,zero
rounded_prism,planar_boundary_residual,0e0,1e-9,1e-8,zero
rounded_prism,planar_boundary_residual,0e0,1e-9,1e-8,zero
rounded_prism,planar_boundary_residual,0e0,1e-9,1e-8,zero
rounded_prism,planar_boundary_residual,0e0,1e-9,1e-8,zero
rounded_prism,planar_boundary_residual,0e0,1e-9,1e-8,zero
rounded_prism,planar_boundary_residual,0e0,1e-9,1e-8,zero
rounded_prism,planar_boundary_residual,0e0,1e-9,1e-8,zero
rounded_prism,planar_boundary_residual,0e0,1e-9,1e-8,zero
rounded_prism,planar_boundary_residual,0e0,1e-9,1e-8,zero
rounded_prism,planar_boundary_residual,0e0,1e-9,1e-8,zero
rounded_prism,dihedral_arm,5.000000000000001e-1,1e-9,1e-8,positive
rounded_prism,dihedral_wedge,5.000000000000001e-1,1e-9,1e-8,positive
rounded_prism,dihedral_arm,5.000000000000001e-1,1e-9,1e-8,positive
rounded_prism,dihedral_wedge,5.000000000000001e-1,1e-9,1e-8,positive
rounded_prism,dihedral_arm,5.000000000000001e-1,1e-9,1e-8,positive
rounded_prism,dihedral_wedge,5.000000000000001e-1,1e-9,1e-8,positive
rounded_prism,dihedral_arm,5.000000000000001e-1,1e-9,1e-8,positive
rounded_prism,dihedral_wedge,5.000000000000001e-1,1e-9,1e-8,positive
rounded_prism,dihedral_arm,5.000000000000001e-1,1e-9,1e-8,positive
rounded_prism,dihedral_wedge,5.000000000000001e-1,1e-9,1e-8,positive
rounded_prism,dihedral_arm,5.000000000000001e-1,1e-9,1e-8,positive
rounded_prism,dihedral_wedge,5.000000000000001e-1,1e-9,1e-8,positive
rounded_prism,dihedral_arm,5.000000000000001e-1,1e-9,1e-8,positive
rounded_prism,dihedral_wedge,5.000000000000001e-1,1e-9,1e-8,positive
rounded_prism,planar_boundary_residual,0e0,1e-9,1e-8,zero
rounded_prism,planar_boundary_residual,0e0,1e-9,1e-8,zero
rounded_prism,planar_boundary_residual,0e0,1e-9,1e-8,zero
rounded_prism,planar_boundary_residual,0e0,1e-9,1e-8,zero
rounded_prism,planar_boundary_residual,0e0,1e-9,1e-8,zero
rounded_prism,planar_boundary_residual,0e0,1e-9,1e-8,zero
rounded_prism,planar_boundary_residual,0e0,1e-9,1e-8,zero
rounded_prism,dihedral_arm,1e0,1e-9,1e-8,positive
rounded_prism,dihedral_wedge,1e0,1e-9,1e-8,positive
rounded_prism,dihedral_arm,1e0,1e-9,1e-8,positive
rounded_prism,dihedral_wedge,1e0,1e-9,1e-8,positive
rounded_prism,dihedral_arm,1e0,1e-9,1e-8,positive
rounded_prism,dihedral_wedge,1e0,1e-9,1e-8,positive
rounded_prism,dihedral_arm,1e0,1e-9,1e-8,positive
rounded_prism,dihedral_wedge,1e0,1e-9,1e-8,positive
rounded_prism,dihedral_arm,1e0,1e-9,1e-8,positive
rounded_prism,dihedral_wedge,1e0,1e-9,1e-8,positive
rounded_prism,dihedral_arm,1e0,1e-9,1e-8,positive
rounded_prism,dihedral_wedge,1e0,1e-9,1e-8,positive
rounded_prism,dihedral_arm,1e0,1e-9,1e-8,positive
rounded_prism,dihedral_wedge,1e0,1e-9,1e-8,positive
rounded_prism,planar_boundary_residual,0e0,1e-9,1e-8,zero
rounded_prism,planar_boundary_residual,0e0,1e-9,1e-8,zero
rounded_prism,planar_boundary_residual,0e0,1e-9,1e-8,zero
rounded_prism,planar_boundary_residual,0e0,1e-9,1e-8,zero
rounded_prism,planar_boundary_residual,0e0,1e-9,1e-8,zero
rounded_prism,planar_boundary_residual,0e0,1e-9,1e-8,zero
rounded_prism,planar_boundary_residual,0e0,1e-9,1e-8,zero
rounded_prism,planar_boundary_residual,0e0,1e-9,1e-8,zero
rounded_prism,planar_boundary_residual,0e0,1e-9,1e-8,zero
rounded_prism,planar_boundary_residual,0e0,1e-9,1e-8,zero
rounded_prism,planar_boundary_residual,0e0,1e-9,1e-8,zero
rounded_prism,planar_boundary_residual,0e0,1e-9,1e-8,zero
rounded_prism,planar_boundary_residual,0e0,1e-9,1e-8,zero
rounded_prism,planar_boundary_residual,0e0,1e-9,1e-8,zero
rounded_prism,dihedral_arm,5.000000000000001e-1,1e-9,1e-8,positive
rounded_prism,dihedral_wedge,5.000000000000001e-1,1e-9,1e-8,positive
rounded_prism,dihedral_arm,5.000000000000001e-1,1e-9,1e-8,positive
rounded_prism,dihedral_wedge,5.000000000000001e-1,1e-9,1e-8,positive
rounded_prism,dihedral_arm,5.000000000000001e-1,1e-9,1e-8,positive
rounded_prism,dihedral_wedge,5.000000000000001e-1,1e-9,1e-8,positive
rounded_prism,dihedral_arm,5.000000000000001e-1,1e-9,1e-8,positive
rounded_prism,dihedral_wedge,5.000000000000001e-1,1e-9,1e-8,positive
rounded_prism,dihedral_arm,5.000000000000001e-1,1e-9,1e-8,positive
rounded_prism,dihedral_wedge,5.000000000000001e-1,1e-9,1e-8,positive
rounded_prism,dihedral_arm,5.000000000000001e-1,1e-9,1e-8,positive
rounded_prism,dihedral_wedge,5.000000000000001e-1,1e-9,1e-8,positive
rounded_prism,dihedral_arm,5.000000000000001e-1,1e-9,1e-8,positive
rounded_prism,dihedral_wedge,5.000000000000001e-1,1e-9,1e-8,positive
rounded_prism,planar_boundary_residual,0e0,1e-9,1e-8,zero
rounded_prism,planar_boundary_residual,0e0,1e-9,1e-8,zero
rounded_prism,planar_boundary_residual,0e0,1e-9,1e-8,zero
rounded_prism,planar_boundary_residual,0e0,1e-9,1e-8,zero
rounded_prism,planar_boundary_residual,0e0,1e-9,1e-8,zero
rounded_prism,planar_boundary_residual,0e0,1e-9,1e-8,zero
rounded_prism,planar_boundary_residual,0e0,1e-9,1e-8,zero
rounded_prism,dihedral_arm,1e0,1e-9,1e-8,positive
rounded_prism,dihedral_wedge,1e0,1e-9,1e-8,positive
rounded_prism,dihedral_arm,1e0,1e-9,1e-8,positive
rounded_prism,dihedral_wedge,1e0,1e-9,1e-8,positive
rounded_prism,dihedral_arm,1e0,1e-9,1e-8,positive
rounded_prism,dihedral_wedge,1e0,1e-9,1e-8,positive
rounded_prism,dihedral_arm,1e0,1e-9,1e-8,positive
rounded_prism,dihedral_wedge,1e0,1e-9,1e-8,positive
rounded_prism,dihedral_arm,1e0,1e-9,1e-8,positive
rounded_prism,dihedral_wedge,1e0,1e-9,1e-8,positive
rounded_prism,dihedral_arm,1e0,1e-9,1e-8,positive
rounded_prism,dihedral_wedge,1e0,1e-9,1e-8,positive
rounded_prism,dihedral_arm,1e0,1e-9,1e-8,positive
rounded_prism,dihedral_wedge,1e0,1e-9,1e-8,positive
rounded_prism,planar_boundary_residual,0e0,1e-9,1e-8,zero
rounded_prism,planar_boundary_residual,0e0,1e-9,1e-8,zero
rounded_prism,planar_boundary_residual,0e0,1e-9,1e-8,zero
rounded_prism,planar_boundary_residual,0e0,1e-9,1e-8,zero
rounded_prism,planar_boundary_residual,0e0,1e-9,1e-8,zero
rounded_prism,planar_boundary_residual,0e0,1e-9,1e-8,zero
rounded_prism,planar_boundary_residual,0e0,1e-9,1e-8,zero
rounded_prism,planar_boundary_residual,0e0,1e-9,1e-8,zero
rounded_prism,planar_boundary_residual,0e0,1e-9,1e-8,zero
rounded_prism,planar_boundary_residual,0e0,1e-9,1e-8,zero
rounded_prism,planar_boundary_residual,0e0,1e-9,1e-8,zero
rounded_prism,planar_boundary_residual,0e0,1e-9,1e-8,zero
rounded_prism,planar_boundary_residual,0e0,1e-9,1e-8,zero
rounded_prism,planar_boundary_residual,0e0,1e-9,1e-8,zero
rounded_prism,dihedral_arm,5.000000000000001e-1,1e-9,1e-8,positive
rounded_prism,dihedral_wedge,5.000000000000001e-1,1e-9,1e-8,positive
rounded_prism,dihedral_arm,5.000000000000001e-1,1e-9,1e-8,positive
rounded_prism,dihedral_wedge,5.000000000000001e-1,1e-9,1e-8,positive
rounded_prism,dihedral_arm,5.000000000000001e-1,1e-9,1e-8,positive
rounded_prism,dihedral_wedge,5.000000000000001e-1,1e-9,1e-8,positive
rounded_prism,dihedral_arm,5.000000000000001e-1,1e-9,1e-8,positive
rounded_prism,dihedral_wedge,5.000000000000001e-1,1e-9,1e-8,positive
rounded_prism,dihedral_arm,5.000000000000001e-1,1e-9,1e-8,positive
rounded_prism,dihedral_wedge,5.000000000000001e-1,1e-9,1e-8,positive
rounded_prism,dihedral_arm,5.000000000000001e-1,1e-9,1e-8,positive
rounded_prism,dihedral_wedge,5.000000000000001e-1,1e-9,1e-8,positive
rounded_prism,dihedral_arm,5.000000000000001e-1,1e-9,1e-8,positive
rounded_prism,dihedral_wedge,5.000000000000001e-1,1e-9,1e-8,positive
rounded_prism,planar_boundary_residual,0e0,1e-9,1e-8,zero
rounded_prism,planar_boundary_residual,0e0,1e-9,1e-8,zero
rounded_prism,planar_boundary_residual,0e0,1e-9,1e-8,zero
rounded_prism,planar_boundary_residual,0e0,1e-9,1e-8,zero
rounded_prism,planar_boundary_residual,0e0,1e-9,1e-8,zero
rounded_prism,planar_boundary_residual,0e0,1e-9,1e-8,zero
rounded_prism,planar_boundary_residual,0e0,1e-9,1e-8,zero
rounded_prism,dihedral_arm,1e0,1e-9,1e-8,positive
rounded_prism,dihedral_wedge,1e0,1e-9,1e-8,positive
rounded_prism,dihedral_arm,1e0,1e-9,1e-8,positive
rounded_prism,dihedral_wedge,1e0,1e-9,1e-8,positive
rounded_prism,dihedral_arm,1e0,1e-9,1e-8,positive
rounded_prism,dihedral_wedge,1e0,1e-9,1e-8,positive
rounded_prism,dihedral_arm,1e0,1e-9,1e-8,positive
rounded_prism,dihedral_wedge,1e0,1e-9,1e-8,positive
rounded_prism,dihedral_arm,1e0,1e-9,1e-8,positive
rounded_prism,dihedral_wedge,1e0,1e-9,1e-8,positive
rounded_prism,dihedral_arm,1e0,1e-9,1e-8,positive
rounded_prism,dihedral_wedge,1e0,1e-9,1e-8,positive
rounded_prism,dihedral_arm,1e0,1e-9,1e-8,positive
rounded_prism,dihedral_wedge,1e0,1e-9,1e-8,positive
rounded_prism,planar_boundary_residual,0e0,1e-9,1e-8,zero
rounded_prism,planar_boundary_residual,0e0,1e-9,1e-8,zero
rounded_prism,planar_boundary_residual,0e0,1e-9,1e-8,zero
rounded_prism,planar_boundary_residual,0e0,1e-9,1e-8,zero
rounded_prism,planar_boundary_residual,0e0,1e-9,1e-8,zero
rounded_prism,planar_boundary_residual,0e0,1e-9,1e-8,zero
rounded_prism,planar_boundary_residual,0e0,1e-9,1e-8,zero
rounded_prism,planar_boundary_residual,0e0,1e-9,1e-8,zero
rounded_prism,planar_boundary_residual,0e0,1e-9,1e-8,zero
rounded_prism,planar_boundary_residual,0e0,1e-9,1e-8,zero
rounded_prism,planar_boundary_residual,0e0,1e-9,1e-8,zero
rounded_prism,planar_boundary_residual,0e0,1e-9,1e-8,zero
rounded_prism,planar_boundary_residual,0e0,1e-9,1e-8,zero
rounded_prism,planar_boundary_residual,0e0,1e-9,1e-8,zero
rounded_prism,props_circle_axis_class,5.000000000000001e-1,1e-9,1e-8,positive
rounded_prism,props_rim_fit,0e0,1e-9,1e-8,zero
rounded_prism,props_meridian_axial,0e0,1e-9,1e-8,zero
rounded_prism,props_circle_axis_class,5.000000000000001e-1,1e-9,1e-8,positive
rounded_prism,props_rim_fit,0e0,1e-9,1e-8,zero
rounded_prism,props_meridian_axial,0e0,1e-9,1e-8,zero
rounded_prism,props_du_consistent,0e0,1e-9,1e-8,zero
rounded_prism,props_face_extent,1e0,1e-9,1e-8,positive
rounded_prism,props_rim_side,-1e0,1e-9,1e-8,negative
rounded_prism,props_circle_axis_class,5.000000000000001e-1,1e-9,1e-8,positive
rounded_prism,props_rim_fit,0e0,1e-9,1e-8,zero
rounded_prism,props_meridian_axial,0e0,1e-9,1e-8,zero
rounded_prism,props_circle_axis_class,5.000000000000001e-1,1e-9,1e-8,positive
rounded_prism,props_rim_fit,0e0,1e-9,1e-8,zero
rounded_prism,props_meridian_axial,0e0,1e-9,1e-8,zero
rounded_prism,props_du_consistent,0e0,1e-9,1e-8,zero
rounded_prism,props_face_extent,1e0,1e-9,1e-8,positive
rounded_prism,props_rim_side,-1e0,1e-9,1e-8,negative
rounded_prism,props_circle_axis_class,5.000000000000001e-1,1e-9,1e-8,positive
rounded_prism,props_rim_fit,0e0,1e-9,1e-8,zero
rounded_prism,props_meridian_axial,0e0,1e-9,1e-8,zero
rounded_prism,props_circle_axis_class,5.000000000000001e-1,1e-9,1e-8,positive
rounded_prism,props_rim_fit,0e0,1e-9,1e-8,zero
rounded_prism,props_meridian_axial,0e0,1e-9,1e-8,zero
rounded_prism,props_du_consistent,0e0,1e-9,1e-8,zero
rounded_prism,props_face_extent,1e0,1e-9,1e-8,positive
rounded_prism,props_rim_side,-1e0,1e-9,1e-8,negative
rounded_prism,props_circle_axis_class,5.000000000000001e-1,1e-9,1e-8,positive
rounded_prism,props_rim_fit,0e0,1e-9,1e-8,zero
rounded_prism,props_meridian_axial,0e0,1e-9,1e-8,zero
rounded_prism,props_circle_axis_class,5.000000000000001e-1,1e-9,1e-8,positive
rounded_prism,props_rim_fit,0e0,1e-9,1e-8,zero
rounded_prism,props_meridian_axial,0e0,1e-9,1e-8,zero
rounded_prism,props_du_consistent,0e0,1e-9,1e-8,zero
rounded_prism,props_face_extent,1e0,1e-9,1e-8,positive
rounded_prism,props_rim_side,-1e0,1e-9,1e-8,negative
rounded_prism,positive_volume,2.572932355475603e-1,1e-9,1e-8,positive
rounded_prism,props_circle_axis_class,5.000000000000001e-1,1e-9,1e-8,positive
rounded_prism,props_rim_fit,0e0,1e-9,1e-8,zero
rounded_prism,props_meridian_axial,0e0,1e-9,1e-8,zero
rounded_prism,props_circle_axis_class,5.000000000000001e-1,1e-9,1e-8,positive
rounded_prism,props_rim_fit,0e0,1e-9,1e-8,zero
rounded_prism,props_meridian_axial,0e0,1e-9,1e-8,zero
rounded_prism,props_du_consistent,0e0,1e-9,1e-8,zero
rounded_prism,props_face_extent,1e0,1e-9,1e-8,positive
rounded_prism,props_rim_side,-1e0,1e-9,1e-8,negative
rounded_prism,props_circle_axis_class,5.000000000000001e-1,1e-9,1e-8,positive
rounded_prism,props_rim_fit,0e0,1e-9,1e-8,zero
rounded_prism,props_meridian_axial,0e0,1e-9,1e-8,zero
rounded_prism,props_circle_axis_class,5.000000000000001e-1,1e-9,1e-8,positive
rounded_prism,props_rim_fit,0e0,1e-9,1e-8,zero
rounded_prism,props_meridian_axial,0e0,1e-9,1e-8,zero
rounded_prism,props_du_consistent,0e0,1e-9,1e-8,zero
rounded_prism,props_face_extent,1e0,1e-9,1e-8,positive
rounded_prism,props_rim_side,-1e0,1e-9,1e-8,negative
rounded_prism,props_circle_axis_class,5.000000000000001e-1,1e-9,1e-8,positive
rounded_prism,props_rim_fit,0e0,1e-9,1e-8,zero
rounded_prism,props_meridian_axial,0e0,1e-9,1e-8,zero
rounded_prism,props_circle_axis_class,5.000000000000001e-1,1e-9,1e-8,positive
rounded_prism,props_rim_fit,0e0,1e-9,1e-8,zero
rounded_prism,props_meridian_axial,0e0,1e-9,1e-8,zero
rounded_prism,props_du_consistent,0e0,1e-9,1e-8,zero
rounded_prism,props_face_extent,1e0,1e-9,1e-8,positive
rounded_prism,props_rim_side,-1e0,1e-9,1e-8,negative
rounded_prism,props_circle_axis_class,5.000000000000001e-1,1e-9,1e-8,positive
rounded_prism,props_rim_fit,0e0,1e-9,1e-8,zero
rounded_prism,props_meridian_axial,0e0,1e-9,1e-8,zero
rounded_prism,props_circle_axis_class,5.000000000000001e-1,1e-9,1e-8,positive
rounded_prism,props_rim_fit,0e0,1e-9,1e-8,zero
rounded_prism,props_meridian_axial,0e0,1e-9,1e-8,zero
rounded_prism,props_du_consistent,0e0,1e-9,1e-8,zero
rounded_prism,props_face_extent,1e0,1e-9,1e-8,positive
rounded_prism,props_rim_side,-1e0,1e-9,1e-8,negative
ball,vertex_separation,2e0,1e-9,1e-8,positive
ball,segment_straightness,1e0,1e-9,1e-8,positive
ball,arc_diameter_clearance,5.857864376269049e-1,1e-9,1e-8,positive
ball,vertex_separation,2e0,1e-9,1e-8,positive
ball,segment_straightness,0e0,1e-9,1e-8,zero
ball,carrier_line_circle,1e0,1e-9,1e-8,positive
ball,line_span,0e0,1e-9,1e-8,zero
ball,arc_span,0e0,1e-9,1e-8,zero
ball,line_span,0e0,1e-9,1e-8,zero
ball,arc_span,0e0,1e-9,1e-8,zero
ball,contact_at_shared_vertex,0e0,1e-9,1e-8,zero
ball,contact_at_shared_vertex,2e0,1e-9,1e-8,positive
ball,contact_at_shared_vertex,0e0,1e-9,1e-8,zero
ball,canonical_order_x,0e0,5e-324,1e-323,zero
ball,canonical_order_y,2e0,5e-324,1e-323,positive
ball,loop_orientation,6.110154703516573e-1,1e-9,1e-8,positive
ball,canonical_order_x,0e0,5e-324,1e-323,zero
ball,canonical_order_y,2e0,5e-324,1e-323,positive
ball,vertex_separation,2e0,1e-9,1e-8,positive
ball,segment_straightness,1e0,1e-9,1e-8,positive
ball,arc_diameter_clearance,5.857864376269049e-1,1e-9,1e-8,positive
ball,vertex_separation,2e0,1e-9,1e-8,positive
ball,segment_straightness,0e0,1e-9,1e-8,zero
ball,revolve_axis_direction,1e0,1e-9,1e-8,positive
ball,axis_vertex_radius,0e0,1e-9,1e-8,zero
ball,axis_vertex_radius,0e0,1e-9,1e-8,zero
ball,axis_arc_center,0e0,1e-9,1e-8,zero
ball,axis_arc_span,0e0,1e-9,1e-8,zero
ball,axis_arc_apex,1e0,1e-9,1e-8,positive
ball,interval_span_forward,3.141592653589793e0,1e-9,1e-8,positive
ball,interval_span_winding,3.141592653589793e0,1e-9,1e-8,positive
ball,carrier_endpoint_start,0e0,1e-9,1e-8,zero
ball,carrier_endpoint_end,1.2246467991473532e-16,1e-9,1e-8,zero
ball,carrier_matches_mapped_source,0e0,1e-9,1e-8,zero
ball,carrier_matches_mapped_source,0e0,1e-9,1e-8,zero
ball,carrier_matches_mapped_source,0e0,1e-9,1e-8,zero
ball,carrier_matches_mapped_source,0e0,1e-9,1e-8,zero
ball,carrier_matches_mapped_source,0e0,1e-9,1e-8,zero
ball,carrier_matches_mapped_source,0e0,1e-9,1e-8,zero
ball,carrier_matches_mapped_source,0e0,1e-9,1e-8,zero
ball,carrier_matches_mapped_source,0e0,1e-9,1e-8,zero
ball,carrier_matches_mapped_source,0e0,1e-9,1e-8,zero
ball,interval_span_forward,3.141592653589793e0,1e-9,1e-8,positive
ball,interval_span_winding,3.141592653589793e0,1e-9,1e-8,positive
ball,carrier_endpoint_start,0e0,1e-9,1e-8,zero
ball,carrier_endpoint_end,1.2246467991473532e-16,1e-9,1e-8,zero
ball,carrier_matches_mapped_source,0e0,1e-9,1e-8,zero
ball,carrier_matches_mapped_source,0e0,1e-9,1e-8,zero
ball,carrier_matches_mapped_source,0e0,1e-9,1e-8,zero
ball,carrier_matches_mapped_source,0e0,1e-9,1e-8,zero
ball,carrier_matches_mapped_source,0e0,1e-9,1e-8,zero
ball,carrier_matches_mapped_source,0e0,1e-9,1e-8,zero
ball,carrier_matches_mapped_source,0e0,1e-9,1e-8,zero
ball,carrier_matches_mapped_source,0e0,1e-9,1e-8,zero
ball,carrier_matches_mapped_source,0e0,1e-9,1e-8,zero
ball,interval_span_forward,3.141592653589793e0,1e-9,1e-8,positive
ball,interval_span_winding,3.141592653589793e0,1e-9,1e-8,positive
ball,carrier_endpoint_start,0e0,1e-9,1e-8,zero
ball,carrier_endpoint_end,1.2246467991473532e-16,1e-9,1e-8,zero
ball,carrier_on_seam_surface,0e0,1e-9,1e-8,zero
ball,carrier_in_seam_halfplane,0e0,1e-9,1e-8,zero
ball,carrier_on_seam_side,0e0,1e-9,1e-8,zero
ball,carrier_on_seam_surface,0e0,1e-9,1e-8,zero
ball,carrier_in_seam_halfplane,0e0,1e-9,1e-8,zero
ball,carrier_on_seam_side,0e0,1e-9,1e-8,zero
ball,carrier_on_seam_surface,0e0,1e-9,1e-8,zero
ball,carrier_in_seam_halfplane,0e0,1e-9,1e-8,zero
ball,carrier_on_seam_side,0e0,1e-9,1e-8,zero
ball,carrier_on_seam_surface,0e0,1e-9,1e-8,zero
ball,carrier_in_seam_halfplane,0e0,1e-9,1e-8,zero
ball,carrier_on_seam_side,0e0,1e-9,1e-8,zero
ball,carrier_on_seam_surface,0e0,1e-9,1e-8,zero
ball,carrier_in_seam_halfplane,0e0,1e-9,1e-8,zero
ball,carrier_on_seam_side,0e0,1e-9,1e-8,zero
ball,carrier_on_seam_surface,0e0,1e-9,1e-8,zero
ball,carrier_in_seam_halfplane,0e0,1e-9,1e-8,zero
ball,carrier_on_seam_side,0e0,1e-9,1e-8,zero
ball,carrier_on_seam_surface,0e0,1e-9,1e-8,zero
ball,carrier_in_seam_halfplane,0e0,1e-9,1e-8,zero
ball,carrier_on_seam_side,0e0,1e-9,1e-8,zero
ball,carrier_on_seam_surface,0e0,1e-9,1e-8,zero
ball,carrier_in_seam_halfplane,0e0,1e-9,1e-8,zero
ball,carrier_on_seam_side,0e0,1e-9,1e-8,zero
ball,carrier_on_seam_surface,0e0,1e-9,1e-8,zero
ball,carrier_in_seam_halfplane,0e0,1e-9,1e-8,zero
ball,carrier_on_seam_side,0e0,1e-9,1e-8,zero
ball,interval_span_forward,3.141592653589793e0,1e-9,1e-8,positive
ball,interval_span_winding,3.141592653589793e0,1e-9,1e-8,positive
ball,carrier_endpoint_start,0e0,1e-9,1e-8,zero
ball,carrier_endpoint_end,1.2246467991473532e-16,1e-9,1e-8,zero
ball,carrier_on_seam_surface,0e0,1e-9,1e-8,zero
ball,carrier_in_seam_halfplane,0e0,1e-9,1e-8,zero
ball,carrier_on_seam_side,0e0,1e-9,1e-8,zero
ball,carrier_on_seam_surface,0e0,1e-9,1e-8,zero
ball,carrier_in_seam_halfplane,0e0,1e-9,1e-8,zero
ball,carrier_on_seam_side,0e0,1e-9,1e-8,zero
ball,carrier_on_seam_surface,0e0,1e-9,1e-8,zero
ball,carrier_in_seam_halfplane,0e0,1e-9,1e-8,zero
ball,carrier_on_seam_side,0e0,1e-9,1e-8,zero
ball,carrier_on_seam_surface,0e0,1e-9,1e-8,zero
ball,carrier_in_seam_halfplane,0e0,1e-9,1e-8,zero
ball,carrier_on_seam_side,0e0,1e-9,1e-8,zero
ball,carrier_on_seam_surface,0e0,1e-9,1e-8,zero
ball,carrier_in_seam_halfplane,0e0,1e-9,1e-8,zero
ball,carrier_on_seam_side,0e0,1e-9,1e-8,zero
ball,carrier_on_seam_surface,0e0,1e-9,1e-8,zero
ball,carrier_in_seam_halfplane,0e0,1e-9,1e-8,zero
ball,carrier_on_seam_side,0e0,1e-9,1e-8,zero
ball,carrier_on_seam_surface,0e0,1e-9,1e-8,zero
ball,carrier_in_seam_halfplane,0e0,1e-9,1e-8,zero
ball,carrier_on_seam_side,0e0,1e-9,1e-8,zero
ball,carrier_on_seam_surface,0e0,1e-9,1e-8,zero
ball,carrier_in_seam_halfplane,0e0,1e-9,1e-8,zero
ball,carrier_on_seam_side,0e0,1e-9,1e-8,zero
ball,carrier_on_seam_surface,0e0,1e-9,1e-8,zero
ball,carrier_in_seam_halfplane,0e0,1e-9,1e-8,zero
ball,carrier_on_seam_side,0e0,1e-9,1e-8,zero
ball,interval_span_forward,3.141592653589793e0,1e-9,1e-8,positive
ball,interval_span_winding,3.141592653589793e0,1e-9,1e-8,positive
ball,carrier_endpoint_start,0e0,1e-9,1e-8,zero
ball,carrier_endpoint_end,1.2246467991473532e-16,1e-9,1e-8,zero
ball,carrier_matches_mapped_source,0e0,1e-9,1e-8,zero
ball,carrier_matches_mapped_source,0e0,1e-9,1e-8,zero
ball,carrier_matches_mapped_source,0e0,1e-9,1e-8,zero
ball,carrier_matches_mapped_source,0e0,1e-9,1e-8,zero
ball,carrier_matches_mapped_source,0e0,1e-9,1e-8,zero
ball,carrier_matches_mapped_source,0e0,1e-9,1e-8,zero
ball,carrier_matches_mapped_source,0e0,1e-9,1e-8,zero
ball,carrier_matches_mapped_source,0e0,1e-9,1e-8,zero
ball,carrier_matches_mapped_source,0e0,1e-9,1e-8,zero
ball,dihedral_arm,1e0,1e-9,1e-8,positive
ball,dihedral_wedge,0e0,1e-9,1e-8,zero
ball,dihedral_arm,1e0,1e-9,1e-8,positive
ball,dihedral_wedge,0e0,1e-9,1e-8,zero
ball,dihedral_arm,1e0,1e-9,1e-8,positive
ball,dihedral_wedge,0e0,1e-9,1e-8,zero
ball,dihedral_arm,1e0,1e-9,1e-8,positive
ball,dihedral_wedge,0e0,1e-9,1e-8,zero
ball,dihedral_arm,1e0,1e-9,1e-8,positive
ball,dihedral_wedge,0e0,1e-9,1e-8,zero
ball,dihedral_arm,1e0,1e-9,1e-8,positive
ball,dihedral_wedge,0e0,1e-9,1e-8,zero
ball,dihedral_arm,1e0,1e-9,1e-8,positive
ball,dihedral_wedge,0e0,1e-9,1e-8,zero
ball,dihedral_arm,1e0,1e-9,1e-8,positive
ball,dihedral_wedge,0e0,1e-9,1e-8,zero
ball,dihedral_arm,1e0,1e-9,1e-8,positive
ball,dihedral_wedge,0e0,1e-9,1e-8,zero
ball,dihedral_arm,1e0,1e-9,1e-8,positive
ball,dihedral_wedge,0e0,1e-9,1e-8,zero
ball,dihedral_arm,1e0,1e-9,1e-8,positive
ball,dihedral_wedge,0e0,1e-9,1e-8,zero
ball,dihedral_arm,1e0,1e-9,1e-8,positive
ball,dihedral_wedge,0e0,1e-9,1e-8,zero
ball,dihedral_arm,1e0,1e-9,1e-8,positive
ball,dihedral_wedge,0e0,1e-9,1e-8,zero
ball,dihedral_arm,1e0,1e-9,1e-8,positive
ball,dihedral_wedge,0e0,1e-9,1e-8,zero
ball,props_circle_axis_class,0e0,1e-9,1e-8,zero
ball,props_meridian_great,0e0,1e-9,1e-8,zero
ball,props_circle_axis_class,0e0,1e-9,1e-8,zero
ball,props_meridian_great,0e0,1e-9,1e-8,zero
ball,props_face_extent,2e0,1e-9,1e-8,positive
ball,props_band_coplanar,1.2246467991473532e-16,1e-9,1e-8,zero
ball,props_circle_axis_class,0e0,1e-9,1e-8,zero
ball,props_meridian_great,0e0,1e-9,1e-8,zero
ball,props_circle_axis_class,0e0,1e-9,1e-8,zero
ball,props_meridian_great,0e0,1e-9,1e-8,zero
ball,props_face_extent,2e0,1e-9,1e-8,positive
ball,props_band_coplanar,1.2246467991473532e-16,1e-9,1e-8,zero
ball,positive_volume,3.333333333333333e-1,1e-9,1e-8,positive
ball,props_circle_axis_class,0e0,1e-9,1e-8,zero
ball,props_meridian_great,0e0,1e-9,1e-8,zero
ball,props_circle_axis_class,0e0,1e-9,1e-8,zero
ball,props_meridian_great,0e0,1e-9,1e-8,zero
ball,props_face_extent,2e0,1e-9,1e-8,positive
ball,props_band_coplanar,1.2246467991473532e-16,1e-9,1e-8,zero
ball,props_circle_axis_class,0e0,1e-9,1e-8,zero
ball,props_meridian_great,0e0,1e-9,1e-8,zero
ball,props_circle_axis_class,0e0,1e-9,1e-8,zero
ball,props_meridian_great,0e0,1e-9,1e-8,zero
ball,props_face_extent,2e0,1e-9,1e-8,positive
ball,props_band_coplanar,1.2246467991473532e-16,1e-9,1e-8,zero
cone,vertex_separation,1e0,1e-9,1e-8,positive
cone,segment_straightness,0e0,1e-9,1e-8,zero
cone,vertex_separation,1.4142135623730951e0,1e-9,1e-8,positive
cone,segment_straightness,0e0,1e-9,1e-8,zero
cone,vertex_separation,1e0,1e-9,1e-8,positive
cone,segment_straightness,0e0,1e-9,1e-8,zero
cone,chord_side,0e0,1e-9,1e-8,zero
cone,chord_side,1e0,1e-9,1e-8,positive
cone,chord_side,7.071067811865475e-1,1e-9,1e-8,positive
cone,chord_side,-0e0,1e-9,1e-8,zero
cone,line_span,0e0,1e-9,1e-8,zero
cone,line_span,0e0,1e-9,1e-8,zero
cone,contact_at_shared_vertex,0e0,1e-9,1e-8,zero
cone,contact_at_shared_vertex,0e0,1e-9,1e-8,zero
cone,chord_side,1e0,1e-9,1e-8,positive
cone,chord_side,0e0,1e-9,1e-8,zero
cone,chord_side,0e0,1e-9,1e-8,zero
cone,chord_side,1e0,1e-9,1e-8,positive
cone,line_span,0e0,1e-9,1e-8,zero
cone,line_span,0e0,1e-9,1e-8,zero
cone,contact_at_shared_vertex,0e0,1e-9,1e-8,zero
cone,contact_at_shared_vertex,0e0,1e-9,1e-8,zero
cone,chord_side,0e0,1e-9,1e-8,zero
cone,chord_side,7.071067811865475e-1,1e-9,1e-8,positive
cone,chord_side,1e0,1e-9,1e-8,positive
cone,chord_side,0e0,1e-9,1e-8,zero
cone,line_span,2.220446049250313e-16,1e-9,1e-8,zero
cone,line_span,0e0,1e-9,1e-8,zero
cone,contact_at_shared_vertex,0e0,1e-9,1e-8,zero
cone,contact_at_shared_vertex,0e0,1e-9,1e-8,zero
cone,canonical_order_x,1e0,5e-324,1e-323,positive
cone,canonical_order_x,0e0,5e-324,1e-323,zero
cone,canonical_order_y,1e0,5e-324,1e-323,positive
cone,loop_orientation,2.928932188134525e-1,1e-9,1e-8,positive
cone,canonical_order_x,1e0,5e-324,1e-323,positive
cone,canonical_order_x,0e0,5e-324,1e-323,zero
cone,canonical_order_y,1e0,5e-324,1e-323,positive
cone,vertex_separation,1e0,1e-9,1e-8,positive
cone,segment_straightness,0e0,1e-9,1e-8,zero
cone,vertex_separation,1.4142135623730951e0,1e-9,1e-8,positive
cone,segment_straightness,0e0,1e-9,1e-8,zero
cone,vertex_separation,1e0,1e-9,1e-8,positive
cone,segment_straightness,0e0,1e-9,1e-8,zero
cone,revolve_axis_direction,1e0,1e-9,1e-8,positive
cone,axis_vertex_radius,0e0,1e-9,1e-8,zero
cone,axis_vertex_radius,0e0,1e-9,1e-8,zero
cone,axis_vertex_radius,1e0,1e-9,1e-8,positive
cone,axis_line_radial,1e0,1e-9,1e-8,positive
cone,axis_line_axial,-1e0,1e-9,1e-8,negative
cone,axis_line_radial,-1e0,1e-9,1e-8,negative
cone,axis_line_axial,0e0,1e-9,1e-8,zero
cone,interval_span_forward,1.4142135623730951e0,1e-9,1e-8,positive
cone,carrier_endpoint_start,0e0,1e-9,1e-8,zero
cone,carrier_endpoint_end,0e0,1e-9,1e-8,zero
cone,carrier_matches_mapped_source,0e0,1e-9,1e-8,zero
cone,carrier_matches_mapped_source,0e0,1e-9,1e-8,zero
cone,carrier_matches_mapped_source,0e0,1e-9,1e-8,zero
cone,carrier_matches_mapped_source,0e0,1e-9,1e-8,zero
cone,carrier_matches_mapped_source,0e0,1e-9,1e-8,zero
cone,carrier_matches_mapped_source,0e0,1e-9,1e-8,zero
cone,carrier_matches_mapped_source,0e0,1e-9,1e-8,zero
cone,carrier_matches_mapped_source,1.5700924586837752e-16,1e-9,1e-8,zero
cone,carrier_matches_mapped_source,0e0,1e-9,1e-8,zero
cone,interval_span_forward,1e0,1e-9,1e-8,positive
cone,carrier_endpoint_start,0e0,1e-9,1e-8,zero
cone,carrier_endpoint_end,0e0,1e-9,1e-8,zero
cone,carrier_matches_mapped_source,0e0,1e-9,1e-8,zero
cone,carrier_matches_mapped_source,0e0,1e-9,1e-8,zero
cone,carrier_matches_mapped_source,0e0,1e-9,1e-8,zero
cone,carrier_matches_mapped_source,0e0,1e-9,1e-8,zero
cone,carrier_matches_mapped_source,0e0,1e-9,1e-8,zero
cone,carrier_matches_mapped_source,0e0,1e-9,1e-8,zero
cone,carrier_matches_mapped_source,0e0,1e-9,1e-8,zero
cone,carrier_matches_mapped_source,0e0,1e-9,1e-8,zero
cone,carrier_matches_mapped_source,0e0,1e-9,1e-8,zero
cone,wall_lines_cosurface,-7.071067811865475e-1,1e-9,1e-8,negative
cone,interval_span_forward,3.141592653589793e0,1e-9,1e-8,positive
cone,interval_span_winding,3.141592653589793e0,1e-9,1e-8,positive
cone,carrier_endpoint_start,0e0,1e-9,1e-8,zero
cone,carrier_endpoint_end,0e0,1e-9,1e-8,zero
cone,carrier_matches_mapped_source,0e0,1e-9,1e-8,zero
cone,carrier_matches_mapped_source,0e0,1e-9,1e-8,zero
cone,carrier_matches_mapped_source,0e0,1e-9,1e-8,zero
cone,carrier_matches_mapped_source,0e0,1e-9,1e-8,zero
cone,carrier_matches_mapped_source,0e0,1e-9,1e-8,zero
cone,carrier_matches_mapped_source,0e0,1e-9,1e-8,zero
cone,carrier_matches_mapped_source,0e0,1e-9,1e-8,zero
cone,carrier_matches_mapped_source,0e0,1e-9,1e-8,zero
cone,carrier_matches_mapped_source,0e0,1e-9,1e-8,zero
cone,interval_span_forward,1.4142135623730951e0,1e-9,1e-8,positive
cone,carrier_endpoint_start,0e0,1e-9,1e-8,zero
cone,carrier_endpoint_end,0e0,1e-9,1e-8,zero
cone,carrier_matches_mapped_source,0e0,1e-9,1e-8,zero
cone,carrier_matches_mapped_source,0e0,1e-9,1e-8,zero
cone,carrier_matches_mapped_source,0e0,1e-9,1e-8,zero
cone,carrier_matches_mapped_source,6.162975822039155e-33,1e-9,1e-8,zero
cone,carrier_matches_mapped_source,0e0,1e-9,1e-8,zero
cone,carrier_matches_mapped_source,0e0,1e-9,1e-8,zero
cone,carrier_matches_mapped_source,1.232595164407831e-32,1e-9,1e-8,zero
cone,carrier_matches_mapped_source,1.5700924586837752e-16,1e-9,1e-8,zero
cone,carrier_matches_mapped_source,0e0,1e-9,1e-8,zero
cone,interval_span_forward,1e0,1e-9,1e-8,positive
cone,carrier_endpoint_start,0e0,1e-9,1e-8,zero
cone,carrier_endpoint_end,0e0,1e-9,1e-8,zero
cone,carrier_matches_mapped_source,0e0,1e-9,1e-8,zero
cone,carrier_matches_mapped_source,0e0,1e-9,1e-8,zero
cone,carrier_matches_mapped_source,0e0,1e-9,1e-8,zero
cone,carrier_matches_mapped_source,0e0,1e-9,1e-8,zero
cone,carrier_matches_mapped_source,0e0,1e-9,1e-8,zero
cone,carrier_matches_mapped_source,0e0,1e-9,1e-8,zero
cone,carrier_matches_mapped_source,6.162975822039155e-33,1e-9,1e-8,zero
cone,carrier_matches_mapped_source,3.0814879110195774e-33,1e-9,1e-8,zero
cone,carrier_matches_mapped_source,0e0,1e-9,1e-8,zero
cone,dihedral_arm,1e0,1e-9,1e-8,positive
cone,dihedral_wedge,7.071067811865476e-1,1e-9,1e-8,positive
cone,interval_span_forward,3.141592653589793e0,1e-9,1e-8,positive
cone,interval_span_winding,3.141592653589793e0,1e-9,1e-8,positive
cone,carrier_endpoint_start,0e0,1e-9,1e-8,zero
cone,carrier_endpoint_end,0e0,1e-9,1e-8,zero
cone,carrier_on_surface_1,1.1102230246251565e-16,1e-9,1e-8,zero
cone,carrier_on_surface_2,0e0,1e-9,1e-8,zero
cone,carrier_on_surface_1,1.1102230246251565e-16,1e-9,1e-8,zero
cone,carrier_on_surface_2,0e0,1e-9,1e-8,zero
cone,dihedral_arm,1e0,1e-9,1e-8,positive
cone,dihedral_wedge,7.071067811865477e-1,1e-9,1e-8,positive
cone,carrier_on_surface_1,1.1102230246251565e-16,1e-9,1e-8,zero
cone,carrier_on_surface_2,0e0,1e-9,1e-8,zero
cone,dihedral_arm,1e0,1e-9,1e-8,positive
cone,dihedral_wedge,7.071067811865476e-1,1e-9,1e-8,positive
cone,carrier_on_surface_1,1.1102230246251565e-16,1e-9,1e-8,zero
cone,carrier_on_surface_2,0e0,1e-9,1e-8,zero
cone,dihedral_arm,1e0,1e-9,1e-8,positive
cone,dihedral_wedge,7.071067811865476e-1,1e-9,1e-8,positive
cone,carrier_on_surface_1,1.1102230246251565e-16,1e-9,1e-8,zero
cone,carrier_on_surface_2,0e0,1e-9,1e-8,zero
cone,dihedral_arm,1e0,1e-9,1e-8,positive
cone,dihedral_wedge,7.071067811865476e-1,1e-9,1e-8,positive
cone,carrier_on_surface_1,1.1102230246251565e-16,1e-9,1e-8,zero
cone,carrier_on_surface_2,0e0,1e-9,1e-8,zero
cone,dihedral_arm,1e0,1e-9,1e-8,positive
cone,dihedral_wedge,7.071067811865476e-1,1e-9,1e-8,positive
cone,carrier_on_surface_1,1.1102230246251565e-16,1e-9,1e-8,zero
cone,carrier_on_surface_2,0e0,1e-9,1e-8,zero
cone,dihedral_arm,1e0,1e-9,1e-8,positive
cone,dihedral_wedge,7.071067811865476e-1,1e-9,1e-8,positive
cone,carrier_on_surface_1,1.1102230246251565e-16,1e-9,1e-8,zero
cone,carrier_on_surface_2,0e0,1e-9,1e-8,zero
cone,dihedral_arm,1e0,1e-9,1e-8,positive
cone,dihedral_wedge,7.071067811865476e-1,1e-9,1e-8,positive
cone,carrier_on_surface_1,1.1102230246251565e-16,1e-9,1e-8,zero
cone,carrier_on_surface_2,0e0,1e-9,1e-8,zero
cone,witness_on_surface_1,1.1102230246251565e-16,1e-9,1e-8,zero
cone,witness_on_surface_2,0e0,1e-9,1e-8,zero
cone,witness_at_mid_parameter,0e0,1e-9,1e-8,zero
cone,interval_span_forward,3.141592653589793e0,1e-9,1e-8,positive
cone,interval_span_winding,3.141592653589793e0,1e-9,1e-8,positive
cone,carrier_endpoint_start,0e0,1e-9,1e-8,zero
cone,carrier_endpoint_end,2.4492935982947064e-16,1e-9,1e-8,zero
cone,carrier_matches_mapped_source,0e0,1e-9,1e-8,zero
cone,carrier_matches_mapped_source,0e0,1e-9,1e-8,zero
cone,carrier_matches_mapped_source,0e0,1e-9,1e-8,zero
cone,carrier_matches_mapped_source,0e0,1e-9,1e-8,zero
cone,carrier_matches_mapped_source,0e0,1e-9,1e-8,zero
cone,carrier_matches_mapped_source,0e0,1e-9,1e-8,zero
cone,carrier_matches_mapped_source,0e0,1e-9,1e-8,zero
cone,carrier_matches_mapped_source,0e0,1e-9,1e-8,zero
cone,carrier_matches_mapped_source,0e0,1e-9,1e-8,zero
cone,dihedral_arm,1e0,1e-9,1e-8,positive
cone,dihedral_wedge,7.071067811865476e-1,1e-9,1e-8,positive
cone,interval_span_forward,3.141592653589793e0,1e-9,1e-8,positive
cone,interval_span_winding,3.141592653589793e0,1e-9,1e-8,positive
cone,carrier_endpoint_start,0e0,1e-9,1e-8,zero
cone,carrier_endpoint_end,2.4492935982947064e-16,1e-9,1e-8,zero
cone,carrier_on_surface_1,1.1102230246251565e-16,1e-9,1e-8,zero
cone,carrier_on_surface_2,0e0,1e-9,1e-8,zero
cone,carrier_on_surface_1,0e0,1e-9,1e-8,zero
cone,carrier_on_surface_2,0e0,1e-9,1e-8,zero
cone,dihedral_arm,9.999999999999999e-1,1e-9,1e-8,positive
cone,dihedral_wedge,7.071067811865475e-1,1e-9,1e-8,positive
cone,carrier_on_surface_1,1.1102230246251565e-16,1e-9,1e-8,zero
cone,carrier_on_surface_2,0e0,1e-9,1e-8,zero
cone,dihedral_arm,1e0,1e-9,1e-8,positive
cone,dihedral_wedge,7.071067811865477e-1,1e-9,1e-8,positive
cone,carrier_on_surface_1,1.1102230246251565e-16,1e-9,1e-8,zero
cone,carrier_on_surface_2,0e0,1e-9,1e-8,zero
cone,dihedral_arm,1e0,1e-9,1e-8,positive
cone,dihedral_wedge,7.071067811865476e-1,1e-9,1e-8,positive
cone,carrier_on_surface_1,1.1102230246251565e-16,1e-9,1e-8,zero
cone,carrier_on_surface_2,0e0,1e-9,1e-8,zero
cone,dihedral_arm,1e0,1e-9,1e-8,positive
cone,dihedral_wedge,7.071067811865476e-1,1e-9,1e-8,positive
cone,carrier_on_surface_1,0e0,1e-9,1e-8,zero
cone,carrier_on_surface_2,0e0,1e-9,1e-8,zero
cone,dihedral_arm,9.999999999999999e-1,1e-9,1e-8,positive
cone,dihedral_wedge,7.071067811865475e-1,1e-9,1e-8,positive
cone,carrier_on_surface_1,1.1102230246251565e-16,1e-9,1e-8,zero
cone,carrier_on_surface_2,0e0,1e-9,1e-8,zero
cone,dihedral_arm,1e0,1e-9,1e-8,positive
cone,dihedral_wedge,7.071067811865477e-1,1e-9,1e-8,positive
cone,carrier_on_surface_1,1.1102230246251565e-16,1e-9,1e-8,zero
cone,carrier_on_surface_2,0e0,1e-9,1e-8,zero
cone,dihedral_arm,1e0,1e-9,1e-8,positive
cone,dihedral_wedge,7.071067811865476e-1,1e-9,1e-8,positive
cone,carrier_on_surface_1,1.1102230246251565e-16,1e-9,1e-8,zero
cone,carrier_on_surface_2,0e0,1e-9,1e-8,zero
cone,witness_on_surface_1,1.1102230246251565e-16,1e-9,1e-8,zero
cone,witness_on_surface_2,0e0,1e-9,1e-8,zero
cone,witness_at_mid_parameter,0e0,1e-9,1e-8,zero
cone,interval_span_forward,1.4142135623730951e0,1e-9,1e-8,positive
cone,carrier_endpoint_start,0e0,1e-9,1e-8,zero
cone,carrier_endpoint_end,0e0,1e-9,1e-8,zero
cone,carrier_on_seam_surface,0e0,1e-9,1e-8,zero
cone,carrier_in_seam_halfplane,0e0,1e-9,1e-8,zero
cone,carrier_on_seam_side,0e0,1e-9,1e-8,zero
cone,carrier_on_seam_surface,1.3877787807814457e-17,1e-9,1e-8,zero
cone,carrier_in_seam_halfplane,0e0,1e-9,1e-8,zero
cone,carrier_on_seam_side,0e0,1e-9,1e-8,zero
cone,carrier_on_seam_surface,2.7755575615628914e-17,1e-9,1e-8,zero
cone,carrier_in_seam_halfplane,0e0,1e-9,1e-8,zero
cone,carrier_on_seam_side,0e0,1e-9,1e-8,zero
cone,carrier_on_seam_surface,5.551115123125783e-17,1e-9,1e-8,zero
cone,carrier_in_seam_halfplane,0e0,1e-9,1e-8,zero
cone,carrier_on_seam_side,0e0,1e-9,1e-8,zero
cone,carrier_on_seam_surface,5.551115123125783e-17,1e-9,1e-8,zero
cone,carrier_in_seam_halfplane,0e0,1e-9,1e-8,zero
cone,carrier_on_seam_side,0e0,1e-9,1e-8,zero
cone,carrier_on_seam_surface,5.551115123125783e-17,1e-9,1e-8,zero
cone,carrier_in_seam_halfplane,0e0,1e-9,1e-8,zero
cone,carrier_on_seam_side,0e0,1e-9,1e-8,zero
cone,carrier_on_seam_surface,1.1102230246251565e-16,1e-9,1e-8,zero
cone,carrier_in_seam_halfplane,0e0,1e-9,1e-8,zero
cone,carrier_on_seam_side,0e0,1e-9,1e-8,zero
cone,carrier_on_seam_surface,1.1102230246251565e-16,1e-9,1e-8,zero
cone,carrier_in_seam_halfplane,0e0,1e-9,1e-8,zero
cone,carrier_on_seam_side,0e0,1e-9,1e-8,zero
cone,carrier_on_seam_surface,1.1102230246251565e-16,1e-9,1e-8,zero
cone,carrier_in_seam_halfplane,0e0,1e-9,1e-8,zero
cone,carrier_on_seam_side,0e0,1e-9,1e-8,zero
cone,interval_span_forward,1.4142135623730951e0,1e-9,1e-8,positive
cone,carrier_endpoint_start,0e0,1e-9,1e-8,zero
cone,carrier_endpoint_end,0e0,1e-9,1e-8,zero
cone,carrier_on_seam_surface,0e0,1e-9,1e-8,zero
cone,carrier_in_seam_halfplane,0e0,1e-9,1e-8,zero
cone,carrier_on_seam_side,0e0,1e-9,1e-8,zero
cone,carrier_on_seam_surface,1.3877787807814457e-17,1e-9,1e-8,zero
cone,carrier_in_seam_halfplane,0e0,1e-9,1e-8,zero
cone,carrier_on_seam_side,0e0,1e-9,1e-8,zero
cone,carrier_on_seam_surface,2.7755575615628914e-17,1e-9,1e-8,zero
cone,carrier_in_seam_halfplane,0e0,1e-9,1e-8,zero
cone,carrier_on_seam_side,0e0,1e-9,1e-8,zero
cone,carrier_on_seam_surface,5.551115123125783e-17,1e-9,1e-8,zero
cone,carrier_in_seam_halfplane,0e0,1e-9,1e-8,zero
cone,carrier_on_seam_side,0e0,1e-9,1e-8,zero
cone,carrier_on_seam_surface,5.551115123125783e-17,1e-9,1e-8,zero
cone,carrier_in_seam_halfplane,0e0,1e-9,1e-8,zero
cone,carrier_on_seam_side,0e0,1e-9,1e-8,zero
cone,carrier_on_seam_surface,5.551115123125783e-17,1e-9,1e-8,zero
cone,carrier_in_seam_halfplane,0e0,1e-9,1e-8,zero
cone,carrier_on_seam_side,0e0,1e-9,1e-8,zero
cone,carrier_on_seam_surface,1.1102230246251565e-16,1e-9,1e-8,zero
cone,carrier_in_seam_halfplane,0e0,1e-9,1e-8,zero
cone,carrier_on_seam_side,0e0,1e-9,1e-8,zero
cone,carrier_on_seam_surface,1.1102230246251565e-16,1e-9,1e-8,zero
cone,carrier_in_seam_halfplane,0e0,1e-9,1e-8,zero
cone,carrier_on_seam_side,0e0,1e-9,1e-8,zero
cone,carrier_on_seam_surface,1.1102230246251565e-16,1e-9,1e-8,zero
cone,carrier_in_seam_halfplane,0e0,1e-9,1e-8,zero
cone,carrier_on_seam_side,0e0,1e-9,1e-8,zero
cone,interval_span_forward,1e0,1e-9,1e-8,positive
cone,carrier_endpoint_start,0e0,1e-9,1e-8,zero
cone,carrier_endpoint_end,0e0,1e-9,1e-8,zero
cone,carrier_matches_mapped_source,0e0,1e-9,1e-8,zero
cone,carrier_matches_mapped_source,0e0,1e-9,1e-8,zero
cone,carrier_matches_mapped_source,0e0,1e-9,1e-8,zero
cone,carrier_matches_mapped_source,0e0,1e-9,1e-8,zero
cone,carrier_matches_mapped_source,0e0,1e-9,1e-8,zero
cone,carrier_matches_mapped_source,0e0,1e-9,1e-8,zero
cone,carrier_matches_mapped_source,0e0,1e-9,1e-8,zero
cone,carrier_matches_mapped_source,0e0,1e-9,1e-8,zero
cone,carrier_matches_mapped_source,0e0,1e-9,1e-8,zero
cone,interval_span_forward,3.141592653589793e0,1e-9,1e-8,positive
cone,interval_span_winding,3.141592653589793e0,1e-9,1e-8,positive
cone,carrier_endpoint_start,0e0,1e-9,1e-8,zero
cone,carrier_endpoint_end,0e0,1e-9,1e-8,zero
cone,carrier_on_surface_1,1.1102230246251565e-16,1e-9,1e-8,zero
cone,carrier_on_surface_2,0e0,1e-9,1e-8,zero
cone,carrier_on_surface_1,1.1102230246251565e-16,1e-9,1e-8,zero
cone,carrier_on_surface_2,0e0,1e-9,1e-8,zero
cone,dihedral_arm,1e0,1e-9,1e-8,positive
cone,dihedral_wedge,7.071067811865477e-1,1e-9,1e-8,positive
cone,carrier_on_surface_1,1.1102230246251565e-16,1e-9,1e-8,zero
cone,carrier_on_surface_2,0e0,1e-9,1e-8,zero
cone,dihedral_arm,1e0,1e-9,1e-8,positive
cone,dihedral_wedge,7.071067811865476e-1,1e-9,1e-8,positive
cone,carrier_on_surface_1,1.1102230246251565e-16,1e-9,1e-8,zero
cone,carrier_on_surface_2,0e0,1e-9,1e-8,zero
cone,dihedral_arm,1e0,1e-9,1e-8,positive
cone,dihedral_wedge,7.071067811865476e-1,1e-9,1e-8,positive
cone,carrier_on_surface_1,1.1102230246251565e-16,1e-9,1e-8,zero
cone,carrier_on_surface_2,0e0,1e-9,1e-8,zero
cone,dihedral_arm,1e0,1e-9,1e-8,positive
cone,dihedral_wedge,7.071067811865476e-1,1e-9,1e-8,positive
cone,carrier_on_surface_1,1.1102230246251565e-16,1e-9,1e-8,zero
cone,carrier_on_surface_2,0e0,1e-9,1e-8,zero
cone,dihedral_arm,1e0,1e-9,1e-8,positive
cone,dihedral_wedge,7.071067811865476e-1,1e-9,1e-8,positive
cone,carrier_on_surface_1,1.1102230246251565e-16,1e-9,1e-8,zero
cone,carrier_on_surface_2,0e0,1e-9,1e-8,zero
cone,dihedral_arm,1e0,1e-9,1e-8,positive
cone,dihedral_wedge,7.071067811865476e-1,1e-9,1e-8,positive
cone,carrier_on_surface_1,1.1102230246251565e-16,1e-9,1e-8,zero
cone,carrier_on_surface_2,0e0,1e-9,1e-8,zero
cone,dihedral_arm,1e0,1e-9,1e-8,positive
cone,dihedral_wedge,7.071067811865476e-1,1e-9,1e-8,positive
cone,carrier_on_surface_1,1.1102230246251565e-16,1e-9,1e-8,zero
cone,carrier_on_surface_2,0e0,1e-9,1e-8,zero
cone,witness_on_surface_1,1.1102230246251565e-16,1e-9,1e-8,zero
cone,witness_on_surface_2,0e0,1e-9,1e-8,zero
cone,witness_at_mid_parameter,0e0,1e-9,1e-8,zero
cone,interval_span_forward,1.4142135623730951e0,1e-9,1e-8,positive
cone,carrier_endpoint_start,0e0,1e-9,1e-8,zero
cone,carrier_endpoint_end,0e0,1e-9,1e-8,zero
cone,carrier_matches_mapped_source,0e0,1e-9,1e-8,zero
cone,carrier_matches_mapped_source,0e0,1e-9,1e-8,zero
cone,carrier_matches_mapped_source,0e0,1e-9,1e-8,zero
cone,carrier_matches_mapped_source,6.162975822039155e-33,1e-9,1e-8,zero
cone,carrier_matches_mapped_source,0e0,1e-9,1e-8,zero
cone,carrier_matches_mapped_source,0e0,1e-9,1e-8,zero
cone,carrier_matches_mapped_source,1.232595164407831e-32,1e-9,1e-8,zero
cone,carrier_matches_mapped_source,1.5700924586837752e-16,1e-9,1e-8,zero
cone,carrier_matches_mapped_source,0e0,1e-9,1e-8,zero
cone,interval_span_forward,1e0,1e-9,1e-8,positive
cone,carrier_endpoint_start,0e0,1e-9,1e-8,zero
cone,carrier_endpoint_end,0e0,1e-9,1e-8,zero
cone,carrier_matches_mapped_source,0e0,1e-9,1e-8,zero
cone,carrier_matches_mapped_source,0e0,1e-9,1e-8,zero
cone,carrier_matches_mapped_source,0e0,1e-9,1e-8,zero
cone,carrier_matches_mapped_source,0e0,1e-9,1e-8,zero
cone,carrier_matches_mapped_source,0e0,1e-9,1e-8,zero
cone,carrier_matches_mapped_source,0e0,1e-9,1e-8,zero
cone,carrier_matches_mapped_source,6.162975822039155e-33,1e-9,1e-8,zero
cone,carrier_matches_mapped_source,3.0814879110195774e-33,1e-9,1e-8,zero
cone,carrier_matches_mapped_source,0e0,1e-9,1e-8,zero
cone,interval_span_forward,3.141592653589793e0,1e-9,1e-8,positive
cone,interval_span_winding,3.141592653589793e0,1e-9,1e-8,positive
cone,carrier_endpoint_start,0e0,1e-9,1e-8,zero
cone,carrier_endpoint_end,2.4492935982947064e-16,1e-9,1e-8,zero
cone,carrier_on_surface_1,1.1102230246251565e-16,1e-9,1e-8,zero
cone,carrier_on_surface_2,0e0,1e-9,1e-8,zero
cone,carrier_on_surface_1,0e0,1e-9,1e-8,zero
cone,carrier_on_surface_2,0e0,1e-9,1e-8,zero
cone,dihedral_arm,9.999999999999999e-1,1e-9,1e-8,positive
cone,dihedral_wedge,7.071067811865475e-1,1e-9,1e-8,positive
cone,carrier_on_surface_1,1.1102230246251565e-16,1e-9,1e-8,zero
cone,carrier_on_surface_2,0e0,1e-9,1e-8,zero
cone,dihedral_arm,1e0,1e-9,1e-8,positive
cone,dihedral_wedge,7.071067811865477e-1,1e-9,1e-8,positive
cone,carrier_on_surface_1,1.1102230246251565e-16,1e-9,1e-8,zero
cone,carrier_on_surface_2,0e0,1e-9,1e-8,zero
cone,dihedral_arm,1e0,1e-9,1e-8,positive
cone,dihedral_wedge,7.071067811865476e-1,1e-9,1e-8,positive
cone,carrier_on_surface_1,1.1102230246251565e-16,1e-9,1e-8,zero
cone,carrier_on_surface_2,0e0,1e-9,1e-8,zero
cone,dihedral_arm,1e0,1e-9,1e-8,positive
cone,dihedral_wedge,7.071067811865476e-1,1e-9,1e-8,positive
cone,carrier_on_surface_1,0e0,1e-9,1e-8,zero
cone,carrier_on_surface_2,0e0,1e-9,1e-8,zero
cone,dihedral_arm,9.999999999999999e-1,1e-9,1e-8,positive
cone,dihedral_wedge,7.071067811865475e-1,1e-9,1e-8,positive
cone,carrier_on_surface_1,1.1102230246251565e-16,1e-9,1e-8,zero
cone,carrier_on_surface_2,0e0,1e-9,1e-8,zero
cone,dihedral_arm,1e0,1e-9,1e-8,positive
cone,dihedral_wedge,7.071067811865477e-1,1e-9,1e-8,positive
cone,carrier_on_surface_1,1.1102230246251565e-16,1e-9,1e-8,zero
cone,carrier_on_surface_2,0e0,1e-9,1e-8,zero
cone,dihedral_arm,1e0,1e-9,1e-8,positive
cone,dihedral_wedge,7.071067811865476e-1,1e-9,1e-8,positive
cone,carrier_on_surface_1,1.1102230246251565e-16,1e-9,1e-8,zero
cone,carrier_on_surface_2,0e0,1e-9,1e-8,zero
cone,witness_on_surface_1,1.1102230246251565e-16,1e-9,1e-8,zero
cone,witness_on_surface_2,0e0,1e-9,1e-8,zero
cone,witness_at_mid_parameter,0e0,1e-9,1e-8,zero
cone,planar_face_residual,0e0,1e-9,1e-8,zero
cone,planar_face_residual,0e0,1e-9,1e-8,zero
cone,planar_face_residual,0e0,1e-9,1e-8,zero
cone,planar_face_residual,0e0,1e-9,1e-8,zero
cone,planar_face_residual,0e0,1e-9,1e-8,zero
cone,planar_face_residual,0e0,1e-9,1e-8,zero
cone,dihedral_arm,1.25e-1,1e-9,1e-8,positive
cone,dihedral_wedge,0e0,1e-9,1e-8,zero
cone,dihedral_arm,2.5e-1,1e-9,1e-8,positive
cone,dihedral_wedge,0e0,1e-9,1e-8,zero
cone,dihedral_arm,3.75e-1,1e-9,1e-8,positive
cone,dihedral_wedge,0e0,1e-9,1e-8,zero
cone,dihedral_arm,5e-1,1e-9,1e-8,positive
cone,dihedral_wedge,0e0,1e-9,1e-8,zero
cone,dihedral_arm,6.25e-1,1e-9,1e-8,positive
cone,dihedral_wedge,0e0,1e-9,1e-8,zero
cone,dihedral_arm,7.5e-1,1e-9,1e-8,positive
cone,dihedral_wedge,0e0,1e-9,1e-8,zero
cone,dihedral_arm,8.749999999999999e-1,1e-9,1e-8,positive
cone,dihedral_wedge,0e0,1e-9,1e-8,zero
cone,dihedral_arm,1e0,1e-9,1e-8,positive
cone,dihedral_wedge,0e0,1e-9,1e-8,zero
cone,dihedral_arm,1e0,1e-9,1e-8,positive
cone,dihedral_wedge,0e0,1e-9,1e-8,zero
cone,dihedral_arm,1e0,1e-9,1e-8,positive
cone,dihedral_wedge,0e0,1e-9,1e-8,zero
cone,dihedral_arm,1e0,1e-9,1e-8,positive
cone,dihedral_wedge,0e0,1e-9,1e-8,zero
cone,dihedral_arm,1e0,1e-9,1e-8,positive
cone,dihedral_wedge,0e0,1e-9,1e-8,zero
cone,dihedral_arm,1e0,1e-9,1e-8,positive
cone,dihedral_wedge,0e0,1e-9,1e-8,zero
cone,dihedral_arm,1e0,1e-9,1e-8,positive
cone,dihedral_wedge,0e0,1e-9,1e-8,zero
cone,planar_boundary_residual,0e0,1e-9,1e-8,zero
cone,planar_boundary_residual,0e0,1e-9,1e-8,zero
cone,planar_boundary_residual,0e0,1e-9,1e-8,zero
cone,planar_boundary_residual,0e0,1e-9,1e-8,zero
cone,planar_boundary_residual,0e0,1e-9,1e-8,zero
cone,planar_boundary_residual,0e0,1e-9,1e-8,zero
cone,planar_boundary_residual,0e0,1e-9,1e-8,zero
cone,planar_boundary_residual,0e0,1e-9,1e-8,zero
cone,planar_boundary_residual,0e0,1e-9,1e-8,zero
cone,planar_boundary_residual,0e0,1e-9,1e-8,zero
cone,planar_boundary_residual,0e0,1e-9,1e-8,zero
cone,planar_boundary_residual,0e0,1e-9,1e-8,zero
cone,planar_boundary_residual,0e0,1e-9,1e-8,zero
cone,planar_boundary_residual,0e0,1e-9,1e-8,zero
cone,dihedral_arm,1e0,1e-9,1e-8,positive
cone,dihedral_wedge,7.071067811865477e-1,1e-9,1e-8,positive
cone,dihedral_arm,1e0,1e-9,1e-8,positive
cone,dihedral_wedge,7.071067811865476e-1,1e-9,1e-8,positive
cone,dihedral_arm,1e0,1e-9,1e-8,positive
cone,dihedral_wedge,7.071067811865476e-1,1e-9,1e-8,positive
cone,dihedral_arm,1e0,1e-9,1e-8,positive
cone,dihedral_wedge,7.071067811865476e-1,1e-9,1e-8,positive
cone,dihedral_arm,1e0,1e-9,1e-8,positive
cone,dihedral_wedge,7.071067811865476e-1,1e-9,1e-8,positive
cone,dihedral_arm,1e0,1e-9,1e-8,positive
cone,dihedral_wedge,7.071067811865476e-1,1e-9,1e-8,positive
cone,dihedral_arm,1e0,1e-9,1e-8,positive
cone,dihedral_wedge,7.071067811865476e-1,1e-9,1e-8,positive
cone,planar_boundary_residual,0e0,1e-9,1e-8,zero
cone,planar_boundary_residual,0e0,1e-9,1e-8,zero
cone,planar_boundary_residual,0e0,1e-9,1e-8,zero
cone,planar_boundary_residual,0e0,1e-9,1e-8,zero
cone,planar_boundary_residual,0e0,1e-9,1e-8,zero
cone,planar_boundary_residual,0e0,1e-9,1e-8,zero
cone,planar_boundary_residual,0e0,1e-9,1e-8,zero
cone,dihedral_arm,1.25e-1,1e-9,1e-8,positive
cone,dihedral_wedge,0e0,1e-9,1e-8,zero
cone,dihedral_arm,2.5e-1,1e-9,1e-8,positive
cone,dihedral_wedge,0e0,1e-9,1e-8,zero
cone,dihedral_arm,3.75e-1,1e-9,1e-8,positive
cone,dihedral_wedge,0e0,1e-9,1e-8,zero
cone,dihedral_arm,5e-1,1e-9,1e-8,positive
cone,dihedral_wedge,0e0,1e-9,1e-8,zero
cone,dihedral_arm,6.25e-1,1e-9,1e-8,positive
cone,dihedral_wedge,0e0,1e-9,1e-8,zero
cone,dihedral_arm,7.5e-1,1e-9,1e-8,positive
cone,dihedral_wedge,0e0,1e-9,1e-8,zero
cone,dihedral_arm,8.749999999999999e-1,1e-9,1e-8,positive
cone,dihedral_wedge,0e0,1e-9,1e-8,zero
cone,dihedral_arm,1e0,1e-9,1e-8,positive
cone,dihedral_wedge,0e0,1e-9,1e-8,zero
cone,dihedral_arm,1e0,1e-9,1e-8,positive
cone,dihedral_wedge,0e0,1e-9,1e-8,zero
cone,dihedral_arm,1e0,1e-9,1e-8,positive
cone,dihedral_wedge,0e0,1e-9,1e-8,zero
cone,dihedral_arm,1e0,1e-9,1e-8,positive
cone,dihedral_wedge,0e0,1e-9,1e-8,zero
cone,dihedral_arm,1e0,1e-9,1e-8,positive
cone,dihedral_wedge,0e0,1e-9,1e-8,zero
cone,dihedral_arm,1e0,1e-9,1e-8,positive
cone,dihedral_wedge,0e0,1e-9,1e-8,zero
cone,dihedral_arm,1e0,1e-9,1e-8,positive
cone,dihedral_wedge,0e0,1e-9,1e-8,zero
cone,planar_boundary_residual,0e0,1e-9,1e-8,zero
cone,planar_boundary_residual,0e0,1e-9,1e-8,zero
cone,planar_boundary_residual,0e0,1e-9,1e-8,zero
cone,planar_boundary_residual,0e0,1e-9,1e-8,zero
cone,planar_boundary_residual,0e0,1e-9,1e-8,zero
cone,planar_boundary_residual,0e0,1e-9,1e-8,zero
cone,planar_boundary_residual,0e0,1e-9,1e-8,zero
cone,planar_boundary_residual,0e0,1e-9,1e-8,zero
cone,planar_boundary_residual,0e0,1e-9,1e-8,zero
cone,planar_boundary_residual,0e0,1e-9,1e-8,zero
cone,planar_boundary_residual,0e0,1e-9,1e-8,zero
cone,planar_boundary_residual,0e0,1e-9,1e-8,zero
cone,planar_boundary_residual,0e0,1e-9,1e-8,zero
cone,planar_boundary_residual,0e0,1e-9,1e-8,zero
cone,dihedral_arm,9.999999999999999e-1,1e-9,1e-8,positive
cone,dihedral_wedge,7.071067811865475e-1,1e-9,1e-8,positive
cone,dihedral_arm,1e0,1e-9,1e-8,positive
cone,dihedral_wedge,7.071067811865477e-1,1e-9,1e-8,positive
cone,dihedral_arm,1e0,1e-9,1e-8,positive
cone,dihedral_wedge,7.071067811865476e-1,1e-9,1e-8,positive
cone,dihedral_arm,1e0,1e-9,1e-8,positive
cone,dihedral_wedge,7.071067811865476e-1,1e-9,1e-8,positive
cone,dihedral_arm,9.999999999999999e-1,1e-9,1e-8,positive
cone,dihedral_wedge,7.071067811865475e-1,1e-9,1e-8,positive
cone,dihedral_arm,1e0,1e-9,1e-8,positive
cone,dihedral_wedge,7.071067811865477e-1,1e-9,1e-8,positive
cone,dihedral_arm,1e0,1e-9,1e-8,positive
cone,dihedral_wedge,7.071067811865476e-1,1e-9,1e-8,positive
cone,planar_boundary_residual,0e0,1e-9,1e-8,zero
cone,planar_boundary_residual,0e0,1e-9,1e-8,zero
cone,planar_boundary_residual,0e0,1e-9,1e-8,zero
cone,planar_boundary_residual,0e0,1e-9,1e-8,zero
cone,planar_boundary_residual,0e0,1e-9,1e-8,zero
cone,planar_boundary_residual,0e0,1e-9,1e-8,zero
cone,planar_boundary_residual,0e0,1e-9,1e-8,zero
cone,props_circle_axis_class,1e0,1e-9,1e-8,positive
cone,props_rim_fit,2.220446049250313e-16,1e-9,1e-8,zero
cone,props_meridian_generator,-1.5700924586837752e-16,1e-9,1e-8,zero
cone,props_meridian_generator,-1.5700924586837752e-16,1e-9,1e-8,zero
cone,props_face_extent,1.414213562373095e0,1e-9,1e-8,positive
cone,props_cone_nappe,-1.414213562373095e0,1e-9,1e-8,negative
cone,props_cone_nappe,0e0,1e-9,1e-8,zero
cone,props_meridian_generator,-1.5700924586837752e-16,1e-9,1e-8,zero
cone,props_meridian_generator,-1.5700924586837752e-16,1e-9,1e-8,zero
cone,props_circle_axis_class,1e0,1e-9,1e-8,positive
cone,props_rim_fit,2.220446049250313e-16,1e-9,1e-8,zero
cone,props_face_extent,1.414213562373095e0,1e-9,1e-8,positive
cone,props_cone_nappe,-1.414213562373095e0,1e-9,1e-8,negative
cone,props_cone_nappe,0e0,1e-9,1e-8,zero
cone,positive_volume,1.3807118745769836e-1,1e-9,1e-8,positive
cone,props_circle_axis_class,1e0,1e-9,1e-8,positive
cone,props_rim_fit,2.220446049250313e-16,1e-9,1e-8,zero
cone,props_meridian_generator,-1.5700924586837752e-16,1e-9,1e-8,zero
cone,props_meridian_generator,-1.5700924586837752e-16,1e-9,1e-8,zero
cone,props_face_extent,1.414213562373095e0,1e-9,1e-8,positive
cone,props_cone_nappe,-1.414213562373095e0,1e-9,1e-8,negative
cone,props_cone_nappe,0e0,1e-9,1e-8,zero
cone,props_meridian_generator,-1.5700924586837752e-16,1e-9,1e-8,zero
cone,props_meridian_generator,-1.5700924586837752e-16,1e-9,1e-8,zero
cone,props_circle_axis_class,1e0,1e-9,1e-8,positive
cone,props_rim_fit,2.220446049250313e-16,1e-9,1e-8,zero
cone,props_face_extent,1.414213562373095e0,1e-9,1e-8,positive
cone,props_cone_nappe,-1.414213562373095e0,1e-9,1e-8,negative
cone,props_cone_nappe,0e0,1e-9,1e-8,zero
washer,vertex_separation,1e0,1e-9,1e-8,positive
washer,segment_straightness,0e0,1e-9,1e-8,zero
washer,vertex_separation,1e0,1e-9,1e-8,positive
washer,segment_straightness,0e0,1e-9,1e-8,zero
washer,vertex_separation,1e0,1e-9,1e-8,positive
washer,segment_straightness,0e0,1e-9,1e-8,zero
washer,vertex_separation,1e0,1e-9,1e-8,positive
washer,segment_straightness,0e0,1e-9,1e-8,zero
washer,chord_side,0e0,1e-9,1e-8,zero
washer,chord_side,1e0,1e-9,1e-8,positive
washer,chord_side,1e0,1e-9,1e-8,positive
washer,chord_side,0e0,1e-9,1e-8,zero
washer,line_span,0e0,1e-9,1e-8,zero
washer,line_span,0e0,1e-9,1e-8,zero
washer,contact_at_shared_vertex,0e0,1e-9,1e-8,zero
washer,contact_at_shared_vertex,0e0,1e-9,1e-8,zero
washer,chord_side,1e0,1e-9,1e-8,positive
washer,chord_side,1e0,1e-9,1e-8,positive
washer,chord_side,1e0,1e-9,1e-8,positive
washer,chord_side,1e0,1e-9,1e-8,positive
washer,chord_side,1e0,1e-9,1e-8,positive
washer,chord_side,0e0,1e-9,1e-8,zero
washer,chord_side,0e0,1e-9,1e-8,zero
washer,chord_side,1e0,1e-9,1e-8,positive
washer,line_span,0e0,1e-9,1e-8,zero
washer,line_span,0e0,1e-9,1e-8,zero
washer,contact_at_shared_vertex,0e0,1e-9,1e-8,zero
washer,contact_at_shared_vertex,0e0,1e-9,1e-8,zero
washer,chord_side,0e0,1e-9,1e-8,zero
washer,chord_side,1e0,1e-9,1e-8,positive
washer,chord_side,1e0,1e-9,1e-8,positive
washer,chord_side,-0e0,1e-9,1e-8,zero
washer,line_span,0e0,1e-9,1e-8,zero
washer,line_span,0e0,1e-9,1e-8,zero
washer,contact_at_shared_vertex,0e0,1e-9,1e-8,zero
washer,contact_at_shared_vertex,0e0,1e-9,1e-8,zero
washer,chord_side,1e0,1e-9,1e-8,positive
washer,chord_side,1e0,1e-9,1e-8,positive
washer,chord_side,1e0,1e-9,1e-8,positive
washer,chord_side,1e0,1e-9,1e-8,positive
washer,chord_side,0e0,1e-9,1e-8,zero
washer,chord_side,1e0,1e-9,1e-8,positive
washer,chord_side,1e0,1e-9,1e-8,positive
washer,chord_side,0e0,1e-9,1e-8,zero
washer,line_span,0e0,1e-9,1e-8,zero
washer,line_span,0e0,1e-9,1e-8,zero
washer,contact_at_shared_vertex,0e0,1e-9,1e-8,zero
washer,contact_at_shared_vertex,0e0,1e-9,1e-8,zero
washer,canonical_order_x,1e0,5e-324,1e-323,positive
washer,canonical_order_x,1e0,5e-324,1e-323,positive
washer,canonical_order_x,0e0,5e-324,1e-323,zero
washer,canonical_order_y,1e0,5e-324,1e-323,positive
washer,loop_orientation,5e-1,1e-9,1e-8,positive
washer,canonical_order_x,1e0,5e-324,1e-323,positive
washer,canonical_order_x,1e0,5e-324,1e-323,positive
washer,canonical_order_x,0e0,5e-324,1e-323,zero
washer,canonical_order_y,1e0,5e-324,1e-323,positive
washer,vertex_separation,1e0,1e-9,1e-8,positive
washer,segment_straightness,0e0,1e-9,1e-8,zero
washer,vertex_separation,1e0,1e-9,1e-8,positive
washer,segment_straightness,0e0,1e-9,1e-8,zero
washer,vertex_separation,1e0,1e-9,1e-8,positive
washer,segment_straightness,0e0,1e-9,1e-8,zero
washer,vertex_separation,1e0,1e-9,1e-8,positive
washer,segment_straightness,0e0,1e-9,1e-8,zero
washer,revolve_axis_direction,1e0,1e-9,1e-8,positive
washer,axis_vertex_radius,1e0,1e-9,1e-8,positive
washer,axis_vertex_radius,1e0,1e-9,1e-8,positive
washer,axis_vertex_radius,2e0,1e-9,1e-8,positive
washer,axis_vertex_radius,2e0,1e-9,1e-8,positive
washer,axis_line_radial,0e0,1e-9,1e-8,zero
washer,axis_line_radial,1e0,1e-9,1e-8,positive
washer,axis_line_axial,0e0,1e-9,1e-8,zero
washer,axis_line_radial,0e0,1e-9,1e-8,zero
washer,axis_line_radial,-1e0,1e-9,1e-8,negative
washer,axis_line_axial,0e0,1e-9,1e-8,zero
washer,interval_span_forward,1e0,1e-9,1e-8,positive
washer,carrier_endpoint_start,0e0,1e-9,1e-8,zero
washer,carrier_endpoint_end,0e0,1e-9,1e-8,zero
washer,carrier_matches_mapped_source,0e0,1e-9,1e-8,zero
washer,carrier_matches_mapped_source,0e0,1e-9,1e-8,zero
washer,carrier_matches_mapped_source,0e0,1e-9,1e-8,zero
washer,carrier_matches_mapped_source,0e0,1e-9,1e-8,zero
washer,carrier_matches_mapped_source,0e0,1e-9,1e-8,zero
washer,carrier_matches_mapped_source,0e0,1e-9,1e-8,zero
washer,carrier_matches_mapped_source,0e0,1e-9,1e-8,zero
washer,carrier_matches_mapped_source,0e0,1e-9,1e-8,zero
washer,carrier_matches_mapped_source,0e0,1e-9,1e-8,zero
washer,interval_span_forward,1e0,1e-9,1e-8,positive
washer,carrier_endpoint_start,0e0,1e-9,1e-8,zero
washer,carrier_endpoint_end,0e0,1e-9,1e-8,zero
washer,carrier_matches_mapped_source,0e0,1e-9,1e-8,zero
washer,carrier_matches_mapped_source,0e0,1e-9,1e-8,zero
washer,carrier_matches_mapped_source,0e0,1e-9,1e-8,zero
washer,carrier_matches_mapped_source,0e0,1e-9,1e-8,zero
washer,carrier_matches_mapped_source,0e0,1e-9,1e-8,zero
washer,carrier_matches_mapped_source,0e0,1e-9,1e-8,zero
washer,carrier_matches_mapped_source,0e0,1e-9,1e-8,zero
washer,carrier_matches_mapped_source,0e0,1e-9,1e-8,zero
washer,carrier_matches_mapped_source,0e0,1e-9,1e-8,zero
washer,interval_span_forward,1e0,1e-9,1e-8,positive
washer,carrier_endpoint_start,0e0,1e-9,1e-8,zero
washer,carrier_endpoint_end,0e0,1e-9,1e-8,zero
washer,carrier_matches_mapped_source,0e0,1e-9,1e-8,zero
washer,carrier_matches_mapped_source,0e0,1e-9,1e-8,zero
washer,carrier_matches_mapped_source,0e0,1e-9,1e-8,zero
washer,carrier_matches_mapped_source,0e0,1e-9,1e-8,zero
washer,carrier_matches_mapped_source,0e0,1e-9,1e-8,zero
washer,carrier_matches_mapped_source,0e0,1e-9,1e-8,zero
washer,carrier_matches_mapped_source,0e0,1e-9,1e-8,zero
washer,carrier_matches_mapped_source,0e0,1e-9,1e-8,zero
washer,carrier_matches_mapped_source,0e0,1e-9,1e-8,zero
washer,interval_span_forward,1e0,1e-9,1e-8,positive
washer,carrier_endpoint_start,0e0,1e-9,1e-8,zero
washer,carrier_endpoint_end,0e0,1e-9,1e-8,zero
washer,carrier_matches_mapped_source,0e0,1e-9,1e-8,zero
washer,carrier_matches_mapped_source,0e0,1e-9,1e-8,zero
washer,carrier_matches_mapped_source,0e0,1e-9,1e-8,zero
washer,carrier_matches_mapped_source,0e0,1e-9,1e-8,zero
washer,carrier_matches_mapped_source,0e0,1e-9,1e-8,zero
washer,carrier_matches_mapped_source,0e0,1e-9,1e-8,zero
washer,carrier_matches_mapped_source,0e0,1e-9,1e-8,zero
washer,carrier_matches_mapped_source,0e0,1e-9,1e-8,zero
washer,carrier_matches_mapped_source,0e0,1e-9,1e-8,zero
washer,wall_lines_cosurface,-1e0,1e-9,1e-8,negative
washer,wall_lines_cosurface,-1e0,1e-9,1e-8,negative
washer,wall_lines_cosurface,-1e0,1e-9,1e-8,negative
washer,wall_lines_cosurface,-1e0,1e-9,1e-8,negative
washer,interval_span_forward,6.283185307179586e0,1e-9,1e-8,positive
washer,interval_span_winding,0e0,1e-9,1e-8,zero
washer,carrier_endpoint_start,0e0,1e-9,1e-8,zero
washer,carrier_endpoint_end,2.4492935982947064e-16,1e-9,1e-8,zero
washer,carrier_matches_mapped_source,0e0,1e-9,1e-8,zero
washer,carrier_matches_mapped_source,0e0,1e-9,1e-8,zero
washer,carrier_matches_mapped_source,0e0,1e-9,1e-8,zero
washer,carrier_matches_mapped_source,0e0,1e-9,1e-8,zero
washer,carrier_matches_mapped_source,0e0,1e-9,1e-8,zero
washer,carrier_matches_mapped_source,0e0,1e-9,1e-8,zero
washer,carrier_matches_mapped_source,0e0,1e-9,1e-8,zero
washer,carrier_matches_mapped_source,0e0,1e-9,1e-8,zero
washer,carrier_matches_mapped_source,0e0,1e-9,1e-8,zero
washer,interval_span_forward,6.283185307179586e0,1e-9,1e-8,positive
washer,interval_span_winding,0e0,1e-9,1e-8,zero
washer,carrier_endpoint_start,0e0,1e-9,1e-8,zero
washer,carrier_endpoint_end,2.4492935982947064e-16,1e-9,1e-8,zero
washer,carrier_matches_mapped_source,0e0,1e-9,1e-8,zero
washer,carrier_matches_mapped_source,0e0,1e-9,1e-8,zero
washer,carrier_matches_mapped_source,0e0,1e-9,1e-8,zero
washer,carrier_matches_mapped_source,0e0,1e-9,1e-8,zero
washer,carrier_matches_mapped_source,0e0,1e-9,1e-8,zero
washer,carrier_matches_mapped_source,0e0,1e-9,1e-8,zero
washer,carrier_matches_mapped_source,0e0,1e-9,1e-8,zero
washer,carrier_matches_mapped_source,0e0,1e-9,1e-8,zero
washer,carrier_matches_mapped_source,0e0,1e-9,1e-8,zero
washer,interval_span_forward,1.2566370614359172e1,1e-9,1e-8,positive
washer,interval_span_winding,0e0,1e-9,1e-8,zero
washer,carrier_endpoint_start,0e0,1e-9,1e-8,zero
washer,carrier_endpoint_end,4.898587196589413e-16,1e-9,1e-8,zero
washer,carrier_matches_mapped_source,0e0,1e-9,1e-8,zero
washer,carrier_matches_mapped_source,0e0,1e-9,1e-8,zero
washer,carrier_matches_mapped_source,0e0,1e-9,1e-8,zero
washer,carrier_matches_mapped_source,0e0,1e-9,1e-8,zero
washer,carrier_matches_mapped_source,0e0,1e-9,1e-8,zero
washer,carrier_matches_mapped_source,0e0,1e-9,1e-8,zero
washer,carrier_matches_mapped_source,0e0,1e-9,1e-8,zero
washer,carrier_matches_mapped_source,0e0,1e-9,1e-8,zero
washer,carrier_matches_mapped_source,0e0,1e-9,1e-8,zero
washer,interval_span_forward,1.2566370614359172e1,1e-9,1e-8,positive
washer,interval_span_winding,0e0,1e-9,1e-8,zero
washer,carrier_endpoint_start,0e0,1e-9,1e-8,zero
washer,carrier_endpoint_end,4.898587196589413e-16,1e-9,1e-8,zero
washer,carrier_matches_mapped_source,0e0,1e-9,1e-8,zero
washer,carrier_matches_mapped_source,0e0,1e-9,1e-8,zero
washer,carrier_matches_mapped_source,0e0,1e-9,1e-8,zero
washer,carrier_matches_mapped_source,0e0,1e-9,1e-8,zero
washer,carrier_matches_mapped_source,0e0,1e-9,1e-8,zero
washer,carrier_matches_mapped_source,0e0,1e-9,1e-8,zero
washer,carrier_matches_mapped_source,0e0,1e-9,1e-8,zero
washer,carrier_matches_mapped_source,0e0,1e-9,1e-8,zero
washer,carrier_matches_mapped_source,0e0,1e-9,1e-8,zero
washer,interval_span_forward,1e0,1e-9,1e-8,positive
washer,carrier_endpoint_start,0e0,1e-9,1e-8,zero
washer,carrier_endpoint_end,0e0,1e-9,1e-8,zero
washer,carrier_matches_mapped_source,0e0,1e-9,1e-8,zero
washer,carrier_matches_mapped_source,0e0,1e-9,1e-8,zero
washer,carrier_matches_mapped_source,0e0,1e-9,1e-8,zero
washer,carrier_matches_mapped_source,0e0,1e-9,1e-8,zero
washer,carrier_matches_mapped_source,0e0,1e-9,1e-8,zero
washer,carrier_matches_mapped_source,0e0,1e-9,1e-8,zero
washer,carrier_matches_mapped_source,0e0,1e-9,1e-8,zero
washer,carrier_matches_mapped_source,0e0,1e-9,1e-8,zero
washer,carrier_matches_mapped_source,0e0,1e-9,1e-8,zero
washer,interval_span_forward,1e0,1e-9,1e-8,positive
washer,carrier_endpoint_start,0e0,1e-9,1e-8,zero
washer,carrier_endpoint_end,0e0,1e-9,1e-8,zero
washer,carrier_matches_mapped_source,0e0,1e-9,1e-8,zero
washer,carrier_matches_mapped_source,0e0,1e-9,1e-8,zero
washer,carrier_matches_mapped_source,0e0,1e-9,1e-8,zero
washer,carrier_matches_mapped_source,0e0,1e-9,1e-8,zero
washer,carrier_matches_mapped_source,0e0,1e-9,1e-8,zero
washer,carrier_matches_mapped_source,0e0,1e-9,1e-8,zero
washer,carrier_matches_mapped_source,0e0,1e-9,1e-8,zero
washer,carrier_matches_mapped_source,0e0,1e-9,1e-8,zero
washer,carrier_matches_mapped_source,0e0,1e-9,1e-8,zero
washer,interval_span_forward,1e0,1e-9,1e-8,positive
washer,carrier_endpoint_start,0e0,1e-9,1e-8,zero
washer,carrier_endpoint_end,0e0,1e-9,1e-8,zero
washer,carrier_matches_mapped_source,0e0,1e-9,1e-8,zero
washer,carrier_matches_mapped_source,0e0,1e-9,1e-8,zero
washer,carrier_matches_mapped_source,0e0,1e-9,1e-8,zero
washer,carrier_matches_mapped_source,0e0,1e-9,1e-8,zero
washer,carrier_matches_mapped_source,0e0,1e-9,1e-8,zero
washer,carrier_matches_mapped_source,0e0,1e-9,1e-8,zero
washer,carrier_matches_mapped_source,0e0,1e-9,1e-8,zero
washer,carrier_matches_mapped_source,0e0,1e-9,1e-8,zero
washer,carrier_matches_mapped_source,0e0,1e-9,1e-8,zero
washer,interval_span_forward,1e0,1e-9,1e-8,positive
washer,carrier_endpoint_start,0e0,1e-9,1e-8,zero
washer,carrier_endpoint_end,0e0,1e-9,1e-8,zero
washer,carrier_matches_mapped_source,0e0,1e-9,1e-8,zero
washer,carrier_matches_mapped_source,0e0,1e-9,1e-8,zero
washer,carrier_matches_mapped_source,0e0,1e-9,1e-8,zero
washer,carrier_matches_mapped_source,0e0,1e-9,1e-8,zero
washer,carrier_matches_mapped_source,0e0,1e-9,1e-8,zero
washer,carrier_matches_mapped_source,0e0,1e-9,1e-8,zero
washer,carrier_matches_mapped_source,0e0,1e-9,1e-8,zero
washer,carrier_matches_mapped_source,0e0,1e-9,1e-8,zero
washer,carrier_matches_mapped_source,0e0,1e-9,1e-8,zero
washer,dihedral_arm,1e0,1e-9,1e-8,positive
washer,dihedral_wedge,1e0,1e-9,1e-8,positive
washer,interval_span_forward,6.283185307179586e0,1e-9,1e-8,positive
washer,interval_span_winding,0e0,1e-9,1e-8,zero
washer,carrier_endpoint_start,0e0,1e-9,1e-8,zero
washer,carrier_endpoint_end,2.4492935982947064e-16,1e-9,1e-8,zero
washer,carrier_on_surface_1,0e0,1e-9,1e-8,zero
washer,carrier_on_surface_2,0e0,1e-9,1e-8,zero
washer,carrier_on_surface_1,0e0,1e-9,1e-8,zero
washer,carrier_on_surface_2,0e0,1e-9,1e-8,zero
washer,dihedral_arm,1e0,1e-9,1e-8,positive
washer,dihedral_wedge,1e0,1e-9,1e-8,positive
washer,carrier_on_surface_1,0e0,1e-9,1e-8,zero
washer,carrier_on_surface_2,0e0,1e-9,1e-8,zero
washer,dihedral_arm,1e0,1e-9,1e-8,positive
washer,dihedral_wedge,1e0,1e-9,1e-8,positive
washer,carrier_on_surface_1,0e0,1e-9,1e-8,zero
washer,carrier_on_surface_2,0e0,1e-9,1e-8,zero
washer,dihedral_arm,1e0,1e-9,1e-8,positive
washer,dihedral_wedge,1e0,1e-9,1e-8,positive
washer,carrier_on_surface_1,0e0,1e-9,1e-8,zero
washer,carrier_on_surface_2,0e0,1e-9,1e-8,zero
washer,dihedral_arm,1e0,1e-9,1e-8,positive
washer,dihedral_wedge,1e0,1e-9,1e-8,positive
washer,carrier_on_surface_1,0e0,1e-9,1e-8,zero
washer,carrier_on_surface_2,0e0,1e-9,1e-8,zero
washer,dihedral_arm,1e0,1e-9,1e-8,positive
washer,dihedral_wedge,1e0,1e-9,1e-8,positive
washer,carrier_on_surface_1,0e0,1e-9,1e-8,zero
washer,carrier_on_surface_2,0e0,1e-9,1e-8,zero
washer,dihedral_arm,1e0,1e-9,1e-8,positive
washer,dihedral_wedge,1e0,1e-9,1e-8,positive
washer,carrier_on_surface_1,0e0,1e-9,1e-8,zero
washer,carrier_on_surface_2,0e0,1e-9,1e-8,zero
washer,dihedral_arm,1e0,1e-9,1e-8,positive
washer,dihedral_wedge,1e0,1e-9,1e-8,positive
washer,carrier_on_surface_1,0e0,1e-9,1e-8,zero
washer,carrier_on_surface_2,0e0,1e-9,1e-8,zero
washer,witness_on_surface_1,0e0,1e-9,1e-8,zero
washer,witness_on_surface_2,0e0,1e-9,1e-8,zero
washer,witness_at_mid_parameter,0e0,1e-9,1e-8,zero
washer,dihedral_arm,1e0,1e-9,1e-8,positive
washer,dihedral_wedge,1e0,1e-9,1e-8,positive
washer,interval_span_forward,6.283185307179586e0,1e-9,1e-8,positive
washer,interval_span_winding,0e0,1e-9,1e-8,zero
washer,carrier_endpoint_start,0e0,1e-9,1e-8,zero
washer,carrier_endpoint_end,2.4492935982947064e-16,1e-9,1e-8,zero
washer,carrier_on_surface_1,0e0,1e-9,1e-8,zero
washer,carrier_on_surface_2,0e0,1e-9,1e-8,zero
washer,carrier_on_surface_1,0e0,1e-9,1e-8,zero
washer,carrier_on_surface_2,0e0,1e-9,1e-8,zero
washer,dihedral_arm,1e0,1e-9,1e-8,positive
washer,dihedral_wedge,1e0,1e-9,1e-8,positive
washer,carrier_on_surface_1,0e0,1e-9,1e-8,zero
washer,carrier_on_surface_2,0e0,1e-9,1e-8,zero
washer,dihedral_arm,1e0,1e-9,1e-8,positive
washer,dihedral_wedge,1e0,1e-9,1e-8,positive
washer,carrier_on_surface_1,0e0,1e-9,1e-8,zero
washer,carrier_on_surface_2,0e0,1e-9,1e-8,zero
washer,dihedral_arm,1e0,1e-9,1e-8,positive
washer,dihedral_wedge,1e0,1e-9,1e-8,positive
washer,carrier_on_surface_1,0e0,1e-9,1e-8,zero
washer,carrier_on_surface_2,0e0,1e-9,1e-8,zero
washer,dihedral_arm,1e0,1e-9,1e-8,positive
washer,dihedral_wedge,1e0,1e-9,1e-8,positive
washer,carrier_on_surface_1,0e0,1e-9,1e-8,zero
washer,carrier_on_surface_2,0e0,1e-9,1e-8,zero
washer,dihedral_arm,1e0,1e-9,1e-8,positive
washer,dihedral_wedge,1e0,1e-9,1e-8,positive
washer,carrier_on_surface_1,0e0,1e-9,1e-8,zero
washer,carrier_on_surface_2,0e0,1e-9,1e-8,zero
washer,dihedral_arm,1e0,1e-9,1e-8,positive
washer,dihedral_wedge,1e0,1e-9,1e-8,positive
washer,carrier_on_surface_1,0e0,1e-9,1e-8,zero
washer,carrier_on_surface_2,0e0,1e-9,1e-8,zero
washer,dihedral_arm,1e0,1e-9,1e-8,positive
washer,dihedral_wedge,1e0,1e-9,1e-8,positive
washer,carrier_on_surface_1,0e0,1e-9,1e-8,zero
washer,carrier_on_surface_2,0e0,1e-9,1e-8,zero
washer,witness_on_surface_1,0e0,1e-9,1e-8,zero
washer,witness_on_surface_2,0e0,1e-9,1e-8,zero
washer,witness_at_mid_parameter,0e0,1e-9,1e-8,zero
washer,dihedral_arm,2e0,1e-9,1e-8,positive
washer,dihedral_wedge,2e0,1e-9,1e-8,positive
washer,interval_span_forward,1.2566370614359172e1,1e-9,1e-8,positive
washer,interval_span_winding,0e0,1e-9,1e-8,zero
washer,carrier_endpoint_start,0e0,1e-9,1e-8,zero
washer,carrier_endpoint_end,4.898587196589413e-16,1e-9,1e-8,zero
washer,carrier_on_surface_1,0e0,1e-9,1e-8,zero
washer,carrier_on_surface_2,0e0,1e-9,1e-8,zero
washer,carrier_on_surface_1,0e0,1e-9,1e-8,zero
washer,carrier_on_surface_2,0e0,1e-9,1e-8,zero
washer,dihedral_arm,2e0,1e-9,1e-8,positive
washer,dihedral_wedge,2e0,1e-9,1e-8,positive
washer,carrier_on_surface_1,0e0,1e-9,1e-8,zero
washer,carrier_on_surface_2,0e0,1e-9,1e-8,zero
washer,dihedral_arm,2e0,1e-9,1e-8,positive
washer,dihedral_wedge,2e0,1e-9,1e-8,positive
washer,carrier_on_surface_1,0e0,1e-9,1e-8,zero
washer,carrier_on_surface_2,0e0,1e-9,1e-8,zero
washer,dihedral_arm,2e0,1e-9,1e-8,positive
washer,dihedral_wedge,2e0,1e-9,1e-8,positive
washer,carrier_on_surface_1,0e0,1e-9,1e-8,zero
washer,carrier_on_surface_2,0e0,1e-9,1e-8,zero
washer,dihedral_arm,2e0,1e-9,1e-8,positive
washer,dihedral_wedge,2e0,1e-9,1e-8,positive
washer,carrier_on_surface_1,0e0,1e-9,1e-8,zero
washer,carrier_on_surface_2,0e0,1e-9,1e-8,zero
washer,dihedral_arm,2e0,1e-9,1e-8,positive
washer,dihedral_wedge,2e0,1e-9,1e-8,positive
washer,carrier_on_surface_1,0e0,1e-9,1e-8,zero
washer,carrier_on_surface_2,0e0,1e-9,1e-8,zero
washer,dihedral_arm,2e0,1e-9,1e-8,positive
washer,dihedral_wedge,2e0,1e-9,1e-8,positive
washer,carrier_on_surface_1,0e0,1e-9,1e-8,zero
washer,carrier_on_surface_2,0e0,1e-9,1e-8,zero
washer,dihedral_arm,2e0,1e-9,1e-8,positive
washer,dihedral_wedge,2e0,1e-9,1e-8,positive
washer,carrier_on_surface_1,0e0,1e-9,1e-8,zero
washer,carrier_on_surface_2,0e0,1e-9,1e-8,zero
washer,witness_on_surface_1,0e0,1e-9,1e-8,zero
washer,witness_on_surface_2,0e0,1e-9,1e-8,zero
washer,witness_at_mid_parameter,0e0,1e-9,1e-8,zero
washer,dihedral_arm,2e0,1e-9,1e-8,positive
washer,dihedral_wedge,2e0,1e-9,1e-8,positive
washer,interval_span_forward,1.2566370614359172e1,1e-9,1e-8,positive
washer,interval_span_winding,0e0,1e-9,1e-8,zero
washer,carrier_endpoint_start,0e0,1e-9,1e-8,zero
washer,carrier_endpoint_end,4.898587196589413e-16,1e-9,1e-8,zero
washer,carrier_on_surface_1,0e0,1e-9,1e-8,zero
washer,carrier_on_surface_2,0e0,1e-9,1e-8,zero
washer,carrier_on_surface_1,0e0,1e-9,1e-8,zero
washer,carrier_on_surface_2,0e0,1e-9,1e-8,zero
washer,dihedral_arm,2e0,1e-9,1e-8,positive
washer,dihedral_wedge,2e0,1e-9,1e-8,positive
washer,carrier_on_surface_1,0e0,1e-9,1e-8,zero
washer,carrier_on_surface_2,0e0,1e-9,1e-8,zero
washer,dihedral_arm,2e0,1e-9,1e-8,positive
washer,dihedral_wedge,2e0,1e-9,1e-8,positive
washer,carrier_on_surface_1,0e0,1e-9,1e-8,zero
washer,carrier_on_surface_2,0e0,1e-9,1e-8,zero
washer,dihedral_arm,2e0,1e-9,1e-8,positive
washer,dihedral_wedge,2e0,1e-9,1e-8,positive
washer,carrier_on_surface_1,0e0,1e-9,1e-8,zero
washer,carrier_on_surface_2,0e0,1e-9,1e-8,zero
washer,dihedral_arm,2e0,1e-9,1e-8,positive
washer,dihedral_wedge,2e0,1e-9,1e-8,positive
washer,carrier_on_surface_1,0e0,1e-9,1e-8,zero
washer,carrier_on_surface_2,0e0,1e-9,1e-8,zero
washer,dihedral_arm,2e0,1e-9,1e-8,positive
washer,dihedral_wedge,2e0,1e-9,1e-8,positive
washer,carrier_on_surface_1,0e0,1e-9,1e-8,zero
washer,carrier_on_surface_2,0e0,1e-9,1e-8,zero
washer,dihedral_arm,2e0,1e-9,1e-8,positive
washer,dihedral_wedge,2e0,1e-9,1e-8,positive
washer,carrier_on_surface_1,0e0,1e-9,1e-8,zero
washer,carrier_on_surface_2,0e0,1e-9,1e-8,zero
washer,dihedral_arm,2e0,1e-9,1e-8,positive
washer,dihedral_wedge,2e0,1e-9,1e-8,positive
washer,carrier_on_surface_1,0e0,1e-9,1e-8,zero
washer,carrier_on_surface_2,0e0,1e-9,1e-8,zero
washer,witness_on_surface_1,0e0,1e-9,1e-8,zero
washer,witness_on_surface_2,0e0,1e-9,1e-8,zero
washer,witness_at_mid_parameter,0e0,1e-9,1e-8,zero
washer,interval_span_forward,6.283185307179586e0,1e-9,1e-8,positive
washer,interval_span_winding,0e0,1e-9,1e-8,zero
washer,carrier_endpoint_start,0e0,1e-9,1e-8,zero
washer,carrier_endpoint_end,2.4492935982947064e-16,1e-9,1e-8,zero
washer,carrier_matches_mapped_source,0e0,1e-9,1e-8,zero
washer,carrier_matches_mapped_source,0e0,1e-9,1e-8,zero
washer,carrier_matches_mapped_source,2.220446049250313e-16,1e-9,1e-8,zero
washer,carrier_matches_mapped_source,0e0,1e-9,1e-8,zero
washer,carrier_matches_mapped_source,0e0,1e-9,1e-8,zero
washer,carrier_matches_mapped_source,0e0,1e-9,1e-8,zero
washer,carrier_matches_mapped_source,4.440892098500626e-16,1e-9,1e-8,zero
washer,carrier_matches_mapped_source,0e0,1e-9,1e-8,zero
washer,carrier_matches_mapped_source,0e0,1e-9,1e-8,zero
washer,interval_span_forward,6.283185307179586e0,1e-9,1e-8,positive
washer,interval_span_winding,0e0,1e-9,1e-8,zero
washer,carrier_endpoint_start,0e0,1e-9,1e-8,zero
washer,carrier_endpoint_end,2.220446049250313e-16,1e-9,1e-8,zero
washer,carrier_matches_mapped_source,0e0,1e-9,1e-8,zero
washer,carrier_matches_mapped_source,0e0,1e-9,1e-8,zero
washer,carrier_matches_mapped_source,0e0,1e-9,1e-8,zero
washer,carrier_matches_mapped_source,4.440892098500626e-16,1e-9,1e-8,zero
washer,carrier_matches_mapped_source,0e0,1e-9,1e-8,zero
washer,carrier_matches_mapped_source,2.220446049250313e-16,1e-9,1e-8,zero
washer,carrier_matches_mapped_source,2.220446049250313e-16,1e-9,1e-8,zero
washer,carrier_matches_mapped_source,2.220446049250313e-16,1e-9,1e-8,zero
washer,carrier_matches_mapped_source,2.220446049250313e-16,1e-9,1e-8,zero
washer,interval_span_forward,6.283185307179586e0,1e-9,1e-8,positive
washer,interval_span_winding,0e0,1e-9,1e-8,zero
washer,carrier_endpoint_start,0e0,1e-9,1e-8,zero
washer,carrier_endpoint_end,2.220446049250313e-16,1e-9,1e-8,zero
washer,carrier_matches_mapped_source,0e0,1e-9,1e-8,zero
washer,carrier_matches_mapped_source,4.440892098500626e-16,1e-9,1e-8,zero
washer,carrier_matches_mapped_source,0e0,1e-9,1e-8,zero
washer,carrier_matches_mapped_source,1.1102230246251565e-16,1e-9,1e-8,zero
washer,carrier_matches_mapped_source,1.1102230246251565e-16,1e-9,1e-8,zero
washer,carrier_matches_mapped_source,4.440892098500626e-16,1e-9,1e-8,zero
washer,carrier_matches_mapped_source,0e0,1e-9,1e-8,zero
washer,carrier_matches_mapped_source,2.220446049250313e-16,1e-9,1e-8,zero
washer,carrier_matches_mapped_source,2.220446049250313e-16,1e-9,1e-8,zero
washer,interval_span_forward,6.283185307179586e0,1e-9,1e-8,positive
washer,interval_span_winding,0e0,1e-9,1e-8,zero
washer,carrier_endpoint_start,0e0,1e-9,1e-8,zero
washer,carrier_endpoint_end,2.4492935982947064e-16,1e-9,1e-8,zero
washer,carrier_matches_mapped_source,0e0,1e-9,1e-8,zero
washer,carrier_matches_mapped_source,4.440892098500626e-16,1e-9,1e-8,zero
washer,carrier_matches_mapped_source,0e0,1e-9,1e-8,zero
washer,carrier_matches_mapped_source,4.577566798522237e-16,1e-9,1e-8,zero
washer,carrier_matches_mapped_source,2.465190328815662e-32,1e-9,1e-8,zero
washer,carrier_matches_mapped_source,4.440892098500626e-16,1e-9,1e-8,zero
washer,carrier_matches_mapped_source,0e0,1e-9,1e-8,zero
washer,carrier_matches_mapped_source,4.965068306494546e-16,1e-9,1e-8,zero
washer,carrier_matches_mapped_source,4.930380657631324e-32,1e-9,1e-8,zero
washer,interval_span_forward,1e0,1e-9,1e-8,positive
washer,carrier_endpoint_start,0e0,1e-9,1e-8,zero
washer,carrier_endpoint_end,0e0,1e-9,1e-8,zero
washer,carrier_on_seam_surface,0e0,1e-9,1e-8,zero
washer,carrier_in_seam_halfplane,0e0,1e-9,1e-8,zero
washer,carrier_on_seam_side,0e0,1e-9,1e-8,zero
washer,carrier_on_seam_surface,0e0,1e-9,1e-8,zero
washer,carrier_in_seam_halfplane,0e0,1e-9,1e-8,zero
washer,carrier_on_seam_side,0e0,1e-9,1e-8,zero
washer,carrier_on_seam_surface,0e0,1e-9,1e-8,zero
washer,carrier_in_seam_halfplane,0e0,1e-9,1e-8,zero
washer,carrier_on_seam_side,0e0,1e-9,1e-8,zero
washer,carrier_on_seam_surface,0e0,1e-9,1e-8,zero
washer,carrier_in_seam_halfplane,0e0,1e-9,1e-8,zero
washer,carrier_on_seam_side,0e0,1e-9,1e-8,zero
washer,carrier_on_seam_surface,0e0,1e-9,1e-8,zero
washer,carrier_in_seam_halfplane,0e0,1e-9,1e-8,zero
washer,carrier_on_seam_side,0e0,1e-9,1e-8,zero
washer,carrier_on_seam_surface,0e0,1e-9,1e-8,zero
washer,carrier_in_seam_halfplane,0e0,1e-9,1e-8,zero
washer,carrier_on_seam_side,0e0,1e-9,1e-8,zero
washer,carrier_on_seam_surface,0e0,1e-9,1e-8,zero
washer,carrier_in_seam_halfplane,0e0,1e-9,1e-8,zero
washer,carrier_on_seam_side,0e0,1e-9,1e-8,zero
washer,carrier_on_seam_surface,0e0,1e-9,1e-8,zero
washer,carrier_in_seam_halfplane,0e0,1e-9,1e-8,zero
washer,carrier_on_seam_side,0e0,1e-9,1e-8,zero
washer,carrier_on_seam_surface,0e0,1e-9,1e-8,zero
washer,carrier_in_seam_halfplane,0e0,1e-9,1e-8,zero
washer,carrier_on_seam_side,0e0,1e-9,1e-8,zero
washer,interval_span_forward,1e0,1e-9,1e-8,positive
washer,carrier_endpoint_start,0e0,1e-9,1e-8,zero
washer,carrier_endpoint_end,0e0,1e-9,1e-8,zero
washer,carrier_on_seam_surface,0e0,1e-9,1e-8,zero
washer,carrier_in_seam_halfplane,0e0,1e-9,1e-8,zero
washer,carrier_on_seam_side,0e0,1e-9,1e-8,zero
washer,carrier_on_seam_surface,0e0,1e-9,1e-8,zero
washer,carrier_in_seam_halfplane,0e0,1e-9,1e-8,zero
washer,carrier_on_seam_side,0e0,1e-9,1e-8,zero
washer,carrier_on_seam_surface,0e0,1e-9,1e-8,zero
washer,carrier_in_seam_halfplane,0e0,1e-9,1e-8,zero
washer,carrier_on_seam_side,0e0,1e-9,1e-8,zero
washer,carrier_on_seam_surface,0e0,1e-9,1e-8,zero
washer,carrier_in_seam_halfplane,0e0,1e-9,1e-8,zero
washer,carrier_on_seam_side,0e0,1e-9,1e-8,zero
washer,carrier_on_seam_surface,0e0,1e-9,1e-8,zero
washer,carrier_in_seam_halfplane,0e0,1e-9,1e-8,zero
washer,carrier_on_seam_side,0e0,1e-9,1e-8,zero
washer,carrier_on_seam_surface,0e0,1e-9,1e-8,zero
washer,carrier_in_seam_halfplane,0e0,1e-9,1e-8,zero
washer,carrier_on_seam_side,0e0,1e-9,1e-8,zero
washer,carrier_on_seam_surface,0e0,1e-9,1e-8,zero
washer,carrier_in_seam_halfplane,0e0,1e-9,1e-8,zero
washer,carrier_on_seam_side,0e0,1e-9,1e-8,zero
washer,carrier_on_seam_surface,0e0,1e-9,1e-8,zero
washer,carrier_in_seam_halfplane,0e0,1e-9,1e-8,zero
washer,carrier_on_seam_side,0e0,1e-9,1e-8,zero
washer,carrier_on_seam_surface,0e0,1e-9,1e-8,zero
washer,carrier_in_seam_halfplane,0e0,1e-9,1e-8,zero
washer,carrier_on_seam_side,0e0,1e-9,1e-8,zero
washer,interval_span_forward,1e0,1e-9,1e-8,positive
washer,carrier_endpoint_start,0e0,1e-9,1e-8,zero
washer,carrier_endpoint_end,0e0,1e-9,1e-8,zero
washer,carrier_on_seam_surface,0e0,1e-9,1e-8,zero
washer,carrier_in_seam_halfplane,0e0,1e-9,1e-8,zero
washer,carrier_on_seam_side,0e0,1e-9,1e-8,zero
washer,carrier_on_seam_surface,0e0,1e-9,1e-8,zero
washer,carrier_in_seam_halfplane,0e0,1e-9,1e-8,zero
washer,carrier_on_seam_side,0e0,1e-9,1e-8,zero
washer,carrier_on_seam_surface,0e0,1e-9,1e-8,zero
washer,carrier_in_seam_halfplane,0e0,1e-9,1e-8,zero
washer,carrier_on_seam_side,0e0,1e-9,1e-8,zero
washer,carrier_on_seam_surface,0e0,1e-9,1e-8,zero
washer,carrier_in_seam_halfplane,0e0,1e-9,1e-8,zero
washer,carrier_on_seam_side,0e0,1e-9,1e-8,zero
washer,carrier_on_seam_surface,0e0,1e-9,1e-8,zero
washer,carrier_in_seam_halfplane,0e0,1e-9,1e-8,zero
washer,carrier_on_seam_side,0e0,1e-9,1e-8,zero
washer,carrier_on_seam_surface,0e0,1e-9,1e-8,zero
washer,carrier_in_seam_halfplane,0e0,1e-9,1e-8,zero
washer,carrier_on_seam_side,0e0,1e-9,1e-8,zero
washer,carrier_on_seam_surface,0e0,1e-9,1e-8,zero
washer,carrier_in_seam_halfplane,0e0,1e-9,1e-8,zero
washer,carrier_on_seam_side,0e0,1e-9,1e-8,zero
washer,carrier_on_seam_surface,0e0,1e-9,1e-8,zero
washer,carrier_in_seam_halfplane,0e0,1e-9,1e-8,zero
washer,carrier_on_seam_side,0e0,1e-9,1e-8,zero
washer,carrier_on_seam_surface,0e0,1e-9,1e-8,zero
washer,carrier_in_seam_halfplane,0e0,1e-9,1e-8,zero
washer,carrier_on_seam_side,0e0,1e-9,1e-8,zero
washer,interval_span_forward,1e0,1e-9,1e-8,positive
washer,carrier_endpoint_start,0e0,1e-9,1e-8,zero
washer,carrier_endpoint_end,0e0,1e-9,1e-8,zero
washer,carrier_matches_mapped_source,0e0,1e-9,1e-8,zero
washer,carrier_matches_mapped_source,0e0,1e-9,1e-8,zero
washer,carrier_matches_mapped_source,0e0,1e-9,1e-8,zero
washer,carrier_matches_mapped_source,0e0,1e-9,1e-8,zero
washer,carrier_matches_mapped_source,0e0,1e-9,1e-8,zero
washer,carrier_matches_mapped_source,0e0,1e-9,1e-8,zero
washer,carrier_matches_mapped_source,0e0,1e-9,1e-8,zero
washer,carrier_matches_mapped_source,0e0,1e-9,1e-8,zero
washer,carrier_matches_mapped_source,0e0,1e-9,1e-8,zero
washer,interval_span_forward,1e0,1e-9,1e-8,positive
washer,carrier_endpoint_start,0e0,1e-9,1e-8,zero
washer,carrier_endpoint_end,0e0,1e-9,1e-8,zero
washer,carrier_on_seam_surface,0e0,1e-9,1e-8,zero
washer,carrier_in_seam_halfplane,0e0,1e-9,1e-8,zero
washer,carrier_on_seam_side,0e0,1e-9,1e-8,zero
washer,carrier_on_seam_surface,0e0,1e-9,1e-8,zero
washer,carrier_in_seam_halfplane,0e0,1e-9,1e-8,zero
washer,carrier_on_seam_side,0e0,1e-9,1e-8,zero
washer,carrier_on_seam_surface,0e0,1e-9,1e-8,zero
washer,carrier_in_seam_halfplane,0e0,1e-9,1e-8,zero
washer,carrier_on_seam_side,0e0,1e-9,1e-8,zero
washer,carrier_on_seam_surface,0e0,1e-9,1e-8,zero
washer,carrier_in_seam_halfplane,0e0,1e-9,1e-8,zero
washer,carrier_on_seam_side,0e0,1e-9,1e-8,zero
washer,carrier_on_seam_surface,0e0,1e-9,1e-8,zero
washer,carrier_in_seam_halfplane,0e0,1e-9,1e-8,zero
washer,carrier_on_seam_side,0e0,1e-9,1e-8,zero
washer,carrier_on_seam_surface,0e0,1e-9,1e-8,zero
washer,carrier_in_seam_halfplane,0e0,1e-9,1e-8,zero
washer,carrier_on_seam_side,0e0,1e-9,1e-8,zero
washer,carrier_on_seam_surface,0e0,1e-9,1e-8,zero
washer,carrier_in_seam_halfplane,0e0,1e-9,1e-8,zero
washer,carrier_on_seam_side,0e0,1e-9,1e-8,zero
washer,carrier_on_seam_surface,0e0,1e-9,1e-8,zero
washer,carrier_in_seam_halfplane,0e0,1e-9,1e-8,zero
washer,carrier_on_seam_side,0e0,1e-9,1e-8,zero
washer,carrier_on_seam_surface,0e0,1e-9,1e-8,zero
washer,carrier_in_seam_halfplane,0e0,1e-9,1e-8,zero
washer,carrier_on_seam_side,0e0,1e-9,1e-8,zero
washer,interval_span_forward,1e0,1e-9,1e-8,positive
washer,carrier_endpoint_start,0e0,1e-9,1e-8,zero
washer,carrier_endpoint_end,0e0,1e-9,1e-8,zero
washer,carrier_matches_mapped_source,0e0,1e-9,1e-8,zero
washer,carrier_matches_mapped_source,0e0,1e-9,1e-8,zero
washer,carrier_matches_mapped_source,0e0,1e-9,1e-8,zero
washer,carrier_matches_mapped_source,0e0,1e-9,1e-8,zero
washer,carrier_matches_mapped_source,0e0,1e-9,1e-8,zero
washer,carrier_matches_mapped_source,0e0,1e-9,1e-8,zero
washer,carrier_matches_mapped_source,0e0,1e-9,1e-8,zero
washer,carrier_matches_mapped_source,0e0,1e-9,1e-8,zero
washer,carrier_matches_mapped_source,0e0,1e-9,1e-8,zero
washer,interval_span_forward,6.283185307179586e0,1e-9,1e-8,positive
washer,interval_span_winding,0e0,1e-9,1e-8,zero
washer,carrier_endpoint_start,0e0,1e-9,1e-8,zero
washer,carrier_endpoint_end,2.4492935982947064e-16,1e-9,1e-8,zero
washer,carrier_on_surface_1,0e0,1e-9,1e-8,zero
washer,carrier_on_surface_2,0e0,1e-9,1e-8,zero
washer,carrier_on_surface_1,0e0,1e-9,1e-8,zero
washer,carrier_on_surface_2,0e0,1e-9,1e-8,zero
washer,dihedral_arm,1e0,1e-9,1e-8,positive
washer,dihedral_wedge,1e0,1e-9,1e-8,positive
washer,carrier_on_surface_1,0e0,1e-9,1e-8,zero
washer,carrier_on_surface_2,0e0,1e-9,1e-8,zero
washer,dihedral_arm,1e0,1e-9,1e-8,positive
washer,dihedral_wedge,1e0,1e-9,1e-8,positive
washer,carrier_on_surface_1,0e0,1e-9,1e-8,zero
washer,carrier_on_surface_2,0e0,1e-9,1e-8,zero
washer,dihedral_arm,1e0,1e-9,1e-8,positive
washer,dihedral_wedge,1e0,1e-9,1e-8,positive
washer,carrier_on_surface_1,0e0,1e-9,1e-8,zero
washer,carrier_on_surface_2,0e0,1e-9,1e-8,zero
washer,dihedral_arm,1e0,1e-9,1e-8,positive
washer,dihedral_wedge,1e0,1e-9,1e-8,positive
washer,carrier_on_surface_1,0e0,1e-9,1e-8,zero
washer,carrier_on_surface_2,0e0,1e-9,1e-8,zero
washer,dihedral_arm,1e0,1e-9,1e-8,positive
washer,dihedral_wedge,1e0,1e-9,1e-8,positive
washer,carrier_on_surface_1,0e0,1e-9,1e-8,zero
washer,carrier_on_surface_2,0e0,1e-9,1e-8,zero
washer,dihedral_arm,1e0,1e-9,1e-8,positive
washer,dihedral_wedge,1e0,1e-9,1e-8,positive
washer,carrier_on_surface_1,0e0,1e-9,1e-8,zero
washer,carrier_on_surface_2,0e0,1e-9,1e-8,zero
washer,dihedral_arm,1e0,1e-9,1e-8,positive
washer,dihedral_wedge,1e0,1e-9,1e-8,positive
washer,carrier_on_surface_1,0e0,1e-9,1e-8,zero
washer,carrier_on_surface_2,0e0,1e-9,1e-8,zero
washer,witness_on_surface_1,0e0,1e-9,1e-8,zero
washer,witness_on_surface_2,0e0,1e-9,1e-8,zero
washer,witness_at_mid_parameter,0e0,1e-9,1e-8,zero
washer,interval_span_forward,6.283185307179586e0,1e-9,1e-8,positive
washer,interval_span_winding,0e0,1e-9,1e-8,zero
washer,carrier_endpoint_start,0e0,1e-9,1e-8,zero
washer,carrier_endpoint_end,2.4492935982947064e-16,1e-9,1e-8,zero
washer,carrier_on_surface_1,0e0,1e-9,1e-8,zero
washer,carrier_on_surface_2,0e0,1e-9,1e-8,zero
washer,carrier_on_surface_1,0e0,1e-9,1e-8,zero
washer,carrier_on_surface_2,0e0,1e-9,1e-8,zero
washer,dihedral_arm,1e0,1e-9,1e-8,positive
washer,dihedral_wedge,1e0,1e-9,1e-8,positive
washer,carrier_on_surface_1,0e0,1e-9,1e-8,zero
washer,carrier_on_surface_2,0e0,1e-9,1e-8,zero
washer,dihedral_arm,1e0,1e-9,1e-8,positive
washer,dihedral_wedge,1e0,1e-9,1e-8,positive
washer,carrier_on_surface_1,0e0,1e-9,1e-8,zero
washer,carrier_on_surface_2,0e0,1e-9,1e-8,zero
washer,dihedral_arm,1e0,1e-9,1e-8,positive
washer,dihedral_wedge,1e0,1e-9,1e-8,positive
washer,carrier_on_surface_1,0e0,1e-9,1e-8,zero
washer,carrier_on_surface_2,0e0,1e-9,1e-8,zero
washer,dihedral_arm,1e0,1e-9,1e-8,positive
washer,dihedral_wedge,1e0,1e-9,1e-8,positive
washer,carrier_on_surface_1,0e0,1e-9,1e-8,zero
washer,carrier_on_surface_2,0e0,1e-9,1e-8,zero
washer,dihedral_arm,1e0,1e-9,1e-8,positive
washer,dihedral_wedge,1e0,1e-9,1e-8,positive
washer,carrier_on_surface_1,0e0,1e-9,1e-8,zero
washer,carrier_on_surface_2,0e0,1e-9,1e-8,zero
washer,dihedral_arm,1e0,1e-9,1e-8,positive
washer,dihedral_wedge,1e0,1e-9,1e-8,positive
washer,carrier_on_surface_1,0e0,1e-9,1e-8,zero
washer,carrier_on_surface_2,0e0,1e-9,1e-8,zero
washer,dihedral_arm,1e0,1e-9,1e-8,positive
washer,dihedral_wedge,1e0,1e-9,1e-8,positive
washer,carrier_on_surface_1,0e0,1e-9,1e-8,zero
washer,carrier_on_surface_2,0e0,1e-9,1e-8,zero
washer,witness_on_surface_1,0e0,1e-9,1e-8,zero
washer,witness_on_surface_2,0e0,1e-9,1e-8,zero
washer,witness_at_mid_parameter,0e0,1e-9,1e-8,zero
washer,interval_span_forward,1.2566370614359172e1,1e-9,1e-8,positive
washer,interval_span_winding,0e0,1e-9,1e-8,zero
washer,carrier_endpoint_start,0e0,1e-9,1e-8,zero
washer,carrier_endpoint_end,4.898587196589413e-16,1e-9,1e-8,zero
washer,carrier_on_surface_1,0e0,1e-9,1e-8,zero
washer,carrier_on_surface_2,0e0,1e-9,1e-8,zero
washer,carrier_on_surface_1,0e0,1e-9,1e-8,zero
washer,carrier_on_surface_2,0e0,1e-9,1e-8,zero
washer,dihedral_arm,2e0,1e-9,1e-8,positive
washer,dihedral_wedge,2e0,1e-9,1e-8,positive
washer,carrier_on_surface_1,0e0,1e-9,1e-8,zero
washer,carrier_on_surface_2,0e0,1e-9,1e-8,zero
washer,dihedral_arm,2e0,1e-9,1e-8,positive
washer,dihedral_wedge,2e0,1e-9,1e-8,positive
washer,carrier_on_surface_1,0e0,1e-9,1e-8,zero
washer,carrier_on_surface_2,0e0,1e-9,1e-8,zero
washer,dihedral_arm,2e0,1e-9,1e-8,positive
washer,dihedral_wedge,2e0,1e-9,1e-8,positive
washer,carrier_on_surface_1,0e0,1e-9,1e-8,zero
washer,carrier_on_surface_2,0e0,1e-9,1e-8,zero
washer,dihedral_arm,2e0,1e-9,1e-8,positive
washer,dihedral_wedge,2e0,1e-9,1e-8,positive
washer,carrier_on_surface_1,0e0,1e-9,1e-8,zero
washer,carrier_on_surface_2,0e0,1e-9,1e-8,zero
washer,dihedral_arm,2e0,1e-9,1e-8,positive
washer,dihedral_wedge,2e0,1e-9,1e-8,positive
washer,carrier_on_surface_1,0e0,1e-9,1e-8,zero
washer,carrier_on_surface_2,0e0,1e-9,1e-8,zero
washer,dihedral_arm,2e0,1e-9,1e-8,positive
washer,dihedral_wedge,2e0,1e-9,1e-8,positive
washer,carrier_on_surface_1,0e0,1e-9,1e-8,zero
washer,carrier_on_surface_2,0e0,1e-9,1e-8,zero
washer,dihedral_arm,2e0,1e-9,1e-8,positive
washer,dihedral_wedge,2e0,1e-9,1e-8,positive
washer,carrier_on_surface_1,0e0,1e-9,1e-8,zero
washer,carrier_on_surface_2,0e0,1e-9,1e-8,zero
washer,witness_on_surface_1,0e0,1e-9,1e-8,zero
washer,witness_on_surface_2,0e0,1e-9,1e-8,zero
washer,witness_at_mid_parameter,0e0,1e-9,1e-8,zero
washer,interval_span_forward,1.2566370614359172e1,1e-9,1e-8,positive
washer,interval_span_winding,0e0,1e-9,1e-8,zero
washer,carrier_endpoint_start,0e0,1e-9,1e-8,zero
washer,carrier_endpoint_end,4.898587196589413e-16,1e-9,1e-8,zero
washer,carrier_on_surface_1,0e0,1e-9,1e-8,zero
washer,carrier_on_surface_2,0e0,1e-9,1e-8,zero
washer,carrier_on_surface_1,0e0,1e-9,1e-8,zero
washer,carrier_on_surface_2,0e0,1e-9,1e-8,zero
washer,dihedral_arm,2e0,1e-9,1e-8,positive
washer,dihedral_wedge,2e0,1e-9,1e-8,positive
washer,carrier_on_surface_1,0e0,1e-9,1e-8,zero
washer,carrier_on_surface_2,0e0,1e-9,1e-8,zero
washer,dihedral_arm,2e0,1e-9,1e-8,positive
washer,dihedral_wedge,2e0,1e-9,1e-8,positive
washer,carrier_on_surface_1,0e0,1e-9,1e-8,zero
washer,carrier_on_surface_2,0e0,1e-9,1e-8,zero
washer,dihedral_arm,2e0,1e-9,1e-8,positive
washer,dihedral_wedge,2e0,1e-9,1e-8,positive
washer,carrier_on_surface_1,0e0,1e-9,1e-8,zero
washer,carrier_on_surface_2,0e0,1e-9,1e-8,zero
washer,dihedral_arm,2e0,1e-9,1e-8,positive
washer,dihedral_wedge,2e0,1e-9,1e-8,positive
washer,carrier_on_surface_1,0e0,1e-9,1e-8,zero
washer,carrier_on_surface_2,0e0,1e-9,1e-8,zero
washer,dihedral_arm,2e0,1e-9,1e-8,positive
washer,dihedral_wedge,2e0,1e-9,1e-8,positive
washer,carrier_on_surface_1,0e0,1e-9,1e-8,zero
washer,carrier_on_surface_2,0e0,1e-9,1e-8,zero
washer,dihedral_arm,2e0,1e-9,1e-8,positive
washer,dihedral_wedge,2e0,1e-9,1e-8,positive
washer,carrier_on_surface_1,0e0,1e-9,1e-8,zero
washer,carrier_on_surface_2,0e0,1e-9,1e-8,zero
washer,dihedral_arm,2e0,1e-9,1e-8,positive
washer,dihedral_wedge,2e0,1e-9,1e-8,positive
washer,carrier_on_surface_1,0e0,1e-9,1e-8,zero
washer,carrier_on_surface_2,0e0,1e-9,1e-8,zero
washer,witness_on_surface_1,0e0,1e-9,1e-8,zero
washer,witness_on_surface_2,0e0,1e-9,1e-8,zero
washer,witness_at_mid_parameter,0e0,1e-9,1e-8,zero
washer,planar_face_residual,0e0,1e-9,1e-8,zero
washer,planar_face_residual,0e0,1e-9,1e-8,zero
washer,planar_face_residual,0e0,1e-9,1e-8,zero
washer,planar_face_residual,0e0,1e-9,1e-8,zero
washer,planar_face_residual,0e0,1e-9,1e-8,zero
washer,planar_face_residual,0e0,1e-9,1e-8,zero
washer,planar_face_residual,0e0,1e-9,1e-8,zero
washer,planar_face_residual,0e0,1e-9,1e-8,zero
washer,dihedral_arm,1e0,1e-9,1e-8,positive
washer,dihedral_wedge,0e0,1e-9,1e-8,zero
washer,dihedral_arm,1e0,1e-9,1e-8,positive
washer,dihedral_wedge,0e0,1e-9,1e-8,zero
washer,dihedral_arm,1e0,1e-9,1e-8,positive
washer,dihedral_wedge,0e0,1e-9,1e-8,zero
washer,dihedral_arm,1e0,1e-9,1e-8,positive
washer,dihedral_wedge,0e0,1e-9,1e-8,zero
washer,dihedral_arm,1e0,1e-9,1e-8,positive
washer,dihedral_wedge,0e0,1e-9,1e-8,zero
washer,dihedral_arm,1e0,1e-9,1e-8,positive
washer,dihedral_wedge,0e0,1e-9,1e-8,zero
washer,dihedral_arm,1e0,1e-9,1e-8,positive
washer,dihedral_wedge,0e0,1e-9,1e-8,zero
washer,dihedral_arm,1e0,1e-9,1e-8,positive
washer,dihedral_wedge,0e0,1e-9,1e-8,zero
washer,dihedral_arm,1e0,1e-9,1e-8,positive
washer,dihedral_wedge,0e0,1e-9,1e-8,zero
washer,dihedral_arm,1e0,1e-9,1e-8,positive
washer,dihedral_wedge,0e0,1e-9,1e-8,zero
washer,dihedral_arm,1e0,1e-9,1e-8,positive
washer,dihedral_wedge,0e0,1e-9,1e-8,zero
washer,dihedral_arm,1e0,1e-9,1e-8,positive
washer,dihedral_wedge,0e0,1e-9,1e-8,zero
washer,dihedral_arm,1e0,1e-9,1e-8,positive
washer,dihedral_wedge,0e0,1e-9,1e-8,zero
washer,dihedral_arm,1e0,1e-9,1e-8,positive
washer,dihedral_wedge,0e0,1e-9,1e-8,zero
washer,planar_boundary_residual,0e0,1e-9,1e-8,zero
washer,planar_boundary_residual,0e0,1e-9,1e-8,zero
washer,planar_boundary_residual,0e0,1e-9,1e-8,zero
washer,planar_boundary_residual,0e0,1e-9,1e-8,zero
washer,planar_boundary_residual,0e0,1e-9,1e-8,zero
washer,planar_boundary_residual,0e0,1e-9,1e-8,zero
washer,planar_boundary_residual,0e0,1e-9,1e-8,zero
washer,dihedral_arm,1e0,1e-9,1e-8,positive
washer,dihedral_wedge,0e0,1e-9,1e-8,zero
washer,dihedral_arm,1e0,1e-9,1e-8,positive
washer,dihedral_wedge,0e0,1e-9,1e-8,zero
washer,dihedral_arm,1e0,1e-9,1e-8,positive
washer,dihedral_wedge,0e0,1e-9,1e-8,zero
washer,dihedral_arm,1e0,1e-9,1e-8,positive
washer,dihedral_wedge,0e0,1e-9,1e-8,zero
washer,dihedral_arm,1e0,1e-9,1e-8,positive
washer,dihedral_wedge,0e0,1e-9,1e-8,zero
washer,dihedral_arm,1e0,1e-9,1e-8,positive
washer,dihedral_wedge,0e0,1e-9,1e-8,zero
washer,dihedral_arm,1e0,1e-9,1e-8,positive
washer,dihedral_wedge,0e0,1e-9,1e-8,zero
washer,dihedral_arm,1e0,1e-9,1e-8,positive
washer,dihedral_wedge,0e0,1e-9,1e-8,zero
washer,dihedral_arm,1e0,1e-9,1e-8,positive
washer,dihedral_wedge,0e0,1e-9,1e-8,zero
washer,dihedral_arm,1e0,1e-9,1e-8,positive
washer,dihedral_wedge,0e0,1e-9,1e-8,zero
washer,dihedral_arm,1e0,1e-9,1e-8,positive
washer,dihedral_wedge,0e0,1e-9,1e-8,zero
washer,dihedral_arm,1e0,1e-9,1e-8,positive
washer,dihedral_wedge,0e0,1e-9,1e-8,zero
washer,dihedral_arm,1e0,1e-9,1e-8,positive
washer,dihedral_wedge,0e0,1e-9,1e-8,zero
washer,dihedral_arm,1e0,1e-9,1e-8,positive
washer,dihedral_wedge,0e0,1e-9,1e-8,zero
washer,planar_boundary_residual,0e0,1e-9,1e-8,zero
washer,planar_boundary_residual,0e0,1e-9,1e-8,zero
washer,planar_boundary_residual,0e0,1e-9,1e-8,zero
washer,planar_boundary_residual,0e0,1e-9,1e-8,zero
washer,planar_boundary_residual,0e0,1e-9,1e-8,zero
washer,planar_boundary_residual,0e0,1e-9,1e-8,zero
washer,planar_boundary_residual,0e0,1e-9,1e-8,zero
washer,dihedral_arm,1e0,1e-9,1e-8,positive
washer,dihedral_wedge,1e0,1e-9,1e-8,positive
washer,dihedral_arm,1e0,1e-9,1e-8,positive
washer,dihedral_wedge,1e0,1e-9,1e-8,positive
washer,dihedral_arm,1e0,1e-9,1e-8,positive
washer,dihedral_wedge,1e0,1e-9,1e-8,positive
washer,dihedral_arm,1e0,1e-9,1e-8,positive
washer,dihedral_wedge,1e0,1e-9,1e-8,positive
washer,dihedral_arm,1e0,1e-9,1e-8,positive
washer,dihedral_wedge,1e0,1e-9,1e-8,positive
washer,dihedral_arm,1e0,1e-9,1e-8,positive
washer,dihedral_wedge,1e0,1e-9,1e-8,positive
washer,dihedral_arm,1e0,1e-9,1e-8,positive
washer,dihedral_wedge,1e0,1e-9,1e-8,positive
washer,planar_boundary_residual,0e0,1e-9,1e-8,zero
washer,planar_boundary_residual,0e0,1e-9,1e-8,zero
washer,planar_boundary_residual,0e0,1e-9,1e-8,zero
washer,planar_boundary_residual,0e0,1e-9,1e-8,zero
washer,planar_boundary_residual,0e0,1e-9,1e-8,zero
washer,planar_boundary_residual,0e0,1e-9,1e-8,zero
washer,planar_boundary_residual,0e0,1e-9,1e-8,zero
washer,dihedral_arm,1e0,1e-9,1e-8,positive
washer,dihedral_wedge,1e0,1e-9,1e-8,positive
washer,dihedral_arm,1e0,1e-9,1e-8,positive
washer,dihedral_wedge,1e0,1e-9,1e-8,positive
washer,dihedral_arm,1e0,1e-9,1e-8,positive
washer,dihedral_wedge,1e0,1e-9,1e-8,positive
washer,dihedral_arm,1e0,1e-9,1e-8,positive
washer,dihedral_wedge,1e0,1e-9,1e-8,positive
washer,dihedral_arm,1e0,1e-9,1e-8,positive
washer,dihedral_wedge,1e0,1e-9,1e-8,positive
washer,dihedral_arm,1e0,1e-9,1e-8,positive
washer,dihedral_wedge,1e0,1e-9,1e-8,positive
washer,dihedral_arm,1e0,1e-9,1e-8,positive
washer,dihedral_wedge,1e0,1e-9,1e-8,positive
washer,planar_boundary_residual,0e0,1e-9,1e-8,zero
washer,planar_boundary_residual,0e0,1e-9,1e-8,zero
washer,planar_boundary_residual,0e0,1e-9,1e-8,zero
washer,planar_boundary_residual,0e0,1e-9,1e-8,zero
washer,planar_boundary_residual,0e0,1e-9,1e-8,zero
washer,planar_boundary_residual,0e0,1e-9,1e-8,zero
washer,planar_boundary_residual,0e0,1e-9,1e-8,zero
washer,dihedral_arm,2e0,1e-9,1e-8,positive
washer,dihedral_wedge,2e0,1e-9,1e-8,positive
washer,dihedral_arm,2e0,1e-9,1e-8,positive
washer,dihedral_wedge,2e0,1e-9,1e-8,positive
washer,dihedral_arm,2e0,1e-9,1e-8,positive
washer,dihedral_wedge,2e0,1e-9,1e-8,positive
washer,dihedral_arm,2e0,1e-9,1e-8,positive
washer,dihedral_wedge,2e0,1e-9,1e-8,positive
washer,dihedral_arm,2e0,1e-9,1e-8,positive
washer,dihedral_wedge,2e0,1e-9,1e-8,positive
washer,dihedral_arm,2e0,1e-9,1e-8,positive
washer,dihedral_wedge,2e0,1e-9,1e-8,positive
washer,dihedral_arm,2e0,1e-9,1e-8,positive
washer,dihedral_wedge,2e0,1e-9,1e-8,positive
washer,planar_boundary_residual,0e0,1e-9,1e-8,zero
washer,planar_boundary_residual,0e0,1e-9,1e-8,zero
washer,planar_boundary_residual,0e0,1e-9,1e-8,zero
washer,planar_boundary_residual,0e0,1e-9,1e-8,zero
washer,planar_boundary_residual,0e0,1e-9,1e-8,zero
washer,planar_boundary_residual,0e0,1e-9,1e-8,zero
washer,planar_boundary_residual,0e0,1e-9,1e-8,zero
washer,dihedral_arm,2e0,1e-9,1e-8,positive
washer,dihedral_wedge,2e0,1e-9,1e-8,positive
washer,dihedral_arm,2e0,1e-9,1e-8,positive
washer,dihedral_wedge,2e0,1e-9,1e-8,positive
washer,dihedral_arm,2e0,1e-9,1e-8,positive
washer,dihedral_wedge,2e0,1e-9,1e-8,positive
washer,dihedral_arm,2e0,1e-9,1e-8,positive
washer,dihedral_wedge,2e0,1e-9,1e-8,positive
washer,dihedral_arm,2e0,1e-9,1e-8,positive
washer,dihedral_wedge,2e0,1e-9,1e-8,positive
washer,dihedral_arm,2e0,1e-9,1e-8,positive
washer,dihedral_wedge,2e0,1e-9,1e-8,positive
washer,dihedral_arm,2e0,1e-9,1e-8,positive
washer,dihedral_wedge,2e0,1e-9,1e-8,positive
washer,planar_boundary_residual,0e0,1e-9,1e-8,zero
washer,planar_boundary_residual,0e0,1e-9,1e-8,zero
washer,planar_boundary_residual,0e0,1e-9,1e-8,zero
washer,planar_boundary_residual,0e0,1e-9,1e-8,zero
washer,planar_boundary_residual,0e0,1e-9,1e-8,zero
washer,planar_boundary_residual,0e0,1e-9,1e-8,zero
washer,planar_boundary_residual,0e0,1e-9,1e-8,zero
washer,props_circle_axis_class,1e0,1e-9,1e-8,positive
washer,props_rim_fit,0e0,1e-9,1e-8,zero
washer,props_meridian_axial,0e0,1e-9,1e-8,zero
washer,props_circle_axis_class,1e0,1e-9,1e-8,positive
washer,props_rim_fit,0e0,1e-9,1e-8,zero
washer,props_meridian_axial,0e0,1e-9,1e-8,zero
washer,props_du_consistent,0e0,1e-9,1e-8,zero
washer,props_face_extent,1e0,1e-9,1e-8,positive
washer,props_rim_side,1e0,1e-9,1e-8,positive
washer,props_circle_axis_class,2e0,1e-9,1e-8,positive
washer,props_rim_fit,0e0,1e-9,1e-8,zero
washer,props_meridian_axial,0e0,1e-9,1e-8,zero
washer,props_circle_axis_class,2e0,1e-9,1e-8,positive
washer,props_rim_fit,0e0,1e-9,1e-8,zero
washer,props_meridian_axial,0e0,1e-9,1e-8,zero
washer,props_du_consistent,0e0,1e-9,1e-8,zero
washer,props_face_extent,1e0,1e-9,1e-8,positive
washer,props_rim_side,-1e0,1e-9,1e-8,negative
washer,positive_volume,2.5e-1,1e-9,1e-8,positive
washer,props_circle_axis_class,1e0,1e-9,1e-8,positive
washer,props_rim_fit,0e0,1e-9,1e-8,zero
washer,props_meridian_axial,0e0,1e-9,1e-8,zero
washer,props_circle_axis_class,1e0,1e-9,1e-8,positive
washer,props_rim_fit,0e0,1e-9,1e-8,zero
washer,props_meridian_axial,0e0,1e-9,1e-8,zero
washer,props_du_consistent,0e0,1e-9,1e-8,zero
washer,props_face_extent,1e0,1e-9,1e-8,positive
washer,props_rim_side,1e0,1e-9,1e-8,positive
washer,props_circle_axis_class,2e0,1e-9,1e-8,positive
washer,props_rim_fit,0e0,1e-9,1e-8,zero
washer,props_meridian_axial,0e0,1e-9,1e-8,zero
washer,props_circle_axis_class,2e0,1e-9,1e-8,positive
washer,props_rim_fit,0e0,1e-9,1e-8,zero
washer,props_meridian_axial,0e0,1e-9,1e-8,zero
washer,props_du_consistent,0e0,1e-9,1e-8,zero
washer,props_face_extent,1e0,1e-9,1e-8,positive
washer,props_rim_side,-1e0,1e-9,1e-8,negative
donut,vertex_separation,1e0,1e-9,1e-8,positive
donut,segment_straightness,5e-1,1e-9,1e-8,positive
donut,arc_diameter_clearance,2.928932188134524e-1,1e-9,1e-8,positive
donut,vertex_separation,1e0,1e-9,1e-8,positive
donut,segment_straightness,5e-1,1e-9,1e-8,positive
donut,arc_diameter_clearance,2.928932188134524e-1,1e-9,1e-8,positive
donut,carrier_circles_identity,0e0,1e-9,1e-8,zero
donut,arc_span,0e0,1e-9,1e-8,zero
donut,arc_span,0e0,1e-9,1e-8,zero
donut,arc_span,0e0,1e-9,1e-8,zero
donut,arc_span,0e0,1e-9,1e-8,zero
donut,arc_apex_identity,1e0,1e-9,1e-8,positive
donut,contact_at_shared_vertex,0e0,1e-9,1e-8,zero
donut,contact_at_shared_vertex,1e0,1e-9,1e-8,positive
donut,contact_at_shared_vertex,0e0,1e-9,1e-8,zero
donut,contact_at_shared_vertex,1e0,1e-9,1e-8,positive
donut,contact_at_shared_vertex,0e0,1e-9,1e-8,zero
donut,contact_at_shared_vertex,0e0,1e-9,1e-8,zero
donut,canonical_order_x,0e0,5e-324,1e-323,zero
donut,canonical_order_y,1e0,5e-324,1e-323,positive
donut,loop_orientation,5e-1,1e-9,1e-8,positive
donut,canonical_order_x,0e0,5e-324,1e-323,zero
donut,canonical_order_y,1e0,5e-324,1e-323,positive
donut,vertex_separation,1e0,1e-9,1e-8,positive
donut,segment_straightness,5e-1,1e-9,1e-8,positive
donut,arc_diameter_clearance,2.928932188134524e-1,1e-9,1e-8,positive
donut,vertex_separation,1e0,1e-9,1e-8,positive
donut,segment_straightness,5e-1,1e-9,1e-8,positive
donut,arc_diameter_clearance,2.928932188134524e-1,1e-9,1e-8,positive
donut,revolve_axis_direction,1e0,1e-9,1e-8,positive
donut,axis_vertex_radius,2e0,1e-9,1e-8,positive
donut,axis_vertex_radius,2e0,1e-9,1e-8,positive
donut,axis_arc_center,2e0,1e-9,1e-8,positive
donut,axis_arc_clearance,1.5e0,1e-9,1e-8,positive
donut,axis_arc_center,2e0,1e-9,1e-8,positive
donut,axis_arc_clearance,1.5e0,1e-9,1e-8,positive
donut,interval_span_forward,1.5707963267948966e0,1e-9,1e-8,positive
donut,interval_span_winding,1.5707963267948966e0,1e-9,1e-8,positive
donut,carrier_endpoint_start,0e0,1e-9,1e-8,zero
donut,carrier_endpoint_end,0e0,1e-9,1e-8,zero
donut,carrier_matches_mapped_source,0e0,1e-9,1e-8,zero
donut,carrier_matches_mapped_source,0e0,1e-9,1e-8,zero
donut,carrier_matches_mapped_source,0e0,1e-9,1e-8,zero
donut,carrier_matches_mapped_source,0e0,1e-9,1e-8,zero
donut,carrier_matches_mapped_source,0e0,1e-9,1e-8,zero
donut,carrier_matches_mapped_source,0e0,1e-9,1e-8,zero
donut,carrier_matches_mapped_source,0e0,1e-9,1e-8,zero
donut,carrier_matches_mapped_source,0e0,1e-9,1e-8,zero
donut,carrier_matches_mapped_source,0e0,1e-9,1e-8,zero
donut,interval_span_forward,1.5707963267948966e0,1e-9,1e-8,positive
donut,interval_span_winding,1.5707963267948966e0,1e-9,1e-8,positive
donut,carrier_endpoint_start,0e0,1e-9,1e-8,zero
donut,carrier_endpoint_end,0e0,1e-9,1e-8,zero
donut,carrier_matches_mapped_source,0e0,1e-9,1e-8,zero
donut,carrier_matches_mapped_source,0e0,1e-9,1e-8,zero
donut,carrier_matches_mapped_source,0e0,1e-9,1e-8,zero
donut,carrier_matches_mapped_source,0e0,1e-9,1e-8,zero
donut,carrier_matches_mapped_source,0e0,1e-9,1e-8,zero
donut,carrier_matches_mapped_source,0e0,1e-9,1e-8,zero
donut,carrier_matches_mapped_source,0e0,1e-9,1e-8,zero
donut,carrier_matches_mapped_source,0e0,1e-9,1e-8,zero
donut,carrier_matches_mapped_source,0e0,1e-9,1e-8,zero
donut,wall_arcs_cosurface,0e0,1e-9,1e-8,zero
donut,wall_arcs_cosurface,0e0,1e-9,1e-8,zero
donut,interval_span_forward,1.2566370614359172e1,1e-9,1e-8,positive
donut,interval_span_winding,0e0,1e-9,1e-8,zero
donut,carrier_endpoint_start,0e0,1e-9,1e-8,zero
donut,carrier_endpoint_end,4.898587196589413e-16,1e-9,1e-8,zero
donut,carrier_matches_mapped_source,0e0,1e-9,1e-8,zero
donut,carrier_matches_mapped_source,0e0,1e-9,1e-8,zero
donut,carrier_matches_mapped_source,0e0,1e-9,1e-8,zero
donut,carrier_matches_mapped_source,0e0,1e-9,1e-8,zero
donut,carrier_matches_mapped_source,0e0,1e-9,1e-8,zero
donut,carrier_matches_mapped_source,0e0,1e-9,1e-8,zero
donut,carrier_matches_mapped_source,0e0,1e-9,1e-8,zero
donut,carrier_matches_mapped_source,0e0,1e-9,1e-8,zero
donut,carrier_matches_mapped_source,0e0,1e-9,1e-8,zero
donut,interval_span_forward,1.2566370614359172e1,1e-9,1e-8,positive
donut,interval_span_winding,0e0,1e-9,1e-8,zero
donut,carrier_endpoint_start,0e0,1e-9,1e-8,zero
donut,carrier_endpoint_end,4.898587196589413e-16,1e-9,1e-8,zero
donut,carrier_matches_mapped_source,0e0,1e-9,1e-8,zero
donut,carrier_matches_mapped_source,0e0,1e-9,1e-8,zero
donut,carrier_matches_mapped_source,0e0,1e-9,1e-8,zero
donut,carrier_matches_mapped_source,0e0,1e-9,1e-8,zero
donut,carrier_matches_mapped_source,0e0,1e-9,1e-8,zero
donut,carrier_matches_mapped_source,0e0,1e-9,1e-8,zero
donut,carrier_matches_mapped_source,0e0,1e-9,1e-8,zero
donut,carrier_matches_mapped_source,0e0,1e-9,1e-8,zero
donut,carrier_matches_mapped_source,0e0,1e-9,1e-8,zero
donut,interval_span_forward,1.5707963267948966e0,1e-9,1e-8,positive
donut,interval_span_winding,1.5707963267948966e0,1e-9,1e-8,positive
donut,carrier_endpoint_start,0e0,1e-9,1e-8,zero
donut,carrier_endpoint_end,0e0,1e-9,1e-8,zero
donut,carrier_matches_mapped_source,0e0,1e-9,1e-8,zero
donut,carrier_matches_mapped_source,0e0,1e-9,1e-8,zero
donut,carrier_matches_mapped_source,0e0,1e-9,1e-8,zero
donut,carrier_matches_mapped_source,0e0,1e-9,1e-8,zero
donut,carrier_matches_mapped_source,0e0,1e-9,1e-8,zero
donut,carrier_matches_mapped_source,0e0,1e-9,1e-8,zero
donut,carrier_matches_mapped_source,0e0,1e-9,1e-8,zero
donut,carrier_matches_mapped_source,0e0,1e-9,1e-8,zero
donut,carrier_matches_mapped_source,0e0,1e-9,1e-8,zero
donut,interval_span_forward,1.5707963267948966e0,1e-9,1e-8,positive
donut,interval_span_winding,1.5707963267948966e0,1e-9,1e-8,positive
donut,carrier_endpoint_start,0e0,1e-9,1e-8,zero
donut,carrier_endpoint_end,0e0,1e-9,1e-8,zero
donut,carrier_matches_mapped_source,0e0,1e-9,1e-8,zero
donut,carrier_matches_mapped_source,0e0,1e-9,1e-8,zero
donut,carrier_matches_mapped_source,0e0,1e-9,1e-8,zero
donut,carrier_matches_mapped_source,0e0,1e-9,1e-8,zero
donut,carrier_matches_mapped_source,0e0,1e-9,1e-8,zero
donut,carrier_matches_mapped_source,0e0,1e-9,1e-8,zero
donut,carrier_matches_mapped_source,0e0,1e-9,1e-8,zero
donut,carrier_matches_mapped_source,0e0,1e-9,1e-8,zero
donut,carrier_matches_mapped_source,0e0,1e-9,1e-8,zero
donut,interval_span_forward,6.283185307179586e0,1e-9,1e-8,positive
donut,interval_span_winding,0e0,1e-9,1e-8,zero
donut,carrier_endpoint_start,0e0,1e-9,1e-8,zero
donut,carrier_endpoint_end,2.220446049250313e-16,1e-9,1e-8,zero
donut,carrier_matches_mapped_source,0e0,1e-9,1e-8,zero
donut,carrier_matches_mapped_source,4.965068306494546e-16,1e-9,1e-8,zero
donut,carrier_matches_mapped_source,0e0,1e-9,1e-8,zero
donut,carrier_matches_mapped_source,6.280369834735101e-16,1e-9,1e-8,zero
donut,carrier_matches_mapped_source,1.1102230246251565e-16,1e-9,1e-8,zero
donut,carrier_matches_mapped_source,0e0,1e-9,1e-8,zero
donut,carrier_matches_mapped_source,0e0,1e-9,1e-8,zero
donut,carrier_matches_mapped_source,6.280369834735101e-16,1e-9,1e-8,zero
donut,carrier_matches_mapped_source,2.482534153247273e-16,1e-9,1e-8,zero
donut,interval_span_forward,6.283185307179586e0,1e-9,1e-8,positive
donut,interval_span_winding,0e0,1e-9,1e-8,zero
donut,carrier_endpoint_start,0e0,1e-9,1e-8,zero
donut,carrier_endpoint_end,2.220446049250313e-16,1e-9,1e-8,zero
donut,carrier_matches_mapped_source,0e0,1e-9,1e-8,zero
donut,carrier_matches_mapped_source,4.965068306494546e-16,1e-9,1e-8,zero
donut,carrier_matches_mapped_source,0e0,1e-9,1e-8,zero
donut,carrier_matches_mapped_source,4.577566798522237e-16,1e-9,1e-8,zero
donut,carrier_matches_mapped_source,1.1102230246251565e-16,1e-9,1e-8,zero
donut,carrier_matches_mapped_source,8.881784197001252e-16,1e-9,1e-8,zero
donut,carrier_matches_mapped_source,0e0,1e-9,1e-8,zero
donut,carrier_matches_mapped_source,4.440892098500626e-16,1e-9,1e-8,zero
donut,carrier_matches_mapped_source,0e0,1e-9,1e-8,zero
donut,interval_span_forward,1.5707963267948966e0,1e-9,1e-8,positive
donut,interval_span_winding,1.5707963267948966e0,1e-9,1e-8,positive
donut,carrier_endpoint_start,0e0,1e-9,1e-8,zero
donut,carrier_endpoint_end,0e0,1e-9,1e-8,zero
donut,carrier_on_seam_surface,0e0,1e-9,1e-8,zero
donut,carrier_in_seam_halfplane,0e0,1e-9,1e-8,zero
donut,carrier_on_seam_side,0e0,1e-9,1e-8,zero
donut,carrier_on_seam_surface,-2.7755575615628914e-17,1e-9,1e-8,zero
donut,carrier_in_seam_halfplane,0e0,1e-9,1e-8,zero
donut,carrier_on_seam_side,0e0,1e-9,1e-8,zero
donut,carrier_on_seam_surface,0e0,1e-9,1e-8,zero
donut,carrier_in_seam_halfplane,0e0,1e-9,1e-8,zero
donut,carrier_on_seam_side,0e0,1e-9,1e-8,zero
donut,carrier_on_seam_surface,1.1102230246251565e-16,1e-9,1e-8,zero
donut,carrier_in_seam_halfplane,0e0,1e-9,1e-8,zero
donut,carrier_on_seam_side,0e0,1e-9,1e-8,zero
donut,carrier_on_seam_surface,0e0,1e-9,1e-8,zero
donut,carrier_in_seam_halfplane,0e0,1e-9,1e-8,zero
donut,carrier_on_seam_side,0e0,1e-9,1e-8,zero
donut,carrier_on_seam_surface,1.1102230246251565e-16,1e-9,1e-8,zero
donut,carrier_in_seam_halfplane,0e0,1e-9,1e-8,zero
donut,carrier_on_seam_side,0e0,1e-9,1e-8,zero
donut,carrier_on_seam_surface,-5.551115123125783e-17,1e-9,1e-8,zero
donut,carrier_in_seam_halfplane,0e0,1e-9,1e-8,zero
donut,carrier_on_seam_side,0e0,1e-9,1e-8,zero
donut,carrier_on_seam_surface,5.551115123125783e-17,1e-9,1e-8,zero
donut,carrier_in_seam_halfplane,0e0,1e-9,1e-8,zero
donut,carrier_on_seam_side,0e0,1e-9,1e-8,zero
donut,carrier_on_seam_surface,0e0,1e-9,1e-8,zero
donut,carrier_in_seam_halfplane,0e0,1e-9,1e-8,zero
donut,carrier_on_seam_side,0e0,1e-9,1e-8,zero
donut,interval_span_forward,1.5707963267948966e0,1e-9,1e-8,positive
donut,interval_span_winding,1.5707963267948966e0,1e-9,1e-8,positive
donut,carrier_endpoint_start,0e0,1e-9,1e-8,zero
donut,carrier_endpoint_end,0e0,1e-9,1e-8,zero
donut,carrier_on_seam_surface,0e0,1e-9,1e-8,zero
donut,carrier_in_seam_halfplane,0e0,1e-9,1e-8,zero
donut,carrier_on_seam_side,0e0,1e-9,1e-8,zero
donut,carrier_on_seam_surface,-2.7755575615628914e-17,1e-9,1e-8,zero
donut,carrier_in_seam_halfplane,0e0,1e-9,1e-8,zero
donut,carrier_on_seam_side,0e0,1e-9,1e-8,zero
donut,carrier_on_seam_surface,1.6653345369377348e-16,1e-9,1e-8,zero
donut,carrier_in_seam_halfplane,0e0,1e-9,1e-8,zero
donut,carrier_on_seam_side,0e0,1e-9,1e-8,zero
donut,carrier_on_seam_surface,1.1102230246251565e-16,1e-9,1e-8,zero
donut,carrier_in_seam_halfplane,0e0,1e-9,1e-8,zero
donut,carrier_on_seam_side,0e0,1e-9,1e-8,zero
donut,carrier_on_seam_surface,0e0,1e-9,1e-8,zero
donut,carrier_in_seam_halfplane,0e0,1e-9,1e-8,zero
donut,carrier_on_seam_side,0e0,1e-9,1e-8,zero
donut,carrier_on_seam_surface,1.1102230246251565e-16,1e-9,1e-8,zero
donut,carrier_in_seam_halfplane,0e0,1e-9,1e-8,zero
donut,carrier_on_seam_side,0e0,1e-9,1e-8,zero
donut,carrier_on_seam_surface,1.1102230246251565e-16,1e-9,1e-8,zero
donut,carrier_in_seam_halfplane,0e0,1e-9,1e-8,zero
donut,carrier_on_seam_side,0e0,1e-9,1e-8,zero
donut,carrier_on_seam_surface,-2.7755575615628914e-17,1e-9,1e-8,zero
donut,carrier_in_seam_halfplane,0e0,1e-9,1e-8,zero
donut,carrier_on_seam_side,0e0,1e-9,1e-8,zero
donut,carrier_on_seam_surface,0e0,1e-9,1e-8,zero
donut,carrier_in_seam_halfplane,0e0,1e-9,1e-8,zero
donut,carrier_on_seam_side,0e0,1e-9,1e-8,zero
donut,interval_span_forward,1.5707963267948966e0,1e-9,1e-8,positive
donut,interval_span_winding,1.5707963267948966e0,1e-9,1e-8,positive
donut,carrier_endpoint_start,0e0,1e-9,1e-8,zero
donut,carrier_endpoint_end,0e0,1e-9,1e-8,zero
donut,carrier_on_seam_surface,0e0,1e-9,1e-8,zero
donut,carrier_in_seam_halfplane,0e0,1e-9,1e-8,zero
donut,carrier_on_seam_side,0e0,1e-9,1e-8,zero
donut,carrier_on_seam_surface,-2.7755575615628914e-17,1e-9,1e-8,zero
donut,carrier_in_seam_halfplane,0e0,1e-9,1e-8,zero
donut,carrier_on_seam_side,0e0,1e-9,1e-8,zero
donut,carrier_on_seam_surface,0e0,1e-9,1e-8,zero
donut,carrier_in_seam_halfplane,0e0,1e-9,1e-8,zero
donut,carrier_on_seam_side,0e0,1e-9,1e-8,zero
donut,carrier_on_seam_surface,1.1102230246251565e-16,1e-9,1e-8,zero
donut,carrier_in_seam_halfplane,0e0,1e-9,1e-8,zero
donut,carrier_on_seam_side,0e0,1e-9,1e-8,zero
donut,carrier_on_seam_surface,0e0,1e-9,1e-8,zero
donut,carrier_in_seam_halfplane,0e0,1e-9,1e-8,zero
donut,carrier_on_seam_side,0e0,1e-9,1e-8,zero
donut,carrier_on_seam_surface,1.1102230246251565e-16,1e-9,1e-8,zero
donut,carrier_in_seam_halfplane,0e0,1e-9,1e-8,zero
donut,carrier_on_seam_side,0e0,1e-9,1e-8,zero
donut,carrier_on_seam_surface,-5.551115123125783e-17,1e-9,1e-8,zero
donut,carrier_in_seam_halfplane,0e0,1e-9,1e-8,zero
donut,carrier_on_seam_side,0e0,1e-9,1e-8,zero
donut,carrier_on_seam_surface,5.551115123125783e-17,1e-9,1e-8,zero
donut,carrier_in_seam_halfplane,0e0,1e-9,1e-8,zero
donut,carrier_on_seam_side,0e0,1e-9,1e-8,zero
donut,carrier_on_seam_surface,0e0,1e-9,1e-8,zero
donut,carrier_in_seam_halfplane,0e0,1e-9,1e-8,zero
donut,carrier_on_seam_side,0e0,1e-9,1e-8,zero
donut,interval_span_forward,1.5707963267948966e0,1e-9,1e-8,positive
donut,interval_span_winding,1.5707963267948966e0,1e-9,1e-8,positive
donut,carrier_endpoint_start,0e0,1e-9,1e-8,zero
donut,carrier_endpoint_end,0e0,1e-9,1e-8,zero
donut,carrier_on_seam_surface,0e0,1e-9,1e-8,zero
donut,carrier_in_seam_halfplane,0e0,1e-9,1e-8,zero
donut,carrier_on_seam_side,0e0,1e-9,1e-8,zero
donut,carrier_on_seam_surface,-2.7755575615628914e-17,1e-9,1e-8,zero
donut,carrier_in_seam_halfplane,0e0,1e-9,1e-8,zero
donut,carrier_on_seam_side,0e0,1e-9,1e-8,zero
donut,carrier_on_seam_surface,1.6653345369377348e-16,1e-9,1e-8,zero
donut,carrier_in_seam_halfplane,0e0,1e-9,1e-8,zero
donut,carrier_on_seam_side,0e0,1e-9,1e-8,zero
donut,carrier_on_seam_surface,1.1102230246251565e-16,1e-9,1e-8,zero
donut,carrier_in_seam_halfplane,0e0,1e-9,1e-8,zero
donut,carrier_on_seam_side,0e0,1e-9,1e-8,zero
donut,carrier_on_seam_surface,0e0,1e-9,1e-8,zero
donut,carrier_in_seam_halfplane,0e0,1e-9,1e-8,zero
donut,carrier_on_seam_side,0e0,1e-9,1e-8,zero
donut,carrier_on_seam_surface,1.1102230246251565e-16,1e-9,1e-8,zero
donut,carrier_in_seam_halfplane,0e0,1e-9,1e-8,zero
donut,carrier_on_seam_side,0e0,1e-9,1e-8,zero
donut,carrier_on_seam_surface,1.1102230246251565e-16,1e-9,1e-8,zero
donut,carrier_in_seam_halfplane,0e0,1e-9,1e-8,zero
donut,carrier_on_seam_side,0e0,1e-9,1e-8,zero
donut,carrier_on_seam_surface,-2.7755575615628914e-17,1e-9,1e-8,zero
donut,carrier_in_seam_halfplane,0e0,1e-9,1e-8,zero
donut,carrier_on_seam_side,0e0,1e-9,1e-8,zero
donut,carrier_on_seam_surface,0e0,1e-9,1e-8,zero
donut,carrier_in_seam_halfplane,0e0,1e-9,1e-8,zero
donut,carrier_on_seam_side,0e0,1e-9,1e-8,zero
donut,interval_span_forward,1.2566370614359172e1,1e-9,1e-8,positive
donut,interval_span_winding,0e0,1e-9,1e-8,zero
donut,carrier_endpoint_start,0e0,1e-9,1e-8,zero
donut,carrier_endpoint_end,4.898587196589413e-16,1e-9,1e-8,zero
donut,carrier_matches_mapped_source,0e0,1e-9,1e-8,zero
donut,carrier_matches_mapped_source,0e0,1e-9,1e-8,zero
donut,carrier_matches_mapped_source,0e0,1e-9,1e-8,zero
donut,carrier_matches_mapped_source,0e0,1e-9,1e-8,zero
donut,carrier_matches_mapped_source,0e0,1e-9,1e-8,zero
donut,carrier_matches_mapped_source,0e0,1e-9,1e-8,zero
donut,carrier_matches_mapped_source,0e0,1e-9,1e-8,zero
donut,carrier_matches_mapped_source,0e0,1e-9,1e-8,zero
donut,carrier_matches_mapped_source,0e0,1e-9,1e-8,zero
donut,interval_span_forward,1.2566370614359172e1,1e-9,1e-8,positive
donut,interval_span_winding,0e0,1e-9,1e-8,zero
donut,carrier_endpoint_start,0e0,1e-9,1e-8,zero
donut,carrier_endpoint_end,4.898587196589413e-16,1e-9,1e-8,zero
donut,carrier_matches_mapped_source,0e0,1e-9,1e-8,zero
donut,carrier_matches_mapped_source,0e0,1e-9,1e-8,zero
donut,carrier_matches_mapped_source,0e0,1e-9,1e-8,zero
donut,carrier_matches_mapped_source,0e0,1e-9,1e-8,zero
donut,carrier_matches_mapped_source,0e0,1e-9,1e-8,zero
donut,carrier_matches_mapped_source,0e0,1e-9,1e-8,zero
donut,carrier_matches_mapped_source,0e0,1e-9,1e-8,zero
donut,carrier_matches_mapped_source,0e0,1e-9,1e-8,zero
donut,carrier_matches_mapped_source,0e0,1e-9,1e-8,zero
donut,dihedral_arm,5e-1,1e-9,1e-8,positive
donut,dihedral_wedge,0e0,1e-9,1e-8,zero
donut,dihedral_arm,5e-1,1e-9,1e-8,positive
donut,dihedral_wedge,0e0,1e-9,1e-8,zero
donut,dihedral_arm,5e-1,1e-9,1e-8,positive
donut,dihedral_wedge,0e0,1e-9,1e-8,zero
donut,dihedral_arm,5e-1,1e-9,1e-8,positive
donut,dihedral_wedge,0e0,1e-9,1e-8,zero
donut,dihedral_arm,5e-1,1e-9,1e-8,positive
donut,dihedral_wedge,0e0,1e-9,1e-8,zero
donut,dihedral_arm,5e-1,1e-9,1e-8,positive
donut,dihedral_wedge,0e0,1e-9,1e-8,zero
donut,dihedral_arm,5e-1,1e-9,1e-8,positive
donut,dihedral_wedge,0e0,1e-9,1e-8,zero
donut,dihedral_arm,5e-1,1e-9,1e-8,positive
donut,dihedral_wedge,0e0,1e-9,1e-8,zero
donut,dihedral_arm,5e-1,1e-9,1e-8,positive
donut,dihedral_wedge,0e0,1e-9,1e-8,zero
donut,dihedral_arm,5e-1,1e-9,1e-8,positive
donut,dihedral_wedge,0e0,1e-9,1e-8,zero
donut,dihedral_arm,5e-1,1e-9,1e-8,positive
donut,dihedral_wedge,0e0,1e-9,1e-8,zero
donut,dihedral_arm,5e-1,1e-9,1e-8,positive
donut,dihedral_wedge,0e0,1e-9,1e-8,zero
donut,dihedral_arm,5e-1,1e-9,1e-8,positive
donut,dihedral_wedge,0e0,1e-9,1e-8,zero
donut,dihedral_arm,5e-1,1e-9,1e-8,positive
donut,dihedral_wedge,0e0,1e-9,1e-8,zero
donut,dihedral_arm,5e-1,1e-9,1e-8,positive
donut,dihedral_wedge,0e0,1e-9,1e-8,zero
donut,dihedral_arm,5e-1,1e-9,1e-8,positive
donut,dihedral_wedge,0e0,1e-9,1e-8,zero
donut,dihedral_arm,5e-1,1e-9,1e-8,positive
donut,dihedral_wedge,0e0,1e-9,1e-8,zero
donut,dihedral_arm,5e-1,1e-9,1e-8,positive
donut,dihedral_wedge,0e0,1e-9,1e-8,zero
donut,dihedral_arm,5e-1,1e-9,1e-8,positive
donut,dihedral_wedge,0e0,1e-9,1e-8,zero
donut,dihedral_arm,5e-1,1e-9,1e-8,positive
donut,dihedral_wedge,0e0,1e-9,1e-8,zero
donut,dihedral_arm,5e-1,1e-9,1e-8,positive
donut,dihedral_wedge,0e0,1e-9,1e-8,zero
donut,dihedral_arm,5e-1,1e-9,1e-8,positive
donut,dihedral_wedge,0e0,1e-9,1e-8,zero
donut,dihedral_arm,5e-1,1e-9,1e-8,positive
donut,dihedral_wedge,0e0,1e-9,1e-8,zero
donut,dihedral_arm,5e-1,1e-9,1e-8,positive
donut,dihedral_wedge,0e0,1e-9,1e-8,zero
donut,dihedral_arm,5e-1,1e-9,1e-8,positive
donut,dihedral_wedge,0e0,1e-9,1e-8,zero
donut,dihedral_arm,5e-1,1e-9,1e-8,positive
donut,dihedral_wedge,0e0,1e-9,1e-8,zero
donut,dihedral_arm,5e-1,1e-9,1e-8,positive
donut,dihedral_wedge,0e0,1e-9,1e-8,zero
donut,dihedral_arm,5e-1,1e-9,1e-8,positive
donut,dihedral_wedge,0e0,1e-9,1e-8,zero
donut,props_circle_axis_class,2e0,1e-9,1e-8,positive
donut,props_rim_fit,0e0,1e-9,1e-8,zero
donut,props_circle_axis_class,0e0,1e-9,1e-8,zero
donut,props_meridian_fit,0e0,1e-9,1e-8,zero
donut,props_circle_axis_class,2e0,1e-9,1e-8,positive
donut,props_rim_fit,0e0,1e-9,1e-8,zero
donut,props_circle_axis_class,0e0,1e-9,1e-8,zero
donut,props_meridian_fit,0e0,1e-9,1e-8,zero
donut,props_du_consistent,0e0,1e-9,1e-8,zero
donut,props_meridian_orient,5e-1,1e-9,1e-8,positive
donut,props_face_extent,1.5707963267948966e0,1e-9,1e-8,positive
donut,props_rim_level,0e0,1e-9,1e-8,zero
donut,props_rim_level,6.123233995736766e-17,1e-9,1e-8,zero
donut,props_circle_axis_class,2e0,1e-9,1e-8,positive
donut,props_rim_fit,0e0,1e-9,1e-8,zero
donut,props_circle_axis_class,0e0,1e-9,1e-8,zero
donut,props_meridian_fit,0e0,1e-9,1e-8,zero
donut,props_circle_axis_class,2e0,1e-9,1e-8,positive
donut,props_rim_fit,0e0,1e-9,1e-8,zero
donut,props_circle_axis_class,0e0,1e-9,1e-8,zero
donut,props_meridian_fit,0e0,1e-9,1e-8,zero
donut,props_du_consistent,0e0,1e-9,1e-8,zero
donut,props_meridian_orient,5e-1,1e-9,1e-8,positive
donut,props_face_extent,1.5707963267948966e0,1e-9,1e-8,positive
donut,props_rim_level,0e0,1e-9,1e-8,zero
donut,props_rim_level,6.123233995736766e-17,1e-9,1e-8,zero
donut,positive_volume,2.5e-1,1e-9,1e-8,positive
donut,props_circle_axis_class,2e0,1e-9,1e-8,positive
donut,props_rim_fit,0e0,1e-9,1e-8,zero
donut,props_circle_axis_class,0e0,1e-9,1e-8,zero
donut,props_meridian_fit,0e0,1e-9,1e-8,zero
donut,props_circle_axis_class,2e0,1e-9,1e-8,positive
donut,props_rim_fit,0e0,1e-9,1e-8,zero
donut,props_circle_axis_class,0e0,1e-9,1e-8,zero
donut,props_meridian_fit,0e0,1e-9,1e-8,zero
donut,props_du_consistent,0e0,1e-9,1e-8,zero
donut,props_meridian_orient,5e-1,1e-9,1e-8,positive
donut,props_face_extent,1.5707963267948966e0,1e-9,1e-8,positive
donut,props_rim_level,0e0,1e-9,1e-8,zero
donut,props_rim_level,6.123233995736766e-17,1e-9,1e-8,zero
donut,props_circle_axis_class,2e0,1e-9,1e-8,positive
donut,props_rim_fit,0e0,1e-9,1e-8,zero
donut,props_circle_axis_class,0e0,1e-9,1e-8,zero
donut,props_meridian_fit,0e0,1e-9,1e-8,zero
donut,props_circle_axis_class,2e0,1e-9,1e-8,positive
donut,props_rim_fit,0e0,1e-9,1e-8,zero
donut,props_circle_axis_class,0e0,1e-9,1e-8,zero
donut,props_meridian_fit,0e0,1e-9,1e-8,zero
donut,props_du_consistent,0e0,1e-9,1e-8,zero
donut,props_meridian_orient,5e-1,1e-9,1e-8,positive
donut,props_face_extent,1.5707963267948966e0,1e-9,1e-8,positive
donut,props_rim_level,0e0,1e-9,1e-8,zero
donut,props_rim_level,6.123233995736766e-17,1e-9,1e-8,zero
wedge,vertex_separation,1e0,1e-9,1e-8,positive
wedge,segment_straightness,0e0,1e-9,1e-8,zero
wedge,vertex_separation,1e0,1e-9,1e-8,positive
wedge,segment_straightness,0e0,1e-9,1e-8,zero
wedge,vertex_separation,1e0,1e-9,1e-8,positive
wedge,segment_straightness,0e0,1e-9,1e-8,zero
wedge,vertex_separation,1e0,1e-9,1e-8,positive
wedge,segment_straightness,0e0,1e-9,1e-8,zero
wedge,chord_side,0e0,1e-9,1e-8,zero
wedge,chord_side,1e0,1e-9,1e-8,positive
wedge,chord_side,1e0,1e-9,1e-8,positive
wedge,chord_side,0e0,1e-9,1e-8,zero
wedge,line_span,0e0,1e-9,1e-8,zero
wedge,line_span,0e0,1e-9,1e-8,zero
wedge,contact_at_shared_vertex,0e0,1e-9,1e-8,zero
wedge,contact_at_shared_vertex,0e0,1e-9,1e-8,zero
wedge,chord_side,1e0,1e-9,1e-8,positive
wedge,chord_side,1e0,1e-9,1e-8,positive
wedge,chord_side,1e0,1e-9,1e-8,positive
wedge,chord_side,1e0,1e-9,1e-8,positive
wedge,chord_side,1e0,1e-9,1e-8,positive
wedge,chord_side,0e0,1e-9,1e-8,zero
wedge,chord_side,0e0,1e-9,1e-8,zero
wedge,chord_side,1e0,1e-9,1e-8,positive
wedge,line_span,0e0,1e-9,1e-8,zero
wedge,line_span,0e0,1e-9,1e-8,zero
wedge,contact_at_shared_vertex,0e0,1e-9,1e-8,zero
wedge,contact_at_shared_vertex,0e0,1e-9,1e-8,zero
wedge,chord_side,0e0,1e-9,1e-8,zero
wedge,chord_side,1e0,1e-9,1e-8,positive
wedge,chord_side,1e0,1e-9,1e-8,positive
wedge,chord_side,-0e0,1e-9,1e-8,zero
wedge,line_span,0e0,1e-9,1e-8,zero
wedge,line_span,0e0,1e-9,1e-8,zero
wedge,contact_at_shared_vertex,0e0,1e-9,1e-8,zero
wedge,contact_at_shared_vertex,0e0,1e-9,1e-8,zero
wedge,chord_side,1e0,1e-9,1e-8,positive
wedge,chord_side,1e0,1e-9,1e-8,positive
wedge,chord_side,1e0,1e-9,1e-8,positive
wedge,chord_side,1e0,1e-9,1e-8,positive
wedge,chord_side,0e0,1e-9,1e-8,zero
wedge,chord_side,1e0,1e-9,1e-8,positive
wedge,chord_side,1e0,1e-9,1e-8,positive
wedge,chord_side,0e0,1e-9,1e-8,zero
wedge,line_span,0e0,1e-9,1e-8,zero
wedge,line_span,0e0,1e-9,1e-8,zero
wedge,contact_at_shared_vertex,0e0,1e-9,1e-8,zero
wedge,contact_at_shared_vertex,0e0,1e-9,1e-8,zero
wedge,canonical_order_x,1e0,5e-324,1e-323,positive
wedge,canonical_order_x,1e0,5e-324,1e-323,positive
wedge,canonical_order_x,0e0,5e-324,1e-323,zero
wedge,canonical_order_y,1e0,5e-324,1e-323,positive
wedge,loop_orientation,5e-1,1e-9,1e-8,positive
wedge,canonical_order_x,1e0,5e-324,1e-323,positive
wedge,canonical_order_x,1e0,5e-324,1e-323,positive
wedge,canonical_order_x,0e0,5e-324,1e-323,zero
wedge,canonical_order_y,1e0,5e-324,1e-323,positive
wedge,vertex_separation,1e0,1e-9,1e-8,positive
wedge,segment_straightness,0e0,1e-9,1e-8,zero
wedge,vertex_separation,1e0,1e-9,1e-8,positive
wedge,segment_straightness,0e0,1e-9,1e-8,zero
wedge,vertex_separation,1e0,1e-9,1e-8,positive
wedge,segment_straightness,0e0,1e-9,1e-8,zero
wedge,vertex_separation,1e0,1e-9,1e-8,positive
wedge,segment_straightness,0e0,1e-9,1e-8,zero
wedge,revolve_axis_direction,1e0,1e-9,1e-8,positive
wedge,revolve_angle,3.141592653589793e0,1e-9,1e-8,positive
wedge,revolve_angle_headroom,9.42477796076938e0,1e-9,1e-8,positive
wedge,axis_vertex_radius,1e0,1e-9,1e-8,positive
wedge,axis_vertex_radius,1e0,1e-9,1e-8,positive
wedge,axis_vertex_radius,2e0,1e-9,1e-8,positive
wedge,axis_vertex_radius,2e0,1e-9,1e-8,positive
wedge,axis_line_radial,0e0,1e-9,1e-8,zero
wedge,axis_line_radial,1e0,1e-9,1e-8,positive
wedge,axis_line_axial,0e0,1e-9,1e-8,zero
wedge,axis_line_radial,0e0,1e-9,1e-8,zero
wedge,axis_line_radial,-1e0,1e-9,1e-8,negative
wedge,axis_line_axial,0e0,1e-9,1e-8,zero
wedge,interval_span_forward,1e0,1e-9,1e-8,positive
wedge,carrier_endpoint_start,0e0,1e-9,1e-8,zero
wedge,carrier_endpoint_end,0e0,1e-9,1e-8,zero
wedge,carrier_matches_mapped_source,0e0,1e-9,1e-8,zero
wedge,carrier_matches_mapped_source,0e0,1e-9,1e-8,zero
wedge,carrier_matches_mapped_source,0e0,1e-9,1e-8,zero
wedge,carrier_matches_mapped_source,0e0,1e-9,1e-8,zero
wedge,carrier_matches_mapped_source,0e0,1e-9,1e-8,zero
wedge,carrier_matches_mapped_source,0e0,1e-9,1e-8,zero
wedge,carrier_matches_mapped_source,0e0,1e-9,1e-8,zero
wedge,carrier_matches_mapped_source,0e0,1e-9,1e-8,zero
wedge,carrier_matches_mapped_source,0e0,1e-9,1e-8,zero
wedge,interval_span_forward,1e0,1e-9,1e-8,positive
wedge,carrier_endpoint_start,0e0,1e-9,1e-8,zero
wedge,carrier_endpoint_end,0e0,1e-9,1e-8,zero
wedge,carrier_matches_mapped_source,0e0,1e-9,1e-8,zero
wedge,carrier_matches_mapped_source,0e0,1e-9,1e-8,zero
wedge,carrier_matches_mapped_source,0e0,1e-9,1e-8,zero
wedge,carrier_matches_mapped_source,0e0,1e-9,1e-8,zero
wedge,carrier_matches_mapped_source,0e0,1e-9,1e-8,zero
wedge,carrier_matches_mapped_source,0e0,1e-9,1e-8,zero
wedge,carrier_matches_mapped_source,0e0,1e-9,1e-8,zero
wedge,carrier_matches_mapped_source,0e0,1e-9,1e-8,zero
wedge,carrier_matches_mapped_source,0e0,1e-9,1e-8,zero
wedge,interval_span_forward,1e0,1e-9,1e-8,positive
wedge,carrier_endpoint_start,0e0,1e-9,1e-8,zero
wedge,carrier_endpoint_end,0e0,1e-9,1e-8,zero
wedge,carrier_matches_mapped_source,0e0,1e-9,1e-8,zero
wedge,carrier_matches_mapped_source,0e0,1e-9,1e-8,zero
wedge,carrier_matches_mapped_source,0e0,1e-9,1e-8,zero
wedge,carrier_matches_mapped_source,0e0,1e-9,1e-8,zero
wedge,carrier_matches_mapped_source,0e0,1e-9,1e-8,zero
wedge,carrier_matches_mapped_source,0e0,1e-9,1e-8,zero
wedge,carrier_matches_mapped_source,0e0,1e-9,1e-8,zero
wedge,carrier_matches_mapped_source,0e0,1e-9,1e-8,zero
wedge,carrier_matches_mapped_source,0e0,1e-9,1e-8,zero
wedge,newell_plane_residual,0e0,1e-9,1e-8,zero
wedge,newell_plane_residual,0e0,1e-9,1e-8,zero
wedge,newell_plane_residual,0e0,1e-9,1e-8,zero
wedge,newell_plane_residual,0e0,1e-9,1e-8,zero
wedge,interval_span_forward,1e0,1e-9,1e-8,positive
wedge,carrier_endpoint_start,0e0,1e-9,1e-8,zero
wedge,carrier_endpoint_end,0e0,1e-9,1e-8,zero
wedge,carrier_matches_mapped_source,0e0,1e-9,1e-8,zero
wedge,carrier_matches_mapped_source,0e0,1e-9,1e-8,zero
wedge,carrier_matches_mapped_source,0e0,1e-9,1e-8,zero
wedge,carrier_matches_mapped_source,0e0,1e-9,1e-8,zero
wedge,carrier_matches_mapped_source,0e0,1e-9,1e-8,zero
wedge,carrier_matches_mapped_source,0e0,1e-9,1e-8,zero
wedge,carrier_matches_mapped_source,0e0,1e-9,1e-8,zero
wedge,carrier_matches_mapped_source,0e0,1e-9,1e-8,zero
wedge,carrier_matches_mapped_source,0e0,1e-9,1e-8,zero
wedge,wall_lines_cosurface,-1e0,1e-9,1e-8,negative
wedge,wall_lines_cosurface,-1e0,1e-9,1e-8,negative
wedge,wall_lines_cosurface,-1e0,1e-9,1e-8,negative
wedge,wall_lines_cosurface,-1e0,1e-9,1e-8,negative
wedge,interval_span_forward,1.5707963267948966e0,1e-9,1e-8,positive
wedge,interval_span_winding,4.71238898038469e0,1e-9,1e-8,positive
wedge,carrier_endpoint_start,0e0,1e-9,1e-8,zero
wedge,carrier_endpoint_end,0e0,1e-9,1e-8,zero
wedge,carrier_matches_mapped_source,0e0,1e-9,1e-8,zero
wedge,carrier_matches_mapped_source,0e0,1e-9,1e-8,zero
wedge,carrier_matches_mapped_source,0e0,1e-9,1e-8,zero
wedge,carrier_matches_mapped_source,0e0,1e-9,1e-8,zero
wedge,carrier_matches_mapped_source,0e0,1e-9,1e-8,zero
wedge,carrier_matches_mapped_source,0e0,1e-9,1e-8,zero
wedge,carrier_matches_mapped_source,0e0,1e-9,1e-8,zero
wedge,carrier_matches_mapped_source,0e0,1e-9,1e-8,zero
wedge,carrier_matches_mapped_source,0e0,1e-9,1e-8,zero
wedge,interval_span_forward,1.5707963267948966e0,1e-9,1e-8,positive
wedge,interval_span_winding,4.71238898038469e0,1e-9,1e-8,positive
wedge,carrier_endpoint_start,0e0,1e-9,1e-8,zero
wedge,carrier_endpoint_end,0e0,1e-9,1e-8,zero
wedge,carrier_matches_mapped_source,0e0,1e-9,1e-8,zero
wedge,carrier_matches_mapped_source,0e0,1e-9,1e-8,zero
wedge,carrier_matches_mapped_source,0e0,1e-9,1e-8,zero
wedge,carrier_matches_mapped_source,0e0,1e-9,1e-8,zero
wedge,carrier_matches_mapped_source,0e0,1e-9,1e-8,zero
wedge,carrier_matches_mapped_source,0e0,1e-9,1e-8,zero
wedge,carrier_matches_mapped_source,0e0,1e-9,1e-8,zero
wedge,carrier_matches_mapped_source,0e0,1e-9,1e-8,zero
wedge,carrier_matches_mapped_source,0e0,1e-9,1e-8,zero
wedge,interval_span_forward,3.141592653589793e0,1e-9,1e-8,positive
wedge,interval_span_winding,9.42477796076938e0,1e-9,1e-8,positive
wedge,carrier_endpoint_start,0e0,1e-9,1e-8,zero
wedge,carrier_endpoint_end,0e0,1e-9,1e-8,zero
wedge,carrier_matches_mapped_source,0e0,1e-9,1e-8,zero
wedge,carrier_matches_mapped_source,0e0,1e-9,1e-8,zero
wedge,carrier_matches_mapped_source,0e0,1e-9,1e-8,zero
wedge,carrier_matches_mapped_source,0e0,1e-9,1e-8,zero
wedge,carrier_matches_mapped_source,0e0,1e-9,1e-8,zero
wedge,carrier_matches_mapped_source,0e0,1e-9,1e-8,zero
wedge,carrier_matches_mapped_source,0e0,1e-9,1e-8,zero
wedge,carrier_matches_mapped_source,0e0,1e-9,1e-8,zero
wedge,carrier_matches_mapped_source,0e0,1e-9,1e-8,zero
wedge,interval_span_forward,3.141592653589793e0,1e-9,1e-8,positive
wedge,interval_span_winding,9.42477796076938e0,1e-9,1e-8,positive
wedge,carrier_endpoint_start,0e0,1e-9,1e-8,zero
wedge,carrier_endpoint_end,0e0,1e-9,1e-8,zero
wedge,carrier_matches_mapped_source,0e0,1e-9,1e-8,zero
wedge,carrier_matches_mapped_source,0e0,1e-9,1e-8,zero
wedge,carrier_matches_mapped_source,0e0,1e-9,1e-8,zero
wedge,carrier_matches_mapped_source,0e0,1e-9,1e-8,zero
wedge,carrier_matches_mapped_source,0e0,1e-9,1e-8,zero
wedge,carrier_matches_mapped_source,0e0,1e-9,1e-8,zero
wedge,carrier_matches_mapped_source,0e0,1e-9,1e-8,zero
wedge,carrier_matches_mapped_source,0e0,1e-9,1e-8,zero
wedge,carrier_matches_mapped_source,0e0,1e-9,1e-8,zero
wedge,interval_span_forward,1e0,1e-9,1e-8,positive
wedge,carrier_endpoint_start,0e0,1e-9,1e-8,zero
wedge,carrier_endpoint_end,0e0,1e-9,1e-8,zero
wedge,carrier_matches_mapped_source,0e0,1e-9,1e-8,zero
wedge,carrier_matches_mapped_source,0e0,1e-9,1e-8,zero
wedge,carrier_matches_mapped_source,0e0,1e-9,1e-8,zero
wedge,carrier_matches_mapped_source,0e0,1e-9,1e-8,zero
wedge,carrier_matches_mapped_source,0e0,1e-9,1e-8,zero
wedge,carrier_matches_mapped_source,0e0,1e-9,1e-8,zero
wedge,carrier_matches_mapped_source,0e0,1e-9,1e-8,zero
wedge,carrier_matches_mapped_source,0e0,1e-9,1e-8,zero
wedge,carrier_matches_mapped_source,0e0,1e-9,1e-8,zero
wedge,interval_span_forward,1e0,1e-9,1e-8,positive
wedge,carrier_endpoint_start,0e0,1e-9,1e-8,zero
wedge,carrier_endpoint_end,0e0,1e-9,1e-8,zero
wedge,carrier_matches_mapped_source,0e0,1e-9,1e-8,zero
wedge,carrier_matches_mapped_source,0e0,1e-9,1e-8,zero
wedge,carrier_matches_mapped_source,0e0,1e-9,1e-8,zero
wedge,carrier_matches_mapped_source,0e0,1e-9,1e-8,zero
wedge,carrier_matches_mapped_source,0e0,1e-9,1e-8,zero
wedge,carrier_matches_mapped_source,1.232595164407831e-32,1e-9,1e-8,zero
wedge,carrier_matches_mapped_source,0e0,1e-9,1e-8,zero
wedge,carrier_matches_mapped_source,2.465190328815662e-32,1e-9,1e-8,zero
wedge,carrier_matches_mapped_source,0e0,1e-9,1e-8,zero
wedge,interval_span_forward,1e0,1e-9,1e-8,positive
wedge,carrier_endpoint_start,0e0,1e-9,1e-8,zero
wedge,carrier_endpoint_end,0e0,1e-9,1e-8,zero
wedge,carrier_matches_mapped_source,0e0,1e-9,1e-8,zero
wedge,carrier_matches_mapped_source,0e0,1e-9,1e-8,zero
wedge,carrier_matches_mapped_source,0e0,1e-9,1e-8,zero
wedge,carrier_matches_mapped_source,0e0,1e-9,1e-8,zero
wedge,carrier_matches_mapped_source,0e0,1e-9,1e-8,zero
wedge,carrier_matches_mapped_source,0e0,1e-9,1e-8,zero
wedge,carrier_matches_mapped_source,0e0,1e-9,1e-8,zero
wedge,carrier_matches_mapped_source,0e0,1e-9,1e-8,zero
wedge,carrier_matches_mapped_source,0e0,1e-9,1e-8,zero
wedge,interval_span_forward,1e0,1e-9,1e-8,positive
wedge,carrier_endpoint_start,0e0,1e-9,1e-8,zero
wedge,carrier_endpoint_end,0e0,1e-9,1e-8,zero
wedge,carrier_matches_mapped_source,0e0,1e-9,1e-8,zero
wedge,carrier_matches_mapped_source,0e0,1e-9,1e-8,zero
wedge,carrier_matches_mapped_source,0e0,1e-9,1e-8,zero
wedge,carrier_matches_mapped_source,1.232595164407831e-32,1e-9,1e-8,zero
wedge,carrier_matches_mapped_source,0e0,1e-9,1e-8,zero
wedge,carrier_matches_mapped_source,0e0,1e-9,1e-8,zero
wedge,carrier_matches_mapped_source,0e0,1e-9,1e-8,zero
wedge,carrier_matches_mapped_source,0e0,1e-9,1e-8,zero
wedge,carrier_matches_mapped_source,0e0,1e-9,1e-8,zero
wedge,dihedral_arm,1e0,1e-9,1e-8,positive
wedge,dihedral_wedge,1e0,1e-9,1e-8,positive
wedge,interval_span_forward,1.5707963267948966e0,1e-9,1e-8,positive
wedge,interval_span_winding,4.71238898038469e0,1e-9,1e-8,positive
wedge,carrier_endpoint_start,0e0,1e-9,1e-8,zero
wedge,carrier_endpoint_end,0e0,1e-9,1e-8,zero
wedge,carrier_on_surface_1,0e0,1e-9,1e-8,zero
wedge,carrier_on_surface_2,0e0,1e-9,1e-8,zero
wedge,carrier_on_surface_1,0e0,1e-9,1e-8,zero
wedge,carrier_on_surface_2,0e0,1e-9,1e-8,zero
wedge,dihedral_arm,1e0,1e-9,1e-8,positive
wedge,dihedral_wedge,1e0,1e-9,1e-8,positive
wedge,carrier_on_surface_1,0e0,1e-9,1e-8,zero
wedge,carrier_on_surface_2,0e0,1e-9,1e-8,zero
wedge,dihedral_arm,1e0,1e-9,1e-8,positive
wedge,dihedral_wedge,1e0,1e-9,1e-8,positive
wedge,carrier_on_surface_1,0e0,1e-9,1e-8,zero
wedge,carrier_on_surface_2,0e0,1e-9,1e-8,zero
wedge,dihedral_arm,1e0,1e-9,1e-8,positive
wedge,dihedral_wedge,1e0,1e-9,1e-8,positive
wedge,carrier_on_surface_1,0e0,1e-9,1e-8,zero
wedge,carrier_on_surface_2,0e0,1e-9,1e-8,zero
wedge,dihedral_arm,1e0,1e-9,1e-8,positive
wedge,dihedral_wedge,1e0,1e-9,1e-8,positive
wedge,carrier_on_surface_1,0e0,1e-9,1e-8,zero
wedge,carrier_on_surface_2,0e0,1e-9,1e-8,zero
wedge,dihedral_arm,1e0,1e-9,1e-8,positive
wedge,dihedral_wedge,1e0,1e-9,1e-8,positive
wedge,carrier_on_surface_1,0e0,1e-9,1e-8,zero
wedge,carrier_on_surface_2,0e0,1e-9,1e-8,zero
wedge,dihedral_arm,1e0,1e-9,1e-8,positive
wedge,dihedral_wedge,1e0,1e-9,1e-8,positive
wedge,carrier_on_surface_1,0e0,1e-9,1e-8,zero
wedge,carrier_on_surface_2,0e0,1e-9,1e-8,zero
wedge,dihedral_arm,1e0,1e-9,1e-8,positive
wedge,dihedral_wedge,1e0,1e-9,1e-8,positive
wedge,carrier_on_surface_1,0e0,1e-9,1e-8,zero
wedge,carrier_on_surface_2,0e0,1e-9,1e-8,zero
wedge,witness_on_surface_1,0e0,1e-9,1e-8,zero
wedge,witness_on_surface_2,0e0,1e-9,1e-8,zero
wedge,witness_at_mid_parameter,0e0,1e-9,1e-8,zero
wedge,dihedral_arm,1e0,1e-9,1e-8,positive
wedge,dihedral_wedge,1e0,1e-9,1e-8,positive
wedge,interval_span_forward,1.5707963267948966e0,1e-9,1e-8,positive
wedge,interval_span_winding,4.71238898038469e0,1e-9,1e-8,positive
wedge,carrier_endpoint_start,0e0,1e-9,1e-8,zero
wedge,carrier_endpoint_end,0e0,1e-9,1e-8,zero
wedge,carrier_on_surface_1,0e0,1e-9,1e-8,zero
wedge,carrier_on_surface_2,0e0,1e-9,1e-8,zero
wedge,carrier_on_surface_1,0e0,1e-9,1e-8,zero
wedge,carrier_on_surface_2,0e0,1e-9,1e-8,zero
wedge,dihedral_arm,1e0,1e-9,1e-8,positive
wedge,dihedral_wedge,1e0,1e-9,1e-8,positive
wedge,carrier_on_surface_1,0e0,1e-9,1e-8,zero
wedge,carrier_on_surface_2,0e0,1e-9,1e-8,zero
wedge,dihedral_arm,1e0,1e-9,1e-8,positive
wedge,dihedral_wedge,1e0,1e-9,1e-8,positive
wedge,carrier_on_surface_1,0e0,1e-9,1e-8,zero
wedge,carrier_on_surface_2,0e0,1e-9,1e-8,zero
wedge,dihedral_arm,1e0,1e-9,1e-8,positive
wedge,dihedral_wedge,1e0,1e-9,1e-8,positive
wedge,carrier_on_surface_1,0e0,1e-9,1e-8,zero
wedge,carrier_on_surface_2,0e0,1e-9,1e-8,zero
wedge,dihedral_arm,1e0,1e-9,1e-8,positive
wedge,dihedral_wedge,1e0,1e-9,1e-8,positive
wedge,carrier_on_surface_1,0e0,1e-9,1e-8,zero
wedge,carrier_on_surface_2,0e0,1e-9,1e-8,zero
wedge,dihedral_arm,1e0,1e-9,1e-8,positive
wedge,dihedral_wedge,1e0,1e-9,1e-8,positive
wedge,carrier_on_surface_1,0e0,1e-9,1e-8,zero
wedge,carrier_on_surface_2,0e0,1e-9,1e-8,zero
wedge,dihedral_arm,1e0,1e-9,1e-8,positive
wedge,dihedral_wedge,1e0,1e-9,1e-8,positive
wedge,carrier_on_surface_1,0e0,1e-9,1e-8,zero
wedge,carrier_on_surface_2,0e0,1e-9,1e-8,zero
wedge,dihedral_arm,1e0,1e-9,1e-8,positive
wedge,dihedral_wedge,1e0,1e-9,1e-8,positive
wedge,carrier_on_surface_1,0e0,1e-9,1e-8,zero
wedge,carrier_on_surface_2,0e0,1e-9,1e-8,zero
wedge,witness_on_surface_1,0e0,1e-9,1e-8,zero
wedge,witness_on_surface_2,0e0,1e-9,1e-8,zero
wedge,witness_at_mid_parameter,0e0,1e-9,1e-8,zero
wedge,dihedral_arm,2e0,1e-9,1e-8,positive
wedge,dihedral_wedge,2e0,1e-9,1e-8,positive
wedge,interval_span_forward,3.141592653589793e0,1e-9,1e-8,positive
wedge,interval_span_winding,9.42477796076938e0,1e-9,1e-8,positive
wedge,carrier_endpoint_start,0e0,1e-9,1e-8,zero
wedge,carrier_endpoint_end,0e0,1e-9,1e-8,zero
wedge,carrier_on_surface_1,0e0,1e-9,1e-8,zero
wedge,carrier_on_surface_2,0e0,1e-9,1e-8,zero
wedge,carrier_on_surface_1,0e0,1e-9,1e-8,zero
wedge,carrier_on_surface_2,0e0,1e-9,1e-8,zero
wedge,dihedral_arm,2e0,1e-9,1e-8,positive
wedge,dihedral_wedge,2e0,1e-9,1e-8,positive
wedge,carrier_on_surface_1,0e0,1e-9,1e-8,zero
wedge,carrier_on_surface_2,0e0,1e-9,1e-8,zero
wedge,dihedral_arm,2e0,1e-9,1e-8,positive
wedge,dihedral_wedge,2e0,1e-9,1e-8,positive
wedge,carrier_on_surface_1,0e0,1e-9,1e-8,zero
wedge,carrier_on_surface_2,0e0,1e-9,1e-8,zero
wedge,dihedral_arm,2e0,1e-9,1e-8,positive
wedge,dihedral_wedge,2e0,1e-9,1e-8,positive
wedge,carrier_on_surface_1,0e0,1e-9,1e-8,zero
wedge,carrier_on_surface_2,0e0,1e-9,1e-8,zero
wedge,dihedral_arm,2e0,1e-9,1e-8,positive
wedge,dihedral_wedge,2e0,1e-9,1e-8,positive
wedge,carrier_on_surface_1,0e0,1e-9,1e-8,zero
wedge,carrier_on_surface_2,0e0,1e-9,1e-8,zero
wedge,dihedral_arm,2e0,1e-9,1e-8,positive
wedge,dihedral_wedge,2e0,1e-9,1e-8,positive
wedge,carrier_on_surface_1,0e0,1e-9,1e-8,zero
wedge,carrier_on_surface_2,0e0,1e-9,1e-8,zero
wedge,dihedral_arm,2e0,1e-9,1e-8,positive
wedge,dihedral_wedge,2e0,1e-9,1e-8,positive
wedge,carrier_on_surface_1,0e0,1e-9,1e-8,zero
wedge,carrier_on_surface_2,0e0,1e-9,1e-8,zero
wedge,dihedral_arm,2e0,1e-9,1e-8,positive
wedge,dihedral_wedge,2e0,1e-9,1e-8,positive
wedge,carrier_on_surface_1,0e0,1e-9,1e-8,zero
wedge,carrier_on_surface_2,0e0,1e-9,1e-8,zero
wedge,witness_on_surface_1,0e0,1e-9,1e-8,zero
wedge,witness_on_surface_2,0e0,1e-9,1e-8,zero
wedge,witness_at_mid_parameter,0e0,1e-9,1e-8,zero
wedge,dihedral_arm,2e0,1e-9,1e-8,positive
wedge,dihedral_wedge,2e0,1e-9,1e-8,positive
wedge,interval_span_forward,3.141592653589793e0,1e-9,1e-8,positive
wedge,interval_span_winding,9.42477796076938e0,1e-9,1e-8,positive
wedge,carrier_endpoint_start,0e0,1e-9,1e-8,zero
wedge,carrier_endpoint_end,0e0,1e-9,1e-8,zero
wedge,carrier_on_surface_1,0e0,1e-9,1e-8,zero
wedge,carrier_on_surface_2,0e0,1e-9,1e-8,zero
wedge,carrier_on_surface_1,0e0,1e-9,1e-8,zero
wedge,carrier_on_surface_2,0e0,1e-9,1e-8,zero
wedge,dihedral_arm,2e0,1e-9,1e-8,positive
wedge,dihedral_wedge,2e0,1e-9,1e-8,positive
wedge,carrier_on_surface_1,0e0,1e-9,1e-8,zero
wedge,carrier_on_surface_2,0e0,1e-9,1e-8,zero
wedge,dihedral_arm,2e0,1e-9,1e-8,positive
wedge,dihedral_wedge,2e0,1e-9,1e-8,positive
wedge,carrier_on_surface_1,0e0,1e-9,1e-8,zero
wedge,carrier_on_surface_2,0e0,1e-9,1e-8,zero
wedge,dihedral_arm,2e0,1e-9,1e-8,positive
wedge,dihedral_wedge,2e0,1e-9,1e-8,positive
wedge,carrier_on_surface_1,0e0,1e-9,1e-8,zero
wedge,carrier_on_surface_2,0e0,1e-9,1e-8,zero
wedge,dihedral_arm,2e0,1e-9,1e-8,positive
wedge,dihedral_wedge,2e0,1e-9,1e-8,positive
wedge,carrier_on_surface_1,0e0,1e-9,1e-8,zero
wedge,carrier_on_surface_2,0e0,1e-9,1e-8,zero
wedge,dihedral_arm,2e0,1e-9,1e-8,positive
wedge,dihedral_wedge,2e0,1e-9,1e-8,positive
wedge,carrier_on_surface_1,0e0,1e-9,1e-8,zero
wedge,carrier_on_surface_2,0e0,1e-9,1e-8,zero
wedge,dihedral_arm,2e0,1e-9,1e-8,positive
wedge,dihedral_wedge,2e0,1e-9,1e-8,positive
wedge,carrier_on_surface_1,0e0,1e-9,1e-8,zero
wedge,carrier_on_surface_2,0e0,1e-9,1e-8,zero
wedge,dihedral_arm,2e0,1e-9,1e-8,positive
wedge,dihedral_wedge,2e0,1e-9,1e-8,positive
wedge,carrier_on_surface_1,0e0,1e-9,1e-8,zero
wedge,carrier_on_surface_2,0e0,1e-9,1e-8,zero
wedge,witness_on_surface_1,0e0,1e-9,1e-8,zero
wedge,witness_on_surface_2,0e0,1e-9,1e-8,zero
wedge,witness_at_mid_parameter,0e0,1e-9,1e-8,zero
wedge,newell_plane_residual,-6.162975822039155e-33,1e-9,1e-8,zero
wedge,newell_plane_residual,-6.162975822039155e-33,1e-9,1e-8,zero
wedge,newell_plane_residual,-6.162975822039155e-33,1e-9,1e-8,zero
wedge,newell_plane_residual,-6.162975822039155e-33,1e-9,1e-8,zero
wedge,dihedral_arm,1e0,1e-9,1e-8,positive
wedge,dihedral_wedge,1e0,1e-9,1e-8,positive
wedge,interval_span_forward,1e0,1e-9,1e-8,positive
wedge,carrier_endpoint_start,0e0,1e-9,1e-8,zero
wedge,carrier_endpoint_end,0e0,1e-9,1e-8,zero
wedge,carrier_on_surface_1,0e0,1e-9,1e-8,zero
wedge,carrier_on_surface_2,0e0,1e-9,1e-8,zero
wedge,carrier_on_surface_1,0e0,1e-9,1e-8,zero
wedge,carrier_on_surface_2,0e0,1e-9,1e-8,zero
wedge,dihedral_arm,1e0,1e-9,1e-8,positive
wedge,dihedral_wedge,1e0,1e-9,1e-8,positive
wedge,carrier_on_surface_1,0e0,1e-9,1e-8,zero
wedge,carrier_on_surface_2,0e0,1e-9,1e-8,zero
wedge,dihedral_arm,1e0,1e-9,1e-8,positive
wedge,dihedral_wedge,1e0,1e-9,1e-8,positive
wedge,carrier_on_surface_1,0e0,1e-9,1e-8,zero
wedge,carrier_on_surface_2,0e0,1e-9,1e-8,zero
wedge,dihedral_arm,1e0,1e-9,1e-8,positive
wedge,dihedral_wedge,1e0,1e-9,1e-8,positive
wedge,carrier_on_surface_1,0e0,1e-9,1e-8,zero
wedge,carrier_on_surface_2,0e0,1e-9,1e-8,zero
wedge,dihedral_arm,1e0,1e-9,1e-8,positive
wedge,dihedral_wedge,1e0,1e-9,1e-8,positive
wedge,carrier_on_surface_1,0e0,1e-9,1e-8,zero
wedge,carrier_on_surface_2,0e0,1e-9,1e-8,zero
wedge,dihedral_arm,1e0,1e-9,1e-8,positive
wedge,dihedral_wedge,1e0,1e-9,1e-8,positive
wedge,carrier_on_surface_1,0e0,1e-9,1e-8,zero
wedge,carrier_on_surface_2,0e0,1e-9,1e-8,zero
wedge,dihedral_arm,1e0,1e-9,1e-8,positive
wedge,dihedral_wedge,1e0,1e-9,1e-8,positive
wedge,carrier_on_surface_1,0e0,1e-9,1e-8,zero
wedge,carrier_on_surface_2,0e0,1e-9,1e-8,zero
wedge,dihedral_arm,1e0,1e-9,1e-8,positive
wedge,dihedral_wedge,1e0,1e-9,1e-8,positive
wedge,carrier_on_surface_1,0e0,1e-9,1e-8,zero
wedge,carrier_on_surface_2,0e0,1e-9,1e-8,zero
wedge,witness_on_surface_1,0e0,1e-9,1e-8,zero
wedge,witness_on_surface_2,0e0,1e-9,1e-8,zero
wedge,witness_at_mid_parameter,0e0,1e-9,1e-8,zero
wedge,dihedral_arm,1e0,1e-9,1e-8,positive
wedge,dihedral_wedge,1e0,1e-9,1e-8,positive
wedge,interval_span_forward,1e0,1e-9,1e-8,positive
wedge,carrier_endpoint_start,0e0,1e-9,1e-8,zero
wedge,carrier_endpoint_end,0e0,1e-9,1e-8,zero
wedge,carrier_on_surface_1,-6.162975822039155e-33,1e-9,1e-8,zero
wedge,carrier_on_surface_2,0e0,1e-9,1e-8,zero
wedge,carrier_on_surface_1,-6.162975822039155e-33,1e-9,1e-8,zero
wedge,carrier_on_surface_2,0e0,1e-9,1e-8,zero
wedge,dihedral_arm,1e0,1e-9,1e-8,positive
wedge,dihedral_wedge,1e0,1e-9,1e-8,positive
wedge,carrier_on_surface_1,-6.162975822039155e-33,1e-9,1e-8,zero
wedge,carrier_on_surface_2,0e0,1e-9,1e-8,zero
wedge,dihedral_arm,1e0,1e-9,1e-8,positive
wedge,dihedral_wedge,1e0,1e-9,1e-8,positive
wedge,carrier_on_surface_1,-6.162975822039155e-33,1e-9,1e-8,zero
wedge,carrier_on_surface_2,0e0,1e-9,1e-8,zero
wedge,dihedral_arm,1e0,1e-9,1e-8,positive
wedge,dihedral_wedge,1e0,1e-9,1e-8,positive
wedge,carrier_on_surface_1,-6.162975822039155e-33,1e-9,1e-8,zero
wedge,carrier_on_surface_2,0e0,1e-9,1e-8,zero
wedge,dihedral_arm,1e0,1e-9,1e-8,positive
wedge,dihedral_wedge,1e0,1e-9,1e-8,positive
wedge,carrier_on_surface_1,-6.162975822039155e-33,1e-9,1e-8,zero
wedge,carrier_on_surface_2,0e0,1e-9,1e-8,zero
wedge,dihedral_arm,1e0,1e-9,1e-8,positive
wedge,dihedral_wedge,1e0,1e-9,1e-8,positive
wedge,carrier_on_surface_1,-6.162975822039155e-33,1e-9,1e-8,zero
wedge,carrier_on_surface_2,0e0,1e-9,1e-8,zero
wedge,dihedral_arm,1e0,1e-9,1e-8,positive
wedge,dihedral_wedge,1e0,1e-9,1e-8,positive
wedge,carrier_on_surface_1,-6.162975822039155e-33,1e-9,1e-8,zero
wedge,carrier_on_surface_2,0e0,1e-9,1e-8,zero
wedge,dihedral_arm,1e0,1e-9,1e-8,positive
wedge,dihedral_wedge,1e0,1e-9,1e-8,positive
wedge,carrier_on_surface_1,-6.162975822039155e-33,1e-9,1e-8,zero
wedge,carrier_on_surface_2,0e0,1e-9,1e-8,zero
wedge,witness_on_surface_1,-6.162975822039155e-33,1e-9,1e-8,zero
wedge,witness_on_surface_2,0e0,1e-9,1e-8,zero
wedge,witness_at_mid_parameter,0e0,1e-9,1e-8,zero
wedge,dihedral_arm,1e0,1e-9,1e-8,positive
wedge,dihedral_wedge,1e0,1e-9,1e-8,positive
wedge,interval_span_forward,1e0,1e-9,1e-8,positive
wedge,carrier_endpoint_start,0e0,1e-9,1e-8,zero
wedge,carrier_endpoint_end,0e0,1e-9,1e-8,zero
wedge,carrier_on_surface_1,0e0,1e-9,1e-8,zero
wedge,carrier_on_surface_2,0e0,1e-9,1e-8,zero
wedge,carrier_on_surface_1,0e0,1e-9,1e-8,zero
wedge,carrier_on_surface_2,0e0,1e-9,1e-8,zero
wedge,dihedral_arm,1e0,1e-9,1e-8,positive
wedge,dihedral_wedge,1e0,1e-9,1e-8,positive
wedge,carrier_on_surface_1,0e0,1e-9,1e-8,zero
wedge,carrier_on_surface_2,0e0,1e-9,1e-8,zero
wedge,dihedral_arm,1e0,1e-9,1e-8,positive
wedge,dihedral_wedge,1e0,1e-9,1e-8,positive
wedge,carrier_on_surface_1,0e0,1e-9,1e-8,zero
wedge,carrier_on_surface_2,0e0,1e-9,1e-8,zero
wedge,dihedral_arm,1e0,1e-9,1e-8,positive
wedge,dihedral_wedge,1e0,1e-9,1e-8,positive
wedge,carrier_on_surface_1,0e0,1e-9,1e-8,zero
wedge,carrier_on_surface_2,0e0,1e-9,1e-8,zero
wedge,dihedral_arm,1e0,1e-9,1e-8,positive
wedge,dihedral_wedge,1e0,1e-9,1e-8,positive
wedge,carrier_on_surface_1,0e0,1e-9,1e-8,zero
wedge,carrier_on_surface_2,0e0,1e-9,1e-8,zero
wedge,dihedral_arm,1e0,1e-9,1e-8,positive
wedge,dihedral_wedge,1e0,1e-9,1e-8,positive
wedge,carrier_on_surface_1,0e0,1e-9,1e-8,zero
wedge,carrier_on_surface_2,0e0,1e-9,1e-8,zero
wedge,dihedral_arm,1e0,1e-9,1e-8,positive
wedge,dihedral_wedge,1e0,1e-9,1e-8,positive
wedge,carrier_on_surface_1,0e0,1e-9,1e-8,zero
wedge,carrier_on_surface_2,0e0,1e-9,1e-8,zero
wedge,dihedral_arm,1e0,1e-9,1e-8,positive
wedge,dihedral_wedge,1e0,1e-9,1e-8,positive
wedge,carrier_on_surface_1,0e0,1e-9,1e-8,zero
wedge,carrier_on_surface_2,0e0,1e-9,1e-8,zero
wedge,witness_on_surface_1,0e0,1e-9,1e-8,zero
wedge,witness_on_surface_2,0e0,1e-9,1e-8,zero
wedge,witness_at_mid_parameter,0e0,1e-9,1e-8,zero
wedge,dihedral_arm,1e0,1e-9,1e-8,positive
wedge,dihedral_wedge,1e0,1e-9,1e-8,positive
wedge,interval_span_forward,1e0,1e-9,1e-8,positive
wedge,carrier_endpoint_start,0e0,1e-9,1e-8,zero
wedge,carrier_endpoint_end,0e0,1e-9,1e-8,zero
wedge,carrier_on_surface_1,-6.162975822039155e-33,1e-9,1e-8,zero
wedge,carrier_on_surface_2,0e0,1e-9,1e-8,zero
wedge,carrier_on_surface_1,-6.162975822039155e-33,1e-9,1e-8,zero
wedge,carrier_on_surface_2,0e0,1e-9,1e-8,zero
wedge,dihedral_arm,1e0,1e-9,1e-8,positive
wedge,dihedral_wedge,1e0,1e-9,1e-8,positive
wedge,carrier_on_surface_1,-9.244463733058732e-33,1e-9,1e-8,zero
wedge,carrier_on_surface_2,0e0,1e-9,1e-8,zero
wedge,dihedral_arm,1e0,1e-9,1e-8,positive
wedge,dihedral_wedge,1e0,1e-9,1e-8,positive
wedge,carrier_on_surface_1,-1.0785207688568521e-32,1e-9,1e-8,zero
wedge,carrier_on_surface_2,0e0,1e-9,1e-8,zero
wedge,dihedral_arm,1e0,1e-9,1e-8,positive
wedge,dihedral_wedge,1e0,1e-9,1e-8,positive
wedge,carrier_on_surface_1,0e0,1e-9,1e-8,zero
wedge,carrier_on_surface_2,0e0,1e-9,1e-8,zero
wedge,dihedral_arm,1e0,1e-9,1e-8,positive
wedge,dihedral_wedge,1e0,1e-9,1e-8,positive
wedge,carrier_on_surface_1,-1.3866695599588098e-32,1e-9,1e-8,zero
wedge,carrier_on_surface_2,0e0,1e-9,1e-8,zero
wedge,dihedral_arm,1e0,1e-9,1e-8,positive
wedge,dihedral_wedge,1e0,1e-9,1e-8,positive
wedge,carrier_on_surface_1,-3.0814879110195774e-33,1e-9,1e-8,zero
wedge,carrier_on_surface_2,0e0,1e-9,1e-8,zero
wedge,dihedral_arm,1e0,1e-9,1e-8,positive
wedge,dihedral_wedge,1e0,1e-9,1e-8,positive
wedge,carrier_on_surface_1,6.162975822039155e-33,1e-9,1e-8,zero
wedge,carrier_on_surface_2,0e0,1e-9,1e-8,zero
wedge,dihedral_arm,1e0,1e-9,1e-8,positive
wedge,dihedral_wedge,1e0,1e-9,1e-8,positive
wedge,carrier_on_surface_1,-6.162975822039155e-33,1e-9,1e-8,zero
wedge,carrier_on_surface_2,0e0,1e-9,1e-8,zero
wedge,witness_on_surface_1,0e0,1e-9,1e-8,zero
wedge,witness_on_surface_2,0e0,1e-9,1e-8,zero
wedge,witness_at_mid_parameter,0e0,1e-9,1e-8,zero
wedge,dihedral_arm,1e0,1e-9,1e-8,positive
wedge,dihedral_wedge,1e0,1e-9,1e-8,positive
wedge,interval_span_forward,1e0,1e-9,1e-8,positive
wedge,carrier_endpoint_start,0e0,1e-9,1e-8,zero
wedge,carrier_endpoint_end,0e0,1e-9,1e-8,zero
wedge,carrier_on_surface_1,0e0,1e-9,1e-8,zero
wedge,carrier_on_surface_2,0e0,1e-9,1e-8,zero
wedge,carrier_on_surface_1,0e0,1e-9,1e-8,zero
wedge,carrier_on_surface_2,0e0,1e-9,1e-8,zero
wedge,dihedral_arm,1e0,1e-9,1e-8,positive
wedge,dihedral_wedge,1e0,1e-9,1e-8,positive
wedge,carrier_on_surface_1,0e0,1e-9,1e-8,zero
wedge,carrier_on_surface_2,0e0,1e-9,1e-8,zero
wedge,dihedral_arm,1e0,1e-9,1e-8,positive
wedge,dihedral_wedge,1e0,1e-9,1e-8,positive
wedge,carrier_on_surface_1,0e0,1e-9,1e-8,zero
wedge,carrier_on_surface_2,0e0,1e-9,1e-8,zero
wedge,dihedral_arm,1e0,1e-9,1e-8,positive
wedge,dihedral_wedge,1e0,1e-9,1e-8,positive
wedge,carrier_on_surface_1,0e0,1e-9,1e-8,zero
wedge,carrier_on_surface_2,0e0,1e-9,1e-8,zero
wedge,dihedral_arm,1e0,1e-9,1e-8,positive
wedge,dihedral_wedge,1e0,1e-9,1e-8,positive
wedge,carrier_on_surface_1,0e0,1e-9,1e-8,zero
wedge,carrier_on_surface_2,0e0,1e-9,1e-8,zero
wedge,dihedral_arm,1e0,1e-9,1e-8,positive
wedge,dihedral_wedge,1e0,1e-9,1e-8,positive
wedge,carrier_on_surface_1,0e0,1e-9,1e-8,zero
wedge,carrier_on_surface_2,0e0,1e-9,1e-8,zero
wedge,dihedral_arm,1e0,1e-9,1e-8,positive
wedge,dihedral_wedge,1e0,1e-9,1e-8,positive
wedge,carrier_on_surface_1,0e0,1e-9,1e-8,zero
wedge,carrier_on_surface_2,0e0,1e-9,1e-8,zero
wedge,dihedral_arm,1e0,1e-9,1e-8,positive
wedge,dihedral_wedge,1e0,1e-9,1e-8,positive
wedge,carrier_on_surface_1,0e0,1e-9,1e-8,zero
wedge,carrier_on_surface_2,0e0,1e-9,1e-8,zero
wedge,witness_on_surface_1,0e0,1e-9,1e-8,zero
wedge,witness_on_surface_2,0e0,1e-9,1e-8,zero
wedge,witness_at_mid_parameter,0e0,1e-9,1e-8,zero
wedge,dihedral_arm,1e0,1e-9,1e-8,positive
wedge,dihedral_wedge,1e0,1e-9,1e-8,positive
wedge,interval_span_forward,1e0,1e-9,1e-8,positive
wedge,carrier_endpoint_start,0e0,1e-9,1e-8,zero
wedge,carrier_endpoint_end,0e0,1e-9,1e-8,zero
wedge,carrier_on_surface_1,-6.162975822039155e-33,1e-9,1e-8,zero
wedge,carrier_on_surface_2,0e0,1e-9,1e-8,zero
wedge,carrier_on_surface_1,-6.162975822039155e-33,1e-9,1e-8,zero
wedge,carrier_on_surface_2,0e0,1e-9,1e-8,zero
wedge,dihedral_arm,1e0,1e-9,1e-8,positive
wedge,dihedral_wedge,1e0,1e-9,1e-8,positive
wedge,carrier_on_surface_1,-6.162975822039155e-33,1e-9,1e-8,zero
wedge,carrier_on_surface_2,0e0,1e-9,1e-8,zero
wedge,dihedral_arm,1e0,1e-9,1e-8,positive
wedge,dihedral_wedge,1e0,1e-9,1e-8,positive
wedge,carrier_on_surface_1,-6.162975822039155e-33,1e-9,1e-8,zero
wedge,carrier_on_surface_2,0e0,1e-9,1e-8,zero
wedge,dihedral_arm,1e0,1e-9,1e-8,positive
wedge,dihedral_wedge,1e0,1e-9,1e-8,positive
wedge,carrier_on_surface_1,-6.162975822039155e-33,1e-9,1e-8,zero
wedge,carrier_on_surface_2,0e0,1e-9,1e-8,zero
wedge,dihedral_arm,1e0,1e-9,1e-8,positive
wedge,dihedral_wedge,1e0,1e-9,1e-8,positive
wedge,carrier_on_surface_1,-6.162975822039155e-33,1e-9,1e-8,zero
wedge,carrier_on_surface_2,0e0,1e-9,1e-8,zero
wedge,dihedral_arm,1e0,1e-9,1e-8,positive
wedge,dihedral_wedge,1e0,1e-9,1e-8,positive
wedge,carrier_on_surface_1,-6.162975822039155e-33,1e-9,1e-8,zero
wedge,carrier_on_surface_2,0e0,1e-9,1e-8,zero
wedge,dihedral_arm,1e0,1e-9,1e-8,positive
wedge,dihedral_wedge,1e0,1e-9,1e-8,positive
wedge,carrier_on_surface_1,-6.162975822039155e-33,1e-9,1e-8,zero
wedge,carrier_on_surface_2,0e0,1e-9,1e-8,zero
wedge,dihedral_arm,1e0,1e-9,1e-8,positive
wedge,dihedral_wedge,1e0,1e-9,1e-8,positive
wedge,carrier_on_surface_1,-6.162975822039155e-33,1e-9,1e-8,zero
wedge,carrier_on_surface_2,0e0,1e-9,1e-8,zero
wedge,witness_on_surface_1,-6.162975822039155e-33,1e-9,1e-8,zero
wedge,witness_on_surface_2,0e0,1e-9,1e-8,zero
wedge,witness_at_mid_parameter,0e0,1e-9,1e-8,zero
wedge,dihedral_arm,1e0,1e-9,1e-8,positive
wedge,dihedral_wedge,1e0,1e-9,1e-8,positive
wedge,interval_span_forward,1e0,1e-9,1e-8,positive
wedge,carrier_endpoint_start,0e0,1e-9,1e-8,zero
wedge,carrier_endpoint_end,0e0,1e-9,1e-8,zero
wedge,carrier_on_surface_1,0e0,1e-9,1e-8,zero
wedge,carrier_on_surface_2,0e0,1e-9,1e-8,zero
wedge,carrier_on_surface_1,0e0,1e-9,1e-8,zero
wedge,carrier_on_surface_2,0e0,1e-9,1e-8,zero
wedge,dihedral_arm,1e0,1e-9,1e-8,positive
wedge,dihedral_wedge,1e0,1e-9,1e-8,positive
wedge,carrier_on_surface_1,0e0,1e-9,1e-8,zero
wedge,carrier_on_surface_2,0e0,1e-9,1e-8,zero
wedge,dihedral_arm,1e0,1e-9,1e-8,positive
wedge,dihedral_wedge,1e0,1e-9,1e-8,positive
wedge,carrier_on_surface_1,0e0,1e-9,1e-8,zero
wedge,carrier_on_surface_2,0e0,1e-9,1e-8,zero
wedge,dihedral_arm,1e0,1e-9,1e-8,positive
wedge,dihedral_wedge,1e0,1e-9,1e-8,positive
wedge,carrier_on_surface_1,0e0,1e-9,1e-8,zero
wedge,carrier_on_surface_2,0e0,1e-9,1e-8,zero
wedge,dihedral_arm,1e0,1e-9,1e-8,positive
wedge,dihedral_wedge,1e0,1e-9,1e-8,positive
wedge,carrier_on_surface_1,0e0,1e-9,1e-8,zero
wedge,carrier_on_surface_2,0e0,1e-9,1e-8,zero
wedge,dihedral_arm,1e0,1e-9,1e-8,positive
wedge,dihedral_wedge,1e0,1e-9,1e-8,positive
wedge,carrier_on_surface_1,0e0,1e-9,1e-8,zero
wedge,carrier_on_surface_2,0e0,1e-9,1e-8,zero
wedge,dihedral_arm,1e0,1e-9,1e-8,positive
wedge,dihedral_wedge,1e0,1e-9,1e-8,positive
wedge,carrier_on_surface_1,0e0,1e-9,1e-8,zero
wedge,carrier_on_surface_2,0e0,1e-9,1e-8,zero
wedge,dihedral_arm,1e0,1e-9,1e-8,positive
wedge,dihedral_wedge,1e0,1e-9,1e-8,positive
wedge,carrier_on_surface_1,0e0,1e-9,1e-8,zero
wedge,carrier_on_surface_2,0e0,1e-9,1e-8,zero
wedge,witness_on_surface_1,0e0,1e-9,1e-8,zero
wedge,witness_on_surface_2,0e0,1e-9,1e-8,zero
wedge,witness_at_mid_parameter,0e0,1e-9,1e-8,zero
wedge,dihedral_arm,1e0,1e-9,1e-8,positive
wedge,dihedral_wedge,1e0,1e-9,1e-8,positive
wedge,interval_span_forward,1e0,1e-9,1e-8,positive
wedge,carrier_endpoint_start,0e0,1e-9,1e-8,zero
wedge,carrier_endpoint_end,0e0,1e-9,1e-8,zero
wedge,carrier_on_surface_1,-6.162975822039155e-33,1e-9,1e-8,zero
wedge,carrier_on_surface_2,0e0,1e-9,1e-8,zero
wedge,carrier_on_surface_1,-1.8488927466117464e-32,1e-9,1e-8,zero
wedge,carrier_on_surface_2,0e0,1e-9,1e-8,zero
wedge,dihedral_arm,1e0,1e-9,1e-8,positive
wedge,dihedral_wedge,1e0,1e-9,1e-8,positive
wedge,carrier_on_surface_1,-3.0814879110195774e-33,1e-9,1e-8,zero
wedge,carrier_on_surface_2,0e0,1e-9,1e-8,zero
wedge,dihedral_arm,1e0,1e-9,1e-8,positive
wedge,dihedral_wedge,1e0,1e-9,1e-8,positive
wedge,carrier_on_surface_1,-1.3866695599588098e-32,1e-9,1e-8,zero
wedge,carrier_on_surface_2,0e0,1e-9,1e-8,zero
wedge,dihedral_arm,1e0,1e-9,1e-8,positive
wedge,dihedral_wedge,1e0,1e-9,1e-8,positive
wedge,carrier_on_surface_1,-0e0,1e-9,1e-8,zero
wedge,carrier_on_surface_2,0e0,1e-9,1e-8,zero
wedge,dihedral_arm,1e0,1e-9,1e-8,positive
wedge,dihedral_wedge,1e0,1e-9,1e-8,positive
wedge,carrier_on_surface_1,-1.0785207688568521e-32,1e-9,1e-8,zero
wedge,carrier_on_surface_2,0e0,1e-9,1e-8,zero
wedge,dihedral_arm,1e0,1e-9,1e-8,positive
wedge,dihedral_wedge,1e0,1e-9,1e-8,positive
wedge,carrier_on_surface_1,-9.244463733058732e-33,1e-9,1e-8,zero
wedge,carrier_on_surface_2,0e0,1e-9,1e-8,zero
wedge,dihedral_arm,1e0,1e-9,1e-8,positive
wedge,dihedral_wedge,1e0,1e-9,1e-8,positive
wedge,carrier_on_surface_1,-6.162975822039155e-33,1e-9,1e-8,zero
wedge,carrier_on_surface_2,0e0,1e-9,1e-8,zero
wedge,dihedral_arm,1e0,1e-9,1e-8,positive
wedge,dihedral_wedge,1e0,1e-9,1e-8,positive
wedge,carrier_on_surface_1,-6.162975822039155e-33,1e-9,1e-8,zero
wedge,carrier_on_surface_2,0e0,1e-9,1e-8,zero
wedge,witness_on_surface_1,-0e0,1e-9,1e-8,zero
wedge,witness_on_surface_2,0e0,1e-9,1e-8,zero
wedge,witness_at_mid_parameter,0e0,1e-9,1e-8,zero
wedge,interval_span_forward,1e0,1e-9,1e-8,positive
wedge,carrier_endpoint_start,0e0,1e-9,1e-8,zero
wedge,carrier_endpoint_end,0e0,1e-9,1e-8,zero
wedge,carrier_on_surface_1,0e0,1e-9,1e-8,zero
wedge,carrier_on_surface_2,0e0,1e-9,1e-8,zero
wedge,carrier_on_surface_1,0e0,1e-9,1e-8,zero
wedge,carrier_on_surface_2,0e0,1e-9,1e-8,zero
wedge,dihedral_arm,1e0,1e-9,1e-8,positive
wedge,dihedral_wedge,1e0,1e-9,1e-8,positive
wedge,carrier_on_surface_1,0e0,1e-9,1e-8,zero
wedge,carrier_on_surface_2,0e0,1e-9,1e-8,zero
wedge,dihedral_arm,1e0,1e-9,1e-8,positive
wedge,dihedral_wedge,1e0,1e-9,1e-8,positive
wedge,carrier_on_surface_1,0e0,1e-9,1e-8,zero
wedge,carrier_on_surface_2,0e0,1e-9,1e-8,zero
wedge,dihedral_arm,1e0,1e-9,1e-8,positive
wedge,dihedral_wedge,1e0,1e-9,1e-8,positive
wedge,carrier_on_surface_1,0e0,1e-9,1e-8,zero
wedge,carrier_on_surface_2,0e0,1e-9,1e-8,zero
wedge,dihedral_arm,1e0,1e-9,1e-8,positive
wedge,dihedral_wedge,1e0,1e-9,1e-8,positive
wedge,carrier_on_surface_1,0e0,1e-9,1e-8,zero
wedge,carrier_on_surface_2,0e0,1e-9,1e-8,zero
wedge,dihedral_arm,1e0,1e-9,1e-8,positive
wedge,dihedral_wedge,1e0,1e-9,1e-8,positive
wedge,carrier_on_surface_1,0e0,1e-9,1e-8,zero
wedge,carrier_on_surface_2,0e0,1e-9,1e-8,zero
wedge,dihedral_arm,1e0,1e-9,1e-8,positive
wedge,dihedral_wedge,1e0,1e-9,1e-8,positive
wedge,carrier_on_surface_1,0e0,1e-9,1e-8,zero
wedge,carrier_on_surface_2,0e0,1e-9,1e-8,zero
wedge,dihedral_arm,1e0,1e-9,1e-8,positive
wedge,dihedral_wedge,1e0,1e-9,1e-8,positive
wedge,carrier_on_surface_1,0e0,1e-9,1e-8,zero
wedge,carrier_on_surface_2,0e0,1e-9,1e-8,zero
wedge,witness_on_surface_1,0e0,1e-9,1e-8,zero
wedge,witness_on_surface_2,0e0,1e-9,1e-8,zero
wedge,witness_at_mid_parameter,0e0,1e-9,1e-8,zero
wedge,interval_span_forward,1e0,1e-9,1e-8,positive
wedge,carrier_endpoint_start,0e0,1e-9,1e-8,zero
wedge,carrier_endpoint_end,0e0,1e-9,1e-8,zero
wedge,carrier_on_surface_1,0e0,1e-9,1e-8,zero
wedge,carrier_on_surface_2,0e0,1e-9,1e-8,zero
wedge,carrier_on_surface_1,0e0,1e-9,1e-8,zero
wedge,carrier_on_surface_2,0e0,1e-9,1e-8,zero
wedge,dihedral_arm,1e0,1e-9,1e-8,positive
wedge,dihedral_wedge,1e0,1e-9,1e-8,positive
wedge,carrier_on_surface_1,0e0,1e-9,1e-8,zero
wedge,carrier_on_surface_2,0e0,1e-9,1e-8,zero
wedge,dihedral_arm,1e0,1e-9,1e-8,positive
wedge,dihedral_wedge,1e0,1e-9,1e-8,positive
wedge,carrier_on_surface_1,0e0,1e-9,1e-8,zero
wedge,carrier_on_surface_2,0e0,1e-9,1e-8,zero
wedge,dihedral_arm,1e0,1e-9,1e-8,positive
wedge,dihedral_wedge,1e0,1e-9,1e-8,positive
wedge,carrier_on_surface_1,0e0,1e-9,1e-8,zero
wedge,carrier_on_surface_2,0e0,1e-9,1e-8,zero
wedge,dihedral_arm,1e0,1e-9,1e-8,positive
wedge,dihedral_wedge,1e0,1e-9,1e-8,positive
wedge,carrier_on_surface_1,0e0,1e-9,1e-8,zero
wedge,carrier_on_surface_2,0e0,1e-9,1e-8,zero
wedge,dihedral_arm,1e0,1e-9,1e-8,positive
wedge,dihedral_wedge,1e0,1e-9,1e-8,positive
wedge,carrier_on_surface_1,0e0,1e-9,1e-8,zero
wedge,carrier_on_surface_2,0e0,1e-9,1e-8,zero
wedge,dihedral_arm,1e0,1e-9,1e-8,positive
wedge,dihedral_wedge,1e0,1e-9,1e-8,positive
wedge,carrier_on_surface_1,0e0,1e-9,1e-8,zero
wedge,carrier_on_surface_2,0e0,1e-9,1e-8,zero
wedge,dihedral_arm,1e0,1e-9,1e-8,positive
wedge,dihedral_wedge,1e0,1e-9,1e-8,positive
wedge,carrier_on_surface_1,0e0,1e-9,1e-8,zero
wedge,carrier_on_surface_2,0e0,1e-9,1e-8,zero
wedge,witness_on_surface_1,0e0,1e-9,1e-8,zero
wedge,witness_on_surface_2,0e0,1e-9,1e-8,zero
wedge,witness_at_mid_parameter,0e0,1e-9,1e-8,zero
wedge,interval_span_forward,1e0,1e-9,1e-8,positive
wedge,carrier_endpoint_start,0e0,1e-9,1e-8,zero
wedge,carrier_endpoint_end,0e0,1e-9,1e-8,zero
wedge,carrier_on_surface_1,0e0,1e-9,1e-8,zero
wedge,carrier_on_surface_2,0e0,1e-9,1e-8,zero
wedge,carrier_on_surface_1,0e0,1e-9,1e-8,zero
wedge,carrier_on_surface_2,0e0,1e-9,1e-8,zero
wedge,dihedral_arm,1e0,1e-9,1e-8,positive
wedge,dihedral_wedge,1e0,1e-9,1e-8,positive
wedge,carrier_on_surface_1,0e0,1e-9,1e-8,zero
wedge,carrier_on_surface_2,0e0,1e-9,1e-8,zero
wedge,dihedral_arm,1e0,1e-9,1e-8,positive
wedge,dihedral_wedge,1e0,1e-9,1e-8,positive
wedge,carrier_on_surface_1,0e0,1e-9,1e-8,zero
wedge,carrier_on_surface_2,0e0,1e-9,1e-8,zero
wedge,dihedral_arm,1e0,1e-9,1e-8,positive
wedge,dihedral_wedge,1e0,1e-9,1e-8,positive
wedge,carrier_on_surface_1,0e0,1e-9,1e-8,zero
wedge,carrier_on_surface_2,0e0,1e-9,1e-8,zero
wedge,dihedral_arm,1e0,1e-9,1e-8,positive
wedge,dihedral_wedge,1e0,1e-9,1e-8,positive
wedge,carrier_on_surface_1,0e0,1e-9,1e-8,zero
wedge,carrier_on_surface_2,0e0,1e-9,1e-8,zero
wedge,dihedral_arm,1e0,1e-9,1e-8,positive
wedge,dihedral_wedge,1e0,1e-9,1e-8,positive
wedge,carrier_on_surface_1,0e0,1e-9,1e-8,zero
wedge,carrier_on_surface_2,0e0,1e-9,1e-8,zero
wedge,dihedral_arm,1e0,1e-9,1e-8,positive
wedge,dihedral_wedge,1e0,1e-9,1e-8,positive
wedge,carrier_on_surface_1,0e0,1e-9,1e-8,zero
wedge,carrier_on_surface_2,0e0,1e-9,1e-8,zero
wedge,dihedral_arm,1e0,1e-9,1e-8,positive
wedge,dihedral_wedge,1e0,1e-9,1e-8,positive
wedge,carrier_on_surface_1,0e0,1e-9,1e-8,zero
wedge,carrier_on_surface_2,0e0,1e-9,1e-8,zero
wedge,witness_on_surface_1,0e0,1e-9,1e-8,zero
wedge,witness_on_surface_2,0e0,1e-9,1e-8,zero
wedge,witness_at_mid_parameter,0e0,1e-9,1e-8,zero
wedge,interval_span_forward,1e0,1e-9,1e-8,positive
wedge,carrier_endpoint_start,0e0,1e-9,1e-8,zero
wedge,carrier_endpoint_end,0e0,1e-9,1e-8,zero
wedge,carrier_on_surface_1,0e0,1e-9,1e-8,zero
wedge,carrier_on_surface_2,0e0,1e-9,1e-8,zero
wedge,carrier_on_surface_1,0e0,1e-9,1e-8,zero
wedge,carrier_on_surface_2,0e0,1e-9,1e-8,zero
wedge,dihedral_arm,1e0,1e-9,1e-8,positive
wedge,dihedral_wedge,1e0,1e-9,1e-8,positive
wedge,carrier_on_surface_1,0e0,1e-9,1e-8,zero
wedge,carrier_on_surface_2,0e0,1e-9,1e-8,zero
wedge,dihedral_arm,1e0,1e-9,1e-8,positive
wedge,dihedral_wedge,1e0,1e-9,1e-8,positive
wedge,carrier_on_surface_1,0e0,1e-9,1e-8,zero
wedge,carrier_on_surface_2,0e0,1e-9,1e-8,zero
wedge,dihedral_arm,1e0,1e-9,1e-8,positive
wedge,dihedral_wedge,1e0,1e-9,1e-8,positive
wedge,carrier_on_surface_1,0e0,1e-9,1e-8,zero
wedge,carrier_on_surface_2,0e0,1e-9,1e-8,zero
wedge,dihedral_arm,1e0,1e-9,1e-8,positive
wedge,dihedral_wedge,1e0,1e-9,1e-8,positive
wedge,carrier_on_surface_1,0e0,1e-9,1e-8,zero
wedge,carrier_on_surface_2,0e0,1e-9,1e-8,zero
wedge,dihedral_arm,1e0,1e-9,1e-8,positive
wedge,dihedral_wedge,1e0,1e-9,1e-8,positive
wedge,carrier_on_surface_1,0e0,1e-9,1e-8,zero
wedge,carrier_on_surface_2,0e0,1e-9,1e-8,zero
wedge,dihedral_arm,1e0,1e-9,1e-8,positive
wedge,dihedral_wedge,1e0,1e-9,1e-8,positive
wedge,carrier_on_surface_1,0e0,1e-9,1e-8,zero
wedge,carrier_on_surface_2,0e0,1e-9,1e-8,zero
wedge,dihedral_arm,1e0,1e-9,1e-8,positive
wedge,dihedral_wedge,1e0,1e-9,1e-8,positive
wedge,carrier_on_surface_1,0e0,1e-9,1e-8,zero
wedge,carrier_on_surface_2,0e0,1e-9,1e-8,zero
wedge,witness_on_surface_1,0e0,1e-9,1e-8,zero
wedge,witness_on_surface_2,0e0,1e-9,1e-8,zero
wedge,witness_at_mid_parameter,0e0,1e-9,1e-8,zero
wedge,interval_span_forward,1.5707963267948966e0,1e-9,1e-8,positive
wedge,interval_span_winding,4.71238898038469e0,1e-9,1e-8,positive
wedge,carrier_endpoint_start,0e0,1e-9,1e-8,zero
wedge,carrier_endpoint_end,0e0,1e-9,1e-8,zero
wedge,carrier_on_surface_1,0e0,1e-9,1e-8,zero
wedge,carrier_on_surface_2,0e0,1e-9,1e-8,zero
wedge,carrier_on_surface_1,0e0,1e-9,1e-8,zero
wedge,carrier_on_surface_2,0e0,1e-9,1e-8,zero
wedge,dihedral_arm,1e0,1e-9,1e-8,positive
wedge,dihedral_wedge,1e0,1e-9,1e-8,positive
wedge,carrier_on_surface_1,0e0,1e-9,1e-8,zero
wedge,carrier_on_surface_2,0e0,1e-9,1e-8,zero
wedge,dihedral_arm,1e0,1e-9,1e-8,positive
wedge,dihedral_wedge,1e0,1e-9,1e-8,positive
wedge,carrier_on_surface_1,0e0,1e-9,1e-8,zero
wedge,carrier_on_surface_2,0e0,1e-9,1e-8,zero
wedge,dihedral_arm,1e0,1e-9,1e-8,positive
wedge,dihedral_wedge,1e0,1e-9,1e-8,positive
wedge,carrier_on_surface_1,0e0,1e-9,1e-8,zero
wedge,carrier_on_surface_2,0e0,1e-9,1e-8,zero
wedge,dihedral_arm,1e0,1e-9,1e-8,positive
wedge,dihedral_wedge,1e0,1e-9,1e-8,positive
wedge,carrier_on_surface_1,0e0,1e-9,1e-8,zero
wedge,carrier_on_surface_2,0e0,1e-9,1e-8,zero
wedge,dihedral_arm,1e0,1e-9,1e-8,positive
wedge,dihedral_wedge,1e0,1e-9,1e-8,positive
wedge,carrier_on_surface_1,0e0,1e-9,1e-8,zero
wedge,carrier_on_surface_2,0e0,1e-9,1e-8,zero
wedge,dihedral_arm,1e0,1e-9,1e-8,positive
wedge,dihedral_wedge,1e0,1e-9,1e-8,positive
wedge,carrier_on_surface_1,0e0,1e-9,1e-8,zero
wedge,carrier_on_surface_2,0e0,1e-9,1e-8,zero
wedge,dihedral_arm,1e0,1e-9,1e-8,positive
wedge,dihedral_wedge,1e0,1e-9,1e-8,positive
wedge,carrier_on_surface_1,0e0,1e-9,1e-8,zero
wedge,carrier_on_surface_2,0e0,1e-9,1e-8,zero
wedge,witness_on_surface_1,0e0,1e-9,1e-8,zero
wedge,witness_on_surface_2,0e0,1e-9,1e-8,zero
wedge,witness_at_mid_parameter,0e0,1e-9,1e-8,zero
wedge,interval_span_forward,1.5707963267948966e0,1e-9,1e-8,positive
wedge,interval_span_winding,4.71238898038469e0,1e-9,1e-8,positive
wedge,carrier_endpoint_start,0e0,1e-9,1e-8,zero
wedge,carrier_endpoint_end,0e0,1e-9,1e-8,zero
wedge,carrier_on_surface_1,0e0,1e-9,1e-8,zero
wedge,carrier_on_surface_2,0e0,1e-9,1e-8,zero
wedge,carrier_on_surface_1,0e0,1e-9,1e-8,zero
wedge,carrier_on_surface_2,0e0,1e-9,1e-8,zero
wedge,dihedral_arm,1e0,1e-9,1e-8,positive
wedge,dihedral_wedge,1e0,1e-9,1e-8,positive
wedge,carrier_on_surface_1,0e0,1e-9,1e-8,zero
wedge,carrier_on_surface_2,0e0,1e-9,1e-8,zero
wedge,dihedral_arm,1e0,1e-9,1e-8,positive
wedge,dihedral_wedge,1e0,1e-9,1e-8,positive
wedge,carrier_on_surface_1,0e0,1e-9,1e-8,zero
wedge,carrier_on_surface_2,0e0,1e-9,1e-8,zero
wedge,dihedral_arm,1e0,1e-9,1e-8,positive
wedge,dihedral_wedge,1e0,1e-9,1e-8,positive
wedge,carrier_on_surface_1,0e0,1e-9,1e-8,zero
wedge,carrier_on_surface_2,0e0,1e-9,1e-8,zero
wedge,dihedral_arm,1e0,1e-9,1e-8,positive
wedge,dihedral_wedge,1e0,1e-9,1e-8,positive
wedge,carrier_on_surface_1,0e0,1e-9,1e-8,zero
wedge,carrier_on_surface_2,0e0,1e-9,1e-8,zero
wedge,dihedral_arm,1e0,1e-9,1e-8,positive
wedge,dihedral_wedge,1e0,1e-9,1e-8,positive
wedge,carrier_on_surface_1,0e0,1e-9,1e-8,zero
wedge,carrier_on_surface_2,0e0,1e-9,1e-8,zero
wedge,dihedral_arm,1e0,1e-9,1e-8,positive
wedge,dihedral_wedge,1e0,1e-9,1e-8,positive
wedge,carrier_on_surface_1,0e0,1e-9,1e-8,zero
wedge,carrier_on_surface_2,0e0,1e-9,1e-8,zero
wedge,dihedral_arm,1e0,1e-9,1e-8,positive
wedge,dihedral_wedge,1e0,1e-9,1e-8,positive
wedge,carrier_on_surface_1,0e0,1e-9,1e-8,zero
wedge,carrier_on_surface_2,0e0,1e-9,1e-8,zero
wedge,witness_on_surface_1,0e0,1e-9,1e-8,zero
wedge,witness_on_surface_2,0e0,1e-9,1e-8,zero
wedge,witness_at_mid_parameter,0e0,1e-9,1e-8,zero
wedge,interval_span_forward,3.141592653589793e0,1e-9,1e-8,positive
wedge,interval_span_winding,9.42477796076938e0,1e-9,1e-8,positive
wedge,carrier_endpoint_start,0e0,1e-9,1e-8,zero
wedge,carrier_endpoint_end,0e0,1e-9,1e-8,zero
wedge,carrier_on_surface_1,0e0,1e-9,1e-8,zero
wedge,carrier_on_surface_2,0e0,1e-9,1e-8,zero
wedge,carrier_on_surface_1,0e0,1e-9,1e-8,zero
wedge,carrier_on_surface_2,0e0,1e-9,1e-8,zero
wedge,dihedral_arm,2e0,1e-9,1e-8,positive
wedge,dihedral_wedge,2e0,1e-9,1e-8,positive
wedge,carrier_on_surface_1,0e0,1e-9,1e-8,zero
wedge,carrier_on_surface_2,0e0,1e-9,1e-8,zero
wedge,dihedral_arm,2e0,1e-9,1e-8,positive
wedge,dihedral_wedge,2e0,1e-9,1e-8,positive
wedge,carrier_on_surface_1,0e0,1e-9,1e-8,zero
wedge,carrier_on_surface_2,0e0,1e-9,1e-8,zero
wedge,dihedral_arm,2e0,1e-9,1e-8,positive
wedge,dihedral_wedge,2e0,1e-9,1e-8,positive
wedge,carrier_on_surface_1,0e0,1e-9,1e-8,zero
wedge,carrier_on_surface_2,0e0,1e-9,1e-8,zero
wedge,dihedral_arm,2e0,1e-9,1e-8,positive
wedge,dihedral_wedge,2e0,1e-9,1e-8,positive
wedge,carrier_on_surface_1,0e0,1e-9,1e-8,zero
wedge,carrier_on_surface_2,0e0,1e-9,1e-8,zero
wedge,dihedral_arm,2e0,1e-9,1e-8,positive
wedge,dihedral_wedge,2e0,1e-9,1e-8,positive
wedge,carrier_on_surface_1,0e0,1e-9,1e-8,zero
wedge,carrier_on_surface_2,0e0,1e-9,1e-8,zero
wedge,dihedral_arm,2e0,1e-9,1e-8,positive
wedge,dihedral_wedge,2e0,1e-9,1e-8,positive
wedge,carrier_on_surface_1,0e0,1e-9,1e-8,zero
wedge,carrier_on_surface_2,0e0,1e-9,1e-8,zero
wedge,dihedral_arm,2e0,1e-9,1e-8,positive
wedge,dihedral_wedge,2e0,1e-9,1e-8,positive
wedge,carrier_on_surface_1,0e0,1e-9,1e-8,zero
wedge,carrier_on_surface_2,0e0,1e-9,1e-8,zero
wedge,witness_on_surface_1,0e0,1e-9,1e-8,zero
wedge,witness_on_surface_2,0e0,1e-9,1e-8,zero
wedge,witness_at_mid_parameter,0e0,1e-9,1e-8,zero
wedge,interval_span_forward,3.141592653589793e0,1e-9,1e-8,positive
wedge,interval_span_winding,9.42477796076938e0,1e-9,1e-8,positive
wedge,carrier_endpoint_start,0e0,1e-9,1e-8,zero
wedge,carrier_endpoint_end,0e0,1e-9,1e-8,zero
wedge,carrier_on_surface_1,0e0,1e-9,1e-8,zero
wedge,carrier_on_surface_2,0e0,1e-9,1e-8,zero
wedge,carrier_on_surface_1,0e0,1e-9,1e-8,zero
wedge,carrier_on_surface_2,0e0,1e-9,1e-8,zero
wedge,dihedral_arm,2e0,1e-9,1e-8,positive
wedge,dihedral_wedge,2e0,1e-9,1e-8,positive
wedge,carrier_on_surface_1,0e0,1e-9,1e-8,zero
wedge,carrier_on_surface_2,0e0,1e-9,1e-8,zero
wedge,dihedral_arm,2e0,1e-9,1e-8,positive
wedge,dihedral_wedge,2e0,1e-9,1e-8,positive
wedge,carrier_on_surface_1,0e0,1e-9,1e-8,zero
wedge,carrier_on_surface_2,0e0,1e-9,1e-8,zero
wedge,dihedral_arm,2e0,1e-9,1e-8,positive
wedge,dihedral_wedge,2e0,1e-9,1e-8,positive
wedge,carrier_on_surface_1,0e0,1e-9,1e-8,zero
wedge,carrier_on_surface_2,0e0,1e-9,1e-8,zero
wedge,dihedral_arm,2e0,1e-9,1e-8,positive
wedge,dihedral_wedge,2e0,1e-9,1e-8,positive
wedge,carrier_on_surface_1,0e0,1e-9,1e-8,zero
wedge,carrier_on_surface_2,0e0,1e-9,1e-8,zero
wedge,dihedral_arm,2e0,1e-9,1e-8,positive
wedge,dihedral_wedge,2e0,1e-9,1e-8,positive
wedge,carrier_on_surface_1,0e0,1e-9,1e-8,zero
wedge,carrier_on_surface_2,0e0,1e-9,1e-8,zero
wedge,dihedral_arm,2e0,1e-9,1e-8,positive
wedge,dihedral_wedge,2e0,1e-9,1e-8,positive
wedge,carrier_on_surface_1,0e0,1e-9,1e-8,zero
wedge,carrier_on_surface_2,0e0,1e-9,1e-8,zero
wedge,dihedral_arm,2e0,1e-9,1e-8,positive
wedge,dihedral_wedge,2e0,1e-9,1e-8,positive
wedge,carrier_on_surface_1,0e0,1e-9,1e-8,zero
wedge,carrier_on_surface_2,0e0,1e-9,1e-8,zero
wedge,witness_on_surface_1,0e0,1e-9,1e-8,zero
wedge,witness_on_surface_2,0e0,1e-9,1e-8,zero
wedge,witness_at_mid_parameter,0e0,1e-9,1e-8,zero
wedge,interval_span_forward,1e0,1e-9,1e-8,positive
wedge,carrier_endpoint_start,0e0,1e-9,1e-8,zero
wedge,carrier_endpoint_end,0e0,1e-9,1e-8,zero
wedge,carrier_on_surface_1,-6.162975822039155e-33,1e-9,1e-8,zero
wedge,carrier_on_surface_2,0e0,1e-9,1e-8,zero
wedge,carrier_on_surface_1,-6.162975822039155e-33,1e-9,1e-8,zero
wedge,carrier_on_surface_2,0e0,1e-9,1e-8,zero
wedge,dihedral_arm,1e0,1e-9,1e-8,positive
wedge,dihedral_wedge,1e0,1e-9,1e-8,positive
wedge,carrier_on_surface_1,-6.162975822039155e-33,1e-9,1e-8,zero
wedge,carrier_on_surface_2,0e0,1e-9,1e-8,zero
wedge,dihedral_arm,1e0,1e-9,1e-8,positive
wedge,dihedral_wedge,1e0,1e-9,1e-8,positive
wedge,carrier_on_surface_1,-6.162975822039155e-33,1e-9,1e-8,zero
wedge,carrier_on_surface_2,0e0,1e-9,1e-8,zero
wedge,dihedral_arm,1e0,1e-9,1e-8,positive
wedge,dihedral_wedge,1e0,1e-9,1e-8,positive
wedge,carrier_on_surface_1,-6.162975822039155e-33,1e-9,1e-8,zero
wedge,carrier_on_surface_2,0e0,1e-9,1e-8,zero
wedge,dihedral_arm,1e0,1e-9,1e-8,positive
wedge,dihedral_wedge,1e0,1e-9,1e-8,positive
wedge,carrier_on_surface_1,-6.162975822039155e-33,1e-9,1e-8,zero
wedge,carrier_on_surface_2,0e0,1e-9,1e-8,zero
wedge,dihedral_arm,1e0,1e-9,1e-8,positive
wedge,dihedral_wedge,1e0,1e-9,1e-8,positive
wedge,carrier_on_surface_1,-6.162975822039155e-33,1e-9,1e-8,zero
wedge,carrier_on_surface_2,0e0,1e-9,1e-8,zero
wedge,dihedral_arm,1e0,1e-9,1e-8,positive
wedge,dihedral_wedge,1e0,1e-9,1e-8,positive
wedge,carrier_on_surface_1,-6.162975822039155e-33,1e-9,1e-8,zero
wedge,carrier_on_surface_2,0e0,1e-9,1e-8,zero
wedge,dihedral_arm,1e0,1e-9,1e-8,positive
wedge,dihedral_wedge,1e0,1e-9,1e-8,positive
wedge,carrier_on_surface_1,-6.162975822039155e-33,1e-9,1e-8,zero
wedge,carrier_on_surface_2,0e0,1e-9,1e-8,zero
wedge,witness_on_surface_1,-6.162975822039155e-33,1e-9,1e-8,zero
wedge,witness_on_surface_2,0e0,1e-9,1e-8,zero
wedge,witness_at_mid_parameter,0e0,1e-9,1e-8,zero
wedge,interval_span_forward,1e0,1e-9,1e-8,positive
wedge,carrier_endpoint_start,0e0,1e-9,1e-8,zero
wedge,carrier_endpoint_end,0e0,1e-9,1e-8,zero
wedge,carrier_on_surface_1,-6.162975822039155e-33,1e-9,1e-8,zero
wedge,carrier_on_surface_2,0e0,1e-9,1e-8,zero
wedge,carrier_on_surface_1,-6.162975822039155e-33,1e-9,1e-8,zero
wedge,carrier_on_surface_2,0e0,1e-9,1e-8,zero
wedge,dihedral_arm,1e0,1e-9,1e-8,positive
wedge,dihedral_wedge,1e0,1e-9,1e-8,positive
wedge,carrier_on_surface_1,-9.244463733058732e-33,1e-9,1e-8,zero
wedge,carrier_on_surface_2,0e0,1e-9,1e-8,zero
wedge,dihedral_arm,1e0,1e-9,1e-8,positive
wedge,dihedral_wedge,1e0,1e-9,1e-8,positive
wedge,carrier_on_surface_1,-1.0785207688568521e-32,1e-9,1e-8,zero
wedge,carrier_on_surface_2,0e0,1e-9,1e-8,zero
wedge,dihedral_arm,1e0,1e-9,1e-8,positive
wedge,dihedral_wedge,1e0,1e-9,1e-8,positive
wedge,carrier_on_surface_1,0e0,1e-9,1e-8,zero
wedge,carrier_on_surface_2,0e0,1e-9,1e-8,zero
wedge,dihedral_arm,1e0,1e-9,1e-8,positive
wedge,dihedral_wedge,1e0,1e-9,1e-8,positive
wedge,carrier_on_surface_1,-1.3866695599588098e-32,1e-9,1e-8,zero
wedge,carrier_on_surface_2,0e0,1e-9,1e-8,zero
wedge,dihedral_arm,1e0,1e-9,1e-8,positive
wedge,dihedral_wedge,1e0,1e-9,1e-8,positive
wedge,carrier_on_surface_1,-3.0814879110195774e-33,1e-9,1e-8,zero
wedge,carrier_on_surface_2,0e0,1e-9,1e-8,zero
wedge,dihedral_arm,1e0,1e-9,1e-8,positive
wedge,dihedral_wedge,1e0,1e-9,1e-8,positive
wedge,carrier_on_surface_1,6.162975822039155e-33,1e-9,1e-8,zero
wedge,carrier_on_surface_2,0e0,1e-9,1e-8,zero
wedge,dihedral_arm,1e0,1e-9,1e-8,positive
wedge,dihedral_wedge,1e0,1e-9,1e-8,positive
wedge,carrier_on_surface_1,-6.162975822039155e-33,1e-9,1e-8,zero
wedge,carrier_on_surface_2,0e0,1e-9,1e-8,zero
wedge,witness_on_surface_1,0e0,1e-9,1e-8,zero
wedge,witness_on_surface_2,0e0,1e-9,1e-8,zero
wedge,witness_at_mid_parameter,0e0,1e-9,1e-8,zero
wedge,interval_span_forward,1e0,1e-9,1e-8,positive
wedge,carrier_endpoint_start,0e0,1e-9,1e-8,zero
wedge,carrier_endpoint_end,0e0,1e-9,1e-8,zero
wedge,carrier_on_surface_1,-6.162975822039155e-33,1e-9,1e-8,zero
wedge,carrier_on_surface_2,0e0,1e-9,1e-8,zero
wedge,carrier_on_surface_1,-6.162975822039155e-33,1e-9,1e-8,zero
wedge,carrier_on_surface_2,0e0,1e-9,1e-8,zero
wedge,dihedral_arm,1e0,1e-9,1e-8,positive
wedge,dihedral_wedge,1e0,1e-9,1e-8,positive
wedge,carrier_on_surface_1,-6.162975822039155e-33,1e-9,1e-8,zero
wedge,carrier_on_surface_2,0e0,1e-9,1e-8,zero
wedge,dihedral_arm,1e0,1e-9,1e-8,positive
wedge,dihedral_wedge,1e0,1e-9,1e-8,positive
wedge,carrier_on_surface_1,-6.162975822039155e-33,1e-9,1e-8,zero
wedge,carrier_on_surface_2,0e0,1e-9,1e-8,zero
wedge,dihedral_arm,1e0,1e-9,1e-8,positive
wedge,dihedral_wedge,1e0,1e-9,1e-8,positive
wedge,carrier_on_surface_1,-6.162975822039155e-33,1e-9,1e-8,zero
wedge,carrier_on_surface_2,0e0,1e-9,1e-8,zero
wedge,dihedral_arm,1e0,1e-9,1e-8,positive
wedge,dihedral_wedge,1e0,1e-9,1e-8,positive
wedge,carrier_on_surface_1,-6.162975822039155e-33,1e-9,1e-8,zero
wedge,carrier_on_surface_2,0e0,1e-9,1e-8,zero
wedge,dihedral_arm,1e0,1e-9,1e-8,positive
wedge,dihedral_wedge,1e0,1e-9,1e-8,positive
wedge,carrier_on_surface_1,-6.162975822039155e-33,1e-9,1e-8,zero
wedge,carrier_on_surface_2,0e0,1e-9,1e-8,zero
wedge,dihedral_arm,1e0,1e-9,1e-8,positive
wedge,dihedral_wedge,1e0,1e-9,1e-8,positive
wedge,carrier_on_surface_1,-6.162975822039155e-33,1e-9,1e-8,zero
wedge,carrier_on_surface_2,0e0,1e-9,1e-8,zero
wedge,dihedral_arm,1e0,1e-9,1e-8,positive
wedge,dihedral_wedge,1e0,1e-9,1e-8,positive
wedge,carrier_on_surface_1,-6.162975822039155e-33,1e-9,1e-8,zero
wedge,carrier_on_surface_2,0e0,1e-9,1e-8,zero
wedge,witness_on_surface_1,-6.162975822039155e-33,1e-9,1e-8,zero
wedge,witness_on_surface_2,0e0,1e-9,1e-8,zero
wedge,witness_at_mid_parameter,0e0,1e-9,1e-8,zero
wedge,interval_span_forward,1e0,1e-9,1e-8,positive
wedge,carrier_endpoint_start,0e0,1e-9,1e-8,zero
wedge,carrier_endpoint_end,0e0,1e-9,1e-8,zero
wedge,carrier_on_surface_1,-6.162975822039155e-33,1e-9,1e-8,zero
wedge,carrier_on_surface_2,0e0,1e-9,1e-8,zero
wedge,carrier_on_surface_1,-1.8488927466117464e-32,1e-9,1e-8,zero
wedge,carrier_on_surface_2,0e0,1e-9,1e-8,zero
wedge,dihedral_arm,1e0,1e-9,1e-8,positive
wedge,dihedral_wedge,1e0,1e-9,1e-8,positive
wedge,carrier_on_surface_1,-3.0814879110195774e-33,1e-9,1e-8,zero
wedge,carrier_on_surface_2,0e0,1e-9,1e-8,zero
wedge,dihedral_arm,1e0,1e-9,1e-8,positive
wedge,dihedral_wedge,1e0,1e-9,1e-8,positive
wedge,carrier_on_surface_1,-1.3866695599588098e-32,1e-9,1e-8,zero
wedge,carrier_on_surface_2,0e0,1e-9,1e-8,zero
wedge,dihedral_arm,1e0,1e-9,1e-8,positive
wedge,dihedral_wedge,1e0,1e-9,1e-8,positive
wedge,carrier_on_surface_1,-0e0,1e-9,1e-8,zero
wedge,carrier_on_surface_2,0e0,1e-9,1e-8,zero
wedge,dihedral_arm,1e0,1e-9,1e-8,positive
wedge,dihedral_wedge,1e0,1e-9,1e-8,positive
wedge,carrier_on_surface_1,-1.0785207688568521e-32,1e-9,1e-8,zero
wedge,carrier_on_surface_2,0e0,1e-9,1e-8,zero
wedge,dihedral_arm,1e0,1e-9,1e-8,positive
wedge,dihedral_wedge,1e0,1e-9,1e-8,positive
wedge,carrier_on_surface_1,-9.244463733058732e-33,1e-9,1e-8,zero
wedge,carrier_on_surface_2,0e0,1e-9,1e-8,zero
wedge,dihedral_arm,1e0,1e-9,1e-8,positive
wedge,dihedral_wedge,1e0,1e-9,1e-8,positive
wedge,carrier_on_surface_1,-6.162975822039155e-33,1e-9,1e-8,zero
wedge,carrier_on_surface_2,0e0,1e-9,1e-8,zero
wedge,dihedral_arm,1e0,1e-9,1e-8,positive
wedge,dihedral_wedge,1e0,1e-9,1e-8,positive
wedge,carrier_on_surface_1,-6.162975822039155e-33,1e-9,1e-8,zero
wedge,carrier_on_surface_2,0e0,1e-9,1e-8,zero
wedge,witness_on_surface_1,-0e0,1e-9,1e-8,zero
wedge,witness_on_surface_2,0e0,1e-9,1e-8,zero
wedge,witness_at_mid_parameter,0e0,1e-9,1e-8,zero
wedge,planar_face_residual,-6.162975822039155e-33,1e-9,1e-8,zero
wedge,planar_face_residual,-6.162975822039155e-33,1e-9,1e-8,zero
wedge,planar_face_residual,-6.162975822039155e-33,1e-9,1e-8,zero
wedge,planar_face_residual,-6.162975822039155e-33,1e-9,1e-8,zero
wedge,planar_face_residual,0e0,1e-9,1e-8,zero
wedge,planar_face_residual,0e0,1e-9,1e-8,zero
wedge,planar_face_residual,0e0,1e-9,1e-8,zero
wedge,planar_face_residual,0e0,1e-9,1e-8,zero
wedge,planar_face_residual,0e0,1e-9,1e-8,zero
wedge,planar_face_residual,0e0,1e-9,1e-8,zero
wedge,planar_face_residual,0e0,1e-9,1e-8,zero
wedge,planar_face_residual,0e0,1e-9,1e-8,zero
wedge,planar_face_residual,0e0,1e-9,1e-8,zero
wedge,planar_face_residual,0e0,1e-9,1e-8,zero
wedge,planar_face_residual,0e0,1e-9,1e-8,zero
wedge,planar_face_residual,0e0,1e-9,1e-8,zero
wedge,dihedral_arm,1e0,1e-9,1e-8,positive
wedge,dihedral_wedge,1e0,1e-9,1e-8,positive
wedge,dihedral_arm,1e0,1e-9,1e-8,positive
wedge,dihedral_wedge,1e0,1e-9,1e-8,positive
wedge,dihedral_arm,1e0,1e-9,1e-8,positive
wedge,dihedral_wedge,1e0,1e-9,1e-8,positive
wedge,dihedral_arm,1e0,1e-9,1e-8,positive
wedge,dihedral_wedge,1e0,1e-9,1e-8,positive
wedge,dihedral_arm,1e0,1e-9,1e-8,positive
wedge,dihedral_wedge,1e0,1e-9,1e-8,positive
wedge,dihedral_arm,1e0,1e-9,1e-8,positive
wedge,dihedral_wedge,1e0,1e-9,1e-8,positive
wedge,dihedral_arm,1e0,1e-9,1e-8,positive
wedge,dihedral_wedge,1e0,1e-9,1e-8,positive
wedge,planar_boundary_residual,0e0,1e-9,1e-8,zero
wedge,planar_boundary_residual,0e0,1e-9,1e-8,zero
wedge,planar_boundary_residual,0e0,1e-9,1e-8,zero
wedge,planar_boundary_residual,0e0,1e-9,1e-8,zero
wedge,planar_boundary_residual,0e0,1e-9,1e-8,zero
wedge,planar_boundary_residual,0e0,1e-9,1e-8,zero
wedge,planar_boundary_residual,0e0,1e-9,1e-8,zero
wedge,dihedral_arm,1e0,1e-9,1e-8,positive
wedge,dihedral_wedge,1e0,1e-9,1e-8,positive
wedge,dihedral_arm,1e0,1e-9,1e-8,positive
wedge,dihedral_wedge,1e0,1e-9,1e-8,positive
wedge,dihedral_arm,1e0,1e-9,1e-8,positive
wedge,dihedral_wedge,1e0,1e-9,1e-8,positive
wedge,dihedral_arm,1e0,1e-9,1e-8,positive
wedge,dihedral_wedge,1e0,1e-9,1e-8,positive
wedge,dihedral_arm,1e0,1e-9,1e-8,positive
wedge,dihedral_wedge,1e0,1e-9,1e-8,positive
wedge,dihedral_arm,1e0,1e-9,1e-8,positive
wedge,dihedral_wedge,1e0,1e-9,1e-8,positive
wedge,dihedral_arm,1e0,1e-9,1e-8,positive
wedge,dihedral_wedge,1e0,1e-9,1e-8,positive
wedge,planar_boundary_residual,0e0,1e-9,1e-8,zero
wedge,planar_boundary_residual,0e0,1e-9,1e-8,zero
wedge,planar_boundary_residual,0e0,1e-9,1e-8,zero
wedge,planar_boundary_residual,0e0,1e-9,1e-8,zero
wedge,planar_boundary_residual,0e0,1e-9,1e-8,zero
wedge,planar_boundary_residual,0e0,1e-9,1e-8,zero
wedge,planar_boundary_residual,0e0,1e-9,1e-8,zero
wedge,planar_boundary_residual,0e0,1e-9,1e-8,zero
wedge,planar_boundary_residual,0e0,1e-9,1e-8,zero
wedge,planar_boundary_residual,0e0,1e-9,1e-8,zero
wedge,planar_boundary_residual,0e0,1e-9,1e-8,zero
wedge,planar_boundary_residual,0e0,1e-9,1e-8,zero
wedge,planar_boundary_residual,0e0,1e-9,1e-8,zero
wedge,planar_boundary_residual,0e0,1e-9,1e-8,zero
wedge,dihedral_arm,1e0,1e-9,1e-8,positive
wedge,dihedral_wedge,1e0,1e-9,1e-8,positive
wedge,dihedral_arm,1e0,1e-9,1e-8,positive
wedge,dihedral_wedge,1e0,1e-9,1e-8,positive
wedge,dihedral_arm,1e0,1e-9,1e-8,positive
wedge,dihedral_wedge,1e0,1e-9,1e-8,positive
wedge,dihedral_arm,1e0,1e-9,1e-8,positive
wedge,dihedral_wedge,1e0,1e-9,1e-8,positive
wedge,dihedral_arm,1e0,1e-9,1e-8,positive
wedge,dihedral_wedge,1e0,1e-9,1e-8,positive
wedge,dihedral_arm,1e0,1e-9,1e-8,positive
wedge,dihedral_wedge,1e0,1e-9,1e-8,positive
wedge,dihedral_arm,1e0,1e-9,1e-8,positive
wedge,dihedral_wedge,1e0,1e-9,1e-8,positive
wedge,planar_boundary_residual,0e0,1e-9,1e-8,zero
wedge,planar_boundary_residual,0e0,1e-9,1e-8,zero
wedge,planar_boundary_residual,0e0,1e-9,1e-8,zero
wedge,planar_boundary_residual,0e0,1e-9,1e-8,zero
wedge,planar_boundary_residual,0e0,1e-9,1e-8,zero
wedge,planar_boundary_residual,0e0,1e-9,1e-8,zero
wedge,planar_boundary_residual,0e0,1e-9,1e-8,zero
wedge,dihedral_arm,1e0,1e-9,1e-8,positive
wedge,dihedral_wedge,1e0,1e-9,1e-8,positive
wedge,dihedral_arm,1e0,1e-9,1e-8,positive
wedge,dihedral_wedge,1e0,1e-9,1e-8,positive
wedge,dihedral_arm,1e0,1e-9,1e-8,positive
wedge,dihedral_wedge,1e0,1e-9,1e-8,positive
wedge,dihedral_arm,1e0,1e-9,1e-8,positive
wedge,dihedral_wedge,1e0,1e-9,1e-8,positive
wedge,dihedral_arm,1e0,1e-9,1e-8,positive
wedge,dihedral_wedge,1e0,1e-9,1e-8,positive
wedge,dihedral_arm,1e0,1e-9,1e-8,positive
wedge,dihedral_wedge,1e0,1e-9,1e-8,positive
wedge,dihedral_arm,1e0,1e-9,1e-8,positive
wedge,dihedral_wedge,1e0,1e-9,1e-8,positive
wedge,planar_boundary_residual,0e0,1e-9,1e-8,zero
wedge,planar_boundary_residual,0e0,1e-9,1e-8,zero
wedge,planar_boundary_residual,0e0,1e-9,1e-8,zero
wedge,planar_boundary_residual,0e0,1e-9,1e-8,zero
wedge,planar_boundary_residual,0e0,1e-9,1e-8,zero
wedge,planar_boundary_residual,0e0,1e-9,1e-8,zero
wedge,planar_boundary_residual,0e0,1e-9,1e-8,zero
wedge,planar_boundary_residual,0e0,1e-9,1e-8,zero
wedge,planar_boundary_residual,0e0,1e-9,1e-8,zero
wedge,planar_boundary_residual,0e0,1e-9,1e-8,zero
wedge,planar_boundary_residual,0e0,1e-9,1e-8,zero
wedge,planar_boundary_residual,0e0,1e-9,1e-8,zero
wedge,planar_boundary_residual,0e0,1e-9,1e-8,zero
wedge,planar_boundary_residual,0e0,1e-9,1e-8,zero
wedge,dihedral_arm,1e0,1e-9,1e-8,positive
wedge,dihedral_wedge,1e0,1e-9,1e-8,positive
wedge,dihedral_arm,1e0,1e-9,1e-8,positive
wedge,dihedral_wedge,1e0,1e-9,1e-8,positive
wedge,dihedral_arm,1e0,1e-9,1e-8,positive
wedge,dihedral_wedge,1e0,1e-9,1e-8,positive
wedge,dihedral_arm,1e0,1e-9,1e-8,positive
wedge,dihedral_wedge,1e0,1e-9,1e-8,positive
wedge,dihedral_arm,1e0,1e-9,1e-8,positive
wedge,dihedral_wedge,1e0,1e-9,1e-8,positive
wedge,dihedral_arm,1e0,1e-9,1e-8,positive
wedge,dihedral_wedge,1e0,1e-9,1e-8,positive
wedge,dihedral_arm,1e0,1e-9,1e-8,positive
wedge,dihedral_wedge,1e0,1e-9,1e-8,positive
wedge,planar_boundary_residual,0e0,1e-9,1e-8,zero
wedge,planar_boundary_residual,0e0,1e-9,1e-8,zero
wedge,planar_boundary_residual,0e0,1e-9,1e-8,zero
wedge,planar_boundary_residual,0e0,1e-9,1e-8,zero
wedge,planar_boundary_residual,0e0,1e-9,1e-8,zero
wedge,planar_boundary_residual,0e0,1e-9,1e-8,zero
wedge,planar_boundary_residual,0e0,1e-9,1e-8,zero
wedge,dihedral_arm,1e0,1e-9,1e-8,positive
wedge,dihedral_wedge,1e0,1e-9,1e-8,positive
wedge,dihedral_arm,1e0,1e-9,1e-8,positive
wedge,dihedral_wedge,1e0,1e-9,1e-8,positive
wedge,dihedral_arm,1e0,1e-9,1e-8,positive
wedge,dihedral_wedge,1e0,1e-9,1e-8,positive
wedge,dihedral_arm,1e0,1e-9,1e-8,positive
wedge,dihedral_wedge,1e0,1e-9,1e-8,positive
wedge,dihedral_arm,1e0,1e-9,1e-8,positive
wedge,dihedral_wedge,1e0,1e-9,1e-8,positive
wedge,dihedral_arm,1e0,1e-9,1e-8,positive
wedge,dihedral_wedge,1e0,1e-9,1e-8,positive
wedge,dihedral_arm,1e0,1e-9,1e-8,positive
wedge,dihedral_wedge,1e0,1e-9,1e-8,positive
wedge,planar_boundary_residual,0e0,1e-9,1e-8,zero
wedge,planar_boundary_residual,0e0,1e-9,1e-8,zero
wedge,planar_boundary_residual,0e0,1e-9,1e-8,zero
wedge,planar_boundary_residual,0e0,1e-9,1e-8,zero
wedge,planar_boundary_residual,0e0,1e-9,1e-8,zero
wedge,planar_boundary_residual,0e0,1e-9,1e-8,zero
wedge,planar_boundary_residual,0e0,1e-9,1e-8,zero
wedge,dihedral_arm,2e0,1e-9,1e-8,positive
wedge,dihedral_wedge,2e0,1e-9,1e-8,positive
wedge,dihedral_arm,2e0,1e-9,1e-8,positive
wedge,dihedral_wedge,2e0,1e-9,1e-8,positive
wedge,dihedral_arm,2e0,1e-9,1e-8,positive
wedge,dihedral_wedge,2e0,1e-9,1e-8,positive
wedge,dihedral_arm,2e0,1e-9,1e-8,positive
wedge,dihedral_wedge,2e0,1e-9,1e-8,positive
wedge,dihedral_arm,2e0,1e-9,1e-8,positive
wedge,dihedral_wedge,2e0,1e-9,1e-8,positive
wedge,dihedral_arm,2e0,1e-9,1e-8,positive
wedge,dihedral_wedge,2e0,1e-9,1e-8,positive
wedge,dihedral_arm,2e0,1e-9,1e-8,positive
wedge,dihedral_wedge,2e0,1e-9,1e-8,positive
wedge,planar_boundary_residual,0e0,1e-9,1e-8,zero
wedge,planar_boundary_residual,0e0,1e-9,1e-8,zero
wedge,planar_boundary_residual,0e0,1e-9,1e-8,zero
wedge,planar_boundary_residual,0e0,1e-9,1e-8,zero
wedge,planar_boundary_residual,0e0,1e-9,1e-8,zero
wedge,planar_boundary_residual,0e0,1e-9,1e-8,zero
wedge,planar_boundary_residual,0e0,1e-9,1e-8,zero
wedge,dihedral_arm,2e0,1e-9,1e-8,positive
wedge,dihedral_wedge,2e0,1e-9,1e-8,positive
wedge,dihedral_arm,2e0,1e-9,1e-8,positive
wedge,dihedral_wedge,2e0,1e-9,1e-8,positive
wedge,dihedral_arm,2e0,1e-9,1e-8,positive
wedge,dihedral_wedge,2e0,1e-9,1e-8,positive
wedge,dihedral_arm,2e0,1e-9,1e-8,positive
wedge,dihedral_wedge,2e0,1e-9,1e-8,positive
wedge,dihedral_arm,2e0,1e-9,1e-8,positive
wedge,dihedral_wedge,2e0,1e-9,1e-8,positive
wedge,dihedral_arm,2e0,1e-9,1e-8,positive
wedge,dihedral_wedge,2e0,1e-9,1e-8,positive
wedge,dihedral_arm,2e0,1e-9,1e-8,positive
wedge,dihedral_wedge,2e0,1e-9,1e-8,positive
wedge,planar_boundary_residual,0e0,1e-9,1e-8,zero
wedge,planar_boundary_residual,0e0,1e-9,1e-8,zero
wedge,planar_boundary_residual,0e0,1e-9,1e-8,zero
wedge,planar_boundary_residual,0e0,1e-9,1e-8,zero
wedge,planar_boundary_residual,0e0,1e-9,1e-8,zero
wedge,planar_boundary_residual,0e0,1e-9,1e-8,zero
wedge,planar_boundary_residual,0e0,1e-9,1e-8,zero
wedge,dihedral_arm,1e0,1e-9,1e-8,positive
wedge,dihedral_wedge,1e0,1e-9,1e-8,positive
wedge,dihedral_arm,1e0,1e-9,1e-8,positive
wedge,dihedral_wedge,1e0,1e-9,1e-8,positive
wedge,dihedral_arm,1e0,1e-9,1e-8,positive
wedge,dihedral_wedge,1e0,1e-9,1e-8,positive
wedge,dihedral_arm,1e0,1e-9,1e-8,positive
wedge,dihedral_wedge,1e0,1e-9,1e-8,positive
wedge,dihedral_arm,1e0,1e-9,1e-8,positive
wedge,dihedral_wedge,1e0,1e-9,1e-8,positive
wedge,dihedral_arm,1e0,1e-9,1e-8,positive
wedge,dihedral_wedge,1e0,1e-9,1e-8,positive
wedge,dihedral_arm,1e0,1e-9,1e-8,positive
wedge,dihedral_wedge,1e0,1e-9,1e-8,positive
wedge,planar_boundary_residual,-6.162975822039155e-33,1e-9,1e-8,zero
wedge,planar_boundary_residual,-6.162975822039155e-33,1e-9,1e-8,zero
wedge,planar_boundary_residual,-6.162975822039155e-33,1e-9,1e-8,zero
wedge,planar_boundary_residual,-6.162975822039155e-33,1e-9,1e-8,zero
wedge,planar_boundary_residual,-6.162975822039155e-33,1e-9,1e-8,zero
wedge,planar_boundary_residual,-6.162975822039155e-33,1e-9,1e-8,zero
wedge,planar_boundary_residual,-6.162975822039155e-33,1e-9,1e-8,zero
wedge,dihedral_arm,1e0,1e-9,1e-8,positive
wedge,dihedral_wedge,1e0,1e-9,1e-8,positive
wedge,dihedral_arm,1e0,1e-9,1e-8,positive
wedge,dihedral_wedge,1e0,1e-9,1e-8,positive
wedge,dihedral_arm,1e0,1e-9,1e-8,positive
wedge,dihedral_wedge,1e0,1e-9,1e-8,positive
wedge,dihedral_arm,1e0,1e-9,1e-8,positive
wedge,dihedral_wedge,1e0,1e-9,1e-8,positive
wedge,dihedral_arm,1e0,1e-9,1e-8,positive
wedge,dihedral_wedge,1e0,1e-9,1e-8,positive
wedge,dihedral_arm,1e0,1e-9,1e-8,positive
wedge,dihedral_wedge,1e0,1e-9,1e-8,positive
wedge,dihedral_arm,1e0,1e-9,1e-8,positive
wedge,dihedral_wedge,1e0,1e-9,1e-8,positive
wedge,planar_boundary_residual,-6.162975822039155e-33,1e-9,1e-8,zero
wedge,planar_boundary_residual,-9.244463733058732e-33,1e-9,1e-8,zero
wedge,planar_boundary_residual,-1.0785207688568521e-32,1e-9,1e-8,zero
wedge,planar_boundary_residual,0e0,1e-9,1e-8,zero
wedge,planar_boundary_residual,-1.3866695599588098e-32,1e-9,1e-8,zero
wedge,planar_boundary_residual,-3.0814879110195774e-33,1e-9,1e-8,zero
wedge,planar_boundary_residual,6.162975822039155e-33,1e-9,1e-8,zero
wedge,planar_boundary_residual,0e0,1e-9,1e-8,zero
wedge,planar_boundary_residual,0e0,1e-9,1e-8,zero
wedge,planar_boundary_residual,0e0,1e-9,1e-8,zero
wedge,planar_boundary_residual,0e0,1e-9,1e-8,zero
wedge,planar_boundary_residual,0e0,1e-9,1e-8,zero
wedge,planar_boundary_residual,0e0,1e-9,1e-8,zero
wedge,planar_boundary_residual,0e0,1e-9,1e-8,zero
wedge,dihedral_arm,1e0,1e-9,1e-8,positive
wedge,dihedral_wedge,1e0,1e-9,1e-8,positive
wedge,dihedral_arm,1e0,1e-9,1e-8,positive
wedge,dihedral_wedge,1e0,1e-9,1e-8,positive
wedge,dihedral_arm,1e0,1e-9,1e-8,positive
wedge,dihedral_wedge,1e0,1e-9,1e-8,positive
wedge,dihedral_arm,1e0,1e-9,1e-8,positive
wedge,dihedral_wedge,1e0,1e-9,1e-8,positive
wedge,dihedral_arm,1e0,1e-9,1e-8,positive
wedge,dihedral_wedge,1e0,1e-9,1e-8,positive
wedge,dihedral_arm,1e0,1e-9,1e-8,positive
wedge,dihedral_wedge,1e0,1e-9,1e-8,positive
wedge,dihedral_arm,1e0,1e-9,1e-8,positive
wedge,dihedral_wedge,1e0,1e-9,1e-8,positive
wedge,planar_boundary_residual,-6.162975822039155e-33,1e-9,1e-8,zero
wedge,planar_boundary_residual,-6.162975822039155e-33,1e-9,1e-8,zero
wedge,planar_boundary_residual,-6.162975822039155e-33,1e-9,1e-8,zero
wedge,planar_boundary_residual,-6.162975822039155e-33,1e-9,1e-8,zero
wedge,planar_boundary_residual,-6.162975822039155e-33,1e-9,1e-8,zero
wedge,planar_boundary_residual,-6.162975822039155e-33,1e-9,1e-8,zero
wedge,planar_boundary_residual,-6.162975822039155e-33,1e-9,1e-8,zero
wedge,dihedral_arm,1e0,1e-9,1e-8,positive
wedge,dihedral_wedge,1e0,1e-9,1e-8,positive
wedge,dihedral_arm,1e0,1e-9,1e-8,positive
wedge,dihedral_wedge,1e0,1e-9,1e-8,positive
wedge,dihedral_arm,1e0,1e-9,1e-8,positive
wedge,dihedral_wedge,1e0,1e-9,1e-8,positive
wedge,dihedral_arm,1e0,1e-9,1e-8,positive
wedge,dihedral_wedge,1e0,1e-9,1e-8,positive
wedge,dihedral_arm,1e0,1e-9,1e-8,positive
wedge,dihedral_wedge,1e0,1e-9,1e-8,positive
wedge,dihedral_arm,1e0,1e-9,1e-8,positive
wedge,dihedral_wedge,1e0,1e-9,1e-8,positive
wedge,dihedral_arm,1e0,1e-9,1e-8,positive
wedge,dihedral_wedge,1e0,1e-9,1e-8,positive
wedge,planar_boundary_residual,-1.8488927466117464e-32,1e-9,1e-8,zero
wedge,planar_boundary_residual,-3.0814879110195774e-33,1e-9,1e-8,zero
wedge,planar_boundary_residual,-1.3866695599588098e-32,1e-9,1e-8,zero
wedge,planar_boundary_residual,-0e0,1e-9,1e-8,zero
wedge,planar_boundary_residual,-1.0785207688568521e-32,1e-9,1e-8,zero
wedge,planar_boundary_residual,-9.244463733058732e-33,1e-9,1e-8,zero
wedge,planar_boundary_residual,-6.162975822039155e-33,1e-9,1e-8,zero
wedge,planar_boundary_residual,0e0,1e-9,1e-8,zero
wedge,planar_boundary_residual,0e0,1e-9,1e-8,zero
wedge,planar_boundary_residual,0e0,1e-9,1e-8,zero
wedge,planar_boundary_residual,0e0,1e-9,1e-8,zero
wedge,planar_boundary_residual,0e0,1e-9,1e-8,zero
wedge,planar_boundary_residual,0e0,1e-9,1e-8,zero
wedge,planar_boundary_residual,0e0,1e-9,1e-8,zero
wedge,props_meridian_axial,0e0,1e-9,1e-8,zero
wedge,props_circle_axis_class,1e0,1e-9,1e-8,positive
wedge,props_rim_fit,0e0,1e-9,1e-8,zero
wedge,props_meridian_axial,0e0,1e-9,1e-8,zero
wedge,props_circle_axis_class,1e0,1e-9,1e-8,positive
wedge,props_rim_fit,0e0,1e-9,1e-8,zero
wedge,props_du_consistent,0e0,1e-9,1e-8,zero
wedge,props_face_extent,1e0,1e-9,1e-8,positive
wedge,props_rim_side,1e0,1e-9,1e-8,positive
wedge,props_meridian_axial,0e0,1e-9,1e-8,zero
wedge,props_circle_axis_class,2e0,1e-9,1e-8,positive
wedge,props_rim_fit,0e0,1e-9,1e-8,zero
wedge,props_meridian_axial,0e0,1e-9,1e-8,zero
wedge,props_circle_axis_class,2e0,1e-9,1e-8,positive
wedge,props_rim_fit,0e0,1e-9,1e-8,zero
wedge,props_du_consistent,0e0,1e-9,1e-8,zero
wedge,props_face_extent,1e0,1e-9,1e-8,positive
wedge,props_rim_side,-1e0,1e-9,1e-8,negative
wedge,positive_volume,2.0623547330924857e-1,1e-9,1e-8,positive
wedge,props_meridian_axial,0e0,1e-9,1e-8,zero
wedge,props_circle_axis_class,1e0,1e-9,1e-8,positive
wedge,props_rim_fit,0e0,1e-9,1e-8,zero
wedge,props_meridian_axial,0e0,1e-9,1e-8,zero
wedge,props_circle_axis_class,1e0,1e-9,1e-8,positive
wedge,props_rim_fit,0e0,1e-9,1e-8,zero
wedge,props_du_consistent,0e0,1e-9,1e-8,zero
wedge,props_face_extent,1e0,1e-9,1e-8,positive
wedge,props_rim_side,1e0,1e-9,1e-8,positive
wedge,props_meridian_axial,0e0,1e-9,1e-8,zero
wedge,props_circle_axis_class,2e0,1e-9,1e-8,positive
wedge,props_rim_fit,0e0,1e-9,1e-8,zero
wedge,props_meridian_axial,0e0,1e-9,1e-8,zero
wedge,props_circle_axis_class,2e0,1e-9,1e-8,positive
wedge,props_rim_fit,0e0,1e-9,1e-8,zero
wedge,props_du_consistent,0e0,1e-9,1e-8,zero
wedge,props_face_extent,1e0,1e-9,1e-8,positive
wedge,props_rim_side,-1e0,1e-9,1e-8,negative
axis_wedge,vertex_separation,1e0,1e-9,1e-8,positive
axis_wedge,segment_straightness,0e0,1e-9,1e-8,zero
axis_wedge,vertex_separation,1e0,1e-9,1e-8,positive
axis_wedge,segment_straightness,0e0,1e-9,1e-8,zero
axis_wedge,vertex_separation,1e0,1e-9,1e-8,positive
axis_wedge,segment_straightness,0e0,1e-9,1e-8,zero
axis_wedge,vertex_separation,1e0,1e-9,1e-8,positive
axis_wedge,segment_straightness,0e0,1e-9,1e-8,zero
axis_wedge,chord_side,0e0,1e-9,1e-8,zero
axis_wedge,chord_side,1e0,1e-9,1e-8,positive
axis_wedge,chord_side,1e0,1e-9,1e-8,positive
axis_wedge,chord_side,0e0,1e-9,1e-8,zero
axis_wedge,line_span,0e0,1e-9,1e-8,zero
axis_wedge,line_span,0e0,1e-9,1e-8,zero
axis_wedge,contact_at_shared_vertex,0e0,1e-9,1e-8,zero
axis_wedge,contact_at_shared_vertex,0e0,1e-9,1e-8,zero
axis_wedge,chord_side,1e0,1e-9,1e-8,positive
axis_wedge,chord_side,1e0,1e-9,1e-8,positive
axis_wedge,chord_side,1e0,1e-9,1e-8,positive
axis_wedge,chord_side,1e0,1e-9,1e-8,positive
axis_wedge,chord_side,1e0,1e-9,1e-8,positive
axis_wedge,chord_side,0e0,1e-9,1e-8,zero
axis_wedge,chord_side,0e0,1e-9,1e-8,zero
axis_wedge,chord_side,1e0,1e-9,1e-8,positive
axis_wedge,line_span,0e0,1e-9,1e-8,zero
axis_wedge,line_span,0e0,1e-9,1e-8,zero
axis_wedge,contact_at_shared_vertex,0e0,1e-9,1e-8,zero
axis_wedge,contact_at_shared_vertex,0e0,1e-9,1e-8,zero
axis_wedge,chord_side,0e0,1e-9,1e-8,zero
axis_wedge,chord_side,1e0,1e-9,1e-8,positive
axis_wedge,chord_side,1e0,1e-9,1e-8,positive
axis_wedge,chord_side,-0e0,1e-9,1e-8,zero
axis_wedge,line_span,0e0,1e-9,1e-8,zero
axis_wedge,line_span,0e0,1e-9,1e-8,zero
axis_wedge,contact_at_shared_vertex,0e0,1e-9,1e-8,zero
axis_wedge,contact_at_shared_vertex,0e0,1e-9,1e-8,zero
axis_wedge,chord_side,1e0,1e-9,1e-8,positive
axis_wedge,chord_side,1e0,1e-9,1e-8,positive
axis_wedge,chord_side,1e0,1e-9,1e-8,positive
axis_wedge,chord_side,1e0,1e-9,1e-8,positive
axis_wedge,chord_side,0e0,1e-9,1e-8,zero
axis_wedge,chord_side,1e0,1e-9,1e-8,positive
axis_wedge,chord_side,1e0,1e-9,1e-8,positive
axis_wedge,chord_side,0e0,1e-9,1e-8,zero
axis_wedge,line_span,0e0,1e-9,1e-8,zero
axis_wedge,line_span,0e0,1e-9,1e-8,zero
axis_wedge,contact_at_shared_vertex,0e0,1e-9,1e-8,zero
axis_wedge,contact_at_shared_vertex,0e0,1e-9,1e-8,zero
axis_wedge,canonical_order_x,1e0,5e-324,1e-323,positive
axis_wedge,canonical_order_x,1e0,5e-324,1e-323,positive
axis_wedge,canonical_order_x,0e0,5e-324,1e-323,zero
axis_wedge,canonical_order_y,1e0,5e-324,1e-323,positive
axis_wedge,loop_orientation,5e-1,1e-9,1e-8,positive
axis_wedge,canonical_order_x,1e0,5e-324,1e-323,positive
axis_wedge,canonical_order_x,1e0,5e-324,1e-323,positive
axis_wedge,canonical_order_x,0e0,5e-324,1e-323,zero
axis_wedge,canonical_order_y,1e0,5e-324,1e-323,positive
axis_wedge,vertex_separation,1e0,1e-9,1e-8,positive
axis_wedge,segment_straightness,0e0,1e-9,1e-8,zero
axis_wedge,vertex_separation,1e0,1e-9,1e-8,positive
axis_wedge,segment_straightness,0e0,1e-9,1e-8,zero
axis_wedge,vertex_separation,1e0,1e-9,1e-8,positive
axis_wedge,segment_straightness,0e0,1e-9,1e-8,zero
axis_wedge,vertex_separation,1e0,1e-9,1e-8,positive
axis_wedge,segment_straightness,0e0,1e-9,1e-8,zero
axis_wedge,revolve_axis_direction,1e0,1e-9,1e-8,positive
axis_wedge,revolve_angle,1.5707963267948966e0,1e-9,1e-8,positive
axis_wedge,revolve_angle_headroom,4.71238898038469e0,1e-9,1e-8,positive
axis_wedge,axis_vertex_radius,0e0,1e-9,1e-8,zero
axis_wedge,axis_vertex_radius,0e0,1e-9,1e-8,zero
axis_wedge,axis_vertex_radius,1e0,1e-9,1e-8,positive
axis_wedge,axis_vertex_radius,1e0,1e-9,1e-8,positive
axis_wedge,axis_line_radial,1e0,1e-9,1e-8,positive
axis_wedge,axis_line_axial,0e0,1e-9,1e-8,zero
axis_wedge,axis_line_radial,0e0,1e-9,1e-8,zero
axis_wedge,axis_line_radial,-1e0,1e-9,1e-8,negative
axis_wedge,axis_line_axial,0e0,1e-9,1e-8,zero
axis_wedge,interval_span_forward,1e0,1e-9,1e-8,positive
axis_wedge,carrier_endpoint_start,0e0,1e-9,1e-8,zero
axis_wedge,carrier_endpoint_end,0e0,1e-9,1e-8,zero
axis_wedge,carrier_matches_mapped_source,0e0,1e-9,1e-8,zero
axis_wedge,carrier_matches_mapped_source,0e0,1e-9,1e-8,zero
axis_wedge,carrier_matches_mapped_source,0e0,1e-9,1e-8,zero
axis_wedge,carrier_matches_mapped_source,0e0,1e-9,1e-8,zero
axis_wedge,carrier_matches_mapped_source,0e0,1e-9,1e-8,zero
axis_wedge,carrier_matches_mapped_source,0e0,1e-9,1e-8,zero
axis_wedge,carrier_matches_mapped_source,0e0,1e-9,1e-8,zero
axis_wedge,carrier_matches_mapped_source,0e0,1e-9,1e-8,zero
axis_wedge,carrier_matches_mapped_source,0e0,1e-9,1e-8,zero
axis_wedge,interval_span_forward,1e0,1e-9,1e-8,positive
axis_wedge,carrier_endpoint_start,0e0,1e-9,1e-8,zero
axis_wedge,carrier_endpoint_end,0e0,1e-9,1e-8,zero
axis_wedge,carrier_matches_mapped_source,0e0,1e-9,1e-8,zero
axis_wedge,carrier_matches_mapped_source,0e0,1e-9,1e-8,zero
axis_wedge,carrier_matches_mapped_source,0e0,1e-9,1e-8,zero
axis_wedge,carrier_matches_mapped_source,0e0,1e-9,1e-8,zero
axis_wedge,carrier_matches_mapped_source,0e0,1e-9,1e-8,zero
axis_wedge,carrier_matches_mapped_source,0e0,1e-9,1e-8,zero
axis_wedge,carrier_matches_mapped_source,0e0,1e-9,1e-8,zero
axis_wedge,carrier_matches_mapped_source,0e0,1e-9,1e-8,zero
axis_wedge,carrier_matches_mapped_source,0e0,1e-9,1e-8,zero
axis_wedge,interval_span_forward,1e0,1e-9,1e-8,positive
axis_wedge,carrier_endpoint_start,0e0,1e-9,1e-8,zero
axis_wedge,carrier_endpoint_end,0e0,1e-9,1e-8,zero
axis_wedge,carrier_matches_mapped_source,0e0,1e-9,1e-8,zero
axis_wedge,carrier_matches_mapped_source,0e0,1e-9,1e-8,zero
axis_wedge,carrier_matches_mapped_source,0e0,1e-9,1e-8,zero
axis_wedge,carrier_matches_mapped_source,0e0,1e-9,1e-8,zero
axis_wedge,carrier_matches_mapped_source,0e0,1e-9,1e-8,zero
axis_wedge,carrier_matches_mapped_source,0e0,1e-9,1e-8,zero
axis_wedge,carrier_matches_mapped_source,0e0,1e-9,1e-8,zero
axis_wedge,carrier_matches_mapped_source,0e0,1e-9,1e-8,zero
axis_wedge,carrier_matches_mapped_source,0e0,1e-9,1e-8,zero
axis_wedge,newell_plane_residual,0e0,1e-9,1e-8,zero
axis_wedge,newell_plane_residual,0e0,1e-9,1e-8,zero
axis_wedge,newell_plane_residual,0e0,1e-9,1e-8,zero
axis_wedge,newell_plane_residual,0e0,1e-9,1e-8,zero
axis_wedge,interval_span_forward,1e0,1e-9,1e-8,positive
axis_wedge,carrier_endpoint_start,0e0,1e-9,1e-8,zero
axis_wedge,carrier_endpoint_end,0e0,1e-9,1e-8,zero
axis_wedge,carrier_matches_mapped_source,0e0,1e-9,1e-8,zero
axis_wedge,carrier_matches_mapped_source,0e0,1e-9,1e-8,zero
axis_wedge,carrier_matches_mapped_source,0e0,1e-9,1e-8,zero
axis_wedge,carrier_matches_mapped_source,0e0,1e-9,1e-8,zero
axis_wedge,carrier_matches_mapped_source,0e0,1e-9,1e-8,zero
axis_wedge,carrier_matches_mapped_source,0e0,1e-9,1e-8,zero
axis_wedge,carrier_matches_mapped_source,0e0,1e-9,1e-8,zero
axis_wedge,carrier_matches_mapped_source,0e0,1e-9,1e-8,zero
axis_wedge,carrier_matches_mapped_source,0e0,1e-9,1e-8,zero
axis_wedge,wall_lines_cosurface,-1e0,1e-9,1e-8,negative
axis_wedge,wall_lines_cosurface,-1e0,1e-9,1e-8,negative
axis_wedge,interval_span_forward,1.5707963267948966e0,1e-9,1e-8,positive
axis_wedge,interval_span_winding,4.71238898038469e0,1e-9,1e-8,positive
axis_wedge,carrier_endpoint_start,0e0,1e-9,1e-8,zero
axis_wedge,carrier_endpoint_end,0e0,1e-9,1e-8,zero
axis_wedge,carrier_matches_mapped_source,0e0,1e-9,1e-8,zero
axis_wedge,carrier_matches_mapped_source,0e0,1e-9,1e-8,zero
axis_wedge,carrier_matches_mapped_source,0e0,1e-9,1e-8,zero
axis_wedge,carrier_matches_mapped_source,0e0,1e-9,1e-8,zero
axis_wedge,carrier_matches_mapped_source,0e0,1e-9,1e-8,zero
axis_wedge,carrier_matches_mapped_source,0e0,1e-9,1e-8,zero
axis_wedge,carrier_matches_mapped_source,0e0,1e-9,1e-8,zero
axis_wedge,carrier_matches_mapped_source,0e0,1e-9,1e-8,zero
axis_wedge,carrier_matches_mapped_source,0e0,1e-9,1e-8,zero
axis_wedge,interval_span_forward,1.5707963267948966e0,1e-9,1e-8,positive
axis_wedge,interval_span_winding,4.71238898038469e0,1e-9,1e-8,positive
axis_wedge,carrier_endpoint_start,0e0,1e-9,1e-8,zero
axis_wedge,carrier_endpoint_end,0e0,1e-9,1e-8,zero
axis_wedge,carrier_matches_mapped_source,0e0,1e-9,1e-8,zero
axis_wedge,carrier_matches_mapped_source,0e0,1e-9,1e-8,zero
axis_wedge,carrier_matches_mapped_source,0e0,1e-9,1e-8,zero
axis_wedge,carrier_matches_mapped_source,0e0,1e-9,1e-8,zero
axis_wedge,carrier_matches_mapped_source,0e0,1e-9,1e-8,zero
axis_wedge,carrier_matches_mapped_source,0e0,1e-9,1e-8,zero
axis_wedge,carrier_matches_mapped_source,0e0,1e-9,1e-8,zero
axis_wedge,carrier_matches_mapped_source,0e0,1e-9,1e-8,zero
axis_wedge,carrier_matches_mapped_source,0e0,1e-9,1e-8,zero
axis_wedge,interval_span_forward,1e0,1e-9,1e-8,positive
axis_wedge,carrier_endpoint_start,0e0,1e-9,1e-8,zero
axis_wedge,carrier_endpoint_end,0e0,1e-9,1e-8,zero
axis_wedge,carrier_matches_mapped_source,0e0,1e-9,1e-8,zero
axis_wedge,carrier_matches_mapped_source,0e0,1e-9,1e-8,zero
axis_wedge,carrier_matches_mapped_source,0e0,1e-9,1e-8,zero
axis_wedge,carrier_matches_mapped_source,0e0,1e-9,1e-8,zero
axis_wedge,carrier_matches_mapped_source,0e0,1e-9,1e-8,zero
axis_wedge,carrier_matches_mapped_source,0e0,1e-9,1e-8,zero
axis_wedge,carrier_matches_mapped_source,0e0,1e-9,1e-8,zero
axis_wedge,carrier_matches_mapped_source,0e0,1e-9,1e-8,zero
axis_wedge,carrier_matches_mapped_source,0e0,1e-9,1e-8,zero
axis_wedge,interval_span_forward,1e0,1e-9,1e-8,positive
axis_wedge,carrier_endpoint_start,0e0,1e-9,1e-8,zero
axis_wedge,carrier_endpoint_end,0e0,1e-9,1e-8,zero
axis_wedge,carrier_matches_mapped_source,0e0,1e-9,1e-8,zero
axis_wedge,carrier_matches_mapped_source,0e0,1e-9,1e-8,zero
axis_wedge,carrier_matches_mapped_source,0e0,1e-9,1e-8,zero
axis_wedge,carrier_matches_mapped_source,0e0,1e-9,1e-8,zero
axis_wedge,carrier_matches_mapped_source,0e0,1e-9,1e-8,zero
axis_wedge,carrier_matches_mapped_source,0e0,1e-9,1e-8,zero
axis_wedge,carrier_matches_mapped_source,0e0,1e-9,1e-8,zero
axis_wedge,carrier_matches_mapped_source,0e0,1e-9,1e-8,zero
axis_wedge,carrier_matches_mapped_source,0e0,1e-9,1e-8,zero
axis_wedge,interval_span_forward,1e0,1e-9,1e-8,positive
axis_wedge,carrier_endpoint_start,0e0,1e-9,1e-8,zero
axis_wedge,carrier_endpoint_end,0e0,1e-9,1e-8,zero
axis_wedge,carrier_matches_mapped_source,0e0,1e-9,1e-8,zero
axis_wedge,carrier_matches_mapped_source,0e0,1e-9,1e-8,zero
axis_wedge,carrier_matches_mapped_source,0e0,1e-9,1e-8,zero
axis_wedge,carrier_matches_mapped_source,0e0,1e-9,1e-8,zero
axis_wedge,carrier_matches_mapped_source,0e0,1e-9,1e-8,zero
axis_wedge,carrier_matches_mapped_source,0e0,1e-9,1e-8,zero
axis_wedge,carrier_matches_mapped_source,3.0814879110195774e-33,1e-9,1e-8,zero
axis_wedge,carrier_matches_mapped_source,1.5407439555097887e-33,1e-9,1e-8,zero
axis_wedge,carrier_matches_mapped_source,0e0,1e-9,1e-8,zero
axis_wedge,dihedral_arm,1e0,1e-9,1e-8,positive
axis_wedge,dihedral_wedge,1e0,1e-9,1e-8,positive
axis_wedge,interval_span_forward,1.5707963267948966e0,1e-9,1e-8,positive
axis_wedge,interval_span_winding,4.71238898038469e0,1e-9,1e-8,positive
axis_wedge,carrier_endpoint_start,0e0,1e-9,1e-8,zero
axis_wedge,carrier_endpoint_end,0e0,1e-9,1e-8,zero
axis_wedge,carrier_on_surface_1,0e0,1e-9,1e-8,zero
axis_wedge,carrier_on_surface_2,0e0,1e-9,1e-8,zero
axis_wedge,carrier_on_surface_1,0e0,1e-9,1e-8,zero
axis_wedge,carrier_on_surface_2,0e0,1e-9,1e-8,zero
axis_wedge,dihedral_arm,1e0,1e-9,1e-8,positive
axis_wedge,dihedral_wedge,1e0,1e-9,1e-8,positive
axis_wedge,carrier_on_surface_1,0e0,1e-9,1e-8,zero
axis_wedge,carrier_on_surface_2,0e0,1e-9,1e-8,zero
axis_wedge,dihedral_arm,1e0,1e-9,1e-8,positive
axis_wedge,dihedral_wedge,1e0,1e-9,1e-8,positive
axis_wedge,carrier_on_surface_1,0e0,1e-9,1e-8,zero
axis_wedge,carrier_on_surface_2,0e0,1e-9,1e-8,zero
axis_wedge,dihedral_arm,1e0,1e-9,1e-8,positive
axis_wedge,dihedral_wedge,1e0,1e-9,1e-8,positive
axis_wedge,carrier_on_surface_1,0e0,1e-9,1e-8,zero
axis_wedge,carrier_on_surface_2,0e0,1e-9,1e-8,zero
axis_wedge,dihedral_arm,1e0,1e-9,1e-8,positive
axis_wedge,dihedral_wedge,1e0,1e-9,1e-8,positive
axis_wedge,carrier_on_surface_1,0e0,1e-9,1e-8,zero
axis_wedge,carrier_on_surface_2,0e0,1e-9,1e-8,zero
axis_wedge,dihedral_arm,1e0,1e-9,1e-8,positive
axis_wedge,dihedral_wedge,1e0,1e-9,1e-8,positive
axis_wedge,carrier_on_surface_1,0e0,1e-9,1e-8,zero
axis_wedge,carrier_on_surface_2,0e0,1e-9,1e-8,zero
axis_wedge,dihedral_arm,1e0,1e-9,1e-8,positive
axis_wedge,dihedral_wedge,1e0,1e-9,1e-8,positive
axis_wedge,carrier_on_surface_1,0e0,1e-9,1e-8,zero
axis_wedge,carrier_on_surface_2,0e0,1e-9,1e-8,zero
axis_wedge,dihedral_arm,1e0,1e-9,1e-8,positive
axis_wedge,dihedral_wedge,1e0,1e-9,1e-8,positive
axis_wedge,carrier_on_surface_1,0e0,1e-9,1e-8,zero
axis_wedge,carrier_on_surface_2,0e0,1e-9,1e-8,zero
axis_wedge,witness_on_surface_1,0e0,1e-9,1e-8,zero
axis_wedge,witness_on_surface_2,0e0,1e-9,1e-8,zero
axis_wedge,witness_at_mid_parameter,0e0,1e-9,1e-8,zero
axis_wedge,dihedral_arm,1e0,1e-9,1e-8,positive
axis_wedge,dihedral_wedge,1e0,1e-9,1e-8,positive
axis_wedge,interval_span_forward,1.5707963267948966e0,1e-9,1e-8,positive
axis_wedge,interval_span_winding,4.71238898038469e0,1e-9,1e-8,positive
axis_wedge,carrier_endpoint_start,0e0,1e-9,1e-8,zero
axis_wedge,carrier_endpoint_end,0e0,1e-9,1e-8,zero
axis_wedge,carrier_on_surface_1,0e0,1e-9,1e-8,zero
axis_wedge,carrier_on_surface_2,0e0,1e-9,1e-8,zero
axis_wedge,carrier_on_surface_1,0e0,1e-9,1e-8,zero
axis_wedge,carrier_on_surface_2,0e0,1e-9,1e-8,zero
axis_wedge,dihedral_arm,1e0,1e-9,1e-8,positive
axis_wedge,dihedral_wedge,1e0,1e-9,1e-8,positive
axis_wedge,carrier_on_surface_1,0e0,1e-9,1e-8,zero
axis_wedge,carrier_on_surface_2,0e0,1e-9,1e-8,zero
axis_wedge,dihedral_arm,1e0,1e-9,1e-8,positive
axis_wedge,dihedral_wedge,1e0,1e-9,1e-8,positive
axis_wedge,carrier_on_surface_1,0e0,1e-9,1e-8,zero
axis_wedge,carrier_on_surface_2,0e0,1e-9,1e-8,zero
axis_wedge,dihedral_arm,1e0,1e-9,1e-8,positive
axis_wedge,dihedral_wedge,1e0,1e-9,1e-8,positive
axis_wedge,carrier_on_surface_1,0e0,1e-9,1e-8,zero
axis_wedge,carrier_on_surface_2,0e0,1e-9,1e-8,zero
axis_wedge,dihedral_arm,1e0,1e-9,1e-8,positive
axis_wedge,dihedral_wedge,1e0,1e-9,1e-8,positive
axis_wedge,carrier_on_surface_1,0e0,1e-9,1e-8,zero
axis_wedge,carrier_on_surface_2,0e0,1e-9,1e-8,zero
axis_wedge,dihedral_arm,1e0,1e-9,1e-8,positive
axis_wedge,dihedral_wedge,1e0,1e-9,1e-8,positive
axis_wedge,carrier_on_surface_1,0e0,1e-9,1e-8,zero
axis_wedge,carrier_on_surface_2,0e0,1e-9,1e-8,zero
axis_wedge,dihedral_arm,1e0,1e-9,1e-8,positive
axis_wedge,dihedral_wedge,1e0,1e-9,1e-8,positive
axis_wedge,carrier_on_surface_1,0e0,1e-9,1e-8,zero
axis_wedge,carrier_on_surface_2,0e0,1e-9,1e-8,zero
axis_wedge,dihedral_arm,1e0,1e-9,1e-8,positive
axis_wedge,dihedral_wedge,1e0,1e-9,1e-8,positive
axis_wedge,carrier_on_surface_1,0e0,1e-9,1e-8,zero
axis_wedge,carrier_on_surface_2,0e0,1e-9,1e-8,zero
axis_wedge,witness_on_surface_1,0e0,1e-9,1e-8,zero
axis_wedge,witness_on_surface_2,0e0,1e-9,1e-8,zero
axis_wedge,witness_at_mid_parameter,0e0,1e-9,1e-8,zero
axis_wedge,newell_plane_residual,0e0,1e-9,1e-8,zero
axis_wedge,newell_plane_residual,0e0,1e-9,1e-8,zero
axis_wedge,newell_plane_residual,0e0,1e-9,1e-8,zero
axis_wedge,newell_plane_residual,0e0,1e-9,1e-8,zero
axis_wedge,dihedral_arm,1e0,1e-9,1e-8,positive
axis_wedge,dihedral_wedge,1e0,1e-9,1e-8,positive
axis_wedge,interval_span_forward,1e0,1e-9,1e-8,positive
axis_wedge,carrier_endpoint_start,0e0,1e-9,1e-8,zero
axis_wedge,carrier_endpoint_end,0e0,1e-9,1e-8,zero
axis_wedge,carrier_on_surface_1,0e0,1e-9,1e-8,zero
axis_wedge,carrier_on_surface_2,0e0,1e-9,1e-8,zero
axis_wedge,carrier_on_surface_1,0e0,1e-9,1e-8,zero
axis_wedge,carrier_on_surface_2,0e0,1e-9,1e-8,zero
axis_wedge,dihedral_arm,1e0,1e-9,1e-8,positive
axis_wedge,dihedral_wedge,1e0,1e-9,1e-8,positive
axis_wedge,carrier_on_surface_1,0e0,1e-9,1e-8,zero
axis_wedge,carrier_on_surface_2,0e0,1e-9,1e-8,zero
axis_wedge,dihedral_arm,1e0,1e-9,1e-8,positive
axis_wedge,dihedral_wedge,1e0,1e-9,1e-8,positive
axis_wedge,carrier_on_surface_1,0e0,1e-9,1e-8,zero
axis_wedge,carrier_on_surface_2,0e0,1e-9,1e-8,zero
axis_wedge,dihedral_arm,1e0,1e-9,1e-8,positive
axis_wedge,dihedral_wedge,1e0,1e-9,1e-8,positive
axis_wedge,carrier_on_surface_1,0e0,1e-9,1e-8,zero
axis_wedge,carrier_on_surface_2,0e0,1e-9,1e-8,zero
axis_wedge,dihedral_arm,1e0,1e-9,1e-8,positive
axis_wedge,dihedral_wedge,1e0,1e-9,1e-8,positive
axis_wedge,carrier_on_surface_1,0e0,1e-9,1e-8,zero
axis_wedge,carrier_on_surface_2,0e0,1e-9,1e-8,zero
axis_wedge,dihedral_arm,1e0,1e-9,1e-8,positive
axis_wedge,dihedral_wedge,1e0,1e-9,1e-8,positive
axis_wedge,carrier_on_surface_1,0e0,1e-9,1e-8,zero
axis_wedge,carrier_on_surface_2,0e0,1e-9,1e-8,zero
axis_wedge,dihedral_arm,1e0,1e-9,1e-8,positive
axis_wedge,dihedral_wedge,1e0,1e-9,1e-8,positive
axis_wedge,carrier_on_surface_1,0e0,1e-9,1e-8,zero
axis_wedge,carrier_on_surface_2,0e0,1e-9,1e-8,zero
axis_wedge,dihedral_arm,1e0,1e-9,1e-8,positive
axis_wedge,dihedral_wedge,1e0,1e-9,1e-8,positive
axis_wedge,carrier_on_surface_1,0e0,1e-9,1e-8,zero
axis_wedge,carrier_on_surface_2,0e0,1e-9,1e-8,zero
axis_wedge,witness_on_surface_1,0e0,1e-9,1e-8,zero
axis_wedge,witness_on_surface_2,0e0,1e-9,1e-8,zero
axis_wedge,witness_at_mid_parameter,0e0,1e-9,1e-8,zero
axis_wedge,dihedral_arm,1e0,1e-9,1e-8,positive
axis_wedge,dihedral_wedge,1e0,1e-9,1e-8,positive
axis_wedge,interval_span_forward,1e0,1e-9,1e-8,positive
axis_wedge,carrier_endpoint_start,0e0,1e-9,1e-8,zero
axis_wedge,carrier_endpoint_end,0e0,1e-9,1e-8,zero
axis_wedge,carrier_on_surface_1,0e0,1e-9,1e-8,zero
axis_wedge,carrier_on_surface_2,0e0,1e-9,1e-8,zero
axis_wedge,carrier_on_surface_1,0e0,1e-9,1e-8,zero
axis_wedge,carrier_on_surface_2,0e0,1e-9,1e-8,zero
axis_wedge,dihedral_arm,1e0,1e-9,1e-8,positive
axis_wedge,dihedral_wedge,1e0,1e-9,1e-8,positive
axis_wedge,carrier_on_surface_1,0e0,1e-9,1e-8,zero
axis_wedge,carrier_on_surface_2,0e0,1e-9,1e-8,zero
axis_wedge,dihedral_arm,1e0,1e-9,1e-8,positive
axis_wedge,dihedral_wedge,1e0,1e-9,1e-8,positive
axis_wedge,carrier_on_surface_1,0e0,1e-9,1e-8,zero
axis_wedge,carrier_on_surface_2,0e0,1e-9,1e-8,zero
axis_wedge,dihedral_arm,1e0,1e-9,1e-8,positive
axis_wedge,dihedral_wedge,1e0,1e-9,1e-8,positive
axis_wedge,carrier_on_surface_1,0e0,1e-9,1e-8,zero
axis_wedge,carrier_on_surface_2,0e0,1e-9,1e-8,zero
axis_wedge,dihedral_arm,1e0,1e-9,1e-8,positive
axis_wedge,dihedral_wedge,1e0,1e-9,1e-8,positive
axis_wedge,carrier_on_surface_1,0e0,1e-9,1e-8,zero
axis_wedge,carrier_on_surface_2,0e0,1e-9,1e-8,zero
axis_wedge,dihedral_arm,1e0,1e-9,1e-8,positive
axis_wedge,dihedral_wedge,1e0,1e-9,1e-8,positive
axis_wedge,carrier_on_surface_1,0e0,1e-9,1e-8,zero
axis_wedge,carrier_on_surface_2,0e0,1e-9,1e-8,zero
axis_wedge,dihedral_arm,1e0,1e-9,1e-8,positive
axis_wedge,dihedral_wedge,1e0,1e-9,1e-8,positive
axis_wedge,carrier_on_surface_1,0e0,1e-9,1e-8,zero
axis_wedge,carrier_on_surface_2,0e0,1e-9,1e-8,zero
axis_wedge,dihedral_arm,1e0,1e-9,1e-8,positive
axis_wedge,dihedral_wedge,1e0,1e-9,1e-8,positive
axis_wedge,carrier_on_surface_1,0e0,1e-9,1e-8,zero
axis_wedge,carrier_on_surface_2,0e0,1e-9,1e-8,zero
axis_wedge,witness_on_surface_1,0e0,1e-9,1e-8,zero
axis_wedge,witness_on_surface_2,0e0,1e-9,1e-8,zero
axis_wedge,witness_at_mid_parameter,0e0,1e-9,1e-8,zero
axis_wedge,dihedral_arm,1e0,1e-9,1e-8,positive
axis_wedge,dihedral_wedge,1e0,1e-9,1e-8,positive
axis_wedge,interval_span_forward,1e0,1e-9,1e-8,positive
axis_wedge,carrier_endpoint_start,0e0,1e-9,1e-8,zero
axis_wedge,carrier_endpoint_end,0e0,1e-9,1e-8,zero
axis_wedge,carrier_on_surface_1,0e0,1e-9,1e-8,zero
axis_wedge,carrier_on_surface_2,0e0,1e-9,1e-8,zero
axis_wedge,carrier_on_surface_1,0e0,1e-9,1e-8,zero
axis_wedge,carrier_on_surface_2,0e0,1e-9,1e-8,zero
axis_wedge,dihedral_arm,1e0,1e-9,1e-8,positive
axis_wedge,dihedral_wedge,1e0,1e-9,1e-8,positive
axis_wedge,carrier_on_surface_1,0e0,1e-9,1e-8,zero
axis_wedge,carrier_on_surface_2,0e0,1e-9,1e-8,zero
axis_wedge,dihedral_arm,1e0,1e-9,1e-8,positive
axis_wedge,dihedral_wedge,1e0,1e-9,1e-8,positive
axis_wedge,carrier_on_surface_1,1.5407439555097887e-33,1e-9,1e-8,zero
axis_wedge,carrier_on_surface_2,0e0,1e-9,1e-8,zero
axis_wedge,dihedral_arm,1e0,1e-9,1e-8,positive
axis_wedge,dihedral_wedge,1e0,1e-9,1e-8,positive
axis_wedge,carrier_on_surface_1,0e0,1e-9,1e-8,zero
axis_wedge,carrier_on_surface_2,0e0,1e-9,1e-8,zero
axis_wedge,dihedral_arm,1e0,1e-9,1e-8,positive
axis_wedge,dihedral_wedge,1e0,1e-9,1e-8,positive
axis_wedge,carrier_on_surface_1,-1.5407439555097887e-33,1e-9,1e-8,zero
axis_wedge,carrier_on_surface_2,0e0,1e-9,1e-8,zero
axis_wedge,dihedral_arm,1e0,1e-9,1e-8,positive
axis_wedge,dihedral_wedge,1e0,1e-9,1e-8,positive
axis_wedge,carrier_on_surface_1,3.0814879110195774e-33,1e-9,1e-8,zero
axis_wedge,carrier_on_surface_2,0e0,1e-9,1e-8,zero
axis_wedge,dihedral_arm,1e0,1e-9,1e-8,positive
axis_wedge,dihedral_wedge,1e0,1e-9,1e-8,positive
axis_wedge,carrier_on_surface_1,0e0,1e-9,1e-8,zero
axis_wedge,carrier_on_surface_2,0e0,1e-9,1e-8,zero
axis_wedge,dihedral_arm,1e0,1e-9,1e-8,positive
axis_wedge,dihedral_wedge,1e0,1e-9,1e-8,positive
axis_wedge,carrier_on_surface_1,0e0,1e-9,1e-8,zero
axis_wedge,carrier_on_surface_2,0e0,1e-9,1e-8,zero
axis_wedge,witness_on_surface_1,0e0,1e-9,1e-8,zero
axis_wedge,witness_on_surface_2,0e0,1e-9,1e-8,zero
axis_wedge,witness_at_mid_parameter,0e0,1e-9,1e-8,zero
axis_wedge,dihedral_arm,1e0,1e-9,1e-8,positive
axis_wedge,dihedral_wedge,1e0,1e-9,1e-8,positive
axis_wedge,interval_span_forward,1e0,1e-9,1e-8,positive
axis_wedge,carrier_endpoint_start,0e0,1e-9,1e-8,zero
axis_wedge,carrier_endpoint_end,0e0,1e-9,1e-8,zero
axis_wedge,carrier_on_surface_1,0e0,1e-9,1e-8,zero
axis_wedge,carrier_on_surface_2,0e0,1e-9,1e-8,zero
axis_wedge,carrier_on_surface_1,0e0,1e-9,1e-8,zero
axis_wedge,carrier_on_surface_2,0e0,1e-9,1e-8,zero
axis_wedge,dihedral_arm,1e0,1e-9,1e-8,positive
axis_wedge,dihedral_wedge,1e0,1e-9,1e-8,positive
axis_wedge,carrier_on_surface_1,0e0,1e-9,1e-8,zero
axis_wedge,carrier_on_surface_2,0e0,1e-9,1e-8,zero
axis_wedge,dihedral_arm,1e0,1e-9,1e-8,positive
axis_wedge,dihedral_wedge,1e0,1e-9,1e-8,positive
axis_wedge,carrier_on_surface_1,0e0,1e-9,1e-8,zero
axis_wedge,carrier_on_surface_2,0e0,1e-9,1e-8,zero
axis_wedge,dihedral_arm,1e0,1e-9,1e-8,positive
axis_wedge,dihedral_wedge,1e0,1e-9,1e-8,positive
axis_wedge,carrier_on_surface_1,0e0,1e-9,1e-8,zero
axis_wedge,carrier_on_surface_2,0e0,1e-9,1e-8,zero
axis_wedge,dihedral_arm,1e0,1e-9,1e-8,positive
axis_wedge,dihedral_wedge,1e0,1e-9,1e-8,positive
axis_wedge,carrier_on_surface_1,0e0,1e-9,1e-8,zero
axis_wedge,carrier_on_surface_2,0e0,1e-9,1e-8,zero
axis_wedge,dihedral_arm,1e0,1e-9,1e-8,positive
axis_wedge,dihedral_wedge,1e0,1e-9,1e-8,positive
axis_wedge,carrier_on_surface_1,0e0,1e-9,1e-8,zero
axis_wedge,carrier_on_surface_2,0e0,1e-9,1e-8,zero
axis_wedge,dihedral_arm,1e0,1e-9,1e-8,positive
axis_wedge,dihedral_wedge,1e0,1e-9,1e-8,positive
axis_wedge,carrier_on_surface_1,0e0,1e-9,1e-8,zero
axis_wedge,carrier_on_surface_2,0e0,1e-9,1e-8,zero
axis_wedge,dihedral_arm,1e0,1e-9,1e-8,positive
axis_wedge,dihedral_wedge,1e0,1e-9,1e-8,positive
axis_wedge,carrier_on_surface_1,0e0,1e-9,1e-8,zero
axis_wedge,carrier_on_surface_2,0e0,1e-9,1e-8,zero
axis_wedge,witness_on_surface_1,0e0,1e-9,1e-8,zero
axis_wedge,witness_on_surface_2,0e0,1e-9,1e-8,zero
axis_wedge,witness_at_mid_parameter,0e0,1e-9,1e-8,zero
axis_wedge,dihedral_arm,1e0,1e-9,1e-8,positive
axis_wedge,dihedral_wedge,1e0,1e-9,1e-8,positive
axis_wedge,interval_span_forward,1e0,1e-9,1e-8,positive
axis_wedge,carrier_endpoint_start,0e0,1e-9,1e-8,zero
axis_wedge,carrier_endpoint_end,0e0,1e-9,1e-8,zero
axis_wedge,carrier_on_surface_1,0e0,1e-9,1e-8,zero
axis_wedge,carrier_on_surface_2,0e0,1e-9,1e-8,zero
axis_wedge,carrier_on_surface_1,0e0,1e-9,1e-8,zero
axis_wedge,carrier_on_surface_2,0e0,1e-9,1e-8,zero
axis_wedge,dihedral_arm,1e0,1e-9,1e-8,positive
axis_wedge,dihedral_wedge,1e0,1e-9,1e-8,positive
axis_wedge,carrier_on_surface_1,0e0,1e-9,1e-8,zero
axis_wedge,carrier_on_surface_2,0e0,1e-9,1e-8,zero
axis_wedge,dihedral_arm,1e0,1e-9,1e-8,positive
axis_wedge,dihedral_wedge,1e0,1e-9,1e-8,positive
axis_wedge,carrier_on_surface_1,0e0,1e-9,1e-8,zero
axis_wedge,carrier_on_surface_2,0e0,1e-9,1e-8,zero
axis_wedge,dihedral_arm,1e0,1e-9,1e-8,positive
axis_wedge,dihedral_wedge,1e0,1e-9,1e-8,positive
axis_wedge,carrier_on_surface_1,0e0,1e-9,1e-8,zero
axis_wedge,carrier_on_surface_2,0e0,1e-9,1e-8,zero
axis_wedge,dihedral_arm,1e0,1e-9,1e-8,positive
axis_wedge,dihedral_wedge,1e0,1e-9,1e-8,positive
axis_wedge,carrier_on_surface_1,0e0,1e-9,1e-8,zero
axis_wedge,carrier_on_surface_2,0e0,1e-9,1e-8,zero
axis_wedge,dihedral_arm,1e0,1e-9,1e-8,positive
axis_wedge,dihedral_wedge,1e0,1e-9,1e-8,positive
axis_wedge,carrier_on_surface_1,0e0,1e-9,1e-8,zero
axis_wedge,carrier_on_surface_2,0e0,1e-9,1e-8,zero
axis_wedge,dihedral_arm,1e0,1e-9,1e-8,positive
axis_wedge,dihedral_wedge,1e0,1e-9,1e-8,positive
axis_wedge,carrier_on_surface_1,0e0,1e-9,1e-8,zero
axis_wedge,carrier_on_surface_2,0e0,1e-9,1e-8,zero
axis_wedge,dihedral_arm,1e0,1e-9,1e-8,positive
axis_wedge,dihedral_wedge,1e0,1e-9,1e-8,positive
axis_wedge,carrier_on_surface_1,0e0,1e-9,1e-8,zero
axis_wedge,carrier_on_surface_2,0e0,1e-9,1e-8,zero
axis_wedge,witness_on_surface_1,0e0,1e-9,1e-8,zero
axis_wedge,witness_on_surface_2,0e0,1e-9,1e-8,zero
axis_wedge,witness_at_mid_parameter,0e0,1e-9,1e-8,zero
axis_wedge,dihedral_arm,1e0,1e-9,1e-8,positive
axis_wedge,dihedral_wedge,1e0,1e-9,1e-8,positive
axis_wedge,interval_span_forward,1e0,1e-9,1e-8,positive
axis_wedge,carrier_endpoint_start,0e0,1e-9,1e-8,zero
axis_wedge,carrier_endpoint_end,0e0,1e-9,1e-8,zero
axis_wedge,carrier_on_surface_1,0e0,1e-9,1e-8,zero
axis_wedge,carrier_on_surface_2,0e0,1e-9,1e-8,zero
axis_wedge,carrier_on_surface_1,0e0,1e-9,1e-8,zero
axis_wedge,carrier_on_surface_2,0e0,1e-9,1e-8,zero
axis_wedge,dihedral_arm,1e0,1e-9,1e-8,positive
axis_wedge,dihedral_wedge,1e0,1e-9,1e-8,positive
axis_wedge,carrier_on_surface_1,0e0,1e-9,1e-8,zero
axis_wedge,carrier_on_surface_2,0e0,1e-9,1e-8,zero
axis_wedge,dihedral_arm,1e0,1e-9,1e-8,positive
axis_wedge,dihedral_wedge,1e0,1e-9,1e-8,positive
axis_wedge,carrier_on_surface_1,0e0,1e-9,1e-8,zero
axis_wedge,carrier_on_surface_2,0e0,1e-9,1e-8,zero
axis_wedge,dihedral_arm,1e0,1e-9,1e-8,positive
axis_wedge,dihedral_wedge,1e0,1e-9,1e-8,positive
axis_wedge,carrier_on_surface_1,0e0,1e-9,1e-8,zero
axis_wedge,carrier_on_surface_2,0e0,1e-9,1e-8,zero
axis_wedge,dihedral_arm,1e0,1e-9,1e-8,positive
axis_wedge,dihedral_wedge,1e0,1e-9,1e-8,positive
axis_wedge,carrier_on_surface_1,0e0,1e-9,1e-8,zero
axis_wedge,carrier_on_surface_2,0e0,1e-9,1e-8,zero
axis_wedge,dihedral_arm,1e0,1e-9,1e-8,positive
axis_wedge,dihedral_wedge,1e0,1e-9,1e-8,positive
axis_wedge,carrier_on_surface_1,0e0,1e-9,1e-8,zero
axis_wedge,carrier_on_surface_2,0e0,1e-9,1e-8,zero
axis_wedge,dihedral_arm,1e0,1e-9,1e-8,positive
axis_wedge,dihedral_wedge,1e0,1e-9,1e-8,positive
axis_wedge,carrier_on_surface_1,0e0,1e-9,1e-8,zero
axis_wedge,carrier_on_surface_2,0e0,1e-9,1e-8,zero
axis_wedge,dihedral_arm,1e0,1e-9,1e-8,positive
axis_wedge,dihedral_wedge,1e0,1e-9,1e-8,positive
axis_wedge,carrier_on_surface_1,0e0,1e-9,1e-8,zero
axis_wedge,carrier_on_surface_2,0e0,1e-9,1e-8,zero
axis_wedge,witness_on_surface_1,0e0,1e-9,1e-8,zero
axis_wedge,witness_on_surface_2,0e0,1e-9,1e-8,zero
axis_wedge,witness_at_mid_parameter,0e0,1e-9,1e-8,zero
axis_wedge,dihedral_arm,1e0,1e-9,1e-8,positive
axis_wedge,dihedral_wedge,1e0,1e-9,1e-8,positive
axis_wedge,interval_span_forward,1e0,1e-9,1e-8,positive
axis_wedge,carrier_endpoint_start,0e0,1e-9,1e-8,zero
axis_wedge,carrier_endpoint_end,0e0,1e-9,1e-8,zero
axis_wedge,carrier_on_surface_1,0e0,1e-9,1e-8,zero
axis_wedge,carrier_on_surface_2,0e0,1e-9,1e-8,zero
axis_wedge,carrier_on_surface_1,0e0,1e-9,1e-8,zero
axis_wedge,carrier_on_surface_2,0e0,1e-9,1e-8,zero
axis_wedge,dihedral_arm,1e0,1e-9,1e-8,positive
axis_wedge,dihedral_wedge,1e0,1e-9,1e-8,positive
axis_wedge,carrier_on_surface_1,3.0814879110195774e-33,1e-9,1e-8,zero
axis_wedge,carrier_on_surface_2,0e0,1e-9,1e-8,zero
axis_wedge,dihedral_arm,1e0,1e-9,1e-8,positive
axis_wedge,dihedral_wedge,1e0,1e-9,1e-8,positive
axis_wedge,carrier_on_surface_1,-1.5407439555097887e-33,1e-9,1e-8,zero
axis_wedge,carrier_on_surface_2,0e0,1e-9,1e-8,zero
axis_wedge,dihedral_arm,1e0,1e-9,1e-8,positive
axis_wedge,dihedral_wedge,1e0,1e-9,1e-8,positive
axis_wedge,carrier_on_surface_1,-0e0,1e-9,1e-8,zero
axis_wedge,carrier_on_surface_2,0e0,1e-9,1e-8,zero
axis_wedge,dihedral_arm,1e0,1e-9,1e-8,positive
axis_wedge,dihedral_wedge,1e0,1e-9,1e-8,positive
axis_wedge,carrier_on_surface_1,1.5407439555097887e-33,1e-9,1e-8,zero
axis_wedge,carrier_on_surface_2,0e0,1e-9,1e-8,zero
axis_wedge,dihedral_arm,1e0,1e-9,1e-8,positive
axis_wedge,dihedral_wedge,1e0,1e-9,1e-8,positive
axis_wedge,carrier_on_surface_1,-3.0814879110195774e-33,1e-9,1e-8,zero
axis_wedge,carrier_on_surface_2,0e0,1e-9,1e-8,zero
axis_wedge,dihedral_arm,1e0,1e-9,1e-8,positive
axis_wedge,dihedral_wedge,1e0,1e-9,1e-8,positive
axis_wedge,carrier_on_surface_1,0e0,1e-9,1e-8,zero
axis_wedge,carrier_on_surface_2,0e0,1e-9,1e-8,zero
axis_wedge,dihedral_arm,1e0,1e-9,1e-8,positive
axis_wedge,dihedral_wedge,1e0,1e-9,1e-8,positive
axis_wedge,carrier_on_surface_1,0e0,1e-9,1e-8,zero
axis_wedge,carrier_on_surface_2,0e0,1e-9,1e-8,zero
axis_wedge,witness_on_surface_1,-0e0,1e-9,1e-8,zero
axis_wedge,witness_on_surface_2,0e0,1e-9,1e-8,zero
axis_wedge,witness_at_mid_parameter,0e0,1e-9,1e-8,zero
axis_wedge,interval_span_forward,1e0,1e-9,1e-8,positive
axis_wedge,carrier_endpoint_start,0e0,1e-9,1e-8,zero
axis_wedge,carrier_endpoint_end,0e0,1e-9,1e-8,zero
axis_wedge,carrier_on_surface_1,0e0,1e-9,1e-8,zero
axis_wedge,carrier_on_surface_2,0e0,1e-9,1e-8,zero
axis_wedge,carrier_on_surface_1,0e0,1e-9,1e-8,zero
axis_wedge,carrier_on_surface_2,0e0,1e-9,1e-8,zero
axis_wedge,dihedral_arm,1e0,1e-9,1e-8,positive
axis_wedge,dihedral_wedge,1e0,1e-9,1e-8,positive
axis_wedge,carrier_on_surface_1,0e0,1e-9,1e-8,zero
axis_wedge,carrier_on_surface_2,0e0,1e-9,1e-8,zero
axis_wedge,dihedral_arm,1e0,1e-9,1e-8,positive
axis_wedge,dihedral_wedge,1e0,1e-9,1e-8,positive
axis_wedge,carrier_on_surface_1,0e0,1e-9,1e-8,zero
axis_wedge,carrier_on_surface_2,0e0,1e-9,1e-8,zero
axis_wedge,dihedral_arm,1e0,1e-9,1e-8,positive
axis_wedge,dihedral_wedge,1e0,1e-9,1e-8,positive
axis_wedge,carrier_on_surface_1,0e0,1e-9,1e-8,zero
axis_wedge,carrier_on_surface_2,0e0,1e-9,1e-8,zero
axis_wedge,dihedral_arm,1e0,1e-9,1e-8,positive
axis_wedge,dihedral_wedge,1e0,1e-9,1e-8,positive
axis_wedge,carrier_on_surface_1,0e0,1e-9,1e-8,zero
axis_wedge,carrier_on_surface_2,0e0,1e-9,1e-8,zero
axis_wedge,dihedral_arm,1e0,1e-9,1e-8,positive
axis_wedge,dihedral_wedge,1e0,1e-9,1e-8,positive
axis_wedge,carrier_on_surface_1,0e0,1e-9,1e-8,zero
axis_wedge,carrier_on_surface_2,0e0,1e-9,1e-8,zero
axis_wedge,dihedral_arm,1e0,1e-9,1e-8,positive
axis_wedge,dihedral_wedge,1e0,1e-9,1e-8,positive
axis_wedge,carrier_on_surface_1,0e0,1e-9,1e-8,zero
axis_wedge,carrier_on_surface_2,0e0,1e-9,1e-8,zero
axis_wedge,dihedral_arm,1e0,1e-9,1e-8,positive
axis_wedge,dihedral_wedge,1e0,1e-9,1e-8,positive
axis_wedge,carrier_on_surface_1,0e0,1e-9,1e-8,zero
axis_wedge,carrier_on_surface_2,0e0,1e-9,1e-8,zero
axis_wedge,witness_on_surface_1,0e0,1e-9,1e-8,zero
axis_wedge,witness_on_surface_2,0e0,1e-9,1e-8,zero
axis_wedge,witness_at_mid_parameter,0e0,1e-9,1e-8,zero
axis_wedge,interval_span_forward,1e0,1e-9,1e-8,positive
axis_wedge,carrier_endpoint_start,0e0,1e-9,1e-8,zero
axis_wedge,carrier_endpoint_end,0e0,1e-9,1e-8,zero
axis_wedge,carrier_on_surface_1,0e0,1e-9,1e-8,zero
axis_wedge,carrier_on_surface_2,0e0,1e-9,1e-8,zero
axis_wedge,carrier_on_surface_1,0e0,1e-9,1e-8,zero
axis_wedge,carrier_on_surface_2,0e0,1e-9,1e-8,zero
axis_wedge,dihedral_arm,1e0,1e-9,1e-8,positive
axis_wedge,dihedral_wedge,1e0,1e-9,1e-8,positive
axis_wedge,carrier_on_surface_1,0e0,1e-9,1e-8,zero
axis_wedge,carrier_on_surface_2,0e0,1e-9,1e-8,zero
axis_wedge,dihedral_arm,1e0,1e-9,1e-8,positive
axis_wedge,dihedral_wedge,1e0,1e-9,1e-8,positive
axis_wedge,carrier_on_surface_1,0e0,1e-9,1e-8,zero
axis_wedge,carrier_on_surface_2,0e0,1e-9,1e-8,zero
axis_wedge,dihedral_arm,1e0,1e-9,1e-8,positive
axis_wedge,dihedral_wedge,1e0,1e-9,1e-8,positive
axis_wedge,carrier_on_surface_1,0e0,1e-9,1e-8,zero
axis_wedge,carrier_on_surface_2,0e0,1e-9,1e-8,zero
axis_wedge,dihedral_arm,1e0,1e-9,1e-8,positive
axis_wedge,dihedral_wedge,1e0,1e-9,1e-8,positive
axis_wedge,carrier_on_surface_1,0e0,1e-9,1e-8,zero
axis_wedge,carrier_on_surface_2,0e0,1e-9,1e-8,zero
axis_wedge,dihedral_arm,1e0,1e-9,1e-8,positive
axis_wedge,dihedral_wedge,1e0,1e-9,1e-8,positive
axis_wedge,carrier_on_surface_1,0e0,1e-9,1e-8,zero
axis_wedge,carrier_on_surface_2,0e0,1e-9,1e-8,zero
axis_wedge,dihedral_arm,1e0,1e-9,1e-8,positive
axis_wedge,dihedral_wedge,1e0,1e-9,1e-8,positive
axis_wedge,carrier_on_surface_1,0e0,1e-9,1e-8,zero
axis_wedge,carrier_on_surface_2,0e0,1e-9,1e-8,zero
axis_wedge,dihedral_arm,1e0,1e-9,1e-8,positive
axis_wedge,dihedral_wedge,1e0,1e-9,1e-8,positive
axis_wedge,carrier_on_surface_1,0e0,1e-9,1e-8,zero
axis_wedge,carrier_on_surface_2,0e0,1e-9,1e-8,zero
axis_wedge,witness_on_surface_1,0e0,1e-9,1e-8,zero
axis_wedge,witness_on_surface_2,0e0,1e-9,1e-8,zero
axis_wedge,witness_at_mid_parameter,0e0,1e-9,1e-8,zero
axis_wedge,interval_span_forward,1e0,1e-9,1e-8,positive
axis_wedge,carrier_endpoint_start,0e0,1e-9,1e-8,zero
axis_wedge,carrier_endpoint_end,0e0,1e-9,1e-8,zero
axis_wedge,carrier_on_surface_1,0e0,1e-9,1e-8,zero
axis_wedge,carrier_on_surface_2,0e0,1e-9,1e-8,zero
axis_wedge,carrier_on_surface_1,0e0,1e-9,1e-8,zero
axis_wedge,carrier_on_surface_2,0e0,1e-9,1e-8,zero
axis_wedge,dihedral_arm,1e0,1e-9,1e-8,positive
axis_wedge,dihedral_wedge,1e0,1e-9,1e-8,positive
axis_wedge,carrier_on_surface_1,0e0,1e-9,1e-8,zero
axis_wedge,carrier_on_surface_2,0e0,1e-9,1e-8,zero
axis_wedge,dihedral_arm,1e0,1e-9,1e-8,positive
axis_wedge,dihedral_wedge,1e0,1e-9,1e-8,positive
axis_wedge,carrier_on_surface_1,0e0,1e-9,1e-8,zero
axis_wedge,carrier_on_surface_2,0e0,1e-9,1e-8,zero
axis_wedge,dihedral_arm,1e0,1e-9,1e-8,positive
axis_wedge,dihedral_wedge,1e0,1e-9,1e-8,positive
axis_wedge,carrier_on_surface_1,0e0,1e-9,1e-8,zero
axis_wedge,carrier_on_surface_2,0e0,1e-9,1e-8,zero
axis_wedge,dihedral_arm,1e0,1e-9,1e-8,positive
axis_wedge,dihedral_wedge,1e0,1e-9,1e-8,positive
axis_wedge,carrier_on_surface_1,0e0,1e-9,1e-8,zero
axis_wedge,carrier_on_surface_2,0e0,1e-9,1e-8,zero
axis_wedge,dihedral_arm,1e0,1e-9,1e-8,positive
axis_wedge,dihedral_wedge,1e0,1e-9,1e-8,positive
axis_wedge,carrier_on_surface_1,0e0,1e-9,1e-8,zero
axis_wedge,carrier_on_surface_2,0e0,1e-9,1e-8,zero
axis_wedge,dihedral_arm,1e0,1e-9,1e-8,positive
axis_wedge,dihedral_wedge,1e0,1e-9,1e-8,positive
axis_wedge,carrier_on_surface_1,0e0,1e-9,1e-8,zero
axis_wedge,carrier_on_surface_2,0e0,1e-9,1e-8,zero
axis_wedge,dihedral_arm,1e0,1e-9,1e-8,positive
axis_wedge,dihedral_wedge,1e0,1e-9,1e-8,positive
axis_wedge,carrier_on_surface_1,0e0,1e-9,1e-8,zero
axis_wedge,carrier_on_surface_2,0e0,1e-9,1e-8,zero
axis_wedge,witness_on_surface_1,0e0,1e-9,1e-8,zero
axis_wedge,witness_on_surface_2,0e0,1e-9,1e-8,zero
axis_wedge,witness_at_mid_parameter,0e0,1e-9,1e-8,zero
axis_wedge,interval_span_forward,1e0,1e-9,1e-8,positive
axis_wedge,carrier_endpoint_start,0e0,1e-9,1e-8,zero
axis_wedge,carrier_endpoint_end,0e0,1e-9,1e-8,zero
axis_wedge,carrier_on_surface_1,0e0,1e-9,1e-8,zero
axis_wedge,carrier_on_surface_2,0e0,1e-9,1e-8,zero
axis_wedge,carrier_on_surface_1,0e0,1e-9,1e-8,zero
axis_wedge,carrier_on_surface_2,0e0,1e-9,1e-8,zero
axis_wedge,dihedral_arm,1e0,1e-9,1e-8,positive
axis_wedge,dihedral_wedge,1e0,1e-9,1e-8,positive
axis_wedge,carrier_on_surface_1,0e0,1e-9,1e-8,zero
axis_wedge,carrier_on_surface_2,0e0,1e-9,1e-8,zero
axis_wedge,dihedral_arm,1e0,1e-9,1e-8,positive
axis_wedge,dihedral_wedge,1e0,1e-9,1e-8,positive
axis_wedge,carrier_on_surface_1,0e0,1e-9,1e-8,zero
axis_wedge,carrier_on_surface_2,0e0,1e-9,1e-8,zero
axis_wedge,dihedral_arm,1e0,1e-9,1e-8,positive
axis_wedge,dihedral_wedge,1e0,1e-9,1e-8,positive
axis_wedge,carrier_on_surface_1,0e0,1e-9,1e-8,zero
axis_wedge,carrier_on_surface_2,0e0,1e-9,1e-8,zero
axis_wedge,dihedral_arm,1e0,1e-9,1e-8,positive
axis_wedge,dihedral_wedge,1e0,1e-9,1e-8,positive
axis_wedge,carrier_on_surface_1,0e0,1e-9,1e-8,zero
axis_wedge,carrier_on_surface_2,0e0,1e-9,1e-8,zero
axis_wedge,dihedral_arm,1e0,1e-9,1e-8,positive
axis_wedge,dihedral_wedge,1e0,1e-9,1e-8,positive
axis_wedge,carrier_on_surface_1,0e0,1e-9,1e-8,zero
axis_wedge,carrier_on_surface_2,0e0,1e-9,1e-8,zero
axis_wedge,dihedral_arm,1e0,1e-9,1e-8,positive
axis_wedge,dihedral_wedge,1e0,1e-9,1e-8,positive
axis_wedge,carrier_on_surface_1,0e0,1e-9,1e-8,zero
axis_wedge,carrier_on_surface_2,0e0,1e-9,1e-8,zero
axis_wedge,dihedral_arm,1e0,1e-9,1e-8,positive
axis_wedge,dihedral_wedge,1e0,1e-9,1e-8,positive
axis_wedge,carrier_on_surface_1,0e0,1e-9,1e-8,zero
axis_wedge,carrier_on_surface_2,0e0,1e-9,1e-8,zero
axis_wedge,witness_on_surface_1,0e0,1e-9,1e-8,zero
axis_wedge,witness_on_surface_2,0e0,1e-9,1e-8,zero
axis_wedge,witness_at_mid_parameter,0e0,1e-9,1e-8,zero
axis_wedge,interval_span_forward,1.5707963267948966e0,1e-9,1e-8,positive
axis_wedge,interval_span_winding,4.71238898038469e0,1e-9,1e-8,positive
axis_wedge,carrier_endpoint_start,0e0,1e-9,1e-8,zero
axis_wedge,carrier_endpoint_end,0e0,1e-9,1e-8,zero
axis_wedge,carrier_on_surface_1,0e0,1e-9,1e-8,zero
axis_wedge,carrier_on_surface_2,0e0,1e-9,1e-8,zero
axis_wedge,carrier_on_surface_1,0e0,1e-9,1e-8,zero
axis_wedge,carrier_on_surface_2,0e0,1e-9,1e-8,zero
axis_wedge,dihedral_arm,1e0,1e-9,1e-8,positive
axis_wedge,dihedral_wedge,1e0,1e-9,1e-8,positive
axis_wedge,carrier_on_surface_1,0e0,1e-9,1e-8,zero
axis_wedge,carrier_on_surface_2,0e0,1e-9,1e-8,zero
axis_wedge,dihedral_arm,1e0,1e-9,1e-8,positive
axis_wedge,dihedral_wedge,1e0,1e-9,1e-8,positive
axis_wedge,carrier_on_surface_1,0e0,1e-9,1e-8,zero
axis_wedge,carrier_on_surface_2,0e0,1e-9,1e-8,zero
axis_wedge,dihedral_arm,1e0,1e-9,1e-8,positive
axis_wedge,dihedral_wedge,1e0,1e-9,1e-8,positive
axis_wedge,carrier_on_surface_1,0e0,1e-9,1e-8,zero
axis_wedge,carrier_on_surface_2,0e0,1e-9,1e-8,zero
axis_wedge,dihedral_arm,1e0,1e-9,1e-8,positive
axis_wedge,dihedral_wedge,1e0,1e-9,1e-8,positive
axis_wedge,carrier_on_surface_1,0e0,1e-9,1e-8,zero
axis_wedge,carrier_on_surface_2,0e0,1e-9,1e-8,zero
axis_wedge,dihedral_arm,1e0,1e-9,1e-8,positive
axis_wedge,dihedral_wedge,1e0,1e-9,1e-8,positive
axis_wedge,carrier_on_surface_1,0e0,1e-9,1e-8,zero
axis_wedge,carrier_on_surface_2,0e0,1e-9,1e-8,zero
axis_wedge,dihedral_arm,1e0,1e-9,1e-8,positive
axis_wedge,dihedral_wedge,1e0,1e-9,1e-8,positive
axis_wedge,carrier_on_surface_1,0e0,1e-9,1e-8,zero
axis_wedge,carrier_on_surface_2,0e0,1e-9,1e-8,zero
axis_wedge,dihedral_arm,1e0,1e-9,1e-8,positive
axis_wedge,dihedral_wedge,1e0,1e-9,1e-8,positive
axis_wedge,carrier_on_surface_1,0e0,1e-9,1e-8,zero
axis_wedge,carrier_on_surface_2,0e0,1e-9,1e-8,zero
axis_wedge,witness_on_surface_1,0e0,1e-9,1e-8,zero
axis_wedge,witness_on_surface_2,0e0,1e-9,1e-8,zero
axis_wedge,witness_at_mid_parameter,0e0,1e-9,1e-8,zero
axis_wedge,interval_span_forward,1.5707963267948966e0,1e-9,1e-8,positive
axis_wedge,interval_span_winding,4.71238898038469e0,1e-9,1e-8,positive
axis_wedge,carrier_endpoint_start,0e0,1e-9,1e-8,zero
axis_wedge,carrier_endpoint_end,0e0,1e-9,1e-8,zero
axis_wedge,carrier_on_surface_1,0e0,1e-9,1e-8,zero
axis_wedge,carrier_on_surface_2,0e0,1e-9,1e-8,zero
axis_wedge,carrier_on_surface_1,0e0,1e-9,1e-8,zero
axis_wedge,carrier_on_surface_2,0e0,1e-9,1e-8,zero
axis_wedge,dihedral_arm,1e0,1e-9,1e-8,positive
axis_wedge,dihedral_wedge,1e0,1e-9,1e-8,positive
axis_wedge,carrier_on_surface_1,0e0,1e-9,1e-8,zero
axis_wedge,carrier_on_surface_2,0e0,1e-9,1e-8,zero
axis_wedge,dihedral_arm,1e0,1e-9,1e-8,positive
axis_wedge,dihedral_wedge,1e0,1e-9,1e-8,positive
axis_wedge,carrier_on_surface_1,0e0,1e-9,1e-8,zero
axis_wedge,carrier_on_surface_2,0e0,1e-9,1e-8,zero
axis_wedge,dihedral_arm,1e0,1e-9,1e-8,positive
axis_wedge,dihedral_wedge,1e0,1e-9,1e-8,positive
axis_wedge,carrier_on_surface_1,0e0,1e-9,1e-8,zero
axis_wedge,carrier_on_surface_2,0e0,1e-9,1e-8,zero
axis_wedge,dihedral_arm,1e0,1e-9,1e-8,positive
axis_wedge,dihedral_wedge,1e0,1e-9,1e-8,positive
axis_wedge,carrier_on_surface_1,0e0,1e-9,1e-8,zero
axis_wedge,carrier_on_surface_2,0e0,1e-9,1e-8,zero
axis_wedge,dihedral_arm,1e0,1e-9,1e-8,positive
axis_wedge,dihedral_wedge,1e0,1e-9,1e-8,positive
axis_wedge,carrier_on_surface_1,0e0,1e-9,1e-8,zero
axis_wedge,carrier_on_surface_2,0e0,1e-9,1e-8,zero
axis_wedge,dihedral_arm,1e0,1e-9,1e-8,positive
axis_wedge,dihedral_wedge,1e0,1e-9,1e-8,positive
axis_wedge,carrier_on_surface_1,0e0,1e-9,1e-8,zero
axis_wedge,carrier_on_surface_2,0e0,1e-9,1e-8,zero
axis_wedge,dihedral_arm,1e0,1e-9,1e-8,positive
axis_wedge,dihedral_wedge,1e0,1e-9,1e-8,positive
axis_wedge,carrier_on_surface_1,0e0,1e-9,1e-8,zero
axis_wedge,carrier_on_surface_2,0e0,1e-9,1e-8,zero
axis_wedge,witness_on_surface_1,0e0,1e-9,1e-8,zero
axis_wedge,witness_on_surface_2,0e0,1e-9,1e-8,zero
axis_wedge,witness_at_mid_parameter,0e0,1e-9,1e-8,zero
axis_wedge,interval_span_forward,1e0,1e-9,1e-8,positive
axis_wedge,carrier_endpoint_start,0e0,1e-9,1e-8,zero
axis_wedge,carrier_endpoint_end,0e0,1e-9,1e-8,zero
axis_wedge,carrier_on_surface_1,0e0,1e-9,1e-8,zero
axis_wedge,carrier_on_surface_2,0e0,1e-9,1e-8,zero
axis_wedge,carrier_on_surface_1,0e0,1e-9,1e-8,zero
axis_wedge,carrier_on_surface_2,0e0,1e-9,1e-8,zero
axis_wedge,dihedral_arm,1e0,1e-9,1e-8,positive
axis_wedge,dihedral_wedge,1e0,1e-9,1e-8,positive
axis_wedge,carrier_on_surface_1,0e0,1e-9,1e-8,zero
axis_wedge,carrier_on_surface_2,0e0,1e-9,1e-8,zero
axis_wedge,dihedral_arm,1e0,1e-9,1e-8,positive
axis_wedge,dihedral_wedge,1e0,1e-9,1e-8,positive
axis_wedge,carrier_on_surface_1,1.5407439555097887e-33,1e-9,1e-8,zero
axis_wedge,carrier_on_surface_2,0e0,1e-9,1e-8,zero
axis_wedge,dihedral_arm,1e0,1e-9,1e-8,positive
axis_wedge,dihedral_wedge,1e0,1e-9,1e-8,positive
axis_wedge,carrier_on_surface_1,0e0,1e-9,1e-8,zero
axis_wedge,carrier_on_surface_2,0e0,1e-9,1e-8,zero
axis_wedge,dihedral_arm,1e0,1e-9,1e-8,positive
axis_wedge,dihedral_wedge,1e0,1e-9,1e-8,positive
axis_wedge,carrier_on_surface_1,-1.5407439555097887e-33,1e-9,1e-8,zero
axis_wedge,carrier_on_surface_2,0e0,1e-9,1e-8,zero
axis_wedge,dihedral_arm,1e0,1e-9,1e-8,positive
axis_wedge,dihedral_wedge,1e0,1e-9,1e-8,positive
axis_wedge,carrier_on_surface_1,3.0814879110195774e-33,1e-9,1e-8,zero
axis_wedge,carrier_on_surface_2,0e0,1e-9,1e-8,zero
axis_wedge,dihedral_arm,1e0,1e-9,1e-8,positive
axis_wedge,dihedral_wedge,1e0,1e-9,1e-8,positive
axis_wedge,carrier_on_surface_1,0e0,1e-9,1e-8,zero
axis_wedge,carrier_on_surface_2,0e0,1e-9,1e-8,zero
axis_wedge,dihedral_arm,1e0,1e-9,1e-8,positive
axis_wedge,dihedral_wedge,1e0,1e-9,1e-8,positive
axis_wedge,carrier_on_surface_1,0e0,1e-9,1e-8,zero
axis_wedge,carrier_on_surface_2,0e0,1e-9,1e-8,zero
axis_wedge,witness_on_surface_1,0e0,1e-9,1e-8,zero
axis_wedge,witness_on_surface_2,0e0,1e-9,1e-8,zero
axis_wedge,witness_at_mid_parameter,0e0,1e-9,1e-8,zero
axis_wedge,interval_span_forward,1e0,1e-9,1e-8,positive
axis_wedge,carrier_endpoint_start,0e0,1e-9,1e-8,zero
axis_wedge,carrier_endpoint_end,0e0,1e-9,1e-8,zero
axis_wedge,carrier_on_surface_1,0e0,1e-9,1e-8,zero
axis_wedge,carrier_on_surface_2,0e0,1e-9,1e-8,zero
axis_wedge,carrier_on_surface_1,0e0,1e-9,1e-8,zero
axis_wedge,carrier_on_surface_2,0e0,1e-9,1e-8,zero
axis_wedge,dihedral_arm,1e0,1e-9,1e-8,positive
axis_wedge,dihedral_wedge,1e0,1e-9,1e-8,positive
axis_wedge,carrier_on_surface_1,0e0,1e-9,1e-8,zero
axis_wedge,carrier_on_surface_2,0e0,1e-9,1e-8,zero
axis_wedge,dihedral_arm,1e0,1e-9,1e-8,positive
axis_wedge,dihedral_wedge,1e0,1e-9,1e-8,positive
axis_wedge,carrier_on_surface_1,0e0,1e-9,1e-8,zero
axis_wedge,carrier_on_surface_2,0e0,1e-9,1e-8,zero
axis_wedge,dihedral_arm,1e0,1e-9,1e-8,positive
axis_wedge,dihedral_wedge,1e0,1e-9,1e-8,positive
axis_wedge,carrier_on_surface_1,0e0,1e-9,1e-8,zero
axis_wedge,carrier_on_surface_2,0e0,1e-9,1e-8,zero
axis_wedge,dihedral_arm,1e0,1e-9,1e-8,positive
axis_wedge,dihedral_wedge,1e0,1e-9,1e-8,positive
axis_wedge,carrier_on_surface_1,0e0,1e-9,1e-8,zero
axis_wedge,carrier_on_surface_2,0e0,1e-9,1e-8,zero
axis_wedge,dihedral_arm,1e0,1e-9,1e-8,positive
axis_wedge,dihedral_wedge,1e0,1e-9,1e-8,positive
axis_wedge,carrier_on_surface_1,0e0,1e-9,1e-8,zero
axis_wedge,carrier_on_surface_2,0e0,1e-9,1e-8,zero
axis_wedge,dihedral_arm,1e0,1e-9,1e-8,positive
axis_wedge,dihedral_wedge,1e0,1e-9,1e-8,positive
axis_wedge,carrier_on_surface_1,0e0,1e-9,1e-8,zero
axis_wedge,carrier_on_surface_2,0e0,1e-9,1e-8,zero
axis_wedge,dihedral_arm,1e0,1e-9,1e-8,positive
axis_wedge,dihedral_wedge,1e0,1e-9,1e-8,positive
axis_wedge,carrier_on_surface_1,0e0,1e-9,1e-8,zero
axis_wedge,carrier_on_surface_2,0e0,1e-9,1e-8,zero
axis_wedge,witness_on_surface_1,0e0,1e-9,1e-8,zero
axis_wedge,witness_on_surface_2,0e0,1e-9,1e-8,zero
axis_wedge,witness_at_mid_parameter,0e0,1e-9,1e-8,zero
axis_wedge,interval_span_forward,1e0,1e-9,1e-8,positive
axis_wedge,carrier_endpoint_start,0e0,1e-9,1e-8,zero
axis_wedge,carrier_endpoint_end,0e0,1e-9,1e-8,zero
axis_wedge,carrier_on_surface_1,0e0,1e-9,1e-8,zero
axis_wedge,carrier_on_surface_2,0e0,1e-9,1e-8,zero
axis_wedge,carrier_on_surface_1,0e0,1e-9,1e-8,zero
axis_wedge,carrier_on_surface_2,0e0,1e-9,1e-8,zero
axis_wedge,dihedral_arm,1e0,1e-9,1e-8,positive
axis_wedge,dihedral_wedge,1e0,1e-9,1e-8,positive
axis_wedge,carrier_on_surface_1,3.0814879110195774e-33,1e-9,1e-8,zero
axis_wedge,carrier_on_surface_2,0e0,1e-9,1e-8,zero
axis_wedge,dihedral_arm,1e0,1e-9,1e-8,positive
axis_wedge,dihedral_wedge,1e0,1e-9,1e-8,positive
axis_wedge,carrier_on_surface_1,-1.5407439555097887e-33,1e-9,1e-8,zero
axis_wedge,carrier_on_surface_2,0e0,1e-9,1e-8,zero
axis_wedge,dihedral_arm,1e0,1e-9,1e-8,positive
axis_wedge,dihedral_wedge,1e0,1e-9,1e-8,positive
axis_wedge,carrier_on_surface_1,-0e0,1e-9,1e-8,zero
axis_wedge,carrier_on_surface_2,0e0,1e-9,1e-8,zero
axis_wedge,dihedral_arm,1e0,1e-9,1e-8,positive
axis_wedge,dihedral_wedge,1e0,1e-9,1e-8,positive
axis_wedge,carrier_on_surface_1,1.5407439555097887e-33,1e-9,1e-8,zero
axis_wedge,carrier_on_surface_2,0e0,1e-9,1e-8,zero
axis_wedge,dihedral_arm,1e0,1e-9,1e-8,positive
axis_wedge,dihedral_wedge,1e0,1e-9,1e-8,positive
axis_wedge,carrier_on_surface_1,-3.0814879110195774e-33,1e-9,1e-8,zero
axis_wedge,carrier_on_surface_2,0e0,1e-9,1e-8,zero
axis_wedge,dihedral_arm,1e0,1e-9,1e-8,positive
axis_wedge,dihedral_wedge,1e0,1e-9,1e-8,positive
axis_wedge,carrier_on_surface_1,0e0,1e-9,1e-8,zero
axis_wedge,carrier_on_surface_2,0e0,1e-9,1e-8,zero
axis_wedge,dihedral_arm,1e0,1e-9,1e-8,positive
axis_wedge,dihedral_wedge,1e0,1e-9,1e-8,positive
axis_wedge,carrier_on_surface_1,0e0,1e-9,1e-8,zero
axis_wedge,carrier_on_surface_2,0e0,1e-9,1e-8,zero
axis_wedge,witness_on_surface_1,-0e0,1e-9,1e-8,zero
axis_wedge,witness_on_surface_2,0e0,1e-9,1e-8,zero
axis_wedge,witness_at_mid_parameter,0e0,1e-9,1e-8,zero
axis_wedge,planar_face_residual,0e0,1e-9,1e-8,zero
axis_wedge,planar_face_residual,0e0,1e-9,1e-8,zero
axis_wedge,planar_face_residual,0e0,1e-9,1e-8,zero
axis_wedge,planar_face_residual,0e0,1e-9,1e-8,zero
axis_wedge,planar_face_residual,0e0,1e-9,1e-8,zero
axis_wedge,planar_face_residual,0e0,1e-9,1e-8,zero
axis_wedge,planar_face_residual,0e0,1e-9,1e-8,zero
axis_wedge,planar_face_residual,0e0,1e-9,1e-8,zero
axis_wedge,planar_face_residual,0e0,1e-9,1e-8,zero
axis_wedge,planar_face_residual,0e0,1e-9,1e-8,zero
axis_wedge,planar_face_residual,0e0,1e-9,1e-8,zero
axis_wedge,planar_face_residual,0e0,1e-9,1e-8,zero
axis_wedge,planar_face_residual,0e0,1e-9,1e-8,zero
axis_wedge,planar_face_residual,0e0,1e-9,1e-8,zero
axis_wedge,dihedral_arm,1e0,1e-9,1e-8,positive
axis_wedge,dihedral_wedge,1e0,1e-9,1e-8,positive
axis_wedge,dihedral_arm,1e0,1e-9,1e-8,positive
axis_wedge,dihedral_wedge,1e0,1e-9,1e-8,positive
axis_wedge,dihedral_arm,1e0,1e-9,1e-8,positive
axis_wedge,dihedral_wedge,1e0,1e-9,1e-8,positive
axis_wedge,dihedral_arm,1e0,1e-9,1e-8,positive
axis_wedge,dihedral_wedge,1e0,1e-9,1e-8,positive
axis_wedge,dihedral_arm,1e0,1e-9,1e-8,positive
axis_wedge,dihedral_wedge,1e0,1e-9,1e-8,positive
axis_wedge,dihedral_arm,1e0,1e-9,1e-8,positive
axis_wedge,dihedral_wedge,1e0,1e-9,1e-8,positive
axis_wedge,dihedral_arm,1e0,1e-9,1e-8,positive
axis_wedge,dihedral_wedge,1e0,1e-9,1e-8,positive
axis_wedge,planar_boundary_residual,0e0,1e-9,1e-8,zero
axis_wedge,planar_boundary_residual,0e0,1e-9,1e-8,zero
axis_wedge,planar_boundary_residual,0e0,1e-9,1e-8,zero
axis_wedge,planar_boundary_residual,0e0,1e-9,1e-8,zero
axis_wedge,planar_boundary_residual,0e0,1e-9,1e-8,zero
axis_wedge,planar_boundary_residual,0e0,1e-9,1e-8,zero
axis_wedge,planar_boundary_residual,0e0,1e-9,1e-8,zero
axis_wedge,planar_boundary_residual,0e0,1e-9,1e-8,zero
axis_wedge,planar_boundary_residual,0e0,1e-9,1e-8,zero
axis_wedge,planar_boundary_residual,0e0,1e-9,1e-8,zero
axis_wedge,planar_boundary_residual,0e0,1e-9,1e-8,zero
axis_wedge,planar_boundary_residual,0e0,1e-9,1e-8,zero
axis_wedge,planar_boundary_residual,0e0,1e-9,1e-8,zero
axis_wedge,planar_boundary_residual,0e0,1e-9,1e-8,zero
axis_wedge,dihedral_arm,1e0,1e-9,1e-8,positive
axis_wedge,dihedral_wedge,1e0,1e-9,1e-8,positive
axis_wedge,dihedral_arm,1e0,1e-9,1e-8,positive
axis_wedge,dihedral_wedge,1e0,1e-9,1e-8,positive
axis_wedge,dihedral_arm,1e0,1e-9,1e-8,positive
axis_wedge,dihedral_wedge,1e0,1e-9,1e-8,positive
axis_wedge,dihedral_arm,1e0,1e-9,1e-8,positive
axis_wedge,dihedral_wedge,1e0,1e-9,1e-8,positive
axis_wedge,dihedral_arm,1e0,1e-9,1e-8,positive
axis_wedge,dihedral_wedge,1e0,1e-9,1e-8,positive
axis_wedge,dihedral_arm,1e0,1e-9,1e-8,positive
axis_wedge,dihedral_wedge,1e0,1e-9,1e-8,positive
axis_wedge,dihedral_arm,1e0,1e-9,1e-8,positive
axis_wedge,dihedral_wedge,1e0,1e-9,1e-8,positive
axis_wedge,planar_boundary_residual,0e0,1e-9,1e-8,zero
axis_wedge,planar_boundary_residual,0e0,1e-9,1e-8,zero
axis_wedge,planar_boundary_residual,0e0,1e-9,1e-8,zero
axis_wedge,planar_boundary_residual,0e0,1e-9,1e-8,zero
axis_wedge,planar_boundary_residual,0e0,1e-9,1e-8,zero
axis_wedge,planar_boundary_residual,0e0,1e-9,1e-8,zero
axis_wedge,planar_boundary_residual,0e0,1e-9,1e-8,zero
axis_wedge,planar_boundary_residual,0e0,1e-9,1e-8,zero
axis_wedge,planar_boundary_residual,0e0,1e-9,1e-8,zero
axis_wedge,planar_boundary_residual,0e0,1e-9,1e-8,zero
axis_wedge,planar_boundary_residual,0e0,1e-9,1e-8,zero
axis_wedge,planar_boundary_residual,0e0,1e-9,1e-8,zero
axis_wedge,planar_boundary_residual,0e0,1e-9,1e-8,zero
axis_wedge,planar_boundary_residual,0e0,1e-9,1e-8,zero
axis_wedge,dihedral_arm,1e0,1e-9,1e-8,positive
axis_wedge,dihedral_wedge,1e0,1e-9,1e-8,positive
axis_wedge,dihedral_arm,1e0,1e-9,1e-8,positive
axis_wedge,dihedral_wedge,1e0,1e-9,1e-8,positive
axis_wedge,dihedral_arm,1e0,1e-9,1e-8,positive
axis_wedge,dihedral_wedge,1e0,1e-9,1e-8,positive
axis_wedge,dihedral_arm,1e0,1e-9,1e-8,positive
axis_wedge,dihedral_wedge,1e0,1e-9,1e-8,positive
axis_wedge,dihedral_arm,1e0,1e-9,1e-8,positive
axis_wedge,dihedral_wedge,1e0,1e-9,1e-8,positive
axis_wedge,dihedral_arm,1e0,1e-9,1e-8,positive
axis_wedge,dihedral_wedge,1e0,1e-9,1e-8,positive
axis_wedge,dihedral_arm,1e0,1e-9,1e-8,positive
axis_wedge,dihedral_wedge,1e0,1e-9,1e-8,positive
axis_wedge,planar_boundary_residual,0e0,1e-9,1e-8,zero
axis_wedge,planar_boundary_residual,0e0,1e-9,1e-8,zero
axis_wedge,planar_boundary_residual,0e0,1e-9,1e-8,zero
axis_wedge,planar_boundary_residual,0e0,1e-9,1e-8,zero
axis_wedge,planar_boundary_residual,0e0,1e-9,1e-8,zero
axis_wedge,planar_boundary_residual,0e0,1e-9,1e-8,zero
axis_wedge,planar_boundary_residual,0e0,1e-9,1e-8,zero
axis_wedge,dihedral_arm,1e0,1e-9,1e-8,positive
axis_wedge,dihedral_wedge,1e0,1e-9,1e-8,positive
axis_wedge,dihedral_arm,1e0,1e-9,1e-8,positive
axis_wedge,dihedral_wedge,1e0,1e-9,1e-8,positive
axis_wedge,dihedral_arm,1e0,1e-9,1e-8,positive
axis_wedge,dihedral_wedge,1e0,1e-9,1e-8,positive
axis_wedge,dihedral_arm,1e0,1e-9,1e-8,positive
axis_wedge,dihedral_wedge,1e0,1e-9,1e-8,positive
axis_wedge,dihedral_arm,1e0,1e-9,1e-8,positive
axis_wedge,dihedral_wedge,1e0,1e-9,1e-8,positive
axis_wedge,dihedral_arm,1e0,1e-9,1e-8,positive
axis_wedge,dihedral_wedge,1e0,1e-9,1e-8,positive
axis_wedge,dihedral_arm,1e0,1e-9,1e-8,positive
axis_wedge,dihedral_wedge,1e0,1e-9,1e-8,positive
axis_wedge,planar_boundary_residual,0e0,1e-9,1e-8,zero
axis_wedge,planar_boundary_residual,0e0,1e-9,1e-8,zero
axis_wedge,planar_boundary_residual,0e0,1e-9,1e-8,zero
axis_wedge,planar_boundary_residual,0e0,1e-9,1e-8,zero
axis_wedge,planar_boundary_residual,0e0,1e-9,1e-8,zero
axis_wedge,planar_boundary_residual,0e0,1e-9,1e-8,zero
axis_wedge,planar_boundary_residual,0e0,1e-9,1e-8,zero
axis_wedge,planar_boundary_residual,0e0,1e-9,1e-8,zero
axis_wedge,planar_boundary_residual,0e0,1e-9,1e-8,zero
axis_wedge,planar_boundary_residual,0e0,1e-9,1e-8,zero
axis_wedge,planar_boundary_residual,0e0,1e-9,1e-8,zero
axis_wedge,planar_boundary_residual,0e0,1e-9,1e-8,zero
axis_wedge,planar_boundary_residual,0e0,1e-9,1e-8,zero
axis_wedge,planar_boundary_residual,0e0,1e-9,1e-8,zero
axis_wedge,dihedral_arm,1e0,1e-9,1e-8,positive
axis_wedge,dihedral_wedge,1e0,1e-9,1e-8,positive
axis_wedge,dihedral_arm,1e0,1e-9,1e-8,positive
axis_wedge,dihedral_wedge,1e0,1e-9,1e-8,positive
axis_wedge,dihedral_arm,1e0,1e-9,1e-8,positive
axis_wedge,dihedral_wedge,1e0,1e-9,1e-8,positive
axis_wedge,dihedral_arm,1e0,1e-9,1e-8,positive
axis_wedge,dihedral_wedge,1e0,1e-9,1e-8,positive
axis_wedge,dihedral_arm,1e0,1e-9,1e-8,positive
axis_wedge,dihedral_wedge,1e0,1e-9,1e-8,positive
axis_wedge,dihedral_arm,1e0,1e-9,1e-8,positive
axis_wedge,dihedral_wedge,1e0,1e-9,1e-8,positive
axis_wedge,dihedral_arm,1e0,1e-9,1e-8,positive
axis_wedge,dihedral_wedge,1e0,1e-9,1e-8,positive
axis_wedge,planar_boundary_residual,0e0,1e-9,1e-8,zero
axis_wedge,planar_boundary_residual,0e0,1e-9,1e-8,zero
axis_wedge,planar_boundary_residual,0e0,1e-9,1e-8,zero
axis_wedge,planar_boundary_residual,0e0,1e-9,1e-8,zero
axis_wedge,planar_boundary_residual,0e0,1e-9,1e-8,zero
axis_wedge,planar_boundary_residual,0e0,1e-9,1e-8,zero
axis_wedge,planar_boundary_residual,0e0,1e-9,1e-8,zero
axis_wedge,dihedral_arm,1e0,1e-9,1e-8,positive
axis_wedge,dihedral_wedge,1e0,1e-9,1e-8,positive
axis_wedge,dihedral_arm,1e0,1e-9,1e-8,positive
axis_wedge,dihedral_wedge,1e0,1e-9,1e-8,positive
axis_wedge,dihedral_arm,1e0,1e-9,1e-8,positive
axis_wedge,dihedral_wedge,1e0,1e-9,1e-8,positive
axis_wedge,dihedral_arm,1e0,1e-9,1e-8,positive
axis_wedge,dihedral_wedge,1e0,1e-9,1e-8,positive
axis_wedge,dihedral_arm,1e0,1e-9,1e-8,positive
axis_wedge,dihedral_wedge,1e0,1e-9,1e-8,positive
axis_wedge,dihedral_arm,1e0,1e-9,1e-8,positive
axis_wedge,dihedral_wedge,1e0,1e-9,1e-8,positive
axis_wedge,dihedral_arm,1e0,1e-9,1e-8,positive
axis_wedge,dihedral_wedge,1e0,1e-9,1e-8,positive
axis_wedge,planar_boundary_residual,0e0,1e-9,1e-8,zero
axis_wedge,planar_boundary_residual,0e0,1e-9,1e-8,zero
axis_wedge,planar_boundary_residual,0e0,1e-9,1e-8,zero
axis_wedge,planar_boundary_residual,0e0,1e-9,1e-8,zero
axis_wedge,planar_boundary_residual,0e0,1e-9,1e-8,zero
axis_wedge,planar_boundary_residual,0e0,1e-9,1e-8,zero
axis_wedge,planar_boundary_residual,0e0,1e-9,1e-8,zero
axis_wedge,dihedral_arm,1e0,1e-9,1e-8,positive
axis_wedge,dihedral_wedge,1e0,1e-9,1e-8,positive
axis_wedge,dihedral_arm,1e0,1e-9,1e-8,positive
axis_wedge,dihedral_wedge,1e0,1e-9,1e-8,positive
axis_wedge,dihedral_arm,1e0,1e-9,1e-8,positive
axis_wedge,dihedral_wedge,1e0,1e-9,1e-8,positive
axis_wedge,dihedral_arm,1e0,1e-9,1e-8,positive
axis_wedge,dihedral_wedge,1e0,1e-9,1e-8,positive
axis_wedge,dihedral_arm,1e0,1e-9,1e-8,positive
axis_wedge,dihedral_wedge,1e0,1e-9,1e-8,positive
axis_wedge,dihedral_arm,1e0,1e-9,1e-8,positive
axis_wedge,dihedral_wedge,1e0,1e-9,1e-8,positive
axis_wedge,dihedral_arm,1e0,1e-9,1e-8,positive
axis_wedge,dihedral_wedge,1e0,1e-9,1e-8,positive
axis_wedge,planar_boundary_residual,0e0,1e-9,1e-8,zero
axis_wedge,planar_boundary_residual,0e0,1e-9,1e-8,zero
axis_wedge,planar_boundary_residual,1.5407439555097887e-33,1e-9,1e-8,zero
axis_wedge,planar_boundary_residual,0e0,1e-9,1e-8,zero
axis_wedge,planar_boundary_residual,-1.5407439555097887e-33,1e-9,1e-8,zero
axis_wedge,planar_boundary_residual,3.0814879110195774e-33,1e-9,1e-8,zero
axis_wedge,planar_boundary_residual,0e0,1e-9,1e-8,zero
axis_wedge,planar_boundary_residual,0e0,1e-9,1e-8,zero
axis_wedge,planar_boundary_residual,0e0,1e-9,1e-8,zero
axis_wedge,planar_boundary_residual,0e0,1e-9,1e-8,zero
axis_wedge,planar_boundary_residual,0e0,1e-9,1e-8,zero
axis_wedge,planar_boundary_residual,0e0,1e-9,1e-8,zero
axis_wedge,planar_boundary_residual,0e0,1e-9,1e-8,zero
axis_wedge,planar_boundary_residual,0e0,1e-9,1e-8,zero
axis_wedge,dihedral_arm,1e0,1e-9,1e-8,positive
axis_wedge,dihedral_wedge,1e0,1e-9,1e-8,positive
axis_wedge,dihedral_arm,1e0,1e-9,1e-8,positive
axis_wedge,dihedral_wedge,1e0,1e-9,1e-8,positive
axis_wedge,dihedral_arm,1e0,1e-9,1e-8,positive
axis_wedge,dihedral_wedge,1e0,1e-9,1e-8,positive
axis_wedge,dihedral_arm,1e0,1e-9,1e-8,positive
axis_wedge,dihedral_wedge,1e0,1e-9,1e-8,positive
axis_wedge,dihedral_arm,1e0,1e-9,1e-8,positive
axis_wedge,dihedral_wedge,1e0,1e-9,1e-8,positive
axis_wedge,dihedral_arm,1e0,1e-9,1e-8,positive
axis_wedge,dihedral_wedge,1e0,1e-9,1e-8,positive
axis_wedge,dihedral_arm,1e0,1e-9,1e-8,positive
axis_wedge,dihedral_wedge,1e0,1e-9,1e-8,positive
axis_wedge,planar_boundary_residual,0e0,1e-9,1e-8,zero
axis_wedge,planar_boundary_residual,0e0,1e-9,1e-8,zero
axis_wedge,planar_boundary_residual,0e0,1e-9,1e-8,zero
axis_wedge,planar_boundary_residual,0e0,1e-9,1e-8,zero
axis_wedge,planar_boundary_residual,0e0,1e-9,1e-8,zero
axis_wedge,planar_boundary_residual,0e0,1e-9,1e-8,zero
axis_wedge,planar_boundary_residual,0e0,1e-9,1e-8,zero
axis_wedge,dihedral_arm,1e0,1e-9,1e-8,positive
axis_wedge,dihedral_wedge,1e0,1e-9,1e-8,positive
axis_wedge,dihedral_arm,1e0,1e-9,1e-8,positive
axis_wedge,dihedral_wedge,1e0,1e-9,1e-8,positive
axis_wedge,dihedral_arm,1e0,1e-9,1e-8,positive
axis_wedge,dihedral_wedge,1e0,1e-9,1e-8,positive
axis_wedge,dihedral_arm,1e0,1e-9,1e-8,positive
axis_wedge,dihedral_wedge,1e0,1e-9,1e-8,positive
axis_wedge,dihedral_arm,1e0,1e-9,1e-8,positive
axis_wedge,dihedral_wedge,1e0,1e-9,1e-8,positive
axis_wedge,dihedral_arm,1e0,1e-9,1e-8,positive
axis_wedge,dihedral_wedge,1e0,1e-9,1e-8,positive
axis_wedge,dihedral_arm,1e0,1e-9,1e-8,positive
axis_wedge,dihedral_wedge,1e0,1e-9,1e-8,positive
axis_wedge,planar_boundary_residual,0e0,1e-9,1e-8,zero
axis_wedge,planar_boundary_residual,3.0814879110195774e-33,1e-9,1e-8,zero
axis_wedge,planar_boundary_residual,-1.5407439555097887e-33,1e-9,1e-8,zero
axis_wedge,planar_boundary_residual,-0e0,1e-9,1e-8,zero
axis_wedge,planar_boundary_residual,1.5407439555097887e-33,1e-9,1e-8,zero
axis_wedge,planar_boundary_residual,-3.0814879110195774e-33,1e-9,1e-8,zero
axis_wedge,planar_boundary_residual,0e0,1e-9,1e-8,zero
axis_wedge,planar_boundary_residual,0e0,1e-9,1e-8,zero
axis_wedge,planar_boundary_residual,0e0,1e-9,1e-8,zero
axis_wedge,planar_boundary_residual,0e0,1e-9,1e-8,zero
axis_wedge,planar_boundary_residual,0e0,1e-9,1e-8,zero
axis_wedge,planar_boundary_residual,0e0,1e-9,1e-8,zero
axis_wedge,planar_boundary_residual,0e0,1e-9,1e-8,zero
axis_wedge,planar_boundary_residual,0e0,1e-9,1e-8,zero
axis_wedge,props_meridian_axial,0e0,1e-9,1e-8,zero
axis_wedge,props_circle_axis_class,1e0,1e-9,1e-8,positive
axis_wedge,props_rim_fit,0e0,1e-9,1e-8,zero
axis_wedge,props_meridian_axial,0e0,1e-9,1e-8,zero
axis_wedge,props_circle_axis_class,1e0,1e-9,1e-8,positive
axis_wedge,props_rim_fit,0e0,1e-9,1e-8,zero
axis_wedge,props_du_consistent,0e0,1e-9,1e-8,zero
axis_wedge,props_face_extent,1e0,1e-9,1e-8,positive
axis_wedge,props_rim_side,-1e0,1e-9,1e-8,negative
axis_wedge,positive_volume,1.5275386758791432e-1,1e-9,1e-8,positive
axis_wedge,props_meridian_axial,0e0,1e-9,1e-8,zero
axis_wedge,props_circle_axis_class,1e0,1e-9,1e-8,positive
axis_wedge,props_rim_fit,0e0,1e-9,1e-8,zero
axis_wedge,props_meridian_axial,0e0,1e-9,1e-8,zero
axis_wedge,props_circle_axis_class,1e0,1e-9,1e-8,positive
axis_wedge,props_rim_fit,0e0,1e-9,1e-8,zero
axis_wedge,props_du_consistent,0e0,1e-9,1e-8,zero
axis_wedge,props_face_extent,1e0,1e-9,1e-8,positive
axis_wedge,props_rim_side,-1e0,1e-9,1e-8,negative
near_full_wedge,vertex_separation,1e0,1e-9,1e-8,positive
near_full_wedge,segment_straightness,0e0,1e-9,1e-8,zero
near_full_wedge,vertex_separation,1e0,1e-9,1e-8,positive
near_full_wedge,segment_straightness,0e0,1e-9,1e-8,zero
near_full_wedge,vertex_separation,1e0,1e-9,1e-8,positive
near_full_wedge,segment_straightness,0e0,1e-9,1e-8,zero
near_full_wedge,vertex_separation,1e0,1e-9,1e-8,positive
near_full_wedge,segment_straightness,0e0,1e-9,1e-8,zero
near_full_wedge,chord_side,0e0,1e-9,1e-8,zero
near_full_wedge,chord_side,1e0,1e-9,1e-8,positive
near_full_wedge,chord_side,1e0,1e-9,1e-8,positive
near_full_wedge,chord_side,0e0,1e-9,1e-8,zero
near_full_wedge,line_span,0e0,1e-9,1e-8,zero
near_full_wedge,line_span,0e0,1e-9,1e-8,zero
near_full_wedge,contact_at_shared_vertex,0e0,1e-9,1e-8,zero
near_full_wedge,contact_at_shared_vertex,0e0,1e-9,1e-8,zero
near_full_wedge,chord_side,1e0,1e-9,1e-8,positive
near_full_wedge,chord_side,1e0,1e-9,1e-8,positive
near_full_wedge,chord_side,1e0,1e-9,1e-8,positive
near_full_wedge,chord_side,1e0,1e-9,1e-8,positive
near_full_wedge,chord_side,1e0,1e-9,1e-8,positive
near_full_wedge,chord_side,0e0,1e-9,1e-8,zero
near_full_wedge,chord_side,0e0,1e-9,1e-8,zero
near_full_wedge,chord_side,1e0,1e-9,1e-8,positive
near_full_wedge,line_span,0e0,1e-9,1e-8,zero
near_full_wedge,line_span,0e0,1e-9,1e-8,zero
near_full_wedge,contact_at_shared_vertex,0e0,1e-9,1e-8,zero
near_full_wedge,contact_at_shared_vertex,0e0,1e-9,1e-8,zero
near_full_wedge,chord_side,0e0,1e-9,1e-8,zero
near_full_wedge,chord_side,1e0,1e-9,1e-8,positive
near_full_wedge,chord_side,1e0,1e-9,1e-8,positive
near_full_wedge,chord_side,-0e0,1e-9,1e-8,zero
near_full_wedge,line_span,0e0,1e-9,1e-8,zero
near_full_wedge,line_span,0e0,1e-9,1e-8,zero
near_full_wedge,contact_at_shared_vertex,0e0,1e-9,1e-8,zero
near_full_wedge,contact_at_shared_vertex,0e0,1e-9,1e-8,zero
near_full_wedge,chord_side,1e0,1e-9,1e-8,positive
near_full_wedge,chord_side,1e0,1e-9,1e-8,positive
near_full_wedge,chord_side,1e0,1e-9,1e-8,positive
near_full_wedge,chord_side,1e0,1e-9,1e-8,positive
near_full_wedge,chord_side,0e0,1e-9,1e-8,zero
near_full_wedge,chord_side,1e0,1e-9,1e-8,positive
near_full_wedge,chord_side,1e0,1e-9,1e-8,positive
near_full_wedge,chord_side,0e0,1e-9,1e-8,zero
near_full_wedge,line_span,0e0,1e-9,1e-8,zero
near_full_wedge,line_span,0e0,1e-9,1e-8,zero
near_full_wedge,contact_at_shared_vertex,0e0,1e-9,1e-8,zero
near_full_wedge,contact_at_shared_vertex,0e0,1e-9,1e-8,zero
near_full_wedge,canonical_order_x,1e0,5e-324,1e-323,positive
near_full_wedge,canonical_order_x,1e0,5e-324,1e-323,positive
near_full_wedge,canonical_order_x,0e0,5e-324,1e-323,zero
near_full_wedge,canonical_order_y,1e0,5e-324,1e-323,positive
near_full_wedge,loop_orientation,5e-1,1e-9,1e-8,positive
near_full_wedge,canonical_order_x,1e0,5e-324,1e-323,positive
near_full_wedge,canonical_order_x,1e0,5e-324,1e-323,positive
near_full_wedge,canonical_order_x,0e0,5e-324,1e-323,zero
near_full_wedge,canonical_order_y,1e0,5e-324,1e-323,positive
near_full_wedge,vertex_separation,1e0,1e-9,1e-8,positive
near_full_wedge,segment_straightness,0e0,1e-9,1e-8,zero
near_full_wedge,vertex_separation,1e0,1e-9,1e-8,positive
near_full_wedge,segment_straightness,0e0,1e-9,1e-8,zero
near_full_wedge,vertex_separation,1e0,1e-9,1e-8,positive
near_full_wedge,segment_straightness,0e0,1e-9,1e-8,zero
near_full_wedge,vertex_separation,1e0,1e-9,1e-8,positive
near_full_wedge,segment_straightness,0e0,1e-9,1e-8,zero
near_full_wedge,revolve_axis_direction,1e0,1e-9,1e-8,positive
near_full_wedge,revolve_angle,1.2546370614359173e1,1e-9,1e-8,positive
near_full_wedge,revolve_angle_headroom,1.9999999999999574e-2,1e-9,1e-8,positive
near_full_wedge,axis_vertex_radius,1e0,1e-9,1e-8,positive
near_full_wedge,axis_vertex_radius,1e0,1e-9,1e-8,positive
near_full_wedge,axis_vertex_radius,2e0,1e-9,1e-8,positive
near_full_wedge,axis_vertex_radius,2e0,1e-9,1e-8,positive
near_full_wedge,axis_line_radial,0e0,1e-9,1e-8,zero
near_full_wedge,axis_line_radial,1e0,1e-9,1e-8,positive
near_full_wedge,axis_line_axial,0e0,1e-9,1e-8,zero
near_full_wedge,axis_line_radial,0e0,1e-9,1e-8,zero
near_full_wedge,axis_line_radial,-1e0,1e-9,1e-8,negative
near_full_wedge,axis_line_axial,0e0,1e-9,1e-8,zero
near_full_wedge,interval_span_forward,1e0,1e-9,1e-8,positive
near_full_wedge,carrier_endpoint_start,0e0,1e-9,1e-8,zero
near_full_wedge,carrier_endpoint_end,0e0,1e-9,1e-8,zero
near_full_wedge,carrier_matches_mapped_source,0e0,1e-9,1e-8,zero
near_full_wedge,carrier_matches_mapped_source,0e0,1e-9,1e-8,zero
near_full_wedge,carrier_matches_mapped_source,0e0,1e-9,1e-8,zero
near_full_wedge,carrier_matches_mapped_source,0e0,1e-9,1e-8,zero
near_full_wedge,carrier_matches_mapped_source,0e0,1e-9,1e-8,zero
near_full_wedge,carrier_matches_mapped_source,0e0,1e-9,1e-8,zero
near_full_wedge,carrier_matches_mapped_source,0e0,1e-9,1e-8,zero
near_full_wedge,carrier_matches_mapped_source,0e0,1e-9,1e-8,zero
near_full_wedge,carrier_matches_mapped_source,0e0,1e-9,1e-8,zero
near_full_wedge,interval_span_forward,1e0,1e-9,1e-8,positive
near_full_wedge,carrier_endpoint_start,0e0,1e-9,1e-8,zero
near_full_wedge,carrier_endpoint_end,0e0,1e-9,1e-8,zero
near_full_wedge,carrier_matches_mapped_source,0e0,1e-9,1e-8,zero
near_full_wedge,carrier_matches_mapped_source,0e0,1e-9,1e-8,zero
near_full_wedge,carrier_matches_mapped_source,0e0,1e-9,1e-8,zero
near_full_wedge,carrier_matches_mapped_source,0e0,1e-9,1e-8,zero
near_full_wedge,carrier_matches_mapped_source,0e0,1e-9,1e-8,zero
near_full_wedge,carrier_matches_mapped_source,0e0,1e-9,1e-8,zero
near_full_wedge,carrier_matches_mapped_source,0e0,1e-9,1e-8,zero
near_full_wedge,carrier_matches_mapped_source,0e0,1e-9,1e-8,zero
near_full_wedge,carrier_matches_mapped_source,0e0,1e-9,1e-8,zero
near_full_wedge,interval_span_forward,1e0,1e-9,1e-8,positive
near_full_wedge,carrier_endpoint_start,0e0,1e-9,1e-8,zero
near_full_wedge,carrier_endpoint_end,0e0,1e-9,1e-8,zero
near_full_wedge,carrier_matches_mapped_source,0e0,1e-9,1e-8,zero
near_full_wedge,carrier_matches_mapped_source,0e0,1e-9,1e-8,zero
near_full_wedge,carrier_matches_mapped_source,0e0,1e-9,1e-8,zero
near_full_wedge,carrier_matches_mapped_source,0e0,1e-9,1e-8,zero
near_full_wedge,carrier_matches_mapped_source,0e0,1e-9,1e-8,zero
near_full_wedge,carrier_matches_mapped_source,0e0,1e-9,1e-8,zero
near_full_wedge,carrier_matches_mapped_source,0e0,1e-9,1e-8,zero
near_full_wedge,carrier_matches_mapped_source,0e0,1e-9,1e-8,zero
near_full_wedge,carrier_matches_mapped_source,0e0,1e-9,1e-8,zero
near_full_wedge,newell_plane_residual,0e0,1e-9,1e-8,zero
near_full_wedge,newell_plane_residual,0e0,1e-9,1e-8,zero
near_full_wedge,newell_plane_residual,0e0,1e-9,1e-8,zero
near_full_wedge,newell_plane_residual,0e0,1e-9,1e-8,zero
near_full_wedge,interval_span_forward,1e0,1e-9,1e-8,positive
near_full_wedge,carrier_endpoint_start,0e0,1e-9,1e-8,zero
near_full_wedge,carrier_endpoint_end,0e0,1e-9,1e-8,zero
near_full_wedge,carrier_matches_mapped_source,0e0,1e-9,1e-8,zero
near_full_wedge,carrier_matches_mapped_source,0e0,1e-9,1e-8,zero
near_full_wedge,carrier_matches_mapped_source,0e0,1e-9,1e-8,zero
near_full_wedge,carrier_matches_mapped_source,0e0,1e-9,1e-8,zero
near_full_wedge,carrier_matches_mapped_source,0e0,1e-9,1e-8,zero
near_full_wedge,carrier_matches_mapped_source,0e0,1e-9,1e-8,zero
near_full_wedge,carrier_matches_mapped_source,0e0,1e-9,1e-8,zero
near_full_wedge,carrier_matches_mapped_source,0e0,1e-9,1e-8,zero
near_full_wedge,carrier_matches_mapped_source,0e0,1e-9,1e-8,zero
near_full_wedge,wall_lines_cosurface,-1e0,1e-9,1e-8,negative
near_full_wedge,wall_lines_cosurface,-1e0,1e-9,1e-8,negative
near_full_wedge,wall_lines_cosurface,-1e0,1e-9,1e-8,negative
near_full_wedge,wall_lines_cosurface,-1e0,1e-9,1e-8,negative
near_full_wedge,interval_span_forward,6.2731853071795864e0,1e-9,1e-8,positive
near_full_wedge,interval_span_winding,9.999999999999787e-3,1e-9,1e-8,positive
near_full_wedge,carrier_endpoint_start,0e0,1e-9,1e-8,zero
near_full_wedge,carrier_endpoint_end,0e0,1e-9,1e-8,zero
near_full_wedge,carrier_matches_mapped_source,0e0,1e-9,1e-8,zero
near_full_wedge,carrier_matches_mapped_source,0e0,1e-9,1e-8,zero
near_full_wedge,carrier_matches_mapped_source,0e0,1e-9,1e-8,zero
near_full_wedge,carrier_matches_mapped_source,0e0,1e-9,1e-8,zero
near_full_wedge,carrier_matches_mapped_source,0e0,1e-9,1e-8,zero
near_full_wedge,carrier_matches_mapped_source,0e0,1e-9,1e-8,zero
near_full_wedge,carrier_matches_mapped_source,0e0,1e-9,1e-8,zero
near_full_wedge,carrier_matches_mapped_source,0e0,1e-9,1e-8,zero
near_full_wedge,carrier_matches_mapped_source,0e0,1e-9,1e-8,zero
near_full_wedge,interval_span_forward,6.2731853071795864e0,1e-9,1e-8,positive
near_full_wedge,interval_span_winding,9.999999999999787e-3,1e-9,1e-8,positive
near_full_wedge,carrier_endpoint_start,0e0,1e-9,1e-8,zero
near_full_wedge,carrier_endpoint_end,0e0,1e-9,1e-8,zero
near_full_wedge,carrier_matches_mapped_source,0e0,1e-9,1e-8,zero
near_full_wedge,carrier_matches_mapped_source,0e0,1e-9,1e-8,zero
near_full_wedge,carrier_matches_mapped_source,0e0,1e-9,1e-8,zero
near_full_wedge,carrier_matches_mapped_source,0e0,1e-9,1e-8,zero
near_full_wedge,carrier_matches_mapped_source,0e0,1e-9,1e-8,zero
near_full_wedge,carrier_matches_mapped_source,1.1102230246251565e-16,1e-9,1e-8,zero
near_full_wedge,carrier_matches_mapped_source,0e0,1e-9,1e-8,zero
near_full_wedge,carrier_matches_mapped_source,0e0,1e-9,1e-8,zero
near_full_wedge,carrier_matches_mapped_source,0e0,1e-9,1e-8,zero
near_full_wedge,interval_span_forward,1.2546370614359173e1,1e-9,1e-8,positive
near_full_wedge,interval_span_winding,1.9999999999999574e-2,1e-9,1e-8,positive
near_full_wedge,carrier_endpoint_start,0e0,1e-9,1e-8,zero
near_full_wedge,carrier_endpoint_end,0e0,1e-9,1e-8,zero
near_full_wedge,carrier_matches_mapped_source,0e0,1e-9,1e-8,zero
near_full_wedge,carrier_matches_mapped_source,0e0,1e-9,1e-8,zero
near_full_wedge,carrier_matches_mapped_source,0e0,1e-9,1e-8,zero
near_full_wedge,carrier_matches_mapped_source,0e0,1e-9,1e-8,zero
near_full_wedge,carrier_matches_mapped_source,0e0,1e-9,1e-8,zero
near_full_wedge,carrier_matches_mapped_source,1.1102230246251565e-16,1e-9,1e-8,zero
near_full_wedge,carrier_matches_mapped_source,0e0,1e-9,1e-8,zero
near_full_wedge,carrier_matches_mapped_source,0e0,1e-9,1e-8,zero
near_full_wedge,carrier_matches_mapped_source,0e0,1e-9,1e-8,zero
near_full_wedge,interval_span_forward,1.2546370614359173e1,1e-9,1e-8,positive
near_full_wedge,interval_span_winding,1.9999999999999574e-2,1e-9,1e-8,positive
near_full_wedge,carrier_endpoint_start,0e0,1e-9,1e-8,zero
near_full_wedge,carrier_endpoint_end,0e0,1e-9,1e-8,zero
near_full_wedge,carrier_matches_mapped_source,0e0,1e-9,1e-8,zero
near_full_wedge,carrier_matches_mapped_source,0e0,1e-9,1e-8,zero
near_full_wedge,carrier_matches_mapped_source,0e0,1e-9,1e-8,zero
near_full_wedge,carrier_matches_mapped_source,0e0,1e-9,1e-8,zero
near_full_wedge,carrier_matches_mapped_source,0e0,1e-9,1e-8,zero
near_full_wedge,carrier_matches_mapped_source,0e0,1e-9,1e-8,zero
near_full_wedge,carrier_matches_mapped_source,0e0,1e-9,1e-8,zero
near_full_wedge,carrier_matches_mapped_source,0e0,1e-9,1e-8,zero
near_full_wedge,carrier_matches_mapped_source,0e0,1e-9,1e-8,zero
near_full_wedge,interval_span_forward,1e0,1e-9,1e-8,positive
near_full_wedge,carrier_endpoint_start,0e0,1e-9,1e-8,zero
near_full_wedge,carrier_endpoint_end,0e0,1e-9,1e-8,zero
near_full_wedge,carrier_matches_mapped_source,0e0,1e-9,1e-8,zero
near_full_wedge,carrier_matches_mapped_source,0e0,1e-9,1e-8,zero
near_full_wedge,carrier_matches_mapped_source,0e0,1e-9,1e-8,zero
near_full_wedge,carrier_matches_mapped_source,0e0,1e-9,1e-8,zero
near_full_wedge,carrier_matches_mapped_source,0e0,1e-9,1e-8,zero
near_full_wedge,carrier_matches_mapped_source,0e0,1e-9,1e-8,zero
near_full_wedge,carrier_matches_mapped_source,0e0,1e-9,1e-8,zero
near_full_wedge,carrier_matches_mapped_source,0e0,1e-9,1e-8,zero
near_full_wedge,carrier_matches_mapped_source,0e0,1e-9,1e-8,zero
near_full_wedge,interval_span_forward,1e0,1e-9,1e-8,positive
near_full_wedge,carrier_endpoint_start,0e0,1e-9,1e-8,zero
near_full_wedge,carrier_endpoint_end,0e0,1e-9,1e-8,zero
near_full_wedge,carrier_matches_mapped_source,0e0,1e-9,1e-8,zero
near_full_wedge,carrier_matches_mapped_source,0e0,1e-9,1e-8,zero
near_full_wedge,carrier_matches_mapped_source,0e0,1e-9,1e-8,zero
near_full_wedge,carrier_matches_mapped_source,0e0,1e-9,1e-8,zero
near_full_wedge,carrier_matches_mapped_source,0e0,1e-9,1e-8,zero
near_full_wedge,carrier_matches_mapped_source,0e0,1e-9,1e-8,zero
near_full_wedge,carrier_matches_mapped_source,0e0,1e-9,1e-8,zero
near_full_wedge,carrier_matches_mapped_source,2.220717083251841e-16,1e-9,1e-8,zero
near_full_wedge,carrier_matches_mapped_source,0e0,1e-9,1e-8,zero
near_full_wedge,interval_span_forward,1e0,1e-9,1e-8,positive
near_full_wedge,carrier_endpoint_start,0e0,1e-9,1e-8,zero
near_full_wedge,carrier_endpoint_end,0e0,1e-9,1e-8,zero
near_full_wedge,carrier_matches_mapped_source,0e0,1e-9,1e-8,zero
near_full_wedge,carrier_matches_mapped_source,0e0,1e-9,1e-8,zero
near_full_wedge,carrier_matches_mapped_source,0e0,1e-9,1e-8,zero
near_full_wedge,carrier_matches_mapped_source,0e0,1e-9,1e-8,zero
near_full_wedge,carrier_matches_mapped_source,0e0,1e-9,1e-8,zero
near_full_wedge,carrier_matches_mapped_source,0e0,1e-9,1e-8,zero
near_full_wedge,carrier_matches_mapped_source,0e0,1e-9,1e-8,zero
near_full_wedge,carrier_matches_mapped_source,0e0,1e-9,1e-8,zero
near_full_wedge,carrier_matches_mapped_source,0e0,1e-9,1e-8,zero
near_full_wedge,interval_span_forward,1e0,1e-9,1e-8,positive
near_full_wedge,carrier_endpoint_start,0e0,1e-9,1e-8,zero
near_full_wedge,carrier_endpoint_end,0e0,1e-9,1e-8,zero
near_full_wedge,carrier_matches_mapped_source,0e0,1e-9,1e-8,zero
near_full_wedge,carrier_matches_mapped_source,0e0,1e-9,1e-8,zero
near_full_wedge,carrier_matches_mapped_source,0e0,1e-9,1e-8,zero
near_full_wedge,carrier_matches_mapped_source,0e0,1e-9,1e-8,zero
near_full_wedge,carrier_matches_mapped_source,0e0,1e-9,1e-8,zero
near_full_wedge,carrier_matches_mapped_source,0e0,1e-9,1e-8,zero
near_full_wedge,carrier_matches_mapped_source,0e0,1e-9,1e-8,zero
near_full_wedge,carrier_matches_mapped_source,0e0,1e-9,1e-8,zero
near_full_wedge,carrier_matches_mapped_source,0e0,1e-9,1e-8,zero
near_full_wedge,dihedral_arm,1e0,1e-9,1e-8,positive
near_full_wedge,dihedral_wedge,1e0,1e-9,1e-8,positive
near_full_wedge,interval_span_forward,6.2731853071795864e0,1e-9,1e-8,positive
near_full_wedge,interval_span_winding,9.999999999999787e-3,1e-9,1e-8,positive
near_full_wedge,carrier_endpoint_start,0e0,1e-9,1e-8,zero
near_full_wedge,carrier_endpoint_end,0e0,1e-9,1e-8,zero
near_full_wedge,carrier_on_surface_1,0e0,1e-9,1e-8,zero
near_full_wedge,carrier_on_surface_2,0e0,1e-9,1e-8,zero
near_full_wedge,carrier_on_surface_1,0e0,1e-9,1e-8,zero
near_full_wedge,carrier_on_surface_2,0e0,1e-9,1e-8,zero
near_full_wedge,dihedral_arm,1e0,1e-9,1e-8,positive
near_full_wedge,dihedral_wedge,1e0,1e-9,1e-8,positive
near_full_wedge,carrier_on_surface_1,0e0,1e-9,1e-8,zero
near_full_wedge,carrier_on_surface_2,0e0,1e-9,1e-8,zero
near_full_wedge,dihedral_arm,1e0,1e-9,1e-8,positive
near_full_wedge,dihedral_wedge,1e0,1e-9,1e-8,positive
near_full_wedge,carrier_on_surface_1,0e0,1e-9,1e-8,zero
near_full_wedge,carrier_on_surface_2,0e0,1e-9,1e-8,zero
near_full_wedge,dihedral_arm,1e0,1e-9,1e-8,positive
near_full_wedge,dihedral_wedge,1e0,1e-9,1e-8,positive
near_full_wedge,carrier_on_surface_1,0e0,1e-9,1e-8,zero
near_full_wedge,carrier_on_surface_2,0e0,1e-9,1e-8,zero
near_full_wedge,dihedral_arm,1e0,1e-9,1e-8,positive
near_full_wedge,dihedral_wedge,1e0,1e-9,1e-8,positive
near_full_wedge,carrier_on_surface_1,0e0,1e-9,1e-8,zero
near_full_wedge,carrier_on_surface_2,0e0,1e-9,1e-8,zero
near_full_wedge,dihedral_arm,1e0,1e-9,1e-8,positive
near_full_wedge,dihedral_wedge,1e0,1e-9,1e-8,positive
near_full_wedge,carrier_on_surface_1,0e0,1e-9,1e-8,zero
near_full_wedge,carrier_on_surface_2,1.1102230246251565e-16,1e-9,1e-8,zero
near_full_wedge,dihedral_arm,1e0,1e-9,1e-8,positive
near_full_wedge,dihedral_wedge,1e0,1e-9,1e-8,positive
near_full_wedge,carrier_on_surface_1,0e0,1e-9,1e-8,zero
near_full_wedge,carrier_on_surface_2,-5.551115123125783e-17,1e-9,1e-8,zero
near_full_wedge,dihedral_arm,1e0,1e-9,1e-8,positive
near_full_wedge,dihedral_wedge,1e0,1e-9,1e-8,positive
near_full_wedge,carrier_on_surface_1,0e0,1e-9,1e-8,zero
near_full_wedge,carrier_on_surface_2,0e0,1e-9,1e-8,zero
near_full_wedge,witness_on_surface_1,0e0,1e-9,1e-8,zero
near_full_wedge,witness_on_surface_2,0e0,1e-9,1e-8,zero
near_full_wedge,witness_at_mid_parameter,0e0,1e-9,1e-8,zero
near_full_wedge,dihedral_arm,1e0,1e-9,1e-8,positive
near_full_wedge,dihedral_wedge,1e0,1e-9,1e-8,positive
near_full_wedge,interval_span_forward,6.2731853071795864e0,1e-9,1e-8,positive
near_full_wedge,interval_span_winding,9.999999999999787e-3,1e-9,1e-8,positive
near_full_wedge,carrier_endpoint_start,0e0,1e-9,1e-8,zero
near_full_wedge,carrier_endpoint_end,0e0,1e-9,1e-8,zero
near_full_wedge,carrier_on_surface_1,0e0,1e-9,1e-8,zero
near_full_wedge,carrier_on_surface_2,0e0,1e-9,1e-8,zero
near_full_wedge,carrier_on_surface_1,0e0,1e-9,1e-8,zero
near_full_wedge,carrier_on_surface_2,0e0,1e-9,1e-8,zero
near_full_wedge,dihedral_arm,1e0,1e-9,1e-8,positive
near_full_wedge,dihedral_wedge,1e0,1e-9,1e-8,positive
near_full_wedge,carrier_on_surface_1,0e0,1e-9,1e-8,zero
near_full_wedge,carrier_on_surface_2,0e0,1e-9,1e-8,zero
near_full_wedge,dihedral_arm,1e0,1e-9,1e-8,positive
near_full_wedge,dihedral_wedge,1e0,1e-9,1e-8,positive
near_full_wedge,carrier_on_surface_1,0e0,1e-9,1e-8,zero
near_full_wedge,carrier_on_surface_2,0e0,1e-9,1e-8,zero
near_full_wedge,dihedral_arm,1e0,1e-9,1e-8,positive
near_full_wedge,dihedral_wedge,1e0,1e-9,1e-8,positive
near_full_wedge,carrier_on_surface_1,0e0,1e-9,1e-8,zero
near_full_wedge,carrier_on_surface_2,0e0,1e-9,1e-8,zero
near_full_wedge,dihedral_arm,1e0,1e-9,1e-8,positive
near_full_wedge,dihedral_wedge,1e0,1e-9,1e-8,positive
near_full_wedge,carrier_on_surface_1,0e0,1e-9,1e-8,zero
near_full_wedge,carrier_on_surface_2,0e0,1e-9,1e-8,zero
near_full_wedge,dihedral_arm,1e0,1e-9,1e-8,positive
near_full_wedge,dihedral_wedge,1e0,1e-9,1e-8,positive
near_full_wedge,carrier_on_surface_1,1.1102230246251565e-16,1e-9,1e-8,zero
near_full_wedge,carrier_on_surface_2,0e0,1e-9,1e-8,zero
near_full_wedge,dihedral_arm,1e0,1e-9,1e-8,positive
near_full_wedge,dihedral_wedge,1e0,1e-9,1e-8,positive
near_full_wedge,carrier_on_surface_1,-5.551115123125783e-17,1e-9,1e-8,zero
near_full_wedge,carrier_on_surface_2,0e0,1e-9,1e-8,zero
near_full_wedge,dihedral_arm,1e0,1e-9,1e-8,positive
near_full_wedge,dihedral_wedge,1e0,1e-9,1e-8,positive
near_full_wedge,carrier_on_surface_1,0e0,1e-9,1e-8,zero
near_full_wedge,carrier_on_surface_2,0e0,1e-9,1e-8,zero
near_full_wedge,witness_on_surface_1,0e0,1e-9,1e-8,zero
near_full_wedge,witness_on_surface_2,0e0,1e-9,1e-8,zero
near_full_wedge,witness_at_mid_parameter,0e0,1e-9,1e-8,zero
near_full_wedge,dihedral_arm,2e0,1e-9,1e-8,positive
near_full_wedge,dihedral_wedge,2e0,1e-9,1e-8,positive
near_full_wedge,interval_span_forward,1.2546370614359173e1,1e-9,1e-8,positive
near_full_wedge,interval_span_winding,1.9999999999999574e-2,1e-9,1e-8,positive
near_full_wedge,carrier_endpoint_start,0e0,1e-9,1e-8,zero
near_full_wedge,carrier_endpoint_end,0e0,1e-9,1e-8,zero
near_full_wedge,carrier_on_surface_1,0e0,1e-9,1e-8,zero
near_full_wedge,carrier_on_surface_2,0e0,1e-9,1e-8,zero
near_full_wedge,carrier_on_surface_1,0e0,1e-9,1e-8,zero
near_full_wedge,carrier_on_surface_2,0e0,1e-9,1e-8,zero
near_full_wedge,dihedral_arm,2e0,1e-9,1e-8,positive
near_full_wedge,dihedral_wedge,2e0,1e-9,1e-8,positive
near_full_wedge,carrier_on_surface_1,0e0,1e-9,1e-8,zero
near_full_wedge,carrier_on_surface_2,0e0,1e-9,1e-8,zero
near_full_wedge,dihedral_arm,2e0,1e-9,1e-8,positive
near_full_wedge,dihedral_wedge,2e0,1e-9,1e-8,positive
near_full_wedge,carrier_on_surface_1,0e0,1e-9,1e-8,zero
near_full_wedge,carrier_on_surface_2,0e0,1e-9,1e-8,zero
near_full_wedge,dihedral_arm,2e0,1e-9,1e-8,positive
near_full_wedge,dihedral_wedge,2e0,1e-9,1e-8,positive
near_full_wedge,carrier_on_surface_1,0e0,1e-9,1e-8,zero
near_full_wedge,carrier_on_surface_2,0e0,1e-9,1e-8,zero
near_full_wedge,dihedral_arm,2e0,1e-9,1e-8,positive
near_full_wedge,dihedral_wedge,2e0,1e-9,1e-8,positive
near_full_wedge,carrier_on_surface_1,0e0,1e-9,1e-8,zero
near_full_wedge,carrier_on_surface_2,0e0,1e-9,1e-8,zero
near_full_wedge,dihedral_arm,2e0,1e-9,1e-8,positive
near_full_wedge,dihedral_wedge,2e0,1e-9,1e-8,positive
near_full_wedge,carrier_on_surface_1,0e0,1e-9,1e-8,zero
near_full_wedge,carrier_on_surface_2,2.220446049250313e-16,1e-9,1e-8,zero
near_full_wedge,dihedral_arm,2e0,1e-9,1e-8,positive
near_full_wedge,dihedral_wedge,2e0,1e-9,1e-8,positive
near_full_wedge,carrier_on_surface_1,0e0,1e-9,1e-8,zero
near_full_wedge,carrier_on_surface_2,-1.1102230246251565e-16,1e-9,1e-8,zero
near_full_wedge,dihedral_arm,2e0,1e-9,1e-8,positive
near_full_wedge,dihedral_wedge,2e0,1e-9,1e-8,positive
near_full_wedge,carrier_on_surface_1,0e0,1e-9,1e-8,zero
near_full_wedge,carrier_on_surface_2,0e0,1e-9,1e-8,zero
near_full_wedge,witness_on_surface_1,0e0,1e-9,1e-8,zero
near_full_wedge,witness_on_surface_2,0e0,1e-9,1e-8,zero
near_full_wedge,witness_at_mid_parameter,0e0,1e-9,1e-8,zero
near_full_wedge,dihedral_arm,2e0,1e-9,1e-8,positive
near_full_wedge,dihedral_wedge,2e0,1e-9,1e-8,positive
near_full_wedge,interval_span_forward,1.2546370614359173e1,1e-9,1e-8,positive
near_full_wedge,interval_span_winding,1.9999999999999574e-2,1e-9,1e-8,positive
near_full_wedge,carrier_endpoint_start,0e0,1e-9,1e-8,zero
near_full_wedge,carrier_endpoint_end,0e0,1e-9,1e-8,zero
near_full_wedge,carrier_on_surface_1,0e0,1e-9,1e-8,zero
near_full_wedge,carrier_on_surface_2,0e0,1e-9,1e-8,zero
near_full_wedge,carrier_on_surface_1,0e0,1e-9,1e-8,zero
near_full_wedge,carrier_on_surface_2,0e0,1e-9,1e-8,zero
near_full_wedge,dihedral_arm,2e0,1e-9,1e-8,positive
near_full_wedge,dihedral_wedge,2e0,1e-9,1e-8,positive
near_full_wedge,carrier_on_surface_1,0e0,1e-9,1e-8,zero
near_full_wedge,carrier_on_surface_2,0e0,1e-9,1e-8,zero
near_full_wedge,dihedral_arm,2e0,1e-9,1e-8,positive
near_full_wedge,dihedral_wedge,2e0,1e-9,1e-8,positive
near_full_wedge,carrier_on_surface_1,0e0,1e-9,1e-8,zero
near_full_wedge,carrier_on_surface_2,0e0,1e-9,1e-8,zero
near_full_wedge,dihedral_arm,2e0,1e-9,1e-8,positive
near_full_wedge,dihedral_wedge,2e0,1e-9,1e-8,positive
near_full_wedge,carrier_on_surface_1,0e0,1e-9,1e-8,zero
near_full_wedge,carrier_on_surface_2,0e0,1e-9,1e-8,zero
near_full_wedge,dihedral_arm,2e0,1e-9,1e-8,positive
near_full_wedge,dihedral_wedge,2e0,1e-9,1e-8,positive
near_full_wedge,carrier_on_surface_1,0e0,1e-9,1e-8,zero
near_full_wedge,carrier_on_surface_2,0e0,1e-9,1e-8,zero
near_full_wedge,dihedral_arm,2e0,1e-9,1e-8,positive
near_full_wedge,dihedral_wedge,2e0,1e-9,1e-8,positive
near_full_wedge,carrier_on_surface_1,2.220446049250313e-16,1e-9,1e-8,zero
near_full_wedge,carrier_on_surface_2,0e0,1e-9,1e-8,zero
near_full_wedge,dihedral_arm,2e0,1e-9,1e-8,positive
near_full_wedge,dihedral_wedge,2e0,1e-9,1e-8,positive
near_full_wedge,carrier_on_surface_1,-1.1102230246251565e-16,1e-9,1e-8,zero
near_full_wedge,carrier_on_surface_2,0e0,1e-9,1e-8,zero
near_full_wedge,dihedral_arm,2e0,1e-9,1e-8,positive
near_full_wedge,dihedral_wedge,2e0,1e-9,1e-8,positive
near_full_wedge,carrier_on_surface_1,0e0,1e-9,1e-8,zero
near_full_wedge,carrier_on_surface_2,0e0,1e-9,1e-8,zero
near_full_wedge,witness_on_surface_1,0e0,1e-9,1e-8,zero
near_full_wedge,witness_on_surface_2,0e0,1e-9,1e-8,zero
near_full_wedge,witness_at_mid_parameter,0e0,1e-9,1e-8,zero
near_full_wedge,newell_plane_residual,0e0,1e-9,1e-8,zero
near_full_wedge,newell_plane_residual,0e0,1e-9,1e-8,zero
near_full_wedge,newell_plane_residual,-8.673617379884035e-19,1e-9,1e-8,zero
near_full_wedge,newell_plane_residual,-8.673617379884035e-19,1e-9,1e-8,zero
near_full_wedge,dihedral_arm,1e0,1e-9,1e-8,positive
near_full_wedge,dihedral_wedge,1e0,1e-9,1e-8,positive
near_full_wedge,interval_span_forward,1e0,1e-9,1e-8,positive
near_full_wedge,carrier_endpoint_start,0e0,1e-9,1e-8,zero
near_full_wedge,carrier_endpoint_end,0e0,1e-9,1e-8,zero
near_full_wedge,carrier_on_surface_1,0e0,1e-9,1e-8,zero
near_full_wedge,carrier_on_surface_2,0e0,1e-9,1e-8,zero
near_full_wedge,carrier_on_surface_1,0e0,1e-9,1e-8,zero
near_full_wedge,carrier_on_surface_2,0e0,1e-9,1e-8,zero
near_full_wedge,dihedral_arm,1e0,1e-9,1e-8,positive
near_full_wedge,dihedral_wedge,1e0,1e-9,1e-8,positive
near_full_wedge,carrier_on_surface_1,0e0,1e-9,1e-8,zero
near_full_wedge,carrier_on_surface_2,0e0,1e-9,1e-8,zero
near_full_wedge,dihedral_arm,1e0,1e-9,1e-8,positive
near_full_wedge,dihedral_wedge,1e0,1e-9,1e-8,positive
near_full_wedge,carrier_on_surface_1,0e0,1e-9,1e-8,zero
near_full_wedge,carrier_on_surface_2,0e0,1e-9,1e-8,zero
near_full_wedge,dihedral_arm,1e0,1e-9,1e-8,positive
near_full_wedge,dihedral_wedge,1e0,1e-9,1e-8,positive
near_full_wedge,carrier_on_surface_1,0e0,1e-9,1e-8,zero
near_full_wedge,carrier_on_surface_2,0e0,1e-9,1e-8,zero
near_full_wedge,dihedral_arm,1e0,1e-9,1e-8,positive
near_full_wedge,dihedral_wedge,1e0,1e-9,1e-8,positive
near_full_wedge,carrier_on_surface_1,0e0,1e-9,1e-8,zero
near_full_wedge,carrier_on_surface_2,0e0,1e-9,1e-8,zero
near_full_wedge,dihedral_arm,1e0,1e-9,1e-8,positive
near_full_wedge,dihedral_wedge,1e0,1e-9,1e-8,positive
near_full_wedge,carrier_on_surface_1,0e0,1e-9,1e-8,zero
near_full_wedge,carrier_on_surface_2,0e0,1e-9,1e-8,zero
near_full_wedge,dihedral_arm,1e0,1e-9,1e-8,positive
near_full_wedge,dihedral_wedge,1e0,1e-9,1e-8,positive
near_full_wedge,carrier_on_surface_1,0e0,1e-9,1e-8,zero
near_full_wedge,carrier_on_surface_2,0e0,1e-9,1e-8,zero
near_full_wedge,dihedral_arm,1e0,1e-9,1e-8,positive
near_full_wedge,dihedral_wedge,1e0,1e-9,1e-8,positive
near_full_wedge,carrier_on_surface_1,0e0,1e-9,1e-8,zero
near_full_wedge,carrier_on_surface_2,0e0,1e-9,1e-8,zero
near_full_wedge,witness_on_surface_1,0e0,1e-9,1e-8,zero
near_full_wedge,witness_on_surface_2,0e0,1e-9,1e-8,zero
near_full_wedge,witness_at_mid_parameter,0e0,1e-9,1e-8,zero
near_full_wedge,dihedral_arm,1e0,1e-9,1e-8,positive
near_full_wedge,dihedral_wedge,1e0,1e-9,1e-8,positive
near_full_wedge,interval_span_forward,1e0,1e-9,1e-8,positive
near_full_wedge,carrier_endpoint_start,0e0,1e-9,1e-8,zero
near_full_wedge,carrier_endpoint_end,0e0,1e-9,1e-8,zero
near_full_wedge,carrier_on_surface_1,0e0,1e-9,1e-8,zero
near_full_wedge,carrier_on_surface_2,0e0,1e-9,1e-8,zero
near_full_wedge,carrier_on_surface_1,0e0,1e-9,1e-8,zero
near_full_wedge,carrier_on_surface_2,0e0,1e-9,1e-8,zero
near_full_wedge,dihedral_arm,1e0,1e-9,1e-8,positive
near_full_wedge,dihedral_wedge,1e0,1e-9,1e-8,positive
near_full_wedge,carrier_on_surface_1,0e0,1e-9,1e-8,zero
near_full_wedge,carrier_on_surface_2,0e0,1e-9,1e-8,zero
near_full_wedge,dihedral_arm,1e0,1e-9,1e-8,positive
near_full_wedge,dihedral_wedge,1e0,1e-9,1e-8,positive
near_full_wedge,carrier_on_surface_1,0e0,1e-9,1e-8,zero
near_full_wedge,carrier_on_surface_2,0e0,1e-9,1e-8,zero
near_full_wedge,dihedral_arm,1e0,1e-9,1e-8,positive
near_full_wedge,dihedral_wedge,1e0,1e-9,1e-8,positive
near_full_wedge,carrier_on_surface_1,0e0,1e-9,1e-8,zero
near_full_wedge,carrier_on_surface_2,0e0,1e-9,1e-8,zero
near_full_wedge,dihedral_arm,1e0,1e-9,1e-8,positive
near_full_wedge,dihedral_wedge,1e0,1e-9,1e-8,positive
near_full_wedge,carrier_on_surface_1,0e0,1e-9,1e-8,zero
near_full_wedge,carrier_on_surface_2,0e0,1e-9,1e-8,zero
near_full_wedge,dihedral_arm,1e0,1e-9,1e-8,positive
near_full_wedge,dihedral_wedge,1e0,1e-9,1e-8,positive
near_full_wedge,carrier_on_surface_1,0e0,1e-9,1e-8,zero
near_full_wedge,carrier_on_surface_2,0e0,1e-9,1e-8,zero
near_full_wedge,dihedral_arm,1e0,1e-9,1e-8,positive
near_full_wedge,dihedral_wedge,1e0,1e-9,1e-8,positive
near_full_wedge,carrier_on_surface_1,0e0,1e-9,1e-8,zero
near_full_wedge,carrier_on_surface_2,0e0,1e-9,1e-8,zero
near_full_wedge,dihedral_arm,1e0,1e-9,1e-8,positive
near_full_wedge,dihedral_wedge,1e0,1e-9,1e-8,positive
near_full_wedge,carrier_on_surface_1,0e0,1e-9,1e-8,zero
near_full_wedge,carrier_on_surface_2,0e0,1e-9,1e-8,zero
near_full_wedge,witness_on_surface_1,0e0,1e-9,1e-8,zero
near_full_wedge,witness_on_surface_2,0e0,1e-9,1e-8,zero
near_full_wedge,witness_at_mid_parameter,0e0,1e-9,1e-8,zero
near_full_wedge,dihedral_arm,1e0,1e-9,1e-8,positive
near_full_wedge,dihedral_wedge,1e0,1e-9,1e-8,positive
near_full_wedge,interval_span_forward,1e0,1e-9,1e-8,positive
near_full_wedge,carrier_endpoint_start,0e0,1e-9,1e-8,zero
near_full_wedge,carrier_endpoint_end,0e0,1e-9,1e-8,zero
near_full_wedge,carrier_on_surface_1,0e0,1e-9,1e-8,zero
near_full_wedge,carrier_on_surface_2,0e0,1e-9,1e-8,zero
near_full_wedge,carrier_on_surface_1,0e0,1e-9,1e-8,zero
near_full_wedge,carrier_on_surface_2,0e0,1e-9,1e-8,zero
near_full_wedge,dihedral_arm,1e0,1e-9,1e-8,positive
near_full_wedge,dihedral_wedge,1e0,1e-9,1e-8,positive
near_full_wedge,carrier_on_surface_1,0e0,1e-9,1e-8,zero
near_full_wedge,carrier_on_surface_2,0e0,1e-9,1e-8,zero
near_full_wedge,dihedral_arm,1e0,1e-9,1e-8,positive
near_full_wedge,dihedral_wedge,1e0,1e-9,1e-8,positive
near_full_wedge,carrier_on_surface_1,0e0,1e-9,1e-8,zero
near_full_wedge,carrier_on_surface_2,0e0,1e-9,1e-8,zero
near_full_wedge,dihedral_arm,1e0,1e-9,1e-8,positive
near_full_wedge,dihedral_wedge,1e0,1e-9,1e-8,positive
near_full_wedge,carrier_on_surface_1,0e0,1e-9,1e-8,zero
near_full_wedge,carrier_on_surface_2,0e0,1e-9,1e-8,zero
near_full_wedge,dihedral_arm,1e0,1e-9,1e-8,positive
near_full_wedge,dihedral_wedge,1e0,1e-9,1e-8,positive
near_full_wedge,carrier_on_surface_1,0e0,1e-9,1e-8,zero
near_full_wedge,carrier_on_surface_2,0e0,1e-9,1e-8,zero
near_full_wedge,dihedral_arm,1e0,1e-9,1e-8,positive
near_full_wedge,dihedral_wedge,1e0,1e-9,1e-8,positive
near_full_wedge,carrier_on_surface_1,0e0,1e-9,1e-8,zero
near_full_wedge,carrier_on_surface_2,0e0,1e-9,1e-8,zero
near_full_wedge,dihedral_arm,1e0,1e-9,1e-8,positive
near_full_wedge,dihedral_wedge,1e0,1e-9,1e-8,positive
near_full_wedge,carrier_on_surface_1,0e0,1e-9,1e-8,zero
near_full_wedge,carrier_on_surface_2,0e0,1e-9,1e-8,zero
near_full_wedge,dihedral_arm,1e0,1e-9,1e-8,positive
near_full_wedge,dihedral_wedge,1e0,1e-9,1e-8,positive
near_full_wedge,carrier_on_surface_1,0e0,1e-9,1e-8,zero
near_full_wedge,carrier_on_surface_2,0e0,1e-9,1e-8,zero
near_full_wedge,witness_on_surface_1,0e0,1e-9,1e-8,zero
near_full_wedge,witness_on_surface_2,0e0,1e-9,1e-8,zero
near_full_wedge,witness_at_mid_parameter,0e0,1e-9,1e-8,zero
near_full_wedge,dihedral_arm,1e0,1e-9,1e-8,positive
near_full_wedge,dihedral_wedge,1e0,1e-9,1e-8,positive
near_full_wedge,interval_span_forward,1e0,1e-9,1e-8,positive
near_full_wedge,carrier_endpoint_start,0e0,1e-9,1e-8,zero
near_full_wedge,carrier_endpoint_end,0e0,1e-9,1e-8,zero
near_full_wedge,carrier_on_surface_1,0e0,1e-9,1e-8,zero
near_full_wedge,carrier_on_surface_2,0e0,1e-9,1e-8,zero
near_full_wedge,carrier_on_surface_1,8.673617379884035e-19,1e-9,1e-8,zero
near_full_wedge,carrier_on_surface_2,0e0,1e-9,1e-8,zero
near_full_wedge,dihedral_arm,1e0,1e-9,1e-8,positive
near_full_wedge,dihedral_wedge,1e0,1e-9,1e-8,positive
near_full_wedge,carrier_on_surface_1,0e0,1e-9,1e-8,zero
near_full_wedge,carrier_on_surface_2,0e0,1e-9,1e-8,zero
near_full_wedge,dihedral_arm,1e0,1e-9,1e-8,positive
near_full_wedge,dihedral_wedge,1e0,1e-9,1e-8,positive
near_full_wedge,carrier_on_surface_1,8.673617379884035e-19,1e-9,1e-8,zero
near_full_wedge,carrier_on_surface_2,0e0,1e-9,1e-8,zero
near_full_wedge,dihedral_arm,1e0,1e-9,1e-8,positive
near_full_wedge,dihedral_wedge,1e0,1e-9,1e-8,positive
near_full_wedge,carrier_on_surface_1,0e0,1e-9,1e-8,zero
near_full_wedge,carrier_on_surface_2,0e0,1e-9,1e-8,zero
near_full_wedge,dihedral_arm,1e0,1e-9,1e-8,positive
near_full_wedge,dihedral_wedge,1e0,1e-9,1e-8,positive
near_full_wedge,carrier_on_surface_1,4.336808689942018e-19,1e-9,1e-8,zero
near_full_wedge,carrier_on_surface_2,0e0,1e-9,1e-8,zero
near_full_wedge,dihedral_arm,1e0,1e-9,1e-8,positive
near_full_wedge,dihedral_wedge,1e0,1e-9,1e-8,positive
near_full_wedge,carrier_on_surface_1,-4.336808689942018e-19,1e-9,1e-8,zero
near_full_wedge,carrier_on_surface_2,0e0,1e-9,1e-8,zero
near_full_wedge,dihedral_arm,1e0,1e-9,1e-8,positive
near_full_wedge,dihedral_wedge,1e0,1e-9,1e-8,positive
near_full_wedge,carrier_on_surface_1,-8.673617379884035e-19,1e-9,1e-8,zero
near_full_wedge,carrier_on_surface_2,0e0,1e-9,1e-8,zero
near_full_wedge,dihedral_arm,1e0,1e-9,1e-8,positive
near_full_wedge,dihedral_wedge,1e0,1e-9,1e-8,positive
near_full_wedge,carrier_on_surface_1,-8.673617379884035e-19,1e-9,1e-8,zero
near_full_wedge,carrier_on_surface_2,0e0,1e-9,1e-8,zero
near_full_wedge,witness_on_surface_1,0e0,1e-9,1e-8,zero
near_full_wedge,witness_on_surface_2,0e0,1e-9,1e-8,zero
near_full_wedge,witness_at_mid_parameter,0e0,1e-9,1e-8,zero
near_full_wedge,dihedral_arm,1e0,1e-9,1e-8,positive
near_full_wedge,dihedral_wedge,1e0,1e-9,1e-8,positive
near_full_wedge,interval_span_forward,1e0,1e-9,1e-8,positive
near_full_wedge,carrier_endpoint_start,0e0,1e-9,1e-8,zero
near_full_wedge,carrier_endpoint_end,0e0,1e-9,1e-8,zero
near_full_wedge,carrier_on_surface_1,0e0,1e-9,1e-8,zero
near_full_wedge,carrier_on_surface_2,0e0,1e-9,1e-8,zero
near_full_wedge,carrier_on_surface_1,0e0,1e-9,1e-8,zero
near_full_wedge,carrier_on_surface_2,0e0,1e-9,1e-8,zero
near_full_wedge,dihedral_arm,1e0,1e-9,1e-8,positive
near_full_wedge,dihedral_wedge,1e0,1e-9,1e-8,positive
near_full_wedge,carrier_on_surface_1,0e0,1e-9,1e-8,zero
near_full_wedge,carrier_on_surface_2,0e0,1e-9,1e-8,zero
near_full_wedge,dihedral_arm,1e0,1e-9,1e-8,positive
near_full_wedge,dihedral_wedge,1e0,1e-9,1e-8,positive
near_full_wedge,carrier_on_surface_1,0e0,1e-9,1e-8,zero
near_full_wedge,carrier_on_surface_2,0e0,1e-9,1e-8,zero
near_full_wedge,dihedral_arm,1e0,1e-9,1e-8,positive
near_full_wedge,dihedral_wedge,1e0,1e-9,1e-8,positive
near_full_wedge,carrier_on_surface_1,0e0,1e-9,1e-8,zero
near_full_wedge,carrier_on_surface_2,0e0,1e-9,1e-8,zero
near_full_wedge,dihedral_arm,1e0,1e-9,1e-8,positive
near_full_wedge,dihedral_wedge,1e0,1e-9,1e-8,positive
near_full_wedge,carrier_on_surface_1,0e0,1e-9,1e-8,zero
near_full_wedge,carrier_on_surface_2,0e0,1e-9,1e-8,zero
near_full_wedge,dihedral_arm,1e0,1e-9,1e-8,positive
near_full_wedge,dihedral_wedge,1e0,1e-9,1e-8,positive
near_full_wedge,carrier_on_surface_1,0e0,1e-9,1e-8,zero
near_full_wedge,carrier_on_surface_2,0e0,1e-9,1e-8,zero
near_full_wedge,dihedral_arm,1e0,1e-9,1e-8,positive
near_full_wedge,dihedral_wedge,1e0,1e-9,1e-8,positive
near_full_wedge,carrier_on_surface_1,0e0,1e-9,1e-8,zero
near_full_wedge,carrier_on_surface_2,0e0,1e-9,1e-8,zero
near_full_wedge,dihedral_arm,1e0,1e-9,1e-8,positive
near_full_wedge,dihedral_wedge,1e0,1e-9,1e-8,positive
near_full_wedge,carrier_on_surface_1,0e0,1e-9,1e-8,zero
near_full_wedge,carrier_on_surface_2,0e0,1e-9,1e-8,zero
near_full_wedge,witness_on_surface_1,0e0,1e-9,1e-8,zero
near_full_wedge,witness_on_surface_2,0e0,1e-9,1e-8,zero
near_full_wedge,witness_at_mid_parameter,0e0,1e-9,1e-8,zero
near_full_wedge,dihedral_arm,1e0,1e-9,1e-8,positive
near_full_wedge,dihedral_wedge,1e0,1e-9,1e-8,positive
near_full_wedge,interval_span_forward,1e0,1e-9,1e-8,positive
near_full_wedge,carrier_endpoint_start,0e0,1e-9,1e-8,zero
near_full_wedge,carrier_endpoint_end,0e0,1e-9,1e-8,zero
near_full_wedge,carrier_on_surface_1,-8.673617379884035e-19,1e-9,1e-8,zero
near_full_wedge,carrier_on_surface_2,0e0,1e-9,1e-8,zero
near_full_wedge,carrier_on_surface_1,-8.673617379884035e-19,1e-9,1e-8,zero
near_full_wedge,carrier_on_surface_2,0e0,1e-9,1e-8,zero
near_full_wedge,dihedral_arm,1e0,1e-9,1e-8,positive
near_full_wedge,dihedral_wedge,1e0,1e-9,1e-8,positive
near_full_wedge,carrier_on_surface_1,-8.673617379884035e-19,1e-9,1e-8,zero
near_full_wedge,carrier_on_surface_2,0e0,1e-9,1e-8,zero
near_full_wedge,dihedral_arm,1e0,1e-9,1e-8,positive
near_full_wedge,dihedral_wedge,1e0,1e-9,1e-8,positive
near_full_wedge,carrier_on_surface_1,-8.673617379884035e-19,1e-9,1e-8,zero
near_full_wedge,carrier_on_surface_2,0e0,1e-9,1e-8,zero
near_full_wedge,dihedral_arm,1e0,1e-9,1e-8,positive
near_full_wedge,dihedral_wedge,1e0,1e-9,1e-8,positive
near_full_wedge,carrier_on_surface_1,-8.673617379884035e-19,1e-9,1e-8,zero
near_full_wedge,carrier_on_surface_2,0e0,1e-9,1e-8,zero
near_full_wedge,dihedral_arm,1e0,1e-9,1e-8,positive
near_full_wedge,dihedral_wedge,1e0,1e-9,1e-8,positive
near_full_wedge,carrier_on_surface_1,-8.673617379884035e-19,1e-9,1e-8,zero
near_full_wedge,carrier_on_surface_2,0e0,1e-9,1e-8,zero
near_full_wedge,dihedral_arm,1e0,1e-9,1e-8,positive
near_full_wedge,dihedral_wedge,1e0,1e-9,1e-8,positive
near_full_wedge,carrier_on_surface_1,-8.673617379884035e-19,1e-9,1e-8,zero
near_full_wedge,carrier_on_surface_2,0e0,1e-9,1e-8,zero
near_full_wedge,dihedral_arm,1e0,1e-9,1e-8,positive
near_full_wedge,dihedral_wedge,1e0,1e-9,1e-8,positive
near_full_wedge,carrier_on_surface_1,-8.673617379884035e-19,1e-9,1e-8,zero
near_full_wedge,carrier_on_surface_2,0e0,1e-9,1e-8,zero
near_full_wedge,dihedral_arm,1e0,1e-9,1e-8,positive
near_full_wedge,dihedral_wedge,1e0,1e-9,1e-8,positive
near_full_wedge,carrier_on_surface_1,-8.673617379884035e-19,1e-9,1e-8,zero
near_full_wedge,carrier_on_surface_2,0e0,1e-9,1e-8,zero
near_full_wedge,witness_on_surface_1,-8.673617379884035e-19,1e-9,1e-8,zero
near_full_wedge,witness_on_surface_2,0e0,1e-9,1e-8,zero
near_full_wedge,witness_at_mid_parameter,0e0,1e-9,1e-8,zero
near_full_wedge,dihedral_arm,1e0,1e-9,1e-8,positive
near_full_wedge,dihedral_wedge,1e0,1e-9,1e-8,positive
near_full_wedge,interval_span_forward,1e0,1e-9,1e-8,positive
near_full_wedge,carrier_endpoint_start,0e0,1e-9,1e-8,zero
near_full_wedge,carrier_endpoint_end,0e0,1e-9,1e-8,zero
near_full_wedge,carrier_on_surface_1,0e0,1e-9,1e-8,zero
near_full_wedge,carrier_on_surface_2,0e0,1e-9,1e-8,zero
near_full_wedge,carrier_on_surface_1,0e0,1e-9,1e-8,zero
near_full_wedge,carrier_on_surface_2,0e0,1e-9,1e-8,zero
near_full_wedge,dihedral_arm,1e0,1e-9,1e-8,positive
near_full_wedge,dihedral_wedge,1e0,1e-9,1e-8,positive
near_full_wedge,carrier_on_surface_1,0e0,1e-9,1e-8,zero
near_full_wedge,carrier_on_surface_2,0e0,1e-9,1e-8,zero
near_full_wedge,dihedral_arm,1e0,1e-9,1e-8,positive
near_full_wedge,dihedral_wedge,1e0,1e-9,1e-8,positive
near_full_wedge,carrier_on_surface_1,0e0,1e-9,1e-8,zero
near_full_wedge,carrier_on_surface_2,0e0,1e-9,1e-8,zero
near_full_wedge,dihedral_arm,1e0,1e-9,1e-8,positive
near_full_wedge,dihedral_wedge,1e0,1e-9,1e-8,positive
near_full_wedge,carrier_on_surface_1,0e0,1e-9,1e-8,zero
near_full_wedge,carrier_on_surface_2,0e0,1e-9,1e-8,zero
near_full_wedge,dihedral_arm,1e0,1e-9,1e-8,positive
near_full_wedge,dihedral_wedge,1e0,1e-9,1e-8,positive
near_full_wedge,carrier_on_surface_1,0e0,1e-9,1e-8,zero
near_full_wedge,carrier_on_surface_2,0e0,1e-9,1e-8,zero
near_full_wedge,dihedral_arm,1e0,1e-9,1e-8,positive
near_full_wedge,dihedral_wedge,1e0,1e-9,1e-8,positive
near_full_wedge,carrier_on_surface_1,0e0,1e-9,1e-8,zero
near_full_wedge,carrier_on_surface_2,0e0,1e-9,1e-8,zero
near_full_wedge,dihedral_arm,1e0,1e-9,1e-8,positive
near_full_wedge,dihedral_wedge,1e0,1e-9,1e-8,positive
near_full_wedge,carrier_on_surface_1,0e0,1e-9,1e-8,zero
near_full_wedge,carrier_on_surface_2,0e0,1e-9,1e-8,zero
near_full_wedge,dihedral_arm,1e0,1e-9,1e-8,positive
near_full_wedge,dihedral_wedge,1e0,1e-9,1e-8,positive
near_full_wedge,carrier_on_surface_1,0e0,1e-9,1e-8,zero
near_full_wedge,carrier_on_surface_2,0e0,1e-9,1e-8,zero
near_full_wedge,witness_on_surface_1,0e0,1e-9,1e-8,zero
near_full_wedge,witness_on_surface_2,0e0,1e-9,1e-8,zero
near_full_wedge,witness_at_mid_parameter,0e0,1e-9,1e-8,zero
near_full_wedge,dihedral_arm,1e0,1e-9,1e-8,positive
near_full_wedge,dihedral_wedge,1e0,1e-9,1e-8,positive
near_full_wedge,interval_span_forward,1e0,1e-9,1e-8,positive
near_full_wedge,carrier_endpoint_start,0e0,1e-9,1e-8,zero
near_full_wedge,carrier_endpoint_end,0e0,1e-9,1e-8,zero
near_full_wedge,carrier_on_surface_1,-8.673617379884035e-19,1e-9,1e-8,zero
near_full_wedge,carrier_on_surface_2,0e0,1e-9,1e-8,zero
near_full_wedge,carrier_on_surface_1,4.336808689942018e-19,1e-9,1e-8,zero
near_full_wedge,carrier_on_surface_2,0e0,1e-9,1e-8,zero
near_full_wedge,dihedral_arm,1e0,1e-9,1e-8,positive
near_full_wedge,dihedral_wedge,1e0,1e-9,1e-8,positive
near_full_wedge,carrier_on_surface_1,-4.336808689942018e-19,1e-9,1e-8,zero
near_full_wedge,carrier_on_surface_2,0e0,1e-9,1e-8,zero
near_full_wedge,dihedral_arm,1e0,1e-9,1e-8,positive
near_full_wedge,dihedral_wedge,1e0,1e-9,1e-8,positive
near_full_wedge,carrier_on_surface_1,4.336808689942018e-19,1e-9,1e-8,zero
near_full_wedge,carrier_on_surface_2,0e0,1e-9,1e-8,zero
near_full_wedge,dihedral_arm,1e0,1e-9,1e-8,positive
near_full_wedge,dihedral_wedge,1e0,1e-9,1e-8,positive
near_full_wedge,carrier_on_surface_1,0e0,1e-9,1e-8,zero
near_full_wedge,carrier_on_surface_2,0e0,1e-9,1e-8,zero
near_full_wedge,dihedral_arm,1e0,1e-9,1e-8,positive
near_full_wedge,dihedral_wedge,1e0,1e-9,1e-8,positive
near_full_wedge,carrier_on_surface_1,8.673617379884035e-19,1e-9,1e-8,zero
near_full_wedge,carrier_on_surface_2,0e0,1e-9,1e-8,zero
near_full_wedge,dihedral_arm,1e0,1e-9,1e-8,positive
near_full_wedge,dihedral_wedge,1e0,1e-9,1e-8,positive
near_full_wedge,carrier_on_surface_1,0e0,1e-9,1e-8,zero
near_full_wedge,carrier_on_surface_2,0e0,1e-9,1e-8,zero
near_full_wedge,dihedral_arm,1e0,1e-9,1e-8,positive
near_full_wedge,dihedral_wedge,1e0,1e-9,1e-8,positive
near_full_wedge,carrier_on_surface_1,8.673617379884035e-19,1e-9,1e-8,zero
near_full_wedge,carrier_on_surface_2,0e0,1e-9,1e-8,zero
near_full_wedge,dihedral_arm,1e0,1e-9,1e-8,positive
near_full_wedge,dihedral_wedge,1e0,1e-9,1e-8,positive
near_full_wedge,carrier_on_surface_1,0e0,1e-9,1e-8,zero
near_full_wedge,carrier_on_surface_2,0e0,1e-9,1e-8,zero
near_full_wedge,witness_on_surface_1,0e0,1e-9,1e-8,zero
near_full_wedge,witness_on_surface_2,0e0,1e-9,1e-8,zero
near_full_wedge,witness_at_mid_parameter,0e0,1e-9,1e-8,zero
near_full_wedge,interval_span_forward,1e0,1e-9,1e-8,positive
near_full_wedge,carrier_endpoint_start,0e0,1e-9,1e-8,zero
near_full_wedge,carrier_endpoint_end,0e0,1e-9,1e-8,zero
near_full_wedge,carrier_on_surface_1,0e0,1e-9,1e-8,zero
near_full_wedge,carrier_on_surface_2,0e0,1e-9,1e-8,zero
near_full_wedge,carrier_on_surface_1,0e0,1e-9,1e-8,zero
near_full_wedge,carrier_on_surface_2,0e0,1e-9,1e-8,zero
near_full_wedge,dihedral_arm,1e0,1e-9,1e-8,positive
near_full_wedge,dihedral_wedge,1e0,1e-9,1e-8,positive
near_full_wedge,carrier_on_surface_1,0e0,1e-9,1e-8,zero
near_full_wedge,carrier_on_surface_2,0e0,1e-9,1e-8,zero
near_full_wedge,dihedral_arm,1e0,1e-9,1e-8,positive
near_full_wedge,dihedral_wedge,1e0,1e-9,1e-8,positive
near_full_wedge,carrier_on_surface_1,0e0,1e-9,1e-8,zero
near_full_wedge,carrier_on_surface_2,0e0,1e-9,1e-8,zero
near_full_wedge,dihedral_arm,1e0,1e-9,1e-8,positive
near_full_wedge,dihedral_wedge,1e0,1e-9,1e-8,positive
near_full_wedge,carrier_on_surface_1,0e0,1e-9,1e-8,zero
near_full_wedge,carrier_on_surface_2,0e0,1e-9,1e-8,zero
near_full_wedge,dihedral_arm,1e0,1e-9,1e-8,positive
near_full_wedge,dihedral_wedge,1e0,1e-9,1e-8,positive
near_full_wedge,carrier_on_surface_1,0e0,1e-9,1e-8,zero
near_full_wedge,carrier_on_surface_2,0e0,1e-9,1e-8,zero
near_full_wedge,dihedral_arm,1e0,1e-9,1e-8,positive
near_full_wedge,dihedral_wedge,1e0,1e-9,1e-8,positive
near_full_wedge,carrier_on_surface_1,0e0,1e-9,1e-8,zero
near_full_wedge,carrier_on_surface_2,0e0,1e-9,1e-8,zero
near_full_wedge,dihedral_arm,1e0,1e-9,1e-8,positive
near_full_wedge,dihedral_wedge,1e0,1e-9,1e-8,positive
near_full_wedge,carrier_on_surface_1,0e0,1e-9,1e-8,zero
near_full_wedge,carrier_on_surface_2,0e0,1e-9,1e-8,zero
near_full_wedge,dihedral_arm,1e0,1e-9,1e-8,positive
near_full_wedge,dihedral_wedge,1e0,1e-9,1e-8,positive
near_full_wedge,carrier_on_surface_1,0e0,1e-9,1e-8,zero
near_full_wedge,carrier_on_surface_2,0e0,1e-9,1e-8,zero
near_full_wedge,witness_on_surface_1,0e0,1e-9,1e-8,zero
near_full_wedge,witness_on_surface_2,0e0,1e-9,1e-8,zero
near_full_wedge,witness_at_mid_parameter,0e0,1e-9,1e-8,zero
near_full_wedge,interval_span_forward,1e0,1e-9,1e-8,positive
near_full_wedge,carrier_endpoint_start,0e0,1e-9,1e-8,zero
near_full_wedge,carrier_endpoint_end,0e0,1e-9,1e-8,zero
near_full_wedge,carrier_on_surface_1,0e0,1e-9,1e-8,zero
near_full_wedge,carrier_on_surface_2,0e0,1e-9,1e-8,zero
near_full_wedge,carrier_on_surface_1,0e0,1e-9,1e-8,zero
near_full_wedge,carrier_on_surface_2,0e0,1e-9,1e-8,zero
near_full_wedge,dihedral_arm,1e0,1e-9,1e-8,positive
near_full_wedge,dihedral_wedge,1e0,1e-9,1e-8,positive
near_full_wedge,carrier_on_surface_1,0e0,1e-9,1e-8,zero
near_full_wedge,carrier_on_surface_2,0e0,1e-9,1e-8,zero
near_full_wedge,dihedral_arm,1e0,1e-9,1e-8,positive
near_full_wedge,dihedral_wedge,1e0,1e-9,1e-8,positive
near_full_wedge,carrier_on_surface_1,0e0,1e-9,1e-8,zero
near_full_wedge,carrier_on_surface_2,0e0,1e-9,1e-8,zero
near_full_wedge,dihedral_arm,1e0,1e-9,1e-8,positive
near_full_wedge,dihedral_wedge,1e0,1e-9,1e-8,positive
near_full_wedge,carrier_on_surface_1,0e0,1e-9,1e-8,zero
near_full_wedge,carrier_on_surface_2,0e0,1e-9,1e-8,zero
near_full_wedge,dihedral_arm,1e0,1e-9,1e-8,positive
near_full_wedge,dihedral_wedge,1e0,1e-9,1e-8,positive
near_full_wedge,carrier_on_surface_1,0e0,1e-9,1e-8,zero
near_full_wedge,carrier_on_surface_2,0e0,1e-9,1e-8,zero
near_full_wedge,dihedral_arm,1e0,1e-9,1e-8,positive
near_full_wedge,dihedral_wedge,1e0,1e-9,1e-8,positive
near_full_wedge,carrier_on_surface_1,0e0,1e-9,1e-8,zero
near_full_wedge,carrier_on_surface_2,0e0,1e-9,1e-8,zero
near_full_wedge,dihedral_arm,1e0,1e-9,1e-8,positive
near_full_wedge,dihedral_wedge,1e0,1e-9,1e-8,positive
near_full_wedge,carrier_on_surface_1,0e0,1e-9,1e-8,zero
near_full_wedge,carrier_on_surface_2,0e0,1e-9,1e-8,zero
near_full_wedge,dihedral_arm,1e0,1e-9,1e-8,positive
near_full_wedge,dihedral_wedge,1e0,1e-9,1e-8,positive
near_full_wedge,carrier_on_surface_1,0e0,1e-9,1e-8,zero
near_full_wedge,carrier_on_surface_2,0e0,1e-9,1e-8,zero
near_full_wedge,witness_on_surface_1,0e0,1e-9,1e-8,zero
near_full_wedge,witness_on_surface_2,0e0,1e-9,1e-8,zero
near_full_wedge,witness_at_mid_parameter,0e0,1e-9,1e-8,zero
near_full_wedge,interval_span_forward,1e0,1e-9,1e-8,positive
near_full_wedge,carrier_endpoint_start,0e0,1e-9,1e-8,zero
near_full_wedge,carrier_endpoint_end,0e0,1e-9,1e-8,zero
near_full_wedge,carrier_on_surface_1,0e0,1e-9,1e-8,zero
near_full_wedge,carrier_on_surface_2,0e0,1e-9,1e-8,zero
near_full_wedge,carrier_on_surface_1,0e0,1e-9,1e-8,zero
near_full_wedge,carrier_on_surface_2,0e0,1e-9,1e-8,zero
near_full_wedge,dihedral_arm,1e0,1e-9,1e-8,positive
near_full_wedge,dihedral_wedge,1e0,1e-9,1e-8,positive
near_full_wedge,carrier_on_surface_1,0e0,1e-9,1e-8,zero
near_full_wedge,carrier_on_surface_2,0e0,1e-9,1e-8,zero
near_full_wedge,dihedral_arm,1e0,1e-9,1e-8,positive
near_full_wedge,dihedral_wedge,1e0,1e-9,1e-8,positive
near_full_wedge,carrier_on_surface_1,0e0,1e-9,1e-8,zero
near_full_wedge,carrier_on_surface_2,0e0,1e-9,1e-8,zero
near_full_wedge,dihedral_arm,1e0,1e-9,1e-8,positive
near_full_wedge,dihedral_wedge,1e0,1e-9,1e-8,positive
near_full_wedge,carrier_on_surface_1,0e0,1e-9,1e-8,zero
near_full_wedge,carrier_on_surface_2,0e0,1e-9,1e-8,zero
near_full_wedge,dihedral_arm,1e0,1e-9,1e-8,positive
near_full_wedge,dihedral_wedge,1e0,1e-9,1e-8,positive
near_full_wedge,carrier_on_surface_1,0e0,1e-9,1e-8,zero
near_full_wedge,carrier_on_surface_2,0e0,1e-9,1e-8,zero
near_full_wedge,dihedral_arm,1e0,1e-9,1e-8,positive
near_full_wedge,dihedral_wedge,1e0,1e-9,1e-8,positive
near_full_wedge,carrier_on_surface_1,0e0,1e-9,1e-8,zero
near_full_wedge,carrier_on_surface_2,0e0,1e-9,1e-8,zero
near_full_wedge,dihedral_arm,1e0,1e-9,1e-8,positive
near_full_wedge,dihedral_wedge,1e0,1e-9,1e-8,positive
near_full_wedge,carrier_on_surface_1,0e0,1e-9,1e-8,zero
near_full_wedge,carrier_on_surface_2,0e0,1e-9,1e-8,zero
near_full_wedge,dihedral_arm,1e0,1e-9,1e-8,positive
near_full_wedge,dihedral_wedge,1e0,1e-9,1e-8,positive
near_full_wedge,carrier_on_surface_1,0e0,1e-9,1e-8,zero
near_full_wedge,carrier_on_surface_2,0e0,1e-9,1e-8,zero
near_full_wedge,witness_on_surface_1,0e0,1e-9,1e-8,zero
near_full_wedge,witness_on_surface_2,0e0,1e-9,1e-8,zero
near_full_wedge,witness_at_mid_parameter,0e0,1e-9,1e-8,zero
near_full_wedge,interval_span_forward,1e0,1e-9,1e-8,positive
near_full_wedge,carrier_endpoint_start,0e0,1e-9,1e-8,zero
near_full_wedge,carrier_endpoint_end,0e0,1e-9,1e-8,zero
near_full_wedge,carrier_on_surface_1,0e0,1e-9,1e-8,zero
near_full_wedge,carrier_on_surface_2,0e0,1e-9,1e-8,zero
near_full_wedge,carrier_on_surface_1,0e0,1e-9,1e-8,zero
near_full_wedge,carrier_on_surface_2,0e0,1e-9,1e-8,zero
near_full_wedge,dihedral_arm,1e0,1e-9,1e-8,positive
near_full_wedge,dihedral_wedge,1e0,1e-9,1e-8,positive
near_full_wedge,carrier_on_surface_1,0e0,1e-9,1e-8,zero
near_full_wedge,carrier_on_surface_2,0e0,1e-9,1e-8,zero
near_full_wedge,dihedral_arm,1e0,1e-9,1e-8,positive
near_full_wedge,dihedral_wedge,1e0,1e-9,1e-8,positive
near_full_wedge,carrier_on_surface_1,0e0,1e-9,1e-8,zero
near_full_wedge,carrier_on_surface_2,0e0,1e-9,1e-8,zero
near_full_wedge,dihedral_arm,1e0,1e-9,1e-8,positive
near_full_wedge,dihedral_wedge,1e0,1e-9,1e-8,positive
near_full_wedge,carrier_on_surface_1,0e0,1e-9,1e-8,zero
near_full_wedge,carrier_on_surface_2,0e0,1e-9,1e-8,zero
near_full_wedge,dihedral_arm,1e0,1e-9,1e-8,positive
near_full_wedge,dihedral_wedge,1e0,1e-9,1e-8,positive
near_full_wedge,carrier_on_surface_1,0e0,1e-9,1e-8,zero
near_full_wedge,carrier_on_surface_2,0e0,1e-9,1e-8,zero
near_full_wedge,dihedral_arm,1e0,1e-9,1e-8,positive
near_full_wedge,dihedral_wedge,1e0,1e-9,1e-8,positive
near_full_wedge,carrier_on_surface_1,0e0,1e-9,1e-8,zero
near_full_wedge,carrier_on_surface_2,0e0,1e-9,1e-8,zero
near_full_wedge,dihedral_arm,1e0,1e-9,1e-8,positive
near_full_wedge,dihedral_wedge,1e0,1e-9,1e-8,positive
near_full_wedge,carrier_on_surface_1,0e0,1e-9,1e-8,zero
near_full_wedge,carrier_on_surface_2,0e0,1e-9,1e-8,zero
near_full_wedge,dihedral_arm,1e0,1e-9,1e-8,positive
near_full_wedge,dihedral_wedge,1e0,1e-9,1e-8,positive
near_full_wedge,carrier_on_surface_1,0e0,1e-9,1e-8,zero
near_full_wedge,carrier_on_surface_2,0e0,1e-9,1e-8,zero
near_full_wedge,witness_on_surface_1,0e0,1e-9,1e-8,zero
near_full_wedge,witness_on_surface_2,0e0,1e-9,1e-8,zero
near_full_wedge,witness_at_mid_parameter,0e0,1e-9,1e-8,zero
near_full_wedge,interval_span_forward,6.2731853071795864e0,1e-9,1e-8,positive
near_full_wedge,interval_span_winding,9.999999999999787e-3,1e-9,1e-8,positive
near_full_wedge,carrier_endpoint_start,0e0,1e-9,1e-8,zero
near_full_wedge,carrier_endpoint_end,0e0,1e-9,1e-8,zero
near_full_wedge,carrier_on_surface_1,0e0,1e-9,1e-8,zero
near_full_wedge,carrier_on_surface_2,0e0,1e-9,1e-8,zero
near_full_wedge,carrier_on_surface_1,0e0,1e-9,1e-8,zero
near_full_wedge,carrier_on_surface_2,0e0,1e-9,1e-8,zero
near_full_wedge,dihedral_arm,1e0,1e-9,1e-8,positive
near_full_wedge,dihedral_wedge,1e0,1e-9,1e-8,positive
near_full_wedge,carrier_on_surface_1,0e0,1e-9,1e-8,zero
near_full_wedge,carrier_on_surface_2,0e0,1e-9,1e-8,zero
near_full_wedge,dihedral_arm,1e0,1e-9,1e-8,positive
near_full_wedge,dihedral_wedge,1e0,1e-9,1e-8,positive
near_full_wedge,carrier_on_surface_1,0e0,1e-9,1e-8,zero
near_full_wedge,carrier_on_surface_2,0e0,1e-9,1e-8,zero
near_full_wedge,dihedral_arm,1e0,1e-9,1e-8,positive
near_full_wedge,dihedral_wedge,1e0,1e-9,1e-8,positive
near_full_wedge,carrier_on_surface_1,0e0,1e-9,1e-8,zero
near_full_wedge,carrier_on_surface_2,0e0,1e-9,1e-8,zero
near_full_wedge,dihedral_arm,1e0,1e-9,1e-8,positive
near_full_wedge,dihedral_wedge,1e0,1e-9,1e-8,positive
near_full_wedge,carrier_on_surface_1,0e0,1e-9,1e-8,zero
near_full_wedge,carrier_on_surface_2,0e0,1e-9,1e-8,zero
near_full_wedge,dihedral_arm,1e0,1e-9,1e-8,positive
near_full_wedge,dihedral_wedge,1e0,1e-9,1e-8,positive
near_full_wedge,carrier_on_surface_1,0e0,1e-9,1e-8,zero
near_full_wedge,carrier_on_surface_2,1.1102230246251565e-16,1e-9,1e-8,zero
near_full_wedge,dihedral_arm,1e0,1e-9,1e-8,positive
near_full_wedge,dihedral_wedge,1e0,1e-9,1e-8,positive
near_full_wedge,carrier_on_surface_1,0e0,1e-9,1e-8,zero
near_full_wedge,carrier_on_surface_2,-5.551115123125783e-17,1e-9,1e-8,zero
near_full_wedge,dihedral_arm,1e0,1e-9,1e-8,positive
near_full_wedge,dihedral_wedge,1e0,1e-9,1e-8,positive
near_full_wedge,carrier_on_surface_1,0e0,1e-9,1e-8,zero
near_full_wedge,carrier_on_surface_2,0e0,1e-9,1e-8,zero
near_full_wedge,witness_on_surface_1,0e0,1e-9,1e-8,zero
near_full_wedge,witness_on_surface_2,0e0,1e-9,1e-8,zero
near_full_wedge,witness_at_mid_parameter,0e0,1e-9,1e-8,zero
near_full_wedge,interval_span_forward,6.2731853071795864e0,1e-9,1e-8,positive
near_full_wedge,interval_span_winding,9.999999999999787e-3,1e-9,1e-8,positive
near_full_wedge,carrier_endpoint_start,0e0,1e-9,1e-8,zero
near_full_wedge,carrier_endpoint_end,0e0,1e-9,1e-8,zero
near_full_wedge,carrier_on_surface_1,0e0,1e-9,1e-8,zero
near_full_wedge,carrier_on_surface_2,0e0,1e-9,1e-8,zero
near_full_wedge,carrier_on_surface_1,0e0,1e-9,1e-8,zero
near_full_wedge,carrier_on_surface_2,0e0,1e-9,1e-8,zero
near_full_wedge,dihedral_arm,1e0,1e-9,1e-8,positive
near_full_wedge,dihedral_wedge,1e0,1e-9,1e-8,positive
near_full_wedge,carrier_on_surface_1,0e0,1e-9,1e-8,zero
near_full_wedge,carrier_on_surface_2,0e0,1e-9,1e-8,zero
near_full_wedge,dihedral_arm,1e0,1e-9,1e-8,positive
near_full_wedge,dihedral_wedge,1e0,1e-9,1e-8,positive
near_full_wedge,carrier_on_surface_1,0e0,1e-9,1e-8,zero
near_full_wedge,carrier_on_surface_2,0e0,1e-9,1e-8,zero
near_full_wedge,dihedral_arm,1e0,1e-9,1e-8,positive
near_full_wedge,dihedral_wedge,1e0,1e-9,1e-8,positive
near_full_wedge,carrier_on_surface_1,0e0,1e-9,1e-8,zero
near_full_wedge,carrier_on_surface_2,0e0,1e-9,1e-8,zero
near_full_wedge,dihedral_arm,1e0,1e-9,1e-8,positive
near_full_wedge,dihedral_wedge,1e0,1e-9,1e-8,positive
near_full_wedge,carrier_on_surface_1,0e0,1e-9,1e-8,zero
near_full_wedge,carrier_on_surface_2,0e0,1e-9,1e-8,zero
near_full_wedge,dihedral_arm,1e0,1e-9,1e-8,positive
near_full_wedge,dihedral_wedge,1e0,1e-9,1e-8,positive
near_full_wedge,carrier_on_surface_1,1.1102230246251565e-16,1e-9,1e-8,zero
near_full_wedge,carrier_on_surface_2,0e0,1e-9,1e-8,zero
near_full_wedge,dihedral_arm,1e0,1e-9,1e-8,positive
near_full_wedge,dihedral_wedge,1e0,1e-9,1e-8,positive
near_full_wedge,carrier_on_surface_1,-5.551115123125783e-17,1e-9,1e-8,zero
near_full_wedge,carrier_on_surface_2,0e0,1e-9,1e-8,zero
near_full_wedge,dihedral_arm,1e0,1e-9,1e-8,positive
near_full_wedge,dihedral_wedge,1e0,1e-9,1e-8,positive
near_full_wedge,carrier_on_surface_1,0e0,1e-9,1e-8,zero
near_full_wedge,carrier_on_surface_2,0e0,1e-9,1e-8,zero
near_full_wedge,witness_on_surface_1,0e0,1e-9,1e-8,zero
near_full_wedge,witness_on_surface_2,0e0,1e-9,1e-8,zero
near_full_wedge,witness_at_mid_parameter,0e0,1e-9,1e-8,zero
near_full_wedge,interval_span_forward,1.2546370614359173e1,1e-9,1e-8,positive
near_full_wedge,interval_span_winding,1.9999999999999574e-2,1e-9,1e-8,positive
near_full_wedge,carrier_endpoint_start,0e0,1e-9,1e-8,zero
near_full_wedge,carrier_endpoint_end,0e0,1e-9,1e-8,zero
near_full_wedge,carrier_on_surface_1,0e0,1e-9,1e-8,zero
near_full_wedge,carrier_on_surface_2,0e0,1e-9,1e-8,zero
near_full_wedge,carrier_on_surface_1,0e0,1e-9,1e-8,zero
near_full_wedge,carrier_on_surface_2,0e0,1e-9,1e-8,zero
near_full_wedge,dihedral_arm,2e0,1e-9,1e-8,positive
near_full_wedge,dihedral_wedge,2e0,1e-9,1e-8,positive
near_full_wedge,carrier_on_surface_1,0e0,1e-9,1e-8,zero
near_full_wedge,carrier_on_surface_2,0e0,1e-9,1e-8,zero
near_full_wedge,dihedral_arm,2e0,1e-9,1e-8,positive
near_full_wedge,dihedral_wedge,2e0,1e-9,1e-8,positive
near_full_wedge,carrier_on_surface_1,0e0,1e-9,1e-8,zero
near_full_wedge,carrier_on_surface_2,0e0,1e-9,1e-8,zero
near_full_wedge,dihedral_arm,2e0,1e-9,1e-8,positive
near_full_wedge,dihedral_wedge,2e0,1e-9,1e-8,positive
near_full_wedge,carrier_on_surface_1,0e0,1e-9,1e-8,zero
near_full_wedge,carrier_on_surface_2,0e0,1e-9,1e-8,zero
near_full_wedge,dihedral_arm,2e0,1e-9,1e-8,positive
near_full_wedge,dihedral_wedge,2e0,1e-9,1e-8,positive
near_full_wedge,carrier_on_surface_1,0e0,1e-9,1e-8,zero
near_full_wedge,carrier_on_surface_2,0e0,1e-9,1e-8,zero
near_full_wedge,dihedral_arm,2e0,1e-9,1e-8,positive
near_full_wedge,dihedral_wedge,2e0,1e-9,1e-8,positive
near_full_wedge,carrier_on_surface_1,0e0,1e-9,1e-8,zero
near_full_wedge,carrier_on_surface_2,2.220446049250313e-16,1e-9,1e-8,zero
near_full_wedge,dihedral_arm,2e0,1e-9,1e-8,positive
near_full_wedge,dihedral_wedge,2e0,1e-9,1e-8,positive
near_full_wedge,carrier_on_surface_1,0e0,1e-9,1e-8,zero
near_full_wedge,carrier_on_surface_2,-1.1102230246251565e-16,1e-9,1e-8,zero
near_full_wedge,dihedral_arm,2e0,1e-9,1e-8,positive
near_full_wedge,dihedral_wedge,2e0,1e-9,1e-8,positive
near_full_wedge,carrier_on_surface_1,0e0,1e-9,1e-8,zero
near_full_wedge,carrier_on_surface_2,0e0,1e-9,1e-8,zero
near_full_wedge,witness_on_surface_1,0e0,1e-9,1e-8,zero
near_full_wedge,witness_on_surface_2,0e0,1e-9,1e-8,zero
near_full_wedge,witness_at_mid_parameter,0e0,1e-9,1e-8,zero
near_full_wedge,interval_span_forward,1.2546370614359173e1,1e-9,1e-8,positive
near_full_wedge,interval_span_winding,1.9999999999999574e-2,1e-9,1e-8,positive
near_full_wedge,carrier_endpoint_start,0e0,1e-9,1e-8,zero
near_full_wedge,carrier_endpoint_end,0e0,1e-9,1e-8,zero
near_full_wedge,carrier_on_surface_1,0e0,1e-9,1e-8,zero
near_full_wedge,carrier_on_surface_2,0e0,1e-9,1e-8,zero
near_full_wedge,carrier_on_surface_1,0e0,1e-9,1e-8,zero
near_full_wedge,carrier_on_surface_2,0e0,1e-9,1e-8,zero
near_full_wedge,dihedral_arm,2e0,1e-9,1e-8,positive
near_full_wedge,dihedral_wedge,2e0,1e-9,1e-8,positive
near_full_wedge,carrier_on_surface_1,0e0,1e-9,1e-8,zero
near_full_wedge,carrier_on_surface_2,0e0,1e-9,1e-8,zero
near_full_wedge,dihedral_arm,2e0,1e-9,1e-8,positive
near_full_wedge,dihedral_wedge,2e0,1e-9,1e-8,positive
near_full_wedge,carrier_on_surface_1,0e0,1e-9,1e-8,zero
near_full_wedge,carrier_on_surface_2,0e0,1e-9,1e-8,zero
near_full_wedge,dihedral_arm,2e0,1e-9,1e-8,positive
near_full_wedge,dihedral_wedge,2e0,1e-9,1e-8,positive
near_full_wedge,carrier_on_surface_1,0e0,1e-9,1e-8,zero
near_full_wedge,carrier_on_surface_2,0e0,1e-9,1e-8,zero
near_full_wedge,dihedral_arm,2e0,1e-9,1e-8,positive
near_full_wedge,dihedral_wedge,2e0,1e-9,1e-8,positive
near_full_wedge,carrier_on_surface_1,0e0,1e-9,1e-8,zero
near_full_wedge,carrier_on_surface_2,0e0,1e-9,1e-8,zero
near_full_wedge,dihedral_arm,2e0,1e-9,1e-8,positive
near_full_wedge,dihedral_wedge,2e0,1e-9,1e-8,positive
near_full_wedge,carrier_on_surface_1,2.220446049250313e-16,1e-9,1e-8,zero
near_full_wedge,carrier_on_surface_2,0e0,1e-9,1e-8,zero
near_full_wedge,dihedral_arm,2e0,1e-9,1e-8,positive
near_full_wedge,dihedral_wedge,2e0,1e-9,1e-8,positive
near_full_wedge,carrier_on_surface_1,-1.1102230246251565e-16,1e-9,1e-8,zero
near_full_wedge,carrier_on_surface_2,0e0,1e-9,1e-8,zero
near_full_wedge,dihedral_arm,2e0,1e-9,1e-8,positive
near_full_wedge,dihedral_wedge,2e0,1e-9,1e-8,positive
near_full_wedge,carrier_on_surface_1,0e0,1e-9,1e-8,zero
near_full_wedge,carrier_on_surface_2,0e0,1e-9,1e-8,zero
near_full_wedge,witness_on_surface_1,0e0,1e-9,1e-8,zero
near_full_wedge,witness_on_surface_2,0e0,1e-9,1e-8,zero
near_full_wedge,witness_at_mid_parameter,0e0,1e-9,1e-8,zero
near_full_wedge,interval_span_forward,1e0,1e-9,1e-8,positive
near_full_wedge,carrier_endpoint_start,0e0,1e-9,1e-8,zero
near_full_wedge,carrier_endpoint_end,0e0,1e-9,1e-8,zero
near_full_wedge,carrier_on_surface_1,0e0,1e-9,1e-8,zero
near_full_wedge,carrier_on_surface_2,0e0,1e-9,1e-8,zero
near_full_wedge,carrier_on_surface_1,0e0,1e-9,1e-8,zero
near_full_wedge,carrier_on_surface_2,0e0,1e-9,1e-8,zero
near_full_wedge,dihedral_arm,1e0,1e-9,1e-8,positive
near_full_wedge,dihedral_wedge,1e0,1e-9,1e-8,positive
near_full_wedge,carrier_on_surface_1,0e0,1e-9,1e-8,zero
near_full_wedge,carrier_on_surface_2,0e0,1e-9,1e-8,zero
near_full_wedge,dihedral_arm,1e0,1e-9,1e-8,positive
near_full_wedge,dihedral_wedge,1e0,1e-9,1e-8,positive
near_full_wedge,carrier_on_surface_1,0e0,1e-9,1e-8,zero
near_full_wedge,carrier_on_surface_2,0e0,1e-9,1e-8,zero
near_full_wedge,dihedral_arm,1e0,1e-9,1e-8,positive
near_full_wedge,dihedral_wedge,1e0,1e-9,1e-8,positive
near_full_wedge,carrier_on_surface_1,0e0,1e-9,1e-8,zero
near_full_wedge,carrier_on_surface_2,0e0,1e-9,1e-8,zero
near_full_wedge,dihedral_arm,1e0,1e-9,1e-8,positive
near_full_wedge,dihedral_wedge,1e0,1e-9,1e-8,positive
near_full_wedge,carrier_on_surface_1,0e0,1e-9,1e-8,zero
near_full_wedge,carrier_on_surface_2,0e0,1e-9,1e-8,zero
near_full_wedge,dihedral_arm,1e0,1e-9,1e-8,positive
near_full_wedge,dihedral_wedge,1e0,1e-9,1e-8,positive
near_full_wedge,carrier_on_surface_1,0e0,1e-9,1e-8,zero
near_full_wedge,carrier_on_surface_2,0e0,1e-9,1e-8,zero
near_full_wedge,dihedral_arm,1e0,1e-9,1e-8,positive
near_full_wedge,dihedral_wedge,1e0,1e-9,1e-8,positive
near_full_wedge,carrier_on_surface_1,0e0,1e-9,1e-8,zero
near_full_wedge,carrier_on_surface_2,0e0,1e-9,1e-8,zero
near_full_wedge,dihedral_arm,1e0,1e-9,1e-8,positive
near_full_wedge,dihedral_wedge,1e0,1e-9,1e-8,positive
near_full_wedge,carrier_on_surface_1,0e0,1e-9,1e-8,zero
near_full_wedge,carrier_on_surface_2,0e0,1e-9,1e-8,zero
near_full_wedge,witness_on_surface_1,0e0,1e-9,1e-8,zero
near_full_wedge,witness_on_surface_2,0e0,1e-9,1e-8,zero
near_full_wedge,witness_at_mid_parameter,0e0,1e-9,1e-8,zero
near_full_wedge,interval_span_forward,1e0,1e-9,1e-8,positive
near_full_wedge,carrier_endpoint_start,0e0,1e-9,1e-8,zero
near_full_wedge,carrier_endpoint_end,0e0,1e-9,1e-8,zero
near_full_wedge,carrier_on_surface_1,0e0,1e-9,1e-8,zero
near_full_wedge,carrier_on_surface_2,0e0,1e-9,1e-8,zero
near_full_wedge,carrier_on_surface_1,8.673617379884035e-19,1e-9,1e-8,zero
near_full_wedge,carrier_on_surface_2,0e0,1e-9,1e-8,zero
near_full_wedge,dihedral_arm,1e0,1e-9,1e-8,positive
near_full_wedge,dihedral_wedge,1e0,1e-9,1e-8,positive
near_full_wedge,carrier_on_surface_1,0e0,1e-9,1e-8,zero
near_full_wedge,carrier_on_surface_2,0e0,1e-9,1e-8,zero
near_full_wedge,dihedral_arm,1e0,1e-9,1e-8,positive
near_full_wedge,dihedral_wedge,1e0,1e-9,1e-8,positive
near_full_wedge,carrier_on_surface_1,8.673617379884035e-19,1e-9,1e-8,zero
near_full_wedge,carrier_on_surface_2,0e0,1e-9,1e-8,zero
near_full_wedge,dihedral_arm,1e0,1e-9,1e-8,positive
near_full_wedge,dihedral_wedge,1e0,1e-9,1e-8,positive
near_full_wedge,carrier_on_surface_1,0e0,1e-9,1e-8,zero
near_full_wedge,carrier_on_surface_2,0e0,1e-9,1e-8,zero
near_full_wedge,dihedral_arm,1e0,1e-9,1e-8,positive
near_full_wedge,dihedral_wedge,1e0,1e-9,1e-8,positive
near_full_wedge,carrier_on_surface_1,4.336808689942018e-19,1e-9,1e-8,zero
near_full_wedge,carrier_on_surface_2,0e0,1e-9,1e-8,zero
near_full_wedge,dihedral_arm,1e0,1e-9,1e-8,positive
near_full_wedge,dihedral_wedge,1e0,1e-9,1e-8,positive
near_full_wedge,carrier_on_surface_1,-4.336808689942018e-19,1e-9,1e-8,zero
near_full_wedge,carrier_on_surface_2,0e0,1e-9,1e-8,zero
near_full_wedge,dihedral_arm,1e0,1e-9,1e-8,positive
near_full_wedge,dihedral_wedge,1e0,1e-9,1e-8,positive
near_full_wedge,carrier_on_surface_1,-8.673617379884035e-19,1e-9,1e-8,zero
near_full_wedge,carrier_on_surface_2,0e0,1e-9,1e-8,zero
near_full_wedge,dihedral_arm,1e0,1e-9,1e-8,positive
near_full_wedge,dihedral_wedge,1e0,1e-9,1e-8,positive
near_full_wedge,carrier_on_surface_1,-8.673617379884035e-19,1e-9,1e-8,zero
near_full_wedge,carrier_on_surface_2,0e0,1e-9,1e-8,zero
near_full_wedge,witness_on_surface_1,0e0,1e-9,1e-8,zero
near_full_wedge,witness_on_surface_2,0e0,1e-9,1e-8,zero
near_full_wedge,witness_at_mid_parameter,0e0,1e-9,1e-8,zero
near_full_wedge,interval_span_forward,1e0,1e-9,1e-8,positive
near_full_wedge,carrier_endpoint_start,0e0,1e-9,1e-8,zero
near_full_wedge,carrier_endpoint_end,0e0,1e-9,1e-8,zero
near_full_wedge,carrier_on_surface_1,-8.673617379884035e-19,1e-9,1e-8,zero
near_full_wedge,carrier_on_surface_2,0e0,1e-9,1e-8,zero
near_full_wedge,carrier_on_surface_1,-8.673617379884035e-19,1e-9,1e-8,zero
near_full_wedge,carrier_on_surface_2,0e0,1e-9,1e-8,zero
near_full_wedge,dihedral_arm,1e0,1e-9,1e-8,positive
near_full_wedge,dihedral_wedge,1e0,1e-9,1e-8,positive
near_full_wedge,carrier_on_surface_1,-8.673617379884035e-19,1e-9,1e-8,zero
near_full_wedge,carrier_on_surface_2,0e0,1e-9,1e-8,zero
near_full_wedge,dihedral_arm,1e0,1e-9,1e-8,positive
near_full_wedge,dihedral_wedge,1e0,1e-9,1e-8,positive
near_full_wedge,carrier_on_surface_1,-8.673617379884035e-19,1e-9,1e-8,zero
near_full_wedge,carrier_on_surface_2,0e0,1e-9,1e-8,zero
near_full_wedge,dihedral_arm,1e0,1e-9,1e-8,positive
near_full_wedge,dihedral_wedge,1e0,1e-9,1e-8,positive
near_full_wedge,carrier_on_surface_1,-8.673617379884035e-19,1e-9,1e-8,zero
near_full_wedge,carrier_on_surface_2,0e0,1e-9,1e-8,zero
near_full_wedge,dihedral_arm,1e0,1e-9,1e-8,positive
near_full_wedge,dihedral_wedge,1e0,1e-9,1e-8,positive
near_full_wedge,carrier_on_surface_1,-8.673617379884035e-19,1e-9,1e-8,zero
near_full_wedge,carrier_on_surface_2,0e0,1e-9,1e-8,zero
near_full_wedge,dihedral_arm,1e0,1e-9,1e-8,positive
near_full_wedge,dihedral_wedge,1e0,1e-9,1e-8,positive
near_full_wedge,carrier_on_surface_1,-8.673617379884035e-19,1e-9,1e-8,zero
near_full_wedge,carrier_on_surface_2,0e0,1e-9,1e-8,zero
near_full_wedge,dihedral_arm,1e0,1e-9,1e-8,positive
near_full_wedge,dihedral_wedge,1e0,1e-9,1e-8,positive
near_full_wedge,carrier_on_surface_1,-8.673617379884035e-19,1e-9,1e-8,zero
near_full_wedge,carrier_on_surface_2,0e0,1e-9,1e-8,zero
near_full_wedge,dihedral_arm,1e0,1e-9,1e-8,positive
near_full_wedge,dihedral_wedge,1e0,1e-9,1e-8,positive
near_full_wedge,carrier_on_surface_1,-8.673617379884035e-19,1e-9,1e-8,zero
near_full_wedge,carrier_on_surface_2,0e0,1e-9,1e-8,zero
near_full_wedge,witness_on_surface_1,-8.673617379884035e-19,1e-9,1e-8,zero
near_full_wedge,witness_on_surface_2,0e0,1e-9,1e-8,zero
near_full_wedge,witness_at_mid_parameter,0e0,1e-9,1e-8,zero
near_full_wedge,interval_span_forward,1e0,1e-9,1e-8,positive
near_full_wedge,carrier_endpoint_start,0e0,1e-9,1e-8,zero
near_full_wedge,carrier_endpoint_end,0e0,1e-9,1e-8,zero
near_full_wedge,carrier_on_surface_1,-8.673617379884035e-19,1e-9,1e-8,zero
near_full_wedge,carrier_on_surface_2,0e0,1e-9,1e-8,zero
near_full_wedge,carrier_on_surface_1,4.336808689942018e-19,1e-9,1e-8,zero
near_full_wedge,carrier_on_surface_2,0e0,1e-9,1e-8,zero
near_full_wedge,dihedral_arm,1e0,1e-9,1e-8,positive
near_full_wedge,dihedral_wedge,1e0,1e-9,1e-8,positive
near_full_wedge,carrier_on_surface_1,-4.336808689942018e-19,1e-9,1e-8,zero
near_full_wedge,carrier_on_surface_2,0e0,1e-9,1e-8,zero
near_full_wedge,dihedral_arm,1e0,1e-9,1e-8,positive
near_full_wedge,dihedral_wedge,1e0,1e-9,1e-8,positive
near_full_wedge,carrier_on_surface_1,4.336808689942018e-19,1e-9,1e-8,zero
near_full_wedge,carrier_on_surface_2,0e0,1e-9,1e-8,zero
near_full_wedge,dihedral_arm,1e0,1e-9,1e-8,positive
near_full_wedge,dihedral_wedge,1e0,1e-9,1e-8,positive
near_full_wedge,carrier_on_surface_1,0e0,1e-9,1e-8,zero
near_full_wedge,carrier_on_surface_2,0e0,1e-9,1e-8,zero
near_full_wedge,dihedral_arm,1e0,1e-9,1e-8,positive
near_full_wedge,dihedral_wedge,1e0,1e-9,1e-8,positive
near_full_wedge,carrier_on_surface_1,8.673617379884035e-19,1e-9,1e-8,zero
near_full_wedge,carrier_on_surface_2,0e0,1e-9,1e-8,zero
near_full_wedge,dihedral_arm,1e0,1e-9,1e-8,positive
near_full_wedge,dihedral_wedge,1e0,1e-9,1e-8,positive
near_full_wedge,carrier_on_surface_1,0e0,1e-9,1e-8,zero
near_full_wedge,carrier_on_surface_2,0e0,1e-9,1e-8,zero
near_full_wedge,dihedral_arm,1e0,1e-9,1e-8,positive
near_full_wedge,dihedral_wedge,1e0,1e-9,1e-8,positive
near_full_wedge,carrier_on_surface_1,8.673617379884035e-19,1e-9,1e-8,zero
near_full_wedge,carrier_on_surface_2,0e0,1e-9,1e-8,zero
near_full_wedge,dihedral_arm,1e0,1e-9,1e-8,positive
near_full_wedge,dihedral_wedge,1e0,1e-9,1e-8,positive
near_full_wedge,carrier_on_surface_1,0e0,1e-9,1e-8,zero
near_full_wedge,carrier_on_surface_2,0e0,1e-9,1e-8,zero
near_full_wedge,witness_on_surface_1,0e0,1e-9,1e-8,zero
near_full_wedge,witness_on_surface_2,0e0,1e-9,1e-8,zero
near_full_wedge,witness_at_mid_parameter,0e0,1e-9,1e-8,zero
near_full_wedge,planar_face_residual,-8.673617379884035e-19,1e-9,1e-8,zero
near_full_wedge,planar_face_residual,0e0,1e-9,1e-8,zero
near_full_wedge,planar_face_residual,0e0,1e-9,1e-8,zero
near_full_wedge,planar_face_residual,-8.673617379884035e-19,1e-9,1e-8,zero
near_full_wedge,planar_face_residual,0e0,1e-9,1e-8,zero
near_full_wedge,planar_face_residual,0e0,1e-9,1e-8,zero
near_full_wedge,planar_face_residual,0e0,1e-9,1e-8,zero
near_full_wedge,planar_face_residual,0e0,1e-9,1e-8,zero
near_full_wedge,planar_face_residual,0e0,1e-9,1e-8,zero
near_full_wedge,planar_face_residual,0e0,1e-9,1e-8,zero
near_full_wedge,planar_face_residual,0e0,1e-9,1e-8,zero
near_full_wedge,planar_face_residual,0e0,1e-9,1e-8,zero
near_full_wedge,planar_face_residual,0e0,1e-9,1e-8,zero
near_full_wedge,planar_face_residual,0e0,1e-9,1e-8,zero
near_full_wedge,planar_face_residual,0e0,1e-9,1e-8,zero
near_full_wedge,planar_face_residual,0e0,1e-9,1e-8,zero
near_full_wedge,dihedral_arm,1e0,1e-9,1e-8,positive
near_full_wedge,dihedral_wedge,1e0,1e-9,1e-8,positive
near_full_wedge,dihedral_arm,1e0,1e-9,1e-8,positive
near_full_wedge,dihedral_wedge,1e0,1e-9,1e-8,positive
near_full_wedge,dihedral_arm,1e0,1e-9,1e-8,positive
near_full_wedge,dihedral_wedge,1e0,1e-9,1e-8,positive
near_full_wedge,dihedral_arm,1e0,1e-9,1e-8,positive
near_full_wedge,dihedral_wedge,1e0,1e-9,1e-8,positive
near_full_wedge,dihedral_arm,1e0,1e-9,1e-8,positive
near_full_wedge,dihedral_wedge,1e0,1e-9,1e-8,positive
near_full_wedge,dihedral_arm,1e0,1e-9,1e-8,positive
near_full_wedge,dihedral_wedge,1e0,1e-9,1e-8,positive
near_full_wedge,dihedral_arm,1e0,1e-9,1e-8,positive
near_full_wedge,dihedral_wedge,1e0,1e-9,1e-8,positive
near_full_wedge,planar_boundary_residual,0e0,1e-9,1e-8,zero
near_full_wedge,planar_boundary_residual,0e0,1e-9,1e-8,zero
near_full_wedge,planar_boundary_residual,0e0,1e-9,1e-8,zero
near_full_wedge,planar_boundary_residual,0e0,1e-9,1e-8,zero
near_full_wedge,planar_boundary_residual,0e0,1e-9,1e-8,zero
near_full_wedge,planar_boundary_residual,0e0,1e-9,1e-8,zero
near_full_wedge,planar_boundary_residual,0e0,1e-9,1e-8,zero
near_full_wedge,dihedral_arm,1e0,1e-9,1e-8,positive
near_full_wedge,dihedral_wedge,1e0,1e-9,1e-8,positive
near_full_wedge,dihedral_arm,1e0,1e-9,1e-8,positive
near_full_wedge,dihedral_wedge,1e0,1e-9,1e-8,positive
near_full_wedge,dihedral_arm,1e0,1e-9,1e-8,positive
near_full_wedge,dihedral_wedge,1e0,1e-9,1e-8,positive
near_full_wedge,dihedral_arm,1e0,1e-9,1e-8,positive
near_full_wedge,dihedral_wedge,1e0,1e-9,1e-8,positive
near_full_wedge,dihedral_arm,1e0,1e-9,1e-8,positive
near_full_wedge,dihedral_wedge,1e0,1e-9,1e-8,positive
near_full_wedge,dihedral_arm,1e0,1e-9,1e-8,positive
near_full_wedge,dihedral_wedge,1e0,1e-9,1e-8,positive
near_full_wedge,dihedral_arm,1e0,1e-9,1e-8,positive
near_full_wedge,dihedral_wedge,1e0,1e-9,1e-8,positive
near_full_wedge,planar_boundary_residual,0e0,1e-9,1e-8,zero
near_full_wedge,planar_boundary_residual,0e0,1e-9,1e-8,zero
near_full_wedge,planar_boundary_residual,0e0,1e-9,1e-8,zero
near_full_wedge,planar_boundary_residual,0e0,1e-9,1e-8,zero
near_full_wedge,planar_boundary_residual,0e0,1e-9,1e-8,zero
near_full_wedge,planar_boundary_residual,0e0,1e-9,1e-8,zero
near_full_wedge,planar_boundary_residual,0e0,1e-9,1e-8,zero
near_full_wedge,planar_boundary_residual,0e0,1e-9,1e-8,zero
near_full_wedge,planar_boundary_residual,0e0,1e-9,1e-8,zero
near_full_wedge,planar_boundary_residual,0e0,1e-9,1e-8,zero
near_full_wedge,planar_boundary_residual,0e0,1e-9,1e-8,zero
near_full_wedge,planar_boundary_residual,0e0,1e-9,1e-8,zero
near_full_wedge,planar_boundary_residual,0e0,1e-9,1e-8,zero
near_full_wedge,planar_boundary_residual,0e0,1e-9,1e-8,zero
near_full_wedge,dihedral_arm,1e0,1e-9,1e-8,positive
near_full_wedge,dihedral_wedge,1e0,1e-9,1e-8,positive
near_full_wedge,dihedral_arm,1e0,1e-9,1e-8,positive
near_full_wedge,dihedral_wedge,1e0,1e-9,1e-8,positive
near_full_wedge,dihedral_arm,1e0,1e-9,1e-8,positive
near_full_wedge,dihedral_wedge,1e0,1e-9,1e-8,positive
near_full_wedge,dihedral_arm,1e0,1e-9,1e-8,positive
near_full_wedge,dihedral_wedge,1e0,1e-9,1e-8,positive
near_full_wedge,dihedral_arm,1e0,1e-9,1e-8,positive
near_full_wedge,dihedral_wedge,1e0,1e-9,1e-8,positive
near_full_wedge,dihedral_arm,1e0,1e-9,1e-8,positive
near_full_wedge,dihedral_wedge,1e0,1e-9,1e-8,positive
near_full_wedge,dihedral_arm,1e0,1e-9,1e-8,positive
near_full_wedge,dihedral_wedge,1e0,1e-9,1e-8,positive
near_full_wedge,planar_boundary_residual,0e0,1e-9,1e-8,zero
near_full_wedge,planar_boundary_residual,0e0,1e-9,1e-8,zero
near_full_wedge,planar_boundary_residual,0e0,1e-9,1e-8,zero
near_full_wedge,planar_boundary_residual,0e0,1e-9,1e-8,zero
near_full_wedge,planar_boundary_residual,0e0,1e-9,1e-8,zero
near_full_wedge,planar_boundary_residual,0e0,1e-9,1e-8,zero
near_full_wedge,planar_boundary_residual,0e0,1e-9,1e-8,zero
near_full_wedge,dihedral_arm,1e0,1e-9,1e-8,positive
near_full_wedge,dihedral_wedge,1e0,1e-9,1e-8,positive
near_full_wedge,dihedral_arm,1e0,1e-9,1e-8,positive
near_full_wedge,dihedral_wedge,1e0,1e-9,1e-8,positive
near_full_wedge,dihedral_arm,1e0,1e-9,1e-8,positive
near_full_wedge,dihedral_wedge,1e0,1e-9,1e-8,positive
near_full_wedge,dihedral_arm,1e0,1e-9,1e-8,positive
near_full_wedge,dihedral_wedge,1e0,1e-9,1e-8,positive
near_full_wedge,dihedral_arm,1e0,1e-9,1e-8,positive
near_full_wedge,dihedral_wedge,1e0,1e-9,1e-8,positive
near_full_wedge,dihedral_arm,1e0,1e-9,1e-8,positive
near_full_wedge,dihedral_wedge,1e0,1e-9,1e-8,positive
near_full_wedge,dihedral_arm,1e0,1e-9,1e-8,positive
near_full_wedge,dihedral_wedge,1e0,1e-9,1e-8,positive
near_full_wedge,planar_boundary_residual,0e0,1e-9,1e-8,zero
near_full_wedge,planar_boundary_residual,0e0,1e-9,1e-8,zero
near_full_wedge,planar_boundary_residual,0e0,1e-9,1e-8,zero
near_full_wedge,planar_boundary_residual,0e0,1e-9,1e-8,zero
near_full_wedge,planar_boundary_residual,0e0,1e-9,1e-8,zero
near_full_wedge,planar_boundary_residual,0e0,1e-9,1e-8,zero
near_full_wedge,planar_boundary_residual,0e0,1e-9,1e-8,zero
near_full_wedge,planar_boundary_residual,0e0,1e-9,1e-8,zero
near_full_wedge,planar_boundary_residual,0e0,1e-9,1e-8,zero
near_full_wedge,planar_boundary_residual,0e0,1e-9,1e-8,zero
near_full_wedge,planar_boundary_residual,0e0,1e-9,1e-8,zero
near_full_wedge,planar_boundary_residual,0e0,1e-9,1e-8,zero
near_full_wedge,planar_boundary_residual,0e0,1e-9,1e-8,zero
near_full_wedge,planar_boundary_residual,0e0,1e-9,1e-8,zero
near_full_wedge,dihedral_arm,1e0,1e-9,1e-8,positive
near_full_wedge,dihedral_wedge,1e0,1e-9,1e-8,positive
near_full_wedge,dihedral_arm,1e0,1e-9,1e-8,positive
near_full_wedge,dihedral_wedge,1e0,1e-9,1e-8,positive
near_full_wedge,dihedral_arm,1e0,1e-9,1e-8,positive
near_full_wedge,dihedral_wedge,1e0,1e-9,1e-8,positive
near_full_wedge,dihedral_arm,1e0,1e-9,1e-8,positive
near_full_wedge,dihedral_wedge,1e0,1e-9,1e-8,positive
near_full_wedge,dihedral_arm,1e0,1e-9,1e-8,positive
near_full_wedge,dihedral_wedge,1e0,1e-9,1e-8,positive
near_full_wedge,dihedral_arm,1e0,1e-9,1e-8,positive
near_full_wedge,dihedral_wedge,1e0,1e-9,1e-8,positive
near_full_wedge,dihedral_arm,1e0,1e-9,1e-8,positive
near_full_wedge,dihedral_wedge,1e0,1e-9,1e-8,positive
near_full_wedge,planar_boundary_residual,0e0,1e-9,1e-8,zero
near_full_wedge,planar_boundary_residual,0e0,1e-9,1e-8,zero
near_full_wedge,planar_boundary_residual,0e0,1e-9,1e-8,zero
near_full_wedge,planar_boundary_residual,0e0,1e-9,1e-8,zero
near_full_wedge,planar_boundary_residual,0e0,1e-9,1e-8,zero
near_full_wedge,planar_boundary_residual,0e0,1e-9,1e-8,zero
near_full_wedge,planar_boundary_residual,0e0,1e-9,1e-8,zero
near_full_wedge,dihedral_arm,1e0,1e-9,1e-8,positive
near_full_wedge,dihedral_wedge,1e0,1e-9,1e-8,positive
near_full_wedge,dihedral_arm,1e0,1e-9,1e-8,positive
near_full_wedge,dihedral_wedge,1e0,1e-9,1e-8,positive
near_full_wedge,dihedral_arm,1e0,1e-9,1e-8,positive
near_full_wedge,dihedral_wedge,1e0,1e-9,1e-8,positive
near_full_wedge,dihedral_arm,1e0,1e-9,1e-8,positive
near_full_wedge,dihedral_wedge,1e0,1e-9,1e-8,positive
near_full_wedge,dihedral_arm,1e0,1e-9,1e-8,positive
near_full_wedge,dihedral_wedge,1e0,1e-9,1e-8,positive
near_full_wedge,dihedral_arm,1e0,1e-9,1e-8,positive
near_full_wedge,dihedral_wedge,1e0,1e-9,1e-8,positive
near_full_wedge,dihedral_arm,1e0,1e-9,1e-8,positive
near_full_wedge,dihedral_wedge,1e0,1e-9,1e-8,positive
near_full_wedge,planar_boundary_residual,0e0,1e-9,1e-8,zero
near_full_wedge,planar_boundary_residual,0e0,1e-9,1e-8,zero
near_full_wedge,planar_boundary_residual,0e0,1e-9,1e-8,zero
near_full_wedge,planar_boundary_residual,0e0,1e-9,1e-8,zero
near_full_wedge,planar_boundary_residual,0e0,1e-9,1e-8,zero
near_full_wedge,planar_boundary_residual,0e0,1e-9,1e-8,zero
near_full_wedge,planar_boundary_residual,0e0,1e-9,1e-8,zero
near_full_wedge,dihedral_arm,2e0,1e-9,1e-8,positive
near_full_wedge,dihedral_wedge,2e0,1e-9,1e-8,positive
near_full_wedge,dihedral_arm,2e0,1e-9,1e-8,positive
near_full_wedge,dihedral_wedge,2e0,1e-9,1e-8,positive
near_full_wedge,dihedral_arm,2e0,1e-9,1e-8,positive
near_full_wedge,dihedral_wedge,2e0,1e-9,1e-8,positive
near_full_wedge,dihedral_arm,2e0,1e-9,1e-8,positive
near_full_wedge,dihedral_wedge,2e0,1e-9,1e-8,positive
near_full_wedge,dihedral_arm,2e0,1e-9,1e-8,positive
near_full_wedge,dihedral_wedge,2e0,1e-9,1e-8,positive
near_full_wedge,dihedral_arm,2e0,1e-9,1e-8,positive
near_full_wedge,dihedral_wedge,2e0,1e-9,1e-8,positive
near_full_wedge,dihedral_arm,2e0,1e-9,1e-8,positive
near_full_wedge,dihedral_wedge,2e0,1e-9,1e-8,positive
near_full_wedge,planar_boundary_residual,0e0,1e-9,1e-8,zero
near_full_wedge,planar_boundary_residual,0e0,1e-9,1e-8,zero
near_full_wedge,planar_boundary_residual,0e0,1e-9,1e-8,zero
near_full_wedge,planar_boundary_residual,0e0,1e-9,1e-8,zero
near_full_wedge,planar_boundary_residual,0e0,1e-9,1e-8,zero
near_full_wedge,planar_boundary_residual,0e0,1e-9,1e-8,zero
near_full_wedge,planar_boundary_residual,0e0,1e-9,1e-8,zero
near_full_wedge,dihedral_arm,2e0,1e-9,1e-8,positive
near_full_wedge,dihedral_wedge,2e0,1e-9,1e-8,positive
near_full_wedge,dihedral_arm,2e0,1e-9,1e-8,positive
near_full_wedge,dihedral_wedge,2e0,1e-9,1e-8,positive
near_full_wedge,dihedral_arm,2e0,1e-9,1e-8,positive
near_full_wedge,dihedral_wedge,2e0,1e-9,1e-8,positive
near_full_wedge,dihedral_arm,2e0,1e-9,1e-8,positive
near_full_wedge,dihedral_wedge,2e0,1e-9,1e-8,positive
near_full_wedge,dihedral_arm,2e0,1e-9,1e-8,positive
near_full_wedge,dihedral_wedge,2e0,1e-9,1e-8,positive
near_full_wedge,dihedral_arm,2e0,1e-9,1e-8,positive
near_full_wedge,dihedral_wedge,2e0,1e-9,1e-8,positive
near_full_wedge,dihedral_arm,2e0,1e-9,1e-8,positive
near_full_wedge,dihedral_wedge,2e0,1e-9,1e-8,positive
near_full_wedge,planar_boundary_residual,0e0,1e-9,1e-8,zero
near_full_wedge,planar_boundary_residual,0e0,1e-9,1e-8,zero
near_full_wedge,planar_boundary_residual,0e0,1e-9,1e-8,zero
near_full_wedge,planar_boundary_residual,0e0,1e-9,1e-8,zero
near_full_wedge,planar_boundary_residual,0e0,1e-9,1e-8,zero
near_full_wedge,planar_boundary_residual,0e0,1e-9,1e-8,zero
near_full_wedge,planar_boundary_residual,0e0,1e-9,1e-8,zero
near_full_wedge,dihedral_arm,1e0,1e-9,1e-8,positive
near_full_wedge,dihedral_wedge,1e0,1e-9,1e-8,positive
near_full_wedge,dihedral_arm,1e0,1e-9,1e-8,positive
near_full_wedge,dihedral_wedge,1e0,1e-9,1e-8,positive
near_full_wedge,dihedral_arm,1e0,1e-9,1e-8,positive
near_full_wedge,dihedral_wedge,1e0,1e-9,1e-8,positive
near_full_wedge,dihedral_arm,1e0,1e-9,1e-8,positive
near_full_wedge,dihedral_wedge,1e0,1e-9,1e-8,positive
near_full_wedge,dihedral_arm,1e0,1e-9,1e-8,positive
near_full_wedge,dihedral_wedge,1e0,1e-9,1e-8,positive
near_full_wedge,dihedral_arm,1e0,1e-9,1e-8,positive
near_full_wedge,dihedral_wedge,1e0,1e-9,1e-8,positive
near_full_wedge,dihedral_arm,1e0,1e-9,1e-8,positive
near_full_wedge,dihedral_wedge,1e0,1e-9,1e-8,positive
near_full_wedge,planar_boundary_residual,0e0,1e-9,1e-8,zero
near_full_wedge,planar_boundary_residual,0e0,1e-9,1e-8,zero
near_full_wedge,planar_boundary_residual,0e0,1e-9,1e-8,zero
near_full_wedge,planar_boundary_residual,0e0,1e-9,1e-8,zero
near_full_wedge,planar_boundary_residual,0e0,1e-9,1e-8,zero
near_full_wedge,planar_boundary_residual,0e0,1e-9,1e-8,zero
near_full_wedge,planar_boundary_residual,0e0,1e-9,1e-8,zero
near_full_wedge,dihedral_arm,1e0,1e-9,1e-8,positive
near_full_wedge,dihedral_wedge,1e0,1e-9,1e-8,positive
near_full_wedge,dihedral_arm,1e0,1e-9,1e-8,positive
near_full_wedge,dihedral_wedge,1e0,1e-9,1e-8,positive
near_full_wedge,dihedral_arm,1e0,1e-9,1e-8,positive
near_full_wedge,dihedral_wedge,1e0,1e-9,1e-8,positive
near_full_wedge,dihedral_arm,1e0,1e-9,1e-8,positive
near_full_wedge,dihedral_wedge,1e0,1e-9,1e-8,positive
near_full_wedge,dihedral_arm,1e0,1e-9,1e-8,positive
near_full_wedge,dihedral_wedge,1e0,1e-9,1e-8,positive
near_full_wedge,dihedral_arm,1e0,1e-9,1e-8,positive
near_full_wedge,dihedral_wedge,1e0,1e-9,1e-8,positive
near_full_wedge,dihedral_arm,1e0,1e-9,1e-8,positive
near_full_wedge,dihedral_wedge,1e0,1e-9,1e-8,positive
near_full_wedge,planar_boundary_residual,8.673617379884035e-19,1e-9,1e-8,zero
near_full_wedge,planar_boundary_residual,0e0,1e-9,1e-8,zero
near_full_wedge,planar_boundary_residual,8.673617379884035e-19,1e-9,1e-8,zero
near_full_wedge,planar_boundary_residual,0e0,1e-9,1e-8,zero
near_full_wedge,planar_boundary_residual,4.336808689942018e-19,1e-9,1e-8,zero
near_full_wedge,planar_boundary_residual,-4.336808689942018e-19,1e-9,1e-8,zero
near_full_wedge,planar_boundary_residual,-8.673617379884035e-19,1e-9,1e-8,zero
near_full_wedge,planar_boundary_residual,0e0,1e-9,1e-8,zero
near_full_wedge,planar_boundary_residual,0e0,1e-9,1e-8,zero
near_full_wedge,planar_boundary_residual,0e0,1e-9,1e-8,zero
near_full_wedge,planar_boundary_residual,0e0,1e-9,1e-8,zero
near_full_wedge,planar_boundary_residual,0e0,1e-9,1e-8,zero
near_full_wedge,planar_boundary_residual,0e0,1e-9,1e-8,zero
near_full_wedge,planar_boundary_residual,0e0,1e-9,1e-8,zero
near_full_wedge,dihedral_arm,1e0,1e-9,1e-8,positive
near_full_wedge,dihedral_wedge,1e0,1e-9,1e-8,positive
near_full_wedge,dihedral_arm,1e0,1e-9,1e-8,positive
near_full_wedge,dihedral_wedge,1e0,1e-9,1e-8,positive
near_full_wedge,dihedral_arm,1e0,1e-9,1e-8,positive
near_full_wedge,dihedral_wedge,1e0,1e-9,1e-8,positive
near_full_wedge,dihedral_arm,1e0,1e-9,1e-8,positive
near_full_wedge,dihedral_wedge,1e0,1e-9,1e-8,positive
near_full_wedge,dihedral_arm,1e0,1e-9,1e-8,positive
near_full_wedge,dihedral_wedge,1e0,1e-9,1e-8,positive
near_full_wedge,dihedral_arm,1e0,1e-9,1e-8,positive
near_full_wedge,dihedral_wedge,1e0,1e-9,1e-8,positive
near_full_wedge,dihedral_arm,1e0,1e-9,1e-8,positive
near_full_wedge,dihedral_wedge,1e0,1e-9,1e-8,positive
near_full_wedge,planar_boundary_residual,-8.673617379884035e-19,1e-9,1e-8,zero
near_full_wedge,planar_boundary_residual,-8.673617379884035e-19,1e-9,1e-8,zero
near_full_wedge,planar_boundary_residual,-8.673617379884035e-19,1e-9,1e-8,zero
near_full_wedge,planar_boundary_residual,-8.673617379884035e-19,1e-9,1e-8,zero
near_full_wedge,planar_boundary_residual,-8.673617379884035e-19,1e-9,1e-8,zero
near_full_wedge,planar_boundary_residual,-8.673617379884035e-19,1e-9,1e-8,zero
near_full_wedge,planar_boundary_residual,-8.673617379884035e-19,1e-9,1e-8,zero
near_full_wedge,dihedral_arm,1e0,1e-9,1e-8,positive
near_full_wedge,dihedral_wedge,1e0,1e-9,1e-8,positive
near_full_wedge,dihedral_arm,1e0,1e-9,1e-8,positive
near_full_wedge,dihedral_wedge,1e0,1e-9,1e-8,positive
near_full_wedge,dihedral_arm,1e0,1e-9,1e-8,positive
near_full_wedge,dihedral_wedge,1e0,1e-9,1e-8,positive
near_full_wedge,dihedral_arm,1e0,1e-9,1e-8,positive
near_full_wedge,dihedral_wedge,1e0,1e-9,1e-8,positive
near_full_wedge,dihedral_arm,1e0,1e-9,1e-8,positive
near_full_wedge,dihedral_wedge,1e0,1e-9,1e-8,positive
near_full_wedge,dihedral_arm,1e0,1e-9,1e-8,positive
near_full_wedge,dihedral_wedge,1e0,1e-9,1e-8,positive
near_full_wedge,dihedral_arm,1e0,1e-9,1e-8,positive
near_full_wedge,dihedral_wedge,1e0,1e-9,1e-8,positive
near_full_wedge,planar_boundary_residual,4.336808689942018e-19,1e-9,1e-8,zero
near_full_wedge,planar_boundary_residual,-4.336808689942018e-19,1e-9,1e-8,zero
near_full_wedge,planar_boundary_residual,4.336808689942018e-19,1e-9,1e-8,zero
near_full_wedge,planar_boundary_residual,0e0,1e-9,1e-8,zero
near_full_wedge,planar_boundary_residual,8.673617379884035e-19,1e-9,1e-8,zero
near_full_wedge,planar_boundary_residual,0e0,1e-9,1e-8,zero
near_full_wedge,planar_boundary_residual,8.673617379884035e-19,1e-9,1e-8,zero
near_full_wedge,planar_boundary_residual,0e0,1e-9,1e-8,zero
near_full_wedge,planar_boundary_residual,0e0,1e-9,1e-8,zero
near_full_wedge,planar_boundary_residual,0e0,1e-9,1e-8,zero
near_full_wedge,planar_boundary_residual,0e0,1e-9,1e-8,zero
near_full_wedge,planar_boundary_residual,0e0,1e-9,1e-8,zero
near_full_wedge,planar_boundary_residual,0e0,1e-9,1e-8,zero
near_full_wedge,planar_boundary_residual,0e0,1e-9,1e-8,zero
near_full_wedge,props_meridian_axial,0e0,1e-9,1e-8,zero
near_full_wedge,props_circle_axis_class,1e0,1e-9,1e-8,positive
near_full_wedge,props_rim_fit,0e0,1e-9,1e-8,zero
near_full_wedge,props_meridian_axial,0e0,1e-9,1e-8,zero
near_full_wedge,props_circle_axis_class,1e0,1e-9,1e-8,positive
near_full_wedge,props_rim_fit,0e0,1e-9,1e-8,zero
near_full_wedge,props_du_consistent,0e0,1e-9,1e-8,zero
near_full_wedge,props_face_extent,1e0,1e-9,1e-8,positive
near_full_wedge,props_rim_side,1e0,1e-9,1e-8,positive
near_full_wedge,props_meridian_axial,0e0,1e-9,1e-8,zero
near_full_wedge,props_circle_axis_class,2e0,1e-9,1e-8,positive
near_full_wedge,props_rim_fit,0e0,1e-9,1e-8,zero
near_full_wedge,props_meridian_axial,0e0,1e-9,1e-8,zero
near_full_wedge,props_circle_axis_class,2e0,1e-9,1e-8,positive
near_full_wedge,props_rim_fit,0e0,1e-9,1e-8,zero
near_full_wedge,props_du_consistent,0e0,1e-9,1e-8,zero
near_full_wedge,props_face_extent,1e0,1e-9,1e-8,positive
near_full_wedge,props_rim_side,-1e0,1e-9,1e-8,negative
near_full_wedge,positive_volume,2.3738619568522656e-1,1e-9,1e-8,positive
near_full_wedge,props_meridian_axial,0e0,1e-9,1e-8,zero
near_full_wedge,props_circle_axis_class,1e0,1e-9,1e-8,positive
near_full_wedge,props_rim_fit,0e0,1e-9,1e-8,zero
near_full_wedge,props_meridian_axial,0e0,1e-9,1e-8,zero
near_full_wedge,props_circle_axis_class,1e0,1e-9,1e-8,positive
near_full_wedge,props_rim_fit,0e0,1e-9,1e-8,zero
near_full_wedge,props_du_consistent,0e0,1e-9,1e-8,zero
near_full_wedge,props_face_extent,1e0,1e-9,1e-8,positive
near_full_wedge,props_rim_side,1e0,1e-9,1e-8,positive
near_full_wedge,props_meridian_axial,0e0,1e-9,1e-8,zero
near_full_wedge,props_circle_axis_class,2e0,1e-9,1e-8,positive
near_full_wedge,props_rim_fit,0e0,1e-9,1e-8,zero
near_full_wedge,props_meridian_axial,0e0,1e-9,1e-8,zero
near_full_wedge,props_circle_axis_class,2e0,1e-9,1e-8,positive
near_full_wedge,props_rim_fit,0e0,1e-9,1e-8,zero
near_full_wedge,props_du_consistent,0e0,1e-9,1e-8,zero
near_full_wedge,props_face_extent,1e0,1e-9,1e-8,positive
near_full_wedge,props_rim_side,-1e0,1e-9,1e-8,negative
