    Finished `test` profile [unoptimized + debuginfo] target(s) in 0.16s
────────────
 Nextest run ID 1e4b03a5-f9ef-4783-a06b-337f69aa0280 with nextest profile: default
    Starting 9 tests across 1 binary (2103 tests skipped)
       START [         ] (1/9) sweep::all far_thin_disc_sign::a_box_less_a_far_thin_disc_is_a_valid_hollow

running 1 test
test far_thin_disc_sign::a_box_less_a_far_thin_disc_is_a_valid_hollow ... ok

test result: ok. 1 passed; 0 failed; 0 ignored; 0 measured; 2111 filtered out; finished in 0.03s

        PASS [   0.035s] (1/9) sweep::all far_thin_disc_sign::a_box_less_a_far_thin_disc_is_a_valid_hollow
       START [         ] (2/9) sweep::all far_thin_disc_sign::far_thin_discs_are_read_by_their_exact_volume

running 1 test

thread 'far_thin_disc_sign::far_thin_discs_are_read_by_their_exact_volume' (28939) panicked at crates/sweep/tests/far_thin_disc_sign.rs:99:37:
r 1e-3 × h 1e-7 at 5e3 m, upright: the shell classifies: the sign of a shell's volume is too close to call: enclosure [-2.1058326500929598e-7, 3.1057326186567406e-7] cannot be classified against the ambiguity band (1e-12, 1e-11). Recourse: thicken or remove the degenerate geometry
stack backtrace:
   0: __rustc::rust_begin_unwind
             at /rustc/2d8144b7880597b6e6d3dfd63a9a9efae3f533d3/library/std/src/panicking.rs:689:5
   1: core::panicking::panic_fmt
             at /rustc/2d8144b7880597b6e6d3dfd63a9a9efae3f533d3/library/core/src/panicking.rs:80:14
   2: all::far_thin_disc_sign::far_thin_discs_are_read_by_their_exact_volume::{closure#0}
             at ./tests/far_thin_disc_sign.rs:99:37
   3: <core::result::Result<alloc::vec::Vec<topo::props::ShellClassification<f64>>, topo::props::ShellClassifyError>>::unwrap_or_else::<all::far_thin_disc_sign::far_thin_discs_are_read_by_their_exact_volume::{closure#0}>
             at /rustc/2d8144b7880597b6e6d3dfd63a9a9efae3f533d3/library/core/src/result.rs:1622:23
   4: far_thin_discs_are_read_by_their_exact_volume
             at ./tests/far_thin_disc_sign.rs:99:18
   5: all::far_thin_disc_sign::far_thin_discs_are_read_by_their_exact_volume::{closure#0}
             at ./tests/far_thin_disc_sign.rs:65:51
   6: <all::far_thin_disc_sign::far_thin_discs_are_read_by_their_exact_volume::{closure#0} as core::ops::function::FnOnce<()>>::call_once
             at /rustc/2d8144b7880597b6e6d3dfd63a9a9efae3f533d3/library/core/src/ops/function.rs:250:5
   7: <fn() -> core::result::Result<(), alloc::string::String> as core::ops::function::FnOnce<()>>::call_once
             at /rustc/2d8144b7880597b6e6d3dfd63a9a9efae3f533d3/library/core/src/ops/function.rs:250:5
note: Some details are omitted, run with `RUST_BACKTRACE=full` for a verbose backtrace.
test far_thin_disc_sign::far_thin_discs_are_read_by_their_exact_volume ... FAILED

failures:

failures:
    far_thin_disc_sign::far_thin_discs_are_read_by_their_exact_volume

test result: FAILED. 0 passed; 1 failed; 0 ignored; 0 measured; 2111 filtered out; finished in 0.18s

        FAIL [   0.197s] (2/9) sweep::all far_thin_disc_sign::far_thin_discs_are_read_by_their_exact_volume
       START [         ] (3/9) sweep::all probe_d2_sweep::d2_disc_family

running 1 test
D2|disc|eps=1e-12
D2|disc n=4 r=1e-3 h=1e-7 dir=(0.6, 0.48, 0.64) d=1e3 a=0|upright|exact=+3.142e-13|f64=+3.142e-13|VA/esc=5000.0|tier3=Ok(())|classify=Ok(["Outer"])
D2|disc n=4 r=1e-3 h=1e-7 dir=(0.6, 0.48, 0.64) d=1e3 a=0|INVERTED|exact=-3.142e-13|f64=-3.142e-13|VA/esc=5000.0|tier3=Err([NegativeVolume { solid: SolidKey(1v1) }])|classify=Ok(["Void"])
D2|disc n=4 r=1e-3 h=1e-7 dir=(0.6, 0.48, 0.64) d=1e3 a=0.7|upright|exact=+3.142e-13|f64=+3.142e-13|VA/esc=5000.0|tier3=Ok(())|classify=Ok(["Outer"])
D2|disc n=4 r=1e-3 h=1e-7 dir=(0.6, 0.48, 0.64) d=1e3 a=0.7|INVERTED|exact=-3.142e-13|f64=-3.142e-13|VA/esc=5000.0|tier3=Err([NegativeVolume { solid: SolidKey(1v1) }])|classify=Ok(["Void"])
D2|disc n=4 r=1e-3 h=1e-7 dir=(0.6, 0.48, 0.64) d=5e3 a=0|upright|exact=+3.142e-13|f64=+3.142e-13|VA/esc=5000.0|tier3=Ok(())|classify=Err(Escalated { shell: ShellKey(1v1), source: Indeterminate 
D2|disc n=4 r=1e-3 h=1e-7 dir=(0.6, 0.48, 0.64) d=5e3 a=0|INVERTED|exact=-3.142e-13|f64=-3.142e-13|VA/esc=5000.0|tier3=Ok(())|classify=Err(Escalated { shell: ShellKey(1v1), source: Indeterminate  <-- INSIDE-OUT PASSES
D2|disc n=4 r=1e-3 h=1e-7 dir=(0.6, 0.48, 0.64) d=5e3 a=0.7|upright|exact=+3.142e-13|f64=+3.142e-13|VA/esc=5000.0|tier3=Err([VolumeUncomputable { solid: SolidKey(1v1), source: Face { face: FaceKey(3v1|classify=Err(Props { shell: ShellKey(1v1), source: Face { face: FaceK <-- VALID REFUSED
D2|disc n=4 r=1e-3 h=1e-7 dir=(0.6, 0.48, 0.64) d=5e3 a=0.7|INVERTED|exact=-3.142e-13|f64=-3.142e-13|VA/esc=5000.0|tier3=Err([VolumeUncomputable { solid: SolidKey(1v1), source: Face { face: FaceKey(3v1|classify=Err(Props { shell: ShellKey(1v1), source: Face { face: FaceK
D2|disc n=4 r=1e-3 h=1e-7 dir=(0.6, 0.48, 0.64) d=1e4 a=0|upright|exact=+3.142e-13|f64=+3.142e-13|VA/esc=5000.0|tier3=Err([VolumeUncomputable { solid: SolidKey(1v1), source: Face { face: FaceKey(3v1|classify=Err(Props { shell: ShellKey(1v1), source: Face { face: FaceK <-- VALID REFUSED
D2|disc n=4 r=1e-3 h=1e-7 dir=(0.6, 0.48, 0.64) d=1e4 a=0|INVERTED|exact=-3.142e-13|f64=-3.142e-13|VA/esc=5000.0|tier3=Err([VolumeUncomputable { solid: SolidKey(1v1), source: Face { face: FaceKey(3v1|classify=Err(Props { shell: ShellKey(1v1), source: Face { face: FaceK
D2|disc n=4 r=1e-3 h=1e-7 dir=(0.6, 0.48, 0.64) d=1e4 a=0.7|no build
D2|disc n=4 r=1e-3 h=1e-7 dir=(0.6, 0.48, 0.64) d=2e4 a=0|upright|exact=+3.142e-13|f64=+3.142e-13|VA/esc=5000.0|tier3=Err([VolumeUncomputable { solid: SolidKey(1v1), source: Face { face: FaceKey(3v1|classify=Err(Props { shell: ShellKey(1v1), source: Face { face: FaceK <-- VALID REFUSED
D2|disc n=4 r=1e-3 h=1e-7 dir=(0.6, 0.48, 0.64) d=2e4 a=0|INVERTED|exact=-3.142e-13|f64=-3.142e-13|VA/esc=5000.0|tier3=Err([VolumeUncomputable { solid: SolidKey(1v1), source: Face { face: FaceKey(3v1|classify=Err(Props { shell: ShellKey(1v1), source: Face { face: FaceK
D2|disc n=4 r=1e-3 h=1e-7 dir=(0.6, 0.48, 0.64) d=2e4 a=0.7|no build
D2|disc n=4 r=1e-3 h=1e-7 dir=(-0.6, -0.48, -0.64) d=1e3 a=0|upright|exact=+3.142e-13|f64=+3.142e-13|VA/esc=5000.0|tier3=Ok(())|classify=Ok(["Outer"])
D2|disc n=4 r=1e-3 h=1e-7 dir=(-0.6, -0.48, -0.64) d=1e3 a=0|INVERTED|exact=-3.142e-13|f64=-3.142e-13|VA/esc=5000.0|tier3=Err([NegativeVolume { solid: SolidKey(1v1) }])|classify=Ok(["Void"])
D2|disc n=4 r=1e-3 h=1e-7 dir=(-0.6, -0.48, -0.64) d=1e3 a=0.7|upright|exact=+3.142e-13|f64=+3.142e-13|VA/esc=5000.0|tier3=Ok(())|classify=Ok(["Outer"])
D2|disc n=4 r=1e-3 h=1e-7 dir=(-0.6, -0.48, -0.64) d=1e3 a=0.7|INVERTED|exact=-3.142e-13|f64=-3.142e-13|VA/esc=5000.0|tier3=Err([NegativeVolume { solid: SolidKey(1v1) }])|classify=Ok(["Void"])
D2|disc n=4 r=1e-3 h=1e-7 dir=(-0.6, -0.48, -0.64) d=5e3 a=0|upright|exact=+3.142e-13|f64=+3.142e-13|VA/esc=5000.0|tier3=Ok(())|classify=Err(Escalated { shell: ShellKey(1v1), source: Indeterminate 
D2|disc n=4 r=1e-3 h=1e-7 dir=(-0.6, -0.48, -0.64) d=5e3 a=0|INVERTED|exact=-3.142e-13|f64=-3.142e-13|VA/esc=5000.0|tier3=Ok(())|classify=Err(Escalated { shell: ShellKey(1v1), source: Indeterminate  <-- INSIDE-OUT PASSES
D2|disc n=4 r=1e-3 h=1e-7 dir=(-0.6, -0.48, -0.64) d=5e3 a=0.7|upright|exact=+3.142e-13|f64=+3.142e-13|VA/esc=5000.0|tier3=Err([VolumeUncomputable { solid: SolidKey(1v1), source: Face { face: FaceKey(3v1|classify=Err(Props { shell: ShellKey(1v1), source: Face { face: FaceK <-- VALID REFUSED
D2|disc n=4 r=1e-3 h=1e-7 dir=(-0.6, -0.48, -0.64) d=5e3 a=0.7|INVERTED|exact=-3.142e-13|f64=-3.142e-13|VA/esc=5000.0|tier3=Err([VolumeUncomputable { solid: SolidKey(1v1), source: Face { face: FaceKey(3v1|classify=Err(Props { shell: ShellKey(1v1), source: Face { face: FaceK
D2|disc n=4 r=1e-3 h=1e-7 dir=(-0.6, -0.48, -0.64) d=1e4 a=0|upright|exact=+3.142e-13|f64=+3.142e-13|VA/esc=5000.0|tier3=Err([VolumeUncomputable { solid: SolidKey(1v1), source: Face { face: FaceKey(3v1|classify=Err(Props { shell: ShellKey(1v1), source: Face { face: FaceK <-- VALID REFUSED
D2|disc n=4 r=1e-3 h=1e-7 dir=(-0.6, -0.48, -0.64) d=1e4 a=0|INVERTED|exact=-3.142e-13|f64=-3.142e-13|VA/esc=5000.0|tier3=Err([VolumeUncomputable { solid: SolidKey(1v1), source: Face { face: FaceKey(3v1|classify=Err(Props { shell: ShellKey(1v1), source: Face { face: FaceK
D2|disc n=4 r=1e-3 h=1e-7 dir=(-0.6, -0.48, -0.64) d=1e4 a=0.7|no build
D2|disc n=4 r=1e-3 h=1e-7 dir=(-0.6, -0.48, -0.64) d=2e4 a=0|upright|exact=+3.142e-13|f64=+3.142e-13|VA/esc=5000.0|tier3=Err([VolumeUncomputable { solid: SolidKey(1v1), source: Face { face: FaceKey(3v1|classify=Err(Props { shell: ShellKey(1v1), source: Face { face: FaceK <-- VALID REFUSED
D2|disc n=4 r=1e-3 h=1e-7 dir=(-0.6, -0.48, -0.64) d=2e4 a=0|INVERTED|exact=-3.142e-13|f64=-3.142e-13|VA/esc=5000.0|tier3=Err([VolumeUncomputable { solid: SolidKey(1v1), source: Face { face: FaceKey(3v1|classify=Err(Props { shell: ShellKey(1v1), source: Face { face: FaceK
D2|disc n=4 r=1e-3 h=1e-7 dir=(-0.6, -0.48, -0.64) d=2e4 a=0.7|no build
D2|disc n=4 r=1e-3 h=1e-7 dir=(0.0, 0.0, 1.0) d=1e3 a=0|upright|exact=+3.142e-13|f64=+3.142e-13|VA/esc=5000.0|tier3=Ok(())|classify=Ok(["Outer"])
D2|disc n=4 r=1e-3 h=1e-7 dir=(0.0, 0.0, 1.0) d=1e3 a=0|INVERTED|exact=-3.142e-13|f64=-3.142e-13|VA/esc=5000.0|tier3=Err([NegativeVolume { solid: SolidKey(1v1) }])|classify=Ok(["Void"])
D2|disc n=4 r=1e-3 h=1e-7 dir=(0.0, 0.0, 1.0) d=1e3 a=0.7|upright|exact=+3.142e-13|f64=+3.142e-13|VA/esc=5000.0|tier3=Ok(())|classify=Ok(["Outer"])
D2|disc n=4 r=1e-3 h=1e-7 dir=(0.0, 0.0, 1.0) d=1e3 a=0.7|INVERTED|exact=-3.142e-13|f64=-3.142e-13|VA/esc=5000.0|tier3=Err([NegativeVolume { solid: SolidKey(1v1) }])|classify=Ok(["Void"])
D2|disc n=4 r=1e-3 h=1e-7 dir=(0.0, 0.0, 1.0) d=5e3 a=0|upright|exact=+3.142e-13|f64=+3.142e-13|VA/esc=5000.0|tier3=Ok(())|classify=Ok(["Outer"])
D2|disc n=4 r=1e-3 h=1e-7 dir=(0.0, 0.0, 1.0) d=5e3 a=0|INVERTED|exact=-3.142e-13|f64=-3.142e-13|VA/esc=5000.0|tier3=Err([NegativeVolume { solid: SolidKey(1v1) }])|classify=Ok(["Void"])
D2|disc n=4 r=1e-3 h=1e-7 dir=(0.0, 0.0, 1.0) d=5e3 a=0.7|upright|exact=+3.142e-13|f64=+3.142e-13|VA/esc=5000.0|tier3=Err([VolumeUncomputable { solid: SolidKey(1v1), source: Face { face: FaceKey(3v1|classify=Err(Props { shell: ShellKey(1v1), source: Face { face: FaceK <-- VALID REFUSED
D2|disc n=4 r=1e-3 h=1e-7 dir=(0.0, 0.0, 1.0) d=5e3 a=0.7|INVERTED|exact=-3.142e-13|f64=-3.142e-13|VA/esc=5000.0|tier3=Err([VolumeUncomputable { solid: SolidKey(1v1), source: Face { face: FaceKey(3v1|classify=Err(Props { shell: ShellKey(1v1), source: Face { face: FaceK
D2|disc n=4 r=1e-3 h=1e-7 dir=(0.0, 0.0, 1.0) d=1e4 a=0|upright|exact=+3.142e-13|f64=+3.142e-13|VA/esc=5000.0|tier3=Err([VolumeUncomputable { solid: SolidKey(1v1), source: Face { face: FaceKey(3v1|classify=Err(Props { shell: ShellKey(1v1), source: Face { face: FaceK <-- VALID REFUSED
D2|disc n=4 r=1e-3 h=1e-7 dir=(0.0, 0.0, 1.0) d=1e4 a=0|INVERTED|exact=-3.142e-13|f64=-3.142e-13|VA/esc=5000.0|tier3=Err([VolumeUncomputable { solid: SolidKey(1v1), source: Face { face: FaceKey(3v1|classify=Err(Props { shell: ShellKey(1v1), source: Face { face: FaceK
D2|disc n=4 r=1e-3 h=1e-7 dir=(0.0, 0.0, 1.0) d=1e4 a=0.7|no build
D2|disc n=4 r=1e-3 h=1e-7 dir=(0.0, 0.0, 1.0) d=2e4 a=0|upright|exact=+3.142e-13|f64=+3.142e-13|VA/esc=5000.0|tier3=Err([VolumeUncomputable { solid: SolidKey(1v1), source: Face { face: FaceKey(3v1|classify=Err(Props { shell: ShellKey(1v1), source: Face { face: FaceK <-- VALID REFUSED
D2|disc n=4 r=1e-3 h=1e-7 dir=(0.0, 0.0, 1.0) d=2e4 a=0|INVERTED|exact=-3.142e-13|f64=-3.142e-13|VA/esc=5000.0|tier3=Err([VolumeUncomputable { solid: SolidKey(1v1), source: Face { face: FaceKey(3v1|classify=Err(Props { shell: ShellKey(1v1), source: Face { face: FaceK
D2|disc n=4 r=1e-3 h=1e-7 dir=(0.0, 0.0, 1.0) d=2e4 a=0.7|no build
D2|disc n=4 r=1e-3 h=1e-6 dir=(0.6, 0.48, 0.64) d=1e3 a=0|upright|exact=+3.142e-12|f64=+3.142e-12|VA/esc=50000.0|tier3=Ok(())|classify=Ok(["Outer"])
D2|disc n=4 r=1e-3 h=1e-6 dir=(0.6, 0.48, 0.64) d=1e3 a=0|INVERTED|exact=-3.142e-12|f64=-3.142e-12|VA/esc=50000.0|tier3=Err([NegativeVolume { solid: SolidKey(1v1) }])|classify=Ok(["Void"])
D2|disc n=4 r=1e-3 h=1e-6 dir=(0.6, 0.48, 0.64) d=1e3 a=0.7|upright|exact=+3.142e-12|f64=+3.142e-12|VA/esc=50000.0|tier3=Ok(())|classify=Ok(["Outer"])
D2|disc n=4 r=1e-3 h=1e-6 dir=(0.6, 0.48, 0.64) d=1e3 a=0.7|INVERTED|exact=-3.142e-12|f64=-3.142e-12|VA/esc=50000.0|tier3=Err([NegativeVolume { solid: SolidKey(1v1) }])|classify=Ok(["Void"])
D2|disc n=4 r=1e-3 h=1e-6 dir=(0.6, 0.48, 0.64) d=5e3 a=0|upright|exact=+3.142e-12|f64=+3.142e-12|VA/esc=50000.0|tier3=Ok(())|classify=Ok(["Outer"])
D2|disc n=4 r=1e-3 h=1e-6 dir=(0.6, 0.48, 0.64) d=5e3 a=0|INVERTED|exact=-3.142e-12|f64=-3.142e-12|VA/esc=50000.0|tier3=Err([NegativeVolume { solid: SolidKey(1v1) }])|classify=Ok(["Void"])
D2|disc n=4 r=1e-3 h=1e-6 dir=(0.6, 0.48, 0.64) d=5e3 a=0.7|upright|exact=+3.142e-12|f64=+3.142e-12|VA/esc=50000.0|tier3=Err([VolumeUncomputable { solid: SolidKey(1v1), source: Face { face: FaceKey(3v1|classify=Err(Props { shell: ShellKey(1v1), source: Face { face: FaceK <-- VALID REFUSED
D2|disc n=4 r=1e-3 h=1e-6 dir=(0.6, 0.48, 0.64) d=5e3 a=0.7|INVERTED|exact=-3.142e-12|f64=-3.142e-12|VA/esc=50000.0|tier3=Err([VolumeUncomputable { solid: SolidKey(1v1), source: Face { face: FaceKey(3v1|classify=Err(Props { shell: ShellKey(1v1), source: Face { face: FaceK
D2|disc n=4 r=1e-3 h=1e-6 dir=(0.6, 0.48, 0.64) d=1e4 a=0|upright|exact=+3.142e-12|f64=+3.142e-12|VA/esc=50000.0|tier3=Err([VolumeUncomputable { solid: SolidKey(1v1), source: Face { face: FaceKey(3v1|classify=Err(Props { shell: ShellKey(1v1), source: Face { face: FaceK <-- VALID REFUSED
D2|disc n=4 r=1e-3 h=1e-6 dir=(0.6, 0.48, 0.64) d=1e4 a=0|INVERTED|exact=-3.142e-12|f64=-3.142e-12|VA/esc=50000.0|tier3=Err([VolumeUncomputable { solid: SolidKey(1v1), source: Face { face: FaceKey(3v1|classify=Err(Props { shell: ShellKey(1v1), source: Face { face: FaceK
D2|disc n=4 r=1e-3 h=1e-6 dir=(0.6, 0.48, 0.64) d=1e4 a=0.7|no build
D2|disc n=4 r=1e-3 h=1e-6 dir=(0.6, 0.48, 0.64) d=2e4 a=0|upright|exact=+3.142e-12|f64=+3.142e-12|VA/esc=50000.0|tier3=Err([VolumeUncomputable { solid: SolidKey(1v1), source: Face { face: FaceKey(3v1|classify=Err(Props { shell: ShellKey(1v1), source: Face { face: FaceK <-- VALID REFUSED
D2|disc n=4 r=1e-3 h=1e-6 dir=(0.6, 0.48, 0.64) d=2e4 a=0|INVERTED|exact=-3.142e-12|f64=-3.142e-12|VA/esc=50000.0|tier3=Err([VolumeUncomputable { solid: SolidKey(1v1), source: Face { face: FaceKey(3v1|classify=Err(Props { shell: ShellKey(1v1), source: Face { face: FaceK
D2|disc n=4 r=1e-3 h=1e-6 dir=(0.6, 0.48, 0.64) d=2e4 a=0.7|no build
D2|disc n=4 r=1e-3 h=1e-6 dir=(-0.6, -0.48, -0.64) d=1e3 a=0|upright|exact=+3.142e-12|f64=+3.142e-12|VA/esc=50000.0|tier3=Ok(())|classify=Ok(["Outer"])
D2|disc n=4 r=1e-3 h=1e-6 dir=(-0.6, -0.48, -0.64) d=1e3 a=0|INVERTED|exact=-3.142e-12|f64=-3.142e-12|VA/esc=50000.0|tier3=Err([NegativeVolume { solid: SolidKey(1v1) }])|classify=Ok(["Void"])
D2|disc n=4 r=1e-3 h=1e-6 dir=(-0.6, -0.48, -0.64) d=1e3 a=0.7|upright|exact=+3.142e-12|f64=+3.142e-12|VA/esc=50000.0|tier3=Ok(())|classify=Ok(["Outer"])
D2|disc n=4 r=1e-3 h=1e-6 dir=(-0.6, -0.48, -0.64) d=1e3 a=0.7|INVERTED|exact=-3.142e-12|f64=-3.142e-12|VA/esc=50000.0|tier3=Err([NegativeVolume { solid: SolidKey(1v1) }])|classify=Ok(["Void"])
D2|disc n=4 r=1e-3 h=1e-6 dir=(-0.6, -0.48, -0.64) d=5e3 a=0|upright|exact=+3.142e-12|f64=+3.142e-12|VA/esc=50000.0|tier3=Ok(())|classify=Ok(["Outer"])
D2|disc n=4 r=1e-3 h=1e-6 dir=(-0.6, -0.48, -0.64) d=5e3 a=0|INVERTED|exact=-3.142e-12|f64=-3.142e-12|VA/esc=50000.0|tier3=Err([NegativeVolume { solid: SolidKey(1v1) }])|classify=Ok(["Void"])
D2|disc n=4 r=1e-3 h=1e-6 dir=(-0.6, -0.48, -0.64) d=5e3 a=0.7|upright|exact=+3.142e-12|f64=+3.142e-12|VA/esc=50000.0|tier3=Err([VolumeUncomputable { solid: SolidKey(1v1), source: Face { face: FaceKey(3v1|classify=Err(Props { shell: ShellKey(1v1), source: Face { face: FaceK <-- VALID REFUSED
D2|disc n=4 r=1e-3 h=1e-6 dir=(-0.6, -0.48, -0.64) d=5e3 a=0.7|INVERTED|exact=-3.142e-12|f64=-3.142e-12|VA/esc=50000.0|tier3=Err([VolumeUncomputable { solid: SolidKey(1v1), source: Face { face: FaceKey(3v1|classify=Err(Props { shell: ShellKey(1v1), source: Face { face: FaceK
D2|disc n=4 r=1e-3 h=1e-6 dir=(-0.6, -0.48, -0.64) d=1e4 a=0|upright|exact=+3.142e-12|f64=+3.142e-12|VA/esc=50000.0|tier3=Err([VolumeUncomputable { solid: SolidKey(1v1), source: Face { face: FaceKey(3v1|classify=Err(Props { shell: ShellKey(1v1), source: Face { face: FaceK <-- VALID REFUSED
D2|disc n=4 r=1e-3 h=1e-6 dir=(-0.6, -0.48, -0.64) d=1e4 a=0|INVERTED|exact=-3.142e-12|f64=-3.142e-12|VA/esc=50000.0|tier3=Err([VolumeUncomputable { solid: SolidKey(1v1), source: Face { face: FaceKey(3v1|classify=Err(Props { shell: ShellKey(1v1), source: Face { face: FaceK
D2|disc n=4 r=1e-3 h=1e-6 dir=(-0.6, -0.48, -0.64) d=1e4 a=0.7|no build
D2|disc n=4 r=1e-3 h=1e-6 dir=(-0.6, -0.48, -0.64) d=2e4 a=0|upright|exact=+3.142e-12|f64=+3.142e-12|VA/esc=50000.0|tier3=Err([VolumeUncomputable { solid: SolidKey(1v1), source: Face { face: FaceKey(3v1|classify=Err(Props { shell: ShellKey(1v1), source: Face { face: FaceK <-- VALID REFUSED
D2|disc n=4 r=1e-3 h=1e-6 dir=(-0.6, -0.48, -0.64) d=2e4 a=0|INVERTED|exact=-3.142e-12|f64=-3.142e-12|VA/esc=50000.0|tier3=Err([VolumeUncomputable { solid: SolidKey(1v1), source: Face { face: FaceKey(3v1|classify=Err(Props { shell: ShellKey(1v1), source: Face { face: FaceK
D2|disc n=4 r=1e-3 h=1e-6 dir=(-0.6, -0.48, -0.64) d=2e4 a=0.7|no build
D2|disc n=4 r=1e-3 h=1e-6 dir=(0.0, 0.0, 1.0) d=1e3 a=0|upright|exact=+3.142e-12|f64=+3.142e-12|VA/esc=50000.0|tier3=Ok(())|classify=Ok(["Outer"])
D2|disc n=4 r=1e-3 h=1e-6 dir=(0.0, 0.0, 1.0) d=1e3 a=0|INVERTED|exact=-3.142e-12|f64=-3.142e-12|VA/esc=50000.0|tier3=Err([NegativeVolume { solid: SolidKey(1v1) }])|classify=Ok(["Void"])
D2|disc n=4 r=1e-3 h=1e-6 dir=(0.0, 0.0, 1.0) d=1e3 a=0.7|upright|exact=+3.142e-12|f64=+3.142e-12|VA/esc=50000.0|tier3=Ok(())|classify=Ok(["Outer"])
D2|disc n=4 r=1e-3 h=1e-6 dir=(0.0, 0.0, 1.0) d=1e3 a=0.7|INVERTED|exact=-3.142e-12|f64=-3.142e-12|VA/esc=50000.0|tier3=Err([NegativeVolume { solid: SolidKey(1v1) }])|classify=Ok(["Void"])
D2|disc n=4 r=1e-3 h=1e-6 dir=(0.0, 0.0, 1.0) d=5e3 a=0|upright|exact=+3.142e-12|f64=+3.142e-12|VA/esc=50000.0|tier3=Ok(())|classify=Ok(["Outer"])
D2|disc n=4 r=1e-3 h=1e-6 dir=(0.0, 0.0, 1.0) d=5e3 a=0|INVERTED|exact=-3.142e-12|f64=-3.142e-12|VA/esc=50000.0|tier3=Err([NegativeVolume { solid: SolidKey(1v1) }])|classify=Ok(["Void"])
D2|disc n=4 r=1e-3 h=1e-6 dir=(0.0, 0.0, 1.0) d=5e3 a=0.7|upright|exact=+3.142e-12|f64=+3.142e-12|VA/esc=50000.0|tier3=Err([VolumeUncomputable { solid: SolidKey(1v1), source: Face { face: FaceKey(3v1|classify=Err(Props { shell: ShellKey(1v1), source: Face { face: FaceK <-- VALID REFUSED
D2|disc n=4 r=1e-3 h=1e-6 dir=(0.0, 0.0, 1.0) d=5e3 a=0.7|INVERTED|exact=-3.142e-12|f64=-3.142e-12|VA/esc=50000.0|tier3=Err([VolumeUncomputable { solid: SolidKey(1v1), source: Face { face: FaceKey(3v1|classify=Err(Props { shell: ShellKey(1v1), source: Face { face: FaceK
D2|disc n=4 r=1e-3 h=1e-6 dir=(0.0, 0.0, 1.0) d=1e4 a=0|upright|exact=+3.142e-12|f64=+3.142e-12|VA/esc=50000.0|tier3=Err([VolumeUncomputable { solid: SolidKey(1v1), source: Face { face: FaceKey(3v1|classify=Err(Props { shell: ShellKey(1v1), source: Face { face: FaceK <-- VALID REFUSED
D2|disc n=4 r=1e-3 h=1e-6 dir=(0.0, 0.0, 1.0) d=1e4 a=0|INVERTED|exact=-3.142e-12|f64=-3.142e-12|VA/esc=50000.0|tier3=Err([VolumeUncomputable { solid: SolidKey(1v1), source: Face { face: FaceKey(3v1|classify=Err(Props { shell: ShellKey(1v1), source: Face { face: FaceK
D2|disc n=4 r=1e-3 h=1e-6 dir=(0.0, 0.0, 1.0) d=1e4 a=0.7|no build
D2|disc n=4 r=1e-3 h=1e-6 dir=(0.0, 0.0, 1.0) d=2e4 a=0|upright|exact=+3.142e-12|f64=+3.142e-12|VA/esc=50000.0|tier3=Err([VolumeUncomputable { solid: SolidKey(1v1), source: Face { face: FaceKey(3v1|classify=Err(Props { shell: ShellKey(1v1), source: Face { face: FaceK <-- VALID REFUSED
D2|disc n=4 r=1e-3 h=1e-6 dir=(0.0, 0.0, 1.0) d=2e4 a=0|INVERTED|exact=-3.142e-12|f64=-3.142e-12|VA/esc=50000.0|tier3=Err([VolumeUncomputable { solid: SolidKey(1v1), source: Face { face: FaceKey(3v1|classify=Err(Props { shell: ShellKey(1v1), source: Face { face: FaceK
D2|disc n=4 r=1e-3 h=1e-6 dir=(0.0, 0.0, 1.0) d=2e4 a=0.7|no build
D2|disc n=4 r=1e-3 h=1e-5 dir=(0.6, 0.48, 0.64) d=1e3 a=0|upright|exact=+3.142e-11|f64=+3.142e-11|VA/esc=500000.0|tier3=Ok(())|classify=Ok(["Outer"])
D2|disc n=4 r=1e-3 h=1e-5 dir=(0.6, 0.48, 0.64) d=1e3 a=0|INVERTED|exact=-3.142e-11|f64=-3.142e-11|VA/esc=500000.0|tier3=Err([NegativeVolume { solid: SolidKey(1v1) }])|classify=Ok(["Void"])
D2|disc n=4 r=1e-3 h=1e-5 dir=(0.6, 0.48, 0.64) d=1e3 a=0.7|upright|exact=+3.142e-11|f64=+3.142e-11|VA/esc=500000.0|tier3=Ok(())|classify=Ok(["Outer"])
D2|disc n=4 r=1e-3 h=1e-5 dir=(0.6, 0.48, 0.64) d=1e3 a=0.7|INVERTED|exact=-3.142e-11|f64=-3.142e-11|VA/esc=500000.0|tier3=Err([NegativeVolume { solid: SolidKey(1v1) }])|classify=Ok(["Void"])
D2|disc n=4 r=1e-3 h=1e-5 dir=(0.6, 0.48, 0.64) d=5e3 a=0|upright|exact=+3.142e-11|f64=+3.142e-11|VA/esc=500000.0|tier3=Ok(())|classify=Ok(["Outer"])
D2|disc n=4 r=1e-3 h=1e-5 dir=(0.6, 0.48, 0.64) d=5e3 a=0|INVERTED|exact=-3.142e-11|f64=-3.142e-11|VA/esc=500000.0|tier3=Err([NegativeVolume { solid: SolidKey(1v1) }])|classify=Ok(["Void"])
D2|disc n=4 r=1e-3 h=1e-5 dir=(0.6, 0.48, 0.64) d=5e3 a=0.7|upright|exact=+3.142e-11|f64=+3.142e-11|VA/esc=500000.0|tier3=Err([VolumeUncomputable { solid: SolidKey(1v1), source: Face { face: FaceKey(3v1|classify=Err(Props { shell: ShellKey(1v1), source: Face { face: FaceK <-- VALID REFUSED
D2|disc n=4 r=1e-3 h=1e-5 dir=(0.6, 0.48, 0.64) d=5e3 a=0.7|INVERTED|exact=-3.142e-11|f64=-3.142e-11|VA/esc=500000.0|tier3=Err([VolumeUncomputable { solid: SolidKey(1v1), source: Face { face: FaceKey(3v1|classify=Err(Props { shell: ShellKey(1v1), source: Face { face: FaceK
D2|disc n=4 r=1e-3 h=1e-5 dir=(0.6, 0.48, 0.64) d=1e4 a=0|upright|exact=+3.142e-11|f64=+3.142e-11|VA/esc=500000.0|tier3=Err([VolumeUncomputable { solid: SolidKey(1v1), source: Face { face: FaceKey(3v1|classify=Err(Props { shell: ShellKey(1v1), source: Face { face: FaceK <-- VALID REFUSED
D2|disc n=4 r=1e-3 h=1e-5 dir=(0.6, 0.48, 0.64) d=1e4 a=0|INVERTED|exact=-3.142e-11|f64=-3.142e-11|VA/esc=500000.0|tier3=Err([VolumeUncomputable { solid: SolidKey(1v1), source: Face { face: FaceKey(3v1|classify=Err(Props { shell: ShellKey(1v1), source: Face { face: FaceK
D2|disc n=4 r=1e-3 h=1e-5 dir=(0.6, 0.48, 0.64) d=1e4 a=0.7|no build
D2|disc n=4 r=1e-3 h=1e-5 dir=(0.6, 0.48, 0.64) d=2e4 a=0|upright|exact=+3.142e-11|f64=+3.142e-11|VA/esc=500000.0|tier3=Err([VolumeUncomputable { solid: SolidKey(1v1), source: Face { face: FaceKey(3v1|classify=Err(Props { shell: ShellKey(1v1), source: Face { face: FaceK <-- VALID REFUSED
D2|disc n=4 r=1e-3 h=1e-5 dir=(0.6, 0.48, 0.64) d=2e4 a=0|INVERTED|exact=-3.142e-11|f64=-3.142e-11|VA/esc=500000.0|tier3=Err([VolumeUncomputable { solid: SolidKey(1v1), source: Face { face: FaceKey(3v1|classify=Err(Props { shell: ShellKey(1v1), source: Face { face: FaceK
D2|disc n=4 r=1e-3 h=1e-5 dir=(0.6, 0.48, 0.64) d=2e4 a=0.7|no build
D2|disc n=4 r=1e-3 h=1e-5 dir=(-0.6, -0.48, -0.64) d=1e3 a=0|upright|exact=+3.142e-11|f64=+3.142e-11|VA/esc=500000.0|tier3=Ok(())|classify=Ok(["Outer"])
D2|disc n=4 r=1e-3 h=1e-5 dir=(-0.6, -0.48, -0.64) d=1e3 a=0|INVERTED|exact=-3.142e-11|f64=-3.142e-11|VA/esc=500000.0|tier3=Err([NegativeVolume { solid: SolidKey(1v1) }])|classify=Ok(["Void"])
D2|disc n=4 r=1e-3 h=1e-5 dir=(-0.6, -0.48, -0.64) d=1e3 a=0.7|upright|exact=+3.142e-11|f64=+3.142e-11|VA/esc=500000.0|tier3=Ok(())|classify=Ok(["Outer"])
D2|disc n=4 r=1e-3 h=1e-5 dir=(-0.6, -0.48, -0.64) d=1e3 a=0.7|INVERTED|exact=-3.142e-11|f64=-3.142e-11|VA/esc=500000.0|tier3=Err([NegativeVolume { solid: SolidKey(1v1) }])|classify=Ok(["Void"])
D2|disc n=4 r=1e-3 h=1e-5 dir=(-0.6, -0.48, -0.64) d=5e3 a=0|upright|exact=+3.142e-11|f64=+3.142e-11|VA/esc=500000.0|tier3=Ok(())|classify=Ok(["Outer"])
D2|disc n=4 r=1e-3 h=1e-5 dir=(-0.6, -0.48, -0.64) d=5e3 a=0|INVERTED|exact=-3.142e-11|f64=-3.142e-11|VA/esc=500000.0|tier3=Err([NegativeVolume { solid: SolidKey(1v1) }])|classify=Ok(["Void"])
D2|disc n=4 r=1e-3 h=1e-5 dir=(-0.6, -0.48, -0.64) d=5e3 a=0.7|upright|exact=+3.142e-11|f64=+3.142e-11|VA/esc=500000.0|tier3=Err([VolumeUncomputable { solid: SolidKey(1v1), source: Face { face: FaceKey(3v1|classify=Err(Props { shell: ShellKey(1v1), source: Face { face: FaceK <-- VALID REFUSED
D2|disc n=4 r=1e-3 h=1e-5 dir=(-0.6, -0.48, -0.64) d=5e3 a=0.7|INVERTED|exact=-3.142e-11|f64=-3.142e-11|VA/esc=500000.0|tier3=Err([VolumeUncomputable { solid: SolidKey(1v1), source: Face { face: FaceKey(3v1|classify=Err(Props { shell: ShellKey(1v1), source: Face { face: FaceK
D2|disc n=4 r=1e-3 h=1e-5 dir=(-0.6, -0.48, -0.64) d=1e4 a=0|upright|exact=+3.142e-11|f64=+3.142e-11|VA/esc=500000.0|tier3=Err([VolumeUncomputable { solid: SolidKey(1v1), source: Face { face: FaceKey(3v1|classify=Err(Props { shell: ShellKey(1v1), source: Face { face: FaceK <-- VALID REFUSED
D2|disc n=4 r=1e-3 h=1e-5 dir=(-0.6, -0.48, -0.64) d=1e4 a=0|INVERTED|exact=-3.142e-11|f64=-3.142e-11|VA/esc=500000.0|tier3=Err([VolumeUncomputable { solid: SolidKey(1v1), source: Face { face: FaceKey(3v1|classify=Err(Props { shell: ShellKey(1v1), source: Face { face: FaceK
D2|disc n=4 r=1e-3 h=1e-5 dir=(-0.6, -0.48, -0.64) d=1e4 a=0.7|no build
D2|disc n=4 r=1e-3 h=1e-5 dir=(-0.6, -0.48, -0.64) d=2e4 a=0|upright|exact=+3.142e-11|f64=+3.142e-11|VA/esc=500000.0|tier3=Err([VolumeUncomputable { solid: SolidKey(1v1), source: Face { face: FaceKey(3v1|classify=Err(Props { shell: ShellKey(1v1), source: Face { face: FaceK <-- VALID REFUSED
D2|disc n=4 r=1e-3 h=1e-5 dir=(-0.6, -0.48, -0.64) d=2e4 a=0|INVERTED|exact=-3.142e-11|f64=-3.142e-11|VA/esc=500000.0|tier3=Err([VolumeUncomputable { solid: SolidKey(1v1), source: Face { face: FaceKey(3v1|classify=Err(Props { shell: ShellKey(1v1), source: Face { face: FaceK
D2|disc n=4 r=1e-3 h=1e-5 dir=(-0.6, -0.48, -0.64) d=2e4 a=0.7|no build
D2|disc n=4 r=1e-3 h=1e-5 dir=(0.0, 0.0, 1.0) d=1e3 a=0|upright|exact=+3.142e-11|f64=+3.142e-11|VA/esc=500000.0|tier3=Ok(())|classify=Ok(["Outer"])
D2|disc n=4 r=1e-3 h=1e-5 dir=(0.0, 0.0, 1.0) d=1e3 a=0|INVERTED|exact=-3.142e-11|f64=-3.142e-11|VA/esc=500000.0|tier3=Err([NegativeVolume { solid: SolidKey(1v1) }])|classify=Ok(["Void"])
D2|disc n=4 r=1e-3 h=1e-5 dir=(0.0, 0.0, 1.0) d=1e3 a=0.7|upright|exact=+3.142e-11|f64=+3.142e-11|VA/esc=500000.0|tier3=Ok(())|classify=Ok(["Outer"])
D2|disc n=4 r=1e-3 h=1e-5 dir=(0.0, 0.0, 1.0) d=1e3 a=0.7|INVERTED|exact=-3.142e-11|f64=-3.142e-11|VA/esc=500000.0|tier3=Err([NegativeVolume { solid: SolidKey(1v1) }])|classify=Ok(["Void"])
D2|disc n=4 r=1e-3 h=1e-5 dir=(0.0, 0.0, 1.0) d=5e3 a=0|upright|exact=+3.142e-11|f64=+3.142e-11|VA/esc=500000.0|tier3=Ok(())|classify=Ok(["Outer"])
D2|disc n=4 r=1e-3 h=1e-5 dir=(0.0, 0.0, 1.0) d=5e3 a=0|INVERTED|exact=-3.142e-11|f64=-3.142e-11|VA/esc=500000.0|tier3=Err([NegativeVolume { solid: SolidKey(1v1) }])|classify=Ok(["Void"])
D2|disc n=4 r=1e-3 h=1e-5 dir=(0.0, 0.0, 1.0) d=5e3 a=0.7|upright|exact=+3.142e-11|f64=+3.142e-11|VA/esc=500000.0|tier3=Err([VolumeUncomputable { solid: SolidKey(1v1), source: Face { face: FaceKey(3v1|classify=Err(Props { shell: ShellKey(1v1), source: Face { face: FaceK <-- VALID REFUSED
D2|disc n=4 r=1e-3 h=1e-5 dir=(0.0, 0.0, 1.0) d=5e3 a=0.7|INVERTED|exact=-3.142e-11|f64=-3.142e-11|VA/esc=500000.0|tier3=Err([VolumeUncomputable { solid: SolidKey(1v1), source: Face { face: FaceKey(3v1|classify=Err(Props { shell: ShellKey(1v1), source: Face { face: FaceK
D2|disc n=4 r=1e-3 h=1e-5 dir=(0.0, 0.0, 1.0) d=1e4 a=0|upright|exact=+3.142e-11|f64=+3.142e-11|VA/esc=500000.0|tier3=Err([VolumeUncomputable { solid: SolidKey(1v1), source: Face { face: FaceKey(3v1|classify=Err(Props { shell: ShellKey(1v1), source: Face { face: FaceK <-- VALID REFUSED
D2|disc n=4 r=1e-3 h=1e-5 dir=(0.0, 0.0, 1.0) d=1e4 a=0|INVERTED|exact=-3.142e-11|f64=-3.142e-11|VA/esc=500000.0|tier3=Err([VolumeUncomputable { solid: SolidKey(1v1), source: Face { face: FaceKey(3v1|classify=Err(Props { shell: ShellKey(1v1), source: Face { face: FaceK
D2|disc n=4 r=1e-3 h=1e-5 dir=(0.0, 0.0, 1.0) d=1e4 a=0.7|no build
D2|disc n=4 r=1e-3 h=1e-5 dir=(0.0, 0.0, 1.0) d=2e4 a=0|upright|exact=+3.142e-11|f64=+3.142e-11|VA/esc=500000.0|tier3=Err([VolumeUncomputable { solid: SolidKey(1v1), source: Face { face: FaceKey(3v1|classify=Err(Props { shell: ShellKey(1v1), source: Face { face: FaceK <-- VALID REFUSED
D2|disc n=4 r=1e-3 h=1e-5 dir=(0.0, 0.0, 1.0) d=2e4 a=0|INVERTED|exact=-3.142e-11|f64=-3.142e-11|VA/esc=500000.0|tier3=Err([VolumeUncomputable { solid: SolidKey(1v1), source: Face { face: FaceKey(3v1|classify=Err(Props { shell: ShellKey(1v1), source: Face { face: FaceK
D2|disc n=4 r=1e-3 h=1e-5 dir=(0.0, 0.0, 1.0) d=2e4 a=0.7|no build
D2|disc n=4 r=1e-2 h=1e-6 dir=(0.6, 0.48, 0.64) d=1e3 a=0|upright|exact=+3.142e-10|f64=+3.142e-10|VA/esc=50000.0|tier3=Ok(())|classify=Ok(["Outer"])
D2|disc n=4 r=1e-2 h=1e-6 dir=(0.6, 0.48, 0.64) d=1e3 a=0|INVERTED|exact=-3.142e-10|f64=-3.142e-10|VA/esc=50000.0|tier3=Err([NegativeVolume { solid: SolidKey(1v1) }])|classify=Ok(["Void"])
D2|disc n=4 r=1e-2 h=1e-6 dir=(0.6, 0.48, 0.64) d=1e3 a=0.7|upright|exact=+3.142e-10|f64=+3.142e-10|VA/esc=50000.0|tier3=Ok(())|classify=Ok(["Outer"])
D2|disc n=4 r=1e-2 h=1e-6 dir=(0.6, 0.48, 0.64) d=1e3 a=0.7|INVERTED|exact=-3.142e-10|f64=-3.142e-10|VA/esc=50000.0|tier3=Err([NegativeVolume { solid: SolidKey(1v1) }])|classify=Ok(["Void"])
D2|disc n=4 r=1e-2 h=1e-6 dir=(0.6, 0.48, 0.64) d=5e3 a=0|upright|exact=+3.142e-10|f64=+3.142e-10|VA/esc=50000.0|tier3=Ok(())|classify=Ok(["Outer"])
D2|disc n=4 r=1e-2 h=1e-6 dir=(0.6, 0.48, 0.64) d=5e3 a=0|INVERTED|exact=-3.142e-10|f64=-3.142e-10|VA/esc=50000.0|tier3=Err([NegativeVolume { solid: SolidKey(1v1) }])|classify=Ok(["Void"])
D2|disc n=4 r=1e-2 h=1e-6 dir=(0.6, 0.48, 0.64) d=5e3 a=0.7|upright|exact=+3.142e-10|f64=+3.142e-10|VA/esc=50000.0|tier3=Err([VolumeUncomputable { solid: SolidKey(1v1), source: Face { face: FaceKey(3v1|classify=Err(Props { shell: ShellKey(1v1), source: Face { face: FaceK <-- VALID REFUSED
D2|disc n=4 r=1e-2 h=1e-6 dir=(0.6, 0.48, 0.64) d=5e3 a=0.7|INVERTED|exact=-3.142e-10|f64=-3.142e-10|VA/esc=50000.0|tier3=Err([VolumeUncomputable { solid: SolidKey(1v1), source: Face { face: FaceKey(3v1|classify=Err(Props { shell: ShellKey(1v1), source: Face { face: FaceK
D2|disc n=4 r=1e-2 h=1e-6 dir=(0.6, 0.48, 0.64) d=1e4 a=0|upright|exact=+3.142e-10|f64=+3.142e-10|VA/esc=50000.0|tier3=Err([VolumeUncomputable { solid: SolidKey(1v1), source: Face { face: FaceKey(3v1|classify=Err(Props { shell: ShellKey(1v1), source: Face { face: FaceK <-- VALID REFUSED
D2|disc n=4 r=1e-2 h=1e-6 dir=(0.6, 0.48, 0.64) d=1e4 a=0|INVERTED|exact=-3.142e-10|f64=-3.142e-10|VA/esc=50000.0|tier3=Err([VolumeUncomputable { solid: SolidKey(1v1), source: Face { face: FaceKey(3v1|classify=Err(Props { shell: ShellKey(1v1), source: Face { face: FaceK
D2|disc n=4 r=1e-2 h=1e-6 dir=(0.6, 0.48, 0.64) d=1e4 a=0.7|no build
D2|disc n=4 r=1e-2 h=1e-6 dir=(0.6, 0.48, 0.64) d=2e4 a=0|upright|exact=+3.142e-10|f64=+3.142e-10|VA/esc=50000.0|tier3=Err([VolumeUncomputable { solid: SolidKey(1v1), source: Face { face: FaceKey(3v1|classify=Err(Props { shell: ShellKey(1v1), source: Face { face: FaceK <-- VALID REFUSED
D2|disc n=4 r=1e-2 h=1e-6 dir=(0.6, 0.48, 0.64) d=2e4 a=0|INVERTED|exact=-3.142e-10|f64=-3.142e-10|VA/esc=50000.0|tier3=Err([VolumeUncomputable { solid: SolidKey(1v1), source: Face { face: FaceKey(3v1|classify=Err(Props { shell: ShellKey(1v1), source: Face { face: FaceK
D2|disc n=4 r=1e-2 h=1e-6 dir=(0.6, 0.48, 0.64) d=2e4 a=0.7|no build
D2|disc n=4 r=1e-2 h=1e-6 dir=(-0.6, -0.48, -0.64) d=1e3 a=0|upright|exact=+3.142e-10|f64=+3.142e-10|VA/esc=50000.0|tier3=Ok(())|classify=Ok(["Outer"])
D2|disc n=4 r=1e-2 h=1e-6 dir=(-0.6, -0.48, -0.64) d=1e3 a=0|INVERTED|exact=-3.142e-10|f64=-3.142e-10|VA/esc=50000.0|tier3=Err([NegativeVolume { solid: SolidKey(1v1) }])|classify=Ok(["Void"])
D2|disc n=4 r=1e-2 h=1e-6 dir=(-0.6, -0.48, -0.64) d=1e3 a=0.7|upright|exact=+3.142e-10|f64=+3.142e-10|VA/esc=50000.0|tier3=Ok(())|classify=Ok(["Outer"])
D2|disc n=4 r=1e-2 h=1e-6 dir=(-0.6, -0.48, -0.64) d=1e3 a=0.7|INVERTED|exact=-3.142e-10|f64=-3.142e-10|VA/esc=50000.0|tier3=Err([NegativeVolume { solid: SolidKey(1v1) }])|classify=Ok(["Void"])
D2|disc n=4 r=1e-2 h=1e-6 dir=(-0.6, -0.48, -0.64) d=5e3 a=0|upright|exact=+3.142e-10|f64=+3.142e-10|VA/esc=50000.0|tier3=Ok(())|classify=Ok(["Outer"])
D2|disc n=4 r=1e-2 h=1e-6 dir=(-0.6, -0.48, -0.64) d=5e3 a=0|INVERTED|exact=-3.142e-10|f64=-3.142e-10|VA/esc=50000.0|tier3=Err([NegativeVolume { solid: SolidKey(1v1) }])|classify=Ok(["Void"])
D2|disc n=4 r=1e-2 h=1e-6 dir=(-0.6, -0.48, -0.64) d=5e3 a=0.7|upright|exact=+3.142e-10|f64=+3.142e-10|VA/esc=50000.0|tier3=Err([VolumeUncomputable { solid: SolidKey(1v1), source: Face { face: FaceKey(3v1|classify=Err(Props { shell: ShellKey(1v1), source: Face { face: FaceK <-- VALID REFUSED
D2|disc n=4 r=1e-2 h=1e-6 dir=(-0.6, -0.48, -0.64) d=5e3 a=0.7|INVERTED|exact=-3.142e-10|f64=-3.142e-10|VA/esc=50000.0|tier3=Err([VolumeUncomputable { solid: SolidKey(1v1), source: Face { face: FaceKey(3v1|classify=Err(Props { shell: ShellKey(1v1), source: Face { face: FaceK
D2|disc n=4 r=1e-2 h=1e-6 dir=(-0.6, -0.48, -0.64) d=1e4 a=0|upright|exact=+3.142e-10|f64=+3.142e-10|VA/esc=50000.0|tier3=Err([VolumeUncomputable { solid: SolidKey(1v1), source: Face { face: FaceKey(3v1|classify=Err(Props { shell: ShellKey(1v1), source: Face { face: FaceK <-- VALID REFUSED
D2|disc n=4 r=1e-2 h=1e-6 dir=(-0.6, -0.48, -0.64) d=1e4 a=0|INVERTED|exact=-3.142e-10|f64=-3.142e-10|VA/esc=50000.0|tier3=Err([VolumeUncomputable { solid: SolidKey(1v1), source: Face { face: FaceKey(3v1|classify=Err(Props { shell: ShellKey(1v1), source: Face { face: FaceK
D2|disc n=4 r=1e-2 h=1e-6 dir=(-0.6, -0.48, -0.64) d=1e4 a=0.7|no build
D2|disc n=4 r=1e-2 h=1e-6 dir=(-0.6, -0.48, -0.64) d=2e4 a=0|upright|exact=+3.142e-10|f64=+3.142e-10|VA/esc=50000.0|tier3=Err([VolumeUncomputable { solid: SolidKey(1v1), source: Face { face: FaceKey(3v1|classify=Err(Props { shell: ShellKey(1v1), source: Face { face: FaceK <-- VALID REFUSED
D2|disc n=4 r=1e-2 h=1e-6 dir=(-0.6, -0.48, -0.64) d=2e4 a=0|INVERTED|exact=-3.142e-10|f64=-3.142e-10|VA/esc=50000.0|tier3=Err([VolumeUncomputable { solid: SolidKey(1v1), source: Face { face: FaceKey(3v1|classify=Err(Props { shell: ShellKey(1v1), source: Face { face: FaceK
D2|disc n=4 r=1e-2 h=1e-6 dir=(-0.6, -0.48, -0.64) d=2e4 a=0.7|no build
D2|disc n=4 r=1e-2 h=1e-6 dir=(0.0, 0.0, 1.0) d=1e3 a=0|upright|exact=+3.142e-10|f64=+3.142e-10|VA/esc=50000.0|tier3=Ok(())|classify=Ok(["Outer"])
D2|disc n=4 r=1e-2 h=1e-6 dir=(0.0, 0.0, 1.0) d=1e3 a=0|INVERTED|exact=-3.142e-10|f64=-3.142e-10|VA/esc=50000.0|tier3=Err([NegativeVolume { solid: SolidKey(1v1) }])|classify=Ok(["Void"])
D2|disc n=4 r=1e-2 h=1e-6 dir=(0.0, 0.0, 1.0) d=1e3 a=0.7|upright|exact=+3.142e-10|f64=+3.142e-10|VA/esc=50000.0|tier3=Ok(())|classify=Ok(["Outer"])
D2|disc n=4 r=1e-2 h=1e-6 dir=(0.0, 0.0, 1.0) d=1e3 a=0.7|INVERTED|exact=-3.142e-10|f64=-3.142e-10|VA/esc=50000.0|tier3=Err([NegativeVolume { solid: SolidKey(1v1) }])|classify=Ok(["Void"])
D2|disc n=4 r=1e-2 h=1e-6 dir=(0.0, 0.0, 1.0) d=5e3 a=0|upright|exact=+3.142e-10|f64=+3.142e-10|VA/esc=50000.0|tier3=Ok(())|classify=Ok(["Outer"])
D2|disc n=4 r=1e-2 h=1e-6 dir=(0.0, 0.0, 1.0) d=5e3 a=0|INVERTED|exact=-3.142e-10|f64=-3.142e-10|VA/esc=50000.0|tier3=Err([NegativeVolume { solid: SolidKey(1v1) }])|classify=Ok(["Void"])
D2|disc n=4 r=1e-2 h=1e-6 dir=(0.0, 0.0, 1.0) d=5e3 a=0.7|upright|exact=+3.142e-10|f64=+3.142e-10|VA/esc=50000.0|tier3=Err([VolumeUncomputable { solid: SolidKey(1v1), source: Face { face: FaceKey(3v1|classify=Err(Props { shell: ShellKey(1v1), source: Face { face: FaceK <-- VALID REFUSED
D2|disc n=4 r=1e-2 h=1e-6 dir=(0.0, 0.0, 1.0) d=5e3 a=0.7|INVERTED|exact=-3.142e-10|f64=-3.142e-10|VA/esc=50000.0|tier3=Err([VolumeUncomputable { solid: SolidKey(1v1), source: Face { face: FaceKey(3v1|classify=Err(Props { shell: ShellKey(1v1), source: Face { face: FaceK
D2|disc n=4 r=1e-2 h=1e-6 dir=(0.0, 0.0, 1.0) d=1e4 a=0|upright|exact=+3.142e-10|f64=+3.142e-10|VA/esc=50000.0|tier3=Err([VolumeUncomputable { solid: SolidKey(1v1), source: Face { face: FaceKey(3v1|classify=Err(Props { shell: ShellKey(1v1), source: Face { face: FaceK <-- VALID REFUSED
D2|disc n=4 r=1e-2 h=1e-6 dir=(0.0, 0.0, 1.0) d=1e4 a=0|INVERTED|exact=-3.142e-10|f64=-3.142e-10|VA/esc=50000.0|tier3=Err([VolumeUncomputable { solid: SolidKey(1v1), source: Face { face: FaceKey(3v1|classify=Err(Props { shell: ShellKey(1v1), source: Face { face: FaceK
D2|disc n=4 r=1e-2 h=1e-6 dir=(0.0, 0.0, 1.0) d=1e4 a=0.7|no build
D2|disc n=4 r=1e-2 h=1e-6 dir=(0.0, 0.0, 1.0) d=2e4 a=0|upright|exact=+3.142e-10|f64=+3.142e-10|VA/esc=50000.0|tier3=Err([VolumeUncomputable { solid: SolidKey(1v1), source: Face { face: FaceKey(3v1|classify=Err(Props { shell: ShellKey(1v1), source: Face { face: FaceK <-- VALID REFUSED
D2|disc n=4 r=1e-2 h=1e-6 dir=(0.0, 0.0, 1.0) d=2e4 a=0|INVERTED|exact=-3.142e-10|f64=-3.142e-10|VA/esc=50000.0|tier3=Err([VolumeUncomputable { solid: SolidKey(1v1), source: Face { face: FaceKey(3v1|classify=Err(Props { shell: ShellKey(1v1), source: Face { face: FaceK
D2|disc n=4 r=1e-2 h=1e-6 dir=(0.0, 0.0, 1.0) d=2e4 a=0.7|no build
D2|disc n=64 r=1e-3 h=1e-7 dir=(0.6, 0.48, 0.64) d=1e3 a=0|upright|exact=+3.142e-13|f64=+3.142e-13|VA/esc=5000.0|tier3=Ok(())|classify=Err(Escalated { shell: ShellKey(1v1), source: Indeterminate 
D2|disc n=64 r=1e-3 h=1e-7 dir=(0.6, 0.48, 0.64) d=1e3 a=0|INVERTED|exact=-3.142e-13|f64=-3.142e-13|VA/esc=5000.0|tier3=Ok(())|classify=Err(Escalated { shell: ShellKey(1v1), source: Indeterminate  <-- INSIDE-OUT PASSES
D2|disc n=64 r=1e-3 h=1e-7 dir=(0.6, 0.48, 0.64) d=1e3 a=0.7|upright|exact=+3.142e-13|f64=+3.142e-13|VA/esc=5000.0|tier3=Ok(())|classify=Err(Escalated { shell: ShellKey(1v1), source: Indeterminate 
D2|disc n=64 r=1e-3 h=1e-7 dir=(0.6, 0.48, 0.64) d=1e3 a=0.7|INVERTED|exact=-3.142e-13|f64=-3.142e-13|VA/esc=5000.0|tier3=Ok(())|classify=Err(Escalated { shell: ShellKey(1v1), source: Indeterminate  <-- INSIDE-OUT PASSES
D2|disc n=64 r=1e-3 h=1e-7 dir=(0.6, 0.48, 0.64) d=5e3 a=0|upright|exact=+3.142e-13|f64=+3.142e-13|VA/esc=5000.0|tier3=Ok(())|classify=Err(Escalated { shell: ShellKey(1v1), source: Indeterminate 
D2|disc n=64 r=1e-3 h=1e-7 dir=(0.6, 0.48, 0.64) d=5e3 a=0|INVERTED|exact=-3.142e-13|f64=-3.142e-13|VA/esc=5000.0|tier3=Ok(())|classify=Err(Escalated { shell: ShellKey(1v1), source: Indeterminate  <-- INSIDE-OUT PASSES
D2|disc n=64 r=1e-3 h=1e-7 dir=(0.6, 0.48, 0.64) d=5e3 a=0.7|upright|exact=+3.142e-13|f64=+3.142e-13|VA/esc=5000.0|tier3=Err([VolumeUncomputable { solid: SolidKey(1v1), source: Face { face: FaceKey(3v1|classify=Err(Props { shell: ShellKey(1v1), source: Face { face: FaceK <-- VALID REFUSED
D2|disc n=64 r=1e-3 h=1e-7 dir=(0.6, 0.48, 0.64) d=5e3 a=0.7|INVERTED|exact=-3.142e-13|f64=-3.142e-13|VA/esc=5000.0|tier3=Err([VolumeUncomputable { solid: SolidKey(1v1), source: Face { face: FaceKey(3v1|classify=Err(Props { shell: ShellKey(1v1), source: Face { face: FaceK
D2|disc n=64 r=1e-3 h=1e-7 dir=(0.6, 0.48, 0.64) d=1e4 a=0|upright|exact=+3.142e-13|f64=+3.142e-13|VA/esc=5000.0|tier3=Err([VolumeUncomputable { solid: SolidKey(1v1), source: Face { face: FaceKey(3v1|classify=Err(Props { shell: ShellKey(1v1), source: Face { face: FaceK <-- VALID REFUSED
D2|disc n=64 r=1e-3 h=1e-7 dir=(0.6, 0.48, 0.64) d=1e4 a=0|INVERTED|exact=-3.142e-13|f64=-3.142e-13|VA/esc=5000.0|tier3=Err([VolumeUncomputable { solid: SolidKey(1v1), source: Face { face: FaceKey(3v1|classify=Err(Props { shell: ShellKey(1v1), source: Face { face: FaceK
D2|disc n=64 r=1e-3 h=1e-7 dir=(0.6, 0.48, 0.64) d=1e4 a=0.7|no build
D2|disc n=64 r=1e-3 h=1e-7 dir=(0.6, 0.48, 0.64) d=2e4 a=0|no build
D2|disc n=64 r=1e-3 h=1e-7 dir=(0.6, 0.48, 0.64) d=2e4 a=0.7|no build
D2|disc n=64 r=1e-3 h=1e-7 dir=(-0.6, -0.48, -0.64) d=1e3 a=0|upright|exact=+3.142e-13|f64=+3.142e-13|VA/esc=5000.0|tier3=Ok(())|classify=Err(Escalated { shell: ShellKey(1v1), source: Indeterminate 
D2|disc n=64 r=1e-3 h=1e-7 dir=(-0.6, -0.48, -0.64) d=1e3 a=0|INVERTED|exact=-3.142e-13|f64=-3.142e-13|VA/esc=5000.0|tier3=Ok(())|classify=Err(Escalated { shell: ShellKey(1v1), source: Indeterminate  <-- INSIDE-OUT PASSES
D2|disc n=64 r=1e-3 h=1e-7 dir=(-0.6, -0.48, -0.64) d=1e3 a=0.7|upright|exact=+3.142e-13|f64=+3.142e-13|VA/esc=5000.0|tier3=Ok(())|classify=Err(Escalated { shell: ShellKey(1v1), source: Indeterminate 
D2|disc n=64 r=1e-3 h=1e-7 dir=(-0.6, -0.48, -0.64) d=1e3 a=0.7|INVERTED|exact=-3.142e-13|f64=-3.142e-13|VA/esc=5000.0|tier3=Ok(())|classify=Err(Escalated { shell: ShellKey(1v1), source: Indeterminate  <-- INSIDE-OUT PASSES
D2|disc n=64 r=1e-3 h=1e-7 dir=(-0.6, -0.48, -0.64) d=5e3 a=0|upright|exact=+3.142e-13|f64=+3.142e-13|VA/esc=5000.0|tier3=Ok(())|classify=Err(Escalated { shell: ShellKey(1v1), source: Indeterminate 
D2|disc n=64 r=1e-3 h=1e-7 dir=(-0.6, -0.48, -0.64) d=5e3 a=0|INVERTED|exact=-3.142e-13|f64=-3.142e-13|VA/esc=5000.0|tier3=Ok(())|classify=Err(Escalated { shell: ShellKey(1v1), source: Indeterminate  <-- INSIDE-OUT PASSES
D2|disc n=64 r=1e-3 h=1e-7 dir=(-0.6, -0.48, -0.64) d=5e3 a=0.7|upright|exact=+3.142e-13|f64=+3.142e-13|VA/esc=5000.0|tier3=Err([VolumeUncomputable { solid: SolidKey(1v1), source: Face { face: FaceKey(3v1|classify=Err(Props { shell: ShellKey(1v1), source: Face { face: FaceK <-- VALID REFUSED
D2|disc n=64 r=1e-3 h=1e-7 dir=(-0.6, -0.48, -0.64) d=5e3 a=0.7|INVERTED|exact=-3.142e-13|f64=-3.142e-13|VA/esc=5000.0|tier3=Err([VolumeUncomputable { solid: SolidKey(1v1), source: Face { face: FaceKey(3v1|classify=Err(Props { shell: ShellKey(1v1), source: Face { face: FaceK
D2|disc n=64 r=1e-3 h=1e-7 dir=(-0.6, -0.48, -0.64) d=1e4 a=0|upright|exact=+3.142e-13|f64=+3.142e-13|VA/esc=5000.0|tier3=Err([VolumeUncomputable { solid: SolidKey(1v1), source: Face { face: FaceKey(3v1|classify=Err(Props { shell: ShellKey(1v1), source: Face { face: FaceK <-- VALID REFUSED
D2|disc n=64 r=1e-3 h=1e-7 dir=(-0.6, -0.48, -0.64) d=1e4 a=0|INVERTED|exact=-3.142e-13|f64=-3.142e-13|VA/esc=5000.0|tier3=Err([VolumeUncomputable { solid: SolidKey(1v1), source: Face { face: FaceKey(3v1|classify=Err(Props { shell: ShellKey(1v1), source: Face { face: FaceK
D2|disc n=64 r=1e-3 h=1e-7 dir=(-0.6, -0.48, -0.64) d=1e4 a=0.7|no build
D2|disc n=64 r=1e-3 h=1e-7 dir=(-0.6, -0.48, -0.64) d=2e4 a=0|no build
D2|disc n=64 r=1e-3 h=1e-7 dir=(-0.6, -0.48, -0.64) d=2e4 a=0.7|no build
D2|disc n=64 r=1e-3 h=1e-7 dir=(0.0, 0.0, 1.0) d=1e3 a=0|upright|exact=+3.142e-13|f64=+3.142e-13|VA/esc=5000.0|tier3=Ok(())|classify=Ok(["Outer"])
D2|disc n=64 r=1e-3 h=1e-7 dir=(0.0, 0.0, 1.0) d=1e3 a=0|INVERTED|exact=-3.142e-13|f64=-3.142e-13|VA/esc=5000.0|tier3=Err([NegativeVolume { solid: SolidKey(1v1) }])|classify=Ok(["Void"])
D2|disc n=64 r=1e-3 h=1e-7 dir=(0.0, 0.0, 1.0) d=1e3 a=0.7|upright|exact=+3.142e-13|f64=+3.142e-13|VA/esc=5000.0|tier3=Ok(())|classify=Ok(["Outer"])
D2|disc n=64 r=1e-3 h=1e-7 dir=(0.0, 0.0, 1.0) d=1e3 a=0.7|INVERTED|exact=-3.142e-13|f64=-3.142e-13|VA/esc=5000.0|tier3=Err([NegativeVolume { solid: SolidKey(1v1) }])|classify=Ok(["Void"])
D2|disc n=64 r=1e-3 h=1e-7 dir=(0.0, 0.0, 1.0) d=5e3 a=0|upright|exact=+3.142e-13|f64=+3.142e-13|VA/esc=5000.0|tier3=Ok(())|classify=Ok(["Outer"])
D2|disc n=64 r=1e-3 h=1e-7 dir=(0.0, 0.0, 1.0) d=5e3 a=0|INVERTED|exact=-3.142e-13|f64=-3.142e-13|VA/esc=5000.0|tier3=Err([NegativeVolume { solid: SolidKey(1v1) }])|classify=Ok(["Void"])
D2|disc n=64 r=1e-3 h=1e-7 dir=(0.0, 0.0, 1.0) d=5e3 a=0.7|upright|exact=+3.142e-13|f64=+3.142e-13|VA/esc=5000.0|tier3=Err([VolumeUncomputable { solid: SolidKey(1v1), source: Face { face: FaceKey(3v1|classify=Err(Props { shell: ShellKey(1v1), source: Face { face: FaceK <-- VALID REFUSED
D2|disc n=64 r=1e-3 h=1e-7 dir=(0.0, 0.0, 1.0) d=5e3 a=0.7|INVERTED|exact=-3.142e-13|f64=-3.142e-13|VA/esc=5000.0|tier3=Err([VolumeUncomputable { solid: SolidKey(1v1), source: Face { face: FaceKey(3v1|classify=Err(Props { shell: ShellKey(1v1), source: Face { face: FaceK
D2|disc n=64 r=1e-3 h=1e-7 dir=(0.0, 0.0, 1.0) d=1e4 a=0|upright|exact=+3.142e-13|f64=+3.142e-13|VA/esc=5000.0|tier3=Err([VolumeUncomputable { solid: SolidKey(1v1), source: Face { face: FaceKey(3v1|classify=Err(Props { shell: ShellKey(1v1), source: Face { face: FaceK <-- VALID REFUSED
D2|disc n=64 r=1e-3 h=1e-7 dir=(0.0, 0.0, 1.0) d=1e4 a=0|INVERTED|exact=-3.142e-13|f64=-3.142e-13|VA/esc=5000.0|tier3=Err([VolumeUncomputable { solid: SolidKey(1v1), source: Face { face: FaceKey(3v1|classify=Err(Props { shell: ShellKey(1v1), source: Face { face: FaceK
D2|disc n=64 r=1e-3 h=1e-7 dir=(0.0, 0.0, 1.0) d=1e4 a=0.7|no build
D2|disc n=64 r=1e-3 h=1e-7 dir=(0.0, 0.0, 1.0) d=2e4 a=0|upright|exact=+3.142e-13|f64=+3.142e-13|VA/esc=5000.0|tier3=Err([VolumeUncomputable { solid: SolidKey(1v1), source: Face { face: FaceKey(3v1|classify=Err(Props { shell: ShellKey(1v1), source: Face { face: FaceK <-- VALID REFUSED
D2|disc n=64 r=1e-3 h=1e-7 dir=(0.0, 0.0, 1.0) d=2e4 a=0|INVERTED|exact=-3.142e-13|f64=-3.141e-13|VA/esc=5000.0|tier3=Err([VolumeUncomputable { solid: SolidKey(1v1), source: Face { face: FaceKey(3v1|classify=Err(Props { shell: ShellKey(1v1), source: Face { face: FaceK
D2|disc n=64 r=1e-3 h=1e-7 dir=(0.0, 0.0, 1.0) d=2e4 a=0.7|no build
D2|disc n=64 r=1e-3 h=1e-6 dir=(0.6, 0.48, 0.64) d=1e3 a=0|upright|exact=+3.142e-12|f64=+3.142e-12|VA/esc=50000.0|tier3=Ok(())|classify=Ok(["Outer"])
D2|disc n=64 r=1e-3 h=1e-6 dir=(0.6, 0.48, 0.64) d=1e3 a=0|INVERTED|exact=-3.142e-12|f64=-3.142e-12|VA/esc=50000.0|tier3=Err([NegativeVolume { solid: SolidKey(1v1) }])|classify=Ok(["Void"])
D2|disc n=64 r=1e-3 h=1e-6 dir=(0.6, 0.48, 0.64) d=1e3 a=0.7|upright|exact=+3.142e-12|f64=+3.142e-12|VA/esc=50000.0|tier3=Ok(())|classify=Err(Escalated { shell: ShellKey(1v1), source: Indeterminate 
D2|disc n=64 r=1e-3 h=1e-6 dir=(0.6, 0.48, 0.64) d=1e3 a=0.7|INVERTED|exact=-3.142e-12|f64=-3.142e-12|VA/esc=50000.0|tier3=Ok(())|classify=Err(Escalated { shell: ShellKey(1v1), source: Indeterminate  <-- INSIDE-OUT PASSES
D2|disc n=64 r=1e-3 h=1e-6 dir=(0.6, 0.48, 0.64) d=5e3 a=0|upright|exact=+3.142e-12|f64=+3.142e-12|VA/esc=50000.0|tier3=Ok(())|classify=Err(Escalated { shell: ShellKey(1v1), source: Indeterminate 
D2|disc n=64 r=1e-3 h=1e-6 dir=(0.6, 0.48, 0.64) d=5e3 a=0|INVERTED|exact=-3.142e-12|f64=-3.142e-12|VA/esc=50000.0|tier3=Ok(())|classify=Err(Escalated { shell: ShellKey(1v1), source: Indeterminate  <-- INSIDE-OUT PASSES
D2|disc n=64 r=1e-3 h=1e-6 dir=(0.6, 0.48, 0.64) d=5e3 a=0.7|upright|exact=+3.142e-12|f64=+3.142e-12|VA/esc=50000.0|tier3=Err([VolumeUncomputable { solid: SolidKey(1v1), source: Face { face: FaceKey(3v1|classify=Err(Props { shell: ShellKey(1v1), source: Face { face: FaceK <-- VALID REFUSED
D2|disc n=64 r=1e-3 h=1e-6 dir=(0.6, 0.48, 0.64) d=5e3 a=0.7|INVERTED|exact=-3.142e-12|f64=-3.142e-12|VA/esc=50000.0|tier3=Err([VolumeUncomputable { solid: SolidKey(1v1), source: Face { face: FaceKey(3v1|classify=Err(Props { shell: ShellKey(1v1), source: Face { face: FaceK
D2|disc n=64 r=1e-3 h=1e-6 dir=(0.6, 0.48, 0.64) d=1e4 a=0|upright|exact=+3.142e-12|f64=+3.142e-12|VA/esc=50000.0|tier3=Err([VolumeUncomputable { solid: SolidKey(1v1), source: Face { face: FaceKey(3v1|classify=Err(Props { shell: ShellKey(1v1), source: Face { face: FaceK <-- VALID REFUSED
D2|disc n=64 r=1e-3 h=1e-6 dir=(0.6, 0.48, 0.64) d=1e4 a=0|INVERTED|exact=-3.142e-12|f64=-3.142e-12|VA/esc=50000.0|tier3=Err([VolumeUncomputable { solid: SolidKey(1v1), source: Face { face: FaceKey(3v1|classify=Err(Props { shell: ShellKey(1v1), source: Face { face: FaceK
D2|disc n=64 r=1e-3 h=1e-6 dir=(0.6, 0.48, 0.64) d=1e4 a=0.7|no build
D2|disc n=64 r=1e-3 h=1e-6 dir=(0.6, 0.48, 0.64) d=2e4 a=0|no build
D2|disc n=64 r=1e-3 h=1e-6 dir=(0.6, 0.48, 0.64) d=2e4 a=0.7|no build
D2|disc n=64 r=1e-3 h=1e-6 dir=(-0.6, -0.48, -0.64) d=1e3 a=0|upright|exact=+3.142e-12|f64=+3.142e-12|VA/esc=50000.0|tier3=Ok(())|classify=Ok(["Outer"])
D2|disc n=64 r=1e-3 h=1e-6 dir=(-0.6, -0.48, -0.64) d=1e3 a=0|INVERTED|exact=-3.142e-12|f64=-3.142e-12|VA/esc=50000.0|tier3=Err([NegativeVolume { solid: SolidKey(1v1) }])|classify=Ok(["Void"])
D2|disc n=64 r=1e-3 h=1e-6 dir=(-0.6, -0.48, -0.64) d=1e3 a=0.7|upright|exact=+3.142e-12|f64=+3.142e-12|VA/esc=50000.0|tier3=Ok(())|classify=Err(Escalated { shell: ShellKey(1v1), source: Indeterminate 
D2|disc n=64 r=1e-3 h=1e-6 dir=(-0.6, -0.48, -0.64) d=1e3 a=0.7|INVERTED|exact=-3.142e-12|f64=-3.142e-12|VA/esc=50000.0|tier3=Ok(())|classify=Err(Escalated { shell: ShellKey(1v1), source: Indeterminate  <-- INSIDE-OUT PASSES
D2|disc n=64 r=1e-3 h=1e-6 dir=(-0.6, -0.48, -0.64) d=5e3 a=0|upright|exact=+3.142e-12|f64=+3.142e-12|VA/esc=50000.0|tier3=Ok(())|classify=Err(Escalated { shell: ShellKey(1v1), source: Indeterminate 
D2|disc n=64 r=1e-3 h=1e-6 dir=(-0.6, -0.48, -0.64) d=5e3 a=0|INVERTED|exact=-3.142e-12|f64=-3.142e-12|VA/esc=50000.0|tier3=Ok(())|classify=Err(Escalated { shell: ShellKey(1v1), source: Indeterminate  <-- INSIDE-OUT PASSES
D2|disc n=64 r=1e-3 h=1e-6 dir=(-0.6, -0.48, -0.64) d=5e3 a=0.7|upright|exact=+3.142e-12|f64=+3.142e-12|VA/esc=50000.0|tier3=Err([VolumeUncomputable { solid: SolidKey(1v1), source: Face { face: FaceKey(3v1|classify=Err(Props { shell: ShellKey(1v1), source: Face { face: FaceK <-- VALID REFUSED
D2|disc n=64 r=1e-3 h=1e-6 dir=(-0.6, -0.48, -0.64) d=5e3 a=0.7|INVERTED|exact=-3.142e-12|f64=-3.142e-12|VA/esc=50000.0|tier3=Err([VolumeUncomputable { solid: SolidKey(1v1), source: Face { face: FaceKey(3v1|classify=Err(Props { shell: ShellKey(1v1), source: Face { face: FaceK
D2|disc n=64 r=1e-3 h=1e-6 dir=(-0.6, -0.48, -0.64) d=1e4 a=0|upright|exact=+3.142e-12|f64=+3.142e-12|VA/esc=50000.0|tier3=Err([VolumeUncomputable { solid: SolidKey(1v1), source: Face { face: FaceKey(3v1|classify=Err(Props { shell: ShellKey(1v1), source: Face { face: FaceK <-- VALID REFUSED
D2|disc n=64 r=1e-3 h=1e-6 dir=(-0.6, -0.48, -0.64) d=1e4 a=0|INVERTED|exact=-3.142e-12|f64=-3.142e-12|VA/esc=50000.0|tier3=Err([VolumeUncomputable { solid: SolidKey(1v1), source: Face { face: FaceKey(3v1|classify=Err(Props { shell: ShellKey(1v1), source: Face { face: FaceK
D2|disc n=64 r=1e-3 h=1e-6 dir=(-0.6, -0.48, -0.64) d=1e4 a=0.7|no build
D2|disc n=64 r=1e-3 h=1e-6 dir=(-0.6, -0.48, -0.64) d=2e4 a=0|no build
D2|disc n=64 r=1e-3 h=1e-6 dir=(-0.6, -0.48, -0.64) d=2e4 a=0.7|no build
D2|disc n=64 r=1e-3 h=1e-6 dir=(0.0, 0.0, 1.0) d=1e3 a=0|upright|exact=+3.142e-12|f64=+3.142e-12|VA/esc=50000.0|tier3=Ok(())|classify=Ok(["Outer"])
D2|disc n=64 r=1e-3 h=1e-6 dir=(0.0, 0.0, 1.0) d=1e3 a=0|INVERTED|exact=-3.142e-12|f64=-3.142e-12|VA/esc=50000.0|tier3=Err([NegativeVolume { solid: SolidKey(1v1) }])|classify=Ok(["Void"])
D2|disc n=64 r=1e-3 h=1e-6 dir=(0.0, 0.0, 1.0) d=1e3 a=0.7|upright|exact=+3.142e-12|f64=+3.142e-12|VA/esc=50000.0|tier3=Ok(())|classify=Ok(["Outer"])
D2|disc n=64 r=1e-3 h=1e-6 dir=(0.0, 0.0, 1.0) d=1e3 a=0.7|INVERTED|exact=-3.142e-12|f64=-3.142e-12|VA/esc=50000.0|tier3=Err([NegativeVolume { solid: SolidKey(1v1) }])|classify=Ok(["Void"])
D2|disc n=64 r=1e-3 h=1e-6 dir=(0.0, 0.0, 1.0) d=5e3 a=0|upright|exact=+3.142e-12|f64=+3.142e-12|VA/esc=50000.0|tier3=Ok(())|classify=Ok(["Outer"])
D2|disc n=64 r=1e-3 h=1e-6 dir=(0.0, 0.0, 1.0) d=5e3 a=0|INVERTED|exact=-3.142e-12|f64=-3.142e-12|VA/esc=50000.0|tier3=Err([NegativeVolume { solid: SolidKey(1v1) }])|classify=Ok(["Void"])
D2|disc n=64 r=1e-3 h=1e-6 dir=(0.0, 0.0, 1.0) d=5e3 a=0.7|upright|exact=+3.142e-12|f64=+3.142e-12|VA/esc=50000.0|tier3=Err([VolumeUncomputable { solid: SolidKey(1v1), source: Face { face: FaceKey(3v1|classify=Err(Props { shell: ShellKey(1v1), source: Face { face: FaceK <-- VALID REFUSED
D2|disc n=64 r=1e-3 h=1e-6 dir=(0.0, 0.0, 1.0) d=5e3 a=0.7|INVERTED|exact=-3.142e-12|f64=-3.142e-12|VA/esc=50000.0|tier3=Err([VolumeUncomputable { solid: SolidKey(1v1), source: Face { face: FaceKey(3v1|classify=Err(Props { shell: ShellKey(1v1), source: Face { face: FaceK
D2|disc n=64 r=1e-3 h=1e-6 dir=(0.0, 0.0, 1.0) d=1e4 a=0|upright|exact=+3.142e-12|f64=+3.142e-12|VA/esc=50000.0|tier3=Err([VolumeUncomputable { solid: SolidKey(1v1), source: Face { face: FaceKey(3v1|classify=Err(Props { shell: ShellKey(1v1), source: Face { face: FaceK <-- VALID REFUSED
D2|disc n=64 r=1e-3 h=1e-6 dir=(0.0, 0.0, 1.0) d=1e4 a=0|INVERTED|exact=-3.142e-12|f64=-3.142e-12|VA/esc=50000.0|tier3=Err([VolumeUncomputable { solid: SolidKey(1v1), source: Face { face: FaceKey(3v1|classify=Err(Props { shell: ShellKey(1v1), source: Face { face: FaceK
D2|disc n=64 r=1e-3 h=1e-6 dir=(0.0, 0.0, 1.0) d=1e4 a=0.7|no build
D2|disc n=64 r=1e-3 h=1e-6 dir=(0.0, 0.0, 1.0) d=2e4 a=0|upright|exact=+3.142e-12|f64=+3.142e-12|VA/esc=50000.0|tier3=Err([VolumeUncomputable { solid: SolidKey(1v1), source: Face { face: FaceKey(3v1|classify=Err(Props { shell: ShellKey(1v1), source: Face { face: FaceK <-- VALID REFUSED
D2|disc n=64 r=1e-3 h=1e-6 dir=(0.0, 0.0, 1.0) d=2e4 a=0|INVERTED|exact=-3.142e-12|f64=-3.142e-12|VA/esc=50000.0|tier3=Err([VolumeUncomputable { solid: SolidKey(1v1), source: Face { face: FaceKey(3v1|classify=Err(Props { shell: ShellKey(1v1), source: Face { face: FaceK
D2|disc n=64 r=1e-3 h=1e-6 dir=(0.0, 0.0, 1.0) d=2e4 a=0.7|no build
D2|disc n=64 r=1e-3 h=1e-5 dir=(0.6, 0.48, 0.64) d=1e3 a=0|upright|exact=+3.142e-11|f64=+3.142e-11|VA/esc=500000.0|tier3=Ok(())|classify=Ok(["Outer"])
D2|disc n=64 r=1e-3 h=1e-5 dir=(0.6, 0.48, 0.64) d=1e3 a=0|INVERTED|exact=-3.142e-11|f64=-3.142e-11|VA/esc=500000.0|tier3=Err([NegativeVolume { solid: SolidKey(1v1) }])|classify=Ok(["Void"])
D2|disc n=64 r=1e-3 h=1e-5 dir=(0.6, 0.48, 0.64) d=1e3 a=0.7|upright|exact=+3.142e-11|f64=+3.142e-11|VA/esc=500000.0|tier3=Ok(())|classify=Ok(["Outer"])
D2|disc n=64 r=1e-3 h=1e-5 dir=(0.6, 0.48, 0.64) d=1e3 a=0.7|INVERTED|exact=-3.142e-11|f64=-3.142e-11|VA/esc=500000.0|tier3=Err([NegativeVolume { solid: SolidKey(1v1) }])|classify=Ok(["Void"])
D2|disc n=64 r=1e-3 h=1e-5 dir=(0.6, 0.48, 0.64) d=5e3 a=0|upright|exact=+3.142e-11|f64=+3.142e-11|VA/esc=500000.0|tier3=Ok(())|classify=Err(Escalated { shell: ShellKey(1v1), source: Indeterminate 
D2|disc n=64 r=1e-3 h=1e-5 dir=(0.6, 0.48, 0.64) d=5e3 a=0|INVERTED|exact=-3.142e-11|f64=-3.142e-11|VA/esc=500000.0|tier3=Ok(())|classify=Err(Escalated { shell: ShellKey(1v1), source: Indeterminate  <-- INSIDE-OUT PASSES
D2|disc n=64 r=1e-3 h=1e-5 dir=(0.6, 0.48, 0.64) d=5e3 a=0.7|upright|exact=+3.142e-11|f64=+3.142e-11|VA/esc=500000.0|tier3=Err([VolumeUncomputable { solid: SolidKey(1v1), source: Face { face: FaceKey(3v1|classify=Err(Props { shell: ShellKey(1v1), source: Face { face: FaceK <-- VALID REFUSED
D2|disc n=64 r=1e-3 h=1e-5 dir=(0.6, 0.48, 0.64) d=5e3 a=0.7|INVERTED|exact=-3.142e-11|f64=-3.142e-11|VA/esc=500000.0|tier3=Err([VolumeUncomputable { solid: SolidKey(1v1), source: Face { face: FaceKey(3v1|classify=Err(Props { shell: ShellKey(1v1), source: Face { face: FaceK
D2|disc n=64 r=1e-3 h=1e-5 dir=(0.6, 0.48, 0.64) d=1e4 a=0|upright|exact=+3.142e-11|f64=+3.142e-11|VA/esc=500000.0|tier3=Err([VolumeUncomputable { solid: SolidKey(1v1), source: Face { face: FaceKey(3v1|classify=Err(Props { shell: ShellKey(1v1), source: Face { face: FaceK <-- VALID REFUSED
D2|disc n=64 r=1e-3 h=1e-5 dir=(0.6, 0.48, 0.64) d=1e4 a=0|INVERTED|exact=-3.142e-11|f64=-3.142e-11|VA/esc=500000.0|tier3=Err([VolumeUncomputable { solid: SolidKey(1v1), source: Face { face: FaceKey(3v1|classify=Err(Props { shell: ShellKey(1v1), source: Face { face: FaceK
D2|disc n=64 r=1e-3 h=1e-5 dir=(0.6, 0.48, 0.64) d=1e4 a=0.7|no build
D2|disc n=64 r=1e-3 h=1e-5 dir=(0.6, 0.48, 0.64) d=2e4 a=0|no build
D2|disc n=64 r=1e-3 h=1e-5 dir=(0.6, 0.48, 0.64) d=2e4 a=0.7|no build
D2|disc n=64 r=1e-3 h=1e-5 dir=(-0.6, -0.48, -0.64) d=1e3 a=0|upright|exact=+3.142e-11|f64=+3.142e-11|VA/esc=500000.0|tier3=Ok(())|classify=Ok(["Outer"])
D2|disc n=64 r=1e-3 h=1e-5 dir=(-0.6, -0.48, -0.64) d=1e3 a=0|INVERTED|exact=-3.142e-11|f64=-3.142e-11|VA/esc=500000.0|tier3=Err([NegativeVolume { solid: SolidKey(1v1) }])|classify=Ok(["Void"])
D2|disc n=64 r=1e-3 h=1e-5 dir=(-0.6, -0.48, -0.64) d=1e3 a=0.7|upright|exact=+3.142e-11|f64=+3.142e-11|VA/esc=500000.0|tier3=Ok(())|classify=Ok(["Outer"])
D2|disc n=64 r=1e-3 h=1e-5 dir=(-0.6, -0.48, -0.64) d=1e3 a=0.7|INVERTED|exact=-3.142e-11|f64=-3.142e-11|VA/esc=500000.0|tier3=Err([NegativeVolume { solid: SolidKey(1v1) }])|classify=Ok(["Void"])
D2|disc n=64 r=1e-3 h=1e-5 dir=(-0.6, -0.48, -0.64) d=5e3 a=0|upright|exact=+3.142e-11|f64=+3.142e-11|VA/esc=500000.0|tier3=Ok(())|classify=Err(Escalated { shell: ShellKey(1v1), source: Indeterminate 
D2|disc n=64 r=1e-3 h=1e-5 dir=(-0.6, -0.48, -0.64) d=5e3 a=0|INVERTED|exact=-3.142e-11|f64=-3.142e-11|VA/esc=500000.0|tier3=Ok(())|classify=Err(Escalated { shell: ShellKey(1v1), source: Indeterminate  <-- INSIDE-OUT PASSES
D2|disc n=64 r=1e-3 h=1e-5 dir=(-0.6, -0.48, -0.64) d=5e3 a=0.7|upright|exact=+3.142e-11|f64=+3.142e-11|VA/esc=500000.0|tier3=Err([VolumeUncomputable { solid: SolidKey(1v1), source: Face { face: FaceKey(3v1|classify=Err(Props { shell: ShellKey(1v1), source: Face { face: FaceK <-- VALID REFUSED
D2|disc n=64 r=1e-3 h=1e-5 dir=(-0.6, -0.48, -0.64) d=5e3 a=0.7|INVERTED|exact=-3.142e-11|f64=-3.142e-11|VA/esc=500000.0|tier3=Err([VolumeUncomputable { solid: SolidKey(1v1), source: Face { face: FaceKey(3v1|classify=Err(Props { shell: ShellKey(1v1), source: Face { face: FaceK
D2|disc n=64 r=1e-3 h=1e-5 dir=(-0.6, -0.48, -0.64) d=1e4 a=0|upright|exact=+3.142e-11|f64=+3.142e-11|VA/esc=500000.0|tier3=Err([VolumeUncomputable { solid: SolidKey(1v1), source: Face { face: FaceKey(3v1|classify=Err(Props { shell: ShellKey(1v1), source: Face { face: FaceK <-- VALID REFUSED
D2|disc n=64 r=1e-3 h=1e-5 dir=(-0.6, -0.48, -0.64) d=1e4 a=0|INVERTED|exact=-3.142e-11|f64=-3.142e-11|VA/esc=500000.0|tier3=Err([VolumeUncomputable { solid: SolidKey(1v1), source: Face { face: FaceKey(3v1|classify=Err(Props { shell: ShellKey(1v1), source: Face { face: FaceK
D2|disc n=64 r=1e-3 h=1e-5 dir=(-0.6, -0.48, -0.64) d=1e4 a=0.7|no build
D2|disc n=64 r=1e-3 h=1e-5 dir=(-0.6, -0.48, -0.64) d=2e4 a=0|no build
D2|disc n=64 r=1e-3 h=1e-5 dir=(-0.6, -0.48, -0.64) d=2e4 a=0.7|no build
D2|disc n=64 r=1e-3 h=1e-5 dir=(0.0, 0.0, 1.0) d=1e3 a=0|upright|exact=+3.142e-11|f64=+3.142e-11|VA/esc=500000.0|tier3=Ok(())|classify=Ok(["Outer"])
D2|disc n=64 r=1e-3 h=1e-5 dir=(0.0, 0.0, 1.0) d=1e3 a=0|INVERTED|exact=-3.142e-11|f64=-3.142e-11|VA/esc=500000.0|tier3=Err([NegativeVolume { solid: SolidKey(1v1) }])|classify=Ok(["Void"])
D2|disc n=64 r=1e-3 h=1e-5 dir=(0.0, 0.0, 1.0) d=1e3 a=0.7|upright|exact=+3.142e-11|f64=+3.142e-11|VA/esc=500000.0|tier3=Ok(())|classify=Ok(["Outer"])
D2|disc n=64 r=1e-3 h=1e-5 dir=(0.0, 0.0, 1.0) d=1e3 a=0.7|INVERTED|exact=-3.142e-11|f64=-3.142e-11|VA/esc=500000.0|tier3=Err([NegativeVolume { solid: SolidKey(1v1) }])|classify=Ok(["Void"])
D2|disc n=64 r=1e-3 h=1e-5 dir=(0.0, 0.0, 1.0) d=5e3 a=0|upright|exact=+3.142e-11|f64=+3.142e-11|VA/esc=500000.0|tier3=Ok(())|classify=Ok(["Outer"])
D2|disc n=64 r=1e-3 h=1e-5 dir=(0.0, 0.0, 1.0) d=5e3 a=0|INVERTED|exact=-3.142e-11|f64=-3.142e-11|VA/esc=500000.0|tier3=Err([NegativeVolume { solid: SolidKey(1v1) }])|classify=Ok(["Void"])
D2|disc n=64 r=1e-3 h=1e-5 dir=(0.0, 0.0, 1.0) d=5e3 a=0.7|upright|exact=+3.142e-11|f64=+3.142e-11|VA/esc=500000.0|tier3=Err([VolumeUncomputable { solid: SolidKey(1v1), source: Face { face: FaceKey(3v1|classify=Err(Props { shell: ShellKey(1v1), source: Face { face: FaceK <-- VALID REFUSED
D2|disc n=64 r=1e-3 h=1e-5 dir=(0.0, 0.0, 1.0) d=5e3 a=0.7|INVERTED|exact=-3.142e-11|f64=-3.142e-11|VA/esc=500000.0|tier3=Err([VolumeUncomputable { solid: SolidKey(1v1), source: Face { face: FaceKey(3v1|classify=Err(Props { shell: ShellKey(1v1), source: Face { face: FaceK
D2|disc n=64 r=1e-3 h=1e-5 dir=(0.0, 0.0, 1.0) d=1e4 a=0|upright|exact=+3.142e-11|f64=+3.142e-11|VA/esc=500000.0|tier3=Err([VolumeUncomputable { solid: SolidKey(1v1), source: Face { face: FaceKey(3v1|classify=Err(Props { shell: ShellKey(1v1), source: Face { face: FaceK <-- VALID REFUSED
D2|disc n=64 r=1e-3 h=1e-5 dir=(0.0, 0.0, 1.0) d=1e4 a=0|INVERTED|exact=-3.142e-11|f64=-3.142e-11|VA/esc=500000.0|tier3=Err([VolumeUncomputable { solid: SolidKey(1v1), source: Face { face: FaceKey(3v1|classify=Err(Props { shell: ShellKey(1v1), source: Face { face: FaceK
D2|disc n=64 r=1e-3 h=1e-5 dir=(0.0, 0.0, 1.0) d=1e4 a=0.7|no build
D2|disc n=64 r=1e-3 h=1e-5 dir=(0.0, 0.0, 1.0) d=2e4 a=0|upright|exact=+3.142e-11|f64=+3.142e-11|VA/esc=500000.0|tier3=Err([VolumeUncomputable { solid: SolidKey(1v1), source: Face { face: FaceKey(3v1|classify=Err(Props { shell: ShellKey(1v1), source: Face { face: FaceK <-- VALID REFUSED
D2|disc n=64 r=1e-3 h=1e-5 dir=(0.0, 0.0, 1.0) d=2e4 a=0|INVERTED|exact=-3.142e-11|f64=-3.142e-11|VA/esc=500000.0|tier3=Err([VolumeUncomputable { solid: SolidKey(1v1), source: Face { face: FaceKey(3v1|classify=Err(Props { shell: ShellKey(1v1), source: Face { face: FaceK
D2|disc n=64 r=1e-3 h=1e-5 dir=(0.0, 0.0, 1.0) d=2e4 a=0.7|no build
D2|disc n=64 r=1e-2 h=1e-6 dir=(0.6, 0.48, 0.64) d=1e3 a=0|upright|exact=+3.142e-10|f64=+3.142e-10|VA/esc=50000.0|tier3=Ok(())|classify=Ok(["Outer"])
D2|disc n=64 r=1e-2 h=1e-6 dir=(0.6, 0.48, 0.64) d=1e3 a=0|INVERTED|exact=-3.142e-10|f64=-3.142e-10|VA/esc=50000.0|tier3=Err([NegativeVolume { solid: SolidKey(1v1) }])|classify=Ok(["Void"])
D2|disc n=64 r=1e-2 h=1e-6 dir=(0.6, 0.48, 0.64) d=1e3 a=0.7|upright|exact=+3.142e-10|f64=+3.142e-10|VA/esc=50000.0|tier3=Ok(())|classify=Ok(["Outer"])
D2|disc n=64 r=1e-2 h=1e-6 dir=(0.6, 0.48, 0.64) d=1e3 a=0.7|INVERTED|exact=-3.142e-10|f64=-3.142e-10|VA/esc=50000.0|tier3=Err([NegativeVolume { solid: SolidKey(1v1) }])|classify=Ok(["Void"])
D2|disc n=64 r=1e-2 h=1e-6 dir=(0.6, 0.48, 0.64) d=5e3 a=0|upright|exact=+3.142e-10|f64=+3.142e-10|VA/esc=50000.0|tier3=Ok(())|classify=Err(Escalated { shell: ShellKey(1v1), source: Indeterminate 
D2|disc n=64 r=1e-2 h=1e-6 dir=(0.6, 0.48, 0.64) d=5e3 a=0|INVERTED|exact=-3.142e-10|f64=-3.142e-10|VA/esc=50000.0|tier3=Ok(())|classify=Err(Escalated { shell: ShellKey(1v1), source: Indeterminate  <-- INSIDE-OUT PASSES
D2|disc n=64 r=1e-2 h=1e-6 dir=(0.6, 0.48, 0.64) d=5e3 a=0.7|upright|exact=+3.142e-10|f64=+3.142e-10|VA/esc=50000.0|tier3=Err([VolumeUncomputable { solid: SolidKey(1v1), source: Face { face: FaceKey(3v1|classify=Err(Props { shell: ShellKey(1v1), source: Face { face: FaceK <-- VALID REFUSED
D2|disc n=64 r=1e-2 h=1e-6 dir=(0.6, 0.48, 0.64) d=5e3 a=0.7|INVERTED|exact=-3.142e-10|f64=-3.142e-10|VA/esc=50000.0|tier3=Err([VolumeUncomputable { solid: SolidKey(1v1), source: Face { face: FaceKey(3v1|classify=Err(Props { shell: ShellKey(1v1), source: Face { face: FaceK
D2|disc n=64 r=1e-2 h=1e-6 dir=(0.6, 0.48, 0.64) d=1e4 a=0|upright|exact=+3.142e-10|f64=+3.142e-10|VA/esc=50000.0|tier3=Err([VolumeUncomputable { solid: SolidKey(1v1), source: Face { face: FaceKey(3v1|classify=Err(Props { shell: ShellKey(1v1), source: Face { face: FaceK <-- VALID REFUSED
D2|disc n=64 r=1e-2 h=1e-6 dir=(0.6, 0.48, 0.64) d=1e4 a=0|INVERTED|exact=-3.142e-10|f64=-3.142e-10|VA/esc=50000.0|tier3=Err([VolumeUncomputable { solid: SolidKey(1v1), source: Face { face: FaceKey(3v1|classify=Err(Props { shell: ShellKey(1v1), source: Face { face: FaceK
D2|disc n=64 r=1e-2 h=1e-6 dir=(0.6, 0.48, 0.64) d=1e4 a=0.7|no build
D2|disc n=64 r=1e-2 h=1e-6 dir=(0.6, 0.48, 0.64) d=2e4 a=0|no build
D2|disc n=64 r=1e-2 h=1e-6 dir=(0.6, 0.48, 0.64) d=2e4 a=0.7|no build
D2|disc n=64 r=1e-2 h=1e-6 dir=(-0.6, -0.48, -0.64) d=1e3 a=0|upright|exact=+3.142e-10|f64=+3.142e-10|VA/esc=50000.0|tier3=Ok(())|classify=Ok(["Outer"])
D2|disc n=64 r=1e-2 h=1e-6 dir=(-0.6, -0.48, -0.64) d=1e3 a=0|INVERTED|exact=-3.142e-10|f64=-3.142e-10|VA/esc=50000.0|tier3=Err([NegativeVolume { solid: SolidKey(1v1) }])|classify=Ok(["Void"])
D2|disc n=64 r=1e-2 h=1e-6 dir=(-0.6, -0.48, -0.64) d=1e3 a=0.7|upright|exact=+3.142e-10|f64=+3.142e-10|VA/esc=50000.0|tier3=Ok(())|classify=Ok(["Outer"])
D2|disc n=64 r=1e-2 h=1e-6 dir=(-0.6, -0.48, -0.64) d=1e3 a=0.7|INVERTED|exact=-3.142e-10|f64=-3.142e-10|VA/esc=50000.0|tier3=Err([NegativeVolume { solid: SolidKey(1v1) }])|classify=Ok(["Void"])
D2|disc n=64 r=1e-2 h=1e-6 dir=(-0.6, -0.48, -0.64) d=5e3 a=0|upright|exact=+3.142e-10|f64=+3.142e-10|VA/esc=50000.0|tier3=Ok(())|classify=Err(Escalated { shell: ShellKey(1v1), source: Indeterminate 
D2|disc n=64 r=1e-2 h=1e-6 dir=(-0.6, -0.48, -0.64) d=5e3 a=0|INVERTED|exact=-3.142e-10|f64=-3.142e-10|VA/esc=50000.0|tier3=Ok(())|classify=Err(Escalated { shell: ShellKey(1v1), source: Indeterminate  <-- INSIDE-OUT PASSES
D2|disc n=64 r=1e-2 h=1e-6 dir=(-0.6, -0.48, -0.64) d=5e3 a=0.7|upright|exact=+3.142e-10|f64=+3.142e-10|VA/esc=50000.0|tier3=Err([VolumeUncomputable { solid: SolidKey(1v1), source: Face { face: FaceKey(3v1|classify=Err(Props { shell: ShellKey(1v1), source: Face { face: FaceK <-- VALID REFUSED
D2|disc n=64 r=1e-2 h=1e-6 dir=(-0.6, -0.48, -0.64) d=5e3 a=0.7|INVERTED|exact=-3.142e-10|f64=-3.142e-10|VA/esc=50000.0|tier3=Err([VolumeUncomputable { solid: SolidKey(1v1), source: Face { face: FaceKey(3v1|classify=Err(Props { shell: ShellKey(1v1), source: Face { face: FaceK
D2|disc n=64 r=1e-2 h=1e-6 dir=(-0.6, -0.48, -0.64) d=1e4 a=0|upright|exact=+3.142e-10|f64=+3.142e-10|VA/esc=50000.0|tier3=Err([VolumeUncomputable { solid: SolidKey(1v1), source: Face { face: FaceKey(3v1|classify=Err(Props { shell: ShellKey(1v1), source: Face { face: FaceK <-- VALID REFUSED
D2|disc n=64 r=1e-2 h=1e-6 dir=(-0.6, -0.48, -0.64) d=1e4 a=0|INVERTED|exact=-3.142e-10|f64=-3.142e-10|VA/esc=50000.0|tier3=Err([VolumeUncomputable { solid: SolidKey(1v1), source: Face { face: FaceKey(3v1|classify=Err(Props { shell: ShellKey(1v1), source: Face { face: FaceK
D2|disc n=64 r=1e-2 h=1e-6 dir=(-0.6, -0.48, -0.64) d=1e4 a=0.7|no build
D2|disc n=64 r=1e-2 h=1e-6 dir=(-0.6, -0.48, -0.64) d=2e4 a=0|no build
D2|disc n=64 r=1e-2 h=1e-6 dir=(-0.6, -0.48, -0.64) d=2e4 a=0.7|no build
D2|disc n=64 r=1e-2 h=1e-6 dir=(0.0, 0.0, 1.0) d=1e3 a=0|upright|exact=+3.142e-10|f64=+3.142e-10|VA/esc=50000.0|tier3=Ok(())|classify=Ok(["Outer"])
D2|disc n=64 r=1e-2 h=1e-6 dir=(0.0, 0.0, 1.0) d=1e3 a=0|INVERTED|exact=-3.142e-10|f64=-3.142e-10|VA/esc=50000.0|tier3=Err([NegativeVolume { solid: SolidKey(1v1) }])|classify=Ok(["Void"])
D2|disc n=64 r=1e-2 h=1e-6 dir=(0.0, 0.0, 1.0) d=1e3 a=0.7|upright|exact=+3.142e-10|f64=+3.142e-10|VA/esc=50000.0|tier3=Ok(())|classify=Ok(["Outer"])
D2|disc n=64 r=1e-2 h=1e-6 dir=(0.0, 0.0, 1.0) d=1e3 a=0.7|INVERTED|exact=-3.142e-10|f64=-3.142e-10|VA/esc=50000.0|tier3=Err([NegativeVolume { solid: SolidKey(1v1) }])|classify=Ok(["Void"])
D2|disc n=64 r=1e-2 h=1e-6 dir=(0.0, 0.0, 1.0) d=5e3 a=0|upright|exact=+3.142e-10|f64=+3.142e-10|VA/esc=50000.0|tier3=Ok(())|classify=Ok(["Outer"])
D2|disc n=64 r=1e-2 h=1e-6 dir=(0.0, 0.0, 1.0) d=5e3 a=0|INVERTED|exact=-3.142e-10|f64=-3.142e-10|VA/esc=50000.0|tier3=Err([NegativeVolume { solid: SolidKey(1v1) }])|classify=Ok(["Void"])
D2|disc n=64 r=1e-2 h=1e-6 dir=(0.0, 0.0, 1.0) d=5e3 a=0.7|upright|exact=+3.142e-10|f64=+3.142e-10|VA/esc=50000.0|tier3=Err([VolumeUncomputable { solid: SolidKey(1v1), source: Face { face: FaceKey(3v1|classify=Err(Props { shell: ShellKey(1v1), source: Face { face: FaceK <-- VALID REFUSED
D2|disc n=64 r=1e-2 h=1e-6 dir=(0.0, 0.0, 1.0) d=5e3 a=0.7|INVERTED|exact=-3.142e-10|f64=-3.142e-10|VA/esc=50000.0|tier3=Err([VolumeUncomputable { solid: SolidKey(1v1), source: Face { face: FaceKey(3v1|classify=Err(Props { shell: ShellKey(1v1), source: Face { face: FaceK
D2|disc n=64 r=1e-2 h=1e-6 dir=(0.0, 0.0, 1.0) d=1e4 a=0|upright|exact=+3.142e-10|f64=+3.142e-10|VA/esc=50000.0|tier3=Err([VolumeUncomputable { solid: SolidKey(1v1), source: Face { face: FaceKey(3v1|classify=Err(Props { shell: ShellKey(1v1), source: Face { face: FaceK <-- VALID REFUSED
D2|disc n=64 r=1e-2 h=1e-6 dir=(0.0, 0.0, 1.0) d=1e4 a=0|INVERTED|exact=-3.142e-10|f64=-3.142e-10|VA/esc=50000.0|tier3=Err([VolumeUncomputable { solid: SolidKey(1v1), source: Face { face: FaceKey(3v1|classify=Err(Props { shell: ShellKey(1v1), source: Face { face: FaceK
D2|disc n=64 r=1e-2 h=1e-6 dir=(0.0, 0.0, 1.0) d=1e4 a=0.7|no build
D2|disc n=64 r=1e-2 h=1e-6 dir=(0.0, 0.0, 1.0) d=2e4 a=0|upright|exact=+3.142e-10|f64=+3.142e-10|VA/esc=50000.0|tier3=Err([VolumeUncomputable { solid: SolidKey(1v1), source: Face { face: FaceKey(3v1|classify=Err(Props { shell: ShellKey(1v1), source: Face { face: FaceK <-- VALID REFUSED
D2|disc n=64 r=1e-2 h=1e-6 dir=(0.0, 0.0, 1.0) d=2e4 a=0|INVERTED|exact=-3.142e-10|f64=-3.142e-10|VA/esc=50000.0|tier3=Err([VolumeUncomputable { solid: SolidKey(1v1), source: Face { face: FaceKey(3v1|classify=Err(Props { shell: ShellKey(1v1), source: Face { face: FaceK
D2|disc n=64 r=1e-2 h=1e-6 dir=(0.0, 0.0, 1.0) d=2e4 a=0.7|no build
test probe_d2_sweep::d2_disc_family ... ok

test result: ok. 1 passed; 0 failed; 0 ignored; 0 measured; 2111 filtered out; finished in 7.24s

        PASS [   7.247s] (3/9) sweep::all probe_d2_sweep::d2_disc_family
       START [         ] (4/9) sweep::all probe_d2_sweep::d2_planar_fans

running 1 test
D2|fan|eps=1e-12
D2|ngon n=3 h=1e-7 dir=(0.6, 0.48, 0.64) d=0e0 a=0|upright|exact=+1.299e-13|f64=+1.299e-13|VA/esc=5000.0|tier3=Ok(())|classify=Ok(["Outer"])
D2|ngon n=3 h=1e-7 dir=(0.6, 0.48, 0.64) d=0e0 a=0|INVERTED|exact=-1.299e-13|f64=-1.299e-13|VA/esc=5000.0|tier3=Err([NegativeVolume { solid: SolidKey(1v1) }])|classify=Ok(["Void"])
D2|ngon n=3 h=1e-7 dir=(0.6, 0.48, 0.64) d=0e0 a=0.7|upright|exact=+1.299e-13|f64=+1.299e-13|VA/esc=5000.0|tier3=Ok(())|classify=Ok(["Outer"])
D2|ngon n=3 h=1e-7 dir=(0.6, 0.48, 0.64) d=0e0 a=0.7|INVERTED|exact=-1.299e-13|f64=-1.299e-13|VA/esc=5000.0|tier3=Err([NegativeVolume { solid: SolidKey(1v1) }])|classify=Ok(["Void"])
D2|ngon n=3 h=1e-7 dir=(0.6, 0.48, 0.64) d=1e3 a=0|upright|exact=+1.299e-13|f64=+1.299e-13|VA/esc=5000.0|tier3=Ok(())|classify=Err(Escalated { shell: ShellKey(1v1), source: Indeterminate 
D2|ngon n=3 h=1e-7 dir=(0.6, 0.48, 0.64) d=1e3 a=0|INVERTED|exact=-1.299e-13|f64=-1.299e-13|VA/esc=5000.0|tier3=Ok(())|classify=Err(Escalated { shell: ShellKey(1v1), source: Indeterminate  <-- INSIDE-OUT PASSES
D2|ngon n=3 h=1e-7 dir=(0.6, 0.48, 0.64) d=1e3 a=0.7|upright|exact=+1.299e-13|f64=+1.299e-13|VA/esc=5000.0|tier3=Ok(())|classify=Err(Escalated { shell: ShellKey(1v1), source: Indeterminate 
D2|ngon n=3 h=1e-7 dir=(0.6, 0.48, 0.64) d=1e3 a=0.7|INVERTED|exact=-1.299e-13|f64=-1.299e-13|VA/esc=5000.0|tier3=Ok(())|classify=Err(Escalated { shell: ShellKey(1v1), source: Indeterminate  <-- INSIDE-OUT PASSES
D2|ngon n=3 h=1e-7 dir=(0.6, 0.48, 0.64) d=5e3 a=0|upright|exact=+1.299e-13|f64=+1.299e-13|VA/esc=5000.0|tier3=Ok(())|classify=Err(Escalated { shell: ShellKey(1v1), source: Indeterminate 
D2|ngon n=3 h=1e-7 dir=(0.6, 0.48, 0.64) d=5e3 a=0|INVERTED|exact=-1.299e-13|f64=-1.299e-13|VA/esc=5000.0|tier3=Ok(())|classify=Err(Escalated { shell: ShellKey(1v1), source: Indeterminate  <-- INSIDE-OUT PASSES
D2|ngon n=3 h=1e-7 dir=(0.6, 0.48, 0.64) d=5e3 a=0.7|upright|exact=+1.299e-13|f64=+1.299e-13|VA/esc=5000.0|tier3=Ok(())|classify=Err(Escalated { shell: ShellKey(1v1), source: Indeterminate 
D2|ngon n=3 h=1e-7 dir=(0.6, 0.48, 0.64) d=5e3 a=0.7|INVERTED|exact=-1.299e-13|f64=-1.299e-13|VA/esc=5000.0|tier3=Ok(())|classify=Err(Escalated { shell: ShellKey(1v1), source: Indeterminate  <-- INSIDE-OUT PASSES
D2|ngon n=3 h=1e-7 dir=(0.6, 0.48, 0.64) d=2e4 a=0|no build
D2|ngon n=3 h=1e-7 dir=(0.6, 0.48, 0.64) d=2e4 a=0.7|no build
D2|ngon n=3 h=1e-7 dir=(-0.6, -0.48, -0.64) d=0e0 a=0|upright|exact=+1.299e-13|f64=+1.299e-13|VA/esc=5000.0|tier3=Ok(())|classify=Ok(["Outer"])
D2|ngon n=3 h=1e-7 dir=(-0.6, -0.48, -0.64) d=0e0 a=0|INVERTED|exact=-1.299e-13|f64=-1.299e-13|VA/esc=5000.0|tier3=Err([NegativeVolume { solid: SolidKey(1v1) }])|classify=Ok(["Void"])
D2|ngon n=3 h=1e-7 dir=(-0.6, -0.48, -0.64) d=0e0 a=0.7|upright|exact=+1.299e-13|f64=+1.299e-13|VA/esc=5000.0|tier3=Ok(())|classify=Ok(["Outer"])
D2|ngon n=3 h=1e-7 dir=(-0.6, -0.48, -0.64) d=0e0 a=0.7|INVERTED|exact=-1.299e-13|f64=-1.299e-13|VA/esc=5000.0|tier3=Err([NegativeVolume { solid: SolidKey(1v1) }])|classify=Ok(["Void"])
D2|ngon n=3 h=1e-7 dir=(-0.6, -0.48, -0.64) d=1e3 a=0|upright|exact=+1.299e-13|f64=+1.299e-13|VA/esc=5000.0|tier3=Ok(())|classify=Err(Escalated { shell: ShellKey(1v1), source: Indeterminate 
D2|ngon n=3 h=1e-7 dir=(-0.6, -0.48, -0.64) d=1e3 a=0|INVERTED|exact=-1.299e-13|f64=-1.299e-13|VA/esc=5000.0|tier3=Ok(())|classify=Err(Escalated { shell: ShellKey(1v1), source: Indeterminate  <-- INSIDE-OUT PASSES
D2|ngon n=3 h=1e-7 dir=(-0.6, -0.48, -0.64) d=1e3 a=0.7|upright|exact=+1.299e-13|f64=+1.299e-13|VA/esc=5000.0|tier3=Ok(())|classify=Err(Escalated { shell: ShellKey(1v1), source: Indeterminate 
D2|ngon n=3 h=1e-7 dir=(-0.6, -0.48, -0.64) d=1e3 a=0.7|INVERTED|exact=-1.299e-13|f64=-1.299e-13|VA/esc=5000.0|tier3=Ok(())|classify=Err(Escalated { shell: ShellKey(1v1), source: Indeterminate  <-- INSIDE-OUT PASSES
D2|ngon n=3 h=1e-7 dir=(-0.6, -0.48, -0.64) d=5e3 a=0|upright|exact=+1.299e-13|f64=+1.299e-13|VA/esc=5000.0|tier3=Ok(())|classify=Err(Escalated { shell: ShellKey(1v1), source: Indeterminate 
D2|ngon n=3 h=1e-7 dir=(-0.6, -0.48, -0.64) d=5e3 a=0|INVERTED|exact=-1.299e-13|f64=-1.299e-13|VA/esc=5000.0|tier3=Ok(())|classify=Err(Escalated { shell: ShellKey(1v1), source: Indeterminate  <-- INSIDE-OUT PASSES
D2|ngon n=3 h=1e-7 dir=(-0.6, -0.48, -0.64) d=5e3 a=0.7|upright|exact=+1.299e-13|f64=+1.299e-13|VA/esc=5000.0|tier3=Ok(())|classify=Err(Escalated { shell: ShellKey(1v1), source: Indeterminate 
D2|ngon n=3 h=1e-7 dir=(-0.6, -0.48, -0.64) d=5e3 a=0.7|INVERTED|exact=-1.299e-13|f64=-1.299e-13|VA/esc=5000.0|tier3=Ok(())|classify=Err(Escalated { shell: ShellKey(1v1), source: Indeterminate  <-- INSIDE-OUT PASSES
D2|ngon n=3 h=1e-7 dir=(-0.6, -0.48, -0.64) d=2e4 a=0|no build
D2|ngon n=3 h=1e-7 dir=(-0.6, -0.48, -0.64) d=2e4 a=0.7|no build
D2|ngon n=3 h=1e-7 dir=(0.0, 0.0, 1.0) d=0e0 a=0|upright|exact=+1.299e-13|f64=+1.299e-13|VA/esc=5000.0|tier3=Ok(())|classify=Ok(["Outer"])
D2|ngon n=3 h=1e-7 dir=(0.0, 0.0, 1.0) d=0e0 a=0|INVERTED|exact=-1.299e-13|f64=-1.299e-13|VA/esc=5000.0|tier3=Err([NegativeVolume { solid: SolidKey(1v1) }])|classify=Ok(["Void"])
D2|ngon n=3 h=1e-7 dir=(0.0, 0.0, 1.0) d=0e0 a=0.7|upright|exact=+1.299e-13|f64=+1.299e-13|VA/esc=5000.0|tier3=Ok(())|classify=Ok(["Outer"])
D2|ngon n=3 h=1e-7 dir=(0.0, 0.0, 1.0) d=0e0 a=0.7|INVERTED|exact=-1.299e-13|f64=-1.299e-13|VA/esc=5000.0|tier3=Err([NegativeVolume { solid: SolidKey(1v1) }])|classify=Ok(["Void"])
D2|ngon n=3 h=1e-7 dir=(0.0, 0.0, 1.0) d=1e3 a=0|upright|exact=+1.299e-13|f64=+1.299e-13|VA/esc=5000.0|tier3=Ok(())|classify=Ok(["Outer"])
D2|ngon n=3 h=1e-7 dir=(0.0, 0.0, 1.0) d=1e3 a=0|INVERTED|exact=-1.299e-13|f64=-1.299e-13|VA/esc=5000.0|tier3=Err([NegativeVolume { solid: SolidKey(1v1) }])|classify=Ok(["Void"])
D2|ngon n=3 h=1e-7 dir=(0.0, 0.0, 1.0) d=1e3 a=0.7|upright|exact=+1.299e-13|f64=+1.299e-13|VA/esc=5000.0|tier3=Ok(())|classify=Ok(["Outer"])
D2|ngon n=3 h=1e-7 dir=(0.0, 0.0, 1.0) d=1e3 a=0.7|INVERTED|exact=-1.299e-13|f64=-1.299e-13|VA/esc=5000.0|tier3=Err([NegativeVolume { solid: SolidKey(1v1) }])|classify=Ok(["Void"])
D2|ngon n=3 h=1e-7 dir=(0.0, 0.0, 1.0) d=5e3 a=0|upright|exact=+1.299e-13|f64=+1.299e-13|VA/esc=5000.0|tier3=Ok(())|classify=Ok(["Outer"])
D2|ngon n=3 h=1e-7 dir=(0.0, 0.0, 1.0) d=5e3 a=0|INVERTED|exact=-1.299e-13|f64=-1.299e-13|VA/esc=5000.0|tier3=Err([NegativeVolume { solid: SolidKey(1v1) }])|classify=Ok(["Void"])
D2|ngon n=3 h=1e-7 dir=(0.0, 0.0, 1.0) d=5e3 a=0.7|upright|exact=+1.299e-13|f64=+1.299e-13|VA/esc=5000.0|tier3=Ok(())|classify=Ok(["Outer"])
D2|ngon n=3 h=1e-7 dir=(0.0, 0.0, 1.0) d=5e3 a=0.7|INVERTED|exact=-1.299e-13|f64=-1.299e-13|VA/esc=5000.0|tier3=Err([NegativeVolume { solid: SolidKey(1v1) }])|classify=Ok(["Void"])
D2|ngon n=3 h=1e-7 dir=(0.0, 0.0, 1.0) d=2e4 a=0|upright|exact=+1.299e-13|f64=+1.299e-13|VA/esc=5000.0|tier3=Ok(())|classify=Ok(["Outer"])
D2|ngon n=3 h=1e-7 dir=(0.0, 0.0, 1.0) d=2e4 a=0|INVERTED|exact=-1.299e-13|f64=-1.299e-13|VA/esc=5000.0|tier3=Err([NegativeVolume { solid: SolidKey(1v1) }])|classify=Ok(["Void"])
D2|ngon n=3 h=1e-7 dir=(0.0, 0.0, 1.0) d=2e4 a=0.7|no build
D2|ngon n=17 h=1e-7 dir=(0.6, 0.48, 0.64) d=0e0 a=0|upright|exact=+3.071e-13|f64=+3.071e-13|VA/esc=5000.0|tier3=Ok(())|classify=Ok(["Outer"])
D2|ngon n=17 h=1e-7 dir=(0.6, 0.48, 0.64) d=0e0 a=0|INVERTED|exact=-3.071e-13|f64=-3.071e-13|VA/esc=5000.0|tier3=Err([NegativeVolume { solid: SolidKey(1v1) }])|classify=Ok(["Void"])
D2|ngon n=17 h=1e-7 dir=(0.6, 0.48, 0.64) d=0e0 a=0.7|upright|exact=+3.071e-13|f64=+3.071e-13|VA/esc=5000.0|tier3=Ok(())|classify=Ok(["Outer"])
D2|ngon n=17 h=1e-7 dir=(0.6, 0.48, 0.64) d=0e0 a=0.7|INVERTED|exact=-3.071e-13|f64=-3.071e-13|VA/esc=5000.0|tier3=Err([NegativeVolume { solid: SolidKey(1v1) }])|classify=Ok(["Void"])
D2|ngon n=17 h=1e-7 dir=(0.6, 0.48, 0.64) d=1e3 a=0|upright|exact=+3.071e-13|f64=+3.071e-13|VA/esc=5000.0|tier3=Ok(())|classify=Err(Escalated { shell: ShellKey(1v1), source: Indeterminate 
D2|ngon n=17 h=1e-7 dir=(0.6, 0.48, 0.64) d=1e3 a=0|INVERTED|exact=-3.071e-13|f64=-3.071e-13|VA/esc=5000.0|tier3=Ok(())|classify=Err(Escalated { shell: ShellKey(1v1), source: Indeterminate  <-- INSIDE-OUT PASSES
D2|ngon n=17 h=1e-7 dir=(0.6, 0.48, 0.64) d=1e3 a=0.7|upright|exact=+3.071e-13|f64=+3.071e-13|VA/esc=5000.0|tier3=Ok(())|classify=Err(Escalated { shell: ShellKey(1v1), source: Indeterminate 
D2|ngon n=17 h=1e-7 dir=(0.6, 0.48, 0.64) d=1e3 a=0.7|INVERTED|exact=-3.071e-13|f64=-3.071e-13|VA/esc=5000.0|tier3=Ok(())|classify=Err(Escalated { shell: ShellKey(1v1), source: Indeterminate  <-- INSIDE-OUT PASSES
D2|ngon n=17 h=1e-7 dir=(0.6, 0.48, 0.64) d=5e3 a=0|upright|exact=+3.071e-13|f64=+3.071e-13|VA/esc=5000.0|tier3=Ok(())|classify=Err(Escalated { shell: ShellKey(1v1), source: Indeterminate 
D2|ngon n=17 h=1e-7 dir=(0.6, 0.48, 0.64) d=5e3 a=0|INVERTED|exact=-3.071e-13|f64=-3.071e-13|VA/esc=5000.0|tier3=Ok(())|classify=Err(Escalated { shell: ShellKey(1v1), source: Indeterminate  <-- INSIDE-OUT PASSES
D2|ngon n=17 h=1e-7 dir=(0.6, 0.48, 0.64) d=5e3 a=0.7|upright|exact=+3.071e-13|f64=+3.070e-13|VA/esc=5000.0|tier3=Ok(())|classify=Err(Escalated { shell: ShellKey(1v1), source: Indeterminate 
D2|ngon n=17 h=1e-7 dir=(0.6, 0.48, 0.64) d=5e3 a=0.7|INVERTED|exact=-3.071e-13|f64=-3.070e-13|VA/esc=5000.0|tier3=Ok(())|classify=Err(Escalated { shell: ShellKey(1v1), source: Indeterminate  <-- INSIDE-OUT PASSES
D2|ngon n=17 h=1e-7 dir=(0.6, 0.48, 0.64) d=2e4 a=0|no build
D2|ngon n=17 h=1e-7 dir=(0.6, 0.48, 0.64) d=2e4 a=0.7|no build
D2|ngon n=17 h=1e-7 dir=(-0.6, -0.48, -0.64) d=0e0 a=0|upright|exact=+3.071e-13|f64=+3.071e-13|VA/esc=5000.0|tier3=Ok(())|classify=Ok(["Outer"])
D2|ngon n=17 h=1e-7 dir=(-0.6, -0.48, -0.64) d=0e0 a=0|INVERTED|exact=-3.071e-13|f64=-3.071e-13|VA/esc=5000.0|tier3=Err([NegativeVolume { solid: SolidKey(1v1) }])|classify=Ok(["Void"])
D2|ngon n=17 h=1e-7 dir=(-0.6, -0.48, -0.64) d=0e0 a=0.7|upright|exact=+3.071e-13|f64=+3.071e-13|VA/esc=5000.0|tier3=Ok(())|classify=Ok(["Outer"])
D2|ngon n=17 h=1e-7 dir=(-0.6, -0.48, -0.64) d=0e0 a=0.7|INVERTED|exact=-3.071e-13|f64=-3.071e-13|VA/esc=5000.0|tier3=Err([NegativeVolume { solid: SolidKey(1v1) }])|classify=Ok(["Void"])
D2|ngon n=17 h=1e-7 dir=(-0.6, -0.48, -0.64) d=1e3 a=0|upright|exact=+3.071e-13|f64=+3.071e-13|VA/esc=5000.0|tier3=Ok(())|classify=Err(Escalated { shell: ShellKey(1v1), source: Indeterminate 
D2|ngon n=17 h=1e-7 dir=(-0.6, -0.48, -0.64) d=1e3 a=0|INVERTED|exact=-3.071e-13|f64=-3.071e-13|VA/esc=5000.0|tier3=Ok(())|classify=Err(Escalated { shell: ShellKey(1v1), source: Indeterminate  <-- INSIDE-OUT PASSES
D2|ngon n=17 h=1e-7 dir=(-0.6, -0.48, -0.64) d=1e3 a=0.7|upright|exact=+3.071e-13|f64=+3.071e-13|VA/esc=5000.0|tier3=Ok(())|classify=Err(Escalated { shell: ShellKey(1v1), source: Indeterminate 
D2|ngon n=17 h=1e-7 dir=(-0.6, -0.48, -0.64) d=1e3 a=0.7|INVERTED|exact=-3.071e-13|f64=-3.071e-13|VA/esc=5000.0|tier3=Ok(())|classify=Err(Escalated { shell: ShellKey(1v1), source: Indeterminate  <-- INSIDE-OUT PASSES
D2|ngon n=17 h=1e-7 dir=(-0.6, -0.48, -0.64) d=5e3 a=0|upright|exact=+3.071e-13|f64=+3.070e-13|VA/esc=5000.0|tier3=Ok(())|classify=Err(Escalated { shell: ShellKey(1v1), source: Indeterminate 
D2|ngon n=17 h=1e-7 dir=(-0.6, -0.48, -0.64) d=5e3 a=0|INVERTED|exact=-3.071e-13|f64=-3.070e-13|VA/esc=5000.0|tier3=Ok(())|classify=Err(Escalated { shell: ShellKey(1v1), source: Indeterminate  <-- INSIDE-OUT PASSES
D2|ngon n=17 h=1e-7 dir=(-0.6, -0.48, -0.64) d=5e3 a=0.7|upright|exact=+3.071e-13|f64=+3.071e-13|VA/esc=5000.0|tier3=Ok(())|classify=Err(Escalated { shell: ShellKey(1v1), source: Indeterminate 
D2|ngon n=17 h=1e-7 dir=(-0.6, -0.48, -0.64) d=5e3 a=0.7|INVERTED|exact=-3.071e-13|f64=-3.071e-13|VA/esc=5000.0|tier3=Ok(())|classify=Err(Escalated { shell: ShellKey(1v1), source: Indeterminate  <-- INSIDE-OUT PASSES
D2|ngon n=17 h=1e-7 dir=(-0.6, -0.48, -0.64) d=2e4 a=0|no build
D2|ngon n=17 h=1e-7 dir=(-0.6, -0.48, -0.64) d=2e4 a=0.7|no build
D2|ngon n=17 h=1e-7 dir=(0.0, 0.0, 1.0) d=0e0 a=0|upright|exact=+3.071e-13|f64=+3.071e-13|VA/esc=5000.0|tier3=Ok(())|classify=Ok(["Outer"])
D2|ngon n=17 h=1e-7 dir=(0.0, 0.0, 1.0) d=0e0 a=0|INVERTED|exact=-3.071e-13|f64=-3.071e-13|VA/esc=5000.0|tier3=Err([NegativeVolume { solid: SolidKey(1v1) }])|classify=Ok(["Void"])
D2|ngon n=17 h=1e-7 dir=(0.0, 0.0, 1.0) d=0e0 a=0.7|upright|exact=+3.071e-13|f64=+3.071e-13|VA/esc=5000.0|tier3=Ok(())|classify=Ok(["Outer"])
D2|ngon n=17 h=1e-7 dir=(0.0, 0.0, 1.0) d=0e0 a=0.7|INVERTED|exact=-3.071e-13|f64=-3.071e-13|VA/esc=5000.0|tier3=Err([NegativeVolume { solid: SolidKey(1v1) }])|classify=Ok(["Void"])
D2|ngon n=17 h=1e-7 dir=(0.0, 0.0, 1.0) d=1e3 a=0|upright|exact=+3.071e-13|f64=+3.071e-13|VA/esc=5000.0|tier3=Ok(())|classify=Ok(["Outer"])
D2|ngon n=17 h=1e-7 dir=(0.0, 0.0, 1.0) d=1e3 a=0|INVERTED|exact=-3.071e-13|f64=-3.071e-13|VA/esc=5000.0|tier3=Err([NegativeVolume { solid: SolidKey(1v1) }])|classify=Ok(["Void"])
D2|ngon n=17 h=1e-7 dir=(0.0, 0.0, 1.0) d=1e3 a=0.7|upright|exact=+3.071e-13|f64=+3.071e-13|VA/esc=5000.0|tier3=Ok(())|classify=Ok(["Outer"])
D2|ngon n=17 h=1e-7 dir=(0.0, 0.0, 1.0) d=1e3 a=0.7|INVERTED|exact=-3.071e-13|f64=-3.071e-13|VA/esc=5000.0|tier3=Err([NegativeVolume { solid: SolidKey(1v1) }])|classify=Ok(["Void"])
D2|ngon n=17 h=1e-7 dir=(0.0, 0.0, 1.0) d=5e3 a=0|upright|exact=+3.071e-13|f64=+3.071e-13|VA/esc=5000.0|tier3=Ok(())|classify=Ok(["Outer"])
D2|ngon n=17 h=1e-7 dir=(0.0, 0.0, 1.0) d=5e3 a=0|INVERTED|exact=-3.071e-13|f64=-3.071e-13|VA/esc=5000.0|tier3=Err([NegativeVolume { solid: SolidKey(1v1) }])|classify=Ok(["Void"])
D2|ngon n=17 h=1e-7 dir=(0.0, 0.0, 1.0) d=5e3 a=0.7|upright|exact=+3.071e-13|f64=+3.071e-13|VA/esc=5000.0|tier3=Ok(())|classify=Ok(["Outer"])
D2|ngon n=17 h=1e-7 dir=(0.0, 0.0, 1.0) d=5e3 a=0.7|INVERTED|exact=-3.071e-13|f64=-3.071e-13|VA/esc=5000.0|tier3=Err([NegativeVolume { solid: SolidKey(1v1) }])|classify=Ok(["Void"])
D2|ngon n=17 h=1e-7 dir=(0.0, 0.0, 1.0) d=2e4 a=0|upright|exact=+3.071e-13|f64=+3.071e-13|VA/esc=5000.0|tier3=Ok(())|classify=Ok(["Outer"])
D2|ngon n=17 h=1e-7 dir=(0.0, 0.0, 1.0) d=2e4 a=0|INVERTED|exact=-3.071e-13|f64=-3.071e-13|VA/esc=5000.0|tier3=Err([NegativeVolume { solid: SolidKey(1v1) }])|classify=Ok(["Void"])
D2|ngon n=17 h=1e-7 dir=(0.0, 0.0, 1.0) d=2e4 a=0.7|no build
D2|ngon n=256 h=1e-7 dir=(0.6, 0.48, 0.64) d=0e0 a=0|upright|exact=+3.141e-13|f64=+3.141e-13|VA/esc=5000.0|tier3=Ok(())|classify=Ok(["Outer"])
D2|ngon n=256 h=1e-7 dir=(0.6, 0.48, 0.64) d=0e0 a=0|INVERTED|exact=-3.141e-13|f64=-3.141e-13|VA/esc=5000.0|tier3=Err([NegativeVolume { solid: SolidKey(1v1) }])|classify=Ok(["Void"])
D2|ngon n=256 h=1e-7 dir=(0.6, 0.48, 0.64) d=0e0 a=0.7|upright|exact=+3.141e-13|f64=+3.141e-13|VA/esc=5000.0|tier3=Ok(())|classify=Ok(["Outer"])
D2|ngon n=256 h=1e-7 dir=(0.6, 0.48, 0.64) d=0e0 a=0.7|INVERTED|exact=-3.141e-13|f64=-3.141e-13|VA/esc=5000.0|tier3=Err([NegativeVolume { solid: SolidKey(1v1) }])|classify=Ok(["Void"])
D2|ngon n=256 h=1e-7 dir=(0.6, 0.48, 0.64) d=1e3 a=0|upright|exact=+3.141e-13|f64=+3.141e-13|VA/esc=5000.0|tier3=Ok(())|classify=Err(Escalated { shell: ShellKey(1v1), source: Indeterminate 
D2|ngon n=256 h=1e-7 dir=(0.6, 0.48, 0.64) d=1e3 a=0|INVERTED|exact=-3.141e-13|f64=-3.141e-13|VA/esc=5000.0|tier3=Ok(())|classify=Err(Escalated { shell: ShellKey(1v1), source: Indeterminate  <-- INSIDE-OUT PASSES
D2|ngon n=256 h=1e-7 dir=(0.6, 0.48, 0.64) d=1e3 a=0.7|upright|exact=+3.141e-13|f64=+3.141e-13|VA/esc=5000.0|tier3=Ok(())|classify=Err(Escalated { shell: ShellKey(1v1), source: Indeterminate 
D2|ngon n=256 h=1e-7 dir=(0.6, 0.48, 0.64) d=1e3 a=0.7|INVERTED|exact=-3.141e-13|f64=-3.141e-13|VA/esc=5000.0|tier3=Ok(())|classify=Err(Escalated { shell: ShellKey(1v1), source: Indeterminate  <-- INSIDE-OUT PASSES
D2|ngon n=256 h=1e-7 dir=(0.6, 0.48, 0.64) d=5e3 a=0|upright|exact=+3.141e-13|f64=+3.141e-13|VA/esc=5000.0|tier3=Ok(())|classify=Err(Escalated { shell: ShellKey(1v1), source: Indeterminate 
D2|ngon n=256 h=1e-7 dir=(0.6, 0.48, 0.64) d=5e3 a=0|INVERTED|exact=-3.141e-13|f64=-3.141e-13|VA/esc=5000.0|tier3=Ok(())|classify=Err(Escalated { shell: ShellKey(1v1), source: Indeterminate  <-- INSIDE-OUT PASSES
D2|ngon n=256 h=1e-7 dir=(0.6, 0.48, 0.64) d=5e3 a=0.7|upright|exact=+3.141e-13|f64=+3.141e-13|VA/esc=5000.0|tier3=Ok(())|classify=Err(Escalated { shell: ShellKey(1v1), source: Indeterminate 
D2|ngon n=256 h=1e-7 dir=(0.6, 0.48, 0.64) d=5e3 a=0.7|INVERTED|exact=-3.141e-13|f64=-3.141e-13|VA/esc=5000.0|tier3=Ok(())|classify=Err(Escalated { shell: ShellKey(1v1), source: Indeterminate  <-- INSIDE-OUT PASSES
D2|ngon n=256 h=1e-7 dir=(0.6, 0.48, 0.64) d=2e4 a=0|no build
D2|ngon n=256 h=1e-7 dir=(0.6, 0.48, 0.64) d=2e4 a=0.7|no build
D2|ngon n=256 h=1e-7 dir=(-0.6, -0.48, -0.64) d=0e0 a=0|upright|exact=+3.141e-13|f64=+3.141e-13|VA/esc=5000.0|tier3=Ok(())|classify=Ok(["Outer"])
D2|ngon n=256 h=1e-7 dir=(-0.6, -0.48, -0.64) d=0e0 a=0|INVERTED|exact=-3.141e-13|f64=-3.141e-13|VA/esc=5000.0|tier3=Err([NegativeVolume { solid: SolidKey(1v1) }])|classify=Ok(["Void"])
D2|ngon n=256 h=1e-7 dir=(-0.6, -0.48, -0.64) d=0e0 a=0.7|upright|exact=+3.141e-13|f64=+3.141e-13|VA/esc=5000.0|tier3=Ok(())|classify=Ok(["Outer"])
D2|ngon n=256 h=1e-7 dir=(-0.6, -0.48, -0.64) d=0e0 a=0.7|INVERTED|exact=-3.141e-13|f64=-3.141e-13|VA/esc=5000.0|tier3=Err([NegativeVolume { solid: SolidKey(1v1) }])|classify=Ok(["Void"])
D2|ngon n=256 h=1e-7 dir=(-0.6, -0.48, -0.64) d=1e3 a=0|upright|exact=+3.141e-13|f64=+3.141e-13|VA/esc=5000.0|tier3=Ok(())|classify=Err(Escalated { shell: ShellKey(1v1), source: Indeterminate 
D2|ngon n=256 h=1e-7 dir=(-0.6, -0.48, -0.64) d=1e3 a=0|INVERTED|exact=-3.141e-13|f64=-3.141e-13|VA/esc=5000.0|tier3=Ok(())|classify=Err(Escalated { shell: ShellKey(1v1), source: Indeterminate  <-- INSIDE-OUT PASSES
D2|ngon n=256 h=1e-7 dir=(-0.6, -0.48, -0.64) d=1e3 a=0.7|upright|exact=+3.141e-13|f64=+3.141e-13|VA/esc=5000.0|tier3=Ok(())|classify=Err(Escalated { shell: ShellKey(1v1), source: Indeterminate 
D2|ngon n=256 h=1e-7 dir=(-0.6, -0.48, -0.64) d=1e3 a=0.7|INVERTED|exact=-3.141e-13|f64=-3.141e-13|VA/esc=5000.0|tier3=Ok(())|classify=Err(Escalated { shell: ShellKey(1v1), source: Indeterminate  <-- INSIDE-OUT PASSES
D2|ngon n=256 h=1e-7 dir=(-0.6, -0.48, -0.64) d=5e3 a=0|upright|exact=+3.141e-13|f64=+3.141e-13|VA/esc=5000.0|tier3=Ok(())|classify=Err(Escalated { shell: ShellKey(1v1), source: Indeterminate 
D2|ngon n=256 h=1e-7 dir=(-0.6, -0.48, -0.64) d=5e3 a=0|INVERTED|exact=-3.141e-13|f64=-3.141e-13|VA/esc=5000.0|tier3=Ok(())|classify=Err(Escalated { shell: ShellKey(1v1), source: Indeterminate  <-- INSIDE-OUT PASSES
D2|ngon n=256 h=1e-7 dir=(-0.6, -0.48, -0.64) d=5e3 a=0.7|upright|exact=+3.141e-13|f64=+3.141e-13|VA/esc=5000.0|tier3=Ok(())|classify=Err(Escalated { shell: ShellKey(1v1), source: Indeterminate 
D2|ngon n=256 h=1e-7 dir=(-0.6, -0.48, -0.64) d=5e3 a=0.7|INVERTED|exact=-3.141e-13|f64=-3.141e-13|VA/esc=5000.0|tier3=Ok(())|classify=Err(Escalated { shell: ShellKey(1v1), source: Indeterminate  <-- INSIDE-OUT PASSES
D2|ngon n=256 h=1e-7 dir=(-0.6, -0.48, -0.64) d=2e4 a=0|no build
D2|ngon n=256 h=1e-7 dir=(-0.6, -0.48, -0.64) d=2e4 a=0.7|no build
D2|ngon n=256 h=1e-7 dir=(0.0, 0.0, 1.0) d=0e0 a=0|upright|exact=+3.141e-13|f64=+3.141e-13|VA/esc=5000.0|tier3=Ok(())|classify=Ok(["Outer"])
D2|ngon n=256 h=1e-7 dir=(0.0, 0.0, 1.0) d=0e0 a=0|INVERTED|exact=-3.141e-13|f64=-3.141e-13|VA/esc=5000.0|tier3=Err([NegativeVolume { solid: SolidKey(1v1) }])|classify=Ok(["Void"])
D2|ngon n=256 h=1e-7 dir=(0.0, 0.0, 1.0) d=0e0 a=0.7|upright|exact=+3.141e-13|f64=+3.141e-13|VA/esc=5000.0|tier3=Ok(())|classify=Ok(["Outer"])
D2|ngon n=256 h=1e-7 dir=(0.0, 0.0, 1.0) d=0e0 a=0.7|INVERTED|exact=-3.141e-13|f64=-3.141e-13|VA/esc=5000.0|tier3=Err([NegativeVolume { solid: SolidKey(1v1) }])|classify=Ok(["Void"])
D2|ngon n=256 h=1e-7 dir=(0.0, 0.0, 1.0) d=1e3 a=0|upright|exact=+3.141e-13|f64=+3.141e-13|VA/esc=5000.0|tier3=Ok(())|classify=Ok(["Outer"])
D2|ngon n=256 h=1e-7 dir=(0.0, 0.0, 1.0) d=1e3 a=0|INVERTED|exact=-3.141e-13|f64=-3.141e-13|VA/esc=5000.0|tier3=Err([NegativeVolume { solid: SolidKey(1v1) }])|classify=Ok(["Void"])
D2|ngon n=256 h=1e-7 dir=(0.0, 0.0, 1.0) d=1e3 a=0.7|upright|exact=+3.141e-13|f64=+3.141e-13|VA/esc=5000.0|tier3=Ok(())|classify=Ok(["Outer"])
D2|ngon n=256 h=1e-7 dir=(0.0, 0.0, 1.0) d=1e3 a=0.7|INVERTED|exact=-3.141e-13|f64=-3.141e-13|VA/esc=5000.0|tier3=Err([NegativeVolume { solid: SolidKey(1v1) }])|classify=Ok(["Void"])
D2|ngon n=256 h=1e-7 dir=(0.0, 0.0, 1.0) d=5e3 a=0|upright|exact=+3.141e-13|f64=+3.141e-13|VA/esc=5000.0|tier3=Ok(())|classify=Ok(["Outer"])
D2|ngon n=256 h=1e-7 dir=(0.0, 0.0, 1.0) d=5e3 a=0|INVERTED|exact=-3.141e-13|f64=-3.141e-13|VA/esc=5000.0|tier3=Err([NegativeVolume { solid: SolidKey(1v1) }])|classify=Ok(["Void"])
D2|ngon n=256 h=1e-7 dir=(0.0, 0.0, 1.0) d=5e3 a=0.7|no build
D2|ngon n=256 h=1e-7 dir=(0.0, 0.0, 1.0) d=2e4 a=0|upright|exact=+3.141e-13|f64=+3.141e-13|VA/esc=5000.0|tier3=Ok(())|classify=Ok(["Outer"])
D2|ngon n=256 h=1e-7 dir=(0.0, 0.0, 1.0) d=2e4 a=0|INVERTED|exact=-3.141e-13|f64=-3.142e-13|VA/esc=5000.0|tier3=Err([NegativeVolume { solid: SolidKey(1v1) }])|classify=Ok(["Void"])
D2|ngon n=256 h=1e-7 dir=(0.0, 0.0, 1.0) d=2e4 a=0.7|no build
D2|sliver h=1e-7 dir=(0.6, 0.48, 0.64) d=0e0 a=0|upright|exact=+2.000e-16|f64=+2.000e-16|VA/esc=5000.0|tier3=Ok(())|classify=Ok(["Outer"])
D2|sliver h=1e-7 dir=(0.6, 0.48, 0.64) d=0e0 a=0|INVERTED|exact=-2.000e-16|f64=-2.000e-16|VA/esc=5000.0|tier3=Err([NegativeVolume { solid: SolidKey(1v1) }])|classify=Ok(["Void"])
D2|sliver h=1e-7 dir=(0.6, 0.48, 0.64) d=0e0 a=0.7|upright|exact=+2.000e-16|f64=+2.000e-16|VA/esc=5000.0|tier3=Ok(())|classify=Ok(["Outer"])
D2|sliver h=1e-7 dir=(0.6, 0.48, 0.64) d=0e0 a=0.7|INVERTED|exact=-2.000e-16|f64=-2.000e-16|VA/esc=5000.0|tier3=Err([NegativeVolume { solid: SolidKey(1v1) }])|classify=Ok(["Void"])
D2|sliver h=1e-7 dir=(0.6, 0.48, 0.64) d=1e3 a=0|upright|exact=+2.000e-16|f64=+2.000e-16|VA/esc=5000.0|tier3=Ok(())|classify=Err(Escalated { shell: ShellKey(1v1), source: Indeterminate 
D2|sliver h=1e-7 dir=(0.6, 0.48, 0.64) d=1e3 a=0|INVERTED|exact=-2.000e-16|f64=-2.000e-16|VA/esc=5000.0|tier3=Ok(())|classify=Err(Escalated { shell: ShellKey(1v1), source: Indeterminate  <-- INSIDE-OUT PASSES
D2|sliver h=1e-7 dir=(0.6, 0.48, 0.64) d=1e3 a=0.7|upright|exact=+2.000e-16|f64=+2.000e-16|VA/esc=5000.0|tier3=Ok(())|classify=Err(Escalated { shell: ShellKey(1v1), source: Indeterminate 
D2|sliver h=1e-7 dir=(0.6, 0.48, 0.64) d=1e3 a=0.7|INVERTED|exact=-2.000e-16|f64=-2.000e-16|VA/esc=5000.0|tier3=Ok(())|classify=Err(Escalated { shell: ShellKey(1v1), source: Indeterminate  <-- INSIDE-OUT PASSES
D2|sliver h=1e-7 dir=(0.6, 0.48, 0.64) d=5e3 a=0|upright|exact=+2.000e-16|f64=+2.000e-16|VA/esc=5000.0|tier3=Ok(())|classify=Err(Escalated { shell: ShellKey(1v1), source: Indeterminate 
D2|sliver h=1e-7 dir=(0.6, 0.48, 0.64) d=5e3 a=0|INVERTED|exact=-2.000e-16|f64=-2.000e-16|VA/esc=5000.0|tier3=Ok(())|classify=Err(Escalated { shell: ShellKey(1v1), source: Indeterminate  <-- INSIDE-OUT PASSES
D2|sliver h=1e-7 dir=(0.6, 0.48, 0.64) d=5e3 a=0.7|upright|exact=+2.000e-16|f64=+2.117e-16|VA/esc=5000.0|tier3=Ok(())|classify=Err(Escalated { shell: ShellKey(1v1), source: Indeterminate 
D2|sliver h=1e-7 dir=(0.6, 0.48, 0.64) d=5e3 a=0.7|INVERTED|exact=-2.000e-16|f64=-2.117e-16|VA/esc=5000.0|tier3=Ok(())|classify=Err(Escalated { shell: ShellKey(1v1), source: Indeterminate  <-- INSIDE-OUT PASSES
D2|sliver h=1e-7 dir=(0.6, 0.48, 0.64) d=2e4 a=0|upright|exact=+2.000e-16|f64=+2.000e-16|VA/esc=5000.0|tier3=Ok(())|classify=Err(Escalated { shell: ShellKey(1v1), source: Indeterminate 
D2|sliver h=1e-7 dir=(0.6, 0.48, 0.64) d=2e4 a=0|INVERTED|exact=-2.000e-16|f64=-2.000e-16|VA/esc=5000.0|tier3=Ok(())|classify=Err(Escalated { shell: ShellKey(1v1), source: Indeterminate  <-- INSIDE-OUT PASSES
D2|sliver h=1e-7 dir=(0.6, 0.48, 0.64) d=2e4 a=0.7|no build
D2|sliver h=1e-7 dir=(-0.6, -0.48, -0.64) d=0e0 a=0|upright|exact=+2.000e-16|f64=+2.000e-16|VA/esc=5000.0|tier3=Ok(())|classify=Ok(["Outer"])
D2|sliver h=1e-7 dir=(-0.6, -0.48, -0.64) d=0e0 a=0|INVERTED|exact=-2.000e-16|f64=-2.000e-16|VA/esc=5000.0|tier3=Err([NegativeVolume { solid: SolidKey(1v1) }])|classify=Ok(["Void"])
D2|sliver h=1e-7 dir=(-0.6, -0.48, -0.64) d=0e0 a=0.7|upright|exact=+2.000e-16|f64=+2.000e-16|VA/esc=5000.0|tier3=Ok(())|classify=Ok(["Outer"])
D2|sliver h=1e-7 dir=(-0.6, -0.48, -0.64) d=0e0 a=0.7|INVERTED|exact=-2.000e-16|f64=-2.000e-16|VA/esc=5000.0|tier3=Err([NegativeVolume { solid: SolidKey(1v1) }])|classify=Ok(["Void"])
D2|sliver h=1e-7 dir=(-0.6, -0.48, -0.64) d=1e3 a=0|upright|exact=+2.000e-16|f64=+2.000e-16|VA/esc=5000.0|tier3=Ok(())|classify=Err(Escalated { shell: ShellKey(1v1), source: Indeterminate 
D2|sliver h=1e-7 dir=(-0.6, -0.48, -0.64) d=1e3 a=0|INVERTED|exact=-2.000e-16|f64=-2.000e-16|VA/esc=5000.0|tier3=Ok(())|classify=Err(Escalated { shell: ShellKey(1v1), source: Indeterminate  <-- INSIDE-OUT PASSES
D2|sliver h=1e-7 dir=(-0.6, -0.48, -0.64) d=1e3 a=0.7|upright|exact=+2.000e-16|f64=+2.000e-16|VA/esc=5000.0|tier3=Ok(())|classify=Err(Escalated { shell: ShellKey(1v1), source: Indeterminate 
D2|sliver h=1e-7 dir=(-0.6, -0.48, -0.64) d=1e3 a=0.7|INVERTED|exact=-2.000e-16|f64=-2.000e-16|VA/esc=5000.0|tier3=Ok(())|classify=Err(Escalated { shell: ShellKey(1v1), source: Indeterminate  <-- INSIDE-OUT PASSES
D2|sliver h=1e-7 dir=(-0.6, -0.48, -0.64) d=5e3 a=0|upright|exact=+2.000e-16|f64=+2.000e-16|VA/esc=5000.0|tier3=Ok(())|classify=Err(Escalated { shell: ShellKey(1v1), source: Indeterminate 
D2|sliver h=1e-7 dir=(-0.6, -0.48, -0.64) d=5e3 a=0|INVERTED|exact=-2.000e-16|f64=-2.000e-16|VA/esc=5000.0|tier3=Ok(())|classify=Err(Escalated { shell: ShellKey(1v1), source: Indeterminate  <-- INSIDE-OUT PASSES
D2|sliver h=1e-7 dir=(-0.6, -0.48, -0.64) d=5e3 a=0.7|upright|exact=+2.000e-16|f64=+1.883e-16|VA/esc=5000.0|tier3=Ok(())|classify=Err(Escalated { shell: ShellKey(1v1), source: Indeterminate 
D2|sliver h=1e-7 dir=(-0.6, -0.48, -0.64) d=5e3 a=0.7|INVERTED|exact=-2.000e-16|f64=-1.883e-16|VA/esc=5000.0|tier3=Ok(())|classify=Err(Escalated { shell: ShellKey(1v1), source: Indeterminate  <-- INSIDE-OUT PASSES
D2|sliver h=1e-7 dir=(-0.6, -0.48, -0.64) d=2e4 a=0|upright|exact=+2.000e-16|f64=+2.000e-16|VA/esc=5000.0|tier3=Ok(())|classify=Err(Escalated { shell: ShellKey(1v1), source: Indeterminate 
D2|sliver h=1e-7 dir=(-0.6, -0.48, -0.64) d=2e4 a=0|INVERTED|exact=-2.000e-16|f64=-2.000e-16|VA/esc=5000.0|tier3=Ok(())|classify=Err(Escalated { shell: ShellKey(1v1), source: Indeterminate  <-- INSIDE-OUT PASSES
D2|sliver h=1e-7 dir=(-0.6, -0.48, -0.64) d=2e4 a=0.7|no build
D2|sliver h=1e-7 dir=(0.0, 0.0, 1.0) d=0e0 a=0|upright|exact=+2.000e-16|f64=+2.000e-16|VA/esc=5000.0|tier3=Ok(())|classify=Ok(["Outer"])
D2|sliver h=1e-7 dir=(0.0, 0.0, 1.0) d=0e0 a=0|INVERTED|exact=-2.000e-16|f64=-2.000e-16|VA/esc=5000.0|tier3=Err([NegativeVolume { solid: SolidKey(1v1) }])|classify=Ok(["Void"])
D2|sliver h=1e-7 dir=(0.0, 0.0, 1.0) d=0e0 a=0.7|upright|exact=+2.000e-16|f64=+2.000e-16|VA/esc=5000.0|tier3=Ok(())|classify=Ok(["Outer"])
D2|sliver h=1e-7 dir=(0.0, 0.0, 1.0) d=0e0 a=0.7|INVERTED|exact=-2.000e-16|f64=-2.000e-16|VA/esc=5000.0|tier3=Err([NegativeVolume { solid: SolidKey(1v1) }])|classify=Ok(["Void"])
D2|sliver h=1e-7 dir=(0.0, 0.0, 1.0) d=1e3 a=0|upright|exact=+2.000e-16|f64=+2.000e-16|VA/esc=5000.0|tier3=Ok(())|classify=Ok(["Outer"])
D2|sliver h=1e-7 dir=(0.0, 0.0, 1.0) d=1e3 a=0|INVERTED|exact=-2.000e-16|f64=-2.000e-16|VA/esc=5000.0|tier3=Err([NegativeVolume { solid: SolidKey(1v1) }])|classify=Ok(["Void"])
D2|sliver h=1e-7 dir=(0.0, 0.0, 1.0) d=1e3 a=0.7|upright|exact=+2.000e-16|f64=+2.000e-16|VA/esc=5000.0|tier3=Ok(())|classify=Ok(["Outer"])
D2|sliver h=1e-7 dir=(0.0, 0.0, 1.0) d=1e3 a=0.7|INVERTED|exact=-2.000e-16|f64=-2.000e-16|VA/esc=5000.0|tier3=Err([NegativeVolume { solid: SolidKey(1v1) }])|classify=Ok(["Void"])
D2|sliver h=1e-7 dir=(0.0, 0.0, 1.0) d=5e3 a=0|upright|exact=+2.000e-16|f64=+2.000e-16|VA/esc=5000.0|tier3=Ok(())|classify=Ok(["Outer"])
D2|sliver h=1e-7 dir=(0.0, 0.0, 1.0) d=5e3 a=0|INVERTED|exact=-2.000e-16|f64=-2.000e-16|VA/esc=5000.0|tier3=Err([NegativeVolume { solid: SolidKey(1v1) }])|classify=Ok(["Void"])
D2|sliver h=1e-7 dir=(0.0, 0.0, 1.0) d=5e3 a=0.7|upright|exact=+2.000e-16|f64=+2.000e-16|VA/esc=5000.0|tier3=Ok(())|classify=Ok(["Outer"])
D2|sliver h=1e-7 dir=(0.0, 0.0, 1.0) d=5e3 a=0.7|INVERTED|exact=-2.000e-16|f64=-2.000e-16|VA/esc=5000.0|tier3=Err([NegativeVolume { solid: SolidKey(1v1) }])|classify=Ok(["Void"])
D2|sliver h=1e-7 dir=(0.0, 0.0, 1.0) d=2e4 a=0|upright|exact=+2.000e-16|f64=+2.000e-16|VA/esc=5000.0|tier3=Ok(())|classify=Ok(["Outer"])
D2|sliver h=1e-7 dir=(0.0, 0.0, 1.0) d=2e4 a=0|INVERTED|exact=-2.000e-16|f64=-2.000e-16|VA/esc=5000.0|tier3=Err([NegativeVolume { solid: SolidKey(1v1) }])|classify=Ok(["Void"])
D2|sliver h=1e-7 dir=(0.0, 0.0, 1.0) d=2e4 a=0.7|no build
D2|holed h=1e-7 dir=(0.6, 0.48, 0.64) d=0e0 a=0|upright|exact=+1.286e-12|f64=+1.286e-12|VA/esc=5000.0|tier3=Ok(())|classify=Ok(["Outer"])
D2|holed h=1e-7 dir=(0.6, 0.48, 0.64) d=0e0 a=0|INVERTED|exact=-1.286e-12|f64=-1.286e-12|VA/esc=5000.0|tier3=Err([NegativeVolume { solid: SolidKey(1v1) }])|classify=Ok(["Void"])
D2|holed h=1e-7 dir=(0.6, 0.48, 0.64) d=0e0 a=0.7|upright|exact=+1.286e-12|f64=+1.286e-12|VA/esc=5000.0|tier3=Ok(())|classify=Ok(["Outer"])
D2|holed h=1e-7 dir=(0.6, 0.48, 0.64) d=0e0 a=0.7|INVERTED|exact=-1.286e-12|f64=-1.286e-12|VA/esc=5000.0|tier3=Err([NegativeVolume { solid: SolidKey(1v1) }])|classify=Ok(["Void"])
D2|holed h=1e-7 dir=(0.6, 0.48, 0.64) d=1e3 a=0|upright|exact=+1.286e-12|f64=+1.286e-12|VA/esc=5000.0|tier3=Ok(())|classify=Ok(["Outer"])
D2|holed h=1e-7 dir=(0.6, 0.48, 0.64) d=1e3 a=0|INVERTED|exact=-1.286e-12|f64=-1.286e-12|VA/esc=5000.0|tier3=Err([NegativeVolume { solid: SolidKey(1v1) }])|classify=Ok(["Void"])
D2|holed h=1e-7 dir=(0.6, 0.48, 0.64) d=1e3 a=0.7|upright|exact=+1.286e-12|f64=+1.286e-12|VA/esc=5000.0|tier3=Ok(())|classify=Err(Escalated { shell: ShellKey(1v1), source: Indeterminate 
D2|holed h=1e-7 dir=(0.6, 0.48, 0.64) d=1e3 a=0.7|INVERTED|exact=-1.286e-12|f64=-1.286e-12|VA/esc=5000.0|tier3=Ok(())|classify=Err(Escalated { shell: ShellKey(1v1), source: Indeterminate  <-- INSIDE-OUT PASSES
D2|holed h=1e-7 dir=(0.6, 0.48, 0.64) d=5e3 a=0|upright|exact=+1.286e-12|f64=+1.286e-12|VA/esc=5000.0|tier3=Err([VolumeUncomputable { solid: SolidKey(1v1), source: Face { face: FaceKey(8v1|classify=Err(Props { shell: ShellKey(1v1), source: Face { face: FaceK <-- VALID REFUSED
D2|holed h=1e-7 dir=(0.6, 0.48, 0.64) d=5e3 a=0|INVERTED|exact=-1.286e-12|f64=-1.286e-12|VA/esc=5000.0|tier3=Err([VolumeUncomputable { solid: SolidKey(1v1), source: Face { face: FaceKey(8v1|classify=Err(Props { shell: ShellKey(1v1), source: Face { face: FaceK
D2|holed h=1e-7 dir=(0.6, 0.48, 0.64) d=5e3 a=0.7|upright|exact=+1.286e-12|f64=+1.286e-12|VA/esc=5000.0|tier3=Err([VolumeUncomputable { solid: SolidKey(1v1), source: Face { face: FaceKey(7v1|classify=Err(Props { shell: ShellKey(1v1), source: Face { face: FaceK <-- VALID REFUSED
D2|holed h=1e-7 dir=(0.6, 0.48, 0.64) d=5e3 a=0.7|INVERTED|exact=-1.286e-12|f64=-1.286e-12|VA/esc=5000.0|tier3=Err([VolumeUncomputable { solid: SolidKey(1v1), source: Face { face: FaceKey(7v1|classify=Err(Props { shell: ShellKey(1v1), source: Face { face: FaceK
D2|holed h=1e-7 dir=(0.6, 0.48, 0.64) d=2e4 a=0|upright|exact=+1.286e-12|f64=+1.286e-12|VA/esc=5000.0|tier3=Err([VolumeUncomputable { solid: SolidKey(1v1), source: Face { face: FaceKey(7v1|classify=Err(Props { shell: ShellKey(1v1), source: Face { face: FaceK <-- VALID REFUSED
D2|holed h=1e-7 dir=(0.6, 0.48, 0.64) d=2e4 a=0|INVERTED|exact=-1.286e-12|f64=-1.286e-12|VA/esc=5000.0|tier3=Err([VolumeUncomputable { solid: SolidKey(1v1), source: Face { face: FaceKey(7v1|classify=Err(Props { shell: ShellKey(1v1), source: Face { face: FaceK
D2|holed h=1e-7 dir=(0.6, 0.48, 0.64) d=2e4 a=0.7|no build
D2|holed h=1e-7 dir=(-0.6, -0.48, -0.64) d=0e0 a=0|upright|exact=+1.286e-12|f64=+1.286e-12|VA/esc=5000.0|tier3=Ok(())|classify=Ok(["Outer"])
D2|holed h=1e-7 dir=(-0.6, -0.48, -0.64) d=0e0 a=0|INVERTED|exact=-1.286e-12|f64=-1.286e-12|VA/esc=5000.0|tier3=Err([NegativeVolume { solid: SolidKey(1v1) }])|classify=Ok(["Void"])
D2|holed h=1e-7 dir=(-0.6, -0.48, -0.64) d=0e0 a=0.7|upright|exact=+1.286e-12|f64=+1.286e-12|VA/esc=5000.0|tier3=Ok(())|classify=Ok(["Outer"])
D2|holed h=1e-7 dir=(-0.6, -0.48, -0.64) d=0e0 a=0.7|INVERTED|exact=-1.286e-12|f64=-1.286e-12|VA/esc=5000.0|tier3=Err([NegativeVolume { solid: SolidKey(1v1) }])|classify=Ok(["Void"])
D2|holed h=1e-7 dir=(-0.6, -0.48, -0.64) d=1e3 a=0|upright|exact=+1.286e-12|f64=+1.286e-12|VA/esc=5000.0|tier3=Ok(())|classify=Ok(["Outer"])
D2|holed h=1e-7 dir=(-0.6, -0.48, -0.64) d=1e3 a=0|INVERTED|exact=-1.286e-12|f64=-1.286e-12|VA/esc=5000.0|tier3=Err([NegativeVolume { solid: SolidKey(1v1) }])|classify=Ok(["Void"])
D2|holed h=1e-7 dir=(-0.6, -0.48, -0.64) d=1e3 a=0.7|upright|exact=+1.286e-12|f64=+1.286e-12|VA/esc=5000.0|tier3=Ok(())|classify=Err(Escalated { shell: ShellKey(1v1), source: Indeterminate 
D2|holed h=1e-7 dir=(-0.6, -0.48, -0.64) d=1e3 a=0.7|INVERTED|exact=-1.286e-12|f64=-1.286e-12|VA/esc=5000.0|tier3=Ok(())|classify=Err(Escalated { shell: ShellKey(1v1), source: Indeterminate  <-- INSIDE-OUT PASSES
D2|holed h=1e-7 dir=(-0.6, -0.48, -0.64) d=5e3 a=0|upright|exact=+1.286e-12|f64=+1.286e-12|VA/esc=5000.0|tier3=Err([VolumeUncomputable { solid: SolidKey(1v1), source: Face { face: FaceKey(8v1|classify=Err(Props { shell: ShellKey(1v1), source: Face { face: FaceK <-- VALID REFUSED
D2|holed h=1e-7 dir=(-0.6, -0.48, -0.64) d=5e3 a=0|INVERTED|exact=-1.286e-12|f64=-1.286e-12|VA/esc=5000.0|tier3=Err([VolumeUncomputable { solid: SolidKey(1v1), source: Face { face: FaceKey(8v1|classify=Err(Props { shell: ShellKey(1v1), source: Face { face: FaceK
D2|holed h=1e-7 dir=(-0.6, -0.48, -0.64) d=5e3 a=0.7|upright|exact=+1.286e-12|f64=+1.286e-12|VA/esc=5000.0|tier3=Err([VolumeUncomputable { solid: SolidKey(1v1), source: Face { face: FaceKey(7v1|classify=Err(Props { shell: ShellKey(1v1), source: Face { face: FaceK <-- VALID REFUSED
D2|holed h=1e-7 dir=(-0.6, -0.48, -0.64) d=5e3 a=0.7|INVERTED|exact=-1.286e-12|f64=-1.286e-12|VA/esc=5000.0|tier3=Err([VolumeUncomputable { solid: SolidKey(1v1), source: Face { face: FaceKey(7v1|classify=Err(Props { shell: ShellKey(1v1), source: Face { face: FaceK
D2|holed h=1e-7 dir=(-0.6, -0.48, -0.64) d=2e4 a=0|upright|exact=+1.286e-12|f64=+1.286e-12|VA/esc=5000.0|tier3=Err([VolumeUncomputable { solid: SolidKey(1v1), source: Face { face: FaceKey(7v1|classify=Err(Props { shell: ShellKey(1v1), source: Face { face: FaceK <-- VALID REFUSED
D2|holed h=1e-7 dir=(-0.6, -0.48, -0.64) d=2e4 a=0|INVERTED|exact=-1.286e-12|f64=-1.286e-12|VA/esc=5000.0|tier3=Err([VolumeUncomputable { solid: SolidKey(1v1), source: Face { face: FaceKey(7v1|classify=Err(Props { shell: ShellKey(1v1), source: Face { face: FaceK
D2|holed h=1e-7 dir=(-0.6, -0.48, -0.64) d=2e4 a=0.7|no build
D2|holed h=1e-7 dir=(0.0, 0.0, 1.0) d=0e0 a=0|upright|exact=+1.286e-12|f64=+1.286e-12|VA/esc=5000.0|tier3=Ok(())|classify=Ok(["Outer"])
D2|holed h=1e-7 dir=(0.0, 0.0, 1.0) d=0e0 a=0|INVERTED|exact=-1.286e-12|f64=-1.286e-12|VA/esc=5000.0|tier3=Err([NegativeVolume { solid: SolidKey(1v1) }])|classify=Ok(["Void"])
D2|holed h=1e-7 dir=(0.0, 0.0, 1.0) d=0e0 a=0.7|upright|exact=+1.286e-12|f64=+1.286e-12|VA/esc=5000.0|tier3=Ok(())|classify=Ok(["Outer"])
D2|holed h=1e-7 dir=(0.0, 0.0, 1.0) d=0e0 a=0.7|INVERTED|exact=-1.286e-12|f64=-1.286e-12|VA/esc=5000.0|tier3=Err([NegativeVolume { solid: SolidKey(1v1) }])|classify=Ok(["Void"])
D2|holed h=1e-7 dir=(0.0, 0.0, 1.0) d=1e3 a=0|upright|exact=+1.286e-12|f64=+1.286e-12|VA/esc=5000.0|tier3=Ok(())|classify=Ok(["Outer"])
D2|holed h=1e-7 dir=(0.0, 0.0, 1.0) d=1e3 a=0|INVERTED|exact=-1.286e-12|f64=-1.286e-12|VA/esc=5000.0|tier3=Err([NegativeVolume { solid: SolidKey(1v1) }])|classify=Ok(["Void"])
D2|holed h=1e-7 dir=(0.0, 0.0, 1.0) d=1e3 a=0.7|upright|exact=+1.286e-12|f64=+1.286e-12|VA/esc=5000.0|tier3=Ok(())|classify=Ok(["Outer"])
D2|holed h=1e-7 dir=(0.0, 0.0, 1.0) d=1e3 a=0.7|INVERTED|exact=-1.286e-12|f64=-1.286e-12|VA/esc=5000.0|tier3=Err([NegativeVolume { solid: SolidKey(1v1) }])|classify=Ok(["Void"])
D2|holed h=1e-7 dir=(0.0, 0.0, 1.0) d=5e3 a=0|upright|exact=+1.286e-12|f64=+1.286e-12|VA/esc=5000.0|tier3=Ok(())|classify=Ok(["Outer"])
D2|holed h=1e-7 dir=(0.0, 0.0, 1.0) d=5e3 a=0|INVERTED|exact=-1.286e-12|f64=-1.286e-12|VA/esc=5000.0|tier3=Err([NegativeVolume { solid: SolidKey(1v1) }])|classify=Ok(["Void"])
D2|holed h=1e-7 dir=(0.0, 0.0, 1.0) d=5e3 a=0.7|upright|exact=+1.286e-12|f64=+1.286e-12|VA/esc=5000.0|tier3=Err([VolumeUncomputable { solid: SolidKey(1v1), source: Face { face: FaceKey(7v1|classify=Err(Props { shell: ShellKey(1v1), source: Face { face: FaceK <-- VALID REFUSED
D2|holed h=1e-7 dir=(0.0, 0.0, 1.0) d=5e3 a=0.7|INVERTED|exact=-1.286e-12|f64=-1.286e-12|VA/esc=5000.0|tier3=Err([VolumeUncomputable { solid: SolidKey(1v1), source: Face { face: FaceKey(7v1|classify=Err(Props { shell: ShellKey(1v1), source: Face { face: FaceK
D2|holed h=1e-7 dir=(0.0, 0.0, 1.0) d=2e4 a=0|upright|exact=+1.286e-12|f64=+1.286e-12|VA/esc=5000.0|tier3=Err([VolumeUncomputable { solid: SolidKey(1v1), source: Face { face: FaceKey(7v1|classify=Err(Props { shell: ShellKey(1v1), source: Face { face: FaceK <-- VALID REFUSED
D2|holed h=1e-7 dir=(0.0, 0.0, 1.0) d=2e4 a=0|INVERTED|exact=-1.286e-12|f64=-1.286e-12|VA/esc=5000.0|tier3=Err([VolumeUncomputable { solid: SolidKey(1v1), source: Face { face: FaceKey(7v1|classify=Err(Props { shell: ShellKey(1v1), source: Face { face: FaceK
D2|holed h=1e-7 dir=(0.0, 0.0, 1.0) d=2e4 a=0.7|no build
D2|ngon n=3 h=1e-6 dir=(0.6, 0.48, 0.64) d=0e0 a=0|upright|exact=+1.299e-12|f64=+1.299e-12|VA/esc=50000.0|tier3=Ok(())|classify=Ok(["Outer"])
D2|ngon n=3 h=1e-6 dir=(0.6, 0.48, 0.64) d=0e0 a=0|INVERTED|exact=-1.299e-12|f64=-1.299e-12|VA/esc=50000.0|tier3=Err([NegativeVolume { solid: SolidKey(1v1) }])|classify=Ok(["Void"])
D2|ngon n=3 h=1e-6 dir=(0.6, 0.48, 0.64) d=0e0 a=0.7|upright|exact=+1.299e-12|f64=+1.299e-12|VA/esc=50000.0|tier3=Ok(())|classify=Ok(["Outer"])
D2|ngon n=3 h=1e-6 dir=(0.6, 0.48, 0.64) d=0e0 a=0.7|INVERTED|exact=-1.299e-12|f64=-1.299e-12|VA/esc=50000.0|tier3=Err([NegativeVolume { solid: SolidKey(1v1) }])|classify=Ok(["Void"])
D2|ngon n=3 h=1e-6 dir=(0.6, 0.48, 0.64) d=1e3 a=0|upright|exact=+1.299e-12|f64=+1.299e-12|VA/esc=50000.0|tier3=Ok(())|classify=Ok(["Outer"])
D2|ngon n=3 h=1e-6 dir=(0.6, 0.48, 0.64) d=1e3 a=0|INVERTED|exact=-1.299e-12|f64=-1.299e-12|VA/esc=50000.0|tier3=Err([NegativeVolume { solid: SolidKey(1v1) }])|classify=Ok(["Void"])
D2|ngon n=3 h=1e-6 dir=(0.6, 0.48, 0.64) d=1e3 a=0.7|upright|exact=+1.299e-12|f64=+1.299e-12|VA/esc=50000.0|tier3=Ok(())|classify=Ok(["Outer"])
D2|ngon n=3 h=1e-6 dir=(0.6, 0.48, 0.64) d=1e3 a=0.7|INVERTED|exact=-1.299e-12|f64=-1.299e-12|VA/esc=50000.0|tier3=Err([NegativeVolume { solid: SolidKey(1v1) }])|classify=Ok(["Void"])
D2|ngon n=3 h=1e-6 dir=(0.6, 0.48, 0.64) d=5e3 a=0|upright|exact=+1.299e-12|f64=+1.299e-12|VA/esc=50000.0|tier3=Ok(())|classify=Err(Escalated { shell: ShellKey(1v1), source: Indeterminate 
D2|ngon n=3 h=1e-6 dir=(0.6, 0.48, 0.64) d=5e3 a=0|INVERTED|exact=-1.299e-12|f64=-1.299e-12|VA/esc=50000.0|tier3=Ok(())|classify=Err(Escalated { shell: ShellKey(1v1), source: Indeterminate  <-- INSIDE-OUT PASSES
D2|ngon n=3 h=1e-6 dir=(0.6, 0.48, 0.64) d=5e3 a=0.7|upright|exact=+1.299e-12|f64=+1.299e-12|VA/esc=50000.0|tier3=Ok(())|classify=Err(Escalated { shell: ShellKey(1v1), source: Indeterminate 
D2|ngon n=3 h=1e-6 dir=(0.6, 0.48, 0.64) d=5e3 a=0.7|INVERTED|exact=-1.299e-12|f64=-1.299e-12|VA/esc=50000.0|tier3=Ok(())|classify=Err(Escalated { shell: ShellKey(1v1), source: Indeterminate  <-- INSIDE-OUT PASSES
D2|ngon n=3 h=1e-6 dir=(0.6, 0.48, 0.64) d=2e4 a=0|no build
D2|ngon n=3 h=1e-6 dir=(0.6, 0.48, 0.64) d=2e4 a=0.7|no build
D2|ngon n=3 h=1e-6 dir=(-0.6, -0.48, -0.64) d=0e0 a=0|upright|exact=+1.299e-12|f64=+1.299e-12|VA/esc=50000.0|tier3=Ok(())|classify=Ok(["Outer"])
D2|ngon n=3 h=1e-6 dir=(-0.6, -0.48, -0.64) d=0e0 a=0|INVERTED|exact=-1.299e-12|f64=-1.299e-12|VA/esc=50000.0|tier3=Err([NegativeVolume { solid: SolidKey(1v1) }])|classify=Ok(["Void"])
D2|ngon n=3 h=1e-6 dir=(-0.6, -0.48, -0.64) d=0e0 a=0.7|upright|exact=+1.299e-12|f64=+1.299e-12|VA/esc=50000.0|tier3=Ok(())|classify=Ok(["Outer"])
D2|ngon n=3 h=1e-6 dir=(-0.6, -0.48, -0.64) d=0e0 a=0.7|INVERTED|exact=-1.299e-12|f64=-1.299e-12|VA/esc=50000.0|tier3=Err([NegativeVolume { solid: SolidKey(1v1) }])|classify=Ok(["Void"])
D2|ngon n=3 h=1e-6 dir=(-0.6, -0.48, -0.64) d=1e3 a=0|upright|exact=+1.299e-12|f64=+1.299e-12|VA/esc=50000.0|tier3=Ok(())|classify=Ok(["Outer"])
D2|ngon n=3 h=1e-6 dir=(-0.6, -0.48, -0.64) d=1e3 a=0|INVERTED|exact=-1.299e-12|f64=-1.299e-12|VA/esc=50000.0|tier3=Err([NegativeVolume { solid: SolidKey(1v1) }])|classify=Ok(["Void"])
D2|ngon n=3 h=1e-6 dir=(-0.6, -0.48, -0.64) d=1e3 a=0.7|upright|exact=+1.299e-12|f64=+1.299e-12|VA/esc=50000.0|tier3=Ok(())|classify=Ok(["Outer"])
D2|ngon n=3 h=1e-6 dir=(-0.6, -0.48, -0.64) d=1e3 a=0.7|INVERTED|exact=-1.299e-12|f64=-1.299e-12|VA/esc=50000.0|tier3=Err([NegativeVolume { solid: SolidKey(1v1) }])|classify=Ok(["Void"])
D2|ngon n=3 h=1e-6 dir=(-0.6, -0.48, -0.64) d=5e3 a=0|upright|exact=+1.299e-12|f64=+1.299e-12|VA/esc=50000.0|tier3=Ok(())|classify=Err(Escalated { shell: ShellKey(1v1), source: Indeterminate 
D2|ngon n=3 h=1e-6 dir=(-0.6, -0.48, -0.64) d=5e3 a=0|INVERTED|exact=-1.299e-12|f64=-1.299e-12|VA/esc=50000.0|tier3=Ok(())|classify=Err(Escalated { shell: ShellKey(1v1), source: Indeterminate  <-- INSIDE-OUT PASSES
D2|ngon n=3 h=1e-6 dir=(-0.6, -0.48, -0.64) d=5e3 a=0.7|upright|exact=+1.299e-12|f64=+1.299e-12|VA/esc=50000.0|tier3=Ok(())|classify=Err(Escalated { shell: ShellKey(1v1), source: Indeterminate 
D2|ngon n=3 h=1e-6 dir=(-0.6, -0.48, -0.64) d=5e3 a=0.7|INVERTED|exact=-1.299e-12|f64=-1.299e-12|VA/esc=50000.0|tier3=Ok(())|classify=Err(Escalated { shell: ShellKey(1v1), source: Indeterminate  <-- INSIDE-OUT PASSES
D2|ngon n=3 h=1e-6 dir=(-0.6, -0.48, -0.64) d=2e4 a=0|no build
D2|ngon n=3 h=1e-6 dir=(-0.6, -0.48, -0.64) d=2e4 a=0.7|no build
D2|ngon n=3 h=1e-6 dir=(0.0, 0.0, 1.0) d=0e0 a=0|upright|exact=+1.299e-12|f64=+1.299e-12|VA/esc=50000.0|tier3=Ok(())|classify=Ok(["Outer"])
D2|ngon n=3 h=1e-6 dir=(0.0, 0.0, 1.0) d=0e0 a=0|INVERTED|exact=-1.299e-12|f64=-1.299e-12|VA/esc=50000.0|tier3=Err([NegativeVolume { solid: SolidKey(1v1) }])|classify=Ok(["Void"])
D2|ngon n=3 h=1e-6 dir=(0.0, 0.0, 1.0) d=0e0 a=0.7|upright|exact=+1.299e-12|f64=+1.299e-12|VA/esc=50000.0|tier3=Ok(())|classify=Ok(["Outer"])
D2|ngon n=3 h=1e-6 dir=(0.0, 0.0, 1.0) d=0e0 a=0.7|INVERTED|exact=-1.299e-12|f64=-1.299e-12|VA/esc=50000.0|tier3=Err([NegativeVolume { solid: SolidKey(1v1) }])|classify=Ok(["Void"])
D2|ngon n=3 h=1e-6 dir=(0.0, 0.0, 1.0) d=1e3 a=0|upright|exact=+1.299e-12|f64=+1.299e-12|VA/esc=50000.0|tier3=Ok(())|classify=Ok(["Outer"])
D2|ngon n=3 h=1e-6 dir=(0.0, 0.0, 1.0) d=1e3 a=0|INVERTED|exact=-1.299e-12|f64=-1.299e-12|VA/esc=50000.0|tier3=Err([NegativeVolume { solid: SolidKey(1v1) }])|classify=Ok(["Void"])
D2|ngon n=3 h=1e-6 dir=(0.0, 0.0, 1.0) d=1e3 a=0.7|upright|exact=+1.299e-12|f64=+1.299e-12|VA/esc=50000.0|tier3=Ok(())|classify=Ok(["Outer"])
D2|ngon n=3 h=1e-6 dir=(0.0, 0.0, 1.0) d=1e3 a=0.7|INVERTED|exact=-1.299e-12|f64=-1.299e-12|VA/esc=50000.0|tier3=Err([NegativeVolume { solid: SolidKey(1v1) }])|classify=Ok(["Void"])
D2|ngon n=3 h=1e-6 dir=(0.0, 0.0, 1.0) d=5e3 a=0|upright|exact=+1.299e-12|f64=+1.299e-12|VA/esc=50000.0|tier3=Ok(())|classify=Ok(["Outer"])
D2|ngon n=3 h=1e-6 dir=(0.0, 0.0, 1.0) d=5e3 a=0|INVERTED|exact=-1.299e-12|f64=-1.299e-12|VA/esc=50000.0|tier3=Err([NegativeVolume { solid: SolidKey(1v1) }])|classify=Ok(["Void"])
D2|ngon n=3 h=1e-6 dir=(0.0, 0.0, 1.0) d=5e3 a=0.7|upright|exact=+1.299e-12|f64=+1.299e-12|VA/esc=50000.0|tier3=Ok(())|classify=Ok(["Outer"])
D2|ngon n=3 h=1e-6 dir=(0.0, 0.0, 1.0) d=5e3 a=0.7|INVERTED|exact=-1.299e-12|f64=-1.299e-12|VA/esc=50000.0|tier3=Err([NegativeVolume { solid: SolidKey(1v1) }])|classify=Ok(["Void"])
D2|ngon n=3 h=1e-6 dir=(0.0, 0.0, 1.0) d=2e4 a=0|upright|exact=+1.299e-12|f64=+1.299e-12|VA/esc=50000.0|tier3=Ok(())|classify=Ok(["Outer"])
D2|ngon n=3 h=1e-6 dir=(0.0, 0.0, 1.0) d=2e4 a=0|INVERTED|exact=-1.299e-12|f64=-1.299e-12|VA/esc=50000.0|tier3=Err([NegativeVolume { solid: SolidKey(1v1) }])|classify=Ok(["Void"])
D2|ngon n=3 h=1e-6 dir=(0.0, 0.0, 1.0) d=2e4 a=0.7|no build
D2|ngon n=17 h=1e-6 dir=(0.6, 0.48, 0.64) d=0e0 a=0|upright|exact=+3.071e-12|f64=+3.071e-12|VA/esc=50000.0|tier3=Ok(())|classify=Ok(["Outer"])
D2|ngon n=17 h=1e-6 dir=(0.6, 0.48, 0.64) d=0e0 a=0|INVERTED|exact=-3.071e-12|f64=-3.071e-12|VA/esc=50000.0|tier3=Err([NegativeVolume { solid: SolidKey(1v1) }])|classify=Ok(["Void"])
D2|ngon n=17 h=1e-6 dir=(0.6, 0.48, 0.64) d=0e0 a=0.7|upright|exact=+3.071e-12|f64=+3.071e-12|VA/esc=50000.0|tier3=Ok(())|classify=Ok(["Outer"])
D2|ngon n=17 h=1e-6 dir=(0.6, 0.48, 0.64) d=0e0 a=0.7|INVERTED|exact=-3.071e-12|f64=-3.071e-12|VA/esc=50000.0|tier3=Err([NegativeVolume { solid: SolidKey(1v1) }])|classify=Ok(["Void"])
D2|ngon n=17 h=1e-6 dir=(0.6, 0.48, 0.64) d=1e3 a=0|upright|exact=+3.071e-12|f64=+3.071e-12|VA/esc=50000.0|tier3=Ok(())|classify=Ok(["Outer"])
D2|ngon n=17 h=1e-6 dir=(0.6, 0.48, 0.64) d=1e3 a=0|INVERTED|exact=-3.071e-12|f64=-3.071e-12|VA/esc=50000.0|tier3=Err([NegativeVolume { solid: SolidKey(1v1) }])|classify=Ok(["Void"])
D2|ngon n=17 h=1e-6 dir=(0.6, 0.48, 0.64) d=1e3 a=0.7|upright|exact=+3.071e-12|f64=+3.071e-12|VA/esc=50000.0|tier3=Ok(())|classify=Ok(["Outer"])
D2|ngon n=17 h=1e-6 dir=(0.6, 0.48, 0.64) d=1e3 a=0.7|INVERTED|exact=-3.071e-12|f64=-3.071e-12|VA/esc=50000.0|tier3=Err([NegativeVolume { solid: SolidKey(1v1) }])|classify=Ok(["Void"])
D2|ngon n=17 h=1e-6 dir=(0.6, 0.48, 0.64) d=5e3 a=0|upright|exact=+3.071e-12|f64=+3.071e-12|VA/esc=50000.0|tier3=Ok(())|classify=Err(Escalated { shell: ShellKey(1v1), source: Indeterminate 
D2|ngon n=17 h=1e-6 dir=(0.6, 0.48, 0.64) d=5e3 a=0|INVERTED|exact=-3.071e-12|f64=-3.071e-12|VA/esc=50000.0|tier3=Ok(())|classify=Err(Escalated { shell: ShellKey(1v1), source: Indeterminate  <-- INSIDE-OUT PASSES
D2|ngon n=17 h=1e-6 dir=(0.6, 0.48, 0.64) d=5e3 a=0.7|upright|exact=+3.071e-12|f64=+3.070e-12|VA/esc=50000.0|tier3=Ok(())|classify=Err(Escalated { shell: ShellKey(1v1), source: Indeterminate 
D2|ngon n=17 h=1e-6 dir=(0.6, 0.48, 0.64) d=5e3 a=0.7|INVERTED|exact=-3.071e-12|f64=-3.070e-12|VA/esc=50000.0|tier3=Ok(())|classify=Err(Escalated { shell: ShellKey(1v1), source: Indeterminate  <-- INSIDE-OUT PASSES
D2|ngon n=17 h=1e-6 dir=(0.6, 0.48, 0.64) d=2e4 a=0|no build
D2|ngon n=17 h=1e-6 dir=(0.6, 0.48, 0.64) d=2e4 a=0.7|no build
D2|ngon n=17 h=1e-6 dir=(-0.6, -0.48, -0.64) d=0e0 a=0|upright|exact=+3.071e-12|f64=+3.071e-12|VA/esc=50000.0|tier3=Ok(())|classify=Ok(["Outer"])
D2|ngon n=17 h=1e-6 dir=(-0.6, -0.48, -0.64) d=0e0 a=0|INVERTED|exact=-3.071e-12|f64=-3.071e-12|VA/esc=50000.0|tier3=Err([NegativeVolume { solid: SolidKey(1v1) }])|classify=Ok(["Void"])
D2|ngon n=17 h=1e-6 dir=(-0.6, -0.48, -0.64) d=0e0 a=0.7|upright|exact=+3.071e-12|f64=+3.071e-12|VA/esc=50000.0|tier3=Ok(())|classify=Ok(["Outer"])
D2|ngon n=17 h=1e-6 dir=(-0.6, -0.48, -0.64) d=0e0 a=0.7|INVERTED|exact=-3.071e-12|f64=-3.071e-12|VA/esc=50000.0|tier3=Err([NegativeVolume { solid: SolidKey(1v1) }])|classify=Ok(["Void"])
D2|ngon n=17 h=1e-6 dir=(-0.6, -0.48, -0.64) d=1e3 a=0|upright|exact=+3.071e-12|f64=+3.071e-12|VA/esc=50000.0|tier3=Ok(())|classify=Ok(["Outer"])
D2|ngon n=17 h=1e-6 dir=(-0.6, -0.48, -0.64) d=1e3 a=0|INVERTED|exact=-3.071e-12|f64=-3.071e-12|VA/esc=50000.0|tier3=Err([NegativeVolume { solid: SolidKey(1v1) }])|classify=Ok(["Void"])
D2|ngon n=17 h=1e-6 dir=(-0.6, -0.48, -0.64) d=1e3 a=0.7|upright|exact=+3.071e-12|f64=+3.071e-12|VA/esc=50000.0|tier3=Ok(())|classify=Ok(["Outer"])
D2|ngon n=17 h=1e-6 dir=(-0.6, -0.48, -0.64) d=1e3 a=0.7|INVERTED|exact=-3.071e-12|f64=-3.071e-12|VA/esc=50000.0|tier3=Err([NegativeVolume { solid: SolidKey(1v1) }])|classify=Ok(["Void"])
D2|ngon n=17 h=1e-6 dir=(-0.6, -0.48, -0.64) d=5e3 a=0|upright|exact=+3.071e-12|f64=+3.070e-12|VA/esc=50000.0|tier3=Ok(())|classify=Err(Escalated { shell: ShellKey(1v1), source: Indeterminate 
D2|ngon n=17 h=1e-6 dir=(-0.6, -0.48, -0.64) d=5e3 a=0|INVERTED|exact=-3.071e-12|f64=-3.070e-12|VA/esc=50000.0|tier3=Ok(())|classify=Err(Escalated { shell: ShellKey(1v1), source: Indeterminate  <-- INSIDE-OUT PASSES
D2|ngon n=17 h=1e-6 dir=(-0.6, -0.48, -0.64) d=5e3 a=0.7|upright|exact=+3.071e-12|f64=+3.071e-12|VA/esc=50000.0|tier3=Ok(())|classify=Err(Escalated { shell: ShellKey(1v1), source: Indeterminate 
D2|ngon n=17 h=1e-6 dir=(-0.6, -0.48, -0.64) d=5e3 a=0.7|INVERTED|exact=-3.071e-12|f64=-3.071e-12|VA/esc=50000.0|tier3=Ok(())|classify=Err(Escalated { shell: ShellKey(1v1), source: Indeterminate  <-- INSIDE-OUT PASSES
D2|ngon n=17 h=1e-6 dir=(-0.6, -0.48, -0.64) d=2e4 a=0|no build
D2|ngon n=17 h=1e-6 dir=(-0.6, -0.48, -0.64) d=2e4 a=0.7|no build
D2|ngon n=17 h=1e-6 dir=(0.0, 0.0, 1.0) d=0e0 a=0|upright|exact=+3.071e-12|f64=+3.071e-12|VA/esc=50000.0|tier3=Ok(())|classify=Ok(["Outer"])
D2|ngon n=17 h=1e-6 dir=(0.0, 0.0, 1.0) d=0e0 a=0|INVERTED|exact=-3.071e-12|f64=-3.071e-12|VA/esc=50000.0|tier3=Err([NegativeVolume { solid: SolidKey(1v1) }])|classify=Ok(["Void"])
D2|ngon n=17 h=1e-6 dir=(0.0, 0.0, 1.0) d=0e0 a=0.7|upright|exact=+3.071e-12|f64=+3.071e-12|VA/esc=50000.0|tier3=Ok(())|classify=Ok(["Outer"])
D2|ngon n=17 h=1e-6 dir=(0.0, 0.0, 1.0) d=0e0 a=0.7|INVERTED|exact=-3.071e-12|f64=-3.071e-12|VA/esc=50000.0|tier3=Err([NegativeVolume { solid: SolidKey(1v1) }])|classify=Ok(["Void"])
D2|ngon n=17 h=1e-6 dir=(0.0, 0.0, 1.0) d=1e3 a=0|upright|exact=+3.071e-12|f64=+3.071e-12|VA/esc=50000.0|tier3=Ok(())|classify=Ok(["Outer"])
D2|ngon n=17 h=1e-6 dir=(0.0, 0.0, 1.0) d=1e3 a=0|INVERTED|exact=-3.071e-12|f64=-3.071e-12|VA/esc=50000.0|tier3=Err([NegativeVolume { solid: SolidKey(1v1) }])|classify=Ok(["Void"])
D2|ngon n=17 h=1e-6 dir=(0.0, 0.0, 1.0) d=1e3 a=0.7|upright|exact=+3.071e-12|f64=+3.071e-12|VA/esc=50000.0|tier3=Ok(())|classify=Ok(["Outer"])
D2|ngon n=17 h=1e-6 dir=(0.0, 0.0, 1.0) d=1e3 a=0.7|INVERTED|exact=-3.071e-12|f64=-3.071e-12|VA/esc=50000.0|tier3=Err([NegativeVolume { solid: SolidKey(1v1) }])|classify=Ok(["Void"])
D2|ngon n=17 h=1e-6 dir=(0.0, 0.0, 1.0) d=5e3 a=0|upright|exact=+3.071e-12|f64=+3.071e-12|VA/esc=50000.0|tier3=Ok(())|classify=Ok(["Outer"])
D2|ngon n=17 h=1e-6 dir=(0.0, 0.0, 1.0) d=5e3 a=0|INVERTED|exact=-3.071e-12|f64=-3.071e-12|VA/esc=50000.0|tier3=Err([NegativeVolume { solid: SolidKey(1v1) }])|classify=Ok(["Void"])
D2|ngon n=17 h=1e-6 dir=(0.0, 0.0, 1.0) d=5e3 a=0.7|no build
D2|ngon n=17 h=1e-6 dir=(0.0, 0.0, 1.0) d=2e4 a=0|upright|exact=+3.071e-12|f64=+3.071e-12|VA/esc=50000.0|tier3=Ok(())|classify=Ok(["Outer"])
D2|ngon n=17 h=1e-6 dir=(0.0, 0.0, 1.0) d=2e4 a=0|INVERTED|exact=-3.071e-12|f64=-3.071e-12|VA/esc=50000.0|tier3=Err([NegativeVolume { solid: SolidKey(1v1) }])|classify=Ok(["Void"])
D2|ngon n=17 h=1e-6 dir=(0.0, 0.0, 1.0) d=2e4 a=0.7|no build
D2|ngon n=256 h=1e-6 dir=(0.6, 0.48, 0.64) d=0e0 a=0|upright|exact=+3.141e-12|f64=+3.141e-12|VA/esc=50000.0|tier3=Ok(())|classify=Ok(["Outer"])
D2|ngon n=256 h=1e-6 dir=(0.6, 0.48, 0.64) d=0e0 a=0|INVERTED|exact=-3.141e-12|f64=-3.141e-12|VA/esc=50000.0|tier3=Err([NegativeVolume { solid: SolidKey(1v1) }])|classify=Ok(["Void"])
D2|ngon n=256 h=1e-6 dir=(0.6, 0.48, 0.64) d=0e0 a=0.7|upright|exact=+3.141e-12|f64=+3.141e-12|VA/esc=50000.0|tier3=Ok(())|classify=Ok(["Outer"])
D2|ngon n=256 h=1e-6 dir=(0.6, 0.48, 0.64) d=0e0 a=0.7|INVERTED|exact=-3.141e-12|f64=-3.141e-12|VA/esc=50000.0|tier3=Err([NegativeVolume { solid: SolidKey(1v1) }])|classify=Ok(["Void"])
D2|ngon n=256 h=1e-6 dir=(0.6, 0.48, 0.64) d=1e3 a=0|upright|exact=+3.141e-12|f64=+3.141e-12|VA/esc=50000.0|tier3=Ok(())|classify=Err(Escalated { shell: ShellKey(1v1), source: Indeterminate 
D2|ngon n=256 h=1e-6 dir=(0.6, 0.48, 0.64) d=1e3 a=0|INVERTED|exact=-3.141e-12|f64=-3.141e-12|VA/esc=50000.0|tier3=Ok(())|classify=Err(Escalated { shell: ShellKey(1v1), source: Indeterminate  <-- INSIDE-OUT PASSES
D2|ngon n=256 h=1e-6 dir=(0.6, 0.48, 0.64) d=1e3 a=0.7|upright|exact=+3.141e-12|f64=+3.141e-12|VA/esc=50000.0|tier3=Ok(())|classify=Err(Escalated { shell: ShellKey(1v1), source: Indeterminate 
D2|ngon n=256 h=1e-6 dir=(0.6, 0.48, 0.64) d=1e3 a=0.7|INVERTED|exact=-3.141e-12|f64=-3.141e-12|VA/esc=50000.0|tier3=Ok(())|classify=Err(Escalated { shell: ShellKey(1v1), source: Indeterminate  <-- INSIDE-OUT PASSES
D2|ngon n=256 h=1e-6 dir=(0.6, 0.48, 0.64) d=5e3 a=0|upright|exact=+3.141e-12|f64=+3.141e-12|VA/esc=50000.0|tier3=Ok(())|classify=Err(Escalated { shell: ShellKey(1v1), source: Indeterminate 
D2|ngon n=256 h=1e-6 dir=(0.6, 0.48, 0.64) d=5e3 a=0|INVERTED|exact=-3.141e-12|f64=-3.141e-12|VA/esc=50000.0|tier3=Ok(())|classify=Err(Escalated { shell: ShellKey(1v1), source: Indeterminate  <-- INSIDE-OUT PASSES
D2|ngon n=256 h=1e-6 dir=(0.6, 0.48, 0.64) d=5e3 a=0.7|upright|exact=+3.141e-12|f64=+3.141e-12|VA/esc=50000.0|tier3=Ok(())|classify=Err(Escalated { shell: ShellKey(1v1), source: Indeterminate 
D2|ngon n=256 h=1e-6 dir=(0.6, 0.48, 0.64) d=5e3 a=0.7|INVERTED|exact=-3.141e-12|f64=-3.141e-12|VA/esc=50000.0|tier3=Ok(())|classify=Err(Escalated { shell: ShellKey(1v1), source: Indeterminate  <-- INSIDE-OUT PASSES
D2|ngon n=256 h=1e-6 dir=(0.6, 0.48, 0.64) d=2e4 a=0|no build
D2|ngon n=256 h=1e-6 dir=(0.6, 0.48, 0.64) d=2e4 a=0.7|no build
D2|ngon n=256 h=1e-6 dir=(-0.6, -0.48, -0.64) d=0e0 a=0|upright|exact=+3.141e-12|f64=+3.141e-12|VA/esc=50000.0|tier3=Ok(())|classify=Ok(["Outer"])
D2|ngon n=256 h=1e-6 dir=(-0.6, -0.48, -0.64) d=0e0 a=0|INVERTED|exact=-3.141e-12|f64=-3.141e-12|VA/esc=50000.0|tier3=Err([NegativeVolume { solid: SolidKey(1v1) }])|classify=Ok(["Void"])
D2|ngon n=256 h=1e-6 dir=(-0.6, -0.48, -0.64) d=0e0 a=0.7|upright|exact=+3.141e-12|f64=+3.141e-12|VA/esc=50000.0|tier3=Ok(())|classify=Ok(["Outer"])
D2|ngon n=256 h=1e-6 dir=(-0.6, -0.48, -0.64) d=0e0 a=0.7|INVERTED|exact=-3.141e-12|f64=-3.141e-12|VA/esc=50000.0|tier3=Err([NegativeVolume { solid: SolidKey(1v1) }])|classify=Ok(["Void"])
D2|ngon n=256 h=1e-6 dir=(-0.6, -0.48, -0.64) d=1e3 a=0|upright|exact=+3.141e-12|f64=+3.141e-12|VA/esc=50000.0|tier3=Ok(())|classify=Err(Escalated { shell: ShellKey(1v1), source: Indeterminate 
D2|ngon n=256 h=1e-6 dir=(-0.6, -0.48, -0.64) d=1e3 a=0|INVERTED|exact=-3.141e-12|f64=-3.141e-12|VA/esc=50000.0|tier3=Ok(())|classify=Err(Escalated { shell: ShellKey(1v1), source: Indeterminate  <-- INSIDE-OUT PASSES
D2|ngon n=256 h=1e-6 dir=(-0.6, -0.48, -0.64) d=1e3 a=0.7|upright|exact=+3.141e-12|f64=+3.141e-12|VA/esc=50000.0|tier3=Ok(())|classify=Err(Escalated { shell: ShellKey(1v1), source: Indeterminate 
D2|ngon n=256 h=1e-6 dir=(-0.6, -0.48, -0.64) d=1e3 a=0.7|INVERTED|exact=-3.141e-12|f64=-3.141e-12|VA/esc=50000.0|tier3=Ok(())|classify=Err(Escalated { shell: ShellKey(1v1), source: Indeterminate  <-- INSIDE-OUT PASSES
D2|ngon n=256 h=1e-6 dir=(-0.6, -0.48, -0.64) d=5e3 a=0|upright|exact=+3.141e-12|f64=+3.141e-12|VA/esc=50000.0|tier3=Ok(())|classify=Err(Escalated { shell: ShellKey(1v1), source: Indeterminate 
D2|ngon n=256 h=1e-6 dir=(-0.6, -0.48, -0.64) d=5e3 a=0|INVERTED|exact=-3.141e-12|f64=-3.141e-12|VA/esc=50000.0|tier3=Ok(())|classify=Err(Escalated { shell: ShellKey(1v1), source: Indeterminate  <-- INSIDE-OUT PASSES
D2|ngon n=256 h=1e-6 dir=(-0.6, -0.48, -0.64) d=5e3 a=0.7|upright|exact=+3.141e-12|f64=+3.141e-12|VA/esc=50000.0|tier3=Ok(())|classify=Err(Escalated { shell: ShellKey(1v1), source: Indeterminate 
D2|ngon n=256 h=1e-6 dir=(-0.6, -0.48, -0.64) d=5e3 a=0.7|INVERTED|exact=-3.141e-12|f64=-3.141e-12|VA/esc=50000.0|tier3=Ok(())|classify=Err(Escalated { shell: ShellKey(1v1), source: Indeterminate  <-- INSIDE-OUT PASSES
D2|ngon n=256 h=1e-6 dir=(-0.6, -0.48, -0.64) d=2e4 a=0|no build
D2|ngon n=256 h=1e-6 dir=(-0.6, -0.48, -0.64) d=2e4 a=0.7|no build
D2|ngon n=256 h=1e-6 dir=(0.0, 0.0, 1.0) d=0e0 a=0|upright|exact=+3.141e-12|f64=+3.141e-12|VA/esc=50000.0|tier3=Ok(())|classify=Ok(["Outer"])
D2|ngon n=256 h=1e-6 dir=(0.0, 0.0, 1.0) d=0e0 a=0|INVERTED|exact=-3.141e-12|f64=-3.141e-12|VA/esc=50000.0|tier3=Err([NegativeVolume { solid: SolidKey(1v1) }])|classify=Ok(["Void"])
D2|ngon n=256 h=1e-6 dir=(0.0, 0.0, 1.0) d=0e0 a=0.7|upright|exact=+3.141e-12|f64=+3.141e-12|VA/esc=50000.0|tier3=Ok(())|classify=Ok(["Outer"])
D2|ngon n=256 h=1e-6 dir=(0.0, 0.0, 1.0) d=0e0 a=0.7|INVERTED|exact=-3.141e-12|f64=-3.141e-12|VA/esc=50000.0|tier3=Err([NegativeVolume { solid: SolidKey(1v1) }])|classify=Ok(["Void"])
D2|ngon n=256 h=1e-6 dir=(0.0, 0.0, 1.0) d=1e3 a=0|upright|exact=+3.141e-12|f64=+3.141e-12|VA/esc=50000.0|tier3=Ok(())|classify=Ok(["Outer"])
D2|ngon n=256 h=1e-6 dir=(0.0, 0.0, 1.0) d=1e3 a=0|INVERTED|exact=-3.141e-12|f64=-3.141e-12|VA/esc=50000.0|tier3=Err([NegativeVolume { solid: SolidKey(1v1) }])|classify=Ok(["Void"])
D2|ngon n=256 h=1e-6 dir=(0.0, 0.0, 1.0) d=1e3 a=0.7|upright|exact=+3.141e-12|f64=+3.141e-12|VA/esc=50000.0|tier3=Ok(())|classify=Ok(["Outer"])
D2|ngon n=256 h=1e-6 dir=(0.0, 0.0, 1.0) d=1e3 a=0.7|INVERTED|exact=-3.141e-12|f64=-3.141e-12|VA/esc=50000.0|tier3=Err([NegativeVolume { solid: SolidKey(1v1) }])|classify=Ok(["Void"])
D2|ngon n=256 h=1e-6 dir=(0.0, 0.0, 1.0) d=5e3 a=0|upright|exact=+3.141e-12|f64=+3.141e-12|VA/esc=50000.0|tier3=Ok(())|classify=Ok(["Outer"])
D2|ngon n=256 h=1e-6 dir=(0.0, 0.0, 1.0) d=5e3 a=0|INVERTED|exact=-3.141e-12|f64=-3.141e-12|VA/esc=50000.0|tier3=Err([NegativeVolume { solid: SolidKey(1v1) }])|classify=Ok(["Void"])
D2|ngon n=256 h=1e-6 dir=(0.0, 0.0, 1.0) d=5e3 a=0.7|no build
D2|ngon n=256 h=1e-6 dir=(0.0, 0.0, 1.0) d=2e4 a=0|upright|exact=+3.141e-12|f64=+3.141e-12|VA/esc=50000.0|tier3=Ok(())|classify=Ok(["Outer"])
D2|ngon n=256 h=1e-6 dir=(0.0, 0.0, 1.0) d=2e4 a=0|INVERTED|exact=-3.141e-12|f64=-3.141e-12|VA/esc=50000.0|tier3=Err([NegativeVolume { solid: SolidKey(1v1) }])|classify=Ok(["Void"])
D2|ngon n=256 h=1e-6 dir=(0.0, 0.0, 1.0) d=2e4 a=0.7|no build
D2|sliver h=1e-6 dir=(0.6, 0.48, 0.64) d=0e0 a=0|upright|exact=+2.000e-15|f64=+2.000e-15|VA/esc=50000.0|tier3=Ok(())|classify=Ok(["Outer"])
D2|sliver h=1e-6 dir=(0.6, 0.48, 0.64) d=0e0 a=0|INVERTED|exact=-2.000e-15|f64=-2.000e-15|VA/esc=50000.0|tier3=Err([NegativeVolume { solid: SolidKey(1v1) }])|classify=Ok(["Void"])
D2|sliver h=1e-6 dir=(0.6, 0.48, 0.64) d=0e0 a=0.7|upright|exact=+2.000e-15|f64=+2.000e-15|VA/esc=50000.0|tier3=Ok(())|classify=Ok(["Outer"])
D2|sliver h=1e-6 dir=(0.6, 0.48, 0.64) d=0e0 a=0.7|INVERTED|exact=-2.000e-15|f64=-2.000e-15|VA/esc=50000.0|tier3=Err([NegativeVolume { solid: SolidKey(1v1) }])|classify=Ok(["Void"])
D2|sliver h=1e-6 dir=(0.6, 0.48, 0.64) d=1e3 a=0|upright|exact=+2.000e-15|f64=+2.000e-15|VA/esc=50000.0|tier3=Ok(())|classify=Err(Escalated { shell: ShellKey(1v1), source: Indeterminate 
D2|sliver h=1e-6 dir=(0.6, 0.48, 0.64) d=1e3 a=0|INVERTED|exact=-2.000e-15|f64=-2.000e-15|VA/esc=50000.0|tier3=Ok(())|classify=Err(Escalated { shell: ShellKey(1v1), source: Indeterminate  <-- INSIDE-OUT PASSES
D2|sliver h=1e-6 dir=(0.6, 0.48, 0.64) d=1e3 a=0.7|upright|exact=+2.000e-15|f64=+2.000e-15|VA/esc=50000.0|tier3=Ok(())|classify=Err(Escalated { shell: ShellKey(1v1), source: Indeterminate 
D2|sliver h=1e-6 dir=(0.6, 0.48, 0.64) d=1e3 a=0.7|INVERTED|exact=-2.000e-15|f64=-2.000e-15|VA/esc=50000.0|tier3=Ok(())|classify=Err(Escalated { shell: ShellKey(1v1), source: Indeterminate  <-- INSIDE-OUT PASSES
D2|sliver h=1e-6 dir=(0.6, 0.48, 0.64) d=5e3 a=0|upright|exact=+2.000e-15|f64=+2.000e-15|VA/esc=50000.0|tier3=Ok(())|classify=Err(Escalated { shell: ShellKey(1v1), source: Indeterminate 
D2|sliver h=1e-6 dir=(0.6, 0.48, 0.64) d=5e3 a=0|INVERTED|exact=-2.000e-15|f64=-2.000e-15|VA/esc=50000.0|tier3=Ok(())|classify=Err(Escalated { shell: ShellKey(1v1), source: Indeterminate  <-- INSIDE-OUT PASSES
D2|sliver h=1e-6 dir=(0.6, 0.48, 0.64) d=5e3 a=0.7|upright|exact=+2.000e-15|f64=+2.117e-15|VA/esc=50000.0|tier3=Ok(())|classify=Err(Escalated { shell: ShellKey(1v1), source: Indeterminate 
D2|sliver h=1e-6 dir=(0.6, 0.48, 0.64) d=5e3 a=0.7|INVERTED|exact=-2.000e-15|f64=-2.117e-15|VA/esc=50000.0|tier3=Ok(())|classify=Err(Escalated { shell: ShellKey(1v1), source: Indeterminate  <-- INSIDE-OUT PASSES
D2|sliver h=1e-6 dir=(0.6, 0.48, 0.64) d=2e4 a=0|upright|exact=+2.000e-15|f64=+2.000e-15|VA/esc=50000.0|tier3=Ok(())|classify=Err(Escalated { shell: ShellKey(1v1), source: Indeterminate 
D2|sliver h=1e-6 dir=(0.6, 0.48, 0.64) d=2e4 a=0|INVERTED|exact=-2.000e-15|f64=-2.000e-15|VA/esc=50000.0|tier3=Ok(())|classify=Err(Escalated { shell: ShellKey(1v1), source: Indeterminate  <-- INSIDE-OUT PASSES
D2|sliver h=1e-6 dir=(0.6, 0.48, 0.64) d=2e4 a=0.7|no build
D2|sliver h=1e-6 dir=(-0.6, -0.48, -0.64) d=0e0 a=0|upright|exact=+2.000e-15|f64=+2.000e-15|VA/esc=50000.0|tier3=Ok(())|classify=Ok(["Outer"])
D2|sliver h=1e-6 dir=(-0.6, -0.48, -0.64) d=0e0 a=0|INVERTED|exact=-2.000e-15|f64=-2.000e-15|VA/esc=50000.0|tier3=Err([NegativeVolume { solid: SolidKey(1v1) }])|classify=Ok(["Void"])
D2|sliver h=1e-6 dir=(-0.6, -0.48, -0.64) d=0e0 a=0.7|upright|exact=+2.000e-15|f64=+2.000e-15|VA/esc=50000.0|tier3=Ok(())|classify=Ok(["Outer"])
D2|sliver h=1e-6 dir=(-0.6, -0.48, -0.64) d=0e0 a=0.7|INVERTED|exact=-2.000e-15|f64=-2.000e-15|VA/esc=50000.0|tier3=Err([NegativeVolume { solid: SolidKey(1v1) }])|classify=Ok(["Void"])
D2|sliver h=1e-6 dir=(-0.6, -0.48, -0.64) d=1e3 a=0|upright|exact=+2.000e-15|f64=+2.000e-15|VA/esc=50000.0|tier3=Ok(())|classify=Err(Escalated { shell: ShellKey(1v1), source: Indeterminate 
D2|sliver h=1e-6 dir=(-0.6, -0.48, -0.64) d=1e3 a=0|INVERTED|exact=-2.000e-15|f64=-2.000e-15|VA/esc=50000.0|tier3=Ok(())|classify=Err(Escalated { shell: ShellKey(1v1), source: Indeterminate  <-- INSIDE-OUT PASSES
D2|sliver h=1e-6 dir=(-0.6, -0.48, -0.64) d=1e3 a=0.7|upright|exact=+2.000e-15|f64=+2.000e-15|VA/esc=50000.0|tier3=Ok(())|classify=Err(Escalated { shell: ShellKey(1v1), source: Indeterminate 
D2|sliver h=1e-6 dir=(-0.6, -0.48, -0.64) d=1e3 a=0.7|INVERTED|exact=-2.000e-15|f64=-2.000e-15|VA/esc=50000.0|tier3=Ok(())|classify=Err(Escalated { shell: ShellKey(1v1), source: Indeterminate  <-- INSIDE-OUT PASSES
D2|sliver h=1e-6 dir=(-0.6, -0.48, -0.64) d=5e3 a=0|upright|exact=+2.000e-15|f64=+2.000e-15|VA/esc=50000.0|tier3=Ok(())|classify=Err(Escalated { shell: ShellKey(1v1), source: Indeterminate 
D2|sliver h=1e-6 dir=(-0.6, -0.48, -0.64) d=5e3 a=0|INVERTED|exact=-2.000e-15|f64=-2.000e-15|VA/esc=50000.0|tier3=Ok(())|classify=Err(Escalated { shell: ShellKey(1v1), source: Indeterminate  <-- INSIDE-OUT PASSES
D2|sliver h=1e-6 dir=(-0.6, -0.48, -0.64) d=5e3 a=0.7|upright|exact=+2.000e-15|f64=+1.883e-15|VA/esc=50000.0|tier3=Ok(())|classify=Err(Escalated { shell: ShellKey(1v1), source: Indeterminate 
D2|sliver h=1e-6 dir=(-0.6, -0.48, -0.64) d=5e3 a=0.7|INVERTED|exact=-2.000e-15|f64=-1.883e-15|VA/esc=50000.0|tier3=Ok(())|classify=Err(Escalated { shell: ShellKey(1v1), source: Indeterminate  <-- INSIDE-OUT PASSES
D2|sliver h=1e-6 dir=(-0.6, -0.48, -0.64) d=2e4 a=0|upright|exact=+2.000e-15|f64=+2.000e-15|VA/esc=50000.0|tier3=Ok(())|classify=Err(Escalated { shell: ShellKey(1v1), source: Indeterminate 
D2|sliver h=1e-6 dir=(-0.6, -0.48, -0.64) d=2e4 a=0|INVERTED|exact=-2.000e-15|f64=-2.000e-15|VA/esc=50000.0|tier3=Ok(())|classify=Err(Escalated { shell: ShellKey(1v1), source: Indeterminate  <-- INSIDE-OUT PASSES
D2|sliver h=1e-6 dir=(-0.6, -0.48, -0.64) d=2e4 a=0.7|no build
D2|sliver h=1e-6 dir=(0.0, 0.0, 1.0) d=0e0 a=0|upright|exact=+2.000e-15|f64=+2.000e-15|VA/esc=50000.0|tier3=Ok(())|classify=Ok(["Outer"])
D2|sliver h=1e-6 dir=(0.0, 0.0, 1.0) d=0e0 a=0|INVERTED|exact=-2.000e-15|f64=-2.000e-15|VA/esc=50000.0|tier3=Err([NegativeVolume { solid: SolidKey(1v1) }])|classify=Ok(["Void"])
D2|sliver h=1e-6 dir=(0.0, 0.0, 1.0) d=0e0 a=0.7|upright|exact=+2.000e-15|f64=+2.000e-15|VA/esc=50000.0|tier3=Ok(())|classify=Ok(["Outer"])
D2|sliver h=1e-6 dir=(0.0, 0.0, 1.0) d=0e0 a=0.7|INVERTED|exact=-2.000e-15|f64=-2.000e-15|VA/esc=50000.0|tier3=Err([NegativeVolume { solid: SolidKey(1v1) }])|classify=Ok(["Void"])
D2|sliver h=1e-6 dir=(0.0, 0.0, 1.0) d=1e3 a=0|upright|exact=+2.000e-15|f64=+2.000e-15|VA/esc=50000.0|tier3=Ok(())|classify=Ok(["Outer"])
D2|sliver h=1e-6 dir=(0.0, 0.0, 1.0) d=1e3 a=0|INVERTED|exact=-2.000e-15|f64=-2.000e-15|VA/esc=50000.0|tier3=Err([NegativeVolume { solid: SolidKey(1v1) }])|classify=Ok(["Void"])
D2|sliver h=1e-6 dir=(0.0, 0.0, 1.0) d=1e3 a=0.7|upright|exact=+2.000e-15|f64=+2.000e-15|VA/esc=50000.0|tier3=Ok(())|classify=Ok(["Outer"])
D2|sliver h=1e-6 dir=(0.0, 0.0, 1.0) d=1e3 a=0.7|INVERTED|exact=-2.000e-15|f64=-2.000e-15|VA/esc=50000.0|tier3=Err([NegativeVolume { solid: SolidKey(1v1) }])|classify=Ok(["Void"])
D2|sliver h=1e-6 dir=(0.0, 0.0, 1.0) d=5e3 a=0|upright|exact=+2.000e-15|f64=+2.000e-15|VA/esc=50000.0|tier3=Ok(())|classify=Ok(["Outer"])
D2|sliver h=1e-6 dir=(0.0, 0.0, 1.0) d=5e3 a=0|INVERTED|exact=-2.000e-15|f64=-2.000e-15|VA/esc=50000.0|tier3=Err([NegativeVolume { solid: SolidKey(1v1) }])|classify=Ok(["Void"])
D2|sliver h=1e-6 dir=(0.0, 0.0, 1.0) d=5e3 a=0.7|upright|exact=+2.000e-15|f64=+2.000e-15|VA/esc=50000.0|tier3=Ok(())|classify=Ok(["Outer"])
D2|sliver h=1e-6 dir=(0.0, 0.0, 1.0) d=5e3 a=0.7|INVERTED|exact=-2.000e-15|f64=-2.000e-15|VA/esc=50000.0|tier3=Err([NegativeVolume { solid: SolidKey(1v1) }])|classify=Ok(["Void"])
D2|sliver h=1e-6 dir=(0.0, 0.0, 1.0) d=2e4 a=0|upright|exact=+2.000e-15|f64=+2.000e-15|VA/esc=50000.0|tier3=Ok(())|classify=Ok(["Outer"])
D2|sliver h=1e-6 dir=(0.0, 0.0, 1.0) d=2e4 a=0|INVERTED|exact=-2.000e-15|f64=-2.000e-15|VA/esc=50000.0|tier3=Err([NegativeVolume { solid: SolidKey(1v1) }])|classify=Ok(["Void"])
D2|sliver h=1e-6 dir=(0.0, 0.0, 1.0) d=2e4 a=0.7|no build
D2|holed h=1e-6 dir=(0.6, 0.48, 0.64) d=0e0 a=0|upright|exact=+1.286e-11|f64=+1.286e-11|VA/esc=50000.0|tier3=Ok(())|classify=Ok(["Outer"])
D2|holed h=1e-6 dir=(0.6, 0.48, 0.64) d=0e0 a=0|INVERTED|exact=-1.286e-11|f64=-1.286e-11|VA/esc=50000.0|tier3=Err([NegativeVolume { solid: SolidKey(1v1) }])|classify=Ok(["Void"])
D2|holed h=1e-6 dir=(0.6, 0.48, 0.64) d=0e0 a=0.7|upright|exact=+1.286e-11|f64=+1.286e-11|VA/esc=50000.0|tier3=Ok(())|classify=Ok(["Outer"])
D2|holed h=1e-6 dir=(0.6, 0.48, 0.64) d=0e0 a=0.7|INVERTED|exact=-1.286e-11|f64=-1.286e-11|VA/esc=50000.0|tier3=Err([NegativeVolume { solid: SolidKey(1v1) }])|classify=Ok(["Void"])
D2|holed h=1e-6 dir=(0.6, 0.48, 0.64) d=1e3 a=0|upright|exact=+1.286e-11|f64=+1.286e-11|VA/esc=50000.0|tier3=Ok(())|classify=Ok(["Outer"])
D2|holed h=1e-6 dir=(0.6, 0.48, 0.64) d=1e3 a=0|INVERTED|exact=-1.286e-11|f64=-1.286e-11|VA/esc=50000.0|tier3=Err([NegativeVolume { solid: SolidKey(1v1) }])|classify=Ok(["Void"])
D2|holed h=1e-6 dir=(0.6, 0.48, 0.64) d=1e3 a=0.7|upright|exact=+1.286e-11|f64=+1.286e-11|VA/esc=50000.0|tier3=Ok(())|classify=Ok(["Outer"])
D2|holed h=1e-6 dir=(0.6, 0.48, 0.64) d=1e3 a=0.7|INVERTED|exact=-1.286e-11|f64=-1.286e-11|VA/esc=50000.0|tier3=Err([NegativeVolume { solid: SolidKey(1v1) }])|classify=Ok(["Void"])
D2|holed h=1e-6 dir=(0.6, 0.48, 0.64) d=5e3 a=0|upright|exact=+1.286e-11|f64=+1.286e-11|VA/esc=50000.0|tier3=Err([VolumeUncomputable { solid: SolidKey(1v1), source: Face { face: FaceKey(8v1|classify=Err(Props { shell: ShellKey(1v1), source: Face { face: FaceK <-- VALID REFUSED
D2|holed h=1e-6 dir=(0.6, 0.48, 0.64) d=5e3 a=0|INVERTED|exact=-1.286e-11|f64=-1.286e-11|VA/esc=50000.0|tier3=Err([VolumeUncomputable { solid: SolidKey(1v1), source: Face { face: FaceKey(8v1|classify=Err(Props { shell: ShellKey(1v1), source: Face { face: FaceK
D2|holed h=1e-6 dir=(0.6, 0.48, 0.64) d=5e3 a=0.7|no build
D2|holed h=1e-6 dir=(0.6, 0.48, 0.64) d=2e4 a=0|upright|exact=+1.286e-11|f64=+1.286e-11|VA/esc=50000.0|tier3=Err([VolumeUncomputable { solid: SolidKey(1v1), source: Face { face: FaceKey(7v1|classify=Err(Props { shell: ShellKey(1v1), source: Face { face: FaceK <-- VALID REFUSED
D2|holed h=1e-6 dir=(0.6, 0.48, 0.64) d=2e4 a=0|INVERTED|exact=-1.286e-11|f64=-1.286e-11|VA/esc=50000.0|tier3=Err([VolumeUncomputable { solid: SolidKey(1v1), source: Face { face: FaceKey(7v1|classify=Err(Props { shell: ShellKey(1v1), source: Face { face: FaceK
D2|holed h=1e-6 dir=(0.6, 0.48, 0.64) d=2e4 a=0.7|no build
D2|holed h=1e-6 dir=(-0.6, -0.48, -0.64) d=0e0 a=0|upright|exact=+1.286e-11|f64=+1.286e-11|VA/esc=50000.0|tier3=Ok(())|classify=Ok(["Outer"])
D2|holed h=1e-6 dir=(-0.6, -0.48, -0.64) d=0e0 a=0|INVERTED|exact=-1.286e-11|f64=-1.286e-11|VA/esc=50000.0|tier3=Err([NegativeVolume { solid: SolidKey(1v1) }])|classify=Ok(["Void"])
D2|holed h=1e-6 dir=(-0.6, -0.48, -0.64) d=0e0 a=0.7|upright|exact=+1.286e-11|f64=+1.286e-11|VA/esc=50000.0|tier3=Ok(())|classify=Ok(["Outer"])
D2|holed h=1e-6 dir=(-0.6, -0.48, -0.64) d=0e0 a=0.7|INVERTED|exact=-1.286e-11|f64=-1.286e-11|VA/esc=50000.0|tier3=Err([NegativeVolume { solid: SolidKey(1v1) }])|classify=Ok(["Void"])
D2|holed h=1e-6 dir=(-0.6, -0.48, -0.64) d=1e3 a=0|upright|exact=+1.286e-11|f64=+1.286e-11|VA/esc=50000.0|tier3=Ok(())|classify=Ok(["Outer"])
D2|holed h=1e-6 dir=(-0.6, -0.48, -0.64) d=1e3 a=0|INVERTED|exact=-1.286e-11|f64=-1.286e-11|VA/esc=50000.0|tier3=Err([NegativeVolume { solid: SolidKey(1v1) }])|classify=Ok(["Void"])
D2|holed h=1e-6 dir=(-0.6, -0.48, -0.64) d=1e3 a=0.7|upright|exact=+1.286e-11|f64=+1.286e-11|VA/esc=50000.0|tier3=Ok(())|classify=Ok(["Outer"])
D2|holed h=1e-6 dir=(-0.6, -0.48, -0.64) d=1e3 a=0.7|INVERTED|exact=-1.286e-11|f64=-1.286e-11|VA/esc=50000.0|tier3=Err([NegativeVolume { solid: SolidKey(1v1) }])|classify=Ok(["Void"])
D2|holed h=1e-6 dir=(-0.6, -0.48, -0.64) d=5e3 a=0|upright|exact=+1.286e-11|f64=+1.286e-11|VA/esc=50000.0|tier3=Err([VolumeUncomputable { solid: SolidKey(1v1), source: Face { face: FaceKey(8v1|classify=Err(Props { shell: ShellKey(1v1), source: Face { face: FaceK <-- VALID REFUSED
D2|holed h=1e-6 dir=(-0.6, -0.48, -0.64) d=5e3 a=0|INVERTED|exact=-1.286e-11|f64=-1.286e-11|VA/esc=50000.0|tier3=Err([VolumeUncomputable { solid: SolidKey(1v1), source: Face { face: FaceKey(8v1|classify=Err(Props { shell: ShellKey(1v1), source: Face { face: FaceK
D2|holed h=1e-6 dir=(-0.6, -0.48, -0.64) d=5e3 a=0.7|no build
D2|holed h=1e-6 dir=(-0.6, -0.48, -0.64) d=2e4 a=0|upright|exact=+1.286e-11|f64=+1.286e-11|VA/esc=50000.0|tier3=Err([VolumeUncomputable { solid: SolidKey(1v1), source: Face { face: FaceKey(7v1|classify=Err(Props { shell: ShellKey(1v1), source: Face { face: FaceK <-- VALID REFUSED
D2|holed h=1e-6 dir=(-0.6, -0.48, -0.64) d=2e4 a=0|INVERTED|exact=-1.286e-11|f64=-1.286e-11|VA/esc=50000.0|tier3=Err([VolumeUncomputable { solid: SolidKey(1v1), source: Face { face: FaceKey(7v1|classify=Err(Props { shell: ShellKey(1v1), source: Face { face: FaceK
D2|holed h=1e-6 dir=(-0.6, -0.48, -0.64) d=2e4 a=0.7|no build
D2|holed h=1e-6 dir=(0.0, 0.0, 1.0) d=0e0 a=0|upright|exact=+1.286e-11|f64=+1.286e-11|VA/esc=50000.0|tier3=Ok(())|classify=Ok(["Outer"])
D2|holed h=1e-6 dir=(0.0, 0.0, 1.0) d=0e0 a=0|INVERTED|exact=-1.286e-11|f64=-1.286e-11|VA/esc=50000.0|tier3=Err([NegativeVolume { solid: SolidKey(1v1) }])|classify=Ok(["Void"])
D2|holed h=1e-6 dir=(0.0, 0.0, 1.0) d=0e0 a=0.7|upright|exact=+1.286e-11|f64=+1.286e-11|VA/esc=50000.0|tier3=Ok(())|classify=Ok(["Outer"])
D2|holed h=1e-6 dir=(0.0, 0.0, 1.0) d=0e0 a=0.7|INVERTED|exact=-1.286e-11|f64=-1.286e-11|VA/esc=50000.0|tier3=Err([NegativeVolume { solid: SolidKey(1v1) }])|classify=Ok(["Void"])
D2|holed h=1e-6 dir=(0.0, 0.0, 1.0) d=1e3 a=0|upright|exact=+1.286e-11|f64=+1.286e-11|VA/esc=50000.0|tier3=Ok(())|classify=Ok(["Outer"])
D2|holed h=1e-6 dir=(0.0, 0.0, 1.0) d=1e3 a=0|INVERTED|exact=-1.286e-11|f64=-1.286e-11|VA/esc=50000.0|tier3=Err([NegativeVolume { solid: SolidKey(1v1) }])|classify=Ok(["Void"])
D2|holed h=1e-6 dir=(0.0, 0.0, 1.0) d=1e3 a=0.7|upright|exact=+1.286e-11|f64=+1.286e-11|VA/esc=50000.0|tier3=Ok(())|classify=Ok(["Outer"])
D2|holed h=1e-6 dir=(0.0, 0.0, 1.0) d=1e3 a=0.7|INVERTED|exact=-1.286e-11|f64=-1.286e-11|VA/esc=50000.0|tier3=Err([NegativeVolume { solid: SolidKey(1v1) }])|classify=Ok(["Void"])
D2|holed h=1e-6 dir=(0.0, 0.0, 1.0) d=5e3 a=0|upright|exact=+1.286e-11|f64=+1.286e-11|VA/esc=50000.0|tier3=Ok(())|classify=Ok(["Outer"])
D2|holed h=1e-6 dir=(0.0, 0.0, 1.0) d=5e3 a=0|INVERTED|exact=-1.286e-11|f64=-1.286e-11|VA/esc=50000.0|tier3=Err([NegativeVolume { solid: SolidKey(1v1) }])|classify=Ok(["Void"])
D2|holed h=1e-6 dir=(0.0, 0.0, 1.0) d=5e3 a=0.7|upright|exact=+1.286e-11|f64=+1.286e-11|VA/esc=50000.0|tier3=Err([VolumeUncomputable { solid: SolidKey(1v1), source: Face { face: FaceKey(7v1|classify=Err(Props { shell: ShellKey(1v1), source: Face { face: FaceK <-- VALID REFUSED
D2|holed h=1e-6 dir=(0.0, 0.0, 1.0) d=5e3 a=0.7|INVERTED|exact=-1.286e-11|f64=-1.286e-11|VA/esc=50000.0|tier3=Err([VolumeUncomputable { solid: SolidKey(1v1), source: Face { face: FaceKey(7v1|classify=Err(Props { shell: ShellKey(1v1), source: Face { face: FaceK
D2|holed h=1e-6 dir=(0.0, 0.0, 1.0) d=2e4 a=0|upright|exact=+1.286e-11|f64=+1.286e-11|VA/esc=50000.0|tier3=Err([VolumeUncomputable { solid: SolidKey(1v1), source: Face { face: FaceKey(7v1|classify=Err(Props { shell: ShellKey(1v1), source: Face { face: FaceK <-- VALID REFUSED
D2|holed h=1e-6 dir=(0.0, 0.0, 1.0) d=2e4 a=0|INVERTED|exact=-1.286e-11|f64=-1.286e-11|VA/esc=50000.0|tier3=Err([VolumeUncomputable { solid: SolidKey(1v1), source: Face { face: FaceKey(7v1|classify=Err(Props { shell: ShellKey(1v1), source: Face { face: FaceK
D2|holed h=1e-6 dir=(0.0, 0.0, 1.0) d=2e4 a=0.7|no build
test probe_d2_sweep::d2_planar_fans ... ok

test result: ok. 1 passed; 0 failed; 0 ignored; 0 measured; 2111 filtered out; finished in 6.84s

        PASS [   6.854s] (4/9) sweep::all probe_d2_sweep::d2_planar_fans
       START [         ] (5/9) sweep::all probe_d2_sweep::d2_quadrature_kind

running 1 test
D2|quad|eps=1e-12

thread 'probe_d2_sweep::d2_quadrature_kind' (28974) panicked at crates/sweep/tests/probe_d2_sweep.rs:227:51:
called `Result::unwrap()` on an `Err` value: VolumeUnmeasured { operand: None, source: Face { face: FaceKey(9v1), source: QuadratureBudget { width_len: 3.167827719381481e-9, target_len: 1.024e-9, rounds: 13 } } }
stack backtrace:
   0: __rustc::rust_begin_unwind
             at /rustc/2d8144b7880597b6e6d3dfd63a9a9efae3f533d3/library/std/src/panicking.rs:689:5
   1: core::panicking::panic_fmt
             at /rustc/2d8144b7880597b6e6d3dfd63a9a9efae3f533d3/library/core/src/panicking.rs:80:14
   2: core::result::unwrap_failed
             at /rustc/2d8144b7880597b6e6d3dfd63a9a9efae3f533d3/library/core/src/result.rs:1867:5
   3: unwrap<topo::boolean::ops::BooleanResult<f64>, topo::boolean::BooleanError>
             at /rustc/2d8144b7880597b6e6d3dfd63a9a9efae3f533d3/library/core/src/result.rs:1233:23
   4: {closure#0}
             at ./tests/probe_d2_sweep.rs:227:51
   5: <all::probe_d2_sweep::d2_quadrature_kind::{closure#0} as core::ops::function::FnOnce<()>>::call_once
             at /rustc/2d8144b7880597b6e6d3dfd63a9a9efae3f533d3/library/core/src/ops/function.rs:250:5
   6: do_call<all::probe_d2_sweep::d2_quadrature_kind::{closure_env#0}, topo::body::Body<f64>>
             at /rustc/2d8144b7880597b6e6d3dfd63a9a9efae3f533d3/library/std/src/panicking.rs:581:40
   7: __rust_try
   8: catch_unwind<topo::body::Body<f64>, all::probe_d2_sweep::d2_quadrature_kind::{closure_env#0}>
             at /rustc/2d8144b7880597b6e6d3dfd63a9a9efae3f533d3/library/std/src/panicking.rs:544:19
   9: catch_unwind<all::probe_d2_sweep::d2_quadrature_kind::{closure_env#0}, topo::body::Body<f64>>
             at /rustc/2d8144b7880597b6e6d3dfd63a9a9efae3f533d3/library/std/src/panic.rs:359:14
  10: all::probe_d2_sweep::built::<all::probe_d2_sweep::d2_quadrature_kind::{closure#0}>
             at ./tests/probe_d2_sweep.rs:54:5
  11: d2_quadrature_kind
             at ./tests/probe_d2_sweep.rs:229:32
  12: all::probe_d2_sweep::d2_quadrature_kind::{closure#0}
             at ./tests/probe_d2_sweep.rs:213:24
  13: <all::probe_d2_sweep::d2_quadrature_kind::{closure#0} as core::ops::function::FnOnce<()>>::call_once
             at /rustc/2d8144b7880597b6e6d3dfd63a9a9efae3f533d3/library/core/src/ops/function.rs:250:5
  14: <fn() -> core::result::Result<(), alloc::string::String> as core::ops::function::FnOnce<()>>::call_once
             at /rustc/2d8144b7880597b6e6d3dfd63a9a9efae3f533d3/library/core/src/ops/function.rs:250:5
note: Some details are omitted, run with `RUST_BACKTRACE=full` for a verbose backtrace.
D2|quad h=1e-7 tilt=0.3|no build at origin

thread 'probe_d2_sweep::d2_quadrature_kind' (28974) panicked at crates/sweep/tests/probe_d2_sweep.rs:227:51:
called `Result::unwrap()` on an `Err` value: VolumeUnmeasured { operand: None, source: Face { face: FaceKey(9v1), source: QuadratureBudget { width_len: 6.679192166599726e-9, target_len: 1.024e-9, rounds: 13 } } }
stack backtrace:
   0: __rustc::rust_begin_unwind
             at /rustc/2d8144b7880597b6e6d3dfd63a9a9efae3f533d3/library/std/src/panicking.rs:689:5
   1: core::panicking::panic_fmt
             at /rustc/2d8144b7880597b6e6d3dfd63a9a9efae3f533d3/library/core/src/panicking.rs:80:14
   2: core::result::unwrap_failed
             at /rustc/2d8144b7880597b6e6d3dfd63a9a9efae3f533d3/library/core/src/result.rs:1867:5
   3: unwrap<topo::boolean::ops::BooleanResult<f64>, topo::boolean::BooleanError>
             at /rustc/2d8144b7880597b6e6d3dfd63a9a9efae3f533d3/library/core/src/result.rs:1233:23
   4: {closure#0}
             at ./tests/probe_d2_sweep.rs:227:51
   5: <all::probe_d2_sweep::d2_quadrature_kind::{closure#0} as core::ops::function::FnOnce<()>>::call_once
             at /rustc/2d8144b7880597b6e6d3dfd63a9a9efae3f533d3/library/core/src/ops/function.rs:250:5
   6: do_call<all::probe_d2_sweep::d2_quadrature_kind::{closure_env#0}, topo::body::Body<f64>>
             at /rustc/2d8144b7880597b6e6d3dfd63a9a9efae3f533d3/library/std/src/panicking.rs:581:40
   7: __rust_try
   8: catch_unwind<topo::body::Body<f64>, all::probe_d2_sweep::d2_quadrature_kind::{closure_env#0}>
             at /rustc/2d8144b7880597b6e6d3dfd63a9a9efae3f533d3/library/std/src/panicking.rs:544:19
   9: catch_unwind<all::probe_d2_sweep::d2_quadrature_kind::{closure_env#0}, topo::body::Body<f64>>
             at /rustc/2d8144b7880597b6e6d3dfd63a9a9efae3f533d3/library/std/src/panic.rs:359:14
  10: all::probe_d2_sweep::built::<all::probe_d2_sweep::d2_quadrature_kind::{closure#0}>
             at ./tests/probe_d2_sweep.rs:54:5
  11: d2_quadrature_kind
             at ./tests/probe_d2_sweep.rs:229:32
  12: all::probe_d2_sweep::d2_quadrature_kind::{closure#0}
             at ./tests/probe_d2_sweep.rs:213:24
  13: <all::probe_d2_sweep::d2_quadrature_kind::{closure#0} as core::ops::function::FnOnce<()>>::call_once
             at /rustc/2d8144b7880597b6e6d3dfd63a9a9efae3f533d3/library/core/src/ops/function.rs:250:5
  14: <fn() -> core::result::Result<(), alloc::string::String> as core::ops::function::FnOnce<()>>::call_once
             at /rustc/2d8144b7880597b6e6d3dfd63a9a9efae3f533d3/library/core/src/ops/function.rs:250:5
note: Some details are omitted, run with `RUST_BACKTRACE=full` for a verbose backtrace.
D2|quad h=1e-7 tilt=0.8|no build at origin

thread 'probe_d2_sweep::d2_quadrature_kind' (28974) panicked at crates/sweep/tests/probe_d2_sweep.rs:227:51:
called `Result::unwrap()` on an `Err` value: VolumeUnmeasured { operand: None, source: Face { face: FaceKey(13v3), source: QuadratureBudget { width_len: 1.481262590341816e-9, target_len: 1.024e-9, rounds: 13 } } }
stack backtrace:
   0: __rustc::rust_begin_unwind
             at /rustc/2d8144b7880597b6e6d3dfd63a9a9efae3f533d3/library/std/src/panicking.rs:689:5
   1: core::panicking::panic_fmt
             at /rustc/2d8144b7880597b6e6d3dfd63a9a9efae3f533d3/library/core/src/panicking.rs:80:14
   2: core::result::unwrap_failed
             at /rustc/2d8144b7880597b6e6d3dfd63a9a9efae3f533d3/library/core/src/result.rs:1867:5
   3: unwrap<topo::boolean::ops::BooleanResult<f64>, topo::boolean::BooleanError>
             at /rustc/2d8144b7880597b6e6d3dfd63a9a9efae3f533d3/library/core/src/result.rs:1233:23
   4: {closure#0}
             at ./tests/probe_d2_sweep.rs:227:51
   5: <all::probe_d2_sweep::d2_quadrature_kind::{closure#0} as core::ops::function::FnOnce<()>>::call_once
             at /rustc/2d8144b7880597b6e6d3dfd63a9a9efae3f533d3/library/core/src/ops/function.rs:250:5
   6: do_call<all::probe_d2_sweep::d2_quadrature_kind::{closure_env#0}, topo::body::Body<f64>>
             at /rustc/2d8144b7880597b6e6d3dfd63a9a9efae3f533d3/library/std/src/panicking.rs:581:40
   7: __rust_try
   8: catch_unwind<topo::body::Body<f64>, all::probe_d2_sweep::d2_quadrature_kind::{closure_env#0}>
             at /rustc/2d8144b7880597b6e6d3dfd63a9a9efae3f533d3/library/std/src/panicking.rs:544:19
   9: catch_unwind<all::probe_d2_sweep::d2_quadrature_kind::{closure_env#0}, topo::body::Body<f64>>
             at /rustc/2d8144b7880597b6e6d3dfd63a9a9efae3f533d3/library/std/src/panic.rs:359:14
  10: all::probe_d2_sweep::built::<all::probe_d2_sweep::d2_quadrature_kind::{closure#0}>
             at ./tests/probe_d2_sweep.rs:54:5
  11: d2_quadrature_kind
             at ./tests/probe_d2_sweep.rs:229:32
  12: all::probe_d2_sweep::d2_quadrature_kind::{closure#0}
             at ./tests/probe_d2_sweep.rs:213:24
  13: <all::probe_d2_sweep::d2_quadrature_kind::{closure#0} as core::ops::function::FnOnce<()>>::call_once
             at /rustc/2d8144b7880597b6e6d3dfd63a9a9efae3f533d3/library/core/src/ops/function.rs:250:5
  14: <fn() -> core::result::Result<(), alloc::string::String> as core::ops::function::FnOnce<()>>::call_once
             at /rustc/2d8144b7880597b6e6d3dfd63a9a9efae3f533d3/library/core/src/ops/function.rs:250:5
note: Some details are omitted, run with `RUST_BACKTRACE=full` for a verbose backtrace.
D2|quad h=1e-6 tilt=0.3|no build at origin

thread 'probe_d2_sweep::d2_quadrature_kind' (28974) panicked at crates/sweep/tests/probe_d2_sweep.rs:227:51:
called `Result::unwrap()` on an `Err` value: VolumeUnmeasured { operand: None, source: Face { face: FaceKey(13v3), source: QuadratureBudget { width_len: 3.1196060808044448e-9, target_len: 1.024e-9, rounds: 13 } } }
stack backtrace:
   0: __rustc::rust_begin_unwind
             at /rustc/2d8144b7880597b6e6d3dfd63a9a9efae3f533d3/library/std/src/panicking.rs:689:5
   1: core::panicking::panic_fmt
             at /rustc/2d8144b7880597b6e6d3dfd63a9a9efae3f533d3/library/core/src/panicking.rs:80:14
   2: core::result::unwrap_failed
             at /rustc/2d8144b7880597b6e6d3dfd63a9a9efae3f533d3/library/core/src/result.rs:1867:5
   3: unwrap<topo::boolean::ops::BooleanResult<f64>, topo::boolean::BooleanError>
             at /rustc/2d8144b7880597b6e6d3dfd63a9a9efae3f533d3/library/core/src/result.rs:1233:23
   4: {closure#0}
             at ./tests/probe_d2_sweep.rs:227:51
   5: <all::probe_d2_sweep::d2_quadrature_kind::{closure#0} as core::ops::function::FnOnce<()>>::call_once
             at /rustc/2d8144b7880597b6e6d3dfd63a9a9efae3f533d3/library/core/src/ops/function.rs:250:5
   6: do_call<all::probe_d2_sweep::d2_quadrature_kind::{closure_env#0}, topo::body::Body<f64>>
             at /rustc/2d8144b7880597b6e6d3dfd63a9a9efae3f533d3/library/std/src/panicking.rs:581:40
   7: __rust_try
   8: catch_unwind<topo::body::Body<f64>, all::probe_d2_sweep::d2_quadrature_kind::{closure_env#0}>
             at /rustc/2d8144b7880597b6e6d3dfd63a9a9efae3f533d3/library/std/src/panicking.rs:544:19
   9: catch_unwind<all::probe_d2_sweep::d2_quadrature_kind::{closure_env#0}, topo::body::Body<f64>>
             at /rustc/2d8144b7880597b6e6d3dfd63a9a9efae3f533d3/library/std/src/panic.rs:359:14
  10: all::probe_d2_sweep::built::<all::probe_d2_sweep::d2_quadrature_kind::{closure#0}>
             at ./tests/probe_d2_sweep.rs:54:5
  11: d2_quadrature_kind
             at ./tests/probe_d2_sweep.rs:229:32
  12: all::probe_d2_sweep::d2_quadrature_kind::{closure#0}
             at ./tests/probe_d2_sweep.rs:213:24
  13: <all::probe_d2_sweep::d2_quadrature_kind::{closure#0} as core::ops::function::FnOnce<()>>::call_once
             at /rustc/2d8144b7880597b6e6d3dfd63a9a9efae3f533d3/library/core/src/ops/function.rs:250:5
  14: <fn() -> core::result::Result<(), alloc::string::String> as core::ops::function::FnOnce<()>>::call_once
             at /rustc/2d8144b7880597b6e6d3dfd63a9a9efae3f533d3/library/core/src/ops/function.rs:250:5
note: Some details are omitted, run with `RUST_BACKTRACE=full` for a verbose backtrace.
D2|quad h=1e-6 tilt=0.8|no build at origin
D2|quad h=1e-5 tilt=0.3 dir=(0.6, 0.48, 0.64) d=0e0 a=0|upright|exact=+3.288e-11|f64=+3.288e-11|VA/esc=500000.0|tier3=Ok(())|classify=Ok(["Outer"])
D2|quad h=1e-5 tilt=0.3 dir=(0.6, 0.48, 0.64) d=0e0 a=0|INVERTED|exact=-3.288e-11|f64=-3.288e-11|VA/esc=500000.0|tier3=Err([NegativeVolume { solid: SolidKey(1v1) }])|classify=Ok(["Void"])
D2|quad h=1e-5 tilt=0.3 dir=(0.6, 0.48, 0.64) d=0e0 a=0.7|upright|exact=+3.288e-11|f64=+3.288e-11|VA/esc=500000.0|tier3=Ok(())|classify=Ok(["Outer"])
D2|quad h=1e-5 tilt=0.3 dir=(0.6, 0.48, 0.64) d=0e0 a=0.7|INVERTED|exact=-3.288e-11|f64=-3.288e-11|VA/esc=500000.0|tier3=Err([NegativeVolume { solid: SolidKey(1v1) }])|classify=Ok(["Void"])
D2|quad h=1e-5 tilt=0.3 dir=(0.6, 0.48, 0.64) d=1e3 a=0|upright|exact=+3.288e-11|f64=+3.288e-11|VA/esc=500000.0|tier3=Ok(())|classify=Ok(["Outer"])
D2|quad h=1e-5 tilt=0.3 dir=(0.6, 0.48, 0.64) d=1e3 a=0|INVERTED|exact=-3.288e-11|f64=-3.288e-11|VA/esc=500000.0|tier3=Err([NegativeVolume { solid: SolidKey(1v1) }])|classify=Ok(["Void"])
D2|quad h=1e-5 tilt=0.3 dir=(0.6, 0.48, 0.64) d=1e3 a=0.7|upright|exact=+3.288e-11|f64=NaN|VA/esc=500000.0|tier3=Ok(())|classify=Err(Props { shell: ShellKey(3v1), source: Face { face: FaceK
D2|quad h=1e-5 tilt=0.3 dir=(0.6, 0.48, 0.64) d=1e3 a=0.7|INVERTED|exact=-3.288e-11|f64=NaN|VA/esc=500000.0|tier3=Err([NegativeVolume { solid: SolidKey(1v1) }])|classify=Err(Props { shell: ShellKey(3v1), source: Face { face: FaceK
D2|quad h=1e-5 tilt=0.3 dir=(0.6, 0.48, 0.64) d=5e3 a=0|upright|exact=+3.288e-11|f64=+3.288e-11|VA/esc=500000.0|tier3=Ok(())|classify=Ok(["Outer"])
D2|quad h=1e-5 tilt=0.3 dir=(0.6, 0.48, 0.64) d=5e3 a=0|INVERTED|exact=-3.288e-11|f64=-3.288e-11|VA/esc=500000.0|tier3=Err([NegativeVolume { solid: SolidKey(1v1) }])|classify=Ok(["Void"])
D2|quad h=1e-5 tilt=0.3 dir=(0.6, 0.48, 0.64) d=5e3 a=0.7|upright|exact=+3.288e-11|f64=+3.288e-11|VA/esc=500000.0|tier3=Ok(())|classify=Ok(["Outer"])
D2|quad h=1e-5 tilt=0.3 dir=(0.6, 0.48, 0.64) d=5e3 a=0.7|INVERTED|exact=-3.288e-11|f64=-3.288e-11|VA/esc=500000.0|tier3=Err([NegativeVolume { solid: SolidKey(1v1) }])|classify=Ok(["Void"])
D2|quad h=1e-5 tilt=0.3 dir=(0.6, 0.48, 0.64) d=2e4 a=0|no build
D2|quad h=1e-5 tilt=0.3 dir=(0.6, 0.48, 0.64) d=2e4 a=0.7|no build
D2|quad h=1e-5 tilt=0.3 dir=(-0.6, -0.48, -0.64) d=0e0 a=0|upright|exact=+3.288e-11|f64=+3.288e-11|VA/esc=500000.0|tier3=Ok(())|classify=Ok(["Outer"])
D2|quad h=1e-5 tilt=0.3 dir=(-0.6, -0.48, -0.64) d=0e0 a=0|INVERTED|exact=-3.288e-11|f64=-3.288e-11|VA/esc=500000.0|tier3=Err([NegativeVolume { solid: SolidKey(1v1) }])|classify=Ok(["Void"])
D2|quad h=1e-5 tilt=0.3 dir=(-0.6, -0.48, -0.64) d=0e0 a=0.7|upright|exact=+3.288e-11|f64=+3.288e-11|VA/esc=500000.0|tier3=Ok(())|classify=Ok(["Outer"])
D2|quad h=1e-5 tilt=0.3 dir=(-0.6, -0.48, -0.64) d=0e0 a=0.7|INVERTED|exact=-3.288e-11|f64=-3.288e-11|VA/esc=500000.0|tier3=Err([NegativeVolume { solid: SolidKey(1v1) }])|classify=Ok(["Void"])
D2|quad h=1e-5 tilt=0.3 dir=(-0.6, -0.48, -0.64) d=1e3 a=0|upright|exact=+3.288e-11|f64=+3.288e-11|VA/esc=500000.0|tier3=Ok(())|classify=Ok(["Outer"])
        SLOW [> 60.000s] (───) sweep::all probe_d2_sweep::d2_quadrature_kind
test probe_d2_sweep::d2_quadrature_kind has been running for over 60 seconds
D2|quad h=1e-5 tilt=0.3 dir=(-0.6, -0.48, -0.64) d=1e3 a=0|INVERTED|exact=-3.288e-11|f64=-3.288e-11|VA/esc=500000.0|tier3=Err([NegativeVolume { solid: SolidKey(1v1) }])|classify=Ok(["Void"])
D2|quad h=1e-5 tilt=0.3 dir=(-0.6, -0.48, -0.64) d=1e3 a=0.7|upright|exact=+3.288e-11|f64=NaN|VA/esc=500000.0|tier3=Ok(())|classify=Err(Props { shell: ShellKey(3v1), source: Face { face: FaceK
D2|quad h=1e-5 tilt=0.3 dir=(-0.6, -0.48, -0.64) d=1e3 a=0.7|INVERTED|exact=-3.288e-11|f64=NaN|VA/esc=500000.0|tier3=Err([NegativeVolume { solid: SolidKey(1v1) }])|classify=Err(Props { shell: ShellKey(3v1), source: Face { face: FaceK
D2|quad h=1e-5 tilt=0.3 dir=(-0.6, -0.48, -0.64) d=5e3 a=0|upright|exact=+3.288e-11|f64=+3.288e-11|VA/esc=500000.0|tier3=Ok(())|classify=Ok(["Outer"])
D2|quad h=1e-5 tilt=0.3 dir=(-0.6, -0.48, -0.64) d=5e3 a=0|INVERTED|exact=-3.288e-11|f64=-3.288e-11|VA/esc=500000.0|tier3=Err([NegativeVolume { solid: SolidKey(1v1) }])|classify=Ok(["Void"])
D2|quad h=1e-5 tilt=0.3 dir=(-0.6, -0.48, -0.64) d=5e3 a=0.7|upright|exact=+3.288e-11|f64=+3.288e-11|VA/esc=500000.0|tier3=Ok(())|classify=Ok(["Outer"])
D2|quad h=1e-5 tilt=0.3 dir=(-0.6, -0.48, -0.64) d=5e3 a=0.7|INVERTED|exact=-3.288e-11|f64=-3.288e-11|VA/esc=500000.0|tier3=Err([NegativeVolume { solid: SolidKey(1v1) }])|classify=Ok(["Void"])
D2|quad h=1e-5 tilt=0.3 dir=(-0.6, -0.48, -0.64) d=2e4 a=0|no build
D2|quad h=1e-5 tilt=0.3 dir=(-0.6, -0.48, -0.64) d=2e4 a=0.7|no build
D2|quad h=1e-5 tilt=0.3 dir=(0.0, 0.0, 1.0) d=0e0 a=0|upright|exact=+3.288e-11|f64=+3.288e-11|VA/esc=500000.0|tier3=Ok(())|classify=Ok(["Outer"])
D2|quad h=1e-5 tilt=0.3 dir=(0.0, 0.0, 1.0) d=0e0 a=0|INVERTED|exact=-3.288e-11|f64=-3.288e-11|VA/esc=500000.0|tier3=Err([NegativeVolume { solid: SolidKey(1v1) }])|classify=Ok(["Void"])
D2|quad h=1e-5 tilt=0.3 dir=(0.0, 0.0, 1.0) d=0e0 a=0.7|upright|exact=+3.288e-11|f64=+3.288e-11|VA/esc=500000.0|tier3=Ok(())|classify=Ok(["Outer"])
D2|quad h=1e-5 tilt=0.3 dir=(0.0, 0.0, 1.0) d=0e0 a=0.7|INVERTED|exact=-3.288e-11|f64=-3.288e-11|VA/esc=500000.0|tier3=Err([NegativeVolume { solid: SolidKey(1v1) }])|classify=Ok(["Void"])
D2|quad h=1e-5 tilt=0.3 dir=(0.0, 0.0, 1.0) d=1e3 a=0|upright|exact=+3.288e-11|f64=+3.288e-11|VA/esc=500000.0|tier3=Ok(())|classify=Ok(["Outer"])
D2|quad h=1e-5 tilt=0.3 dir=(0.0, 0.0, 1.0) d=1e3 a=0|INVERTED|exact=-3.288e-11|f64=-3.288e-11|VA/esc=500000.0|tier3=Err([NegativeVolume { solid: SolidKey(1v1) }])|classify=Ok(["Void"])
D2|quad h=1e-5 tilt=0.3 dir=(0.0, 0.0, 1.0) d=1e3 a=0.7|upright|exact=+3.288e-11|f64=+3.288e-11|VA/esc=500000.0|tier3=Ok(())|classify=Ok(["Outer"])
D2|quad h=1e-5 tilt=0.3 dir=(0.0, 0.0, 1.0) d=1e3 a=0.7|INVERTED|exact=-3.288e-11|f64=-3.288e-11|VA/esc=500000.0|tier3=Err([NegativeVolume { solid: SolidKey(1v1) }])|classify=Ok(["Void"])
D2|quad h=1e-5 tilt=0.3 dir=(0.0, 0.0, 1.0) d=5e3 a=0|upright|exact=+3.288e-11|f64=+3.288e-11|VA/esc=500000.0|tier3=Ok(())|classify=Ok(["Outer"])
D2|quad h=1e-5 tilt=0.3 dir=(0.0, 0.0, 1.0) d=5e3 a=0|INVERTED|exact=-3.288e-11|f64=-3.288e-11|VA/esc=500000.0|tier3=Err([NegativeVolume { solid: SolidKey(1v1) }])|classify=Ok(["Void"])
D2|quad h=1e-5 tilt=0.3 dir=(0.0, 0.0, 1.0) d=5e3 a=0.7|upright|exact=+3.288e-11|f64=+3.288e-11|VA/esc=500000.0|tier3=Ok(())|classify=Ok(["Outer"])
D2|quad h=1e-5 tilt=0.3 dir=(0.0, 0.0, 1.0) d=5e3 a=0.7|INVERTED|exact=-3.288e-11|f64=-3.288e-11|VA/esc=500000.0|tier3=Err([NegativeVolume { solid: SolidKey(1v1) }])|classify=Ok(["Void"])
D2|quad h=1e-5 tilt=0.3 dir=(0.0, 0.0, 1.0) d=2e4 a=0|no build
D2|quad h=1e-5 tilt=0.3 dir=(0.0, 0.0, 1.0) d=2e4 a=0.7|no build
D2|quad h=1e-5 tilt=0.8 dir=(0.6, 0.48, 0.64) d=0e0 a=0|upright|exact=+4.509e-11|f64=+4.509e-11|VA/esc=500000.0|tier3=Ok(())|classify=Ok(["Outer"])
D2|quad h=1e-5 tilt=0.8 dir=(0.6, 0.48, 0.64) d=0e0 a=0|INVERTED|exact=-4.509e-11|f64=-4.509e-11|VA/esc=500000.0|tier3=Err([NegativeVolume { solid: SolidKey(1v1) }])|classify=Ok(["Void"])
D2|quad h=1e-5 tilt=0.8 dir=(0.6, 0.48, 0.64) d=0e0 a=0.7|upright|exact=+4.509e-11|f64=+4.509e-11|VA/esc=500000.0|tier3=Ok(())|classify=Ok(["Outer"])
D2|quad h=1e-5 tilt=0.8 dir=(0.6, 0.48, 0.64) d=0e0 a=0.7|INVERTED|exact=-4.509e-11|f64=-4.509e-11|VA/esc=500000.0|tier3=Err([NegativeVolume { solid: SolidKey(1v1) }])|classify=Ok(["Void"])
D2|quad h=1e-5 tilt=0.8 dir=(0.6, 0.48, 0.64) d=1e3 a=0|upright|exact=+4.509e-11|f64=+4.509e-11|VA/esc=500000.0|tier3=Ok(())|classify=Ok(["Outer"])
D2|quad h=1e-5 tilt=0.8 dir=(0.6, 0.48, 0.64) d=1e3 a=0|INVERTED|exact=-4.509e-11|f64=-4.509e-11|VA/esc=500000.0|tier3=Err([NegativeVolume { solid: SolidKey(1v1) }])|classify=Ok(["Void"])
D2|quad h=1e-5 tilt=0.8 dir=(0.6, 0.48, 0.64) d=1e3 a=0.7|upright|exact=+4.509e-11|f64=+4.509e-11|VA/esc=500000.0|tier3=Ok(())|classify=Ok(["Outer"])
D2|quad h=1e-5 tilt=0.8 dir=(0.6, 0.48, 0.64) d=1e3 a=0.7|INVERTED|exact=-4.509e-11|f64=-4.509e-11|VA/esc=500000.0|tier3=Err([NegativeVolume { solid: SolidKey(1v1) }])|classify=Ok(["Void"])
D2|quad h=1e-5 tilt=0.8 dir=(0.6, 0.48, 0.64) d=5e3 a=0|upright|exact=+4.509e-11|f64=+4.509e-11|VA/esc=500000.0|tier3=Ok(())|classify=Ok(["Outer"])
D2|quad h=1e-5 tilt=0.8 dir=(0.6, 0.48, 0.64) d=5e3 a=0|INVERTED|exact=-4.509e-11|f64=-4.509e-11|VA/esc=500000.0|tier3=Err([NegativeVolume { solid: SolidKey(1v1) }])|classify=Ok(["Void"])
D2|quad h=1e-5 tilt=0.8 dir=(0.6, 0.48, 0.64) d=5e3 a=0.7|upright|exact=+4.509e-11|f64=+4.509e-11|VA/esc=500000.0|tier3=Ok(())|classify=Ok(["Outer"])
D2|quad h=1e-5 tilt=0.8 dir=(0.6, 0.48, 0.64) d=5e3 a=0.7|INVERTED|exact=-4.509e-11|f64=-4.509e-11|VA/esc=500000.0|tier3=Err([NegativeVolume { solid: SolidKey(1v1) }])|classify=Ok(["Void"])
D2|quad h=1e-5 tilt=0.8 dir=(0.6, 0.48, 0.64) d=2e4 a=0|no build
D2|quad h=1e-5 tilt=0.8 dir=(0.6, 0.48, 0.64) d=2e4 a=0.7|no build
D2|quad h=1e-5 tilt=0.8 dir=(-0.6, -0.48, -0.64) d=0e0 a=0|upright|exact=+4.509e-11|f64=+4.509e-11|VA/esc=500000.0|tier3=Ok(())|classify=Ok(["Outer"])
D2|quad h=1e-5 tilt=0.8 dir=(-0.6, -0.48, -0.64) d=0e0 a=0|INVERTED|exact=-4.509e-11|f64=-4.509e-11|VA/esc=500000.0|tier3=Err([NegativeVolume { solid: SolidKey(1v1) }])|classify=Ok(["Void"])
D2|quad h=1e-5 tilt=0.8 dir=(-0.6, -0.48, -0.64) d=0e0 a=0.7|upright|exact=+4.509e-11|f64=+4.509e-11|VA/esc=500000.0|tier3=Ok(())|classify=Ok(["Outer"])
D2|quad h=1e-5 tilt=0.8 dir=(-0.6, -0.48, -0.64) d=0e0 a=0.7|INVERTED|exact=-4.509e-11|f64=-4.509e-11|VA/esc=500000.0|tier3=Err([NegativeVolume { solid: SolidKey(1v1) }])|classify=Ok(["Void"])
D2|quad h=1e-5 tilt=0.8 dir=(-0.6, -0.48, -0.64) d=1e3 a=0|upright|exact=+4.509e-11|f64=+4.509e-11|VA/esc=500000.0|tier3=Ok(())|classify=Ok(["Outer"])
D2|quad h=1e-5 tilt=0.8 dir=(-0.6, -0.48, -0.64) d=1e3 a=0|INVERTED|exact=-4.509e-11|f64=-4.509e-11|VA/esc=500000.0|tier3=Err([NegativeVolume { solid: SolidKey(1v1) }])|classify=Ok(["Void"])
D2|quad h=1e-5 tilt=0.8 dir=(-0.6, -0.48, -0.64) d=1e3 a=0.7|upright|exact=+4.509e-11|f64=+4.509e-11|VA/esc=500000.0|tier3=Ok(())|classify=Ok(["Outer"])
D2|quad h=1e-5 tilt=0.8 dir=(-0.6, -0.48, -0.64) d=1e3 a=0.7|INVERTED|exact=-4.509e-11|f64=-4.509e-11|VA/esc=500000.0|tier3=Err([NegativeVolume { solid: SolidKey(1v1) }])|classify=Ok(["Void"])
D2|quad h=1e-5 tilt=0.8 dir=(-0.6, -0.48, -0.64) d=5e3 a=0|upright|exact=+4.509e-11|f64=+4.509e-11|VA/esc=500000.0|tier3=Ok(())|classify=Ok(["Outer"])
D2|quad h=1e-5 tilt=0.8 dir=(-0.6, -0.48, -0.64) d=5e3 a=0|INVERTED|exact=-4.509e-11|f64=-4.509e-11|VA/esc=500000.0|tier3=Err([NegativeVolume { solid: SolidKey(1v1) }])|classify=Ok(["Void"])
D2|quad h=1e-5 tilt=0.8 dir=(-0.6, -0.48, -0.64) d=5e3 a=0.7|upright|exact=+4.509e-11|f64=+4.509e-11|VA/esc=500000.0|tier3=Ok(())|classify=Ok(["Outer"])
D2|quad h=1e-5 tilt=0.8 dir=(-0.6, -0.48, -0.64) d=5e3 a=0.7|INVERTED|exact=-4.509e-11|f64=-4.509e-11|VA/esc=500000.0|tier3=Err([NegativeVolume { solid: SolidKey(1v1) }])|classify=Ok(["Void"])
D2|quad h=1e-5 tilt=0.8 dir=(-0.6, -0.48, -0.64) d=2e4 a=0|no build
D2|quad h=1e-5 tilt=0.8 dir=(-0.6, -0.48, -0.64) d=2e4 a=0.7|no build
D2|quad h=1e-5 tilt=0.8 dir=(0.0, 0.0, 1.0) d=0e0 a=0|upright|exact=+4.509e-11|f64=+4.509e-11|VA/esc=500000.0|tier3=Ok(())|classify=Ok(["Outer"])
D2|quad h=1e-5 tilt=0.8 dir=(0.0, 0.0, 1.0) d=0e0 a=0|INVERTED|exact=-4.509e-11|f64=-4.509e-11|VA/esc=500000.0|tier3=Err([NegativeVolume { solid: SolidKey(1v1) }])|classify=Ok(["Void"])
D2|quad h=1e-5 tilt=0.8 dir=(0.0, 0.0, 1.0) d=0e0 a=0.7|upright|exact=+4.509e-11|f64=+4.509e-11|VA/esc=500000.0|tier3=Ok(())|classify=Ok(["Outer"])
D2|quad h=1e-5 tilt=0.8 dir=(0.0, 0.0, 1.0) d=0e0 a=0.7|INVERTED|exact=-4.509e-11|f64=-4.509e-11|VA/esc=500000.0|tier3=Err([NegativeVolume { solid: SolidKey(1v1) }])|classify=Ok(["Void"])
D2|quad h=1e-5 tilt=0.8 dir=(0.0, 0.0, 1.0) d=1e3 a=0|upright|exact=+4.509e-11|f64=+4.509e-11|VA/esc=500000.0|tier3=Ok(())|classify=Ok(["Outer"])
D2|quad h=1e-5 tilt=0.8 dir=(0.0, 0.0, 1.0) d=1e3 a=0|INVERTED|exact=-4.509e-11|f64=-4.509e-11|VA/esc=500000.0|tier3=Err([NegativeVolume { solid: SolidKey(1v1) }])|classify=Ok(["Void"])
D2|quad h=1e-5 tilt=0.8 dir=(0.0, 0.0, 1.0) d=1e3 a=0.7|upright|exact=+4.509e-11|f64=+4.509e-11|VA/esc=500000.0|tier3=Ok(())|classify=Ok(["Outer"])
D2|quad h=1e-5 tilt=0.8 dir=(0.0, 0.0, 1.0) d=1e3 a=0.7|INVERTED|exact=-4.509e-11|f64=-4.509e-11|VA/esc=500000.0|tier3=Err([NegativeVolume { solid: SolidKey(1v1) }])|classify=Ok(["Void"])
D2|quad h=1e-5 tilt=0.8 dir=(0.0, 0.0, 1.0) d=5e3 a=0|upright|exact=+4.509e-11|f64=+4.509e-11|VA/esc=500000.0|tier3=Ok(())|classify=Ok(["Outer"])
D2|quad h=1e-5 tilt=0.8 dir=(0.0, 0.0, 1.0) d=5e3 a=0|INVERTED|exact=-4.509e-11|f64=-4.509e-11|VA/esc=500000.0|tier3=Err([NegativeVolume { solid: SolidKey(1v1) }])|classify=Ok(["Void"])
D2|quad h=1e-5 tilt=0.8 dir=(0.0, 0.0, 1.0) d=5e3 a=0.7|upright|exact=+4.509e-11|f64=+4.509e-11|VA/esc=500000.0|tier3=Ok(())|classify=Ok(["Outer"])
D2|quad h=1e-5 tilt=0.8 dir=(0.0, 0.0, 1.0) d=5e3 a=0.7|INVERTED|exact=-4.509e-11|f64=-4.509e-11|VA/esc=500000.0|tier3=Err([NegativeVolume { solid: SolidKey(1v1) }])|classify=Ok(["Void"])
D2|quad h=1e-5 tilt=0.8 dir=(0.0, 0.0, 1.0) d=2e4 a=0|no build
D2|quad h=1e-5 tilt=0.8 dir=(0.0, 0.0, 1.0) d=2e4 a=0.7|no build
test probe_d2_sweep::d2_quadrature_kind ... ok

test result: ok. 1 passed; 0 failed; 0 ignored; 0 measured; 2111 filtered out; finished in 84.87s

        PASS [  84.892s] (5/9) sweep::all probe_d2_sweep::d2_quadrature_kind
       START [         ] (6/9) sweep::all probe_d2_sweep::d2_revolved_kinds

running 1 test
D2|rev|eps=1e-12
D2|washer h=1e-7 dir=(0.6, 0.48, 0.64) d=0e0 a=0|upright|exact=+9.425e-13|f64=+9.425e-13|VA/esc=5000.0|tier3=Ok(())|classify=Ok(["Outer"])
D2|washer h=1e-7 dir=(0.6, 0.48, 0.64) d=0e0 a=0|INVERTED|exact=-9.425e-13|f64=-9.425e-13|VA/esc=5000.0|tier3=Err([NegativeVolume { solid: SolidKey(1v1) }])|classify=Ok(["Void"])
D2|washer h=1e-7 dir=(0.6, 0.48, 0.64) d=0e0 a=0.7|upright|exact=+9.425e-13|f64=+9.425e-13|VA/esc=5000.0|tier3=Ok(())|classify=Ok(["Outer"])
D2|washer h=1e-7 dir=(0.6, 0.48, 0.64) d=0e0 a=0.7|INVERTED|exact=-9.425e-13|f64=-9.425e-13|VA/esc=5000.0|tier3=Err([NegativeVolume { solid: SolidKey(1v1) }])|classify=Ok(["Void"])
D2|washer h=1e-7 dir=(0.6, 0.48, 0.64) d=1e3 a=0|upright|exact=+9.425e-13|f64=+9.425e-13|VA/esc=5000.0|tier3=Ok(())|classify=Ok(["Outer"])
D2|washer h=1e-7 dir=(0.6, 0.48, 0.64) d=1e3 a=0|INVERTED|exact=-9.425e-13|f64=-9.425e-13|VA/esc=5000.0|tier3=Err([NegativeVolume { solid: SolidKey(1v1) }])|classify=Ok(["Void"])
D2|washer h=1e-7 dir=(0.6, 0.48, 0.64) d=1e3 a=0.7|upright|exact=+9.425e-13|f64=+9.425e-13|VA/esc=5000.0|tier3=Ok(())|classify=Ok(["Outer"])
D2|washer h=1e-7 dir=(0.6, 0.48, 0.64) d=1e3 a=0.7|INVERTED|exact=-9.425e-13|f64=-9.425e-13|VA/esc=5000.0|tier3=Err([NegativeVolume { solid: SolidKey(1v1) }])|classify=Ok(["Void"])
D2|washer h=1e-7 dir=(0.6, 0.48, 0.64) d=5e3 a=0|upright|exact=+9.425e-13|f64=+9.425e-13|VA/esc=5000.0|tier3=Ok(())|classify=Err(Escalated { shell: ShellKey(1v1), source: Indeterminate 
D2|washer h=1e-7 dir=(0.6, 0.48, 0.64) d=5e3 a=0|INVERTED|exact=-9.425e-13|f64=-9.425e-13|VA/esc=5000.0|tier3=Ok(())|classify=Err(Escalated { shell: ShellKey(1v1), source: Indeterminate  <-- INSIDE-OUT PASSES
D2|washer h=1e-7 dir=(0.6, 0.48, 0.64) d=5e3 a=0.7|upright|exact=+9.425e-13|f64=+9.425e-13|VA/esc=5000.0|tier3=Err([VolumeUncomputable { solid: SolidKey(1v1), source: Face { face: FaceKey(3v1|classify=Err(Props { shell: ShellKey(1v1), source: Face { face: FaceK <-- VALID REFUSED
D2|washer h=1e-7 dir=(0.6, 0.48, 0.64) d=5e3 a=0.7|INVERTED|exact=-9.425e-13|f64=-9.425e-13|VA/esc=5000.0|tier3=Err([VolumeUncomputable { solid: SolidKey(1v1), source: Face { face: FaceKey(3v1|classify=Err(Props { shell: ShellKey(1v1), source: Face { face: FaceK
D2|washer h=1e-7 dir=(0.6, 0.48, 0.64) d=2e4 a=0|no build
D2|washer h=1e-7 dir=(0.6, 0.48, 0.64) d=2e4 a=0.7|no build
D2|washer h=1e-7 dir=(-0.6, -0.48, -0.64) d=0e0 a=0|upright|exact=+9.425e-13|f64=+9.425e-13|VA/esc=5000.0|tier3=Ok(())|classify=Ok(["Outer"])
D2|washer h=1e-7 dir=(-0.6, -0.48, -0.64) d=0e0 a=0|INVERTED|exact=-9.425e-13|f64=-9.425e-13|VA/esc=5000.0|tier3=Err([NegativeVolume { solid: SolidKey(1v1) }])|classify=Ok(["Void"])
D2|washer h=1e-7 dir=(-0.6, -0.48, -0.64) d=0e0 a=0.7|upright|exact=+9.425e-13|f64=+9.425e-13|VA/esc=5000.0|tier3=Ok(())|classify=Ok(["Outer"])
D2|washer h=1e-7 dir=(-0.6, -0.48, -0.64) d=0e0 a=0.7|INVERTED|exact=-9.425e-13|f64=-9.425e-13|VA/esc=5000.0|tier3=Err([NegativeVolume { solid: SolidKey(1v1) }])|classify=Ok(["Void"])
D2|washer h=1e-7 dir=(-0.6, -0.48, -0.64) d=1e3 a=0|upright|exact=+9.425e-13|f64=+9.425e-13|VA/esc=5000.0|tier3=Ok(())|classify=Ok(["Outer"])
D2|washer h=1e-7 dir=(-0.6, -0.48, -0.64) d=1e3 a=0|INVERTED|exact=-9.425e-13|f64=-9.425e-13|VA/esc=5000.0|tier3=Err([NegativeVolume { solid: SolidKey(1v1) }])|classify=Ok(["Void"])
D2|washer h=1e-7 dir=(-0.6, -0.48, -0.64) d=1e3 a=0.7|upright|exact=+9.425e-13|f64=+9.425e-13|VA/esc=5000.0|tier3=Ok(())|classify=Ok(["Outer"])
D2|washer h=1e-7 dir=(-0.6, -0.48, -0.64) d=1e3 a=0.7|INVERTED|exact=-9.425e-13|f64=-9.425e-13|VA/esc=5000.0|tier3=Err([NegativeVolume { solid: SolidKey(1v1) }])|classify=Ok(["Void"])
D2|washer h=1e-7 dir=(-0.6, -0.48, -0.64) d=5e3 a=0|upright|exact=+9.425e-13|f64=+9.425e-13|VA/esc=5000.0|tier3=Ok(())|classify=Err(Escalated { shell: ShellKey(1v1), source: Indeterminate 
D2|washer h=1e-7 dir=(-0.6, -0.48, -0.64) d=5e3 a=0|INVERTED|exact=-9.425e-13|f64=-9.425e-13|VA/esc=5000.0|tier3=Ok(())|classify=Err(Escalated { shell: ShellKey(1v1), source: Indeterminate  <-- INSIDE-OUT PASSES
D2|washer h=1e-7 dir=(-0.6, -0.48, -0.64) d=5e3 a=0.7|upright|exact=+9.425e-13|f64=+9.425e-13|VA/esc=5000.0|tier3=Err([VolumeUncomputable { solid: SolidKey(1v1), source: Face { face: FaceKey(3v1|classify=Err(Props { shell: ShellKey(1v1), source: Face { face: FaceK <-- VALID REFUSED
D2|washer h=1e-7 dir=(-0.6, -0.48, -0.64) d=5e3 a=0.7|INVERTED|exact=-9.425e-13|f64=-9.425e-13|VA/esc=5000.0|tier3=Err([VolumeUncomputable { solid: SolidKey(1v1), source: Face { face: FaceKey(3v1|classify=Err(Props { shell: ShellKey(1v1), source: Face { face: FaceK
D2|washer h=1e-7 dir=(-0.6, -0.48, -0.64) d=2e4 a=0|no build
D2|washer h=1e-7 dir=(-0.6, -0.48, -0.64) d=2e4 a=0.7|no build
D2|washer h=1e-7 dir=(0.0, 0.0, 1.0) d=0e0 a=0|upright|exact=+9.425e-13|f64=+9.425e-13|VA/esc=5000.0|tier3=Ok(())|classify=Ok(["Outer"])
D2|washer h=1e-7 dir=(0.0, 0.0, 1.0) d=0e0 a=0|INVERTED|exact=-9.425e-13|f64=-9.425e-13|VA/esc=5000.0|tier3=Err([NegativeVolume { solid: SolidKey(1v1) }])|classify=Ok(["Void"])
D2|washer h=1e-7 dir=(0.0, 0.0, 1.0) d=0e0 a=0.7|upright|exact=+9.425e-13|f64=+9.425e-13|VA/esc=5000.0|tier3=Ok(())|classify=Ok(["Outer"])
D2|washer h=1e-7 dir=(0.0, 0.0, 1.0) d=0e0 a=0.7|INVERTED|exact=-9.425e-13|f64=-9.425e-13|VA/esc=5000.0|tier3=Err([NegativeVolume { solid: SolidKey(1v1) }])|classify=Ok(["Void"])
D2|washer h=1e-7 dir=(0.0, 0.0, 1.0) d=1e3 a=0|upright|exact=+9.425e-13|f64=+9.425e-13|VA/esc=5000.0|tier3=Ok(())|classify=Ok(["Outer"])
D2|washer h=1e-7 dir=(0.0, 0.0, 1.0) d=1e3 a=0|INVERTED|exact=-9.425e-13|f64=-9.425e-13|VA/esc=5000.0|tier3=Err([NegativeVolume { solid: SolidKey(1v1) }])|classify=Ok(["Void"])
D2|washer h=1e-7 dir=(0.0, 0.0, 1.0) d=1e3 a=0.7|upright|exact=+9.425e-13|f64=+9.425e-13|VA/esc=5000.0|tier3=Ok(())|classify=Ok(["Outer"])
D2|washer h=1e-7 dir=(0.0, 0.0, 1.0) d=1e3 a=0.7|INVERTED|exact=-9.425e-13|f64=-9.425e-13|VA/esc=5000.0|tier3=Err([NegativeVolume { solid: SolidKey(1v1) }])|classify=Ok(["Void"])
D2|washer h=1e-7 dir=(0.0, 0.0, 1.0) d=5e3 a=0|upright|exact=+9.425e-13|f64=+9.425e-13|VA/esc=5000.0|tier3=Ok(())|classify=Ok(["Outer"])
D2|washer h=1e-7 dir=(0.0, 0.0, 1.0) d=5e3 a=0|INVERTED|exact=-9.425e-13|f64=-9.425e-13|VA/esc=5000.0|tier3=Err([NegativeVolume { solid: SolidKey(1v1) }])|classify=Ok(["Void"])
D2|washer h=1e-7 dir=(0.0, 0.0, 1.0) d=5e3 a=0.7|upright|exact=+9.425e-13|f64=+9.425e-13|VA/esc=5000.0|tier3=Err([VolumeUncomputable { solid: SolidKey(1v1), source: Face { face: FaceKey(3v1|classify=Err(Props { shell: ShellKey(1v1), source: Face { face: FaceK <-- VALID REFUSED
D2|washer h=1e-7 dir=(0.0, 0.0, 1.0) d=5e3 a=0.7|INVERTED|exact=-9.425e-13|f64=-9.425e-13|VA/esc=5000.0|tier3=Err([VolumeUncomputable { solid: SolidKey(1v1), source: Face { face: FaceKey(3v1|classify=Err(Props { shell: ShellKey(1v1), source: Face { face: FaceK
D2|washer h=1e-7 dir=(0.0, 0.0, 1.0) d=2e4 a=0|upright|exact=+9.425e-13|f64=+9.425e-13|VA/esc=5000.0|tier3=Err([VolumeUncomputable { solid: SolidKey(1v1), source: Face { face: FaceKey(3v1|classify=Err(Props { shell: ShellKey(1v1), source: Face { face: FaceK <-- VALID REFUSED
D2|washer h=1e-7 dir=(0.0, 0.0, 1.0) d=2e4 a=0|INVERTED|exact=-9.425e-13|f64=-9.425e-13|VA/esc=5000.0|tier3=Err([VolumeUncomputable { solid: SolidKey(1v1), source: Face { face: FaceKey(3v1|classify=Err(Props { shell: ShellKey(1v1), source: Face { face: FaceK
D2|washer h=1e-7 dir=(0.0, 0.0, 1.0) d=2e4 a=0.7|no build
D2|sphshell t=1e-7 dir=(0.6, 0.48, 0.64) d=0e0 a=0|upright|exact=+2.300e-13|f64=+2.300e-13|VA/esc=5000.5|tier3=Ok(())|classify=Ok(["Outer"])
D2|sphshell t=1e-7 dir=(0.6, 0.48, 0.64) d=0e0 a=0|INVERTED|exact=-2.300e-13|f64=-2.300e-13|VA/esc=5000.5|tier3=Err([NegativeVolume { solid: SolidKey(1v1) }])|classify=Ok(["Void"])
D2|sphshell t=1e-7 dir=(0.6, 0.48, 0.64) d=0e0 a=0.7|upright|exact=+2.300e-13|f64=+2.300e-13|VA/esc=5000.5|tier3=Ok(())|classify=Ok(["Outer"])
D2|sphshell t=1e-7 dir=(0.6, 0.48, 0.64) d=0e0 a=0.7|INVERTED|exact=-2.300e-13|f64=-2.300e-13|VA/esc=5000.5|tier3=Err([NegativeVolume { solid: SolidKey(1v1) }])|classify=Ok(["Void"])
D2|sphshell t=1e-7 dir=(0.6, 0.48, 0.64) d=1e3 a=0|upright|exact=+2.300e-13|f64=+2.300e-13|VA/esc=5000.5|tier3=Ok(())|classify=Err(Escalated { shell: ShellKey(1v1), source: Indeterminate 
D2|sphshell t=1e-7 dir=(0.6, 0.48, 0.64) d=1e3 a=0|INVERTED|exact=-2.300e-13|f64=-2.300e-13|VA/esc=5000.5|tier3=Ok(())|classify=Err(Escalated { shell: ShellKey(1v1), source: Indeterminate  <-- INSIDE-OUT PASSES
D2|sphshell t=1e-7 dir=(0.6, 0.48, 0.64) d=1e3 a=0.7|upright|exact=+2.300e-13|f64=+2.300e-13|VA/esc=5000.5|tier3=Ok(())|classify=Err(Escalated { shell: ShellKey(1v1), source: Indeterminate 
D2|sphshell t=1e-7 dir=(0.6, 0.48, 0.64) d=1e3 a=0.7|INVERTED|exact=-2.300e-13|f64=-2.300e-13|VA/esc=5000.5|tier3=Ok(())|classify=Err(Escalated { shell: ShellKey(1v1), source: Indeterminate  <-- INSIDE-OUT PASSES
D2|sphshell t=1e-7 dir=(0.6, 0.48, 0.64) d=5e3 a=0|upright|exact=+2.300e-13|f64=+2.300e-13|VA/esc=5000.5|tier3=Err([VolumeUncomputable { solid: SolidKey(1v1), source: Face { face: FaceKey(3v1|classify=Err(Props { shell: ShellKey(1v1), source: Face { face: FaceK <-- VALID REFUSED
D2|sphshell t=1e-7 dir=(0.6, 0.48, 0.64) d=5e3 a=0|INVERTED|exact=-2.300e-13|f64=-2.300e-13|VA/esc=5000.5|tier3=Err([VolumeUncomputable { solid: SolidKey(1v1), source: Face { face: FaceKey(3v1|classify=Err(Props { shell: ShellKey(1v1), source: Face { face: FaceK
D2|sphshell t=1e-7 dir=(0.6, 0.48, 0.64) d=5e3 a=0.7|upright|exact=+2.300e-13|f64=+2.300e-13|VA/esc=5000.5|tier3=Err([VolumeUncomputable { solid: SolidKey(1v1), source: Face { face: FaceKey(3v1|classify=Err(Props { shell: ShellKey(1v1), source: Face { face: FaceK <-- VALID REFUSED
D2|sphshell t=1e-7 dir=(0.6, 0.48, 0.64) d=5e3 a=0.7|INVERTED|exact=-2.300e-13|f64=-2.300e-13|VA/esc=5000.5|tier3=Err([VolumeUncomputable { solid: SolidKey(1v1), source: Face { face: FaceKey(3v1|classify=Err(Props { shell: ShellKey(1v1), source: Face { face: FaceK
D2|sphshell t=1e-7 dir=(0.6, 0.48, 0.64) d=2e4 a=0|no build
D2|sphshell t=1e-7 dir=(0.6, 0.48, 0.64) d=2e4 a=0.7|no build
D2|sphshell t=1e-7 dir=(-0.6, -0.48, -0.64) d=0e0 a=0|upright|exact=+2.300e-13|f64=+2.300e-13|VA/esc=5000.5|tier3=Ok(())|classify=Ok(["Outer"])
D2|sphshell t=1e-7 dir=(-0.6, -0.48, -0.64) d=0e0 a=0|INVERTED|exact=-2.300e-13|f64=-2.300e-13|VA/esc=5000.5|tier3=Err([NegativeVolume { solid: SolidKey(1v1) }])|classify=Ok(["Void"])
D2|sphshell t=1e-7 dir=(-0.6, -0.48, -0.64) d=0e0 a=0.7|upright|exact=+2.300e-13|f64=+2.300e-13|VA/esc=5000.5|tier3=Ok(())|classify=Ok(["Outer"])
D2|sphshell t=1e-7 dir=(-0.6, -0.48, -0.64) d=0e0 a=0.7|INVERTED|exact=-2.300e-13|f64=-2.300e-13|VA/esc=5000.5|tier3=Err([NegativeVolume { solid: SolidKey(1v1) }])|classify=Ok(["Void"])
D2|sphshell t=1e-7 dir=(-0.6, -0.48, -0.64) d=1e3 a=0|upright|exact=+2.300e-13|f64=+2.300e-13|VA/esc=5000.5|tier3=Ok(())|classify=Err(Escalated { shell: ShellKey(1v1), source: Indeterminate 
D2|sphshell t=1e-7 dir=(-0.6, -0.48, -0.64) d=1e3 a=0|INVERTED|exact=-2.300e-13|f64=-2.300e-13|VA/esc=5000.5|tier3=Ok(())|classify=Err(Escalated { shell: ShellKey(1v1), source: Indeterminate  <-- INSIDE-OUT PASSES
D2|sphshell t=1e-7 dir=(-0.6, -0.48, -0.64) d=1e3 a=0.7|upright|exact=+2.300e-13|f64=+2.300e-13|VA/esc=5000.5|tier3=Ok(())|classify=Err(Escalated { shell: ShellKey(1v1), source: Indeterminate 
D2|sphshell t=1e-7 dir=(-0.6, -0.48, -0.64) d=1e3 a=0.7|INVERTED|exact=-2.300e-13|f64=-2.300e-13|VA/esc=5000.5|tier3=Ok(())|classify=Err(Escalated { shell: ShellKey(1v1), source: Indeterminate  <-- INSIDE-OUT PASSES
D2|sphshell t=1e-7 dir=(-0.6, -0.48, -0.64) d=5e3 a=0|upright|exact=+2.300e-13|f64=+2.300e-13|VA/esc=5000.5|tier3=Err([VolumeUncomputable { solid: SolidKey(1v1), source: Face { face: FaceKey(3v1|classify=Err(Props { shell: ShellKey(1v1), source: Face { face: FaceK <-- VALID REFUSED
D2|sphshell t=1e-7 dir=(-0.6, -0.48, -0.64) d=5e3 a=0|INVERTED|exact=-2.300e-13|f64=-2.300e-13|VA/esc=5000.5|tier3=Err([VolumeUncomputable { solid: SolidKey(1v1), source: Face { face: FaceKey(3v1|classify=Err(Props { shell: ShellKey(1v1), source: Face { face: FaceK
D2|sphshell t=1e-7 dir=(-0.6, -0.48, -0.64) d=5e3 a=0.7|upright|exact=+2.300e-13|f64=+2.300e-13|VA/esc=5000.5|tier3=Err([VolumeUncomputable { solid: SolidKey(1v1), source: Face { face: FaceKey(3v1|classify=Err(Props { shell: ShellKey(1v1), source: Face { face: FaceK <-- VALID REFUSED
D2|sphshell t=1e-7 dir=(-0.6, -0.48, -0.64) d=5e3 a=0.7|INVERTED|exact=-2.300e-13|f64=-2.300e-13|VA/esc=5000.5|tier3=Err([VolumeUncomputable { solid: SolidKey(1v1), source: Face { face: FaceKey(3v1|classify=Err(Props { shell: ShellKey(1v1), source: Face { face: FaceK
D2|sphshell t=1e-7 dir=(-0.6, -0.48, -0.64) d=2e4 a=0|no build
D2|sphshell t=1e-7 dir=(-0.6, -0.48, -0.64) d=2e4 a=0.7|no build
D2|sphshell t=1e-7 dir=(0.0, 0.0, 1.0) d=0e0 a=0|upright|exact=+2.300e-13|f64=+2.300e-13|VA/esc=5000.5|tier3=Ok(())|classify=Ok(["Outer"])
D2|sphshell t=1e-7 dir=(0.0, 0.0, 1.0) d=0e0 a=0|INVERTED|exact=-2.300e-13|f64=-2.300e-13|VA/esc=5000.5|tier3=Err([NegativeVolume { solid: SolidKey(1v1) }])|classify=Ok(["Void"])
D2|sphshell t=1e-7 dir=(0.0, 0.0, 1.0) d=0e0 a=0.7|upright|exact=+2.300e-13|f64=+2.300e-13|VA/esc=5000.5|tier3=Ok(())|classify=Ok(["Outer"])
D2|sphshell t=1e-7 dir=(0.0, 0.0, 1.0) d=0e0 a=0.7|INVERTED|exact=-2.300e-13|f64=-2.300e-13|VA/esc=5000.5|tier3=Err([NegativeVolume { solid: SolidKey(1v1) }])|classify=Ok(["Void"])
D2|sphshell t=1e-7 dir=(0.0, 0.0, 1.0) d=1e3 a=0|upright|exact=+2.300e-13|f64=+2.300e-13|VA/esc=5000.5|tier3=Ok(())|classify=Ok(["Outer"])
D2|sphshell t=1e-7 dir=(0.0, 0.0, 1.0) d=1e3 a=0|INVERTED|exact=-2.300e-13|f64=-2.300e-13|VA/esc=5000.5|tier3=Err([NegativeVolume { solid: SolidKey(1v1) }])|classify=Ok(["Void"])
D2|sphshell t=1e-7 dir=(0.0, 0.0, 1.0) d=1e3 a=0.7|upright|exact=+2.300e-13|f64=+2.300e-13|VA/esc=5000.5|tier3=Ok(())|classify=Ok(["Outer"])
D2|sphshell t=1e-7 dir=(0.0, 0.0, 1.0) d=1e3 a=0.7|INVERTED|exact=-2.300e-13|f64=-2.300e-13|VA/esc=5000.5|tier3=Err([NegativeVolume { solid: SolidKey(1v1) }])|classify=Ok(["Void"])
D2|sphshell t=1e-7 dir=(0.0, 0.0, 1.0) d=5e3 a=0|upright|exact=+2.300e-13|f64=+2.300e-13|VA/esc=5000.5|tier3=Ok(())|classify=Ok(["Outer"])
D2|sphshell t=1e-7 dir=(0.0, 0.0, 1.0) d=5e3 a=0|INVERTED|exact=-2.300e-13|f64=-2.300e-13|VA/esc=5000.5|tier3=Err([NegativeVolume { solid: SolidKey(1v1) }])|classify=Ok(["Void"])
D2|sphshell t=1e-7 dir=(0.0, 0.0, 1.0) d=5e3 a=0.7|upright|exact=+2.300e-13|f64=+2.300e-13|VA/esc=5000.5|tier3=Ok(())|classify=Ok(["Outer"])
D2|sphshell t=1e-7 dir=(0.0, 0.0, 1.0) d=5e3 a=0.7|INVERTED|exact=-2.300e-13|f64=-2.300e-13|VA/esc=5000.5|tier3=Err([NegativeVolume { solid: SolidKey(1v1) }])|classify=Ok(["Void"])
D2|sphshell t=1e-7 dir=(0.0, 0.0, 1.0) d=2e4 a=0|no build
D2|sphshell t=1e-7 dir=(0.0, 0.0, 1.0) d=2e4 a=0.7|no build
D2|washer h=1e-6 dir=(0.6, 0.48, 0.64) d=0e0 a=0|upright|exact=+9.425e-12|f64=+9.425e-12|VA/esc=50000.0|tier3=Ok(())|classify=Ok(["Outer"])
D2|washer h=1e-6 dir=(0.6, 0.48, 0.64) d=0e0 a=0|INVERTED|exact=-9.425e-12|f64=-9.425e-12|VA/esc=50000.0|tier3=Err([NegativeVolume { solid: SolidKey(1v1) }])|classify=Ok(["Void"])
D2|washer h=1e-6 dir=(0.6, 0.48, 0.64) d=0e0 a=0.7|upright|exact=+9.425e-12|f64=+9.425e-12|VA/esc=50000.0|tier3=Ok(())|classify=Ok(["Outer"])
D2|washer h=1e-6 dir=(0.6, 0.48, 0.64) d=0e0 a=0.7|INVERTED|exact=-9.425e-12|f64=-9.425e-12|VA/esc=50000.0|tier3=Err([NegativeVolume { solid: SolidKey(1v1) }])|classify=Ok(["Void"])
D2|washer h=1e-6 dir=(0.6, 0.48, 0.64) d=1e3 a=0|upright|exact=+9.425e-12|f64=+9.425e-12|VA/esc=50000.0|tier3=Ok(())|classify=Ok(["Outer"])
D2|washer h=1e-6 dir=(0.6, 0.48, 0.64) d=1e3 a=0|INVERTED|exact=-9.425e-12|f64=-9.425e-12|VA/esc=50000.0|tier3=Err([NegativeVolume { solid: SolidKey(1v1) }])|classify=Ok(["Void"])
D2|washer h=1e-6 dir=(0.6, 0.48, 0.64) d=1e3 a=0.7|upright|exact=+9.425e-12|f64=+9.425e-12|VA/esc=50000.0|tier3=Ok(())|classify=Ok(["Outer"])
D2|washer h=1e-6 dir=(0.6, 0.48, 0.64) d=1e3 a=0.7|INVERTED|exact=-9.425e-12|f64=-9.425e-12|VA/esc=50000.0|tier3=Err([NegativeVolume { solid: SolidKey(1v1) }])|classify=Ok(["Void"])
D2|washer h=1e-6 dir=(0.6, 0.48, 0.64) d=5e3 a=0|upright|exact=+9.425e-12|f64=+9.425e-12|VA/esc=50000.0|tier3=Ok(())|classify=Ok(["Outer"])
D2|washer h=1e-6 dir=(0.6, 0.48, 0.64) d=5e3 a=0|INVERTED|exact=-9.425e-12|f64=-9.425e-12|VA/esc=50000.0|tier3=Err([NegativeVolume { solid: SolidKey(1v1) }])|classify=Ok(["Void"])
D2|washer h=1e-6 dir=(0.6, 0.48, 0.64) d=5e3 a=0.7|upright|exact=+9.425e-12|f64=+9.425e-12|VA/esc=50000.0|tier3=Err([VolumeUncomputable { solid: SolidKey(1v1), source: Face { face: FaceKey(3v1|classify=Err(Props { shell: ShellKey(1v1), source: Face { face: FaceK <-- VALID REFUSED
D2|washer h=1e-6 dir=(0.6, 0.48, 0.64) d=5e3 a=0.7|INVERTED|exact=-9.425e-12|f64=-9.425e-12|VA/esc=50000.0|tier3=Err([VolumeUncomputable { solid: SolidKey(1v1), source: Face { face: FaceKey(3v1|classify=Err(Props { shell: ShellKey(1v1), source: Face { face: FaceK
D2|washer h=1e-6 dir=(0.6, 0.48, 0.64) d=2e4 a=0|no build
D2|washer h=1e-6 dir=(0.6, 0.48, 0.64) d=2e4 a=0.7|no build
D2|washer h=1e-6 dir=(-0.6, -0.48, -0.64) d=0e0 a=0|upright|exact=+9.425e-12|f64=+9.425e-12|VA/esc=50000.0|tier3=Ok(())|classify=Ok(["Outer"])
D2|washer h=1e-6 dir=(-0.6, -0.48, -0.64) d=0e0 a=0|INVERTED|exact=-9.425e-12|f64=-9.425e-12|VA/esc=50000.0|tier3=Err([NegativeVolume { solid: SolidKey(1v1) }])|classify=Ok(["Void"])
D2|washer h=1e-6 dir=(-0.6, -0.48, -0.64) d=0e0 a=0.7|upright|exact=+9.425e-12|f64=+9.425e-12|VA/esc=50000.0|tier3=Ok(())|classify=Ok(["Outer"])
D2|washer h=1e-6 dir=(-0.6, -0.48, -0.64) d=0e0 a=0.7|INVERTED|exact=-9.425e-12|f64=-9.425e-12|VA/esc=50000.0|tier3=Err([NegativeVolume { solid: SolidKey(1v1) }])|classify=Ok(["Void"])
D2|washer h=1e-6 dir=(-0.6, -0.48, -0.64) d=1e3 a=0|upright|exact=+9.425e-12|f64=+9.425e-12|VA/esc=50000.0|tier3=Ok(())|classify=Ok(["Outer"])
D2|washer h=1e-6 dir=(-0.6, -0.48, -0.64) d=1e3 a=0|INVERTED|exact=-9.425e-12|f64=-9.425e-12|VA/esc=50000.0|tier3=Err([NegativeVolume { solid: SolidKey(1v1) }])|classify=Ok(["Void"])
D2|washer h=1e-6 dir=(-0.6, -0.48, -0.64) d=1e3 a=0.7|upright|exact=+9.425e-12|f64=+9.425e-12|VA/esc=50000.0|tier3=Ok(())|classify=Ok(["Outer"])
D2|washer h=1e-6 dir=(-0.6, -0.48, -0.64) d=1e3 a=0.7|INVERTED|exact=-9.425e-12|f64=-9.425e-12|VA/esc=50000.0|tier3=Err([NegativeVolume { solid: SolidKey(1v1) }])|classify=Ok(["Void"])
D2|washer h=1e-6 dir=(-0.6, -0.48, -0.64) d=5e3 a=0|upright|exact=+9.425e-12|f64=+9.425e-12|VA/esc=50000.0|tier3=Ok(())|classify=Ok(["Outer"])
D2|washer h=1e-6 dir=(-0.6, -0.48, -0.64) d=5e3 a=0|INVERTED|exact=-9.425e-12|f64=-9.425e-12|VA/esc=50000.0|tier3=Err([NegativeVolume { solid: SolidKey(1v1) }])|classify=Ok(["Void"])
D2|washer h=1e-6 dir=(-0.6, -0.48, -0.64) d=5e3 a=0.7|upright|exact=+9.425e-12|f64=+9.425e-12|VA/esc=50000.0|tier3=Err([VolumeUncomputable { solid: SolidKey(1v1), source: Face { face: FaceKey(3v1|classify=Err(Props { shell: ShellKey(1v1), source: Face { face: FaceK <-- VALID REFUSED
D2|washer h=1e-6 dir=(-0.6, -0.48, -0.64) d=5e3 a=0.7|INVERTED|exact=-9.425e-12|f64=-9.425e-12|VA/esc=50000.0|tier3=Err([VolumeUncomputable { solid: SolidKey(1v1), source: Face { face: FaceKey(3v1|classify=Err(Props { shell: ShellKey(1v1), source: Face { face: FaceK
D2|washer h=1e-6 dir=(-0.6, -0.48, -0.64) d=2e4 a=0|no build
D2|washer h=1e-6 dir=(-0.6, -0.48, -0.64) d=2e4 a=0.7|no build
D2|washer h=1e-6 dir=(0.0, 0.0, 1.0) d=0e0 a=0|upright|exact=+9.425e-12|f64=+9.425e-12|VA/esc=50000.0|tier3=Ok(())|classify=Ok(["Outer"])
D2|washer h=1e-6 dir=(0.0, 0.0, 1.0) d=0e0 a=0|INVERTED|exact=-9.425e-12|f64=-9.425e-12|VA/esc=50000.0|tier3=Err([NegativeVolume { solid: SolidKey(1v1) }])|classify=Ok(["Void"])
D2|washer h=1e-6 dir=(0.0, 0.0, 1.0) d=0e0 a=0.7|upright|exact=+9.425e-12|f64=+9.425e-12|VA/esc=50000.0|tier3=Ok(())|classify=Ok(["Outer"])
D2|washer h=1e-6 dir=(0.0, 0.0, 1.0) d=0e0 a=0.7|INVERTED|exact=-9.425e-12|f64=-9.425e-12|VA/esc=50000.0|tier3=Err([NegativeVolume { solid: SolidKey(1v1) }])|classify=Ok(["Void"])
D2|washer h=1e-6 dir=(0.0, 0.0, 1.0) d=1e3 a=0|upright|exact=+9.425e-12|f64=+9.425e-12|VA/esc=50000.0|tier3=Ok(())|classify=Ok(["Outer"])
D2|washer h=1e-6 dir=(0.0, 0.0, 1.0) d=1e3 a=0|INVERTED|exact=-9.425e-12|f64=-9.425e-12|VA/esc=50000.0|tier3=Err([NegativeVolume { solid: SolidKey(1v1) }])|classify=Ok(["Void"])
D2|washer h=1e-6 dir=(0.0, 0.0, 1.0) d=1e3 a=0.7|upright|exact=+9.425e-12|f64=+9.425e-12|VA/esc=50000.0|tier3=Ok(())|classify=Ok(["Outer"])
D2|washer h=1e-6 dir=(0.0, 0.0, 1.0) d=1e3 a=0.7|INVERTED|exact=-9.425e-12|f64=-9.425e-12|VA/esc=50000.0|tier3=Err([NegativeVolume { solid: SolidKey(1v1) }])|classify=Ok(["Void"])
D2|washer h=1e-6 dir=(0.0, 0.0, 1.0) d=5e3 a=0|upright|exact=+9.425e-12|f64=+9.425e-12|VA/esc=50000.0|tier3=Ok(())|classify=Ok(["Outer"])
D2|washer h=1e-6 dir=(0.0, 0.0, 1.0) d=5e3 a=0|INVERTED|exact=-9.425e-12|f64=-9.425e-12|VA/esc=50000.0|tier3=Err([NegativeVolume { solid: SolidKey(1v1) }])|classify=Ok(["Void"])
D2|washer h=1e-6 dir=(0.0, 0.0, 1.0) d=5e3 a=0.7|upright|exact=+9.425e-12|f64=+9.425e-12|VA/esc=50000.0|tier3=Err([VolumeUncomputable { solid: SolidKey(1v1), source: Face { face: FaceKey(3v1|classify=Err(Props { shell: ShellKey(1v1), source: Face { face: FaceK <-- VALID REFUSED
D2|washer h=1e-6 dir=(0.0, 0.0, 1.0) d=5e3 a=0.7|INVERTED|exact=-9.425e-12|f64=-9.425e-12|VA/esc=50000.0|tier3=Err([VolumeUncomputable { solid: SolidKey(1v1), source: Face { face: FaceKey(3v1|classify=Err(Props { shell: ShellKey(1v1), source: Face { face: FaceK
D2|washer h=1e-6 dir=(0.0, 0.0, 1.0) d=2e4 a=0|upright|exact=+9.425e-12|f64=+9.425e-12|VA/esc=50000.0|tier3=Err([VolumeUncomputable { solid: SolidKey(1v1), source: Face { face: FaceKey(3v1|classify=Err(Props { shell: ShellKey(1v1), source: Face { face: FaceK <-- VALID REFUSED
D2|washer h=1e-6 dir=(0.0, 0.0, 1.0) d=2e4 a=0|INVERTED|exact=-9.425e-12|f64=-9.425e-12|VA/esc=50000.0|tier3=Err([VolumeUncomputable { solid: SolidKey(1v1), source: Face { face: FaceKey(3v1|classify=Err(Props { shell: ShellKey(1v1), source: Face { face: FaceK
D2|washer h=1e-6 dir=(0.0, 0.0, 1.0) d=2e4 a=0.7|no build
D2|sphshell t=1e-6 dir=(0.6, 0.48, 0.64) d=0e0 a=0|upright|exact=+2.302e-12|f64=+2.302e-12|VA/esc=50050.0|tier3=Ok(())|classify=Ok(["Outer"])
D2|sphshell t=1e-6 dir=(0.6, 0.48, 0.64) d=0e0 a=0|INVERTED|exact=-2.302e-12|f64=-2.302e-12|VA/esc=50050.0|tier3=Err([NegativeVolume { solid: SolidKey(1v1) }])|classify=Ok(["Void"])
D2|sphshell t=1e-6 dir=(0.6, 0.48, 0.64) d=0e0 a=0.7|upright|exact=+2.302e-12|f64=+2.302e-12|VA/esc=50050.0|tier3=Ok(())|classify=Ok(["Outer"])
D2|sphshell t=1e-6 dir=(0.6, 0.48, 0.64) d=0e0 a=0.7|INVERTED|exact=-2.302e-12|f64=-2.302e-12|VA/esc=50050.0|tier3=Err([NegativeVolume { solid: SolidKey(1v1) }])|classify=Ok(["Void"])
D2|sphshell t=1e-6 dir=(0.6, 0.48, 0.64) d=1e3 a=0|upright|exact=+2.302e-12|f64=+2.302e-12|VA/esc=50050.0|tier3=Ok(())|classify=Ok(["Outer"])
D2|sphshell t=1e-6 dir=(0.6, 0.48, 0.64) d=1e3 a=0|INVERTED|exact=-2.302e-12|f64=-2.302e-12|VA/esc=50050.0|tier3=Err([NegativeVolume { solid: SolidKey(1v1) }])|classify=Ok(["Void"])
D2|sphshell t=1e-6 dir=(0.6, 0.48, 0.64) d=1e3 a=0.7|upright|exact=+2.302e-12|f64=+2.302e-12|VA/esc=50050.0|tier3=Ok(())|classify=Ok(["Outer"])
D2|sphshell t=1e-6 dir=(0.6, 0.48, 0.64) d=1e3 a=0.7|INVERTED|exact=-2.302e-12|f64=-2.302e-12|VA/esc=50050.0|tier3=Err([NegativeVolume { solid: SolidKey(1v1) }])|classify=Ok(["Void"])
D2|sphshell t=1e-6 dir=(0.6, 0.48, 0.64) d=5e3 a=0|upright|exact=+2.302e-12|f64=+2.302e-12|VA/esc=50050.0|tier3=Err([VolumeUncomputable { solid: SolidKey(1v1), source: Face { face: FaceKey(3v1|classify=Err(Props { shell: ShellKey(1v1), source: Face { face: FaceK <-- VALID REFUSED
D2|sphshell t=1e-6 dir=(0.6, 0.48, 0.64) d=5e3 a=0|INVERTED|exact=-2.302e-12|f64=-2.302e-12|VA/esc=50050.0|tier3=Err([VolumeUncomputable { solid: SolidKey(1v1), source: Face { face: FaceKey(3v1|classify=Err(Props { shell: ShellKey(1v1), source: Face { face: FaceK
D2|sphshell t=1e-6 dir=(0.6, 0.48, 0.64) d=5e3 a=0.7|upright|exact=+2.302e-12|f64=+2.302e-12|VA/esc=50050.0|tier3=Err([VolumeUncomputable { solid: SolidKey(1v1), source: Face { face: FaceKey(3v1|classify=Err(Props { shell: ShellKey(1v1), source: Face { face: FaceK <-- VALID REFUSED
D2|sphshell t=1e-6 dir=(0.6, 0.48, 0.64) d=5e3 a=0.7|INVERTED|exact=-2.302e-12|f64=-2.302e-12|VA/esc=50050.0|tier3=Err([VolumeUncomputable { solid: SolidKey(1v1), source: Face { face: FaceKey(3v1|classify=Err(Props { shell: ShellKey(1v1), source: Face { face: FaceK
D2|sphshell t=1e-6 dir=(0.6, 0.48, 0.64) d=2e4 a=0|no build
D2|sphshell t=1e-6 dir=(0.6, 0.48, 0.64) d=2e4 a=0.7|no build
D2|sphshell t=1e-6 dir=(-0.6, -0.48, -0.64) d=0e0 a=0|upright|exact=+2.302e-12|f64=+2.302e-12|VA/esc=50050.0|tier3=Ok(())|classify=Ok(["Outer"])
D2|sphshell t=1e-6 dir=(-0.6, -0.48, -0.64) d=0e0 a=0|INVERTED|exact=-2.302e-12|f64=-2.302e-12|VA/esc=50050.0|tier3=Err([NegativeVolume { solid: SolidKey(1v1) }])|classify=Ok(["Void"])
D2|sphshell t=1e-6 dir=(-0.6, -0.48, -0.64) d=0e0 a=0.7|upright|exact=+2.302e-12|f64=+2.302e-12|VA/esc=50050.0|tier3=Ok(())|classify=Ok(["Outer"])
D2|sphshell t=1e-6 dir=(-0.6, -0.48, -0.64) d=0e0 a=0.7|INVERTED|exact=-2.302e-12|f64=-2.302e-12|VA/esc=50050.0|tier3=Err([NegativeVolume { solid: SolidKey(1v1) }])|classify=Ok(["Void"])
D2|sphshell t=1e-6 dir=(-0.6, -0.48, -0.64) d=1e3 a=0|upright|exact=+2.302e-12|f64=+2.302e-12|VA/esc=50050.0|tier3=Ok(())|classify=Ok(["Outer"])
D2|sphshell t=1e-6 dir=(-0.6, -0.48, -0.64) d=1e3 a=0|INVERTED|exact=-2.302e-12|f64=-2.302e-12|VA/esc=50050.0|tier3=Err([NegativeVolume { solid: SolidKey(1v1) }])|classify=Ok(["Void"])
D2|sphshell t=1e-6 dir=(-0.6, -0.48, -0.64) d=1e3 a=0.7|upright|exact=+2.302e-12|f64=+2.302e-12|VA/esc=50050.0|tier3=Ok(())|classify=Ok(["Outer"])
D2|sphshell t=1e-6 dir=(-0.6, -0.48, -0.64) d=1e3 a=0.7|INVERTED|exact=-2.302e-12|f64=-2.302e-12|VA/esc=50050.0|tier3=Err([NegativeVolume { solid: SolidKey(1v1) }])|classify=Ok(["Void"])
D2|sphshell t=1e-6 dir=(-0.6, -0.48, -0.64) d=5e3 a=0|upright|exact=+2.302e-12|f64=+2.302e-12|VA/esc=50050.0|tier3=Err([VolumeUncomputable { solid: SolidKey(1v1), source: Face { face: FaceKey(3v1|classify=Err(Props { shell: ShellKey(1v1), source: Face { face: FaceK <-- VALID REFUSED
D2|sphshell t=1e-6 dir=(-0.6, -0.48, -0.64) d=5e3 a=0|INVERTED|exact=-2.302e-12|f64=-2.302e-12|VA/esc=50050.0|tier3=Err([VolumeUncomputable { solid: SolidKey(1v1), source: Face { face: FaceKey(3v1|classify=Err(Props { shell: ShellKey(1v1), source: Face { face: FaceK
D2|sphshell t=1e-6 dir=(-0.6, -0.48, -0.64) d=5e3 a=0.7|upright|exact=+2.302e-12|f64=+2.302e-12|VA/esc=50050.0|tier3=Err([VolumeUncomputable { solid: SolidKey(1v1), source: Face { face: FaceKey(3v1|classify=Err(Props { shell: ShellKey(1v1), source: Face { face: FaceK <-- VALID REFUSED
D2|sphshell t=1e-6 dir=(-0.6, -0.48, -0.64) d=5e3 a=0.7|INVERTED|exact=-2.302e-12|f64=-2.302e-12|VA/esc=50050.0|tier3=Err([VolumeUncomputable { solid: SolidKey(1v1), source: Face { face: FaceKey(3v1|classify=Err(Props { shell: ShellKey(1v1), source: Face { face: FaceK
D2|sphshell t=1e-6 dir=(-0.6, -0.48, -0.64) d=2e4 a=0|no build
D2|sphshell t=1e-6 dir=(-0.6, -0.48, -0.64) d=2e4 a=0.7|no build
D2|sphshell t=1e-6 dir=(0.0, 0.0, 1.0) d=0e0 a=0|upright|exact=+2.302e-12|f64=+2.302e-12|VA/esc=50050.0|tier3=Ok(())|classify=Ok(["Outer"])
D2|sphshell t=1e-6 dir=(0.0, 0.0, 1.0) d=0e0 a=0|INVERTED|exact=-2.302e-12|f64=-2.302e-12|VA/esc=50050.0|tier3=Err([NegativeVolume { solid: SolidKey(1v1) }])|classify=Ok(["Void"])
D2|sphshell t=1e-6 dir=(0.0, 0.0, 1.0) d=0e0 a=0.7|upright|exact=+2.302e-12|f64=+2.302e-12|VA/esc=50050.0|tier3=Ok(())|classify=Ok(["Outer"])
D2|sphshell t=1e-6 dir=(0.0, 0.0, 1.0) d=0e0 a=0.7|INVERTED|exact=-2.302e-12|f64=-2.302e-12|VA/esc=50050.0|tier3=Err([NegativeVolume { solid: SolidKey(1v1) }])|classify=Ok(["Void"])
D2|sphshell t=1e-6 dir=(0.0, 0.0, 1.0) d=1e3 a=0|upright|exact=+2.302e-12|f64=+2.302e-12|VA/esc=50050.0|tier3=Ok(())|classify=Ok(["Outer"])
D2|sphshell t=1e-6 dir=(0.0, 0.0, 1.0) d=1e3 a=0|INVERTED|exact=-2.302e-12|f64=-2.302e-12|VA/esc=50050.0|tier3=Err([NegativeVolume { solid: SolidKey(1v1) }])|classify=Ok(["Void"])
D2|sphshell t=1e-6 dir=(0.0, 0.0, 1.0) d=1e3 a=0.7|upright|exact=+2.302e-12|f64=+2.302e-12|VA/esc=50050.0|tier3=Ok(())|classify=Ok(["Outer"])
D2|sphshell t=1e-6 dir=(0.0, 0.0, 1.0) d=1e3 a=0.7|INVERTED|exact=-2.302e-12|f64=-2.302e-12|VA/esc=50050.0|tier3=Err([NegativeVolume { solid: SolidKey(1v1) }])|classify=Ok(["Void"])
D2|sphshell t=1e-6 dir=(0.0, 0.0, 1.0) d=5e3 a=0|upright|exact=+2.302e-12|f64=+2.302e-12|VA/esc=50050.0|tier3=Ok(())|classify=Ok(["Outer"])
D2|sphshell t=1e-6 dir=(0.0, 0.0, 1.0) d=5e3 a=0|INVERTED|exact=-2.302e-12|f64=-2.302e-12|VA/esc=50050.0|tier3=Err([NegativeVolume { solid: SolidKey(1v1) }])|classify=Ok(["Void"])
D2|sphshell t=1e-6 dir=(0.0, 0.0, 1.0) d=5e3 a=0.7|upright|exact=+2.302e-12|f64=+2.302e-12|VA/esc=50050.0|tier3=Ok(())|classify=Ok(["Outer"])
D2|sphshell t=1e-6 dir=(0.0, 0.0, 1.0) d=5e3 a=0.7|INVERTED|exact=-2.302e-12|f64=-2.302e-12|VA/esc=50050.0|tier3=Err([NegativeVolume { solid: SolidKey(1v1) }])|classify=Ok(["Void"])
D2|sphshell t=1e-6 dir=(0.0, 0.0, 1.0) d=2e4 a=0|no build
D2|sphshell t=1e-6 dir=(0.0, 0.0, 1.0) d=2e4 a=0.7|no build
D2|torus a=2e-7 dir=(0.6, 0.48, 0.64) d=0e0 a=0|upright|exact=+7.896e-16|f64=+7.896e-16|VA/esc=10000.0|tier3=Ok(())|classify=Ok(["Outer"])
D2|torus a=2e-7 dir=(0.6, 0.48, 0.64) d=0e0 a=0|INVERTED|exact=-7.896e-16|f64=-7.896e-16|VA/esc=10000.0|tier3=Err([NegativeVolume { solid: SolidKey(1v1) }])|classify=Ok(["Void"])
D2|torus a=2e-7 dir=(0.6, 0.48, 0.64) d=0e0 a=0.7|upright|exact=+7.896e-16|f64=+7.896e-16|VA/esc=10000.0|tier3=Ok(())|classify=Ok(["Outer"])
D2|torus a=2e-7 dir=(0.6, 0.48, 0.64) d=0e0 a=0.7|INVERTED|exact=-7.896e-16|f64=-7.896e-16|VA/esc=10000.0|tier3=Err([NegativeVolume { solid: SolidKey(1v1) }])|classify=Ok(["Void"])
D2|torus a=2e-7 dir=(0.6, 0.48, 0.64) d=1e3 a=0|upright|exact=+7.896e-16|f64=+7.896e-16|VA/esc=10000.0|tier3=Ok(())|classify=Err(Escalated { shell: ShellKey(1v1), source: Indeterminate 
D2|torus a=2e-7 dir=(0.6, 0.48, 0.64) d=1e3 a=0|INVERTED|exact=-7.896e-16|f64=-7.896e-16|VA/esc=10000.0|tier3=Ok(())|classify=Err(Escalated { shell: ShellKey(1v1), source: Indeterminate  <-- INSIDE-OUT PASSES
D2|torus a=2e-7 dir=(0.6, 0.48, 0.64) d=1e3 a=0.7|upright|exact=+7.896e-16|f64=+7.892e-16|VA/esc=10000.0|tier3=Ok(())|classify=Err(Escalated { shell: ShellKey(1v1), source: Indeterminate 
D2|torus a=2e-7 dir=(0.6, 0.48, 0.64) d=1e3 a=0.7|INVERTED|exact=-7.896e-16|f64=-7.892e-16|VA/esc=10000.0|tier3=Ok(())|classify=Err(Escalated { shell: ShellKey(1v1), source: Indeterminate  <-- INSIDE-OUT PASSES
D2|torus a=2e-7 dir=(0.6, 0.48, 0.64) d=5e3 a=0|no build
D2|torus a=2e-7 dir=(0.6, 0.48, 0.64) d=5e3 a=0.7|no build
D2|torus a=2e-7 dir=(0.6, 0.48, 0.64) d=2e4 a=0|no build
D2|torus a=2e-7 dir=(0.6, 0.48, 0.64) d=2e4 a=0.7|no build
D2|torus a=2e-7 dir=(-0.6, -0.48, -0.64) d=0e0 a=0|upright|exact=+7.896e-16|f64=+7.896e-16|VA/esc=10000.0|tier3=Ok(())|classify=Ok(["Outer"])
D2|torus a=2e-7 dir=(-0.6, -0.48, -0.64) d=0e0 a=0|INVERTED|exact=-7.896e-16|f64=-7.896e-16|VA/esc=10000.0|tier3=Err([NegativeVolume { solid: SolidKey(1v1) }])|classify=Ok(["Void"])
D2|torus a=2e-7 dir=(-0.6, -0.48, -0.64) d=0e0 a=0.7|upright|exact=+7.896e-16|f64=+7.896e-16|VA/esc=10000.0|tier3=Ok(())|classify=Ok(["Outer"])
D2|torus a=2e-7 dir=(-0.6, -0.48, -0.64) d=0e0 a=0.7|INVERTED|exact=-7.896e-16|f64=-7.896e-16|VA/esc=10000.0|tier3=Err([NegativeVolume { solid: SolidKey(1v1) }])|classify=Ok(["Void"])
D2|torus a=2e-7 dir=(-0.6, -0.48, -0.64) d=1e3 a=0|upright|exact=+7.896e-16|f64=+7.896e-16|VA/esc=10000.0|tier3=Ok(())|classify=Err(Escalated { shell: ShellKey(1v1), source: Indeterminate 
D2|torus a=2e-7 dir=(-0.6, -0.48, -0.64) d=1e3 a=0|INVERTED|exact=-7.896e-16|f64=-7.896e-16|VA/esc=10000.0|tier3=Ok(())|classify=Err(Escalated { shell: ShellKey(1v1), source: Indeterminate  <-- INSIDE-OUT PASSES
D2|torus a=2e-7 dir=(-0.6, -0.48, -0.64) d=1e3 a=0.7|upright|exact=+7.896e-16|f64=+7.892e-16|VA/esc=10000.0|tier3=Ok(())|classify=Err(Escalated { shell: ShellKey(1v1), source: Indeterminate 
D2|torus a=2e-7 dir=(-0.6, -0.48, -0.64) d=1e3 a=0.7|INVERTED|exact=-7.896e-16|f64=-7.892e-16|VA/esc=10000.0|tier3=Ok(())|classify=Err(Escalated { shell: ShellKey(1v1), source: Indeterminate  <-- INSIDE-OUT PASSES
D2|torus a=2e-7 dir=(-0.6, -0.48, -0.64) d=5e3 a=0|no build
D2|torus a=2e-7 dir=(-0.6, -0.48, -0.64) d=5e3 a=0.7|no build
D2|torus a=2e-7 dir=(-0.6, -0.48, -0.64) d=2e4 a=0|no build
D2|torus a=2e-7 dir=(-0.6, -0.48, -0.64) d=2e4 a=0.7|no build
D2|torus a=2e-7 dir=(0.0, 0.0, 1.0) d=0e0 a=0|upright|exact=+7.896e-16|f64=+7.896e-16|VA/esc=10000.0|tier3=Ok(())|classify=Ok(["Outer"])
D2|torus a=2e-7 dir=(0.0, 0.0, 1.0) d=0e0 a=0|INVERTED|exact=-7.896e-16|f64=-7.896e-16|VA/esc=10000.0|tier3=Err([NegativeVolume { solid: SolidKey(1v1) }])|classify=Ok(["Void"])
D2|torus a=2e-7 dir=(0.0, 0.0, 1.0) d=0e0 a=0.7|upright|exact=+7.896e-16|f64=+7.896e-16|VA/esc=10000.0|tier3=Ok(())|classify=Ok(["Outer"])
D2|torus a=2e-7 dir=(0.0, 0.0, 1.0) d=0e0 a=0.7|INVERTED|exact=-7.896e-16|f64=-7.896e-16|VA/esc=10000.0|tier3=Err([NegativeVolume { solid: SolidKey(1v1) }])|classify=Ok(["Void"])
D2|torus a=2e-7 dir=(0.0, 0.0, 1.0) d=1e3 a=0|upright|exact=+7.896e-16|f64=+7.896e-16|VA/esc=10000.0|tier3=Ok(())|classify=Ok(["Outer"])
D2|torus a=2e-7 dir=(0.0, 0.0, 1.0) d=1e3 a=0|INVERTED|exact=-7.896e-16|f64=-7.896e-16|VA/esc=10000.0|tier3=Err([NegativeVolume { solid: SolidKey(1v1) }])|classify=Ok(["Void"])
D2|torus a=2e-7 dir=(0.0, 0.0, 1.0) d=1e3 a=0.7|upright|exact=+7.896e-16|f64=+7.895e-16|VA/esc=10000.0|tier3=Ok(())|classify=Ok(["Outer"])
D2|torus a=2e-7 dir=(0.0, 0.0, 1.0) d=1e3 a=0.7|INVERTED|exact=-7.896e-16|f64=-7.895e-16|VA/esc=10000.0|tier3=Err([NegativeVolume { solid: SolidKey(1v1) }])|classify=Ok(["Void"])
D2|torus a=2e-7 dir=(0.0, 0.0, 1.0) d=5e3 a=0|no build
D2|torus a=2e-7 dir=(0.0, 0.0, 1.0) d=5e3 a=0.7|no build
D2|torus a=2e-7 dir=(0.0, 0.0, 1.0) d=2e4 a=0|no build
D2|torus a=2e-7 dir=(0.0, 0.0, 1.0) d=2e4 a=0.7|no build
D2|torus a=2e-6 dir=(0.6, 0.48, 0.64) d=0e0 a=0|upright|exact=+7.896e-14|f64=+7.896e-14|VA/esc=100000.0|tier3=Ok(())|classify=Ok(["Outer"])
D2|torus a=2e-6 dir=(0.6, 0.48, 0.64) d=0e0 a=0|INVERTED|exact=-7.896e-14|f64=-7.896e-14|VA/esc=100000.0|tier3=Err([NegativeVolume { solid: SolidKey(1v1) }])|classify=Ok(["Void"])
D2|torus a=2e-6 dir=(0.6, 0.48, 0.64) d=0e0 a=0.7|upright|exact=+7.896e-14|f64=+7.896e-14|VA/esc=100000.0|tier3=Ok(())|classify=Ok(["Outer"])
D2|torus a=2e-6 dir=(0.6, 0.48, 0.64) d=0e0 a=0.7|INVERTED|exact=-7.896e-14|f64=-7.896e-14|VA/esc=100000.0|tier3=Err([NegativeVolume { solid: SolidKey(1v1) }])|classify=Ok(["Void"])
D2|torus a=2e-6 dir=(0.6, 0.48, 0.64) d=1e3 a=0|upright|exact=+7.896e-14|f64=+7.896e-14|VA/esc=100000.0|tier3=Ok(())|classify=Ok(["Outer"])
D2|torus a=2e-6 dir=(0.6, 0.48, 0.64) d=1e3 a=0|INVERTED|exact=-7.896e-14|f64=-7.896e-14|VA/esc=100000.0|tier3=Err([NegativeVolume { solid: SolidKey(1v1) }])|classify=Ok(["Void"])
D2|torus a=2e-6 dir=(0.6, 0.48, 0.64) d=1e3 a=0.7|upright|exact=+7.896e-14|f64=+7.896e-14|VA/esc=100000.0|tier3=Ok(())|classify=Err(Escalated { shell: ShellKey(1v1), source: Indeterminate 
D2|torus a=2e-6 dir=(0.6, 0.48, 0.64) d=1e3 a=0.7|INVERTED|exact=-7.896e-14|f64=-7.896e-14|VA/esc=100000.0|tier3=Ok(())|classify=Err(Escalated { shell: ShellKey(1v1), source: Indeterminate  <-- INSIDE-OUT PASSES
D2|torus a=2e-6 dir=(0.6, 0.48, 0.64) d=5e3 a=0|no build
D2|torus a=2e-6 dir=(0.6, 0.48, 0.64) d=5e3 a=0.7|no build
D2|torus a=2e-6 dir=(0.6, 0.48, 0.64) d=2e4 a=0|no build
D2|torus a=2e-6 dir=(0.6, 0.48, 0.64) d=2e4 a=0.7|no build
D2|torus a=2e-6 dir=(-0.6, -0.48, -0.64) d=0e0 a=0|upright|exact=+7.896e-14|f64=+7.896e-14|VA/esc=100000.0|tier3=Ok(())|classify=Ok(["Outer"])
D2|torus a=2e-6 dir=(-0.6, -0.48, -0.64) d=0e0 a=0|INVERTED|exact=-7.896e-14|f64=-7.896e-14|VA/esc=100000.0|tier3=Err([NegativeVolume { solid: SolidKey(1v1) }])|classify=Ok(["Void"])
D2|torus a=2e-6 dir=(-0.6, -0.48, -0.64) d=0e0 a=0.7|upright|exact=+7.896e-14|f64=+7.896e-14|VA/esc=100000.0|tier3=Ok(())|classify=Ok(["Outer"])
D2|torus a=2e-6 dir=(-0.6, -0.48, -0.64) d=0e0 a=0.7|INVERTED|exact=-7.896e-14|f64=-7.896e-14|VA/esc=100000.0|tier3=Err([NegativeVolume { solid: SolidKey(1v1) }])|classify=Ok(["Void"])
D2|torus a=2e-6 dir=(-0.6, -0.48, -0.64) d=1e3 a=0|upright|exact=+7.896e-14|f64=+7.896e-14|VA/esc=100000.0|tier3=Ok(())|classify=Ok(["Outer"])
D2|torus a=2e-6 dir=(-0.6, -0.48, -0.64) d=1e3 a=0|INVERTED|exact=-7.896e-14|f64=-7.896e-14|VA/esc=100000.0|tier3=Err([NegativeVolume { solid: SolidKey(1v1) }])|classify=Ok(["Void"])
D2|torus a=2e-6 dir=(-0.6, -0.48, -0.64) d=1e3 a=0.7|upright|exact=+7.896e-14|f64=+7.896e-14|VA/esc=100000.0|tier3=Ok(())|classify=Err(Escalated { shell: ShellKey(1v1), source: Indeterminate 
D2|torus a=2e-6 dir=(-0.6, -0.48, -0.64) d=1e3 a=0.7|INVERTED|exact=-7.896e-14|f64=-7.896e-14|VA/esc=100000.0|tier3=Ok(())|classify=Err(Escalated { shell: ShellKey(1v1), source: Indeterminate  <-- INSIDE-OUT PASSES
D2|torus a=2e-6 dir=(-0.6, -0.48, -0.64) d=5e3 a=0|no build
D2|torus a=2e-6 dir=(-0.6, -0.48, -0.64) d=5e3 a=0.7|no build
D2|torus a=2e-6 dir=(-0.6, -0.48, -0.64) d=2e4 a=0|no build
D2|torus a=2e-6 dir=(-0.6, -0.48, -0.64) d=2e4 a=0.7|no build
D2|torus a=2e-6 dir=(0.0, 0.0, 1.0) d=0e0 a=0|upright|exact=+7.896e-14|f64=+7.896e-14|VA/esc=100000.0|tier3=Ok(())|classify=Ok(["Outer"])
D2|torus a=2e-6 dir=(0.0, 0.0, 1.0) d=0e0 a=0|INVERTED|exact=-7.896e-14|f64=-7.896e-14|VA/esc=100000.0|tier3=Err([NegativeVolume { solid: SolidKey(1v1) }])|classify=Ok(["Void"])
D2|torus a=2e-6 dir=(0.0, 0.0, 1.0) d=0e0 a=0.7|upright|exact=+7.896e-14|f64=+7.896e-14|VA/esc=100000.0|tier3=Ok(())|classify=Ok(["Outer"])
D2|torus a=2e-6 dir=(0.0, 0.0, 1.0) d=0e0 a=0.7|INVERTED|exact=-7.896e-14|f64=-7.896e-14|VA/esc=100000.0|tier3=Err([NegativeVolume { solid: SolidKey(1v1) }])|classify=Ok(["Void"])
D2|torus a=2e-6 dir=(0.0, 0.0, 1.0) d=1e3 a=0|upright|exact=+7.896e-14|f64=+7.896e-14|VA/esc=100000.0|tier3=Ok(())|classify=Ok(["Outer"])
D2|torus a=2e-6 dir=(0.0, 0.0, 1.0) d=1e3 a=0|INVERTED|exact=-7.896e-14|f64=-7.896e-14|VA/esc=100000.0|tier3=Err([NegativeVolume { solid: SolidKey(1v1) }])|classify=Ok(["Void"])
D2|torus a=2e-6 dir=(0.0, 0.0, 1.0) d=1e3 a=0.7|upright|exact=+7.896e-14|f64=+7.896e-14|VA/esc=100000.0|tier3=Ok(())|classify=Ok(["Outer"])
D2|torus a=2e-6 dir=(0.0, 0.0, 1.0) d=1e3 a=0.7|INVERTED|exact=-7.896e-14|f64=-7.896e-14|VA/esc=100000.0|tier3=Err([NegativeVolume { solid: SolidKey(1v1) }])|classify=Ok(["Void"])
D2|torus a=2e-6 dir=(0.0, 0.0, 1.0) d=5e3 a=0|no build
D2|torus a=2e-6 dir=(0.0, 0.0, 1.0) d=5e3 a=0.7|no build
D2|torus a=2e-6 dir=(0.0, 0.0, 1.0) d=2e4 a=0|no build
D2|torus a=2e-6 dir=(0.0, 0.0, 1.0) d=2e4 a=0.7|no build
test probe_d2_sweep::d2_revolved_kinds ... ok

test result: ok. 1 passed; 0 failed; 0 ignored; 0 measured; 2111 filtered out; finished in 0.62s

        PASS [   0.634s] (6/9) sweep::all probe_d2_sweep::d2_revolved_kinds
       START [         ] (7/9) sweep::all probe_d_disc3::dprobe_disc_other_readers

running 1 test
DPROBE3|eps=1e-12
DPROBE3|r=1e-3 h=1e-7 d=0e0|upright|classify=Ok(["Outer"])|pis(beside)=Ok(Out)|pis(inside)=Ok(In)
DPROBE3|r=1e-3 h=1e-7 d=0e0|INVERTED|classify=Ok(["Void"])|pis(beside)=Ok(In)|pis(inside)=Ok(Out)
DPROBE3|r=1e-3 h=1e-7 d=1e3|upright|classify=Ok(["Outer"])|pis(beside)=Ok(Out)|pis(inside)=Ok(In)
DPROBE3|r=1e-3 h=1e-7 d=1e3|INVERTED|classify=Ok(["Void"])|pis(beside)=Ok(In)|pis(inside)=Ok(Out)
DPROBE3|r=1e-3 h=1e-7 d=5e3|upright|classify=Err(Escalated { shell: ShellKey(1v1), source: Indeterminate { margin: MarginDiag(Enclosure|pis(beside)=Err(Escalated { face: FaceKey(1v1), diag: Indeterminate { margin: MarginDiag(Enclosure { l|pis(inside)=Ok(In)
DPROBE3|r=1e-3 h=1e-7 d=5e3|INVERTED|classify=Err(Escalated { shell: ShellKey(1v1), source: Indeterminate { margin: MarginDiag(Enclosure|pis(beside)=Err(Escalated { face: FaceKey(1v1), diag: Indeterminate { margin: MarginDiag(Enclosure { l|pis(inside)=Ok(Out)
DPROBE3|r=1e-3 h=1e-6 d=0e0|upright|classify=Ok(["Outer"])|pis(beside)=Ok(Out)|pis(inside)=Ok(In)
DPROBE3|r=1e-3 h=1e-6 d=0e0|INVERTED|classify=Ok(["Void"])|pis(beside)=Ok(In)|pis(inside)=Ok(Out)
DPROBE3|r=1e-3 h=1e-6 d=1e3|upright|classify=Ok(["Outer"])|pis(beside)=Ok(Out)|pis(inside)=Ok(In)
DPROBE3|r=1e-3 h=1e-6 d=1e3|INVERTED|classify=Ok(["Void"])|pis(beside)=Ok(In)|pis(inside)=Ok(Out)
DPROBE3|r=1e-3 h=1e-6 d=5e3|upright|classify=Ok(["Outer"])|pis(beside)=Ok(Out)|pis(inside)=Ok(In)
DPROBE3|r=1e-3 h=1e-6 d=5e3|INVERTED|classify=Ok(["Void"])|pis(beside)=Ok(In)|pis(inside)=Ok(Out)
DPROBE3|r=1e-2 h=1e-6 d=0e0|upright|classify=Ok(["Outer"])|pis(beside)=Ok(Out)|pis(inside)=Ok(In)
DPROBE3|r=1e-2 h=1e-6 d=0e0|INVERTED|classify=Ok(["Void"])|pis(beside)=Ok(In)|pis(inside)=Ok(Out)
DPROBE3|r=1e-2 h=1e-6 d=1e3|upright|classify=Ok(["Outer"])|pis(beside)=Ok(Out)|pis(inside)=Ok(In)
DPROBE3|r=1e-2 h=1e-6 d=1e3|INVERTED|classify=Ok(["Void"])|pis(beside)=Ok(In)|pis(inside)=Ok(Out)
DPROBE3|r=1e-2 h=1e-6 d=5e3|upright|classify=Ok(["Outer"])|pis(beside)=Ok(Out)|pis(inside)=Ok(In)
DPROBE3|r=1e-2 h=1e-6 d=5e3|INVERTED|classify=Ok(["Void"])|pis(beside)=Ok(In)|pis(inside)=Ok(Out)
test probe_d_disc3::dprobe_disc_other_readers ... ok

test result: ok. 1 passed; 0 failed; 0 ignored; 0 measured; 2111 filtered out; finished in 0.08s

        PASS [   0.090s] (7/9) sweep::all probe_d_disc3::dprobe_disc_other_readers
       START [         ] (8/9) sweep::all probe_d_disc::dprobe_far_thin_disc

running 1 test
DPROBE|eps=1e-12
DPROBE|r=1e-3 h=1e-7 d=0e0|upright|exact=+3.142e-13|f64=+3.142e-13|tier3=Ok(())
DPROBE|r=1e-3 h=1e-7 d=0e0|INVERTED|exact=-3.142e-13|f64=-3.142e-13|tier3=Err([NegativeVolume { solid: SolidKey(1v1) }])
DPROBE|r=1e-3 h=1e-7 d=1e0|upright|exact=+3.142e-13|f64=+3.142e-13|tier3=Ok(())
DPROBE|r=1e-3 h=1e-7 d=1e0|INVERTED|exact=-3.142e-13|f64=-3.142e-13|tier3=Err([NegativeVolume { solid: SolidKey(1v1) }])
DPROBE|r=1e-3 h=1e-7 d=1e1|upright|exact=+3.142e-13|f64=+3.142e-13|tier3=Ok(())
DPROBE|r=1e-3 h=1e-7 d=1e1|INVERTED|exact=-3.142e-13|f64=-3.142e-13|tier3=Err([NegativeVolume { solid: SolidKey(1v1) }])
DPROBE|r=1e-3 h=1e-7 d=1e2|upright|exact=+3.142e-13|f64=+3.142e-13|tier3=Ok(())
DPROBE|r=1e-3 h=1e-7 d=1e2|INVERTED|exact=-3.142e-13|f64=-3.142e-13|tier3=Err([NegativeVolume { solid: SolidKey(1v1) }])
DPROBE|r=1e-3 h=1e-7 d=1e3|upright|exact=+3.142e-13|f64=+3.142e-13|tier3=Ok(())
DPROBE|r=1e-3 h=1e-7 d=1e3|INVERTED|exact=-3.142e-13|f64=-3.142e-13|tier3=Err([NegativeVolume { solid: SolidKey(1v1) }])
DPROBE|r=1e-3 h=1e-7 d=5e3|upright|exact=+3.142e-13|f64=+3.142e-13|tier3=Ok(())
DPROBE|r=1e-3 h=1e-7 d=5e3|INVERTED|exact=-3.142e-13|f64=-3.142e-13|tier3=Ok(()) <-- INSIDE-OUT PASSES

thread 'probe_d_disc::dprobe_far_thin_disc' (29076) panicked at crates/sweep/src/test_support.rs:654:6:
the fixture's profile extrudes: Op { source: Certification { error: Escalated { check: Surface2Residual, sample: 3, cause: Indeterminate { margin: MarginDiag(Value(1.0298380095341415e-12, None)), terminal_sliver: false, band: Band { zero: 1e-12, escalate: 1e-11 }, predicate: Some("carrier_on_surface_2") } } } }
stack backtrace:
   0: __rustc::rust_begin_unwind
             at /rustc/2d8144b7880597b6e6d3dfd63a9a9efae3f533d3/library/std/src/panicking.rs:689:5
   1: core::panicking::panic_fmt
             at /rustc/2d8144b7880597b6e6d3dfd63a9a9efae3f533d3/library/core/src/panicking.rs:80:14
   2: core::result::unwrap_failed
             at /rustc/2d8144b7880597b6e6d3dfd63a9a9efae3f533d3/library/core/src/result.rs:1867:5
   3: <core::result::Result<sweep::extrude::Extruded<f64>, sweep::extrude::ExtrudeError>>::expect
             at /rustc/2d8144b7880597b6e6d3dfd63a9a9efae3f533d3/library/core/src/result.rs:1185:23
   4: sweep::test_support::extruded::<f64>
             at ./src/test_support.rs:654:6
   5: prism_on<f64>
             at ./src/test_support.rs:737:5
   6: sweep::test_support::prism_at::<f64>
             at ./src/test_support.rs:763:5
   7: sweep::test_support::cylinder_of_arcs_at
             at ./src/test_support.rs:1932:5
   8: all::probe_d_disc::dprobe_far_thin_disc::{closure#0}
             at ./tests/probe_d_disc.rs:17:53
   9: do_call<all::probe_d_disc::dprobe_far_thin_disc::{closure_env#0}, topo::body::Body<f64>>
             at /rustc/2d8144b7880597b6e6d3dfd63a9a9efae3f533d3/library/std/src/panicking.rs:581:40
  10: __rust_try
  11: catch_unwind<topo::body::Body<f64>, all::probe_d_disc::dprobe_far_thin_disc::{closure_env#0}>
             at /rustc/2d8144b7880597b6e6d3dfd63a9a9efae3f533d3/library/std/src/panicking.rs:544:19
  12: catch_unwind<all::probe_d_disc::dprobe_far_thin_disc::{closure_env#0}, topo::body::Body<f64>>
             at /rustc/2d8144b7880597b6e6d3dfd63a9a9efae3f533d3/library/std/src/panic.rs:359:14
  13: dprobe_far_thin_disc
             at ./tests/probe_d_disc.rs:17:25
  14: all::probe_d_disc::dprobe_far_thin_disc::{closure#0}
             at ./tests/probe_d_disc.rs:11:26
  15: <all::probe_d_disc::dprobe_far_thin_disc::{closure#0} as core::ops::function::FnOnce<()>>::call_once
             at /rustc/2d8144b7880597b6e6d3dfd63a9a9efae3f533d3/library/core/src/ops/function.rs:250:5
  16: <fn() -> core::result::Result<(), alloc::string::String> as core::ops::function::FnOnce<()>>::call_once
             at /rustc/2d8144b7880597b6e6d3dfd63a9a9efae3f533d3/library/core/src/ops/function.rs:250:5
note: Some details are omitted, run with `RUST_BACKTRACE=full` for a verbose backtrace.
DPROBE|r=1e-3 h=1e-7 d=2e4|no build
DPROBE|r=1e-3 h=1e-6 d=0e0|upright|exact=+3.142e-12|f64=+3.142e-12|tier3=Ok(())
DPROBE|r=1e-3 h=1e-6 d=0e0|INVERTED|exact=-3.142e-12|f64=-3.142e-12|tier3=Err([NegativeVolume { solid: SolidKey(1v1) }])
DPROBE|r=1e-3 h=1e-6 d=1e0|upright|exact=+3.142e-12|f64=+3.142e-12|tier3=Ok(())
DPROBE|r=1e-3 h=1e-6 d=1e0|INVERTED|exact=-3.142e-12|f64=-3.142e-12|tier3=Err([NegativeVolume { solid: SolidKey(1v1) }])
DPROBE|r=1e-3 h=1e-6 d=1e1|upright|exact=+3.142e-12|f64=+3.142e-12|tier3=Ok(())
DPROBE|r=1e-3 h=1e-6 d=1e1|INVERTED|exact=-3.142e-12|f64=-3.142e-12|tier3=Err([NegativeVolume { solid: SolidKey(1v1) }])
DPROBE|r=1e-3 h=1e-6 d=1e2|upright|exact=+3.142e-12|f64=+3.142e-12|tier3=Ok(())
DPROBE|r=1e-3 h=1e-6 d=1e2|INVERTED|exact=-3.142e-12|f64=-3.142e-12|tier3=Err([NegativeVolume { solid: SolidKey(1v1) }])
DPROBE|r=1e-3 h=1e-6 d=1e3|upright|exact=+3.142e-12|f64=+3.142e-12|tier3=Ok(())
DPROBE|r=1e-3 h=1e-6 d=1e3|INVERTED|exact=-3.142e-12|f64=-3.142e-12|tier3=Err([NegativeVolume { solid: SolidKey(1v1) }])
DPROBE|r=1e-3 h=1e-6 d=5e3|upright|exact=+3.142e-12|f64=+3.142e-12|tier3=Ok(())
DPROBE|r=1e-3 h=1e-6 d=5e3|INVERTED|exact=-3.142e-12|f64=-3.142e-12|tier3=Err([NegativeVolume { solid: SolidKey(1v1) }])

thread 'probe_d_disc::dprobe_far_thin_disc' (29076) panicked at crates/sweep/src/test_support.rs:654:6:
the fixture's profile extrudes: Op { source: Certification { error: Escalated { check: Surface2Residual, sample: 3, cause: Indeterminate { margin: MarginDiag(Value(1.0298380095341415e-12, None)), terminal_sliver: false, band: Band { zero: 1e-12, escalate: 1e-11 }, predicate: Some("carrier_on_surface_2") } } } }
stack backtrace:
   0: __rustc::rust_begin_unwind
             at /rustc/2d8144b7880597b6e6d3dfd63a9a9efae3f533d3/library/std/src/panicking.rs:689:5
   1: core::panicking::panic_fmt
             at /rustc/2d8144b7880597b6e6d3dfd63a9a9efae3f533d3/library/core/src/panicking.rs:80:14
   2: core::result::unwrap_failed
             at /rustc/2d8144b7880597b6e6d3dfd63a9a9efae3f533d3/library/core/src/result.rs:1867:5
   3: <core::result::Result<sweep::extrude::Extruded<f64>, sweep::extrude::ExtrudeError>>::expect
             at /rustc/2d8144b7880597b6e6d3dfd63a9a9efae3f533d3/library/core/src/result.rs:1185:23
   4: sweep::test_support::extruded::<f64>
             at ./src/test_support.rs:654:6
   5: prism_on<f64>
             at ./src/test_support.rs:737:5
   6: sweep::test_support::prism_at::<f64>
             at ./src/test_support.rs:763:5
   7: sweep::test_support::cylinder_of_arcs_at
             at ./src/test_support.rs:1932:5
   8: all::probe_d_disc::dprobe_far_thin_disc::{closure#0}
             at ./tests/probe_d_disc.rs:17:53
   9: do_call<all::probe_d_disc::dprobe_far_thin_disc::{closure_env#0}, topo::body::Body<f64>>
             at /rustc/2d8144b7880597b6e6d3dfd63a9a9efae3f533d3/library/std/src/panicking.rs:581:40
  10: __rust_try
  11: catch_unwind<topo::body::Body<f64>, all::probe_d_disc::dprobe_far_thin_disc::{closure_env#0}>
             at /rustc/2d8144b7880597b6e6d3dfd63a9a9efae3f533d3/library/std/src/panicking.rs:544:19
  12: catch_unwind<all::probe_d_disc::dprobe_far_thin_disc::{closure_env#0}, topo::body::Body<f64>>
             at /rustc/2d8144b7880597b6e6d3dfd63a9a9efae3f533d3/library/std/src/panic.rs:359:14
  13: dprobe_far_thin_disc
             at ./tests/probe_d_disc.rs:17:25
  14: all::probe_d_disc::dprobe_far_thin_disc::{closure#0}
             at ./tests/probe_d_disc.rs:11:26
  15: <all::probe_d_disc::dprobe_far_thin_disc::{closure#0} as core::ops::function::FnOnce<()>>::call_once
             at /rustc/2d8144b7880597b6e6d3dfd63a9a9efae3f533d3/library/core/src/ops/function.rs:250:5
  16: <fn() -> core::result::Result<(), alloc::string::String> as core::ops::function::FnOnce<()>>::call_once
             at /rustc/2d8144b7880597b6e6d3dfd63a9a9efae3f533d3/library/core/src/ops/function.rs:250:5
note: Some details are omitted, run with `RUST_BACKTRACE=full` for a verbose backtrace.
DPROBE|r=1e-3 h=1e-6 d=2e4|no build
DPROBE|r=1e-3 h=1e-5 d=0e0|upright|exact=+3.142e-11|f64=+3.142e-11|tier3=Ok(())
DPROBE|r=1e-3 h=1e-5 d=0e0|INVERTED|exact=-3.142e-11|f64=-3.142e-11|tier3=Err([NegativeVolume { solid: SolidKey(1v1) }])
DPROBE|r=1e-3 h=1e-5 d=1e0|upright|exact=+3.142e-11|f64=+3.142e-11|tier3=Ok(())
DPROBE|r=1e-3 h=1e-5 d=1e0|INVERTED|exact=-3.142e-11|f64=-3.142e-11|tier3=Err([NegativeVolume { solid: SolidKey(1v1) }])
DPROBE|r=1e-3 h=1e-5 d=1e1|upright|exact=+3.142e-11|f64=+3.142e-11|tier3=Ok(())
DPROBE|r=1e-3 h=1e-5 d=1e1|INVERTED|exact=-3.142e-11|f64=-3.142e-11|tier3=Err([NegativeVolume { solid: SolidKey(1v1) }])
DPROBE|r=1e-3 h=1e-5 d=1e2|upright|exact=+3.142e-11|f64=+3.142e-11|tier3=Ok(())
DPROBE|r=1e-3 h=1e-5 d=1e2|INVERTED|exact=-3.142e-11|f64=-3.142e-11|tier3=Err([NegativeVolume { solid: SolidKey(1v1) }])
DPROBE|r=1e-3 h=1e-5 d=1e3|upright|exact=+3.142e-11|f64=+3.142e-11|tier3=Ok(())
DPROBE|r=1e-3 h=1e-5 d=1e3|INVERTED|exact=-3.142e-11|f64=-3.142e-11|tier3=Err([NegativeVolume { solid: SolidKey(1v1) }])
DPROBE|r=1e-3 h=1e-5 d=5e3|upright|exact=+3.142e-11|f64=+3.142e-11|tier3=Ok(())
DPROBE|r=1e-3 h=1e-5 d=5e3|INVERTED|exact=-3.142e-11|f64=-3.142e-11|tier3=Err([NegativeVolume { solid: SolidKey(1v1) }])

thread 'probe_d_disc::dprobe_far_thin_disc' (29076) panicked at crates/sweep/src/test_support.rs:654:6:
the fixture's profile extrudes: CapPlane { source: Escalated { vertex: 0, cause: Indeterminate { margin: MarginDiag(Value(-1.8189894035458565e-12, None)), terminal_sliver: false, band: Band { zero: 1e-12, escalate: 1e-11 }, predicate: Some("newell_plane_residual") } } }
stack backtrace:
   0: __rustc::rust_begin_unwind
             at /rustc/2d8144b7880597b6e6d3dfd63a9a9efae3f533d3/library/std/src/panicking.rs:689:5
   1: core::panicking::panic_fmt
             at /rustc/2d8144b7880597b6e6d3dfd63a9a9efae3f533d3/library/core/src/panicking.rs:80:14
   2: core::result::unwrap_failed
             at /rustc/2d8144b7880597b6e6d3dfd63a9a9efae3f533d3/library/core/src/result.rs:1867:5
   3: <core::result::Result<sweep::extrude::Extruded<f64>, sweep::extrude::ExtrudeError>>::expect
             at /rustc/2d8144b7880597b6e6d3dfd63a9a9efae3f533d3/library/core/src/result.rs:1185:23
   4: sweep::test_support::extruded::<f64>
             at ./src/test_support.rs:654:6
   5: prism_on<f64>
             at ./src/test_support.rs:737:5
   6: sweep::test_support::prism_at::<f64>
             at ./src/test_support.rs:763:5
   7: sweep::test_support::cylinder_of_arcs_at
             at ./src/test_support.rs:1932:5
   8: all::probe_d_disc::dprobe_far_thin_disc::{closure#0}
             at ./tests/probe_d_disc.rs:17:53
   9: do_call<all::probe_d_disc::dprobe_far_thin_disc::{closure_env#0}, topo::body::Body<f64>>
             at /rustc/2d8144b7880597b6e6d3dfd63a9a9efae3f533d3/library/std/src/panicking.rs:581:40
  10: __rust_try
  11: catch_unwind<topo::body::Body<f64>, all::probe_d_disc::dprobe_far_thin_disc::{closure_env#0}>
             at /rustc/2d8144b7880597b6e6d3dfd63a9a9efae3f533d3/library/std/src/panicking.rs:544:19
  12: catch_unwind<all::probe_d_disc::dprobe_far_thin_disc::{closure_env#0}, topo::body::Body<f64>>
             at /rustc/2d8144b7880597b6e6d3dfd63a9a9efae3f533d3/library/std/src/panic.rs:359:14
  13: dprobe_far_thin_disc
             at ./tests/probe_d_disc.rs:17:25
  14: all::probe_d_disc::dprobe_far_thin_disc::{closure#0}
             at ./tests/probe_d_disc.rs:11:26
  15: <all::probe_d_disc::dprobe_far_thin_disc::{closure#0} as core::ops::function::FnOnce<()>>::call_once
             at /rustc/2d8144b7880597b6e6d3dfd63a9a9efae3f533d3/library/core/src/ops/function.rs:250:5
  16: <fn() -> core::result::Result<(), alloc::string::String> as core::ops::function::FnOnce<()>>::call_once
             at /rustc/2d8144b7880597b6e6d3dfd63a9a9efae3f533d3/library/core/src/ops/function.rs:250:5
note: Some details are omitted, run with `RUST_BACKTRACE=full` for a verbose backtrace.
DPROBE|r=1e-3 h=1e-5 d=2e4|no build
DPROBE|r=1e-2 h=1e-6 d=0e0|upright|exact=+3.142e-10|f64=+3.142e-10|tier3=Ok(())
DPROBE|r=1e-2 h=1e-6 d=0e0|INVERTED|exact=-3.142e-10|f64=-3.142e-10|tier3=Err([NegativeVolume { solid: SolidKey(1v1) }])
DPROBE|r=1e-2 h=1e-6 d=1e0|upright|exact=+3.142e-10|f64=+3.142e-10|tier3=Ok(())
DPROBE|r=1e-2 h=1e-6 d=1e0|INVERTED|exact=-3.142e-10|f64=-3.142e-10|tier3=Err([NegativeVolume { solid: SolidKey(1v1) }])
DPROBE|r=1e-2 h=1e-6 d=1e1|upright|exact=+3.142e-10|f64=+3.142e-10|tier3=Ok(())
DPROBE|r=1e-2 h=1e-6 d=1e1|INVERTED|exact=-3.142e-10|f64=-3.142e-10|tier3=Err([NegativeVolume { solid: SolidKey(1v1) }])
DPROBE|r=1e-2 h=1e-6 d=1e2|upright|exact=+3.142e-10|f64=+3.142e-10|tier3=Ok(())
DPROBE|r=1e-2 h=1e-6 d=1e2|INVERTED|exact=-3.142e-10|f64=-3.142e-10|tier3=Err([NegativeVolume { solid: SolidKey(1v1) }])
DPROBE|r=1e-2 h=1e-6 d=1e3|upright|exact=+3.142e-10|f64=+3.142e-10|tier3=Ok(())
DPROBE|r=1e-2 h=1e-6 d=1e3|INVERTED|exact=-3.142e-10|f64=-3.142e-10|tier3=Err([NegativeVolume { solid: SolidKey(1v1) }])
DPROBE|r=1e-2 h=1e-6 d=5e3|upright|exact=+3.142e-10|f64=+3.142e-10|tier3=Ok(())
DPROBE|r=1e-2 h=1e-6 d=5e3|INVERTED|exact=-3.142e-10|f64=-3.142e-10|tier3=Err([NegativeVolume { solid: SolidKey(1v1) }])
DPROBE|r=1e-2 h=1e-6 d=2e4|upright|exact=+3.142e-10|f64=+3.142e-10|tier3=Err([VolumeUncomputable { solid: SolidKey(1v1), source: Face { face: FaceKey(3v1), source: <-- VALID REFUSED
DPROBE|r=1e-2 h=1e-6 d=2e4|INVERTED|exact=-3.142e-10|f64=-3.142e-10|tier3=Err([VolumeUncomputable { solid: SolidKey(1v1), source: Face { face: FaceKey(3v1), source:
DPROBE|r=1e-2 h=1e-5 d=0e0|upright|exact=+3.142e-9|f64=+3.142e-9|tier3=Ok(())
DPROBE|r=1e-2 h=1e-5 d=0e0|INVERTED|exact=-3.142e-9|f64=-3.142e-9|tier3=Err([NegativeVolume { solid: SolidKey(1v1) }])
DPROBE|r=1e-2 h=1e-5 d=1e0|upright|exact=+3.142e-9|f64=+3.142e-9|tier3=Ok(())
DPROBE|r=1e-2 h=1e-5 d=1e0|INVERTED|exact=-3.142e-9|f64=-3.142e-9|tier3=Err([NegativeVolume { solid: SolidKey(1v1) }])
DPROBE|r=1e-2 h=1e-5 d=1e1|upright|exact=+3.142e-9|f64=+3.142e-9|tier3=Ok(())
DPROBE|r=1e-2 h=1e-5 d=1e1|INVERTED|exact=-3.142e-9|f64=-3.142e-9|tier3=Err([NegativeVolume { solid: SolidKey(1v1) }])
DPROBE|r=1e-2 h=1e-5 d=1e2|upright|exact=+3.142e-9|f64=+3.142e-9|tier3=Ok(())
DPROBE|r=1e-2 h=1e-5 d=1e2|INVERTED|exact=-3.142e-9|f64=-3.142e-9|tier3=Err([NegativeVolume { solid: SolidKey(1v1) }])
DPROBE|r=1e-2 h=1e-5 d=1e3|upright|exact=+3.142e-9|f64=+3.142e-9|tier3=Ok(())
DPROBE|r=1e-2 h=1e-5 d=1e3|INVERTED|exact=-3.142e-9|f64=-3.142e-9|tier3=Err([NegativeVolume { solid: SolidKey(1v1) }])
DPROBE|r=1e-2 h=1e-5 d=5e3|upright|exact=+3.142e-9|f64=+3.142e-9|tier3=Ok(())
DPROBE|r=1e-2 h=1e-5 d=5e3|INVERTED|exact=-3.142e-9|f64=-3.142e-9|tier3=Err([NegativeVolume { solid: SolidKey(1v1) }])

thread 'probe_d_disc::dprobe_far_thin_disc' (29076) panicked at crates/sweep/src/test_support.rs:654:6:
the fixture's profile extrudes: CapPlane { source: Escalated { vertex: 0, cause: Indeterminate { margin: MarginDiag(Value(-1.8189894035458565e-12, None)), terminal_sliver: false, band: Band { zero: 1e-12, escalate: 1e-11 }, predicate: Some("newell_plane_residual") } } }
stack backtrace:
   0: __rustc::rust_begin_unwind
             at /rustc/2d8144b7880597b6e6d3dfd63a9a9efae3f533d3/library/std/src/panicking.rs:689:5
   1: core::panicking::panic_fmt
             at /rustc/2d8144b7880597b6e6d3dfd63a9a9efae3f533d3/library/core/src/panicking.rs:80:14
   2: core::result::unwrap_failed
             at /rustc/2d8144b7880597b6e6d3dfd63a9a9efae3f533d3/library/core/src/result.rs:1867:5
   3: <core::result::Result<sweep::extrude::Extruded<f64>, sweep::extrude::ExtrudeError>>::expect
             at /rustc/2d8144b7880597b6e6d3dfd63a9a9efae3f533d3/library/core/src/result.rs:1185:23
   4: sweep::test_support::extruded::<f64>
             at ./src/test_support.rs:654:6
   5: prism_on<f64>
             at ./src/test_support.rs:737:5
   6: sweep::test_support::prism_at::<f64>
             at ./src/test_support.rs:763:5
   7: sweep::test_support::cylinder_of_arcs_at
             at ./src/test_support.rs:1932:5
   8: all::probe_d_disc::dprobe_far_thin_disc::{closure#0}
             at ./tests/probe_d_disc.rs:17:53
   9: do_call<all::probe_d_disc::dprobe_far_thin_disc::{closure_env#0}, topo::body::Body<f64>>
             at /rustc/2d8144b7880597b6e6d3dfd63a9a9efae3f533d3/library/std/src/panicking.rs:581:40
  10: __rust_try
  11: catch_unwind<topo::body::Body<f64>, all::probe_d_disc::dprobe_far_thin_disc::{closure_env#0}>
             at /rustc/2d8144b7880597b6e6d3dfd63a9a9efae3f533d3/library/std/src/panicking.rs:544:19
  12: catch_unwind<all::probe_d_disc::dprobe_far_thin_disc::{closure_env#0}, topo::body::Body<f64>>
             at /rustc/2d8144b7880597b6e6d3dfd63a9a9efae3f533d3/library/std/src/panic.rs:359:14
  13: dprobe_far_thin_disc
             at ./tests/probe_d_disc.rs:17:25
  14: all::probe_d_disc::dprobe_far_thin_disc::{closure#0}
             at ./tests/probe_d_disc.rs:11:26
  15: <all::probe_d_disc::dprobe_far_thin_disc::{closure#0} as core::ops::function::FnOnce<()>>::call_once
             at /rustc/2d8144b7880597b6e6d3dfd63a9a9efae3f533d3/library/core/src/ops/function.rs:250:5
  16: <fn() -> core::result::Result<(), alloc::string::String> as core::ops::function::FnOnce<()>>::call_once
             at /rustc/2d8144b7880597b6e6d3dfd63a9a9efae3f533d3/library/core/src/ops/function.rs:250:5
note: Some details are omitted, run with `RUST_BACKTRACE=full` for a verbose backtrace.
DPROBE|r=1e-2 h=1e-5 d=2e4|no build
DPROBE|r=1e-1 h=1e-5 d=0e0|upright|exact=+3.142e-7|f64=+3.142e-7|tier3=Ok(())
DPROBE|r=1e-1 h=1e-5 d=0e0|INVERTED|exact=-3.142e-7|f64=-3.142e-7|tier3=Err([NegativeVolume { solid: SolidKey(1v1) }])
DPROBE|r=1e-1 h=1e-5 d=1e0|upright|exact=+3.142e-7|f64=+3.142e-7|tier3=Ok(())
DPROBE|r=1e-1 h=1e-5 d=1e0|INVERTED|exact=-3.142e-7|f64=-3.142e-7|tier3=Err([NegativeVolume { solid: SolidKey(1v1) }])
DPROBE|r=1e-1 h=1e-5 d=1e1|upright|exact=+3.142e-7|f64=+3.142e-7|tier3=Ok(())
DPROBE|r=1e-1 h=1e-5 d=1e1|INVERTED|exact=-3.142e-7|f64=-3.142e-7|tier3=Err([NegativeVolume { solid: SolidKey(1v1) }])
DPROBE|r=1e-1 h=1e-5 d=1e2|upright|exact=+3.142e-7|f64=+3.142e-7|tier3=Ok(())
DPROBE|r=1e-1 h=1e-5 d=1e2|INVERTED|exact=-3.142e-7|f64=-3.142e-7|tier3=Err([NegativeVolume { solid: SolidKey(1v1) }])
DPROBE|r=1e-1 h=1e-5 d=1e3|upright|exact=+3.142e-7|f64=+3.142e-7|tier3=Ok(())
DPROBE|r=1e-1 h=1e-5 d=1e3|INVERTED|exact=-3.142e-7|f64=-3.142e-7|tier3=Err([NegativeVolume { solid: SolidKey(1v1) }])
DPROBE|r=1e-1 h=1e-5 d=5e3|upright|exact=+3.142e-7|f64=+3.142e-7|tier3=Ok(())
DPROBE|r=1e-1 h=1e-5 d=5e3|INVERTED|exact=-3.142e-7|f64=-3.142e-7|tier3=Err([NegativeVolume { solid: SolidKey(1v1) }])

thread 'probe_d_disc::dprobe_far_thin_disc' (29076) panicked at crates/sweep/src/test_support.rs:654:6:
the fixture's profile extrudes: CapPlane { source: Escalated { vertex: 0, cause: Indeterminate { margin: MarginDiag(Value(-1.8189894035458565e-12, None)), terminal_sliver: false, band: Band { zero: 1e-12, escalate: 1e-11 }, predicate: Some("newell_plane_residual") } } }
stack backtrace:
   0: __rustc::rust_begin_unwind
             at /rustc/2d8144b7880597b6e6d3dfd63a9a9efae3f533d3/library/std/src/panicking.rs:689:5
   1: core::panicking::panic_fmt
             at /rustc/2d8144b7880597b6e6d3dfd63a9a9efae3f533d3/library/core/src/panicking.rs:80:14
   2: core::result::unwrap_failed
             at /rustc/2d8144b7880597b6e6d3dfd63a9a9efae3f533d3/library/core/src/result.rs:1867:5
   3: <core::result::Result<sweep::extrude::Extruded<f64>, sweep::extrude::ExtrudeError>>::expect
             at /rustc/2d8144b7880597b6e6d3dfd63a9a9efae3f533d3/library/core/src/result.rs:1185:23
   4: sweep::test_support::extruded::<f64>
             at ./src/test_support.rs:654:6
   5: prism_on<f64>
             at ./src/test_support.rs:737:5
   6: sweep::test_support::prism_at::<f64>
             at ./src/test_support.rs:763:5
   7: sweep::test_support::cylinder_of_arcs_at
             at ./src/test_support.rs:1932:5
   8: all::probe_d_disc::dprobe_far_thin_disc::{closure#0}
             at ./tests/probe_d_disc.rs:17:53
   9: do_call<all::probe_d_disc::dprobe_far_thin_disc::{closure_env#0}, topo::body::Body<f64>>
             at /rustc/2d8144b7880597b6e6d3dfd63a9a9efae3f533d3/library/std/src/panicking.rs:581:40
  10: __rust_try
  11: catch_unwind<topo::body::Body<f64>, all::probe_d_disc::dprobe_far_thin_disc::{closure_env#0}>
             at /rustc/2d8144b7880597b6e6d3dfd63a9a9efae3f533d3/library/std/src/panicking.rs:544:19
  12: catch_unwind<all::probe_d_disc::dprobe_far_thin_disc::{closure_env#0}, topo::body::Body<f64>>
             at /rustc/2d8144b7880597b6e6d3dfd63a9a9efae3f533d3/library/std/src/panic.rs:359:14
  13: dprobe_far_thin_disc
             at ./tests/probe_d_disc.rs:17:25
  14: all::probe_d_disc::dprobe_far_thin_disc::{closure#0}
             at ./tests/probe_d_disc.rs:11:26
  15: <all::probe_d_disc::dprobe_far_thin_disc::{closure#0} as core::ops::function::FnOnce<()>>::call_once
             at /rustc/2d8144b7880597b6e6d3dfd63a9a9efae3f533d3/library/core/src/ops/function.rs:250:5
  16: <fn() -> core::result::Result<(), alloc::string::String> as core::ops::function::FnOnce<()>>::call_once
             at /rustc/2d8144b7880597b6e6d3dfd63a9a9efae3f533d3/library/core/src/ops/function.rs:250:5
note: Some details are omitted, run with `RUST_BACKTRACE=full` for a verbose backtrace.
DPROBE|r=1e-1 h=1e-5 d=2e4|no build
test probe_d_disc::dprobe_far_thin_disc ... ok

test result: ok. 1 passed; 0 failed; 0 ignored; 0 measured; 2111 filtered out; finished in 0.42s

        PASS [   0.435s] (8/9) sweep::all probe_d_disc::dprobe_far_thin_disc
       START [         ] (9/9) sweep::all probe_d_void::dprobe_far_thin_disc_void

running 1 test
DPROBE4|eps=1e-12
DPROBE4|r=1e-3 h=1e-6 d=0e0|shells=2|tier3=Ok(())
DPROBE4|r=1e-3 h=1e-6 d=1e3|shells=2|tier3=Ok(())
DPROBE4|r=1e-3 h=1e-6 d=5e3|shells=2|tier3=Ok(())
DPROBE4|r=1e-3 h=1e-5 d=0e0|shells=2|tier3=Ok(())
DPROBE4|r=1e-3 h=1e-5 d=1e3|shells=2|tier3=Ok(())
DPROBE4|r=1e-3 h=1e-5 d=5e3|shells=2|tier3=Ok(())
DPROBE4|r=1e-2 h=1e-6 d=0e0|shells=2|tier3=Ok(())
DPROBE4|r=1e-2 h=1e-6 d=1e3|shells=2|tier3=Ok(())
DPROBE4|r=1e-2 h=1e-6 d=5e3|shells=2|tier3=Ok(())
test probe_d_void::dprobe_far_thin_disc_void ... ok

test result: ok. 1 passed; 0 failed; 0 ignored; 0 measured; 2111 filtered out; finished in 0.20s

        PASS [   0.211s] (9/9) sweep::all probe_d_void::dprobe_far_thin_disc_void
────────────
     Summary [ 100.599s] 9 tests run: 8 passed (1 slow), 1 failed, 2103 skipped
        FAIL [   0.197s] (2/9) sweep::all far_thin_disc_sign::far_thin_discs_are_read_by_their_exact_volume
error: test run failed
exit 100
