    Finished `test` profile [unoptimized + debuginfo] target(s) in 0.17s
────────────
 Nextest run ID 9bae12b7-1caa-41f7-9ee7-8147e88f3c22 with nextest profile: default
    Starting 9 tests across 1 binary (2103 tests skipped)
       START [         ] (1/9) sweep::all far_thin_disc_sign::a_box_less_a_far_thin_disc_is_a_valid_hollow

running 1 test
test far_thin_disc_sign::a_box_less_a_far_thin_disc_is_a_valid_hollow ... ok

test result: ok. 1 passed; 0 failed; 0 ignored; 0 measured; 2111 filtered out; finished in 0.02s

        PASS [   0.034s] (1/9) sweep::all far_thin_disc_sign::a_box_less_a_far_thin_disc_is_a_valid_hollow
       START [         ] (2/9) sweep::all far_thin_disc_sign::far_thin_discs_are_read_by_their_exact_volume

running 1 test
test far_thin_disc_sign::far_thin_discs_are_read_by_their_exact_volume ... ok

test result: ok. 1 passed; 0 failed; 0 ignored; 0 measured; 2111 filtered out; finished in 0.07s

        PASS [   0.083s] (2/9) sweep::all far_thin_disc_sign::far_thin_discs_are_read_by_their_exact_volume
       START [         ] (3/9) sweep::all probe_d2_sweep::d2_disc_family

running 1 test
D2|disc|eps=1e-9
D2|disc n=4 r=1e-3 h=1e-7 dir=(0.6, 0.48, 0.64) d=1e3 a=0|upright|exact=+3.142e-13|f64=+3.142e-13|VA/esc=5.0|tier3=Ok(())|classify=Ok(["Outer"])
D2|disc n=4 r=1e-3 h=1e-7 dir=(0.6, 0.48, 0.64) d=1e3 a=0|INVERTED|exact=-3.142e-13|f64=-3.142e-13|VA/esc=5.0|tier3=Err([NegativeVolume { solid: SolidKey(1v1) }])|classify=Ok(["Void"])
D2|disc n=4 r=1e-3 h=1e-7 dir=(0.6, 0.48, 0.64) d=1e3 a=0.7|upright|exact=+3.142e-13|f64=+3.142e-13|VA/esc=5.0|tier3=Ok(())|classify=Ok(["Outer"])
D2|disc n=4 r=1e-3 h=1e-7 dir=(0.6, 0.48, 0.64) d=1e3 a=0.7|INVERTED|exact=-3.142e-13|f64=-3.142e-13|VA/esc=5.0|tier3=Err([NegativeVolume { solid: SolidKey(1v1) }])|classify=Ok(["Void"])
D2|disc n=4 r=1e-3 h=1e-7 dir=(0.6, 0.48, 0.64) d=5e3 a=0|upright|exact=+3.142e-13|f64=+3.142e-13|VA/esc=5.0|tier3=Ok(())|classify=Ok(["Outer"])
D2|disc n=4 r=1e-3 h=1e-7 dir=(0.6, 0.48, 0.64) d=5e3 a=0|INVERTED|exact=-3.142e-13|f64=-3.142e-13|VA/esc=5.0|tier3=Err([NegativeVolume { solid: SolidKey(1v1) }])|classify=Ok(["Void"])
D2|disc n=4 r=1e-3 h=1e-7 dir=(0.6, 0.48, 0.64) d=5e3 a=0.7|upright|exact=+3.142e-13|f64=+3.142e-13|VA/esc=5.0|tier3=Ok(())|classify=Ok(["Outer"])
D2|disc n=4 r=1e-3 h=1e-7 dir=(0.6, 0.48, 0.64) d=5e3 a=0.7|INVERTED|exact=-3.142e-13|f64=-3.142e-13|VA/esc=5.0|tier3=Err([NegativeVolume { solid: SolidKey(1v1) }])|classify=Ok(["Void"])
D2|disc n=4 r=1e-3 h=1e-7 dir=(0.6, 0.48, 0.64) d=1e4 a=0|upright|exact=+3.142e-13|f64=+3.142e-13|VA/esc=5.0|tier3=Ok(())|classify=Ok(["Outer"])
D2|disc n=4 r=1e-3 h=1e-7 dir=(0.6, 0.48, 0.64) d=1e4 a=0|INVERTED|exact=-3.142e-13|f64=-3.142e-13|VA/esc=5.0|tier3=Err([NegativeVolume { solid: SolidKey(1v1) }])|classify=Ok(["Void"])
D2|disc n=4 r=1e-3 h=1e-7 dir=(0.6, 0.48, 0.64) d=1e4 a=0.7|upright|exact=+3.142e-13|f64=+3.142e-13|VA/esc=5.0|tier3=Ok(())|classify=Ok(["Outer"])
D2|disc n=4 r=1e-3 h=1e-7 dir=(0.6, 0.48, 0.64) d=1e4 a=0.7|INVERTED|exact=-3.142e-13|f64=-3.142e-13|VA/esc=5.0|tier3=Err([NegativeVolume { solid: SolidKey(1v1) }])|classify=Ok(["Void"])
D2|disc n=4 r=1e-3 h=1e-7 dir=(0.6, 0.48, 0.64) d=2e4 a=0|upright|exact=+3.142e-13|f64=+3.142e-13|VA/esc=5.0|tier3=Ok(())|classify=Ok(["Outer"])
D2|disc n=4 r=1e-3 h=1e-7 dir=(0.6, 0.48, 0.64) d=2e4 a=0|INVERTED|exact=-3.142e-13|f64=-3.142e-13|VA/esc=5.0|tier3=Err([NegativeVolume { solid: SolidKey(1v1) }])|classify=Ok(["Void"])
D2|disc n=4 r=1e-3 h=1e-7 dir=(0.6, 0.48, 0.64) d=2e4 a=0.7|upright|exact=+3.142e-13|f64=+3.142e-13|VA/esc=5.0|tier3=Ok(())|classify=Ok(["Outer"])
D2|disc n=4 r=1e-3 h=1e-7 dir=(0.6, 0.48, 0.64) d=2e4 a=0.7|INVERTED|exact=-3.142e-13|f64=-3.142e-13|VA/esc=5.0|tier3=Err([NegativeVolume { solid: SolidKey(1v1) }])|classify=Ok(["Void"])
D2|disc n=4 r=1e-3 h=1e-7 dir=(-0.6, -0.48, -0.64) d=1e3 a=0|upright|exact=+3.142e-13|f64=+3.142e-13|VA/esc=5.0|tier3=Ok(())|classify=Ok(["Outer"])
D2|disc n=4 r=1e-3 h=1e-7 dir=(-0.6, -0.48, -0.64) d=1e3 a=0|INVERTED|exact=-3.142e-13|f64=-3.142e-13|VA/esc=5.0|tier3=Err([NegativeVolume { solid: SolidKey(1v1) }])|classify=Ok(["Void"])
D2|disc n=4 r=1e-3 h=1e-7 dir=(-0.6, -0.48, -0.64) d=1e3 a=0.7|upright|exact=+3.142e-13|f64=+3.142e-13|VA/esc=5.0|tier3=Ok(())|classify=Ok(["Outer"])
D2|disc n=4 r=1e-3 h=1e-7 dir=(-0.6, -0.48, -0.64) d=1e3 a=0.7|INVERTED|exact=-3.142e-13|f64=-3.142e-13|VA/esc=5.0|tier3=Err([NegativeVolume { solid: SolidKey(1v1) }])|classify=Ok(["Void"])
D2|disc n=4 r=1e-3 h=1e-7 dir=(-0.6, -0.48, -0.64) d=5e3 a=0|upright|exact=+3.142e-13|f64=+3.142e-13|VA/esc=5.0|tier3=Ok(())|classify=Ok(["Outer"])
D2|disc n=4 r=1e-3 h=1e-7 dir=(-0.6, -0.48, -0.64) d=5e3 a=0|INVERTED|exact=-3.142e-13|f64=-3.142e-13|VA/esc=5.0|tier3=Err([NegativeVolume { solid: SolidKey(1v1) }])|classify=Ok(["Void"])
D2|disc n=4 r=1e-3 h=1e-7 dir=(-0.6, -0.48, -0.64) d=5e3 a=0.7|upright|exact=+3.142e-13|f64=+3.142e-13|VA/esc=5.0|tier3=Ok(())|classify=Ok(["Outer"])
D2|disc n=4 r=1e-3 h=1e-7 dir=(-0.6, -0.48, -0.64) d=5e3 a=0.7|INVERTED|exact=-3.142e-13|f64=-3.142e-13|VA/esc=5.0|tier3=Err([NegativeVolume { solid: SolidKey(1v1) }])|classify=Ok(["Void"])
D2|disc n=4 r=1e-3 h=1e-7 dir=(-0.6, -0.48, -0.64) d=1e4 a=0|upright|exact=+3.142e-13|f64=+3.142e-13|VA/esc=5.0|tier3=Ok(())|classify=Ok(["Outer"])
D2|disc n=4 r=1e-3 h=1e-7 dir=(-0.6, -0.48, -0.64) d=1e4 a=0|INVERTED|exact=-3.142e-13|f64=-3.142e-13|VA/esc=5.0|tier3=Err([NegativeVolume { solid: SolidKey(1v1) }])|classify=Ok(["Void"])
D2|disc n=4 r=1e-3 h=1e-7 dir=(-0.6, -0.48, -0.64) d=1e4 a=0.7|upright|exact=+3.142e-13|f64=+3.142e-13|VA/esc=5.0|tier3=Ok(())|classify=Ok(["Outer"])
D2|disc n=4 r=1e-3 h=1e-7 dir=(-0.6, -0.48, -0.64) d=1e4 a=0.7|INVERTED|exact=-3.142e-13|f64=-3.142e-13|VA/esc=5.0|tier3=Err([NegativeVolume { solid: SolidKey(1v1) }])|classify=Ok(["Void"])
D2|disc n=4 r=1e-3 h=1e-7 dir=(-0.6, -0.48, -0.64) d=2e4 a=0|upright|exact=+3.142e-13|f64=+3.142e-13|VA/esc=5.0|tier3=Ok(())|classify=Ok(["Outer"])
D2|disc n=4 r=1e-3 h=1e-7 dir=(-0.6, -0.48, -0.64) d=2e4 a=0|INVERTED|exact=-3.142e-13|f64=-3.142e-13|VA/esc=5.0|tier3=Err([NegativeVolume { solid: SolidKey(1v1) }])|classify=Ok(["Void"])
D2|disc n=4 r=1e-3 h=1e-7 dir=(-0.6, -0.48, -0.64) d=2e4 a=0.7|upright|exact=+3.142e-13|f64=+3.142e-13|VA/esc=5.0|tier3=Ok(())|classify=Ok(["Outer"])
D2|disc n=4 r=1e-3 h=1e-7 dir=(-0.6, -0.48, -0.64) d=2e4 a=0.7|INVERTED|exact=-3.142e-13|f64=-3.142e-13|VA/esc=5.0|tier3=Err([NegativeVolume { solid: SolidKey(1v1) }])|classify=Ok(["Void"])
D2|disc n=4 r=1e-3 h=1e-7 dir=(0.0, 0.0, 1.0) d=1e3 a=0|upright|exact=+3.142e-13|f64=+3.142e-13|VA/esc=5.0|tier3=Ok(())|classify=Ok(["Outer"])
D2|disc n=4 r=1e-3 h=1e-7 dir=(0.0, 0.0, 1.0) d=1e3 a=0|INVERTED|exact=-3.142e-13|f64=-3.142e-13|VA/esc=5.0|tier3=Err([NegativeVolume { solid: SolidKey(1v1) }])|classify=Ok(["Void"])
D2|disc n=4 r=1e-3 h=1e-7 dir=(0.0, 0.0, 1.0) d=1e3 a=0.7|upright|exact=+3.142e-13|f64=+3.142e-13|VA/esc=5.0|tier3=Ok(())|classify=Ok(["Outer"])
D2|disc n=4 r=1e-3 h=1e-7 dir=(0.0, 0.0, 1.0) d=1e3 a=0.7|INVERTED|exact=-3.142e-13|f64=-3.142e-13|VA/esc=5.0|tier3=Err([NegativeVolume { solid: SolidKey(1v1) }])|classify=Ok(["Void"])
D2|disc n=4 r=1e-3 h=1e-7 dir=(0.0, 0.0, 1.0) d=5e3 a=0|upright|exact=+3.142e-13|f64=+3.142e-13|VA/esc=5.0|tier3=Ok(())|classify=Ok(["Outer"])
D2|disc n=4 r=1e-3 h=1e-7 dir=(0.0, 0.0, 1.0) d=5e3 a=0|INVERTED|exact=-3.142e-13|f64=-3.142e-13|VA/esc=5.0|tier3=Err([NegativeVolume { solid: SolidKey(1v1) }])|classify=Ok(["Void"])
D2|disc n=4 r=1e-3 h=1e-7 dir=(0.0, 0.0, 1.0) d=5e3 a=0.7|upright|exact=+3.142e-13|f64=+3.142e-13|VA/esc=5.0|tier3=Ok(())|classify=Ok(["Outer"])
D2|disc n=4 r=1e-3 h=1e-7 dir=(0.0, 0.0, 1.0) d=5e3 a=0.7|INVERTED|exact=-3.142e-13|f64=-3.142e-13|VA/esc=5.0|tier3=Err([NegativeVolume { solid: SolidKey(1v1) }])|classify=Ok(["Void"])
D2|disc n=4 r=1e-3 h=1e-7 dir=(0.0, 0.0, 1.0) d=1e4 a=0|upright|exact=+3.142e-13|f64=+3.142e-13|VA/esc=5.0|tier3=Ok(())|classify=Ok(["Outer"])
D2|disc n=4 r=1e-3 h=1e-7 dir=(0.0, 0.0, 1.0) d=1e4 a=0|INVERTED|exact=-3.142e-13|f64=-3.142e-13|VA/esc=5.0|tier3=Err([NegativeVolume { solid: SolidKey(1v1) }])|classify=Ok(["Void"])
D2|disc n=4 r=1e-3 h=1e-7 dir=(0.0, 0.0, 1.0) d=1e4 a=0.7|upright|exact=+3.142e-13|f64=+3.142e-13|VA/esc=5.0|tier3=Ok(())|classify=Ok(["Outer"])
D2|disc n=4 r=1e-3 h=1e-7 dir=(0.0, 0.0, 1.0) d=1e4 a=0.7|INVERTED|exact=-3.142e-13|f64=-3.142e-13|VA/esc=5.0|tier3=Err([NegativeVolume { solid: SolidKey(1v1) }])|classify=Ok(["Void"])
D2|disc n=4 r=1e-3 h=1e-7 dir=(0.0, 0.0, 1.0) d=2e4 a=0|upright|exact=+3.142e-13|f64=+3.142e-13|VA/esc=5.0|tier3=Ok(())|classify=Ok(["Outer"])
D2|disc n=4 r=1e-3 h=1e-7 dir=(0.0, 0.0, 1.0) d=2e4 a=0|INVERTED|exact=-3.142e-13|f64=-3.142e-13|VA/esc=5.0|tier3=Err([NegativeVolume { solid: SolidKey(1v1) }])|classify=Ok(["Void"])
D2|disc n=4 r=1e-3 h=1e-7 dir=(0.0, 0.0, 1.0) d=2e4 a=0.7|upright|exact=+3.142e-13|f64=+3.142e-13|VA/esc=5.0|tier3=Ok(())|classify=Ok(["Outer"])
D2|disc n=4 r=1e-3 h=1e-7 dir=(0.0, 0.0, 1.0) d=2e4 a=0.7|INVERTED|exact=-3.142e-13|f64=-3.142e-13|VA/esc=5.0|tier3=Err([NegativeVolume { solid: SolidKey(1v1) }])|classify=Ok(["Void"])
D2|disc n=4 r=1e-3 h=1e-6 dir=(0.6, 0.48, 0.64) d=1e3 a=0|upright|exact=+3.142e-12|f64=+3.142e-12|VA/esc=50.0|tier3=Ok(())|classify=Ok(["Outer"])
D2|disc n=4 r=1e-3 h=1e-6 dir=(0.6, 0.48, 0.64) d=1e3 a=0|INVERTED|exact=-3.142e-12|f64=-3.142e-12|VA/esc=50.0|tier3=Err([NegativeVolume { solid: SolidKey(1v1) }])|classify=Ok(["Void"])
D2|disc n=4 r=1e-3 h=1e-6 dir=(0.6, 0.48, 0.64) d=1e3 a=0.7|upright|exact=+3.142e-12|f64=+3.142e-12|VA/esc=50.0|tier3=Ok(())|classify=Ok(["Outer"])
D2|disc n=4 r=1e-3 h=1e-6 dir=(0.6, 0.48, 0.64) d=1e3 a=0.7|INVERTED|exact=-3.142e-12|f64=-3.142e-12|VA/esc=50.0|tier3=Err([NegativeVolume { solid: SolidKey(1v1) }])|classify=Ok(["Void"])
D2|disc n=4 r=1e-3 h=1e-6 dir=(0.6, 0.48, 0.64) d=5e3 a=0|upright|exact=+3.142e-12|f64=+3.142e-12|VA/esc=50.0|tier3=Ok(())|classify=Ok(["Outer"])
D2|disc n=4 r=1e-3 h=1e-6 dir=(0.6, 0.48, 0.64) d=5e3 a=0|INVERTED|exact=-3.142e-12|f64=-3.142e-12|VA/esc=50.0|tier3=Err([NegativeVolume { solid: SolidKey(1v1) }])|classify=Ok(["Void"])
D2|disc n=4 r=1e-3 h=1e-6 dir=(0.6, 0.48, 0.64) d=5e3 a=0.7|upright|exact=+3.142e-12|f64=+3.142e-12|VA/esc=50.0|tier3=Ok(())|classify=Ok(["Outer"])
D2|disc n=4 r=1e-3 h=1e-6 dir=(0.6, 0.48, 0.64) d=5e3 a=0.7|INVERTED|exact=-3.142e-12|f64=-3.142e-12|VA/esc=50.0|tier3=Err([NegativeVolume { solid: SolidKey(1v1) }])|classify=Ok(["Void"])
D2|disc n=4 r=1e-3 h=1e-6 dir=(0.6, 0.48, 0.64) d=1e4 a=0|upright|exact=+3.142e-12|f64=+3.142e-12|VA/esc=50.0|tier3=Ok(())|classify=Ok(["Outer"])
D2|disc n=4 r=1e-3 h=1e-6 dir=(0.6, 0.48, 0.64) d=1e4 a=0|INVERTED|exact=-3.142e-12|f64=-3.142e-12|VA/esc=50.0|tier3=Err([NegativeVolume { solid: SolidKey(1v1) }])|classify=Ok(["Void"])
D2|disc n=4 r=1e-3 h=1e-6 dir=(0.6, 0.48, 0.64) d=1e4 a=0.7|upright|exact=+3.142e-12|f64=+3.142e-12|VA/esc=50.0|tier3=Ok(())|classify=Ok(["Outer"])
D2|disc n=4 r=1e-3 h=1e-6 dir=(0.6, 0.48, 0.64) d=1e4 a=0.7|INVERTED|exact=-3.142e-12|f64=-3.142e-12|VA/esc=50.0|tier3=Err([NegativeVolume { solid: SolidKey(1v1) }])|classify=Ok(["Void"])
D2|disc n=4 r=1e-3 h=1e-6 dir=(0.6, 0.48, 0.64) d=2e4 a=0|upright|exact=+3.142e-12|f64=+3.142e-12|VA/esc=50.0|tier3=Ok(())|classify=Ok(["Outer"])
D2|disc n=4 r=1e-3 h=1e-6 dir=(0.6, 0.48, 0.64) d=2e4 a=0|INVERTED|exact=-3.142e-12|f64=-3.142e-12|VA/esc=50.0|tier3=Err([NegativeVolume { solid: SolidKey(1v1) }])|classify=Ok(["Void"])
D2|disc n=4 r=1e-3 h=1e-6 dir=(0.6, 0.48, 0.64) d=2e4 a=0.7|upright|exact=+3.142e-12|f64=+3.142e-12|VA/esc=50.0|tier3=Ok(())|classify=Ok(["Outer"])
D2|disc n=4 r=1e-3 h=1e-6 dir=(0.6, 0.48, 0.64) d=2e4 a=0.7|INVERTED|exact=-3.142e-12|f64=-3.142e-12|VA/esc=50.0|tier3=Err([NegativeVolume { solid: SolidKey(1v1) }])|classify=Ok(["Void"])
D2|disc n=4 r=1e-3 h=1e-6 dir=(-0.6, -0.48, -0.64) d=1e3 a=0|upright|exact=+3.142e-12|f64=+3.142e-12|VA/esc=50.0|tier3=Ok(())|classify=Ok(["Outer"])
D2|disc n=4 r=1e-3 h=1e-6 dir=(-0.6, -0.48, -0.64) d=1e3 a=0|INVERTED|exact=-3.142e-12|f64=-3.142e-12|VA/esc=50.0|tier3=Err([NegativeVolume { solid: SolidKey(1v1) }])|classify=Ok(["Void"])
D2|disc n=4 r=1e-3 h=1e-6 dir=(-0.6, -0.48, -0.64) d=1e3 a=0.7|upright|exact=+3.142e-12|f64=+3.142e-12|VA/esc=50.0|tier3=Ok(())|classify=Ok(["Outer"])
D2|disc n=4 r=1e-3 h=1e-6 dir=(-0.6, -0.48, -0.64) d=1e3 a=0.7|INVERTED|exact=-3.142e-12|f64=-3.142e-12|VA/esc=50.0|tier3=Err([NegativeVolume { solid: SolidKey(1v1) }])|classify=Ok(["Void"])
D2|disc n=4 r=1e-3 h=1e-6 dir=(-0.6, -0.48, -0.64) d=5e3 a=0|upright|exact=+3.142e-12|f64=+3.142e-12|VA/esc=50.0|tier3=Ok(())|classify=Ok(["Outer"])
D2|disc n=4 r=1e-3 h=1e-6 dir=(-0.6, -0.48, -0.64) d=5e3 a=0|INVERTED|exact=-3.142e-12|f64=-3.142e-12|VA/esc=50.0|tier3=Err([NegativeVolume { solid: SolidKey(1v1) }])|classify=Ok(["Void"])
D2|disc n=4 r=1e-3 h=1e-6 dir=(-0.6, -0.48, -0.64) d=5e3 a=0.7|upright|exact=+3.142e-12|f64=+3.142e-12|VA/esc=50.0|tier3=Ok(())|classify=Ok(["Outer"])
D2|disc n=4 r=1e-3 h=1e-6 dir=(-0.6, -0.48, -0.64) d=5e3 a=0.7|INVERTED|exact=-3.142e-12|f64=-3.142e-12|VA/esc=50.0|tier3=Err([NegativeVolume { solid: SolidKey(1v1) }])|classify=Ok(["Void"])
D2|disc n=4 r=1e-3 h=1e-6 dir=(-0.6, -0.48, -0.64) d=1e4 a=0|upright|exact=+3.142e-12|f64=+3.142e-12|VA/esc=50.0|tier3=Ok(())|classify=Ok(["Outer"])
D2|disc n=4 r=1e-3 h=1e-6 dir=(-0.6, -0.48, -0.64) d=1e4 a=0|INVERTED|exact=-3.142e-12|f64=-3.142e-12|VA/esc=50.0|tier3=Err([NegativeVolume { solid: SolidKey(1v1) }])|classify=Ok(["Void"])
D2|disc n=4 r=1e-3 h=1e-6 dir=(-0.6, -0.48, -0.64) d=1e4 a=0.7|upright|exact=+3.142e-12|f64=+3.142e-12|VA/esc=50.0|tier3=Ok(())|classify=Ok(["Outer"])
D2|disc n=4 r=1e-3 h=1e-6 dir=(-0.6, -0.48, -0.64) d=1e4 a=0.7|INVERTED|exact=-3.142e-12|f64=-3.142e-12|VA/esc=50.0|tier3=Err([NegativeVolume { solid: SolidKey(1v1) }])|classify=Ok(["Void"])
D2|disc n=4 r=1e-3 h=1e-6 dir=(-0.6, -0.48, -0.64) d=2e4 a=0|upright|exact=+3.142e-12|f64=+3.142e-12|VA/esc=50.0|tier3=Ok(())|classify=Ok(["Outer"])
D2|disc n=4 r=1e-3 h=1e-6 dir=(-0.6, -0.48, -0.64) d=2e4 a=0|INVERTED|exact=-3.142e-12|f64=-3.142e-12|VA/esc=50.0|tier3=Err([NegativeVolume { solid: SolidKey(1v1) }])|classify=Ok(["Void"])
D2|disc n=4 r=1e-3 h=1e-6 dir=(-0.6, -0.48, -0.64) d=2e4 a=0.7|upright|exact=+3.142e-12|f64=+3.142e-12|VA/esc=50.0|tier3=Ok(())|classify=Ok(["Outer"])
D2|disc n=4 r=1e-3 h=1e-6 dir=(-0.6, -0.48, -0.64) d=2e4 a=0.7|INVERTED|exact=-3.142e-12|f64=-3.142e-12|VA/esc=50.0|tier3=Err([NegativeVolume { solid: SolidKey(1v1) }])|classify=Ok(["Void"])
D2|disc n=4 r=1e-3 h=1e-6 dir=(0.0, 0.0, 1.0) d=1e3 a=0|upright|exact=+3.142e-12|f64=+3.142e-12|VA/esc=50.0|tier3=Ok(())|classify=Ok(["Outer"])
D2|disc n=4 r=1e-3 h=1e-6 dir=(0.0, 0.0, 1.0) d=1e3 a=0|INVERTED|exact=-3.142e-12|f64=-3.142e-12|VA/esc=50.0|tier3=Err([NegativeVolume { solid: SolidKey(1v1) }])|classify=Ok(["Void"])
D2|disc n=4 r=1e-3 h=1e-6 dir=(0.0, 0.0, 1.0) d=1e3 a=0.7|upright|exact=+3.142e-12|f64=+3.142e-12|VA/esc=50.0|tier3=Ok(())|classify=Ok(["Outer"])
D2|disc n=4 r=1e-3 h=1e-6 dir=(0.0, 0.0, 1.0) d=1e3 a=0.7|INVERTED|exact=-3.142e-12|f64=-3.142e-12|VA/esc=50.0|tier3=Err([NegativeVolume { solid: SolidKey(1v1) }])|classify=Ok(["Void"])
D2|disc n=4 r=1e-3 h=1e-6 dir=(0.0, 0.0, 1.0) d=5e3 a=0|upright|exact=+3.142e-12|f64=+3.142e-12|VA/esc=50.0|tier3=Ok(())|classify=Ok(["Outer"])
D2|disc n=4 r=1e-3 h=1e-6 dir=(0.0, 0.0, 1.0) d=5e3 a=0|INVERTED|exact=-3.142e-12|f64=-3.142e-12|VA/esc=50.0|tier3=Err([NegativeVolume { solid: SolidKey(1v1) }])|classify=Ok(["Void"])
D2|disc n=4 r=1e-3 h=1e-6 dir=(0.0, 0.0, 1.0) d=5e3 a=0.7|upright|exact=+3.142e-12|f64=+3.142e-12|VA/esc=50.0|tier3=Ok(())|classify=Ok(["Outer"])
D2|disc n=4 r=1e-3 h=1e-6 dir=(0.0, 0.0, 1.0) d=5e3 a=0.7|INVERTED|exact=-3.142e-12|f64=-3.142e-12|VA/esc=50.0|tier3=Err([NegativeVolume { solid: SolidKey(1v1) }])|classify=Ok(["Void"])
D2|disc n=4 r=1e-3 h=1e-6 dir=(0.0, 0.0, 1.0) d=1e4 a=0|upright|exact=+3.142e-12|f64=+3.142e-12|VA/esc=50.0|tier3=Ok(())|classify=Ok(["Outer"])
D2|disc n=4 r=1e-3 h=1e-6 dir=(0.0, 0.0, 1.0) d=1e4 a=0|INVERTED|exact=-3.142e-12|f64=-3.142e-12|VA/esc=50.0|tier3=Err([NegativeVolume { solid: SolidKey(1v1) }])|classify=Ok(["Void"])
D2|disc n=4 r=1e-3 h=1e-6 dir=(0.0, 0.0, 1.0) d=1e4 a=0.7|upright|exact=+3.142e-12|f64=+3.142e-12|VA/esc=50.0|tier3=Ok(())|classify=Ok(["Outer"])
D2|disc n=4 r=1e-3 h=1e-6 dir=(0.0, 0.0, 1.0) d=1e4 a=0.7|INVERTED|exact=-3.142e-12|f64=-3.142e-12|VA/esc=50.0|tier3=Err([NegativeVolume { solid: SolidKey(1v1) }])|classify=Ok(["Void"])
D2|disc n=4 r=1e-3 h=1e-6 dir=(0.0, 0.0, 1.0) d=2e4 a=0|upright|exact=+3.142e-12|f64=+3.142e-12|VA/esc=50.0|tier3=Ok(())|classify=Ok(["Outer"])
D2|disc n=4 r=1e-3 h=1e-6 dir=(0.0, 0.0, 1.0) d=2e4 a=0|INVERTED|exact=-3.142e-12|f64=-3.142e-12|VA/esc=50.0|tier3=Err([NegativeVolume { solid: SolidKey(1v1) }])|classify=Ok(["Void"])
D2|disc n=4 r=1e-3 h=1e-6 dir=(0.0, 0.0, 1.0) d=2e4 a=0.7|upright|exact=+3.142e-12|f64=+3.142e-12|VA/esc=50.0|tier3=Ok(())|classify=Ok(["Outer"])
D2|disc n=4 r=1e-3 h=1e-6 dir=(0.0, 0.0, 1.0) d=2e4 a=0.7|INVERTED|exact=-3.142e-12|f64=-3.142e-12|VA/esc=50.0|tier3=Err([NegativeVolume { solid: SolidKey(1v1) }])|classify=Ok(["Void"])
D2|disc n=4 r=1e-3 h=1e-5 dir=(0.6, 0.48, 0.64) d=1e3 a=0|upright|exact=+3.142e-11|f64=+3.142e-11|VA/esc=500.0|tier3=Ok(())|classify=Ok(["Outer"])
D2|disc n=4 r=1e-3 h=1e-5 dir=(0.6, 0.48, 0.64) d=1e3 a=0|INVERTED|exact=-3.142e-11|f64=-3.142e-11|VA/esc=500.0|tier3=Err([NegativeVolume { solid: SolidKey(1v1) }])|classify=Ok(["Void"])
D2|disc n=4 r=1e-3 h=1e-5 dir=(0.6, 0.48, 0.64) d=1e3 a=0.7|upright|exact=+3.142e-11|f64=+3.142e-11|VA/esc=500.0|tier3=Ok(())|classify=Ok(["Outer"])
D2|disc n=4 r=1e-3 h=1e-5 dir=(0.6, 0.48, 0.64) d=1e3 a=0.7|INVERTED|exact=-3.142e-11|f64=-3.142e-11|VA/esc=500.0|tier3=Err([NegativeVolume { solid: SolidKey(1v1) }])|classify=Ok(["Void"])
D2|disc n=4 r=1e-3 h=1e-5 dir=(0.6, 0.48, 0.64) d=5e3 a=0|upright|exact=+3.142e-11|f64=+3.142e-11|VA/esc=500.0|tier3=Ok(())|classify=Ok(["Outer"])
D2|disc n=4 r=1e-3 h=1e-5 dir=(0.6, 0.48, 0.64) d=5e3 a=0|INVERTED|exact=-3.142e-11|f64=-3.142e-11|VA/esc=500.0|tier3=Err([NegativeVolume { solid: SolidKey(1v1) }])|classify=Ok(["Void"])
D2|disc n=4 r=1e-3 h=1e-5 dir=(0.6, 0.48, 0.64) d=5e3 a=0.7|upright|exact=+3.142e-11|f64=+3.142e-11|VA/esc=500.0|tier3=Ok(())|classify=Ok(["Outer"])
D2|disc n=4 r=1e-3 h=1e-5 dir=(0.6, 0.48, 0.64) d=5e3 a=0.7|INVERTED|exact=-3.142e-11|f64=-3.142e-11|VA/esc=500.0|tier3=Err([NegativeVolume { solid: SolidKey(1v1) }])|classify=Ok(["Void"])
D2|disc n=4 r=1e-3 h=1e-5 dir=(0.6, 0.48, 0.64) d=1e4 a=0|upright|exact=+3.142e-11|f64=+3.142e-11|VA/esc=500.0|tier3=Ok(())|classify=Ok(["Outer"])
D2|disc n=4 r=1e-3 h=1e-5 dir=(0.6, 0.48, 0.64) d=1e4 a=0|INVERTED|exact=-3.142e-11|f64=-3.142e-11|VA/esc=500.0|tier3=Err([NegativeVolume { solid: SolidKey(1v1) }])|classify=Ok(["Void"])
D2|disc n=4 r=1e-3 h=1e-5 dir=(0.6, 0.48, 0.64) d=1e4 a=0.7|upright|exact=+3.142e-11|f64=+3.142e-11|VA/esc=500.0|tier3=Ok(())|classify=Ok(["Outer"])
D2|disc n=4 r=1e-3 h=1e-5 dir=(0.6, 0.48, 0.64) d=1e4 a=0.7|INVERTED|exact=-3.142e-11|f64=-3.142e-11|VA/esc=500.0|tier3=Err([NegativeVolume { solid: SolidKey(1v1) }])|classify=Ok(["Void"])
D2|disc n=4 r=1e-3 h=1e-5 dir=(0.6, 0.48, 0.64) d=2e4 a=0|upright|exact=+3.142e-11|f64=+3.142e-11|VA/esc=500.0|tier3=Ok(())|classify=Ok(["Outer"])
D2|disc n=4 r=1e-3 h=1e-5 dir=(0.6, 0.48, 0.64) d=2e4 a=0|INVERTED|exact=-3.142e-11|f64=-3.142e-11|VA/esc=500.0|tier3=Err([NegativeVolume { solid: SolidKey(1v1) }])|classify=Ok(["Void"])
D2|disc n=4 r=1e-3 h=1e-5 dir=(0.6, 0.48, 0.64) d=2e4 a=0.7|upright|exact=+3.142e-11|f64=+3.142e-11|VA/esc=500.0|tier3=Ok(())|classify=Ok(["Outer"])
D2|disc n=4 r=1e-3 h=1e-5 dir=(0.6, 0.48, 0.64) d=2e4 a=0.7|INVERTED|exact=-3.142e-11|f64=-3.142e-11|VA/esc=500.0|tier3=Err([NegativeVolume { solid: SolidKey(1v1) }])|classify=Ok(["Void"])
D2|disc n=4 r=1e-3 h=1e-5 dir=(-0.6, -0.48, -0.64) d=1e3 a=0|upright|exact=+3.142e-11|f64=+3.142e-11|VA/esc=500.0|tier3=Ok(())|classify=Ok(["Outer"])
D2|disc n=4 r=1e-3 h=1e-5 dir=(-0.6, -0.48, -0.64) d=1e3 a=0|INVERTED|exact=-3.142e-11|f64=-3.142e-11|VA/esc=500.0|tier3=Err([NegativeVolume { solid: SolidKey(1v1) }])|classify=Ok(["Void"])
D2|disc n=4 r=1e-3 h=1e-5 dir=(-0.6, -0.48, -0.64) d=1e3 a=0.7|upright|exact=+3.142e-11|f64=+3.142e-11|VA/esc=500.0|tier3=Ok(())|classify=Ok(["Outer"])
D2|disc n=4 r=1e-3 h=1e-5 dir=(-0.6, -0.48, -0.64) d=1e3 a=0.7|INVERTED|exact=-3.142e-11|f64=-3.142e-11|VA/esc=500.0|tier3=Err([NegativeVolume { solid: SolidKey(1v1) }])|classify=Ok(["Void"])
D2|disc n=4 r=1e-3 h=1e-5 dir=(-0.6, -0.48, -0.64) d=5e3 a=0|upright|exact=+3.142e-11|f64=+3.142e-11|VA/esc=500.0|tier3=Ok(())|classify=Ok(["Outer"])
D2|disc n=4 r=1e-3 h=1e-5 dir=(-0.6, -0.48, -0.64) d=5e3 a=0|INVERTED|exact=-3.142e-11|f64=-3.142e-11|VA/esc=500.0|tier3=Err([NegativeVolume { solid: SolidKey(1v1) }])|classify=Ok(["Void"])
D2|disc n=4 r=1e-3 h=1e-5 dir=(-0.6, -0.48, -0.64) d=5e3 a=0.7|upright|exact=+3.142e-11|f64=+3.142e-11|VA/esc=500.0|tier3=Ok(())|classify=Ok(["Outer"])
D2|disc n=4 r=1e-3 h=1e-5 dir=(-0.6, -0.48, -0.64) d=5e3 a=0.7|INVERTED|exact=-3.142e-11|f64=-3.142e-11|VA/esc=500.0|tier3=Err([NegativeVolume { solid: SolidKey(1v1) }])|classify=Ok(["Void"])
D2|disc n=4 r=1e-3 h=1e-5 dir=(-0.6, -0.48, -0.64) d=1e4 a=0|upright|exact=+3.142e-11|f64=+3.142e-11|VA/esc=500.0|tier3=Ok(())|classify=Ok(["Outer"])
D2|disc n=4 r=1e-3 h=1e-5 dir=(-0.6, -0.48, -0.64) d=1e4 a=0|INVERTED|exact=-3.142e-11|f64=-3.142e-11|VA/esc=500.0|tier3=Err([NegativeVolume { solid: SolidKey(1v1) }])|classify=Ok(["Void"])
D2|disc n=4 r=1e-3 h=1e-5 dir=(-0.6, -0.48, -0.64) d=1e4 a=0.7|upright|exact=+3.142e-11|f64=+3.142e-11|VA/esc=500.0|tier3=Ok(())|classify=Ok(["Outer"])
D2|disc n=4 r=1e-3 h=1e-5 dir=(-0.6, -0.48, -0.64) d=1e4 a=0.7|INVERTED|exact=-3.142e-11|f64=-3.142e-11|VA/esc=500.0|tier3=Err([NegativeVolume { solid: SolidKey(1v1) }])|classify=Ok(["Void"])
D2|disc n=4 r=1e-3 h=1e-5 dir=(-0.6, -0.48, -0.64) d=2e4 a=0|upright|exact=+3.142e-11|f64=+3.142e-11|VA/esc=500.0|tier3=Ok(())|classify=Ok(["Outer"])
D2|disc n=4 r=1e-3 h=1e-5 dir=(-0.6, -0.48, -0.64) d=2e4 a=0|INVERTED|exact=-3.142e-11|f64=-3.142e-11|VA/esc=500.0|tier3=Err([NegativeVolume { solid: SolidKey(1v1) }])|classify=Ok(["Void"])
D2|disc n=4 r=1e-3 h=1e-5 dir=(-0.6, -0.48, -0.64) d=2e4 a=0.7|upright|exact=+3.142e-11|f64=+3.142e-11|VA/esc=500.0|tier3=Ok(())|classify=Ok(["Outer"])
D2|disc n=4 r=1e-3 h=1e-5 dir=(-0.6, -0.48, -0.64) d=2e4 a=0.7|INVERTED|exact=-3.142e-11|f64=-3.142e-11|VA/esc=500.0|tier3=Err([NegativeVolume { solid: SolidKey(1v1) }])|classify=Ok(["Void"])
D2|disc n=4 r=1e-3 h=1e-5 dir=(0.0, 0.0, 1.0) d=1e3 a=0|upright|exact=+3.142e-11|f64=+3.142e-11|VA/esc=500.0|tier3=Ok(())|classify=Ok(["Outer"])
D2|disc n=4 r=1e-3 h=1e-5 dir=(0.0, 0.0, 1.0) d=1e3 a=0|INVERTED|exact=-3.142e-11|f64=-3.142e-11|VA/esc=500.0|tier3=Err([NegativeVolume { solid: SolidKey(1v1) }])|classify=Ok(["Void"])
D2|disc n=4 r=1e-3 h=1e-5 dir=(0.0, 0.0, 1.0) d=1e3 a=0.7|upright|exact=+3.142e-11|f64=+3.142e-11|VA/esc=500.0|tier3=Ok(())|classify=Ok(["Outer"])
D2|disc n=4 r=1e-3 h=1e-5 dir=(0.0, 0.0, 1.0) d=1e3 a=0.7|INVERTED|exact=-3.142e-11|f64=-3.142e-11|VA/esc=500.0|tier3=Err([NegativeVolume { solid: SolidKey(1v1) }])|classify=Ok(["Void"])
D2|disc n=4 r=1e-3 h=1e-5 dir=(0.0, 0.0, 1.0) d=5e3 a=0|upright|exact=+3.142e-11|f64=+3.142e-11|VA/esc=500.0|tier3=Ok(())|classify=Ok(["Outer"])
D2|disc n=4 r=1e-3 h=1e-5 dir=(0.0, 0.0, 1.0) d=5e3 a=0|INVERTED|exact=-3.142e-11|f64=-3.142e-11|VA/esc=500.0|tier3=Err([NegativeVolume { solid: SolidKey(1v1) }])|classify=Ok(["Void"])
D2|disc n=4 r=1e-3 h=1e-5 dir=(0.0, 0.0, 1.0) d=5e3 a=0.7|upright|exact=+3.142e-11|f64=+3.142e-11|VA/esc=500.0|tier3=Ok(())|classify=Ok(["Outer"])
D2|disc n=4 r=1e-3 h=1e-5 dir=(0.0, 0.0, 1.0) d=5e3 a=0.7|INVERTED|exact=-3.142e-11|f64=-3.142e-11|VA/esc=500.0|tier3=Err([NegativeVolume { solid: SolidKey(1v1) }])|classify=Ok(["Void"])
D2|disc n=4 r=1e-3 h=1e-5 dir=(0.0, 0.0, 1.0) d=1e4 a=0|upright|exact=+3.142e-11|f64=+3.142e-11|VA/esc=500.0|tier3=Ok(())|classify=Ok(["Outer"])
D2|disc n=4 r=1e-3 h=1e-5 dir=(0.0, 0.0, 1.0) d=1e4 a=0|INVERTED|exact=-3.142e-11|f64=-3.142e-11|VA/esc=500.0|tier3=Err([NegativeVolume { solid: SolidKey(1v1) }])|classify=Ok(["Void"])
D2|disc n=4 r=1e-3 h=1e-5 dir=(0.0, 0.0, 1.0) d=1e4 a=0.7|upright|exact=+3.142e-11|f64=+3.142e-11|VA/esc=500.0|tier3=Ok(())|classify=Ok(["Outer"])
D2|disc n=4 r=1e-3 h=1e-5 dir=(0.0, 0.0, 1.0) d=1e4 a=0.7|INVERTED|exact=-3.142e-11|f64=-3.142e-11|VA/esc=500.0|tier3=Err([NegativeVolume { solid: SolidKey(1v1) }])|classify=Ok(["Void"])
D2|disc n=4 r=1e-3 h=1e-5 dir=(0.0, 0.0, 1.0) d=2e4 a=0|upright|exact=+3.142e-11|f64=+3.142e-11|VA/esc=500.0|tier3=Ok(())|classify=Ok(["Outer"])
D2|disc n=4 r=1e-3 h=1e-5 dir=(0.0, 0.0, 1.0) d=2e4 a=0|INVERTED|exact=-3.142e-11|f64=-3.142e-11|VA/esc=500.0|tier3=Err([NegativeVolume { solid: SolidKey(1v1) }])|classify=Ok(["Void"])
D2|disc n=4 r=1e-3 h=1e-5 dir=(0.0, 0.0, 1.0) d=2e4 a=0.7|upright|exact=+3.142e-11|f64=+3.142e-11|VA/esc=500.0|tier3=Ok(())|classify=Ok(["Outer"])
D2|disc n=4 r=1e-3 h=1e-5 dir=(0.0, 0.0, 1.0) d=2e4 a=0.7|INVERTED|exact=-3.142e-11|f64=-3.142e-11|VA/esc=500.0|tier3=Err([NegativeVolume { solid: SolidKey(1v1) }])|classify=Ok(["Void"])
D2|disc n=4 r=1e-2 h=1e-6 dir=(0.6, 0.48, 0.64) d=1e3 a=0|upright|exact=+3.142e-10|f64=+3.142e-10|VA/esc=50.0|tier3=Ok(())|classify=Ok(["Outer"])
D2|disc n=4 r=1e-2 h=1e-6 dir=(0.6, 0.48, 0.64) d=1e3 a=0|INVERTED|exact=-3.142e-10|f64=-3.142e-10|VA/esc=50.0|tier3=Err([NegativeVolume { solid: SolidKey(1v1) }])|classify=Ok(["Void"])
D2|disc n=4 r=1e-2 h=1e-6 dir=(0.6, 0.48, 0.64) d=1e3 a=0.7|upright|exact=+3.142e-10|f64=+3.142e-10|VA/esc=50.0|tier3=Ok(())|classify=Ok(["Outer"])
D2|disc n=4 r=1e-2 h=1e-6 dir=(0.6, 0.48, 0.64) d=1e3 a=0.7|INVERTED|exact=-3.142e-10|f64=-3.142e-10|VA/esc=50.0|tier3=Err([NegativeVolume { solid: SolidKey(1v1) }])|classify=Ok(["Void"])
D2|disc n=4 r=1e-2 h=1e-6 dir=(0.6, 0.48, 0.64) d=5e3 a=0|upright|exact=+3.142e-10|f64=+3.142e-10|VA/esc=50.0|tier3=Ok(())|classify=Ok(["Outer"])
D2|disc n=4 r=1e-2 h=1e-6 dir=(0.6, 0.48, 0.64) d=5e3 a=0|INVERTED|exact=-3.142e-10|f64=-3.142e-10|VA/esc=50.0|tier3=Err([NegativeVolume { solid: SolidKey(1v1) }])|classify=Ok(["Void"])
D2|disc n=4 r=1e-2 h=1e-6 dir=(0.6, 0.48, 0.64) d=5e3 a=0.7|upright|exact=+3.142e-10|f64=+3.142e-10|VA/esc=50.0|tier3=Ok(())|classify=Ok(["Outer"])
D2|disc n=4 r=1e-2 h=1e-6 dir=(0.6, 0.48, 0.64) d=5e3 a=0.7|INVERTED|exact=-3.142e-10|f64=-3.142e-10|VA/esc=50.0|tier3=Err([NegativeVolume { solid: SolidKey(1v1) }])|classify=Ok(["Void"])
D2|disc n=4 r=1e-2 h=1e-6 dir=(0.6, 0.48, 0.64) d=1e4 a=0|upright|exact=+3.142e-10|f64=+3.142e-10|VA/esc=50.0|tier3=Ok(())|classify=Ok(["Outer"])
D2|disc n=4 r=1e-2 h=1e-6 dir=(0.6, 0.48, 0.64) d=1e4 a=0|INVERTED|exact=-3.142e-10|f64=-3.142e-10|VA/esc=50.0|tier3=Err([NegativeVolume { solid: SolidKey(1v1) }])|classify=Ok(["Void"])
D2|disc n=4 r=1e-2 h=1e-6 dir=(0.6, 0.48, 0.64) d=1e4 a=0.7|upright|exact=+3.142e-10|f64=+3.142e-10|VA/esc=50.0|tier3=Ok(())|classify=Ok(["Outer"])
D2|disc n=4 r=1e-2 h=1e-6 dir=(0.6, 0.48, 0.64) d=1e4 a=0.7|INVERTED|exact=-3.142e-10|f64=-3.142e-10|VA/esc=50.0|tier3=Err([NegativeVolume { solid: SolidKey(1v1) }])|classify=Ok(["Void"])
D2|disc n=4 r=1e-2 h=1e-6 dir=(0.6, 0.48, 0.64) d=2e4 a=0|upright|exact=+3.142e-10|f64=+3.142e-10|VA/esc=50.0|tier3=Ok(())|classify=Ok(["Outer"])
D2|disc n=4 r=1e-2 h=1e-6 dir=(0.6, 0.48, 0.64) d=2e4 a=0|INVERTED|exact=-3.142e-10|f64=-3.142e-10|VA/esc=50.0|tier3=Err([NegativeVolume { solid: SolidKey(1v1) }])|classify=Ok(["Void"])
D2|disc n=4 r=1e-2 h=1e-6 dir=(0.6, 0.48, 0.64) d=2e4 a=0.7|upright|exact=+3.142e-10|f64=+3.142e-10|VA/esc=50.0|tier3=Ok(())|classify=Ok(["Outer"])
D2|disc n=4 r=1e-2 h=1e-6 dir=(0.6, 0.48, 0.64) d=2e4 a=0.7|INVERTED|exact=-3.142e-10|f64=-3.142e-10|VA/esc=50.0|tier3=Err([NegativeVolume { solid: SolidKey(1v1) }])|classify=Ok(["Void"])
D2|disc n=4 r=1e-2 h=1e-6 dir=(-0.6, -0.48, -0.64) d=1e3 a=0|upright|exact=+3.142e-10|f64=+3.142e-10|VA/esc=50.0|tier3=Ok(())|classify=Ok(["Outer"])
D2|disc n=4 r=1e-2 h=1e-6 dir=(-0.6, -0.48, -0.64) d=1e3 a=0|INVERTED|exact=-3.142e-10|f64=-3.142e-10|VA/esc=50.0|tier3=Err([NegativeVolume { solid: SolidKey(1v1) }])|classify=Ok(["Void"])
D2|disc n=4 r=1e-2 h=1e-6 dir=(-0.6, -0.48, -0.64) d=1e3 a=0.7|upright|exact=+3.142e-10|f64=+3.142e-10|VA/esc=50.0|tier3=Ok(())|classify=Ok(["Outer"])
D2|disc n=4 r=1e-2 h=1e-6 dir=(-0.6, -0.48, -0.64) d=1e3 a=0.7|INVERTED|exact=-3.142e-10|f64=-3.142e-10|VA/esc=50.0|tier3=Err([NegativeVolume { solid: SolidKey(1v1) }])|classify=Ok(["Void"])
D2|disc n=4 r=1e-2 h=1e-6 dir=(-0.6, -0.48, -0.64) d=5e3 a=0|upright|exact=+3.142e-10|f64=+3.142e-10|VA/esc=50.0|tier3=Ok(())|classify=Ok(["Outer"])
D2|disc n=4 r=1e-2 h=1e-6 dir=(-0.6, -0.48, -0.64) d=5e3 a=0|INVERTED|exact=-3.142e-10|f64=-3.142e-10|VA/esc=50.0|tier3=Err([NegativeVolume { solid: SolidKey(1v1) }])|classify=Ok(["Void"])
D2|disc n=4 r=1e-2 h=1e-6 dir=(-0.6, -0.48, -0.64) d=5e3 a=0.7|upright|exact=+3.142e-10|f64=+3.142e-10|VA/esc=50.0|tier3=Ok(())|classify=Ok(["Outer"])
D2|disc n=4 r=1e-2 h=1e-6 dir=(-0.6, -0.48, -0.64) d=5e3 a=0.7|INVERTED|exact=-3.142e-10|f64=-3.142e-10|VA/esc=50.0|tier3=Err([NegativeVolume { solid: SolidKey(1v1) }])|classify=Ok(["Void"])
D2|disc n=4 r=1e-2 h=1e-6 dir=(-0.6, -0.48, -0.64) d=1e4 a=0|upright|exact=+3.142e-10|f64=+3.142e-10|VA/esc=50.0|tier3=Ok(())|classify=Ok(["Outer"])
D2|disc n=4 r=1e-2 h=1e-6 dir=(-0.6, -0.48, -0.64) d=1e4 a=0|INVERTED|exact=-3.142e-10|f64=-3.142e-10|VA/esc=50.0|tier3=Err([NegativeVolume { solid: SolidKey(1v1) }])|classify=Ok(["Void"])
D2|disc n=4 r=1e-2 h=1e-6 dir=(-0.6, -0.48, -0.64) d=1e4 a=0.7|upright|exact=+3.142e-10|f64=+3.142e-10|VA/esc=50.0|tier3=Ok(())|classify=Ok(["Outer"])
D2|disc n=4 r=1e-2 h=1e-6 dir=(-0.6, -0.48, -0.64) d=1e4 a=0.7|INVERTED|exact=-3.142e-10|f64=-3.142e-10|VA/esc=50.0|tier3=Err([NegativeVolume { solid: SolidKey(1v1) }])|classify=Ok(["Void"])
D2|disc n=4 r=1e-2 h=1e-6 dir=(-0.6, -0.48, -0.64) d=2e4 a=0|upright|exact=+3.142e-10|f64=+3.142e-10|VA/esc=50.0|tier3=Ok(())|classify=Ok(["Outer"])
D2|disc n=4 r=1e-2 h=1e-6 dir=(-0.6, -0.48, -0.64) d=2e4 a=0|INVERTED|exact=-3.142e-10|f64=-3.142e-10|VA/esc=50.0|tier3=Err([NegativeVolume { solid: SolidKey(1v1) }])|classify=Ok(["Void"])
D2|disc n=4 r=1e-2 h=1e-6 dir=(-0.6, -0.48, -0.64) d=2e4 a=0.7|upright|exact=+3.142e-10|f64=+3.142e-10|VA/esc=50.0|tier3=Ok(())|classify=Ok(["Outer"])
D2|disc n=4 r=1e-2 h=1e-6 dir=(-0.6, -0.48, -0.64) d=2e4 a=0.7|INVERTED|exact=-3.142e-10|f64=-3.142e-10|VA/esc=50.0|tier3=Err([NegativeVolume { solid: SolidKey(1v1) }])|classify=Ok(["Void"])
D2|disc n=4 r=1e-2 h=1e-6 dir=(0.0, 0.0, 1.0) d=1e3 a=0|upright|exact=+3.142e-10|f64=+3.142e-10|VA/esc=50.0|tier3=Ok(())|classify=Ok(["Outer"])
D2|disc n=4 r=1e-2 h=1e-6 dir=(0.0, 0.0, 1.0) d=1e3 a=0|INVERTED|exact=-3.142e-10|f64=-3.142e-10|VA/esc=50.0|tier3=Err([NegativeVolume { solid: SolidKey(1v1) }])|classify=Ok(["Void"])
D2|disc n=4 r=1e-2 h=1e-6 dir=(0.0, 0.0, 1.0) d=1e3 a=0.7|upright|exact=+3.142e-10|f64=+3.142e-10|VA/esc=50.0|tier3=Ok(())|classify=Ok(["Outer"])
D2|disc n=4 r=1e-2 h=1e-6 dir=(0.0, 0.0, 1.0) d=1e3 a=0.7|INVERTED|exact=-3.142e-10|f64=-3.142e-10|VA/esc=50.0|tier3=Err([NegativeVolume { solid: SolidKey(1v1) }])|classify=Ok(["Void"])
D2|disc n=4 r=1e-2 h=1e-6 dir=(0.0, 0.0, 1.0) d=5e3 a=0|upright|exact=+3.142e-10|f64=+3.142e-10|VA/esc=50.0|tier3=Ok(())|classify=Ok(["Outer"])
D2|disc n=4 r=1e-2 h=1e-6 dir=(0.0, 0.0, 1.0) d=5e3 a=0|INVERTED|exact=-3.142e-10|f64=-3.142e-10|VA/esc=50.0|tier3=Err([NegativeVolume { solid: SolidKey(1v1) }])|classify=Ok(["Void"])
D2|disc n=4 r=1e-2 h=1e-6 dir=(0.0, 0.0, 1.0) d=5e3 a=0.7|upright|exact=+3.142e-10|f64=+3.142e-10|VA/esc=50.0|tier3=Ok(())|classify=Ok(["Outer"])
D2|disc n=4 r=1e-2 h=1e-6 dir=(0.0, 0.0, 1.0) d=5e3 a=0.7|INVERTED|exact=-3.142e-10|f64=-3.142e-10|VA/esc=50.0|tier3=Err([NegativeVolume { solid: SolidKey(1v1) }])|classify=Ok(["Void"])
D2|disc n=4 r=1e-2 h=1e-6 dir=(0.0, 0.0, 1.0) d=1e4 a=0|upright|exact=+3.142e-10|f64=+3.142e-10|VA/esc=50.0|tier3=Ok(())|classify=Ok(["Outer"])
D2|disc n=4 r=1e-2 h=1e-6 dir=(0.0, 0.0, 1.0) d=1e4 a=0|INVERTED|exact=-3.142e-10|f64=-3.142e-10|VA/esc=50.0|tier3=Err([NegativeVolume { solid: SolidKey(1v1) }])|classify=Ok(["Void"])
D2|disc n=4 r=1e-2 h=1e-6 dir=(0.0, 0.0, 1.0) d=1e4 a=0.7|upright|exact=+3.142e-10|f64=+3.142e-10|VA/esc=50.0|tier3=Ok(())|classify=Ok(["Outer"])
D2|disc n=4 r=1e-2 h=1e-6 dir=(0.0, 0.0, 1.0) d=1e4 a=0.7|INVERTED|exact=-3.142e-10|f64=-3.142e-10|VA/esc=50.0|tier3=Err([NegativeVolume { solid: SolidKey(1v1) }])|classify=Ok(["Void"])
D2|disc n=4 r=1e-2 h=1e-6 dir=(0.0, 0.0, 1.0) d=2e4 a=0|upright|exact=+3.142e-10|f64=+3.142e-10|VA/esc=50.0|tier3=Ok(())|classify=Ok(["Outer"])
D2|disc n=4 r=1e-2 h=1e-6 dir=(0.0, 0.0, 1.0) d=2e4 a=0|INVERTED|exact=-3.142e-10|f64=-3.142e-10|VA/esc=50.0|tier3=Err([NegativeVolume { solid: SolidKey(1v1) }])|classify=Ok(["Void"])
D2|disc n=4 r=1e-2 h=1e-6 dir=(0.0, 0.0, 1.0) d=2e4 a=0.7|upright|exact=+3.142e-10|f64=+3.142e-10|VA/esc=50.0|tier3=Ok(())|classify=Ok(["Outer"])
D2|disc n=4 r=1e-2 h=1e-6 dir=(0.0, 0.0, 1.0) d=2e4 a=0.7|INVERTED|exact=-3.142e-10|f64=-3.142e-10|VA/esc=50.0|tier3=Err([NegativeVolume { solid: SolidKey(1v1) }])|classify=Ok(["Void"])
D2|disc n=64 r=1e-3 h=1e-7 dir=(0.6, 0.48, 0.64) d=1e3 a=0|upright|exact=+3.142e-13|f64=+3.142e-13|VA/esc=5.0|tier3=Ok(())|classify=Ok(["Outer"])
D2|disc n=64 r=1e-3 h=1e-7 dir=(0.6, 0.48, 0.64) d=1e3 a=0|INVERTED|exact=-3.142e-13|f64=-3.142e-13|VA/esc=5.0|tier3=Err([NegativeVolume { solid: SolidKey(1v1) }])|classify=Ok(["Void"])
D2|disc n=64 r=1e-3 h=1e-7 dir=(0.6, 0.48, 0.64) d=1e3 a=0.7|upright|exact=+3.142e-13|f64=+3.142e-13|VA/esc=5.0|tier3=Ok(())|classify=Ok(["Outer"])
D2|disc n=64 r=1e-3 h=1e-7 dir=(0.6, 0.48, 0.64) d=1e3 a=0.7|INVERTED|exact=-3.142e-13|f64=-3.142e-13|VA/esc=5.0|tier3=Err([NegativeVolume { solid: SolidKey(1v1) }])|classify=Ok(["Void"])
D2|disc n=64 r=1e-3 h=1e-7 dir=(0.6, 0.48, 0.64) d=5e3 a=0|upright|exact=+3.142e-13|f64=+3.142e-13|VA/esc=5.0|tier3=Ok(())|classify=Ok(["Outer"])
D2|disc n=64 r=1e-3 h=1e-7 dir=(0.6, 0.48, 0.64) d=5e3 a=0|INVERTED|exact=-3.142e-13|f64=-3.142e-13|VA/esc=5.0|tier3=Err([NegativeVolume { solid: SolidKey(1v1) }])|classify=Ok(["Void"])
D2|disc n=64 r=1e-3 h=1e-7 dir=(0.6, 0.48, 0.64) d=5e3 a=0.7|upright|exact=+3.142e-13|f64=+3.142e-13|VA/esc=5.0|tier3=Ok(())|classify=Ok(["Outer"])
D2|disc n=64 r=1e-3 h=1e-7 dir=(0.6, 0.48, 0.64) d=5e3 a=0.7|INVERTED|exact=-3.142e-13|f64=-3.142e-13|VA/esc=5.0|tier3=Err([NegativeVolume { solid: SolidKey(1v1) }])|classify=Ok(["Void"])
D2|disc n=64 r=1e-3 h=1e-7 dir=(0.6, 0.48, 0.64) d=1e4 a=0|upright|exact=+3.142e-13|f64=+3.142e-13|VA/esc=5.0|tier3=Ok(())|classify=Ok(["Outer"])
D2|disc n=64 r=1e-3 h=1e-7 dir=(0.6, 0.48, 0.64) d=1e4 a=0|INVERTED|exact=-3.142e-13|f64=-3.142e-13|VA/esc=5.0|tier3=Err([NegativeVolume { solid: SolidKey(1v1) }])|classify=Ok(["Void"])
D2|disc n=64 r=1e-3 h=1e-7 dir=(0.6, 0.48, 0.64) d=1e4 a=0.7|upright|exact=+3.142e-13|f64=+3.142e-13|VA/esc=5.0|tier3=Ok(())|classify=Ok(["Outer"])
D2|disc n=64 r=1e-3 h=1e-7 dir=(0.6, 0.48, 0.64) d=1e4 a=0.7|INVERTED|exact=-3.142e-13|f64=-3.142e-13|VA/esc=5.0|tier3=Err([NegativeVolume { solid: SolidKey(1v1) }])|classify=Ok(["Void"])
D2|disc n=64 r=1e-3 h=1e-7 dir=(0.6, 0.48, 0.64) d=2e4 a=0|upright|exact=+3.142e-13|f64=+3.142e-13|VA/esc=5.0|tier3=Ok(())|classify=Ok(["Outer"])
D2|disc n=64 r=1e-3 h=1e-7 dir=(0.6, 0.48, 0.64) d=2e4 a=0|INVERTED|exact=-3.142e-13|f64=-3.142e-13|VA/esc=5.0|tier3=Err([NegativeVolume { solid: SolidKey(1v1) }])|classify=Ok(["Void"])
D2|disc n=64 r=1e-3 h=1e-7 dir=(0.6, 0.48, 0.64) d=2e4 a=0.7|upright|exact=+3.142e-13|f64=+3.141e-13|VA/esc=5.0|tier3=Ok(())|classify=Ok(["Outer"])
D2|disc n=64 r=1e-3 h=1e-7 dir=(0.6, 0.48, 0.64) d=2e4 a=0.7|INVERTED|exact=-3.142e-13|f64=-3.142e-13|VA/esc=5.0|tier3=Err([NegativeVolume { solid: SolidKey(1v1) }])|classify=Ok(["Void"])
D2|disc n=64 r=1e-3 h=1e-7 dir=(-0.6, -0.48, -0.64) d=1e3 a=0|upright|exact=+3.142e-13|f64=+3.142e-13|VA/esc=5.0|tier3=Ok(())|classify=Ok(["Outer"])
D2|disc n=64 r=1e-3 h=1e-7 dir=(-0.6, -0.48, -0.64) d=1e3 a=0|INVERTED|exact=-3.142e-13|f64=-3.142e-13|VA/esc=5.0|tier3=Err([NegativeVolume { solid: SolidKey(1v1) }])|classify=Ok(["Void"])
D2|disc n=64 r=1e-3 h=1e-7 dir=(-0.6, -0.48, -0.64) d=1e3 a=0.7|upright|exact=+3.142e-13|f64=+3.142e-13|VA/esc=5.0|tier3=Ok(())|classify=Ok(["Outer"])
D2|disc n=64 r=1e-3 h=1e-7 dir=(-0.6, -0.48, -0.64) d=1e3 a=0.7|INVERTED|exact=-3.142e-13|f64=-3.142e-13|VA/esc=5.0|tier3=Err([NegativeVolume { solid: SolidKey(1v1) }])|classify=Ok(["Void"])
D2|disc n=64 r=1e-3 h=1e-7 dir=(-0.6, -0.48, -0.64) d=5e3 a=0|upright|exact=+3.142e-13|f64=+3.142e-13|VA/esc=5.0|tier3=Ok(())|classify=Ok(["Outer"])
D2|disc n=64 r=1e-3 h=1e-7 dir=(-0.6, -0.48, -0.64) d=5e3 a=0|INVERTED|exact=-3.142e-13|f64=-3.142e-13|VA/esc=5.0|tier3=Err([NegativeVolume { solid: SolidKey(1v1) }])|classify=Ok(["Void"])
D2|disc n=64 r=1e-3 h=1e-7 dir=(-0.6, -0.48, -0.64) d=5e3 a=0.7|upright|exact=+3.142e-13|f64=+3.142e-13|VA/esc=5.0|tier3=Ok(())|classify=Ok(["Outer"])
D2|disc n=64 r=1e-3 h=1e-7 dir=(-0.6, -0.48, -0.64) d=5e3 a=0.7|INVERTED|exact=-3.142e-13|f64=-3.142e-13|VA/esc=5.0|tier3=Err([NegativeVolume { solid: SolidKey(1v1) }])|classify=Ok(["Void"])
D2|disc n=64 r=1e-3 h=1e-7 dir=(-0.6, -0.48, -0.64) d=1e4 a=0|upright|exact=+3.142e-13|f64=+3.142e-13|VA/esc=5.0|tier3=Ok(())|classify=Ok(["Outer"])
D2|disc n=64 r=1e-3 h=1e-7 dir=(-0.6, -0.48, -0.64) d=1e4 a=0|INVERTED|exact=-3.142e-13|f64=-3.142e-13|VA/esc=5.0|tier3=Err([NegativeVolume { solid: SolidKey(1v1) }])|classify=Ok(["Void"])
D2|disc n=64 r=1e-3 h=1e-7 dir=(-0.6, -0.48, -0.64) d=1e4 a=0.7|upright|exact=+3.142e-13|f64=+3.142e-13|VA/esc=5.0|tier3=Ok(())|classify=Ok(["Outer"])
D2|disc n=64 r=1e-3 h=1e-7 dir=(-0.6, -0.48, -0.64) d=1e4 a=0.7|INVERTED|exact=-3.142e-13|f64=-3.142e-13|VA/esc=5.0|tier3=Err([NegativeVolume { solid: SolidKey(1v1) }])|classify=Ok(["Void"])
D2|disc n=64 r=1e-3 h=1e-7 dir=(-0.6, -0.48, -0.64) d=2e4 a=0|upright|exact=+3.142e-13|f64=+3.142e-13|VA/esc=5.0|tier3=Ok(())|classify=Ok(["Outer"])
D2|disc n=64 r=1e-3 h=1e-7 dir=(-0.6, -0.48, -0.64) d=2e4 a=0|INVERTED|exact=-3.142e-13|f64=-3.142e-13|VA/esc=5.0|tier3=Err([NegativeVolume { solid: SolidKey(1v1) }])|classify=Ok(["Void"])
D2|disc n=64 r=1e-3 h=1e-7 dir=(-0.6, -0.48, -0.64) d=2e4 a=0.7|upright|exact=+3.142e-13|f64=+3.142e-13|VA/esc=5.0|tier3=Ok(())|classify=Ok(["Outer"])
D2|disc n=64 r=1e-3 h=1e-7 dir=(-0.6, -0.48, -0.64) d=2e4 a=0.7|INVERTED|exact=-3.142e-13|f64=-3.142e-13|VA/esc=5.0|tier3=Err([NegativeVolume { solid: SolidKey(1v1) }])|classify=Ok(["Void"])
D2|disc n=64 r=1e-3 h=1e-7 dir=(0.0, 0.0, 1.0) d=1e3 a=0|upright|exact=+3.142e-13|f64=+3.142e-13|VA/esc=5.0|tier3=Ok(())|classify=Ok(["Outer"])
D2|disc n=64 r=1e-3 h=1e-7 dir=(0.0, 0.0, 1.0) d=1e3 a=0|INVERTED|exact=-3.142e-13|f64=-3.142e-13|VA/esc=5.0|tier3=Err([NegativeVolume { solid: SolidKey(1v1) }])|classify=Ok(["Void"])
D2|disc n=64 r=1e-3 h=1e-7 dir=(0.0, 0.0, 1.0) d=1e3 a=0.7|upright|exact=+3.142e-13|f64=+3.142e-13|VA/esc=5.0|tier3=Ok(())|classify=Ok(["Outer"])
D2|disc n=64 r=1e-3 h=1e-7 dir=(0.0, 0.0, 1.0) d=1e3 a=0.7|INVERTED|exact=-3.142e-13|f64=-3.142e-13|VA/esc=5.0|tier3=Err([NegativeVolume { solid: SolidKey(1v1) }])|classify=Ok(["Void"])
D2|disc n=64 r=1e-3 h=1e-7 dir=(0.0, 0.0, 1.0) d=5e3 a=0|upright|exact=+3.142e-13|f64=+3.142e-13|VA/esc=5.0|tier3=Ok(())|classify=Ok(["Outer"])
D2|disc n=64 r=1e-3 h=1e-7 dir=(0.0, 0.0, 1.0) d=5e3 a=0|INVERTED|exact=-3.142e-13|f64=-3.142e-13|VA/esc=5.0|tier3=Err([NegativeVolume { solid: SolidKey(1v1) }])|classify=Ok(["Void"])
D2|disc n=64 r=1e-3 h=1e-7 dir=(0.0, 0.0, 1.0) d=5e3 a=0.7|upright|exact=+3.142e-13|f64=+3.142e-13|VA/esc=5.0|tier3=Ok(())|classify=Ok(["Outer"])
D2|disc n=64 r=1e-3 h=1e-7 dir=(0.0, 0.0, 1.0) d=5e3 a=0.7|INVERTED|exact=-3.142e-13|f64=-3.142e-13|VA/esc=5.0|tier3=Err([NegativeVolume { solid: SolidKey(1v1) }])|classify=Ok(["Void"])
D2|disc n=64 r=1e-3 h=1e-7 dir=(0.0, 0.0, 1.0) d=1e4 a=0|upright|exact=+3.142e-13|f64=+3.142e-13|VA/esc=5.0|tier3=Ok(())|classify=Ok(["Outer"])
D2|disc n=64 r=1e-3 h=1e-7 dir=(0.0, 0.0, 1.0) d=1e4 a=0|INVERTED|exact=-3.142e-13|f64=-3.142e-13|VA/esc=5.0|tier3=Err([NegativeVolume { solid: SolidKey(1v1) }])|classify=Ok(["Void"])
D2|disc n=64 r=1e-3 h=1e-7 dir=(0.0, 0.0, 1.0) d=1e4 a=0.7|upright|exact=+3.142e-13|f64=+3.142e-13|VA/esc=5.0|tier3=Ok(())|classify=Ok(["Outer"])
D2|disc n=64 r=1e-3 h=1e-7 dir=(0.0, 0.0, 1.0) d=1e4 a=0.7|INVERTED|exact=-3.142e-13|f64=-3.142e-13|VA/esc=5.0|tier3=Err([NegativeVolume { solid: SolidKey(1v1) }])|classify=Ok(["Void"])
D2|disc n=64 r=1e-3 h=1e-7 dir=(0.0, 0.0, 1.0) d=2e4 a=0|upright|exact=+3.142e-13|f64=+3.142e-13|VA/esc=5.0|tier3=Ok(())|classify=Ok(["Outer"])
D2|disc n=64 r=1e-3 h=1e-7 dir=(0.0, 0.0, 1.0) d=2e4 a=0|INVERTED|exact=-3.142e-13|f64=-3.141e-13|VA/esc=5.0|tier3=Err([NegativeVolume { solid: SolidKey(1v1) }])|classify=Ok(["Void"])
D2|disc n=64 r=1e-3 h=1e-7 dir=(0.0, 0.0, 1.0) d=2e4 a=0.7|upright|exact=+3.142e-13|f64=+3.142e-13|VA/esc=5.0|tier3=Ok(())|classify=Ok(["Outer"])
D2|disc n=64 r=1e-3 h=1e-7 dir=(0.0, 0.0, 1.0) d=2e4 a=0.7|INVERTED|exact=-3.142e-13|f64=-3.141e-13|VA/esc=5.0|tier3=Err([NegativeVolume { solid: SolidKey(1v1) }])|classify=Ok(["Void"])
D2|disc n=64 r=1e-3 h=1e-6 dir=(0.6, 0.48, 0.64) d=1e3 a=0|upright|exact=+3.142e-12|f64=+3.142e-12|VA/esc=50.0|tier3=Ok(())|classify=Ok(["Outer"])
D2|disc n=64 r=1e-3 h=1e-6 dir=(0.6, 0.48, 0.64) d=1e3 a=0|INVERTED|exact=-3.142e-12|f64=-3.142e-12|VA/esc=50.0|tier3=Err([NegativeVolume { solid: SolidKey(1v1) }])|classify=Ok(["Void"])
D2|disc n=64 r=1e-3 h=1e-6 dir=(0.6, 0.48, 0.64) d=1e3 a=0.7|upright|exact=+3.142e-12|f64=+3.142e-12|VA/esc=50.0|tier3=Ok(())|classify=Ok(["Outer"])
D2|disc n=64 r=1e-3 h=1e-6 dir=(0.6, 0.48, 0.64) d=1e3 a=0.7|INVERTED|exact=-3.142e-12|f64=-3.142e-12|VA/esc=50.0|tier3=Err([NegativeVolume { solid: SolidKey(1v1) }])|classify=Ok(["Void"])
D2|disc n=64 r=1e-3 h=1e-6 dir=(0.6, 0.48, 0.64) d=5e3 a=0|upright|exact=+3.142e-12|f64=+3.142e-12|VA/esc=50.0|tier3=Ok(())|classify=Ok(["Outer"])
D2|disc n=64 r=1e-3 h=1e-6 dir=(0.6, 0.48, 0.64) d=5e3 a=0|INVERTED|exact=-3.142e-12|f64=-3.142e-12|VA/esc=50.0|tier3=Err([NegativeVolume { solid: SolidKey(1v1) }])|classify=Ok(["Void"])
D2|disc n=64 r=1e-3 h=1e-6 dir=(0.6, 0.48, 0.64) d=5e3 a=0.7|upright|exact=+3.142e-12|f64=+3.142e-12|VA/esc=50.0|tier3=Ok(())|classify=Ok(["Outer"])
D2|disc n=64 r=1e-3 h=1e-6 dir=(0.6, 0.48, 0.64) d=5e3 a=0.7|INVERTED|exact=-3.142e-12|f64=-3.142e-12|VA/esc=50.0|tier3=Err([NegativeVolume { solid: SolidKey(1v1) }])|classify=Ok(["Void"])
D2|disc n=64 r=1e-3 h=1e-6 dir=(0.6, 0.48, 0.64) d=1e4 a=0|upright|exact=+3.142e-12|f64=+3.142e-12|VA/esc=50.0|tier3=Ok(())|classify=Ok(["Outer"])
D2|disc n=64 r=1e-3 h=1e-6 dir=(0.6, 0.48, 0.64) d=1e4 a=0|INVERTED|exact=-3.142e-12|f64=-3.142e-12|VA/esc=50.0|tier3=Err([NegativeVolume { solid: SolidKey(1v1) }])|classify=Ok(["Void"])
D2|disc n=64 r=1e-3 h=1e-6 dir=(0.6, 0.48, 0.64) d=1e4 a=0.7|upright|exact=+3.142e-12|f64=+3.142e-12|VA/esc=50.0|tier3=Ok(())|classify=Ok(["Outer"])
D2|disc n=64 r=1e-3 h=1e-6 dir=(0.6, 0.48, 0.64) d=1e4 a=0.7|INVERTED|exact=-3.142e-12|f64=-3.142e-12|VA/esc=50.0|tier3=Err([NegativeVolume { solid: SolidKey(1v1) }])|classify=Ok(["Void"])
D2|disc n=64 r=1e-3 h=1e-6 dir=(0.6, 0.48, 0.64) d=2e4 a=0|upright|exact=+3.142e-12|f64=+3.142e-12|VA/esc=50.0|tier3=Ok(())|classify=Ok(["Outer"])
D2|disc n=64 r=1e-3 h=1e-6 dir=(0.6, 0.48, 0.64) d=2e4 a=0|INVERTED|exact=-3.142e-12|f64=-3.142e-12|VA/esc=50.0|tier3=Err([NegativeVolume { solid: SolidKey(1v1) }])|classify=Ok(["Void"])
D2|disc n=64 r=1e-3 h=1e-6 dir=(0.6, 0.48, 0.64) d=2e4 a=0.7|upright|exact=+3.142e-12|f64=+3.142e-12|VA/esc=50.0|tier3=Ok(())|classify=Ok(["Outer"])
D2|disc n=64 r=1e-3 h=1e-6 dir=(0.6, 0.48, 0.64) d=2e4 a=0.7|INVERTED|exact=-3.142e-12|f64=-3.142e-12|VA/esc=50.0|tier3=Err([NegativeVolume { solid: SolidKey(1v1) }])|classify=Ok(["Void"])
D2|disc n=64 r=1e-3 h=1e-6 dir=(-0.6, -0.48, -0.64) d=1e3 a=0|upright|exact=+3.142e-12|f64=+3.142e-12|VA/esc=50.0|tier3=Ok(())|classify=Ok(["Outer"])
D2|disc n=64 r=1e-3 h=1e-6 dir=(-0.6, -0.48, -0.64) d=1e3 a=0|INVERTED|exact=-3.142e-12|f64=-3.142e-12|VA/esc=50.0|tier3=Err([NegativeVolume { solid: SolidKey(1v1) }])|classify=Ok(["Void"])
D2|disc n=64 r=1e-3 h=1e-6 dir=(-0.6, -0.48, -0.64) d=1e3 a=0.7|upright|exact=+3.142e-12|f64=+3.142e-12|VA/esc=50.0|tier3=Ok(())|classify=Ok(["Outer"])
D2|disc n=64 r=1e-3 h=1e-6 dir=(-0.6, -0.48, -0.64) d=1e3 a=0.7|INVERTED|exact=-3.142e-12|f64=-3.142e-12|VA/esc=50.0|tier3=Err([NegativeVolume { solid: SolidKey(1v1) }])|classify=Ok(["Void"])
D2|disc n=64 r=1e-3 h=1e-6 dir=(-0.6, -0.48, -0.64) d=5e3 a=0|upright|exact=+3.142e-12|f64=+3.142e-12|VA/esc=50.0|tier3=Ok(())|classify=Ok(["Outer"])
D2|disc n=64 r=1e-3 h=1e-6 dir=(-0.6, -0.48, -0.64) d=5e3 a=0|INVERTED|exact=-3.142e-12|f64=-3.142e-12|VA/esc=50.0|tier3=Err([NegativeVolume { solid: SolidKey(1v1) }])|classify=Ok(["Void"])
D2|disc n=64 r=1e-3 h=1e-6 dir=(-0.6, -0.48, -0.64) d=5e3 a=0.7|upright|exact=+3.142e-12|f64=+3.142e-12|VA/esc=50.0|tier3=Ok(())|classify=Ok(["Outer"])
D2|disc n=64 r=1e-3 h=1e-6 dir=(-0.6, -0.48, -0.64) d=5e3 a=0.7|INVERTED|exact=-3.142e-12|f64=-3.142e-12|VA/esc=50.0|tier3=Err([NegativeVolume { solid: SolidKey(1v1) }])|classify=Ok(["Void"])
D2|disc n=64 r=1e-3 h=1e-6 dir=(-0.6, -0.48, -0.64) d=1e4 a=0|upright|exact=+3.142e-12|f64=+3.142e-12|VA/esc=50.0|tier3=Ok(())|classify=Ok(["Outer"])
D2|disc n=64 r=1e-3 h=1e-6 dir=(-0.6, -0.48, -0.64) d=1e4 a=0|INVERTED|exact=-3.142e-12|f64=-3.142e-12|VA/esc=50.0|tier3=Err([NegativeVolume { solid: SolidKey(1v1) }])|classify=Ok(["Void"])
D2|disc n=64 r=1e-3 h=1e-6 dir=(-0.6, -0.48, -0.64) d=1e4 a=0.7|upright|exact=+3.142e-12|f64=+3.142e-12|VA/esc=50.0|tier3=Ok(())|classify=Ok(["Outer"])
D2|disc n=64 r=1e-3 h=1e-6 dir=(-0.6, -0.48, -0.64) d=1e4 a=0.7|INVERTED|exact=-3.142e-12|f64=-3.142e-12|VA/esc=50.0|tier3=Err([NegativeVolume { solid: SolidKey(1v1) }])|classify=Ok(["Void"])
D2|disc n=64 r=1e-3 h=1e-6 dir=(-0.6, -0.48, -0.64) d=2e4 a=0|upright|exact=+3.142e-12|f64=+3.142e-12|VA/esc=50.0|tier3=Ok(())|classify=Ok(["Outer"])
D2|disc n=64 r=1e-3 h=1e-6 dir=(-0.6, -0.48, -0.64) d=2e4 a=0|INVERTED|exact=-3.142e-12|f64=-3.142e-12|VA/esc=50.0|tier3=Err([NegativeVolume { solid: SolidKey(1v1) }])|classify=Ok(["Void"])
D2|disc n=64 r=1e-3 h=1e-6 dir=(-0.6, -0.48, -0.64) d=2e4 a=0.7|upright|exact=+3.142e-12|f64=+3.142e-12|VA/esc=50.0|tier3=Ok(())|classify=Ok(["Outer"])
D2|disc n=64 r=1e-3 h=1e-6 dir=(-0.6, -0.48, -0.64) d=2e4 a=0.7|INVERTED|exact=-3.142e-12|f64=-3.142e-12|VA/esc=50.0|tier3=Err([NegativeVolume { solid: SolidKey(1v1) }])|classify=Ok(["Void"])
D2|disc n=64 r=1e-3 h=1e-6 dir=(0.0, 0.0, 1.0) d=1e3 a=0|upright|exact=+3.142e-12|f64=+3.142e-12|VA/esc=50.0|tier3=Ok(())|classify=Ok(["Outer"])
D2|disc n=64 r=1e-3 h=1e-6 dir=(0.0, 0.0, 1.0) d=1e3 a=0|INVERTED|exact=-3.142e-12|f64=-3.142e-12|VA/esc=50.0|tier3=Err([NegativeVolume { solid: SolidKey(1v1) }])|classify=Ok(["Void"])
D2|disc n=64 r=1e-3 h=1e-6 dir=(0.0, 0.0, 1.0) d=1e3 a=0.7|upright|exact=+3.142e-12|f64=+3.142e-12|VA/esc=50.0|tier3=Ok(())|classify=Ok(["Outer"])
D2|disc n=64 r=1e-3 h=1e-6 dir=(0.0, 0.0, 1.0) d=1e3 a=0.7|INVERTED|exact=-3.142e-12|f64=-3.142e-12|VA/esc=50.0|tier3=Err([NegativeVolume { solid: SolidKey(1v1) }])|classify=Ok(["Void"])
D2|disc n=64 r=1e-3 h=1e-6 dir=(0.0, 0.0, 1.0) d=5e3 a=0|upright|exact=+3.142e-12|f64=+3.142e-12|VA/esc=50.0|tier3=Ok(())|classify=Ok(["Outer"])
D2|disc n=64 r=1e-3 h=1e-6 dir=(0.0, 0.0, 1.0) d=5e3 a=0|INVERTED|exact=-3.142e-12|f64=-3.142e-12|VA/esc=50.0|tier3=Err([NegativeVolume { solid: SolidKey(1v1) }])|classify=Ok(["Void"])
D2|disc n=64 r=1e-3 h=1e-6 dir=(0.0, 0.0, 1.0) d=5e3 a=0.7|upright|exact=+3.142e-12|f64=+3.142e-12|VA/esc=50.0|tier3=Ok(())|classify=Ok(["Outer"])
D2|disc n=64 r=1e-3 h=1e-6 dir=(0.0, 0.0, 1.0) d=5e3 a=0.7|INVERTED|exact=-3.142e-12|f64=-3.142e-12|VA/esc=50.0|tier3=Err([NegativeVolume { solid: SolidKey(1v1) }])|classify=Ok(["Void"])
D2|disc n=64 r=1e-3 h=1e-6 dir=(0.0, 0.0, 1.0) d=1e4 a=0|upright|exact=+3.142e-12|f64=+3.142e-12|VA/esc=50.0|tier3=Ok(())|classify=Ok(["Outer"])
D2|disc n=64 r=1e-3 h=1e-6 dir=(0.0, 0.0, 1.0) d=1e4 a=0|INVERTED|exact=-3.142e-12|f64=-3.142e-12|VA/esc=50.0|tier3=Err([NegativeVolume { solid: SolidKey(1v1) }])|classify=Ok(["Void"])
D2|disc n=64 r=1e-3 h=1e-6 dir=(0.0, 0.0, 1.0) d=1e4 a=0.7|upright|exact=+3.142e-12|f64=+3.142e-12|VA/esc=50.0|tier3=Ok(())|classify=Ok(["Outer"])
D2|disc n=64 r=1e-3 h=1e-6 dir=(0.0, 0.0, 1.0) d=1e4 a=0.7|INVERTED|exact=-3.142e-12|f64=-3.142e-12|VA/esc=50.0|tier3=Err([NegativeVolume { solid: SolidKey(1v1) }])|classify=Ok(["Void"])
D2|disc n=64 r=1e-3 h=1e-6 dir=(0.0, 0.0, 1.0) d=2e4 a=0|upright|exact=+3.142e-12|f64=+3.142e-12|VA/esc=50.0|tier3=Ok(())|classify=Ok(["Outer"])
D2|disc n=64 r=1e-3 h=1e-6 dir=(0.0, 0.0, 1.0) d=2e4 a=0|INVERTED|exact=-3.142e-12|f64=-3.142e-12|VA/esc=50.0|tier3=Err([NegativeVolume { solid: SolidKey(1v1) }])|classify=Ok(["Void"])
D2|disc n=64 r=1e-3 h=1e-6 dir=(0.0, 0.0, 1.0) d=2e4 a=0.7|upright|exact=+3.142e-12|f64=+3.142e-12|VA/esc=50.0|tier3=Ok(())|classify=Ok(["Outer"])
D2|disc n=64 r=1e-3 h=1e-6 dir=(0.0, 0.0, 1.0) d=2e4 a=0.7|INVERTED|exact=-3.142e-12|f64=-3.142e-12|VA/esc=50.0|tier3=Err([NegativeVolume { solid: SolidKey(1v1) }])|classify=Ok(["Void"])
D2|disc n=64 r=1e-3 h=1e-5 dir=(0.6, 0.48, 0.64) d=1e3 a=0|upright|exact=+3.142e-11|f64=+3.142e-11|VA/esc=500.0|tier3=Ok(())|classify=Ok(["Outer"])
D2|disc n=64 r=1e-3 h=1e-5 dir=(0.6, 0.48, 0.64) d=1e3 a=0|INVERTED|exact=-3.142e-11|f64=-3.142e-11|VA/esc=500.0|tier3=Err([NegativeVolume { solid: SolidKey(1v1) }])|classify=Ok(["Void"])
D2|disc n=64 r=1e-3 h=1e-5 dir=(0.6, 0.48, 0.64) d=1e3 a=0.7|upright|exact=+3.142e-11|f64=+3.142e-11|VA/esc=500.0|tier3=Ok(())|classify=Ok(["Outer"])
D2|disc n=64 r=1e-3 h=1e-5 dir=(0.6, 0.48, 0.64) d=1e3 a=0.7|INVERTED|exact=-3.142e-11|f64=-3.142e-11|VA/esc=500.0|tier3=Err([NegativeVolume { solid: SolidKey(1v1) }])|classify=Ok(["Void"])
D2|disc n=64 r=1e-3 h=1e-5 dir=(0.6, 0.48, 0.64) d=5e3 a=0|upright|exact=+3.142e-11|f64=+3.142e-11|VA/esc=500.0|tier3=Ok(())|classify=Ok(["Outer"])
D2|disc n=64 r=1e-3 h=1e-5 dir=(0.6, 0.48, 0.64) d=5e3 a=0|INVERTED|exact=-3.142e-11|f64=-3.142e-11|VA/esc=500.0|tier3=Err([NegativeVolume { solid: SolidKey(1v1) }])|classify=Ok(["Void"])
D2|disc n=64 r=1e-3 h=1e-5 dir=(0.6, 0.48, 0.64) d=5e3 a=0.7|upright|exact=+3.142e-11|f64=+3.142e-11|VA/esc=500.0|tier3=Ok(())|classify=Ok(["Outer"])
D2|disc n=64 r=1e-3 h=1e-5 dir=(0.6, 0.48, 0.64) d=5e3 a=0.7|INVERTED|exact=-3.142e-11|f64=-3.142e-11|VA/esc=500.0|tier3=Err([NegativeVolume { solid: SolidKey(1v1) }])|classify=Ok(["Void"])
D2|disc n=64 r=1e-3 h=1e-5 dir=(0.6, 0.48, 0.64) d=1e4 a=0|upright|exact=+3.142e-11|f64=+3.142e-11|VA/esc=500.0|tier3=Ok(())|classify=Ok(["Outer"])
D2|disc n=64 r=1e-3 h=1e-5 dir=(0.6, 0.48, 0.64) d=1e4 a=0|INVERTED|exact=-3.142e-11|f64=-3.142e-11|VA/esc=500.0|tier3=Err([NegativeVolume { solid: SolidKey(1v1) }])|classify=Ok(["Void"])
D2|disc n=64 r=1e-3 h=1e-5 dir=(0.6, 0.48, 0.64) d=1e4 a=0.7|upright|exact=+3.142e-11|f64=+3.142e-11|VA/esc=500.0|tier3=Ok(())|classify=Ok(["Outer"])
D2|disc n=64 r=1e-3 h=1e-5 dir=(0.6, 0.48, 0.64) d=1e4 a=0.7|INVERTED|exact=-3.142e-11|f64=-3.142e-11|VA/esc=500.0|tier3=Err([NegativeVolume { solid: SolidKey(1v1) }])|classify=Ok(["Void"])
D2|disc n=64 r=1e-3 h=1e-5 dir=(0.6, 0.48, 0.64) d=2e4 a=0|upright|exact=+3.142e-11|f64=+3.142e-11|VA/esc=500.0|tier3=Ok(())|classify=Ok(["Outer"])
D2|disc n=64 r=1e-3 h=1e-5 dir=(0.6, 0.48, 0.64) d=2e4 a=0|INVERTED|exact=-3.142e-11|f64=-3.142e-11|VA/esc=500.0|tier3=Err([NegativeVolume { solid: SolidKey(1v1) }])|classify=Ok(["Void"])
D2|disc n=64 r=1e-3 h=1e-5 dir=(0.6, 0.48, 0.64) d=2e4 a=0.7|upright|exact=+3.142e-11|f64=+3.142e-11|VA/esc=500.0|tier3=Ok(())|classify=Ok(["Outer"])
D2|disc n=64 r=1e-3 h=1e-5 dir=(0.6, 0.48, 0.64) d=2e4 a=0.7|INVERTED|exact=-3.142e-11|f64=-3.142e-11|VA/esc=500.0|tier3=Err([NegativeVolume { solid: SolidKey(1v1) }])|classify=Ok(["Void"])
D2|disc n=64 r=1e-3 h=1e-5 dir=(-0.6, -0.48, -0.64) d=1e3 a=0|upright|exact=+3.142e-11|f64=+3.142e-11|VA/esc=500.0|tier3=Ok(())|classify=Ok(["Outer"])
D2|disc n=64 r=1e-3 h=1e-5 dir=(-0.6, -0.48, -0.64) d=1e3 a=0|INVERTED|exact=-3.142e-11|f64=-3.142e-11|VA/esc=500.0|tier3=Err([NegativeVolume { solid: SolidKey(1v1) }])|classify=Ok(["Void"])
D2|disc n=64 r=1e-3 h=1e-5 dir=(-0.6, -0.48, -0.64) d=1e3 a=0.7|upright|exact=+3.142e-11|f64=+3.142e-11|VA/esc=500.0|tier3=Ok(())|classify=Ok(["Outer"])
D2|disc n=64 r=1e-3 h=1e-5 dir=(-0.6, -0.48, -0.64) d=1e3 a=0.7|INVERTED|exact=-3.142e-11|f64=-3.142e-11|VA/esc=500.0|tier3=Err([NegativeVolume { solid: SolidKey(1v1) }])|classify=Ok(["Void"])
D2|disc n=64 r=1e-3 h=1e-5 dir=(-0.6, -0.48, -0.64) d=5e3 a=0|upright|exact=+3.142e-11|f64=+3.142e-11|VA/esc=500.0|tier3=Ok(())|classify=Ok(["Outer"])
D2|disc n=64 r=1e-3 h=1e-5 dir=(-0.6, -0.48, -0.64) d=5e3 a=0|INVERTED|exact=-3.142e-11|f64=-3.142e-11|VA/esc=500.0|tier3=Err([NegativeVolume { solid: SolidKey(1v1) }])|classify=Ok(["Void"])
D2|disc n=64 r=1e-3 h=1e-5 dir=(-0.6, -0.48, -0.64) d=5e3 a=0.7|upright|exact=+3.142e-11|f64=+3.142e-11|VA/esc=500.0|tier3=Ok(())|classify=Ok(["Outer"])
D2|disc n=64 r=1e-3 h=1e-5 dir=(-0.6, -0.48, -0.64) d=5e3 a=0.7|INVERTED|exact=-3.142e-11|f64=-3.142e-11|VA/esc=500.0|tier3=Err([NegativeVolume { solid: SolidKey(1v1) }])|classify=Ok(["Void"])
D2|disc n=64 r=1e-3 h=1e-5 dir=(-0.6, -0.48, -0.64) d=1e4 a=0|upright|exact=+3.142e-11|f64=+3.142e-11|VA/esc=500.0|tier3=Ok(())|classify=Ok(["Outer"])
D2|disc n=64 r=1e-3 h=1e-5 dir=(-0.6, -0.48, -0.64) d=1e4 a=0|INVERTED|exact=-3.142e-11|f64=-3.142e-11|VA/esc=500.0|tier3=Err([NegativeVolume { solid: SolidKey(1v1) }])|classify=Ok(["Void"])
D2|disc n=64 r=1e-3 h=1e-5 dir=(-0.6, -0.48, -0.64) d=1e4 a=0.7|upright|exact=+3.142e-11|f64=+3.142e-11|VA/esc=500.0|tier3=Ok(())|classify=Ok(["Outer"])
D2|disc n=64 r=1e-3 h=1e-5 dir=(-0.6, -0.48, -0.64) d=1e4 a=0.7|INVERTED|exact=-3.142e-11|f64=-3.142e-11|VA/esc=500.0|tier3=Err([NegativeVolume { solid: SolidKey(1v1) }])|classify=Ok(["Void"])
D2|disc n=64 r=1e-3 h=1e-5 dir=(-0.6, -0.48, -0.64) d=2e4 a=0|upright|exact=+3.142e-11|f64=+3.142e-11|VA/esc=500.0|tier3=Ok(())|classify=Ok(["Outer"])
D2|disc n=64 r=1e-3 h=1e-5 dir=(-0.6, -0.48, -0.64) d=2e4 a=0|INVERTED|exact=-3.142e-11|f64=-3.142e-11|VA/esc=500.0|tier3=Err([NegativeVolume { solid: SolidKey(1v1) }])|classify=Ok(["Void"])
D2|disc n=64 r=1e-3 h=1e-5 dir=(-0.6, -0.48, -0.64) d=2e4 a=0.7|upright|exact=+3.142e-11|f64=+3.142e-11|VA/esc=500.0|tier3=Ok(())|classify=Ok(["Outer"])
D2|disc n=64 r=1e-3 h=1e-5 dir=(-0.6, -0.48, -0.64) d=2e4 a=0.7|INVERTED|exact=-3.142e-11|f64=-3.142e-11|VA/esc=500.0|tier3=Err([NegativeVolume { solid: SolidKey(1v1) }])|classify=Ok(["Void"])
D2|disc n=64 r=1e-3 h=1e-5 dir=(0.0, 0.0, 1.0) d=1e3 a=0|upright|exact=+3.142e-11|f64=+3.142e-11|VA/esc=500.0|tier3=Ok(())|classify=Ok(["Outer"])
D2|disc n=64 r=1e-3 h=1e-5 dir=(0.0, 0.0, 1.0) d=1e3 a=0|INVERTED|exact=-3.142e-11|f64=-3.142e-11|VA/esc=500.0|tier3=Err([NegativeVolume { solid: SolidKey(1v1) }])|classify=Ok(["Void"])
D2|disc n=64 r=1e-3 h=1e-5 dir=(0.0, 0.0, 1.0) d=1e3 a=0.7|upright|exact=+3.142e-11|f64=+3.142e-11|VA/esc=500.0|tier3=Ok(())|classify=Ok(["Outer"])
D2|disc n=64 r=1e-3 h=1e-5 dir=(0.0, 0.0, 1.0) d=1e3 a=0.7|INVERTED|exact=-3.142e-11|f64=-3.142e-11|VA/esc=500.0|tier3=Err([NegativeVolume { solid: SolidKey(1v1) }])|classify=Ok(["Void"])
D2|disc n=64 r=1e-3 h=1e-5 dir=(0.0, 0.0, 1.0) d=5e3 a=0|upright|exact=+3.142e-11|f64=+3.142e-11|VA/esc=500.0|tier3=Ok(())|classify=Ok(["Outer"])
D2|disc n=64 r=1e-3 h=1e-5 dir=(0.0, 0.0, 1.0) d=5e3 a=0|INVERTED|exact=-3.142e-11|f64=-3.142e-11|VA/esc=500.0|tier3=Err([NegativeVolume { solid: SolidKey(1v1) }])|classify=Ok(["Void"])
D2|disc n=64 r=1e-3 h=1e-5 dir=(0.0, 0.0, 1.0) d=5e3 a=0.7|upright|exact=+3.142e-11|f64=+3.142e-11|VA/esc=500.0|tier3=Ok(())|classify=Ok(["Outer"])
D2|disc n=64 r=1e-3 h=1e-5 dir=(0.0, 0.0, 1.0) d=5e3 a=0.7|INVERTED|exact=-3.142e-11|f64=-3.142e-11|VA/esc=500.0|tier3=Err([NegativeVolume { solid: SolidKey(1v1) }])|classify=Ok(["Void"])
D2|disc n=64 r=1e-3 h=1e-5 dir=(0.0, 0.0, 1.0) d=1e4 a=0|upright|exact=+3.142e-11|f64=+3.142e-11|VA/esc=500.0|tier3=Ok(())|classify=Ok(["Outer"])
D2|disc n=64 r=1e-3 h=1e-5 dir=(0.0, 0.0, 1.0) d=1e4 a=0|INVERTED|exact=-3.142e-11|f64=-3.142e-11|VA/esc=500.0|tier3=Err([NegativeVolume { solid: SolidKey(1v1) }])|classify=Ok(["Void"])
D2|disc n=64 r=1e-3 h=1e-5 dir=(0.0, 0.0, 1.0) d=1e4 a=0.7|upright|exact=+3.142e-11|f64=+3.142e-11|VA/esc=500.0|tier3=Ok(())|classify=Ok(["Outer"])
D2|disc n=64 r=1e-3 h=1e-5 dir=(0.0, 0.0, 1.0) d=1e4 a=0.7|INVERTED|exact=-3.142e-11|f64=-3.142e-11|VA/esc=500.0|tier3=Err([NegativeVolume { solid: SolidKey(1v1) }])|classify=Ok(["Void"])
D2|disc n=64 r=1e-3 h=1e-5 dir=(0.0, 0.0, 1.0) d=2e4 a=0|upright|exact=+3.142e-11|f64=+3.142e-11|VA/esc=500.0|tier3=Ok(())|classify=Ok(["Outer"])
D2|disc n=64 r=1e-3 h=1e-5 dir=(0.0, 0.0, 1.0) d=2e4 a=0|INVERTED|exact=-3.142e-11|f64=-3.142e-11|VA/esc=500.0|tier3=Err([NegativeVolume { solid: SolidKey(1v1) }])|classify=Ok(["Void"])
D2|disc n=64 r=1e-3 h=1e-5 dir=(0.0, 0.0, 1.0) d=2e4 a=0.7|upright|exact=+3.142e-11|f64=+3.142e-11|VA/esc=500.0|tier3=Ok(())|classify=Ok(["Outer"])
D2|disc n=64 r=1e-3 h=1e-5 dir=(0.0, 0.0, 1.0) d=2e4 a=0.7|INVERTED|exact=-3.142e-11|f64=-3.142e-11|VA/esc=500.0|tier3=Err([NegativeVolume { solid: SolidKey(1v1) }])|classify=Ok(["Void"])
D2|disc n=64 r=1e-2 h=1e-6 dir=(0.6, 0.48, 0.64) d=1e3 a=0|upright|exact=+3.142e-10|f64=+3.142e-10|VA/esc=50.0|tier3=Ok(())|classify=Ok(["Outer"])
D2|disc n=64 r=1e-2 h=1e-6 dir=(0.6, 0.48, 0.64) d=1e3 a=0|INVERTED|exact=-3.142e-10|f64=-3.142e-10|VA/esc=50.0|tier3=Err([NegativeVolume { solid: SolidKey(1v1) }])|classify=Ok(["Void"])
D2|disc n=64 r=1e-2 h=1e-6 dir=(0.6, 0.48, 0.64) d=1e3 a=0.7|upright|exact=+3.142e-10|f64=+3.142e-10|VA/esc=50.0|tier3=Ok(())|classify=Ok(["Outer"])
D2|disc n=64 r=1e-2 h=1e-6 dir=(0.6, 0.48, 0.64) d=1e3 a=0.7|INVERTED|exact=-3.142e-10|f64=-3.142e-10|VA/esc=50.0|tier3=Err([NegativeVolume { solid: SolidKey(1v1) }])|classify=Ok(["Void"])
D2|disc n=64 r=1e-2 h=1e-6 dir=(0.6, 0.48, 0.64) d=5e3 a=0|upright|exact=+3.142e-10|f64=+3.142e-10|VA/esc=50.0|tier3=Ok(())|classify=Ok(["Outer"])
D2|disc n=64 r=1e-2 h=1e-6 dir=(0.6, 0.48, 0.64) d=5e3 a=0|INVERTED|exact=-3.142e-10|f64=-3.142e-10|VA/esc=50.0|tier3=Err([NegativeVolume { solid: SolidKey(1v1) }])|classify=Ok(["Void"])
D2|disc n=64 r=1e-2 h=1e-6 dir=(0.6, 0.48, 0.64) d=5e3 a=0.7|upright|exact=+3.142e-10|f64=+3.142e-10|VA/esc=50.0|tier3=Ok(())|classify=Ok(["Outer"])
D2|disc n=64 r=1e-2 h=1e-6 dir=(0.6, 0.48, 0.64) d=5e3 a=0.7|INVERTED|exact=-3.142e-10|f64=-3.142e-10|VA/esc=50.0|tier3=Err([NegativeVolume { solid: SolidKey(1v1) }])|classify=Ok(["Void"])
D2|disc n=64 r=1e-2 h=1e-6 dir=(0.6, 0.48, 0.64) d=1e4 a=0|upright|exact=+3.142e-10|f64=+3.142e-10|VA/esc=50.0|tier3=Ok(())|classify=Ok(["Outer"])
D2|disc n=64 r=1e-2 h=1e-6 dir=(0.6, 0.48, 0.64) d=1e4 a=0|INVERTED|exact=-3.142e-10|f64=-3.142e-10|VA/esc=50.0|tier3=Err([NegativeVolume { solid: SolidKey(1v1) }])|classify=Ok(["Void"])
D2|disc n=64 r=1e-2 h=1e-6 dir=(0.6, 0.48, 0.64) d=1e4 a=0.7|upright|exact=+3.142e-10|f64=+3.142e-10|VA/esc=50.0|tier3=Ok(())|classify=Ok(["Outer"])
D2|disc n=64 r=1e-2 h=1e-6 dir=(0.6, 0.48, 0.64) d=1e4 a=0.7|INVERTED|exact=-3.142e-10|f64=-3.142e-10|VA/esc=50.0|tier3=Err([NegativeVolume { solid: SolidKey(1v1) }])|classify=Ok(["Void"])
D2|disc n=64 r=1e-2 h=1e-6 dir=(0.6, 0.48, 0.64) d=2e4 a=0|upright|exact=+3.142e-10|f64=+3.142e-10|VA/esc=50.0|tier3=Ok(())|classify=Ok(["Outer"])
D2|disc n=64 r=1e-2 h=1e-6 dir=(0.6, 0.48, 0.64) d=2e4 a=0|INVERTED|exact=-3.142e-10|f64=-3.142e-10|VA/esc=50.0|tier3=Err([NegativeVolume { solid: SolidKey(1v1) }])|classify=Ok(["Void"])
D2|disc n=64 r=1e-2 h=1e-6 dir=(0.6, 0.48, 0.64) d=2e4 a=0.7|upright|exact=+3.142e-10|f64=+3.142e-10|VA/esc=50.0|tier3=Ok(())|classify=Ok(["Outer"])
D2|disc n=64 r=1e-2 h=1e-6 dir=(0.6, 0.48, 0.64) d=2e4 a=0.7|INVERTED|exact=-3.142e-10|f64=-3.142e-10|VA/esc=50.0|tier3=Err([NegativeVolume { solid: SolidKey(1v1) }])|classify=Ok(["Void"])
D2|disc n=64 r=1e-2 h=1e-6 dir=(-0.6, -0.48, -0.64) d=1e3 a=0|upright|exact=+3.142e-10|f64=+3.142e-10|VA/esc=50.0|tier3=Ok(())|classify=Ok(["Outer"])
D2|disc n=64 r=1e-2 h=1e-6 dir=(-0.6, -0.48, -0.64) d=1e3 a=0|INVERTED|exact=-3.142e-10|f64=-3.142e-10|VA/esc=50.0|tier3=Err([NegativeVolume { solid: SolidKey(1v1) }])|classify=Ok(["Void"])
D2|disc n=64 r=1e-2 h=1e-6 dir=(-0.6, -0.48, -0.64) d=1e3 a=0.7|upright|exact=+3.142e-10|f64=+3.142e-10|VA/esc=50.0|tier3=Ok(())|classify=Ok(["Outer"])
D2|disc n=64 r=1e-2 h=1e-6 dir=(-0.6, -0.48, -0.64) d=1e3 a=0.7|INVERTED|exact=-3.142e-10|f64=-3.142e-10|VA/esc=50.0|tier3=Err([NegativeVolume { solid: SolidKey(1v1) }])|classify=Ok(["Void"])
D2|disc n=64 r=1e-2 h=1e-6 dir=(-0.6, -0.48, -0.64) d=5e3 a=0|upright|exact=+3.142e-10|f64=+3.142e-10|VA/esc=50.0|tier3=Ok(())|classify=Ok(["Outer"])
D2|disc n=64 r=1e-2 h=1e-6 dir=(-0.6, -0.48, -0.64) d=5e3 a=0|INVERTED|exact=-3.142e-10|f64=-3.142e-10|VA/esc=50.0|tier3=Err([NegativeVolume { solid: SolidKey(1v1) }])|classify=Ok(["Void"])
D2|disc n=64 r=1e-2 h=1e-6 dir=(-0.6, -0.48, -0.64) d=5e3 a=0.7|upright|exact=+3.142e-10|f64=+3.142e-10|VA/esc=50.0|tier3=Ok(())|classify=Ok(["Outer"])
D2|disc n=64 r=1e-2 h=1e-6 dir=(-0.6, -0.48, -0.64) d=5e3 a=0.7|INVERTED|exact=-3.142e-10|f64=-3.142e-10|VA/esc=50.0|tier3=Err([NegativeVolume { solid: SolidKey(1v1) }])|classify=Ok(["Void"])
D2|disc n=64 r=1e-2 h=1e-6 dir=(-0.6, -0.48, -0.64) d=1e4 a=0|upright|exact=+3.142e-10|f64=+3.142e-10|VA/esc=50.0|tier3=Ok(())|classify=Ok(["Outer"])
D2|disc n=64 r=1e-2 h=1e-6 dir=(-0.6, -0.48, -0.64) d=1e4 a=0|INVERTED|exact=-3.142e-10|f64=-3.142e-10|VA/esc=50.0|tier3=Err([NegativeVolume { solid: SolidKey(1v1) }])|classify=Ok(["Void"])
D2|disc n=64 r=1e-2 h=1e-6 dir=(-0.6, -0.48, -0.64) d=1e4 a=0.7|upright|exact=+3.142e-10|f64=+3.142e-10|VA/esc=50.0|tier3=Ok(())|classify=Ok(["Outer"])
D2|disc n=64 r=1e-2 h=1e-6 dir=(-0.6, -0.48, -0.64) d=1e4 a=0.7|INVERTED|exact=-3.142e-10|f64=-3.142e-10|VA/esc=50.0|tier3=Err([NegativeVolume { solid: SolidKey(1v1) }])|classify=Ok(["Void"])
D2|disc n=64 r=1e-2 h=1e-6 dir=(-0.6, -0.48, -0.64) d=2e4 a=0|upright|exact=+3.142e-10|f64=+3.142e-10|VA/esc=50.0|tier3=Ok(())|classify=Ok(["Outer"])
D2|disc n=64 r=1e-2 h=1e-6 dir=(-0.6, -0.48, -0.64) d=2e4 a=0|INVERTED|exact=-3.142e-10|f64=-3.142e-10|VA/esc=50.0|tier3=Err([NegativeVolume { solid: SolidKey(1v1) }])|classify=Ok(["Void"])
D2|disc n=64 r=1e-2 h=1e-6 dir=(-0.6, -0.48, -0.64) d=2e4 a=0.7|upright|exact=+3.142e-10|f64=+3.142e-10|VA/esc=50.0|tier3=Ok(())|classify=Ok(["Outer"])
D2|disc n=64 r=1e-2 h=1e-6 dir=(-0.6, -0.48, -0.64) d=2e4 a=0.7|INVERTED|exact=-3.142e-10|f64=-3.142e-10|VA/esc=50.0|tier3=Err([NegativeVolume { solid: SolidKey(1v1) }])|classify=Ok(["Void"])
D2|disc n=64 r=1e-2 h=1e-6 dir=(0.0, 0.0, 1.0) d=1e3 a=0|upright|exact=+3.142e-10|f64=+3.142e-10|VA/esc=50.0|tier3=Ok(())|classify=Ok(["Outer"])
D2|disc n=64 r=1e-2 h=1e-6 dir=(0.0, 0.0, 1.0) d=1e3 a=0|INVERTED|exact=-3.142e-10|f64=-3.142e-10|VA/esc=50.0|tier3=Err([NegativeVolume { solid: SolidKey(1v1) }])|classify=Ok(["Void"])
D2|disc n=64 r=1e-2 h=1e-6 dir=(0.0, 0.0, 1.0) d=1e3 a=0.7|upright|exact=+3.142e-10|f64=+3.142e-10|VA/esc=50.0|tier3=Ok(())|classify=Ok(["Outer"])
D2|disc n=64 r=1e-2 h=1e-6 dir=(0.0, 0.0, 1.0) d=1e3 a=0.7|INVERTED|exact=-3.142e-10|f64=-3.142e-10|VA/esc=50.0|tier3=Err([NegativeVolume { solid: SolidKey(1v1) }])|classify=Ok(["Void"])
D2|disc n=64 r=1e-2 h=1e-6 dir=(0.0, 0.0, 1.0) d=5e3 a=0|upright|exact=+3.142e-10|f64=+3.142e-10|VA/esc=50.0|tier3=Ok(())|classify=Ok(["Outer"])
D2|disc n=64 r=1e-2 h=1e-6 dir=(0.0, 0.0, 1.0) d=5e3 a=0|INVERTED|exact=-3.142e-10|f64=-3.142e-10|VA/esc=50.0|tier3=Err([NegativeVolume { solid: SolidKey(1v1) }])|classify=Ok(["Void"])
D2|disc n=64 r=1e-2 h=1e-6 dir=(0.0, 0.0, 1.0) d=5e3 a=0.7|upright|exact=+3.142e-10|f64=+3.142e-10|VA/esc=50.0|tier3=Ok(())|classify=Ok(["Outer"])
D2|disc n=64 r=1e-2 h=1e-6 dir=(0.0, 0.0, 1.0) d=5e3 a=0.7|INVERTED|exact=-3.142e-10|f64=-3.142e-10|VA/esc=50.0|tier3=Err([NegativeVolume { solid: SolidKey(1v1) }])|classify=Ok(["Void"])
D2|disc n=64 r=1e-2 h=1e-6 dir=(0.0, 0.0, 1.0) d=1e4 a=0|upright|exact=+3.142e-10|f64=+3.142e-10|VA/esc=50.0|tier3=Ok(())|classify=Ok(["Outer"])
D2|disc n=64 r=1e-2 h=1e-6 dir=(0.0, 0.0, 1.0) d=1e4 a=0|INVERTED|exact=-3.142e-10|f64=-3.142e-10|VA/esc=50.0|tier3=Err([NegativeVolume { solid: SolidKey(1v1) }])|classify=Ok(["Void"])
D2|disc n=64 r=1e-2 h=1e-6 dir=(0.0, 0.0, 1.0) d=1e4 a=0.7|upright|exact=+3.142e-10|f64=+3.142e-10|VA/esc=50.0|tier3=Ok(())|classify=Ok(["Outer"])
D2|disc n=64 r=1e-2 h=1e-6 dir=(0.0, 0.0, 1.0) d=1e4 a=0.7|INVERTED|exact=-3.142e-10|f64=-3.142e-10|VA/esc=50.0|tier3=Err([NegativeVolume { solid: SolidKey(1v1) }])|classify=Ok(["Void"])
D2|disc n=64 r=1e-2 h=1e-6 dir=(0.0, 0.0, 1.0) d=2e4 a=0|upright|exact=+3.142e-10|f64=+3.142e-10|VA/esc=50.0|tier3=Ok(())|classify=Ok(["Outer"])
D2|disc n=64 r=1e-2 h=1e-6 dir=(0.0, 0.0, 1.0) d=2e4 a=0|INVERTED|exact=-3.142e-10|f64=-3.142e-10|VA/esc=50.0|tier3=Err([NegativeVolume { solid: SolidKey(1v1) }])|classify=Ok(["Void"])
D2|disc n=64 r=1e-2 h=1e-6 dir=(0.0, 0.0, 1.0) d=2e4 a=0.7|upright|exact=+3.142e-10|f64=+3.142e-10|VA/esc=50.0|tier3=Ok(())|classify=Ok(["Outer"])
D2|disc n=64 r=1e-2 h=1e-6 dir=(0.0, 0.0, 1.0) d=2e4 a=0.7|INVERTED|exact=-3.142e-10|f64=-3.142e-10|VA/esc=50.0|tier3=Err([NegativeVolume { solid: SolidKey(1v1) }])|classify=Ok(["Void"])
test probe_d2_sweep::d2_disc_family ... ok

test result: ok. 1 passed; 0 failed; 0 ignored; 0 measured; 2111 filtered out; finished in 14.19s

        PASS [  14.202s] (3/9) sweep::all probe_d2_sweep::d2_disc_family
       START [         ] (4/9) sweep::all probe_d2_sweep::d2_planar_fans

running 1 test
D2|fan|eps=1e-9
D2|ngon n=3 h=1e-7 dir=(0.6, 0.48, 0.64) d=0e0 a=0|upright|exact=+1.299e-13|f64=+1.299e-13|VA/esc=5.0|tier3=Ok(())|classify=Ok(["Outer"])
D2|ngon n=3 h=1e-7 dir=(0.6, 0.48, 0.64) d=0e0 a=0|INVERTED|exact=-1.299e-13|f64=-1.299e-13|VA/esc=5.0|tier3=Err([NegativeVolume { solid: SolidKey(1v1) }])|classify=Ok(["Void"])
D2|ngon n=3 h=1e-7 dir=(0.6, 0.48, 0.64) d=0e0 a=0.7|upright|exact=+1.299e-13|f64=+1.299e-13|VA/esc=5.0|tier3=Ok(())|classify=Ok(["Outer"])
D2|ngon n=3 h=1e-7 dir=(0.6, 0.48, 0.64) d=0e0 a=0.7|INVERTED|exact=-1.299e-13|f64=-1.299e-13|VA/esc=5.0|tier3=Err([NegativeVolume { solid: SolidKey(1v1) }])|classify=Ok(["Void"])
D2|ngon n=3 h=1e-7 dir=(0.6, 0.48, 0.64) d=1e3 a=0|upright|exact=+1.299e-13|f64=+1.299e-13|VA/esc=5.0|tier3=Ok(())|classify=Ok(["Outer"])
D2|ngon n=3 h=1e-7 dir=(0.6, 0.48, 0.64) d=1e3 a=0|INVERTED|exact=-1.299e-13|f64=-1.299e-13|VA/esc=5.0|tier3=Err([NegativeVolume { solid: SolidKey(1v1) }])|classify=Ok(["Void"])
D2|ngon n=3 h=1e-7 dir=(0.6, 0.48, 0.64) d=1e3 a=0.7|upright|exact=+1.299e-13|f64=+1.299e-13|VA/esc=5.0|tier3=Ok(())|classify=Ok(["Outer"])
D2|ngon n=3 h=1e-7 dir=(0.6, 0.48, 0.64) d=1e3 a=0.7|INVERTED|exact=-1.299e-13|f64=-1.299e-13|VA/esc=5.0|tier3=Err([NegativeVolume { solid: SolidKey(1v1) }])|classify=Ok(["Void"])
D2|ngon n=3 h=1e-7 dir=(0.6, 0.48, 0.64) d=5e3 a=0|upright|exact=+1.299e-13|f64=+1.299e-13|VA/esc=5.0|tier3=Ok(())|classify=Ok(["Outer"])
D2|ngon n=3 h=1e-7 dir=(0.6, 0.48, 0.64) d=5e3 a=0|INVERTED|exact=-1.299e-13|f64=-1.299e-13|VA/esc=5.0|tier3=Err([NegativeVolume { solid: SolidKey(1v1) }])|classify=Ok(["Void"])
D2|ngon n=3 h=1e-7 dir=(0.6, 0.48, 0.64) d=5e3 a=0.7|upright|exact=+1.299e-13|f64=+1.299e-13|VA/esc=5.0|tier3=Ok(())|classify=Ok(["Outer"])
D2|ngon n=3 h=1e-7 dir=(0.6, 0.48, 0.64) d=5e3 a=0.7|INVERTED|exact=-1.299e-13|f64=-1.299e-13|VA/esc=5.0|tier3=Err([NegativeVolume { solid: SolidKey(1v1) }])|classify=Ok(["Void"])
D2|ngon n=3 h=1e-7 dir=(0.6, 0.48, 0.64) d=2e4 a=0|upright|exact=+1.299e-13|f64=+1.303e-13|VA/esc=5.0|tier3=Ok(())|classify=Ok(["Outer"])
D2|ngon n=3 h=1e-7 dir=(0.6, 0.48, 0.64) d=2e4 a=0|INVERTED|exact=-1.299e-13|f64=-1.303e-13|VA/esc=5.0|tier3=Err([NegativeVolume { solid: SolidKey(1v1) }])|classify=Ok(["Void"])
D2|ngon n=3 h=1e-7 dir=(0.6, 0.48, 0.64) d=2e4 a=0.7|upright|exact=+1.299e-13|f64=+1.296e-13|VA/esc=5.0|tier3=Ok(())|classify=Ok(["Outer"])
D2|ngon n=3 h=1e-7 dir=(0.6, 0.48, 0.64) d=2e4 a=0.7|INVERTED|exact=-1.299e-13|f64=-1.296e-13|VA/esc=5.0|tier3=Err([NegativeVolume { solid: SolidKey(1v1) }])|classify=Ok(["Void"])
D2|ngon n=3 h=1e-7 dir=(-0.6, -0.48, -0.64) d=0e0 a=0|upright|exact=+1.299e-13|f64=+1.299e-13|VA/esc=5.0|tier3=Ok(())|classify=Ok(["Outer"])
D2|ngon n=3 h=1e-7 dir=(-0.6, -0.48, -0.64) d=0e0 a=0|INVERTED|exact=-1.299e-13|f64=-1.299e-13|VA/esc=5.0|tier3=Err([NegativeVolume { solid: SolidKey(1v1) }])|classify=Ok(["Void"])
D2|ngon n=3 h=1e-7 dir=(-0.6, -0.48, -0.64) d=0e0 a=0.7|upright|exact=+1.299e-13|f64=+1.299e-13|VA/esc=5.0|tier3=Ok(())|classify=Ok(["Outer"])
D2|ngon n=3 h=1e-7 dir=(-0.6, -0.48, -0.64) d=0e0 a=0.7|INVERTED|exact=-1.299e-13|f64=-1.299e-13|VA/esc=5.0|tier3=Err([NegativeVolume { solid: SolidKey(1v1) }])|classify=Ok(["Void"])
D2|ngon n=3 h=1e-7 dir=(-0.6, -0.48, -0.64) d=1e3 a=0|upright|exact=+1.299e-13|f64=+1.299e-13|VA/esc=5.0|tier3=Ok(())|classify=Ok(["Outer"])
D2|ngon n=3 h=1e-7 dir=(-0.6, -0.48, -0.64) d=1e3 a=0|INVERTED|exact=-1.299e-13|f64=-1.299e-13|VA/esc=5.0|tier3=Err([NegativeVolume { solid: SolidKey(1v1) }])|classify=Ok(["Void"])
D2|ngon n=3 h=1e-7 dir=(-0.6, -0.48, -0.64) d=1e3 a=0.7|upright|exact=+1.299e-13|f64=+1.299e-13|VA/esc=5.0|tier3=Ok(())|classify=Ok(["Outer"])
D2|ngon n=3 h=1e-7 dir=(-0.6, -0.48, -0.64) d=1e3 a=0.7|INVERTED|exact=-1.299e-13|f64=-1.299e-13|VA/esc=5.0|tier3=Err([NegativeVolume { solid: SolidKey(1v1) }])|classify=Ok(["Void"])
D2|ngon n=3 h=1e-7 dir=(-0.6, -0.48, -0.64) d=5e3 a=0|upright|exact=+1.299e-13|f64=+1.299e-13|VA/esc=5.0|tier3=Ok(())|classify=Ok(["Outer"])
D2|ngon n=3 h=1e-7 dir=(-0.6, -0.48, -0.64) d=5e3 a=0|INVERTED|exact=-1.299e-13|f64=-1.299e-13|VA/esc=5.0|tier3=Err([NegativeVolume { solid: SolidKey(1v1) }])|classify=Ok(["Void"])
D2|ngon n=3 h=1e-7 dir=(-0.6, -0.48, -0.64) d=5e3 a=0.7|upright|exact=+1.299e-13|f64=+1.299e-13|VA/esc=5.0|tier3=Ok(())|classify=Ok(["Outer"])
D2|ngon n=3 h=1e-7 dir=(-0.6, -0.48, -0.64) d=5e3 a=0.7|INVERTED|exact=-1.299e-13|f64=-1.299e-13|VA/esc=5.0|tier3=Err([NegativeVolume { solid: SolidKey(1v1) }])|classify=Ok(["Void"])
D2|ngon n=3 h=1e-7 dir=(-0.6, -0.48, -0.64) d=2e4 a=0|upright|exact=+1.299e-13|f64=+1.295e-13|VA/esc=5.0|tier3=Ok(())|classify=Ok(["Outer"])
D2|ngon n=3 h=1e-7 dir=(-0.6, -0.48, -0.64) d=2e4 a=0|INVERTED|exact=-1.299e-13|f64=-1.295e-13|VA/esc=5.0|tier3=Err([NegativeVolume { solid: SolidKey(1v1) }])|classify=Ok(["Void"])
D2|ngon n=3 h=1e-7 dir=(-0.6, -0.48, -0.64) d=2e4 a=0.7|upright|exact=+1.299e-13|f64=+1.303e-13|VA/esc=5.0|tier3=Ok(())|classify=Ok(["Outer"])
D2|ngon n=3 h=1e-7 dir=(-0.6, -0.48, -0.64) d=2e4 a=0.7|INVERTED|exact=-1.299e-13|f64=-1.303e-13|VA/esc=5.0|tier3=Err([NegativeVolume { solid: SolidKey(1v1) }])|classify=Ok(["Void"])
D2|ngon n=3 h=1e-7 dir=(0.0, 0.0, 1.0) d=0e0 a=0|upright|exact=+1.299e-13|f64=+1.299e-13|VA/esc=5.0|tier3=Ok(())|classify=Ok(["Outer"])
D2|ngon n=3 h=1e-7 dir=(0.0, 0.0, 1.0) d=0e0 a=0|INVERTED|exact=-1.299e-13|f64=-1.299e-13|VA/esc=5.0|tier3=Err([NegativeVolume { solid: SolidKey(1v1) }])|classify=Ok(["Void"])
D2|ngon n=3 h=1e-7 dir=(0.0, 0.0, 1.0) d=0e0 a=0.7|upright|exact=+1.299e-13|f64=+1.299e-13|VA/esc=5.0|tier3=Ok(())|classify=Ok(["Outer"])
D2|ngon n=3 h=1e-7 dir=(0.0, 0.0, 1.0) d=0e0 a=0.7|INVERTED|exact=-1.299e-13|f64=-1.299e-13|VA/esc=5.0|tier3=Err([NegativeVolume { solid: SolidKey(1v1) }])|classify=Ok(["Void"])
D2|ngon n=3 h=1e-7 dir=(0.0, 0.0, 1.0) d=1e3 a=0|upright|exact=+1.299e-13|f64=+1.299e-13|VA/esc=5.0|tier3=Ok(())|classify=Ok(["Outer"])
D2|ngon n=3 h=1e-7 dir=(0.0, 0.0, 1.0) d=1e3 a=0|INVERTED|exact=-1.299e-13|f64=-1.299e-13|VA/esc=5.0|tier3=Err([NegativeVolume { solid: SolidKey(1v1) }])|classify=Ok(["Void"])
D2|ngon n=3 h=1e-7 dir=(0.0, 0.0, 1.0) d=1e3 a=0.7|upright|exact=+1.299e-13|f64=+1.299e-13|VA/esc=5.0|tier3=Ok(())|classify=Ok(["Outer"])
D2|ngon n=3 h=1e-7 dir=(0.0, 0.0, 1.0) d=1e3 a=0.7|INVERTED|exact=-1.299e-13|f64=-1.299e-13|VA/esc=5.0|tier3=Err([NegativeVolume { solid: SolidKey(1v1) }])|classify=Ok(["Void"])
D2|ngon n=3 h=1e-7 dir=(0.0, 0.0, 1.0) d=5e3 a=0|upright|exact=+1.299e-13|f64=+1.299e-13|VA/esc=5.0|tier3=Ok(())|classify=Ok(["Outer"])
D2|ngon n=3 h=1e-7 dir=(0.0, 0.0, 1.0) d=5e3 a=0|INVERTED|exact=-1.299e-13|f64=-1.299e-13|VA/esc=5.0|tier3=Err([NegativeVolume { solid: SolidKey(1v1) }])|classify=Ok(["Void"])
D2|ngon n=3 h=1e-7 dir=(0.0, 0.0, 1.0) d=5e3 a=0.7|upright|exact=+1.299e-13|f64=+1.299e-13|VA/esc=5.0|tier3=Ok(())|classify=Ok(["Outer"])
D2|ngon n=3 h=1e-7 dir=(0.0, 0.0, 1.0) d=5e3 a=0.7|INVERTED|exact=-1.299e-13|f64=-1.299e-13|VA/esc=5.0|tier3=Err([NegativeVolume { solid: SolidKey(1v1) }])|classify=Ok(["Void"])
D2|ngon n=3 h=1e-7 dir=(0.0, 0.0, 1.0) d=2e4 a=0|upright|exact=+1.299e-13|f64=+1.299e-13|VA/esc=5.0|tier3=Ok(())|classify=Ok(["Outer"])
D2|ngon n=3 h=1e-7 dir=(0.0, 0.0, 1.0) d=2e4 a=0|INVERTED|exact=-1.299e-13|f64=-1.299e-13|VA/esc=5.0|tier3=Err([NegativeVolume { solid: SolidKey(1v1) }])|classify=Ok(["Void"])
D2|ngon n=3 h=1e-7 dir=(0.0, 0.0, 1.0) d=2e4 a=0.7|upright|exact=+1.299e-13|f64=+1.299e-13|VA/esc=5.0|tier3=Ok(())|classify=Ok(["Outer"])
D2|ngon n=3 h=1e-7 dir=(0.0, 0.0, 1.0) d=2e4 a=0.7|INVERTED|exact=-1.299e-13|f64=-1.299e-13|VA/esc=5.0|tier3=Err([NegativeVolume { solid: SolidKey(1v1) }])|classify=Ok(["Void"])
D2|ngon n=17 h=1e-7 dir=(0.6, 0.48, 0.64) d=0e0 a=0|upright|exact=+3.071e-13|f64=+3.071e-13|VA/esc=5.0|tier3=Ok(())|classify=Ok(["Outer"])
D2|ngon n=17 h=1e-7 dir=(0.6, 0.48, 0.64) d=0e0 a=0|INVERTED|exact=-3.071e-13|f64=-3.071e-13|VA/esc=5.0|tier3=Err([NegativeVolume { solid: SolidKey(1v1) }])|classify=Ok(["Void"])
D2|ngon n=17 h=1e-7 dir=(0.6, 0.48, 0.64) d=0e0 a=0.7|upright|exact=+3.071e-13|f64=+3.071e-13|VA/esc=5.0|tier3=Ok(())|classify=Ok(["Outer"])
D2|ngon n=17 h=1e-7 dir=(0.6, 0.48, 0.64) d=0e0 a=0.7|INVERTED|exact=-3.071e-13|f64=-3.071e-13|VA/esc=5.0|tier3=Err([NegativeVolume { solid: SolidKey(1v1) }])|classify=Ok(["Void"])
D2|ngon n=17 h=1e-7 dir=(0.6, 0.48, 0.64) d=1e3 a=0|upright|exact=+3.071e-13|f64=+3.071e-13|VA/esc=5.0|tier3=Ok(())|classify=Ok(["Outer"])
D2|ngon n=17 h=1e-7 dir=(0.6, 0.48, 0.64) d=1e3 a=0|INVERTED|exact=-3.071e-13|f64=-3.071e-13|VA/esc=5.0|tier3=Err([NegativeVolume { solid: SolidKey(1v1) }])|classify=Ok(["Void"])
D2|ngon n=17 h=1e-7 dir=(0.6, 0.48, 0.64) d=1e3 a=0.7|upright|exact=+3.071e-13|f64=+3.071e-13|VA/esc=5.0|tier3=Ok(())|classify=Ok(["Outer"])
D2|ngon n=17 h=1e-7 dir=(0.6, 0.48, 0.64) d=1e3 a=0.7|INVERTED|exact=-3.071e-13|f64=-3.071e-13|VA/esc=5.0|tier3=Err([NegativeVolume { solid: SolidKey(1v1) }])|classify=Ok(["Void"])
D2|ngon n=17 h=1e-7 dir=(0.6, 0.48, 0.64) d=5e3 a=0|upright|exact=+3.071e-13|f64=+3.071e-13|VA/esc=5.0|tier3=Ok(())|classify=Ok(["Outer"])
D2|ngon n=17 h=1e-7 dir=(0.6, 0.48, 0.64) d=5e3 a=0|INVERTED|exact=-3.071e-13|f64=-3.071e-13|VA/esc=5.0|tier3=Err([NegativeVolume { solid: SolidKey(1v1) }])|classify=Ok(["Void"])
D2|ngon n=17 h=1e-7 dir=(0.6, 0.48, 0.64) d=5e3 a=0.7|upright|exact=+3.071e-13|f64=+3.070e-13|VA/esc=5.0|tier3=Ok(())|classify=Ok(["Outer"])
D2|ngon n=17 h=1e-7 dir=(0.6, 0.48, 0.64) d=5e3 a=0.7|INVERTED|exact=-3.071e-13|f64=-3.070e-13|VA/esc=5.0|tier3=Err([NegativeVolume { solid: SolidKey(1v1) }])|classify=Ok(["Void"])
D2|ngon n=17 h=1e-7 dir=(0.6, 0.48, 0.64) d=2e4 a=0|upright|exact=+3.071e-13|f64=+3.081e-13|VA/esc=5.0|tier3=Ok(())|classify=Ok(["Outer"])
D2|ngon n=17 h=1e-7 dir=(0.6, 0.48, 0.64) d=2e4 a=0|INVERTED|exact=-3.071e-13|f64=-3.081e-13|VA/esc=5.0|tier3=Err([NegativeVolume { solid: SolidKey(1v1) }])|classify=Ok(["Void"])
D2|ngon n=17 h=1e-7 dir=(0.6, 0.48, 0.64) d=2e4 a=0.7|upright|exact=+3.071e-13|f64=+3.078e-13|VA/esc=5.0|tier3=Ok(())|classify=Ok(["Outer"])
D2|ngon n=17 h=1e-7 dir=(0.6, 0.48, 0.64) d=2e4 a=0.7|INVERTED|exact=-3.071e-13|f64=-3.078e-13|VA/esc=5.0|tier3=Err([NegativeVolume { solid: SolidKey(1v1) }])|classify=Ok(["Void"])
D2|ngon n=17 h=1e-7 dir=(-0.6, -0.48, -0.64) d=0e0 a=0|upright|exact=+3.071e-13|f64=+3.071e-13|VA/esc=5.0|tier3=Ok(())|classify=Ok(["Outer"])
D2|ngon n=17 h=1e-7 dir=(-0.6, -0.48, -0.64) d=0e0 a=0|INVERTED|exact=-3.071e-13|f64=-3.071e-13|VA/esc=5.0|tier3=Err([NegativeVolume { solid: SolidKey(1v1) }])|classify=Ok(["Void"])
D2|ngon n=17 h=1e-7 dir=(-0.6, -0.48, -0.64) d=0e0 a=0.7|upright|exact=+3.071e-13|f64=+3.071e-13|VA/esc=5.0|tier3=Ok(())|classify=Ok(["Outer"])
D2|ngon n=17 h=1e-7 dir=(-0.6, -0.48, -0.64) d=0e0 a=0.7|INVERTED|exact=-3.071e-13|f64=-3.071e-13|VA/esc=5.0|tier3=Err([NegativeVolume { solid: SolidKey(1v1) }])|classify=Ok(["Void"])
D2|ngon n=17 h=1e-7 dir=(-0.6, -0.48, -0.64) d=1e3 a=0|upright|exact=+3.071e-13|f64=+3.071e-13|VA/esc=5.0|tier3=Ok(())|classify=Ok(["Outer"])
D2|ngon n=17 h=1e-7 dir=(-0.6, -0.48, -0.64) d=1e3 a=0|INVERTED|exact=-3.071e-13|f64=-3.071e-13|VA/esc=5.0|tier3=Err([NegativeVolume { solid: SolidKey(1v1) }])|classify=Ok(["Void"])
D2|ngon n=17 h=1e-7 dir=(-0.6, -0.48, -0.64) d=1e3 a=0.7|upright|exact=+3.071e-13|f64=+3.071e-13|VA/esc=5.0|tier3=Ok(())|classify=Ok(["Outer"])
D2|ngon n=17 h=1e-7 dir=(-0.6, -0.48, -0.64) d=1e3 a=0.7|INVERTED|exact=-3.071e-13|f64=-3.071e-13|VA/esc=5.0|tier3=Err([NegativeVolume { solid: SolidKey(1v1) }])|classify=Ok(["Void"])
D2|ngon n=17 h=1e-7 dir=(-0.6, -0.48, -0.64) d=5e3 a=0|upright|exact=+3.071e-13|f64=+3.070e-13|VA/esc=5.0|tier3=Ok(())|classify=Ok(["Outer"])
D2|ngon n=17 h=1e-7 dir=(-0.6, -0.48, -0.64) d=5e3 a=0|INVERTED|exact=-3.071e-13|f64=-3.070e-13|VA/esc=5.0|tier3=Err([NegativeVolume { solid: SolidKey(1v1) }])|classify=Ok(["Void"])
D2|ngon n=17 h=1e-7 dir=(-0.6, -0.48, -0.64) d=5e3 a=0.7|upright|exact=+3.071e-13|f64=+3.071e-13|VA/esc=5.0|tier3=Ok(())|classify=Ok(["Outer"])
D2|ngon n=17 h=1e-7 dir=(-0.6, -0.48, -0.64) d=5e3 a=0.7|INVERTED|exact=-3.071e-13|f64=-3.071e-13|VA/esc=5.0|tier3=Err([NegativeVolume { solid: SolidKey(1v1) }])|classify=Ok(["Void"])
D2|ngon n=17 h=1e-7 dir=(-0.6, -0.48, -0.64) d=2e4 a=0|upright|exact=+3.071e-13|f64=+3.060e-13|VA/esc=5.0|tier3=Ok(())|classify=Ok(["Outer"])
D2|ngon n=17 h=1e-7 dir=(-0.6, -0.48, -0.64) d=2e4 a=0|INVERTED|exact=-3.071e-13|f64=-3.060e-13|VA/esc=5.0|tier3=Err([NegativeVolume { solid: SolidKey(1v1) }])|classify=Ok(["Void"])
D2|ngon n=17 h=1e-7 dir=(-0.6, -0.48, -0.64) d=2e4 a=0.7|upright|exact=+3.071e-13|f64=+3.063e-13|VA/esc=5.0|tier3=Ok(())|classify=Ok(["Outer"])
D2|ngon n=17 h=1e-7 dir=(-0.6, -0.48, -0.64) d=2e4 a=0.7|INVERTED|exact=-3.071e-13|f64=-3.063e-13|VA/esc=5.0|tier3=Err([NegativeVolume { solid: SolidKey(1v1) }])|classify=Ok(["Void"])
D2|ngon n=17 h=1e-7 dir=(0.0, 0.0, 1.0) d=0e0 a=0|upright|exact=+3.071e-13|f64=+3.071e-13|VA/esc=5.0|tier3=Ok(())|classify=Ok(["Outer"])
D2|ngon n=17 h=1e-7 dir=(0.0, 0.0, 1.0) d=0e0 a=0|INVERTED|exact=-3.071e-13|f64=-3.071e-13|VA/esc=5.0|tier3=Err([NegativeVolume { solid: SolidKey(1v1) }])|classify=Ok(["Void"])
D2|ngon n=17 h=1e-7 dir=(0.0, 0.0, 1.0) d=0e0 a=0.7|upright|exact=+3.071e-13|f64=+3.071e-13|VA/esc=5.0|tier3=Ok(())|classify=Ok(["Outer"])
D2|ngon n=17 h=1e-7 dir=(0.0, 0.0, 1.0) d=0e0 a=0.7|INVERTED|exact=-3.071e-13|f64=-3.071e-13|VA/esc=5.0|tier3=Err([NegativeVolume { solid: SolidKey(1v1) }])|classify=Ok(["Void"])
D2|ngon n=17 h=1e-7 dir=(0.0, 0.0, 1.0) d=1e3 a=0|upright|exact=+3.071e-13|f64=+3.071e-13|VA/esc=5.0|tier3=Ok(())|classify=Ok(["Outer"])
D2|ngon n=17 h=1e-7 dir=(0.0, 0.0, 1.0) d=1e3 a=0|INVERTED|exact=-3.071e-13|f64=-3.071e-13|VA/esc=5.0|tier3=Err([NegativeVolume { solid: SolidKey(1v1) }])|classify=Ok(["Void"])
D2|ngon n=17 h=1e-7 dir=(0.0, 0.0, 1.0) d=1e3 a=0.7|upright|exact=+3.071e-13|f64=+3.071e-13|VA/esc=5.0|tier3=Ok(())|classify=Ok(["Outer"])
D2|ngon n=17 h=1e-7 dir=(0.0, 0.0, 1.0) d=1e3 a=0.7|INVERTED|exact=-3.071e-13|f64=-3.071e-13|VA/esc=5.0|tier3=Err([NegativeVolume { solid: SolidKey(1v1) }])|classify=Ok(["Void"])
D2|ngon n=17 h=1e-7 dir=(0.0, 0.0, 1.0) d=5e3 a=0|upright|exact=+3.071e-13|f64=+3.071e-13|VA/esc=5.0|tier3=Ok(())|classify=Ok(["Outer"])
D2|ngon n=17 h=1e-7 dir=(0.0, 0.0, 1.0) d=5e3 a=0|INVERTED|exact=-3.071e-13|f64=-3.071e-13|VA/esc=5.0|tier3=Err([NegativeVolume { solid: SolidKey(1v1) }])|classify=Ok(["Void"])
D2|ngon n=17 h=1e-7 dir=(0.0, 0.0, 1.0) d=5e3 a=0.7|upright|exact=+3.071e-13|f64=+3.071e-13|VA/esc=5.0|tier3=Ok(())|classify=Ok(["Outer"])
D2|ngon n=17 h=1e-7 dir=(0.0, 0.0, 1.0) d=5e3 a=0.7|INVERTED|exact=-3.071e-13|f64=-3.071e-13|VA/esc=5.0|tier3=Err([NegativeVolume { solid: SolidKey(1v1) }])|classify=Ok(["Void"])
D2|ngon n=17 h=1e-7 dir=(0.0, 0.0, 1.0) d=2e4 a=0|upright|exact=+3.071e-13|f64=+3.071e-13|VA/esc=5.0|tier3=Ok(())|classify=Ok(["Outer"])
D2|ngon n=17 h=1e-7 dir=(0.0, 0.0, 1.0) d=2e4 a=0|INVERTED|exact=-3.071e-13|f64=-3.071e-13|VA/esc=5.0|tier3=Err([NegativeVolume { solid: SolidKey(1v1) }])|classify=Ok(["Void"])
D2|ngon n=17 h=1e-7 dir=(0.0, 0.0, 1.0) d=2e4 a=0.7|upright|exact=+3.071e-13|f64=+3.071e-13|VA/esc=5.0|tier3=Ok(())|classify=Ok(["Outer"])
D2|ngon n=17 h=1e-7 dir=(0.0, 0.0, 1.0) d=2e4 a=0.7|INVERTED|exact=-3.071e-13|f64=-3.071e-13|VA/esc=5.0|tier3=Err([NegativeVolume { solid: SolidKey(1v1) }])|classify=Ok(["Void"])

thread 'probe_d2_sweep::d2_planar_fans' (4537) panicked at crates/sweep/src/test_support.rs:654:6:
the fixture's profile extrudes: SliverJoin { loop_index: 0, vertex_index: 0, source: Indeterminate { margin: MarginDiag(Value(2.454122852291698e-9, None)), terminal_sliver: false, band: Band { zero: 1e-9, escalate: 1e-8 }, predicate: Some("dihedral_wedge") } }
stack backtrace:
   0: __rustc::rust_begin_unwind
             at /rustc/2d8144b7880597b6e6d3dfd63a9a9efae3f533d3/library/std/src/panicking.rs:689:5
   1: core::panicking::panic_fmt
             at /rustc/2d8144b7880597b6e6d3dfd63a9a9efae3f533d3/library/core/src/panicking.rs:80:14
   2: core::result::unwrap_failed
             at /rustc/2d8144b7880597b6e6d3dfd63a9a9efae3f533d3/library/core/src/result.rs:1867:5
   3: <core::result::Result<sweep::extrude::Extruded<f64>, sweep::extrude::ExtrudeError>>::expect
             at /rustc/2d8144b7880597b6e6d3dfd63a9a9efae3f533d3/library/core/src/result.rs:1185:23
   4: sweep::test_support::extruded::<f64>
             at ./src/test_support.rs:654:6
   5: prism_on<f64>
             at ./src/test_support.rs:737:5
   6: sweep::test_support::prism_at::<f64>
             at ./src/test_support.rs:763:5
   7: all::probe_d2_sweep::d2_planar_fans::{closure#1}
             at ./tests/probe_d2_sweep.rs:182:74
   8: <alloc::boxed::Box<dyn core::ops::function::Fn<(), Output = topo::body::Body<f64>> + core::panic::unwind_safe::RefUnwindSafe> as core::ops::function::Fn<()>>::call
             at /rustc/2d8144b7880597b6e6d3dfd63a9a9efae3f533d3/library/alloc/src/boxed.rs:2289:9
   9: all::probe_d2_sweep::d2_planar_fans::{closure#4}
             at ./tests/probe_d2_sweep.rs:193:70
  10: <all::probe_d2_sweep::d2_planar_fans::{closure#4} as core::ops::function::FnOnce<()>>::call_once
             at /rustc/2d8144b7880597b6e6d3dfd63a9a9efae3f533d3/library/core/src/ops/function.rs:250:5
  11: <core::panic::unwind_safe::AssertUnwindSafe<all::probe_d2_sweep::d2_planar_fans::{closure#4}> as core::ops::function::FnOnce<()>>::call_once
             at /rustc/2d8144b7880597b6e6d3dfd63a9a9efae3f533d3/library/core/src/panic/unwind_safe.rs:275:9
  12: do_call<core::panic::unwind_safe::AssertUnwindSafe<all::probe_d2_sweep::d2_planar_fans::{closure_env#4}>, topo::body::Body<f64>>
             at /rustc/2d8144b7880597b6e6d3dfd63a9a9efae3f533d3/library/std/src/panicking.rs:581:40
  13: __rust_try
  14: catch_unwind<topo::body::Body<f64>, core::panic::unwind_safe::AssertUnwindSafe<all::probe_d2_sweep::d2_planar_fans::{closure_env#4}>>
             at /rustc/2d8144b7880597b6e6d3dfd63a9a9efae3f533d3/library/std/src/panicking.rs:544:19
  15: catch_unwind<core::panic::unwind_safe::AssertUnwindSafe<all::probe_d2_sweep::d2_planar_fans::{closure_env#4}>, topo::body::Body<f64>>
             at /rustc/2d8144b7880597b6e6d3dfd63a9a9efae3f533d3/library/std/src/panic.rs:359:14
  16: all::probe_d2_sweep::built::<core::panic::unwind_safe::AssertUnwindSafe<all::probe_d2_sweep::d2_planar_fans::{closure#4}>>
             at ./tests/probe_d2_sweep.rs:54:5
  17: d2_planar_fans
             at ./tests/probe_d2_sweep.rs:193:32
  18: all::probe_d2_sweep::d2_planar_fans::{closure#0}
             at ./tests/probe_d2_sweep.rs:164:20
  19: <all::probe_d2_sweep::d2_planar_fans::{closure#0} as core::ops::function::FnOnce<()>>::call_once
             at /rustc/2d8144b7880597b6e6d3dfd63a9a9efae3f533d3/library/core/src/ops/function.rs:250:5
  20: <fn() -> core::result::Result<(), alloc::string::String> as core::ops::function::FnOnce<()>>::call_once
             at /rustc/2d8144b7880597b6e6d3dfd63a9a9efae3f533d3/library/core/src/ops/function.rs:250:5
note: Some details are omitted, run with `RUST_BACKTRACE=full` for a verbose backtrace.
D2|ngon n=256 h=1e-7|no build at origin
D2|sliver h=1e-7 dir=(0.6, 0.48, 0.64) d=0e0 a=0|upright|exact=+2.000e-16|f64=+2.000e-16|VA/esc=5.0|tier3=Err([LaminaWedge { edge: EdgeKey(4v1) }])|classify=Ok(["Outer"]) <-- VALID REFUSED
D2|sliver h=1e-7 dir=(0.6, 0.48, 0.64) d=0e0 a=0|INVERTED|exact=-2.000e-16|f64=-2.000e-16|VA/esc=5.0|tier3=Err([LaminaWedge { edge: EdgeKey(4v1) }])|classify=Ok(["Void"])
D2|sliver h=1e-7 dir=(0.6, 0.48, 0.64) d=0e0 a=0.7|upright|exact=+2.000e-16|f64=+2.000e-16|VA/esc=5.0|tier3=Err([LaminaWedge { edge: EdgeKey(4v1) }])|classify=Ok(["Outer"]) <-- VALID REFUSED
D2|sliver h=1e-7 dir=(0.6, 0.48, 0.64) d=0e0 a=0.7|INVERTED|exact=-2.000e-16|f64=-2.000e-16|VA/esc=5.0|tier3=Err([LaminaWedge { edge: EdgeKey(4v1) }])|classify=Ok(["Void"])
D2|sliver h=1e-7 dir=(0.6, 0.48, 0.64) d=1e3 a=0|upright|exact=+2.000e-16|f64=+2.000e-16|VA/esc=5.0|tier3=Err([LaminaWedge { edge: EdgeKey(4v1) }])|classify=Ok(["Outer"]) <-- VALID REFUSED
D2|sliver h=1e-7 dir=(0.6, 0.48, 0.64) d=1e3 a=0|INVERTED|exact=-2.000e-16|f64=-2.000e-16|VA/esc=5.0|tier3=Err([LaminaWedge { edge: EdgeKey(4v1) }])|classify=Ok(["Void"])
D2|sliver h=1e-7 dir=(0.6, 0.48, 0.64) d=1e3 a=0.7|upright|exact=+2.000e-16|f64=+2.000e-16|VA/esc=5.0|tier3=Err([LaminaWedge { edge: EdgeKey(4v1) }])|classify=Ok(["Outer"]) <-- VALID REFUSED
D2|sliver h=1e-7 dir=(0.6, 0.48, 0.64) d=1e3 a=0.7|INVERTED|exact=-2.000e-16|f64=-2.000e-16|VA/esc=5.0|tier3=Err([LaminaWedge { edge: EdgeKey(4v1) }])|classify=Ok(["Void"])
D2|sliver h=1e-7 dir=(0.6, 0.48, 0.64) d=5e3 a=0|upright|exact=+2.000e-16|f64=+2.000e-16|VA/esc=5.0|tier3=Err([LaminaWedge { edge: EdgeKey(4v1) }])|classify=Ok(["Outer"]) <-- VALID REFUSED
D2|sliver h=1e-7 dir=(0.6, 0.48, 0.64) d=5e3 a=0|INVERTED|exact=-2.000e-16|f64=-2.000e-16|VA/esc=5.0|tier3=Err([LaminaWedge { edge: EdgeKey(4v1) }])|classify=Ok(["Void"])
D2|sliver h=1e-7 dir=(0.6, 0.48, 0.64) d=5e3 a=0.7|upright|exact=+2.000e-16|f64=+2.117e-16|VA/esc=5.0|tier3=Err([LaminaWedge { edge: EdgeKey(4v1) }])|classify=Ok(["Outer"]) <-- VALID REFUSED
D2|sliver h=1e-7 dir=(0.6, 0.48, 0.64) d=5e3 a=0.7|INVERTED|exact=-2.000e-16|f64=-2.117e-16|VA/esc=5.0|tier3=Err([LaminaWedge { edge: EdgeKey(4v1) }])|classify=Ok(["Void"])
D2|sliver h=1e-7 dir=(0.6, 0.48, 0.64) d=2e4 a=0|upright|exact=+2.000e-16|f64=+2.000e-16|VA/esc=5.0|tier3=Err([LaminaWedge { edge: EdgeKey(4v1) }])|classify=Ok(["Outer"]) <-- VALID REFUSED
D2|sliver h=1e-7 dir=(0.6, 0.48, 0.64) d=2e4 a=0|INVERTED|exact=-2.000e-16|f64=-2.000e-16|VA/esc=5.0|tier3=Err([LaminaWedge { edge: EdgeKey(4v1) }])|classify=Ok(["Void"])
D2|sliver h=1e-7 dir=(0.6, 0.48, 0.64) d=2e4 a=0.7|upright|exact=+2.000e-16|f64=+3.590e-16|VA/esc=5.0|tier3=Err([LaminaWedge { edge: EdgeKey(4v1) }])|classify=Ok(["Outer"]) <-- VALID REFUSED
D2|sliver h=1e-7 dir=(0.6, 0.48, 0.64) d=2e4 a=0.7|INVERTED|exact=-2.000e-16|f64=-3.590e-16|VA/esc=5.0|tier3=Err([LaminaWedge { edge: EdgeKey(4v1) }])|classify=Ok(["Void"])
D2|sliver h=1e-7 dir=(-0.6, -0.48, -0.64) d=0e0 a=0|upright|exact=+2.000e-16|f64=+2.000e-16|VA/esc=5.0|tier3=Err([LaminaWedge { edge: EdgeKey(4v1) }])|classify=Ok(["Outer"]) <-- VALID REFUSED
D2|sliver h=1e-7 dir=(-0.6, -0.48, -0.64) d=0e0 a=0|INVERTED|exact=-2.000e-16|f64=-2.000e-16|VA/esc=5.0|tier3=Err([LaminaWedge { edge: EdgeKey(4v1) }])|classify=Ok(["Void"])
D2|sliver h=1e-7 dir=(-0.6, -0.48, -0.64) d=0e0 a=0.7|upright|exact=+2.000e-16|f64=+2.000e-16|VA/esc=5.0|tier3=Err([LaminaWedge { edge: EdgeKey(4v1) }])|classify=Ok(["Outer"]) <-- VALID REFUSED
D2|sliver h=1e-7 dir=(-0.6, -0.48, -0.64) d=0e0 a=0.7|INVERTED|exact=-2.000e-16|f64=-2.000e-16|VA/esc=5.0|tier3=Err([LaminaWedge { edge: EdgeKey(4v1) }])|classify=Ok(["Void"])
D2|sliver h=1e-7 dir=(-0.6, -0.48, -0.64) d=1e3 a=0|upright|exact=+2.000e-16|f64=+2.000e-16|VA/esc=5.0|tier3=Err([LaminaWedge { edge: EdgeKey(4v1) }])|classify=Ok(["Outer"]) <-- VALID REFUSED
D2|sliver h=1e-7 dir=(-0.6, -0.48, -0.64) d=1e3 a=0|INVERTED|exact=-2.000e-16|f64=-2.000e-16|VA/esc=5.0|tier3=Err([LaminaWedge { edge: EdgeKey(4v1) }])|classify=Ok(["Void"])
D2|sliver h=1e-7 dir=(-0.6, -0.48, -0.64) d=1e3 a=0.7|upright|exact=+2.000e-16|f64=+2.000e-16|VA/esc=5.0|tier3=Err([LaminaWedge { edge: EdgeKey(4v1) }])|classify=Ok(["Outer"]) <-- VALID REFUSED
D2|sliver h=1e-7 dir=(-0.6, -0.48, -0.64) d=1e3 a=0.7|INVERTED|exact=-2.000e-16|f64=-2.000e-16|VA/esc=5.0|tier3=Err([LaminaWedge { edge: EdgeKey(4v1) }])|classify=Ok(["Void"])
D2|sliver h=1e-7 dir=(-0.6, -0.48, -0.64) d=5e3 a=0|upright|exact=+2.000e-16|f64=+2.000e-16|VA/esc=5.0|tier3=Err([LaminaWedge { edge: EdgeKey(4v1) }])|classify=Ok(["Outer"]) <-- VALID REFUSED
D2|sliver h=1e-7 dir=(-0.6, -0.48, -0.64) d=5e3 a=0|INVERTED|exact=-2.000e-16|f64=-2.000e-16|VA/esc=5.0|tier3=Err([LaminaWedge { edge: EdgeKey(4v1) }])|classify=Ok(["Void"])
D2|sliver h=1e-7 dir=(-0.6, -0.48, -0.64) d=5e3 a=0.7|upright|exact=+2.000e-16|f64=+1.883e-16|VA/esc=5.0|tier3=Err([LaminaWedge { edge: EdgeKey(4v1) }])|classify=Ok(["Outer"]) <-- VALID REFUSED
D2|sliver h=1e-7 dir=(-0.6, -0.48, -0.64) d=5e3 a=0.7|INVERTED|exact=-2.000e-16|f64=-1.883e-16|VA/esc=5.0|tier3=Err([LaminaWedge { edge: EdgeKey(4v1) }])|classify=Ok(["Void"])
D2|sliver h=1e-7 dir=(-0.6, -0.48, -0.64) d=2e4 a=0|upright|exact=+2.000e-16|f64=+2.000e-16|VA/esc=5.0|tier3=Err([LaminaWedge { edge: EdgeKey(4v1) }])|classify=Ok(["Outer"]) <-- VALID REFUSED
D2|sliver h=1e-7 dir=(-0.6, -0.48, -0.64) d=2e4 a=0|INVERTED|exact=-2.000e-16|f64=-2.000e-16|VA/esc=5.0|tier3=Err([LaminaWedge { edge: EdgeKey(4v1) }])|classify=Ok(["Void"])
D2|sliver h=1e-7 dir=(-0.6, -0.48, -0.64) d=2e4 a=0.7|upright|exact=+2.000e-16|f64=+4.096e-17|VA/esc=5.0|tier3=Err([LaminaWedge { edge: EdgeKey(4v1) }])|classify=Ok(["Outer"]) <-- VALID REFUSED
D2|sliver h=1e-7 dir=(-0.6, -0.48, -0.64) d=2e4 a=0.7|INVERTED|exact=-2.000e-16|f64=-4.096e-17|VA/esc=5.0|tier3=Err([LaminaWedge { edge: EdgeKey(4v1) }])|classify=Ok(["Void"])
D2|sliver h=1e-7 dir=(0.0, 0.0, 1.0) d=0e0 a=0|upright|exact=+2.000e-16|f64=+2.000e-16|VA/esc=5.0|tier3=Err([LaminaWedge { edge: EdgeKey(4v1) }])|classify=Ok(["Outer"]) <-- VALID REFUSED
D2|sliver h=1e-7 dir=(0.0, 0.0, 1.0) d=0e0 a=0|INVERTED|exact=-2.000e-16|f64=-2.000e-16|VA/esc=5.0|tier3=Err([LaminaWedge { edge: EdgeKey(4v1) }])|classify=Ok(["Void"])
D2|sliver h=1e-7 dir=(0.0, 0.0, 1.0) d=0e0 a=0.7|upright|exact=+2.000e-16|f64=+2.000e-16|VA/esc=5.0|tier3=Err([LaminaWedge { edge: EdgeKey(4v1) }])|classify=Ok(["Outer"]) <-- VALID REFUSED
D2|sliver h=1e-7 dir=(0.0, 0.0, 1.0) d=0e0 a=0.7|INVERTED|exact=-2.000e-16|f64=-2.000e-16|VA/esc=5.0|tier3=Err([LaminaWedge { edge: EdgeKey(4v1) }])|classify=Ok(["Void"])
D2|sliver h=1e-7 dir=(0.0, 0.0, 1.0) d=1e3 a=0|upright|exact=+2.000e-16|f64=+2.000e-16|VA/esc=5.0|tier3=Err([LaminaWedge { edge: EdgeKey(4v1) }])|classify=Ok(["Outer"]) <-- VALID REFUSED
D2|sliver h=1e-7 dir=(0.0, 0.0, 1.0) d=1e3 a=0|INVERTED|exact=-2.000e-16|f64=-2.000e-16|VA/esc=5.0|tier3=Err([LaminaWedge { edge: EdgeKey(4v1) }])|classify=Ok(["Void"])
D2|sliver h=1e-7 dir=(0.0, 0.0, 1.0) d=1e3 a=0.7|upright|exact=+2.000e-16|f64=+2.000e-16|VA/esc=5.0|tier3=Err([LaminaWedge { edge: EdgeKey(4v1) }])|classify=Ok(["Outer"]) <-- VALID REFUSED
D2|sliver h=1e-7 dir=(0.0, 0.0, 1.0) d=1e3 a=0.7|INVERTED|exact=-2.000e-16|f64=-2.000e-16|VA/esc=5.0|tier3=Err([LaminaWedge { edge: EdgeKey(4v1) }])|classify=Ok(["Void"])
D2|sliver h=1e-7 dir=(0.0, 0.0, 1.0) d=5e3 a=0|upright|exact=+2.000e-16|f64=+2.000e-16|VA/esc=5.0|tier3=Err([LaminaWedge { edge: EdgeKey(4v1) }])|classify=Ok(["Outer"]) <-- VALID REFUSED
D2|sliver h=1e-7 dir=(0.0, 0.0, 1.0) d=5e3 a=0|INVERTED|exact=-2.000e-16|f64=-2.000e-16|VA/esc=5.0|tier3=Err([LaminaWedge { edge: EdgeKey(4v1) }])|classify=Ok(["Void"])
D2|sliver h=1e-7 dir=(0.0, 0.0, 1.0) d=5e3 a=0.7|upright|exact=+2.000e-16|f64=+2.000e-16|VA/esc=5.0|tier3=Err([LaminaWedge { edge: EdgeKey(4v1) }])|classify=Ok(["Outer"]) <-- VALID REFUSED
D2|sliver h=1e-7 dir=(0.0, 0.0, 1.0) d=5e3 a=0.7|INVERTED|exact=-2.000e-16|f64=-2.000e-16|VA/esc=5.0|tier3=Err([LaminaWedge { edge: EdgeKey(4v1) }])|classify=Ok(["Void"])
D2|sliver h=1e-7 dir=(0.0, 0.0, 1.0) d=2e4 a=0|upright|exact=+2.000e-16|f64=+2.000e-16|VA/esc=5.0|tier3=Err([LaminaWedge { edge: EdgeKey(4v1) }])|classify=Ok(["Outer"]) <-- VALID REFUSED
D2|sliver h=1e-7 dir=(0.0, 0.0, 1.0) d=2e4 a=0|INVERTED|exact=-2.000e-16|f64=-2.000e-16|VA/esc=5.0|tier3=Err([LaminaWedge { edge: EdgeKey(4v1) }])|classify=Ok(["Void"])
D2|sliver h=1e-7 dir=(0.0, 0.0, 1.0) d=2e4 a=0.7|upright|exact=+2.000e-16|f64=+2.002e-16|VA/esc=5.0|tier3=Err([LaminaWedge { edge: EdgeKey(4v1) }])|classify=Ok(["Outer"]) <-- VALID REFUSED
D2|sliver h=1e-7 dir=(0.0, 0.0, 1.0) d=2e4 a=0.7|INVERTED|exact=-2.000e-16|f64=-2.002e-16|VA/esc=5.0|tier3=Err([LaminaWedge { edge: EdgeKey(4v1) }])|classify=Ok(["Void"])
D2|holed h=1e-7 dir=(0.6, 0.48, 0.64) d=0e0 a=0|upright|exact=+1.286e-12|f64=+1.286e-12|VA/esc=5.0|tier3=Ok(())|classify=Ok(["Outer"])
D2|holed h=1e-7 dir=(0.6, 0.48, 0.64) d=0e0 a=0|INVERTED|exact=-1.286e-12|f64=-1.286e-12|VA/esc=5.0|tier3=Err([NegativeVolume { solid: SolidKey(1v1) }])|classify=Ok(["Void"])
D2|holed h=1e-7 dir=(0.6, 0.48, 0.64) d=0e0 a=0.7|upright|exact=+1.286e-12|f64=+1.286e-12|VA/esc=5.0|tier3=Ok(())|classify=Ok(["Outer"])
D2|holed h=1e-7 dir=(0.6, 0.48, 0.64) d=0e0 a=0.7|INVERTED|exact=-1.286e-12|f64=-1.286e-12|VA/esc=5.0|tier3=Err([NegativeVolume { solid: SolidKey(1v1) }])|classify=Ok(["Void"])
D2|holed h=1e-7 dir=(0.6, 0.48, 0.64) d=1e3 a=0|upright|exact=+1.286e-12|f64=+1.286e-12|VA/esc=5.0|tier3=Ok(())|classify=Ok(["Outer"])
D2|holed h=1e-7 dir=(0.6, 0.48, 0.64) d=1e3 a=0|INVERTED|exact=-1.286e-12|f64=-1.286e-12|VA/esc=5.0|tier3=Err([NegativeVolume { solid: SolidKey(1v1) }])|classify=Ok(["Void"])
D2|holed h=1e-7 dir=(0.6, 0.48, 0.64) d=1e3 a=0.7|upright|exact=+1.286e-12|f64=+1.286e-12|VA/esc=5.0|tier3=Ok(())|classify=Ok(["Outer"])
D2|holed h=1e-7 dir=(0.6, 0.48, 0.64) d=1e3 a=0.7|INVERTED|exact=-1.286e-12|f64=-1.286e-12|VA/esc=5.0|tier3=Err([NegativeVolume { solid: SolidKey(1v1) }])|classify=Ok(["Void"])
D2|holed h=1e-7 dir=(0.6, 0.48, 0.64) d=5e3 a=0|upright|exact=+1.286e-12|f64=+1.286e-12|VA/esc=5.0|tier3=Ok(())|classify=Ok(["Outer"])
D2|holed h=1e-7 dir=(0.6, 0.48, 0.64) d=5e3 a=0|INVERTED|exact=-1.286e-12|f64=-1.286e-12|VA/esc=5.0|tier3=Err([NegativeVolume { solid: SolidKey(1v1) }])|classify=Ok(["Void"])
D2|holed h=1e-7 dir=(0.6, 0.48, 0.64) d=5e3 a=0.7|upright|exact=+1.286e-12|f64=+1.286e-12|VA/esc=5.0|tier3=Ok(())|classify=Ok(["Outer"])
D2|holed h=1e-7 dir=(0.6, 0.48, 0.64) d=5e3 a=0.7|INVERTED|exact=-1.286e-12|f64=-1.286e-12|VA/esc=5.0|tier3=Err([NegativeVolume { solid: SolidKey(1v1) }])|classify=Ok(["Void"])
D2|holed h=1e-7 dir=(0.6, 0.48, 0.64) d=2e4 a=0|upright|exact=+1.286e-12|f64=+1.286e-12|VA/esc=5.0|tier3=Ok(())|classify=Ok(["Outer"])
D2|holed h=1e-7 dir=(0.6, 0.48, 0.64) d=2e4 a=0|INVERTED|exact=-1.286e-12|f64=-1.286e-12|VA/esc=5.0|tier3=Err([NegativeVolume { solid: SolidKey(1v1) }])|classify=Ok(["Void"])
D2|holed h=1e-7 dir=(0.6, 0.48, 0.64) d=2e4 a=0.7|upright|exact=+1.286e-12|f64=+1.286e-12|VA/esc=5.0|tier3=Ok(())|classify=Ok(["Outer"])
D2|holed h=1e-7 dir=(0.6, 0.48, 0.64) d=2e4 a=0.7|INVERTED|exact=-1.286e-12|f64=-1.286e-12|VA/esc=5.0|tier3=Err([NegativeVolume { solid: SolidKey(1v1) }])|classify=Ok(["Void"])
D2|holed h=1e-7 dir=(-0.6, -0.48, -0.64) d=0e0 a=0|upright|exact=+1.286e-12|f64=+1.286e-12|VA/esc=5.0|tier3=Ok(())|classify=Ok(["Outer"])
D2|holed h=1e-7 dir=(-0.6, -0.48, -0.64) d=0e0 a=0|INVERTED|exact=-1.286e-12|f64=-1.286e-12|VA/esc=5.0|tier3=Err([NegativeVolume { solid: SolidKey(1v1) }])|classify=Ok(["Void"])
D2|holed h=1e-7 dir=(-0.6, -0.48, -0.64) d=0e0 a=0.7|upright|exact=+1.286e-12|f64=+1.286e-12|VA/esc=5.0|tier3=Ok(())|classify=Ok(["Outer"])
D2|holed h=1e-7 dir=(-0.6, -0.48, -0.64) d=0e0 a=0.7|INVERTED|exact=-1.286e-12|f64=-1.286e-12|VA/esc=5.0|tier3=Err([NegativeVolume { solid: SolidKey(1v1) }])|classify=Ok(["Void"])
D2|holed h=1e-7 dir=(-0.6, -0.48, -0.64) d=1e3 a=0|upright|exact=+1.286e-12|f64=+1.286e-12|VA/esc=5.0|tier3=Ok(())|classify=Ok(["Outer"])
D2|holed h=1e-7 dir=(-0.6, -0.48, -0.64) d=1e3 a=0|INVERTED|exact=-1.286e-12|f64=-1.286e-12|VA/esc=5.0|tier3=Err([NegativeVolume { solid: SolidKey(1v1) }])|classify=Ok(["Void"])
D2|holed h=1e-7 dir=(-0.6, -0.48, -0.64) d=1e3 a=0.7|upright|exact=+1.286e-12|f64=+1.286e-12|VA/esc=5.0|tier3=Ok(())|classify=Ok(["Outer"])
D2|holed h=1e-7 dir=(-0.6, -0.48, -0.64) d=1e3 a=0.7|INVERTED|exact=-1.286e-12|f64=-1.286e-12|VA/esc=5.0|tier3=Err([NegativeVolume { solid: SolidKey(1v1) }])|classify=Ok(["Void"])
D2|holed h=1e-7 dir=(-0.6, -0.48, -0.64) d=5e3 a=0|upright|exact=+1.286e-12|f64=+1.286e-12|VA/esc=5.0|tier3=Ok(())|classify=Ok(["Outer"])
D2|holed h=1e-7 dir=(-0.6, -0.48, -0.64) d=5e3 a=0|INVERTED|exact=-1.286e-12|f64=-1.286e-12|VA/esc=5.0|tier3=Err([NegativeVolume { solid: SolidKey(1v1) }])|classify=Ok(["Void"])
D2|holed h=1e-7 dir=(-0.6, -0.48, -0.64) d=5e3 a=0.7|upright|exact=+1.286e-12|f64=+1.286e-12|VA/esc=5.0|tier3=Ok(())|classify=Ok(["Outer"])
D2|holed h=1e-7 dir=(-0.6, -0.48, -0.64) d=5e3 a=0.7|INVERTED|exact=-1.286e-12|f64=-1.286e-12|VA/esc=5.0|tier3=Err([NegativeVolume { solid: SolidKey(1v1) }])|classify=Ok(["Void"])
D2|holed h=1e-7 dir=(-0.6, -0.48, -0.64) d=2e4 a=0|upright|exact=+1.286e-12|f64=+1.286e-12|VA/esc=5.0|tier3=Ok(())|classify=Ok(["Outer"])
D2|holed h=1e-7 dir=(-0.6, -0.48, -0.64) d=2e4 a=0|INVERTED|exact=-1.286e-12|f64=-1.286e-12|VA/esc=5.0|tier3=Err([NegativeVolume { solid: SolidKey(1v1) }])|classify=Ok(["Void"])
D2|holed h=1e-7 dir=(-0.6, -0.48, -0.64) d=2e4 a=0.7|upright|exact=+1.286e-12|f64=+1.286e-12|VA/esc=5.0|tier3=Ok(())|classify=Ok(["Outer"])
D2|holed h=1e-7 dir=(-0.6, -0.48, -0.64) d=2e4 a=0.7|INVERTED|exact=-1.286e-12|f64=-1.286e-12|VA/esc=5.0|tier3=Err([NegativeVolume { solid: SolidKey(1v1) }])|classify=Ok(["Void"])
D2|holed h=1e-7 dir=(0.0, 0.0, 1.0) d=0e0 a=0|upright|exact=+1.286e-12|f64=+1.286e-12|VA/esc=5.0|tier3=Ok(())|classify=Ok(["Outer"])
D2|holed h=1e-7 dir=(0.0, 0.0, 1.0) d=0e0 a=0|INVERTED|exact=-1.286e-12|f64=-1.286e-12|VA/esc=5.0|tier3=Err([NegativeVolume { solid: SolidKey(1v1) }])|classify=Ok(["Void"])
D2|holed h=1e-7 dir=(0.0, 0.0, 1.0) d=0e0 a=0.7|upright|exact=+1.286e-12|f64=+1.286e-12|VA/esc=5.0|tier3=Ok(())|classify=Ok(["Outer"])
D2|holed h=1e-7 dir=(0.0, 0.0, 1.0) d=0e0 a=0.7|INVERTED|exact=-1.286e-12|f64=-1.286e-12|VA/esc=5.0|tier3=Err([NegativeVolume { solid: SolidKey(1v1) }])|classify=Ok(["Void"])
D2|holed h=1e-7 dir=(0.0, 0.0, 1.0) d=1e3 a=0|upright|exact=+1.286e-12|f64=+1.286e-12|VA/esc=5.0|tier3=Ok(())|classify=Ok(["Outer"])
D2|holed h=1e-7 dir=(0.0, 0.0, 1.0) d=1e3 a=0|INVERTED|exact=-1.286e-12|f64=-1.286e-12|VA/esc=5.0|tier3=Err([NegativeVolume { solid: SolidKey(1v1) }])|classify=Ok(["Void"])
D2|holed h=1e-7 dir=(0.0, 0.0, 1.0) d=1e3 a=0.7|upright|exact=+1.286e-12|f64=+1.286e-12|VA/esc=5.0|tier3=Ok(())|classify=Ok(["Outer"])
D2|holed h=1e-7 dir=(0.0, 0.0, 1.0) d=1e3 a=0.7|INVERTED|exact=-1.286e-12|f64=-1.286e-12|VA/esc=5.0|tier3=Err([NegativeVolume { solid: SolidKey(1v1) }])|classify=Ok(["Void"])
D2|holed h=1e-7 dir=(0.0, 0.0, 1.0) d=5e3 a=0|upright|exact=+1.286e-12|f64=+1.286e-12|VA/esc=5.0|tier3=Ok(())|classify=Ok(["Outer"])
D2|holed h=1e-7 dir=(0.0, 0.0, 1.0) d=5e3 a=0|INVERTED|exact=-1.286e-12|f64=-1.286e-12|VA/esc=5.0|tier3=Err([NegativeVolume { solid: SolidKey(1v1) }])|classify=Ok(["Void"])
D2|holed h=1e-7 dir=(0.0, 0.0, 1.0) d=5e3 a=0.7|upright|exact=+1.286e-12|f64=+1.286e-12|VA/esc=5.0|tier3=Ok(())|classify=Ok(["Outer"])
D2|holed h=1e-7 dir=(0.0, 0.0, 1.0) d=5e3 a=0.7|INVERTED|exact=-1.286e-12|f64=-1.286e-12|VA/esc=5.0|tier3=Err([NegativeVolume { solid: SolidKey(1v1) }])|classify=Ok(["Void"])
D2|holed h=1e-7 dir=(0.0, 0.0, 1.0) d=2e4 a=0|upright|exact=+1.286e-12|f64=+1.286e-12|VA/esc=5.0|tier3=Ok(())|classify=Ok(["Outer"])
D2|holed h=1e-7 dir=(0.0, 0.0, 1.0) d=2e4 a=0|INVERTED|exact=-1.286e-12|f64=-1.286e-12|VA/esc=5.0|tier3=Err([NegativeVolume { solid: SolidKey(1v1) }])|classify=Ok(["Void"])
D2|holed h=1e-7 dir=(0.0, 0.0, 1.0) d=2e4 a=0.7|upright|exact=+1.286e-12|f64=+1.286e-12|VA/esc=5.0|tier3=Ok(())|classify=Ok(["Outer"])
D2|holed h=1e-7 dir=(0.0, 0.0, 1.0) d=2e4 a=0.7|INVERTED|exact=-1.286e-12|f64=-1.286e-12|VA/esc=5.0|tier3=Err([NegativeVolume { solid: SolidKey(1v1) }])|classify=Ok(["Void"])
D2|ngon n=3 h=1e-6 dir=(0.6, 0.48, 0.64) d=0e0 a=0|upright|exact=+1.299e-12|f64=+1.299e-12|VA/esc=50.0|tier3=Ok(())|classify=Ok(["Outer"])
D2|ngon n=3 h=1e-6 dir=(0.6, 0.48, 0.64) d=0e0 a=0|INVERTED|exact=-1.299e-12|f64=-1.299e-12|VA/esc=50.0|tier3=Err([NegativeVolume { solid: SolidKey(1v1) }])|classify=Ok(["Void"])
D2|ngon n=3 h=1e-6 dir=(0.6, 0.48, 0.64) d=0e0 a=0.7|upright|exact=+1.299e-12|f64=+1.299e-12|VA/esc=50.0|tier3=Ok(())|classify=Ok(["Outer"])
D2|ngon n=3 h=1e-6 dir=(0.6, 0.48, 0.64) d=0e0 a=0.7|INVERTED|exact=-1.299e-12|f64=-1.299e-12|VA/esc=50.0|tier3=Err([NegativeVolume { solid: SolidKey(1v1) }])|classify=Ok(["Void"])
D2|ngon n=3 h=1e-6 dir=(0.6, 0.48, 0.64) d=1e3 a=0|upright|exact=+1.299e-12|f64=+1.299e-12|VA/esc=50.0|tier3=Ok(())|classify=Ok(["Outer"])
D2|ngon n=3 h=1e-6 dir=(0.6, 0.48, 0.64) d=1e3 a=0|INVERTED|exact=-1.299e-12|f64=-1.299e-12|VA/esc=50.0|tier3=Err([NegativeVolume { solid: SolidKey(1v1) }])|classify=Ok(["Void"])
D2|ngon n=3 h=1e-6 dir=(0.6, 0.48, 0.64) d=1e3 a=0.7|upright|exact=+1.299e-12|f64=+1.299e-12|VA/esc=50.0|tier3=Ok(())|classify=Ok(["Outer"])
D2|ngon n=3 h=1e-6 dir=(0.6, 0.48, 0.64) d=1e3 a=0.7|INVERTED|exact=-1.299e-12|f64=-1.299e-12|VA/esc=50.0|tier3=Err([NegativeVolume { solid: SolidKey(1v1) }])|classify=Ok(["Void"])
D2|ngon n=3 h=1e-6 dir=(0.6, 0.48, 0.64) d=5e3 a=0|upright|exact=+1.299e-12|f64=+1.299e-12|VA/esc=50.0|tier3=Ok(())|classify=Ok(["Outer"])
D2|ngon n=3 h=1e-6 dir=(0.6, 0.48, 0.64) d=5e3 a=0|INVERTED|exact=-1.299e-12|f64=-1.299e-12|VA/esc=50.0|tier3=Err([NegativeVolume { solid: SolidKey(1v1) }])|classify=Ok(["Void"])
D2|ngon n=3 h=1e-6 dir=(0.6, 0.48, 0.64) d=5e3 a=0.7|upright|exact=+1.299e-12|f64=+1.299e-12|VA/esc=50.0|tier3=Ok(())|classify=Ok(["Outer"])
D2|ngon n=3 h=1e-6 dir=(0.6, 0.48, 0.64) d=5e3 a=0.7|INVERTED|exact=-1.299e-12|f64=-1.299e-12|VA/esc=50.0|tier3=Err([NegativeVolume { solid: SolidKey(1v1) }])|classify=Ok(["Void"])
D2|ngon n=3 h=1e-6 dir=(0.6, 0.48, 0.64) d=2e4 a=0|upright|exact=+1.299e-12|f64=+1.303e-12|VA/esc=50.0|tier3=Ok(())|classify=Ok(["Outer"])
D2|ngon n=3 h=1e-6 dir=(0.6, 0.48, 0.64) d=2e4 a=0|INVERTED|exact=-1.299e-12|f64=-1.303e-12|VA/esc=50.0|tier3=Err([NegativeVolume { solid: SolidKey(1v1) }])|classify=Ok(["Void"])
D2|ngon n=3 h=1e-6 dir=(0.6, 0.48, 0.64) d=2e4 a=0.7|upright|exact=+1.299e-12|f64=+1.296e-12|VA/esc=50.0|tier3=Ok(())|classify=Ok(["Outer"])
D2|ngon n=3 h=1e-6 dir=(0.6, 0.48, 0.64) d=2e4 a=0.7|INVERTED|exact=-1.299e-12|f64=-1.296e-12|VA/esc=50.0|tier3=Err([NegativeVolume { solid: SolidKey(1v1) }])|classify=Ok(["Void"])
D2|ngon n=3 h=1e-6 dir=(-0.6, -0.48, -0.64) d=0e0 a=0|upright|exact=+1.299e-12|f64=+1.299e-12|VA/esc=50.0|tier3=Ok(())|classify=Ok(["Outer"])
D2|ngon n=3 h=1e-6 dir=(-0.6, -0.48, -0.64) d=0e0 a=0|INVERTED|exact=-1.299e-12|f64=-1.299e-12|VA/esc=50.0|tier3=Err([NegativeVolume { solid: SolidKey(1v1) }])|classify=Ok(["Void"])
D2|ngon n=3 h=1e-6 dir=(-0.6, -0.48, -0.64) d=0e0 a=0.7|upright|exact=+1.299e-12|f64=+1.299e-12|VA/esc=50.0|tier3=Ok(())|classify=Ok(["Outer"])
D2|ngon n=3 h=1e-6 dir=(-0.6, -0.48, -0.64) d=0e0 a=0.7|INVERTED|exact=-1.299e-12|f64=-1.299e-12|VA/esc=50.0|tier3=Err([NegativeVolume { solid: SolidKey(1v1) }])|classify=Ok(["Void"])
D2|ngon n=3 h=1e-6 dir=(-0.6, -0.48, -0.64) d=1e3 a=0|upright|exact=+1.299e-12|f64=+1.299e-12|VA/esc=50.0|tier3=Ok(())|classify=Ok(["Outer"])
D2|ngon n=3 h=1e-6 dir=(-0.6, -0.48, -0.64) d=1e3 a=0|INVERTED|exact=-1.299e-12|f64=-1.299e-12|VA/esc=50.0|tier3=Err([NegativeVolume { solid: SolidKey(1v1) }])|classify=Ok(["Void"])
D2|ngon n=3 h=1e-6 dir=(-0.6, -0.48, -0.64) d=1e3 a=0.7|upright|exact=+1.299e-12|f64=+1.299e-12|VA/esc=50.0|tier3=Ok(())|classify=Ok(["Outer"])
D2|ngon n=3 h=1e-6 dir=(-0.6, -0.48, -0.64) d=1e3 a=0.7|INVERTED|exact=-1.299e-12|f64=-1.299e-12|VA/esc=50.0|tier3=Err([NegativeVolume { solid: SolidKey(1v1) }])|classify=Ok(["Void"])
D2|ngon n=3 h=1e-6 dir=(-0.6, -0.48, -0.64) d=5e3 a=0|upright|exact=+1.299e-12|f64=+1.299e-12|VA/esc=50.0|tier3=Ok(())|classify=Ok(["Outer"])
D2|ngon n=3 h=1e-6 dir=(-0.6, -0.48, -0.64) d=5e3 a=0|INVERTED|exact=-1.299e-12|f64=-1.299e-12|VA/esc=50.0|tier3=Err([NegativeVolume { solid: SolidKey(1v1) }])|classify=Ok(["Void"])
D2|ngon n=3 h=1e-6 dir=(-0.6, -0.48, -0.64) d=5e3 a=0.7|upright|exact=+1.299e-12|f64=+1.299e-12|VA/esc=50.0|tier3=Ok(())|classify=Ok(["Outer"])
D2|ngon n=3 h=1e-6 dir=(-0.6, -0.48, -0.64) d=5e3 a=0.7|INVERTED|exact=-1.299e-12|f64=-1.299e-12|VA/esc=50.0|tier3=Err([NegativeVolume { solid: SolidKey(1v1) }])|classify=Ok(["Void"])
D2|ngon n=3 h=1e-6 dir=(-0.6, -0.48, -0.64) d=2e4 a=0|upright|exact=+1.299e-12|f64=+1.295e-12|VA/esc=50.0|tier3=Ok(())|classify=Ok(["Outer"])
D2|ngon n=3 h=1e-6 dir=(-0.6, -0.48, -0.64) d=2e4 a=0|INVERTED|exact=-1.299e-12|f64=-1.295e-12|VA/esc=50.0|tier3=Err([NegativeVolume { solid: SolidKey(1v1) }])|classify=Ok(["Void"])
D2|ngon n=3 h=1e-6 dir=(-0.6, -0.48, -0.64) d=2e4 a=0.7|upright|exact=+1.299e-12|f64=+1.303e-12|VA/esc=50.0|tier3=Ok(())|classify=Ok(["Outer"])
D2|ngon n=3 h=1e-6 dir=(-0.6, -0.48, -0.64) d=2e4 a=0.7|INVERTED|exact=-1.299e-12|f64=-1.303e-12|VA/esc=50.0|tier3=Err([NegativeVolume { solid: SolidKey(1v1) }])|classify=Ok(["Void"])
D2|ngon n=3 h=1e-6 dir=(0.0, 0.0, 1.0) d=0e0 a=0|upright|exact=+1.299e-12|f64=+1.299e-12|VA/esc=50.0|tier3=Ok(())|classify=Ok(["Outer"])
D2|ngon n=3 h=1e-6 dir=(0.0, 0.0, 1.0) d=0e0 a=0|INVERTED|exact=-1.299e-12|f64=-1.299e-12|VA/esc=50.0|tier3=Err([NegativeVolume { solid: SolidKey(1v1) }])|classify=Ok(["Void"])
D2|ngon n=3 h=1e-6 dir=(0.0, 0.0, 1.0) d=0e0 a=0.7|upright|exact=+1.299e-12|f64=+1.299e-12|VA/esc=50.0|tier3=Ok(())|classify=Ok(["Outer"])
D2|ngon n=3 h=1e-6 dir=(0.0, 0.0, 1.0) d=0e0 a=0.7|INVERTED|exact=-1.299e-12|f64=-1.299e-12|VA/esc=50.0|tier3=Err([NegativeVolume { solid: SolidKey(1v1) }])|classify=Ok(["Void"])
D2|ngon n=3 h=1e-6 dir=(0.0, 0.0, 1.0) d=1e3 a=0|upright|exact=+1.299e-12|f64=+1.299e-12|VA/esc=50.0|tier3=Ok(())|classify=Ok(["Outer"])
D2|ngon n=3 h=1e-6 dir=(0.0, 0.0, 1.0) d=1e3 a=0|INVERTED|exact=-1.299e-12|f64=-1.299e-12|VA/esc=50.0|tier3=Err([NegativeVolume { solid: SolidKey(1v1) }])|classify=Ok(["Void"])
D2|ngon n=3 h=1e-6 dir=(0.0, 0.0, 1.0) d=1e3 a=0.7|upright|exact=+1.299e-12|f64=+1.299e-12|VA/esc=50.0|tier3=Ok(())|classify=Ok(["Outer"])
D2|ngon n=3 h=1e-6 dir=(0.0, 0.0, 1.0) d=1e3 a=0.7|INVERTED|exact=-1.299e-12|f64=-1.299e-12|VA/esc=50.0|tier3=Err([NegativeVolume { solid: SolidKey(1v1) }])|classify=Ok(["Void"])
D2|ngon n=3 h=1e-6 dir=(0.0, 0.0, 1.0) d=5e3 a=0|upright|exact=+1.299e-12|f64=+1.299e-12|VA/esc=50.0|tier3=Ok(())|classify=Ok(["Outer"])
D2|ngon n=3 h=1e-6 dir=(0.0, 0.0, 1.0) d=5e3 a=0|INVERTED|exact=-1.299e-12|f64=-1.299e-12|VA/esc=50.0|tier3=Err([NegativeVolume { solid: SolidKey(1v1) }])|classify=Ok(["Void"])
D2|ngon n=3 h=1e-6 dir=(0.0, 0.0, 1.0) d=5e3 a=0.7|upright|exact=+1.299e-12|f64=+1.299e-12|VA/esc=50.0|tier3=Ok(())|classify=Ok(["Outer"])
D2|ngon n=3 h=1e-6 dir=(0.0, 0.0, 1.0) d=5e3 a=0.7|INVERTED|exact=-1.299e-12|f64=-1.299e-12|VA/esc=50.0|tier3=Err([NegativeVolume { solid: SolidKey(1v1) }])|classify=Ok(["Void"])
D2|ngon n=3 h=1e-6 dir=(0.0, 0.0, 1.0) d=2e4 a=0|upright|exact=+1.299e-12|f64=+1.299e-12|VA/esc=50.0|tier3=Ok(())|classify=Ok(["Outer"])
D2|ngon n=3 h=1e-6 dir=(0.0, 0.0, 1.0) d=2e4 a=0|INVERTED|exact=-1.299e-12|f64=-1.299e-12|VA/esc=50.0|tier3=Err([NegativeVolume { solid: SolidKey(1v1) }])|classify=Ok(["Void"])
D2|ngon n=3 h=1e-6 dir=(0.0, 0.0, 1.0) d=2e4 a=0.7|upright|exact=+1.299e-12|f64=+1.299e-12|VA/esc=50.0|tier3=Ok(())|classify=Ok(["Outer"])
D2|ngon n=3 h=1e-6 dir=(0.0, 0.0, 1.0) d=2e4 a=0.7|INVERTED|exact=-1.299e-12|f64=-1.299e-12|VA/esc=50.0|tier3=Err([NegativeVolume { solid: SolidKey(1v1) }])|classify=Ok(["Void"])
D2|ngon n=17 h=1e-6 dir=(0.6, 0.48, 0.64) d=0e0 a=0|upright|exact=+3.071e-12|f64=+3.071e-12|VA/esc=50.0|tier3=Ok(())|classify=Ok(["Outer"])
D2|ngon n=17 h=1e-6 dir=(0.6, 0.48, 0.64) d=0e0 a=0|INVERTED|exact=-3.071e-12|f64=-3.071e-12|VA/esc=50.0|tier3=Err([NegativeVolume { solid: SolidKey(1v1) }])|classify=Ok(["Void"])
D2|ngon n=17 h=1e-6 dir=(0.6, 0.48, 0.64) d=0e0 a=0.7|upright|exact=+3.071e-12|f64=+3.071e-12|VA/esc=50.0|tier3=Ok(())|classify=Ok(["Outer"])
D2|ngon n=17 h=1e-6 dir=(0.6, 0.48, 0.64) d=0e0 a=0.7|INVERTED|exact=-3.071e-12|f64=-3.071e-12|VA/esc=50.0|tier3=Err([NegativeVolume { solid: SolidKey(1v1) }])|classify=Ok(["Void"])
D2|ngon n=17 h=1e-6 dir=(0.6, 0.48, 0.64) d=1e3 a=0|upright|exact=+3.071e-12|f64=+3.071e-12|VA/esc=50.0|tier3=Ok(())|classify=Ok(["Outer"])
D2|ngon n=17 h=1e-6 dir=(0.6, 0.48, 0.64) d=1e3 a=0|INVERTED|exact=-3.071e-12|f64=-3.071e-12|VA/esc=50.0|tier3=Err([NegativeVolume { solid: SolidKey(1v1) }])|classify=Ok(["Void"])
D2|ngon n=17 h=1e-6 dir=(0.6, 0.48, 0.64) d=1e3 a=0.7|upright|exact=+3.071e-12|f64=+3.071e-12|VA/esc=50.0|tier3=Ok(())|classify=Ok(["Outer"])
D2|ngon n=17 h=1e-6 dir=(0.6, 0.48, 0.64) d=1e3 a=0.7|INVERTED|exact=-3.071e-12|f64=-3.071e-12|VA/esc=50.0|tier3=Err([NegativeVolume { solid: SolidKey(1v1) }])|classify=Ok(["Void"])
D2|ngon n=17 h=1e-6 dir=(0.6, 0.48, 0.64) d=5e3 a=0|upright|exact=+3.071e-12|f64=+3.071e-12|VA/esc=50.0|tier3=Ok(())|classify=Ok(["Outer"])
D2|ngon n=17 h=1e-6 dir=(0.6, 0.48, 0.64) d=5e3 a=0|INVERTED|exact=-3.071e-12|f64=-3.071e-12|VA/esc=50.0|tier3=Err([NegativeVolume { solid: SolidKey(1v1) }])|classify=Ok(["Void"])
D2|ngon n=17 h=1e-6 dir=(0.6, 0.48, 0.64) d=5e3 a=0.7|upright|exact=+3.071e-12|f64=+3.070e-12|VA/esc=50.0|tier3=Ok(())|classify=Ok(["Outer"])
D2|ngon n=17 h=1e-6 dir=(0.6, 0.48, 0.64) d=5e3 a=0.7|INVERTED|exact=-3.071e-12|f64=-3.070e-12|VA/esc=50.0|tier3=Err([NegativeVolume { solid: SolidKey(1v1) }])|classify=Ok(["Void"])
D2|ngon n=17 h=1e-6 dir=(0.6, 0.48, 0.64) d=2e4 a=0|upright|exact=+3.071e-12|f64=+3.081e-12|VA/esc=50.0|tier3=Ok(())|classify=Ok(["Outer"])
D2|ngon n=17 h=1e-6 dir=(0.6, 0.48, 0.64) d=2e4 a=0|INVERTED|exact=-3.071e-12|f64=-3.081e-12|VA/esc=50.0|tier3=Err([NegativeVolume { solid: SolidKey(1v1) }])|classify=Ok(["Void"])
D2|ngon n=17 h=1e-6 dir=(0.6, 0.48, 0.64) d=2e4 a=0.7|upright|exact=+3.071e-12|f64=+3.078e-12|VA/esc=50.0|tier3=Ok(())|classify=Ok(["Outer"])
D2|ngon n=17 h=1e-6 dir=(0.6, 0.48, 0.64) d=2e4 a=0.7|INVERTED|exact=-3.071e-12|f64=-3.078e-12|VA/esc=50.0|tier3=Err([NegativeVolume { solid: SolidKey(1v1) }])|classify=Ok(["Void"])
D2|ngon n=17 h=1e-6 dir=(-0.6, -0.48, -0.64) d=0e0 a=0|upright|exact=+3.071e-12|f64=+3.071e-12|VA/esc=50.0|tier3=Ok(())|classify=Ok(["Outer"])
D2|ngon n=17 h=1e-6 dir=(-0.6, -0.48, -0.64) d=0e0 a=0|INVERTED|exact=-3.071e-12|f64=-3.071e-12|VA/esc=50.0|tier3=Err([NegativeVolume { solid: SolidKey(1v1) }])|classify=Ok(["Void"])
D2|ngon n=17 h=1e-6 dir=(-0.6, -0.48, -0.64) d=0e0 a=0.7|upright|exact=+3.071e-12|f64=+3.071e-12|VA/esc=50.0|tier3=Ok(())|classify=Ok(["Outer"])
D2|ngon n=17 h=1e-6 dir=(-0.6, -0.48, -0.64) d=0e0 a=0.7|INVERTED|exact=-3.071e-12|f64=-3.071e-12|VA/esc=50.0|tier3=Err([NegativeVolume { solid: SolidKey(1v1) }])|classify=Ok(["Void"])
D2|ngon n=17 h=1e-6 dir=(-0.6, -0.48, -0.64) d=1e3 a=0|upright|exact=+3.071e-12|f64=+3.071e-12|VA/esc=50.0|tier3=Ok(())|classify=Ok(["Outer"])
D2|ngon n=17 h=1e-6 dir=(-0.6, -0.48, -0.64) d=1e3 a=0|INVERTED|exact=-3.071e-12|f64=-3.071e-12|VA/esc=50.0|tier3=Err([NegativeVolume { solid: SolidKey(1v1) }])|classify=Ok(["Void"])
D2|ngon n=17 h=1e-6 dir=(-0.6, -0.48, -0.64) d=1e3 a=0.7|upright|exact=+3.071e-12|f64=+3.071e-12|VA/esc=50.0|tier3=Ok(())|classify=Ok(["Outer"])
D2|ngon n=17 h=1e-6 dir=(-0.6, -0.48, -0.64) d=1e3 a=0.7|INVERTED|exact=-3.071e-12|f64=-3.071e-12|VA/esc=50.0|tier3=Err([NegativeVolume { solid: SolidKey(1v1) }])|classify=Ok(["Void"])
D2|ngon n=17 h=1e-6 dir=(-0.6, -0.48, -0.64) d=5e3 a=0|upright|exact=+3.071e-12|f64=+3.070e-12|VA/esc=50.0|tier3=Ok(())|classify=Ok(["Outer"])
D2|ngon n=17 h=1e-6 dir=(-0.6, -0.48, -0.64) d=5e3 a=0|INVERTED|exact=-3.071e-12|f64=-3.070e-12|VA/esc=50.0|tier3=Err([NegativeVolume { solid: SolidKey(1v1) }])|classify=Ok(["Void"])
D2|ngon n=17 h=1e-6 dir=(-0.6, -0.48, -0.64) d=5e3 a=0.7|upright|exact=+3.071e-12|f64=+3.071e-12|VA/esc=50.0|tier3=Ok(())|classify=Ok(["Outer"])
D2|ngon n=17 h=1e-6 dir=(-0.6, -0.48, -0.64) d=5e3 a=0.7|INVERTED|exact=-3.071e-12|f64=-3.071e-12|VA/esc=50.0|tier3=Err([NegativeVolume { solid: SolidKey(1v1) }])|classify=Ok(["Void"])
D2|ngon n=17 h=1e-6 dir=(-0.6, -0.48, -0.64) d=2e4 a=0|upright|exact=+3.071e-12|f64=+3.060e-12|VA/esc=50.0|tier3=Ok(())|classify=Ok(["Outer"])
D2|ngon n=17 h=1e-6 dir=(-0.6, -0.48, -0.64) d=2e4 a=0|INVERTED|exact=-3.071e-12|f64=-3.060e-12|VA/esc=50.0|tier3=Err([NegativeVolume { solid: SolidKey(1v1) }])|classify=Ok(["Void"])
D2|ngon n=17 h=1e-6 dir=(-0.6, -0.48, -0.64) d=2e4 a=0.7|upright|exact=+3.071e-12|f64=+3.063e-12|VA/esc=50.0|tier3=Ok(())|classify=Ok(["Outer"])
D2|ngon n=17 h=1e-6 dir=(-0.6, -0.48, -0.64) d=2e4 a=0.7|INVERTED|exact=-3.071e-12|f64=-3.063e-12|VA/esc=50.0|tier3=Err([NegativeVolume { solid: SolidKey(1v1) }])|classify=Ok(["Void"])
D2|ngon n=17 h=1e-6 dir=(0.0, 0.0, 1.0) d=0e0 a=0|upright|exact=+3.071e-12|f64=+3.071e-12|VA/esc=50.0|tier3=Ok(())|classify=Ok(["Outer"])
D2|ngon n=17 h=1e-6 dir=(0.0, 0.0, 1.0) d=0e0 a=0|INVERTED|exact=-3.071e-12|f64=-3.071e-12|VA/esc=50.0|tier3=Err([NegativeVolume { solid: SolidKey(1v1) }])|classify=Ok(["Void"])
D2|ngon n=17 h=1e-6 dir=(0.0, 0.0, 1.0) d=0e0 a=0.7|upright|exact=+3.071e-12|f64=+3.071e-12|VA/esc=50.0|tier3=Ok(())|classify=Ok(["Outer"])
D2|ngon n=17 h=1e-6 dir=(0.0, 0.0, 1.0) d=0e0 a=0.7|INVERTED|exact=-3.071e-12|f64=-3.071e-12|VA/esc=50.0|tier3=Err([NegativeVolume { solid: SolidKey(1v1) }])|classify=Ok(["Void"])
D2|ngon n=17 h=1e-6 dir=(0.0, 0.0, 1.0) d=1e3 a=0|upright|exact=+3.071e-12|f64=+3.071e-12|VA/esc=50.0|tier3=Ok(())|classify=Ok(["Outer"])
D2|ngon n=17 h=1e-6 dir=(0.0, 0.0, 1.0) d=1e3 a=0|INVERTED|exact=-3.071e-12|f64=-3.071e-12|VA/esc=50.0|tier3=Err([NegativeVolume { solid: SolidKey(1v1) }])|classify=Ok(["Void"])
D2|ngon n=17 h=1e-6 dir=(0.0, 0.0, 1.0) d=1e3 a=0.7|upright|exact=+3.071e-12|f64=+3.071e-12|VA/esc=50.0|tier3=Ok(())|classify=Ok(["Outer"])
D2|ngon n=17 h=1e-6 dir=(0.0, 0.0, 1.0) d=1e3 a=0.7|INVERTED|exact=-3.071e-12|f64=-3.071e-12|VA/esc=50.0|tier3=Err([NegativeVolume { solid: SolidKey(1v1) }])|classify=Ok(["Void"])
D2|ngon n=17 h=1e-6 dir=(0.0, 0.0, 1.0) d=5e3 a=0|upright|exact=+3.071e-12|f64=+3.071e-12|VA/esc=50.0|tier3=Ok(())|classify=Ok(["Outer"])
D2|ngon n=17 h=1e-6 dir=(0.0, 0.0, 1.0) d=5e3 a=0|INVERTED|exact=-3.071e-12|f64=-3.071e-12|VA/esc=50.0|tier3=Err([NegativeVolume { solid: SolidKey(1v1) }])|classify=Ok(["Void"])
D2|ngon n=17 h=1e-6 dir=(0.0, 0.0, 1.0) d=5e3 a=0.7|upright|exact=+3.071e-12|f64=+3.071e-12|VA/esc=50.0|tier3=Ok(())|classify=Ok(["Outer"])
D2|ngon n=17 h=1e-6 dir=(0.0, 0.0, 1.0) d=5e3 a=0.7|INVERTED|exact=-3.071e-12|f64=-3.071e-12|VA/esc=50.0|tier3=Err([NegativeVolume { solid: SolidKey(1v1) }])|classify=Ok(["Void"])
D2|ngon n=17 h=1e-6 dir=(0.0, 0.0, 1.0) d=2e4 a=0|upright|exact=+3.071e-12|f64=+3.071e-12|VA/esc=50.0|tier3=Ok(())|classify=Ok(["Outer"])
D2|ngon n=17 h=1e-6 dir=(0.0, 0.0, 1.0) d=2e4 a=0|INVERTED|exact=-3.071e-12|f64=-3.071e-12|VA/esc=50.0|tier3=Err([NegativeVolume { solid: SolidKey(1v1) }])|classify=Ok(["Void"])
D2|ngon n=17 h=1e-6 dir=(0.0, 0.0, 1.0) d=2e4 a=0.7|upright|exact=+3.071e-12|f64=+3.071e-12|VA/esc=50.0|tier3=Ok(())|classify=Ok(["Outer"])
D2|ngon n=17 h=1e-6 dir=(0.0, 0.0, 1.0) d=2e4 a=0.7|INVERTED|exact=-3.071e-12|f64=-3.071e-12|VA/esc=50.0|tier3=Err([NegativeVolume { solid: SolidKey(1v1) }])|classify=Ok(["Void"])
D2|ngon n=256 h=1e-6 dir=(0.6, 0.48, 0.64) d=0e0 a=0|upright|exact=+3.141e-12|f64=+3.141e-12|VA/esc=50.0|tier3=Ok(())|classify=Ok(["Outer"])
D2|ngon n=256 h=1e-6 dir=(0.6, 0.48, 0.64) d=0e0 a=0|INVERTED|exact=-3.141e-12|f64=-3.141e-12|VA/esc=50.0|tier3=Err([NegativeVolume { solid: SolidKey(1v1) }])|classify=Ok(["Void"])
D2|ngon n=256 h=1e-6 dir=(0.6, 0.48, 0.64) d=0e0 a=0.7|upright|exact=+3.141e-12|f64=+3.141e-12|VA/esc=50.0|tier3=Ok(())|classify=Ok(["Outer"])
D2|ngon n=256 h=1e-6 dir=(0.6, 0.48, 0.64) d=0e0 a=0.7|INVERTED|exact=-3.141e-12|f64=-3.141e-12|VA/esc=50.0|tier3=Err([NegativeVolume { solid: SolidKey(1v1) }])|classify=Ok(["Void"])
D2|ngon n=256 h=1e-6 dir=(0.6, 0.48, 0.64) d=1e3 a=0|upright|exact=+3.141e-12|f64=+3.141e-12|VA/esc=50.0|tier3=Ok(())|classify=Ok(["Outer"])
D2|ngon n=256 h=1e-6 dir=(0.6, 0.48, 0.64) d=1e3 a=0|INVERTED|exact=-3.141e-12|f64=-3.141e-12|VA/esc=50.0|tier3=Err([NegativeVolume { solid: SolidKey(1v1) }])|classify=Ok(["Void"])
D2|ngon n=256 h=1e-6 dir=(0.6, 0.48, 0.64) d=1e3 a=0.7|upright|exact=+3.141e-12|f64=+3.141e-12|VA/esc=50.0|tier3=Ok(())|classify=Ok(["Outer"])
D2|ngon n=256 h=1e-6 dir=(0.6, 0.48, 0.64) d=1e3 a=0.7|INVERTED|exact=-3.141e-12|f64=-3.141e-12|VA/esc=50.0|tier3=Err([NegativeVolume { solid: SolidKey(1v1) }])|classify=Ok(["Void"])
D2|ngon n=256 h=1e-6 dir=(0.6, 0.48, 0.64) d=5e3 a=0|upright|exact=+3.141e-12|f64=+3.141e-12|VA/esc=50.0|tier3=Ok(())|classify=Ok(["Outer"])
D2|ngon n=256 h=1e-6 dir=(0.6, 0.48, 0.64) d=5e3 a=0|INVERTED|exact=-3.141e-12|f64=-3.141e-12|VA/esc=50.0|tier3=Err([NegativeVolume { solid: SolidKey(1v1) }])|classify=Ok(["Void"])
D2|ngon n=256 h=1e-6 dir=(0.6, 0.48, 0.64) d=5e3 a=0.7|upright|exact=+3.141e-12|f64=+3.141e-12|VA/esc=50.0|tier3=Ok(())|classify=Ok(["Outer"])
D2|ngon n=256 h=1e-6 dir=(0.6, 0.48, 0.64) d=5e3 a=0.7|INVERTED|exact=-3.141e-12|f64=-3.141e-12|VA/esc=50.0|tier3=Err([NegativeVolume { solid: SolidKey(1v1) }])|classify=Ok(["Void"])
D2|ngon n=256 h=1e-6 dir=(0.6, 0.48, 0.64) d=2e4 a=0|upright|exact=+3.141e-12|f64=+3.141e-12|VA/esc=50.0|tier3=Ok(())|classify=Ok(["Outer"])
D2|ngon n=256 h=1e-6 dir=(0.6, 0.48, 0.64) d=2e4 a=0|INVERTED|exact=-3.141e-12|f64=-3.141e-12|VA/esc=50.0|tier3=Err([NegativeVolume { solid: SolidKey(1v1) }])|classify=Ok(["Void"])
D2|ngon n=256 h=1e-6 dir=(0.6, 0.48, 0.64) d=2e4 a=0.7|upright|exact=+3.141e-12|f64=+3.141e-12|VA/esc=50.0|tier3=Ok(())|classify=Ok(["Outer"])
D2|ngon n=256 h=1e-6 dir=(0.6, 0.48, 0.64) d=2e4 a=0.7|INVERTED|exact=-3.141e-12|f64=-3.141e-12|VA/esc=50.0|tier3=Err([NegativeVolume { solid: SolidKey(1v1) }])|classify=Ok(["Void"])
D2|ngon n=256 h=1e-6 dir=(-0.6, -0.48, -0.64) d=0e0 a=0|upright|exact=+3.141e-12|f64=+3.141e-12|VA/esc=50.0|tier3=Ok(())|classify=Ok(["Outer"])
D2|ngon n=256 h=1e-6 dir=(-0.6, -0.48, -0.64) d=0e0 a=0|INVERTED|exact=-3.141e-12|f64=-3.141e-12|VA/esc=50.0|tier3=Err([NegativeVolume { solid: SolidKey(1v1) }])|classify=Ok(["Void"])
D2|ngon n=256 h=1e-6 dir=(-0.6, -0.48, -0.64) d=0e0 a=0.7|upright|exact=+3.141e-12|f64=+3.141e-12|VA/esc=50.0|tier3=Ok(())|classify=Ok(["Outer"])
D2|ngon n=256 h=1e-6 dir=(-0.6, -0.48, -0.64) d=0e0 a=0.7|INVERTED|exact=-3.141e-12|f64=-3.141e-12|VA/esc=50.0|tier3=Err([NegativeVolume { solid: SolidKey(1v1) }])|classify=Ok(["Void"])
D2|ngon n=256 h=1e-6 dir=(-0.6, -0.48, -0.64) d=1e3 a=0|upright|exact=+3.141e-12|f64=+3.141e-12|VA/esc=50.0|tier3=Ok(())|classify=Ok(["Outer"])
D2|ngon n=256 h=1e-6 dir=(-0.6, -0.48, -0.64) d=1e3 a=0|INVERTED|exact=-3.141e-12|f64=-3.141e-12|VA/esc=50.0|tier3=Err([NegativeVolume { solid: SolidKey(1v1) }])|classify=Ok(["Void"])
D2|ngon n=256 h=1e-6 dir=(-0.6, -0.48, -0.64) d=1e3 a=0.7|upright|exact=+3.141e-12|f64=+3.141e-12|VA/esc=50.0|tier3=Ok(())|classify=Ok(["Outer"])
D2|ngon n=256 h=1e-6 dir=(-0.6, -0.48, -0.64) d=1e3 a=0.7|INVERTED|exact=-3.141e-12|f64=-3.141e-12|VA/esc=50.0|tier3=Err([NegativeVolume { solid: SolidKey(1v1) }])|classify=Ok(["Void"])
D2|ngon n=256 h=1e-6 dir=(-0.6, -0.48, -0.64) d=5e3 a=0|upright|exact=+3.141e-12|f64=+3.141e-12|VA/esc=50.0|tier3=Ok(())|classify=Ok(["Outer"])
D2|ngon n=256 h=1e-6 dir=(-0.6, -0.48, -0.64) d=5e3 a=0|INVERTED|exact=-3.141e-12|f64=-3.141e-12|VA/esc=50.0|tier3=Err([NegativeVolume { solid: SolidKey(1v1) }])|classify=Ok(["Void"])
D2|ngon n=256 h=1e-6 dir=(-0.6, -0.48, -0.64) d=5e3 a=0.7|upright|exact=+3.141e-12|f64=+3.141e-12|VA/esc=50.0|tier3=Ok(())|classify=Ok(["Outer"])
D2|ngon n=256 h=1e-6 dir=(-0.6, -0.48, -0.64) d=5e3 a=0.7|INVERTED|exact=-3.141e-12|f64=-3.141e-12|VA/esc=50.0|tier3=Err([NegativeVolume { solid: SolidKey(1v1) }])|classify=Ok(["Void"])
D2|ngon n=256 h=1e-6 dir=(-0.6, -0.48, -0.64) d=2e4 a=0|upright|exact=+3.141e-12|f64=+3.141e-12|VA/esc=50.0|tier3=Ok(())|classify=Ok(["Outer"])
D2|ngon n=256 h=1e-6 dir=(-0.6, -0.48, -0.64) d=2e4 a=0|INVERTED|exact=-3.141e-12|f64=-3.141e-12|VA/esc=50.0|tier3=Err([NegativeVolume { solid: SolidKey(1v1) }])|classify=Ok(["Void"])
D2|ngon n=256 h=1e-6 dir=(-0.6, -0.48, -0.64) d=2e4 a=0.7|upright|exact=+3.141e-12|f64=+3.141e-12|VA/esc=50.0|tier3=Ok(())|classify=Ok(["Outer"])
D2|ngon n=256 h=1e-6 dir=(-0.6, -0.48, -0.64) d=2e4 a=0.7|INVERTED|exact=-3.141e-12|f64=-3.141e-12|VA/esc=50.0|tier3=Err([NegativeVolume { solid: SolidKey(1v1) }])|classify=Ok(["Void"])
D2|ngon n=256 h=1e-6 dir=(0.0, 0.0, 1.0) d=0e0 a=0|upright|exact=+3.141e-12|f64=+3.141e-12|VA/esc=50.0|tier3=Ok(())|classify=Ok(["Outer"])
D2|ngon n=256 h=1e-6 dir=(0.0, 0.0, 1.0) d=0e0 a=0|INVERTED|exact=-3.141e-12|f64=-3.141e-12|VA/esc=50.0|tier3=Err([NegativeVolume { solid: SolidKey(1v1) }])|classify=Ok(["Void"])
D2|ngon n=256 h=1e-6 dir=(0.0, 0.0, 1.0) d=0e0 a=0.7|upright|exact=+3.141e-12|f64=+3.141e-12|VA/esc=50.0|tier3=Ok(())|classify=Ok(["Outer"])
D2|ngon n=256 h=1e-6 dir=(0.0, 0.0, 1.0) d=0e0 a=0.7|INVERTED|exact=-3.141e-12|f64=-3.141e-12|VA/esc=50.0|tier3=Err([NegativeVolume { solid: SolidKey(1v1) }])|classify=Ok(["Void"])
D2|ngon n=256 h=1e-6 dir=(0.0, 0.0, 1.0) d=1e3 a=0|upright|exact=+3.141e-12|f64=+3.141e-12|VA/esc=50.0|tier3=Ok(())|classify=Ok(["Outer"])
D2|ngon n=256 h=1e-6 dir=(0.0, 0.0, 1.0) d=1e3 a=0|INVERTED|exact=-3.141e-12|f64=-3.141e-12|VA/esc=50.0|tier3=Err([NegativeVolume { solid: SolidKey(1v1) }])|classify=Ok(["Void"])
D2|ngon n=256 h=1e-6 dir=(0.0, 0.0, 1.0) d=1e3 a=0.7|upright|exact=+3.141e-12|f64=+3.141e-12|VA/esc=50.0|tier3=Ok(())|classify=Ok(["Outer"])
D2|ngon n=256 h=1e-6 dir=(0.0, 0.0, 1.0) d=1e3 a=0.7|INVERTED|exact=-3.141e-12|f64=-3.141e-12|VA/esc=50.0|tier3=Err([NegativeVolume { solid: SolidKey(1v1) }])|classify=Ok(["Void"])
D2|ngon n=256 h=1e-6 dir=(0.0, 0.0, 1.0) d=5e3 a=0|upright|exact=+3.141e-12|f64=+3.141e-12|VA/esc=50.0|tier3=Ok(())|classify=Ok(["Outer"])
D2|ngon n=256 h=1e-6 dir=(0.0, 0.0, 1.0) d=5e3 a=0|INVERTED|exact=-3.141e-12|f64=-3.141e-12|VA/esc=50.0|tier3=Err([NegativeVolume { solid: SolidKey(1v1) }])|classify=Ok(["Void"])
D2|ngon n=256 h=1e-6 dir=(0.0, 0.0, 1.0) d=5e3 a=0.7|upright|exact=+3.141e-12|f64=+3.141e-12|VA/esc=50.0|tier3=Ok(())|classify=Ok(["Outer"])
D2|ngon n=256 h=1e-6 dir=(0.0, 0.0, 1.0) d=5e3 a=0.7|INVERTED|exact=-3.141e-12|f64=-3.141e-12|VA/esc=50.0|tier3=Err([NegativeVolume { solid: SolidKey(1v1) }])|classify=Ok(["Void"])
D2|ngon n=256 h=1e-6 dir=(0.0, 0.0, 1.0) d=2e4 a=0|upright|exact=+3.141e-12|f64=+3.141e-12|VA/esc=50.0|tier3=Ok(())|classify=Ok(["Outer"])
D2|ngon n=256 h=1e-6 dir=(0.0, 0.0, 1.0) d=2e4 a=0|INVERTED|exact=-3.141e-12|f64=-3.141e-12|VA/esc=50.0|tier3=Err([NegativeVolume { solid: SolidKey(1v1) }])|classify=Ok(["Void"])
D2|ngon n=256 h=1e-6 dir=(0.0, 0.0, 1.0) d=2e4 a=0.7|upright|exact=+3.141e-12|f64=+3.141e-12|VA/esc=50.0|tier3=Ok(())|classify=Ok(["Outer"])
D2|ngon n=256 h=1e-6 dir=(0.0, 0.0, 1.0) d=2e4 a=0.7|INVERTED|exact=-3.141e-12|f64=-3.141e-12|VA/esc=50.0|tier3=Err([NegativeVolume { solid: SolidKey(1v1) }])|classify=Ok(["Void"])
D2|sliver h=1e-6 dir=(0.6, 0.48, 0.64) d=0e0 a=0|upright|exact=+2.000e-15|f64=+2.000e-15|VA/esc=50.0|tier3=Err([LaminaWedge { edge: EdgeKey(4v1) }])|classify=Ok(["Outer"]) <-- VALID REFUSED
D2|sliver h=1e-6 dir=(0.6, 0.48, 0.64) d=0e0 a=0|INVERTED|exact=-2.000e-15|f64=-2.000e-15|VA/esc=50.0|tier3=Err([LaminaWedge { edge: EdgeKey(4v1) }])|classify=Ok(["Void"])
D2|sliver h=1e-6 dir=(0.6, 0.48, 0.64) d=0e0 a=0.7|upright|exact=+2.000e-15|f64=+2.000e-15|VA/esc=50.0|tier3=Err([LaminaWedge { edge: EdgeKey(4v1) }])|classify=Ok(["Outer"]) <-- VALID REFUSED
D2|sliver h=1e-6 dir=(0.6, 0.48, 0.64) d=0e0 a=0.7|INVERTED|exact=-2.000e-15|f64=-2.000e-15|VA/esc=50.0|tier3=Err([LaminaWedge { edge: EdgeKey(4v1) }])|classify=Ok(["Void"])
D2|sliver h=1e-6 dir=(0.6, 0.48, 0.64) d=1e3 a=0|upright|exact=+2.000e-15|f64=+2.000e-15|VA/esc=50.0|tier3=Err([LaminaWedge { edge: EdgeKey(4v1) }])|classify=Ok(["Outer"]) <-- VALID REFUSED
D2|sliver h=1e-6 dir=(0.6, 0.48, 0.64) d=1e3 a=0|INVERTED|exact=-2.000e-15|f64=-2.000e-15|VA/esc=50.0|tier3=Err([LaminaWedge { edge: EdgeKey(4v1) }])|classify=Ok(["Void"])
D2|sliver h=1e-6 dir=(0.6, 0.48, 0.64) d=1e3 a=0.7|upright|exact=+2.000e-15|f64=+2.000e-15|VA/esc=50.0|tier3=Err([LaminaWedge { edge: EdgeKey(4v1) }])|classify=Ok(["Outer"]) <-- VALID REFUSED
D2|sliver h=1e-6 dir=(0.6, 0.48, 0.64) d=1e3 a=0.7|INVERTED|exact=-2.000e-15|f64=-2.000e-15|VA/esc=50.0|tier3=Err([LaminaWedge { edge: EdgeKey(4v1) }])|classify=Ok(["Void"])
D2|sliver h=1e-6 dir=(0.6, 0.48, 0.64) d=5e3 a=0|upright|exact=+2.000e-15|f64=+2.000e-15|VA/esc=50.0|tier3=Err([LaminaWedge { edge: EdgeKey(4v1) }])|classify=Ok(["Outer"]) <-- VALID REFUSED
D2|sliver h=1e-6 dir=(0.6, 0.48, 0.64) d=5e3 a=0|INVERTED|exact=-2.000e-15|f64=-2.000e-15|VA/esc=50.0|tier3=Err([LaminaWedge { edge: EdgeKey(4v1) }])|classify=Ok(["Void"])
D2|sliver h=1e-6 dir=(0.6, 0.48, 0.64) d=5e3 a=0.7|upright|exact=+2.000e-15|f64=+2.117e-15|VA/esc=50.0|tier3=Err([LaminaWedge { edge: EdgeKey(4v1) }])|classify=Ok(["Outer"]) <-- VALID REFUSED
D2|sliver h=1e-6 dir=(0.6, 0.48, 0.64) d=5e3 a=0.7|INVERTED|exact=-2.000e-15|f64=-2.117e-15|VA/esc=50.0|tier3=Err([LaminaWedge { edge: EdgeKey(4v1) }])|classify=Ok(["Void"])
D2|sliver h=1e-6 dir=(0.6, 0.48, 0.64) d=2e4 a=0|upright|exact=+2.000e-15|f64=+2.000e-15|VA/esc=50.0|tier3=Err([LaminaWedge { edge: EdgeKey(4v1) }])|classify=Ok(["Outer"]) <-- VALID REFUSED
D2|sliver h=1e-6 dir=(0.6, 0.48, 0.64) d=2e4 a=0|INVERTED|exact=-2.000e-15|f64=-2.000e-15|VA/esc=50.0|tier3=Err([LaminaWedge { edge: EdgeKey(4v1) }])|classify=Ok(["Void"])
D2|sliver h=1e-6 dir=(0.6, 0.48, 0.64) d=2e4 a=0.7|upright|exact=+2.000e-15|f64=+3.594e-15|VA/esc=50.0|tier3=Err([LaminaWedge { edge: EdgeKey(4v1) }])|classify=Ok(["Outer"]) <-- VALID REFUSED
D2|sliver h=1e-6 dir=(0.6, 0.48, 0.64) d=2e4 a=0.7|INVERTED|exact=-2.000e-15|f64=-3.594e-15|VA/esc=50.0|tier3=Err([LaminaWedge { edge: EdgeKey(4v1) }])|classify=Ok(["Void"])
D2|sliver h=1e-6 dir=(-0.6, -0.48, -0.64) d=0e0 a=0|upright|exact=+2.000e-15|f64=+2.000e-15|VA/esc=50.0|tier3=Err([LaminaWedge { edge: EdgeKey(4v1) }])|classify=Ok(["Outer"]) <-- VALID REFUSED
D2|sliver h=1e-6 dir=(-0.6, -0.48, -0.64) d=0e0 a=0|INVERTED|exact=-2.000e-15|f64=-2.000e-15|VA/esc=50.0|tier3=Err([LaminaWedge { edge: EdgeKey(4v1) }])|classify=Ok(["Void"])
D2|sliver h=1e-6 dir=(-0.6, -0.48, -0.64) d=0e0 a=0.7|upright|exact=+2.000e-15|f64=+2.000e-15|VA/esc=50.0|tier3=Err([LaminaWedge { edge: EdgeKey(4v1) }])|classify=Ok(["Outer"]) <-- VALID REFUSED
D2|sliver h=1e-6 dir=(-0.6, -0.48, -0.64) d=0e0 a=0.7|INVERTED|exact=-2.000e-15|f64=-2.000e-15|VA/esc=50.0|tier3=Err([LaminaWedge { edge: EdgeKey(4v1) }])|classify=Ok(["Void"])
D2|sliver h=1e-6 dir=(-0.6, -0.48, -0.64) d=1e3 a=0|upright|exact=+2.000e-15|f64=+2.000e-15|VA/esc=50.0|tier3=Err([LaminaWedge { edge: EdgeKey(4v1) }])|classify=Ok(["Outer"]) <-- VALID REFUSED
D2|sliver h=1e-6 dir=(-0.6, -0.48, -0.64) d=1e3 a=0|INVERTED|exact=-2.000e-15|f64=-2.000e-15|VA/esc=50.0|tier3=Err([LaminaWedge { edge: EdgeKey(4v1) }])|classify=Ok(["Void"])
D2|sliver h=1e-6 dir=(-0.6, -0.48, -0.64) d=1e3 a=0.7|upright|exact=+2.000e-15|f64=+2.000e-15|VA/esc=50.0|tier3=Err([LaminaWedge { edge: EdgeKey(4v1) }])|classify=Ok(["Outer"]) <-- VALID REFUSED
D2|sliver h=1e-6 dir=(-0.6, -0.48, -0.64) d=1e3 a=0.7|INVERTED|exact=-2.000e-15|f64=-2.000e-15|VA/esc=50.0|tier3=Err([LaminaWedge { edge: EdgeKey(4v1) }])|classify=Ok(["Void"])
D2|sliver h=1e-6 dir=(-0.6, -0.48, -0.64) d=5e3 a=0|upright|exact=+2.000e-15|f64=+2.000e-15|VA/esc=50.0|tier3=Err([LaminaWedge { edge: EdgeKey(4v1) }])|classify=Ok(["Outer"]) <-- VALID REFUSED
D2|sliver h=1e-6 dir=(-0.6, -0.48, -0.64) d=5e3 a=0|INVERTED|exact=-2.000e-15|f64=-2.000e-15|VA/esc=50.0|tier3=Err([LaminaWedge { edge: EdgeKey(4v1) }])|classify=Ok(["Void"])
D2|sliver h=1e-6 dir=(-0.6, -0.48, -0.64) d=5e3 a=0.7|upright|exact=+2.000e-15|f64=+1.883e-15|VA/esc=50.0|tier3=Err([LaminaWedge { edge: EdgeKey(4v1) }])|classify=Ok(["Outer"]) <-- VALID REFUSED
D2|sliver h=1e-6 dir=(-0.6, -0.48, -0.64) d=5e3 a=0.7|INVERTED|exact=-2.000e-15|f64=-1.883e-15|VA/esc=50.0|tier3=Err([LaminaWedge { edge: EdgeKey(4v1) }])|classify=Ok(["Void"])
D2|sliver h=1e-6 dir=(-0.6, -0.48, -0.64) d=2e4 a=0|upright|exact=+2.000e-15|f64=+2.000e-15|VA/esc=50.0|tier3=Err([LaminaWedge { edge: EdgeKey(4v1) }])|classify=Ok(["Outer"]) <-- VALID REFUSED
D2|sliver h=1e-6 dir=(-0.6, -0.48, -0.64) d=2e4 a=0|INVERTED|exact=-2.000e-15|f64=-2.000e-15|VA/esc=50.0|tier3=Err([LaminaWedge { edge: EdgeKey(4v1) }])|classify=Ok(["Void"])
D2|sliver h=1e-6 dir=(-0.6, -0.48, -0.64) d=2e4 a=0.7|upright|exact=+2.000e-15|f64=+4.058e-16|VA/esc=50.0|tier3=Err([LaminaWedge { edge: EdgeKey(4v1) }])|classify=Ok(["Outer"]) <-- VALID REFUSED
D2|sliver h=1e-6 dir=(-0.6, -0.48, -0.64) d=2e4 a=0.7|INVERTED|exact=-2.000e-15|f64=-4.058e-16|VA/esc=50.0|tier3=Err([LaminaWedge { edge: EdgeKey(4v1) }])|classify=Ok(["Void"])
D2|sliver h=1e-6 dir=(0.0, 0.0, 1.0) d=0e0 a=0|upright|exact=+2.000e-15|f64=+2.000e-15|VA/esc=50.0|tier3=Err([LaminaWedge { edge: EdgeKey(4v1) }])|classify=Ok(["Outer"]) <-- VALID REFUSED
D2|sliver h=1e-6 dir=(0.0, 0.0, 1.0) d=0e0 a=0|INVERTED|exact=-2.000e-15|f64=-2.000e-15|VA/esc=50.0|tier3=Err([LaminaWedge { edge: EdgeKey(4v1) }])|classify=Ok(["Void"])
D2|sliver h=1e-6 dir=(0.0, 0.0, 1.0) d=0e0 a=0.7|upright|exact=+2.000e-15|f64=+2.000e-15|VA/esc=50.0|tier3=Err([LaminaWedge { edge: EdgeKey(4v1) }])|classify=Ok(["Outer"]) <-- VALID REFUSED
D2|sliver h=1e-6 dir=(0.0, 0.0, 1.0) d=0e0 a=0.7|INVERTED|exact=-2.000e-15|f64=-2.000e-15|VA/esc=50.0|tier3=Err([LaminaWedge { edge: EdgeKey(4v1) }])|classify=Ok(["Void"])
D2|sliver h=1e-6 dir=(0.0, 0.0, 1.0) d=1e3 a=0|upright|exact=+2.000e-15|f64=+2.000e-15|VA/esc=50.0|tier3=Err([LaminaWedge { edge: EdgeKey(4v1) }])|classify=Ok(["Outer"]) <-- VALID REFUSED
D2|sliver h=1e-6 dir=(0.0, 0.0, 1.0) d=1e3 a=0|INVERTED|exact=-2.000e-15|f64=-2.000e-15|VA/esc=50.0|tier3=Err([LaminaWedge { edge: EdgeKey(4v1) }])|classify=Ok(["Void"])
D2|sliver h=1e-6 dir=(0.0, 0.0, 1.0) d=1e3 a=0.7|upright|exact=+2.000e-15|f64=+2.000e-15|VA/esc=50.0|tier3=Err([LaminaWedge { edge: EdgeKey(4v1) }])|classify=Ok(["Outer"]) <-- VALID REFUSED
D2|sliver h=1e-6 dir=(0.0, 0.0, 1.0) d=1e3 a=0.7|INVERTED|exact=-2.000e-15|f64=-2.000e-15|VA/esc=50.0|tier3=Err([LaminaWedge { edge: EdgeKey(4v1) }])|classify=Ok(["Void"])
D2|sliver h=1e-6 dir=(0.0, 0.0, 1.0) d=5e3 a=0|upright|exact=+2.000e-15|f64=+2.000e-15|VA/esc=50.0|tier3=Err([LaminaWedge { edge: EdgeKey(4v1) }])|classify=Ok(["Outer"]) <-- VALID REFUSED
D2|sliver h=1e-6 dir=(0.0, 0.0, 1.0) d=5e3 a=0|INVERTED|exact=-2.000e-15|f64=-2.000e-15|VA/esc=50.0|tier3=Err([LaminaWedge { edge: EdgeKey(4v1) }])|classify=Ok(["Void"])
D2|sliver h=1e-6 dir=(0.0, 0.0, 1.0) d=5e3 a=0.7|upright|exact=+2.000e-15|f64=+2.000e-15|VA/esc=50.0|tier3=Err([LaminaWedge { edge: EdgeKey(4v1) }])|classify=Ok(["Outer"]) <-- VALID REFUSED
D2|sliver h=1e-6 dir=(0.0, 0.0, 1.0) d=5e3 a=0.7|INVERTED|exact=-2.000e-15|f64=-2.000e-15|VA/esc=50.0|tier3=Err([LaminaWedge { edge: EdgeKey(4v1) }])|classify=Ok(["Void"])
D2|sliver h=1e-6 dir=(0.0, 0.0, 1.0) d=2e4 a=0|upright|exact=+2.000e-15|f64=+2.000e-15|VA/esc=50.0|tier3=Err([LaminaWedge { edge: EdgeKey(4v1) }])|classify=Ok(["Outer"]) <-- VALID REFUSED
D2|sliver h=1e-6 dir=(0.0, 0.0, 1.0) d=2e4 a=0|INVERTED|exact=-2.000e-15|f64=-2.000e-15|VA/esc=50.0|tier3=Err([LaminaWedge { edge: EdgeKey(4v1) }])|classify=Ok(["Void"])
D2|sliver h=1e-6 dir=(0.0, 0.0, 1.0) d=2e4 a=0.7|upright|exact=+2.000e-15|f64=+2.000e-15|VA/esc=50.0|tier3=Err([LaminaWedge { edge: EdgeKey(4v1) }])|classify=Ok(["Outer"]) <-- VALID REFUSED
D2|sliver h=1e-6 dir=(0.0, 0.0, 1.0) d=2e4 a=0.7|INVERTED|exact=-2.000e-15|f64=-2.000e-15|VA/esc=50.0|tier3=Err([LaminaWedge { edge: EdgeKey(4v1) }])|classify=Ok(["Void"])
D2|holed h=1e-6 dir=(0.6, 0.48, 0.64) d=0e0 a=0|upright|exact=+1.286e-11|f64=+1.286e-11|VA/esc=50.0|tier3=Ok(())|classify=Ok(["Outer"])
D2|holed h=1e-6 dir=(0.6, 0.48, 0.64) d=0e0 a=0|INVERTED|exact=-1.286e-11|f64=-1.286e-11|VA/esc=50.0|tier3=Err([NegativeVolume { solid: SolidKey(1v1) }])|classify=Ok(["Void"])
D2|holed h=1e-6 dir=(0.6, 0.48, 0.64) d=0e0 a=0.7|upright|exact=+1.286e-11|f64=+1.286e-11|VA/esc=50.0|tier3=Ok(())|classify=Ok(["Outer"])
D2|holed h=1e-6 dir=(0.6, 0.48, 0.64) d=0e0 a=0.7|INVERTED|exact=-1.286e-11|f64=-1.286e-11|VA/esc=50.0|tier3=Err([NegativeVolume { solid: SolidKey(1v1) }])|classify=Ok(["Void"])
D2|holed h=1e-6 dir=(0.6, 0.48, 0.64) d=1e3 a=0|upright|exact=+1.286e-11|f64=+1.286e-11|VA/esc=50.0|tier3=Ok(())|classify=Ok(["Outer"])
D2|holed h=1e-6 dir=(0.6, 0.48, 0.64) d=1e3 a=0|INVERTED|exact=-1.286e-11|f64=-1.286e-11|VA/esc=50.0|tier3=Err([NegativeVolume { solid: SolidKey(1v1) }])|classify=Ok(["Void"])
D2|holed h=1e-6 dir=(0.6, 0.48, 0.64) d=1e3 a=0.7|upright|exact=+1.286e-11|f64=+1.286e-11|VA/esc=50.0|tier3=Ok(())|classify=Ok(["Outer"])
D2|holed h=1e-6 dir=(0.6, 0.48, 0.64) d=1e3 a=0.7|INVERTED|exact=-1.286e-11|f64=-1.286e-11|VA/esc=50.0|tier3=Err([NegativeVolume { solid: SolidKey(1v1) }])|classify=Ok(["Void"])
D2|holed h=1e-6 dir=(0.6, 0.48, 0.64) d=5e3 a=0|upright|exact=+1.286e-11|f64=+1.286e-11|VA/esc=50.0|tier3=Ok(())|classify=Ok(["Outer"])
D2|holed h=1e-6 dir=(0.6, 0.48, 0.64) d=5e3 a=0|INVERTED|exact=-1.286e-11|f64=-1.286e-11|VA/esc=50.0|tier3=Err([NegativeVolume { solid: SolidKey(1v1) }])|classify=Ok(["Void"])
D2|holed h=1e-6 dir=(0.6, 0.48, 0.64) d=5e3 a=0.7|upright|exact=+1.286e-11|f64=+1.286e-11|VA/esc=50.0|tier3=Ok(())|classify=Ok(["Outer"])
D2|holed h=1e-6 dir=(0.6, 0.48, 0.64) d=5e3 a=0.7|INVERTED|exact=-1.286e-11|f64=-1.286e-11|VA/esc=50.0|tier3=Err([NegativeVolume { solid: SolidKey(1v1) }])|classify=Ok(["Void"])
D2|holed h=1e-6 dir=(0.6, 0.48, 0.64) d=2e4 a=0|upright|exact=+1.286e-11|f64=+1.286e-11|VA/esc=50.0|tier3=Ok(())|classify=Ok(["Outer"])
D2|holed h=1e-6 dir=(0.6, 0.48, 0.64) d=2e4 a=0|INVERTED|exact=-1.286e-11|f64=-1.286e-11|VA/esc=50.0|tier3=Err([NegativeVolume { solid: SolidKey(1v1) }])|classify=Ok(["Void"])
D2|holed h=1e-6 dir=(0.6, 0.48, 0.64) d=2e4 a=0.7|upright|exact=+1.286e-11|f64=+1.286e-11|VA/esc=50.0|tier3=Ok(())|classify=Ok(["Outer"])
D2|holed h=1e-6 dir=(0.6, 0.48, 0.64) d=2e4 a=0.7|INVERTED|exact=-1.286e-11|f64=-1.286e-11|VA/esc=50.0|tier3=Err([NegativeVolume { solid: SolidKey(1v1) }])|classify=Ok(["Void"])
D2|holed h=1e-6 dir=(-0.6, -0.48, -0.64) d=0e0 a=0|upright|exact=+1.286e-11|f64=+1.286e-11|VA/esc=50.0|tier3=Ok(())|classify=Ok(["Outer"])
D2|holed h=1e-6 dir=(-0.6, -0.48, -0.64) d=0e0 a=0|INVERTED|exact=-1.286e-11|f64=-1.286e-11|VA/esc=50.0|tier3=Err([NegativeVolume { solid: SolidKey(1v1) }])|classify=Ok(["Void"])
D2|holed h=1e-6 dir=(-0.6, -0.48, -0.64) d=0e0 a=0.7|upright|exact=+1.286e-11|f64=+1.286e-11|VA/esc=50.0|tier3=Ok(())|classify=Ok(["Outer"])
D2|holed h=1e-6 dir=(-0.6, -0.48, -0.64) d=0e0 a=0.7|INVERTED|exact=-1.286e-11|f64=-1.286e-11|VA/esc=50.0|tier3=Err([NegativeVolume { solid: SolidKey(1v1) }])|classify=Ok(["Void"])
D2|holed h=1e-6 dir=(-0.6, -0.48, -0.64) d=1e3 a=0|upright|exact=+1.286e-11|f64=+1.286e-11|VA/esc=50.0|tier3=Ok(())|classify=Ok(["Outer"])
D2|holed h=1e-6 dir=(-0.6, -0.48, -0.64) d=1e3 a=0|INVERTED|exact=-1.286e-11|f64=-1.286e-11|VA/esc=50.0|tier3=Err([NegativeVolume { solid: SolidKey(1v1) }])|classify=Ok(["Void"])
D2|holed h=1e-6 dir=(-0.6, -0.48, -0.64) d=1e3 a=0.7|upright|exact=+1.286e-11|f64=+1.286e-11|VA/esc=50.0|tier3=Ok(())|classify=Ok(["Outer"])
D2|holed h=1e-6 dir=(-0.6, -0.48, -0.64) d=1e3 a=0.7|INVERTED|exact=-1.286e-11|f64=-1.286e-11|VA/esc=50.0|tier3=Err([NegativeVolume { solid: SolidKey(1v1) }])|classify=Ok(["Void"])
D2|holed h=1e-6 dir=(-0.6, -0.48, -0.64) d=5e3 a=0|upright|exact=+1.286e-11|f64=+1.286e-11|VA/esc=50.0|tier3=Ok(())|classify=Ok(["Outer"])
D2|holed h=1e-6 dir=(-0.6, -0.48, -0.64) d=5e3 a=0|INVERTED|exact=-1.286e-11|f64=-1.286e-11|VA/esc=50.0|tier3=Err([NegativeVolume { solid: SolidKey(1v1) }])|classify=Ok(["Void"])
D2|holed h=1e-6 dir=(-0.6, -0.48, -0.64) d=5e3 a=0.7|upright|exact=+1.286e-11|f64=+1.286e-11|VA/esc=50.0|tier3=Ok(())|classify=Ok(["Outer"])
D2|holed h=1e-6 dir=(-0.6, -0.48, -0.64) d=5e3 a=0.7|INVERTED|exact=-1.286e-11|f64=-1.286e-11|VA/esc=50.0|tier3=Err([NegativeVolume { solid: SolidKey(1v1) }])|classify=Ok(["Void"])
D2|holed h=1e-6 dir=(-0.6, -0.48, -0.64) d=2e4 a=0|upright|exact=+1.286e-11|f64=+1.286e-11|VA/esc=50.0|tier3=Ok(())|classify=Ok(["Outer"])
D2|holed h=1e-6 dir=(-0.6, -0.48, -0.64) d=2e4 a=0|INVERTED|exact=-1.286e-11|f64=-1.286e-11|VA/esc=50.0|tier3=Err([NegativeVolume { solid: SolidKey(1v1) }])|classify=Ok(["Void"])
D2|holed h=1e-6 dir=(-0.6, -0.48, -0.64) d=2e4 a=0.7|upright|exact=+1.286e-11|f64=+1.286e-11|VA/esc=50.0|tier3=Ok(())|classify=Ok(["Outer"])
D2|holed h=1e-6 dir=(-0.6, -0.48, -0.64) d=2e4 a=0.7|INVERTED|exact=-1.286e-11|f64=-1.286e-11|VA/esc=50.0|tier3=Err([NegativeVolume { solid: SolidKey(1v1) }])|classify=Ok(["Void"])
D2|holed h=1e-6 dir=(0.0, 0.0, 1.0) d=0e0 a=0|upright|exact=+1.286e-11|f64=+1.286e-11|VA/esc=50.0|tier3=Ok(())|classify=Ok(["Outer"])
D2|holed h=1e-6 dir=(0.0, 0.0, 1.0) d=0e0 a=0|INVERTED|exact=-1.286e-11|f64=-1.286e-11|VA/esc=50.0|tier3=Err([NegativeVolume { solid: SolidKey(1v1) }])|classify=Ok(["Void"])
D2|holed h=1e-6 dir=(0.0, 0.0, 1.0) d=0e0 a=0.7|upright|exact=+1.286e-11|f64=+1.286e-11|VA/esc=50.0|tier3=Ok(())|classify=Ok(["Outer"])
D2|holed h=1e-6 dir=(0.0, 0.0, 1.0) d=0e0 a=0.7|INVERTED|exact=-1.286e-11|f64=-1.286e-11|VA/esc=50.0|tier3=Err([NegativeVolume { solid: SolidKey(1v1) }])|classify=Ok(["Void"])
D2|holed h=1e-6 dir=(0.0, 0.0, 1.0) d=1e3 a=0|upright|exact=+1.286e-11|f64=+1.286e-11|VA/esc=50.0|tier3=Ok(())|classify=Ok(["Outer"])
D2|holed h=1e-6 dir=(0.0, 0.0, 1.0) d=1e3 a=0|INVERTED|exact=-1.286e-11|f64=-1.286e-11|VA/esc=50.0|tier3=Err([NegativeVolume { solid: SolidKey(1v1) }])|classify=Ok(["Void"])
D2|holed h=1e-6 dir=(0.0, 0.0, 1.0) d=1e3 a=0.7|upright|exact=+1.286e-11|f64=+1.286e-11|VA/esc=50.0|tier3=Ok(())|classify=Ok(["Outer"])
D2|holed h=1e-6 dir=(0.0, 0.0, 1.0) d=1e3 a=0.7|INVERTED|exact=-1.286e-11|f64=-1.286e-11|VA/esc=50.0|tier3=Err([NegativeVolume { solid: SolidKey(1v1) }])|classify=Ok(["Void"])
D2|holed h=1e-6 dir=(0.0, 0.0, 1.0) d=5e3 a=0|upright|exact=+1.286e-11|f64=+1.286e-11|VA/esc=50.0|tier3=Ok(())|classify=Ok(["Outer"])
D2|holed h=1e-6 dir=(0.0, 0.0, 1.0) d=5e3 a=0|INVERTED|exact=-1.286e-11|f64=-1.286e-11|VA/esc=50.0|tier3=Err([NegativeVolume { solid: SolidKey(1v1) }])|classify=Ok(["Void"])
D2|holed h=1e-6 dir=(0.0, 0.0, 1.0) d=5e3 a=0.7|upright|exact=+1.286e-11|f64=+1.286e-11|VA/esc=50.0|tier3=Ok(())|classify=Ok(["Outer"])
D2|holed h=1e-6 dir=(0.0, 0.0, 1.0) d=5e3 a=0.7|INVERTED|exact=-1.286e-11|f64=-1.286e-11|VA/esc=50.0|tier3=Err([NegativeVolume { solid: SolidKey(1v1) }])|classify=Ok(["Void"])
D2|holed h=1e-6 dir=(0.0, 0.0, 1.0) d=2e4 a=0|upright|exact=+1.286e-11|f64=+1.286e-11|VA/esc=50.0|tier3=Ok(())|classify=Ok(["Outer"])
D2|holed h=1e-6 dir=(0.0, 0.0, 1.0) d=2e4 a=0|INVERTED|exact=-1.286e-11|f64=-1.286e-11|VA/esc=50.0|tier3=Err([NegativeVolume { solid: SolidKey(1v1) }])|classify=Ok(["Void"])
D2|holed h=1e-6 dir=(0.0, 0.0, 1.0) d=2e4 a=0.7|upright|exact=+1.286e-11|f64=+1.286e-11|VA/esc=50.0|tier3=Ok(())|classify=Ok(["Outer"])
D2|holed h=1e-6 dir=(0.0, 0.0, 1.0) d=2e4 a=0.7|INVERTED|exact=-1.286e-11|f64=-1.286e-11|VA/esc=50.0|tier3=Err([NegativeVolume { solid: SolidKey(1v1) }])|classify=Ok(["Void"])
test probe_d2_sweep::d2_planar_fans ... ok

test result: ok. 1 passed; 0 failed; 0 ignored; 0 measured; 2111 filtered out; finished in 5.60s

        PASS [   5.626s] (4/9) sweep::all probe_d2_sweep::d2_planar_fans
       START [         ] (5/9) sweep::all probe_d2_sweep::d2_quadrature_kind

running 1 test
D2|quad|eps=1e-9

thread 'probe_d2_sweep::d2_quadrature_kind' (4543) panicked at crates/sweep/tests/probe_d2_sweep.rs:227:51:
called `Result::unwrap()` on an `Err` value: VolumeUnmeasured { operand: None, source: Face { face: FaceKey(9v1), source: QuadratureBudget { width_len: 3.1524468442305422e-6, target_len: 1.024e-6, rounds: 13 } } }
stack backtrace:
   0: __rustc::rust_begin_unwind
             at /rustc/2d8144b7880597b6e6d3dfd63a9a9efae3f533d3/library/std/src/panicking.rs:689:5
   1: core::panicking::panic_fmt
             at /rustc/2d8144b7880597b6e6d3dfd63a9a9efae3f533d3/library/core/src/panicking.rs:80:14
   2: core::result::unwrap_failed
             at /rustc/2d8144b7880597b6e6d3dfd63a9a9efae3f533d3/library/core/src/result.rs:1867:5
   3: unwrap<topo::boolean::ops::BooleanResult<f64>, topo::boolean::BooleanError>
             at /rustc/2d8144b7880597b6e6d3dfd63a9a9efae3f533d3/library/core/src/result.rs:1233:23
   4: {closure#0}
             at ./tests/probe_d2_sweep.rs:227:51
   5: <all::probe_d2_sweep::d2_quadrature_kind::{closure#0} as core::ops::function::FnOnce<()>>::call_once
             at /rustc/2d8144b7880597b6e6d3dfd63a9a9efae3f533d3/library/core/src/ops/function.rs:250:5
   6: do_call<all::probe_d2_sweep::d2_quadrature_kind::{closure_env#0}, topo::body::Body<f64>>
             at /rustc/2d8144b7880597b6e6d3dfd63a9a9efae3f533d3/library/std/src/panicking.rs:581:40
   7: __rust_try
   8: catch_unwind<topo::body::Body<f64>, all::probe_d2_sweep::d2_quadrature_kind::{closure_env#0}>
             at /rustc/2d8144b7880597b6e6d3dfd63a9a9efae3f533d3/library/std/src/panicking.rs:544:19
   9: catch_unwind<all::probe_d2_sweep::d2_quadrature_kind::{closure_env#0}, topo::body::Body<f64>>
             at /rustc/2d8144b7880597b6e6d3dfd63a9a9efae3f533d3/library/std/src/panic.rs:359:14
  10: all::probe_d2_sweep::built::<all::probe_d2_sweep::d2_quadrature_kind::{closure#0}>
             at ./tests/probe_d2_sweep.rs:54:5
  11: d2_quadrature_kind
             at ./tests/probe_d2_sweep.rs:229:32
  12: all::probe_d2_sweep::d2_quadrature_kind::{closure#0}
             at ./tests/probe_d2_sweep.rs:213:24
  13: <all::probe_d2_sweep::d2_quadrature_kind::{closure#0} as core::ops::function::FnOnce<()>>::call_once
             at /rustc/2d8144b7880597b6e6d3dfd63a9a9efae3f533d3/library/core/src/ops/function.rs:250:5
  14: <fn() -> core::result::Result<(), alloc::string::String> as core::ops::function::FnOnce<()>>::call_once
             at /rustc/2d8144b7880597b6e6d3dfd63a9a9efae3f533d3/library/core/src/ops/function.rs:250:5
note: Some details are omitted, run with `RUST_BACKTRACE=full` for a verbose backtrace.
D2|quad h=1e-7 tilt=0.3|no build at origin

thread 'probe_d2_sweep::d2_quadrature_kind' (4543) panicked at crates/sweep/tests/probe_d2_sweep.rs:227:51:
called `Result::unwrap()` on an `Err` value: VolumeUnmeasured { operand: None, source: Face { face: FaceKey(9v1), source: QuadratureBudget { width_len: 6.642665454486923e-6, target_len: 1.024e-6, rounds: 13 } } }
stack backtrace:
   0: __rustc::rust_begin_unwind
             at /rustc/2d8144b7880597b6e6d3dfd63a9a9efae3f533d3/library/std/src/panicking.rs:689:5
   1: core::panicking::panic_fmt
             at /rustc/2d8144b7880597b6e6d3dfd63a9a9efae3f533d3/library/core/src/panicking.rs:80:14
   2: core::result::unwrap_failed
             at /rustc/2d8144b7880597b6e6d3dfd63a9a9efae3f533d3/library/core/src/result.rs:1867:5
   3: unwrap<topo::boolean::ops::BooleanResult<f64>, topo::boolean::BooleanError>
             at /rustc/2d8144b7880597b6e6d3dfd63a9a9efae3f533d3/library/core/src/result.rs:1233:23
   4: {closure#0}
             at ./tests/probe_d2_sweep.rs:227:51
   5: <all::probe_d2_sweep::d2_quadrature_kind::{closure#0} as core::ops::function::FnOnce<()>>::call_once
             at /rustc/2d8144b7880597b6e6d3dfd63a9a9efae3f533d3/library/core/src/ops/function.rs:250:5
   6: do_call<all::probe_d2_sweep::d2_quadrature_kind::{closure_env#0}, topo::body::Body<f64>>
             at /rustc/2d8144b7880597b6e6d3dfd63a9a9efae3f533d3/library/std/src/panicking.rs:581:40
   7: __rust_try
   8: catch_unwind<topo::body::Body<f64>, all::probe_d2_sweep::d2_quadrature_kind::{closure_env#0}>
             at /rustc/2d8144b7880597b6e6d3dfd63a9a9efae3f533d3/library/std/src/panicking.rs:544:19
   9: catch_unwind<all::probe_d2_sweep::d2_quadrature_kind::{closure_env#0}, topo::body::Body<f64>>
             at /rustc/2d8144b7880597b6e6d3dfd63a9a9efae3f533d3/library/std/src/panic.rs:359:14
  10: all::probe_d2_sweep::built::<all::probe_d2_sweep::d2_quadrature_kind::{closure#0}>
             at ./tests/probe_d2_sweep.rs:54:5
  11: d2_quadrature_kind
             at ./tests/probe_d2_sweep.rs:229:32
  12: all::probe_d2_sweep::d2_quadrature_kind::{closure#0}
             at ./tests/probe_d2_sweep.rs:213:24
  13: <all::probe_d2_sweep::d2_quadrature_kind::{closure#0} as core::ops::function::FnOnce<()>>::call_once
             at /rustc/2d8144b7880597b6e6d3dfd63a9a9efae3f533d3/library/core/src/ops/function.rs:250:5
  14: <fn() -> core::result::Result<(), alloc::string::String> as core::ops::function::FnOnce<()>>::call_once
             at /rustc/2d8144b7880597b6e6d3dfd63a9a9efae3f533d3/library/core/src/ops/function.rs:250:5
note: Some details are omitted, run with `RUST_BACKTRACE=full` for a verbose backtrace.
D2|quad h=1e-7 tilt=0.8|no build at origin

thread 'probe_d2_sweep::d2_quadrature_kind' (4543) panicked at crates/sweep/tests/probe_d2_sweep.rs:227:51:
called `Result::unwrap()` on an `Err` value: VolumeUnmeasured { operand: None, source: Face { face: FaceKey(13v3), source: QuadratureBudget { width_len: 1.4709058734712148e-6, target_len: 1.024e-6, rounds: 13 } } }
stack backtrace:
   0: __rustc::rust_begin_unwind
             at /rustc/2d8144b7880597b6e6d3dfd63a9a9efae3f533d3/library/std/src/panicking.rs:689:5
   1: core::panicking::panic_fmt
             at /rustc/2d8144b7880597b6e6d3dfd63a9a9efae3f533d3/library/core/src/panicking.rs:80:14
   2: core::result::unwrap_failed
             at /rustc/2d8144b7880597b6e6d3dfd63a9a9efae3f533d3/library/core/src/result.rs:1867:5
   3: unwrap<topo::boolean::ops::BooleanResult<f64>, topo::boolean::BooleanError>
             at /rustc/2d8144b7880597b6e6d3dfd63a9a9efae3f533d3/library/core/src/result.rs:1233:23
   4: {closure#0}
             at ./tests/probe_d2_sweep.rs:227:51
   5: <all::probe_d2_sweep::d2_quadrature_kind::{closure#0} as core::ops::function::FnOnce<()>>::call_once
             at /rustc/2d8144b7880597b6e6d3dfd63a9a9efae3f533d3/library/core/src/ops/function.rs:250:5
   6: do_call<all::probe_d2_sweep::d2_quadrature_kind::{closure_env#0}, topo::body::Body<f64>>
             at /rustc/2d8144b7880597b6e6d3dfd63a9a9efae3f533d3/library/std/src/panicking.rs:581:40
   7: __rust_try
   8: catch_unwind<topo::body::Body<f64>, all::probe_d2_sweep::d2_quadrature_kind::{closure_env#0}>
             at /rustc/2d8144b7880597b6e6d3dfd63a9a9efae3f533d3/library/std/src/panicking.rs:544:19
   9: catch_unwind<all::probe_d2_sweep::d2_quadrature_kind::{closure_env#0}, topo::body::Body<f64>>
             at /rustc/2d8144b7880597b6e6d3dfd63a9a9efae3f533d3/library/std/src/panic.rs:359:14
  10: all::probe_d2_sweep::built::<all::probe_d2_sweep::d2_quadrature_kind::{closure#0}>
             at ./tests/probe_d2_sweep.rs:54:5
  11: d2_quadrature_kind
             at ./tests/probe_d2_sweep.rs:229:32
  12: all::probe_d2_sweep::d2_quadrature_kind::{closure#0}
             at ./tests/probe_d2_sweep.rs:213:24
  13: <all::probe_d2_sweep::d2_quadrature_kind::{closure#0} as core::ops::function::FnOnce<()>>::call_once
             at /rustc/2d8144b7880597b6e6d3dfd63a9a9efae3f533d3/library/core/src/ops/function.rs:250:5
  14: <fn() -> core::result::Result<(), alloc::string::String> as core::ops::function::FnOnce<()>>::call_once
             at /rustc/2d8144b7880597b6e6d3dfd63a9a9efae3f533d3/library/core/src/ops/function.rs:250:5
note: Some details are omitted, run with `RUST_BACKTRACE=full` for a verbose backtrace.
D2|quad h=1e-6 tilt=0.3|no build at origin

thread 'probe_d2_sweep::d2_quadrature_kind' (4543) panicked at crates/sweep/tests/probe_d2_sweep.rs:227:51:
called `Result::unwrap()` on an `Err` value: VolumeUnmeasured { operand: None, source: Face { face: FaceKey(13v3), source: QuadratureBudget { width_len: 3.0975107873760892e-6, target_len: 1.024e-6, rounds: 13 } } }
stack backtrace:
   0: __rustc::rust_begin_unwind
             at /rustc/2d8144b7880597b6e6d3dfd63a9a9efae3f533d3/library/std/src/panicking.rs:689:5
   1: core::panicking::panic_fmt
             at /rustc/2d8144b7880597b6e6d3dfd63a9a9efae3f533d3/library/core/src/panicking.rs:80:14
   2: core::result::unwrap_failed
             at /rustc/2d8144b7880597b6e6d3dfd63a9a9efae3f533d3/library/core/src/result.rs:1867:5
   3: unwrap<topo::boolean::ops::BooleanResult<f64>, topo::boolean::BooleanError>
             at /rustc/2d8144b7880597b6e6d3dfd63a9a9efae3f533d3/library/core/src/result.rs:1233:23
   4: {closure#0}
             at ./tests/probe_d2_sweep.rs:227:51
   5: <all::probe_d2_sweep::d2_quadrature_kind::{closure#0} as core::ops::function::FnOnce<()>>::call_once
             at /rustc/2d8144b7880597b6e6d3dfd63a9a9efae3f533d3/library/core/src/ops/function.rs:250:5
   6: do_call<all::probe_d2_sweep::d2_quadrature_kind::{closure_env#0}, topo::body::Body<f64>>
             at /rustc/2d8144b7880597b6e6d3dfd63a9a9efae3f533d3/library/std/src/panicking.rs:581:40
   7: __rust_try
   8: catch_unwind<topo::body::Body<f64>, all::probe_d2_sweep::d2_quadrature_kind::{closure_env#0}>
             at /rustc/2d8144b7880597b6e6d3dfd63a9a9efae3f533d3/library/std/src/panicking.rs:544:19
   9: catch_unwind<all::probe_d2_sweep::d2_quadrature_kind::{closure_env#0}, topo::body::Body<f64>>
             at /rustc/2d8144b7880597b6e6d3dfd63a9a9efae3f533d3/library/std/src/panic.rs:359:14
  10: all::probe_d2_sweep::built::<all::probe_d2_sweep::d2_quadrature_kind::{closure#0}>
             at ./tests/probe_d2_sweep.rs:54:5
  11: d2_quadrature_kind
             at ./tests/probe_d2_sweep.rs:229:32
  12: all::probe_d2_sweep::d2_quadrature_kind::{closure#0}
             at ./tests/probe_d2_sweep.rs:213:24
  13: <all::probe_d2_sweep::d2_quadrature_kind::{closure#0} as core::ops::function::FnOnce<()>>::call_once
             at /rustc/2d8144b7880597b6e6d3dfd63a9a9efae3f533d3/library/core/src/ops/function.rs:250:5
  14: <fn() -> core::result::Result<(), alloc::string::String> as core::ops::function::FnOnce<()>>::call_once
             at /rustc/2d8144b7880597b6e6d3dfd63a9a9efae3f533d3/library/core/src/ops/function.rs:250:5
note: Some details are omitted, run with `RUST_BACKTRACE=full` for a verbose backtrace.
D2|quad h=1e-6 tilt=0.8|no build at origin
D2|quad h=1e-5 tilt=0.3 dir=(0.6, 0.48, 0.64) d=0e0 a=0|upright|exact=+3.288e-11|f64=+3.288e-11|VA/esc=500.0|tier3=Ok(())|classify=Ok(["Outer"])
D2|quad h=1e-5 tilt=0.3 dir=(0.6, 0.48, 0.64) d=0e0 a=0|INVERTED|exact=-3.288e-11|f64=-3.288e-11|VA/esc=500.0|tier3=Err([NegativeVolume { solid: SolidKey(1v1) }])|classify=Ok(["Void"])
D2|quad h=1e-5 tilt=0.3 dir=(0.6, 0.48, 0.64) d=0e0 a=0.7|upright|exact=+3.288e-11|f64=+3.288e-11|VA/esc=500.0|tier3=Ok(())|classify=Ok(["Outer"])
D2|quad h=1e-5 tilt=0.3 dir=(0.6, 0.48, 0.64) d=0e0 a=0.7|INVERTED|exact=-3.288e-11|f64=-3.288e-11|VA/esc=500.0|tier3=Err([NegativeVolume { solid: SolidKey(1v1) }])|classify=Ok(["Void"])
D2|quad h=1e-5 tilt=0.3 dir=(0.6, 0.48, 0.64) d=1e3 a=0|upright|exact=+3.288e-11|f64=+3.288e-11|VA/esc=500.0|tier3=Ok(())|classify=Ok(["Outer"])
D2|quad h=1e-5 tilt=0.3 dir=(0.6, 0.48, 0.64) d=1e3 a=0|INVERTED|exact=-3.288e-11|f64=-3.288e-11|VA/esc=500.0|tier3=Err([NegativeVolume { solid: SolidKey(1v1) }])|classify=Ok(["Void"])
D2|quad h=1e-5 tilt=0.3 dir=(0.6, 0.48, 0.64) d=1e3 a=0.7|upright|exact=+3.288e-11|f64=+3.288e-11|VA/esc=500.0|tier3=Ok(())|classify=Ok(["Outer"])
D2|quad h=1e-5 tilt=0.3 dir=(0.6, 0.48, 0.64) d=1e3 a=0.7|INVERTED|exact=-3.288e-11|f64=-3.288e-11|VA/esc=500.0|tier3=Err([NegativeVolume { solid: SolidKey(1v1) }])|classify=Ok(["Void"])
D2|quad h=1e-5 tilt=0.3 dir=(0.6, 0.48, 0.64) d=5e3 a=0|upright|exact=+3.288e-11|f64=+3.288e-11|VA/esc=500.0|tier3=Ok(())|classify=Ok(["Outer"])
D2|quad h=1e-5 tilt=0.3 dir=(0.6, 0.48, 0.64) d=5e3 a=0|INVERTED|exact=-3.288e-11|f64=-3.288e-11|VA/esc=500.0|tier3=Err([NegativeVolume { solid: SolidKey(1v1) }])|classify=Ok(["Void"])
D2|quad h=1e-5 tilt=0.3 dir=(0.6, 0.48, 0.64) d=5e3 a=0.7|upright|exact=+3.288e-11|f64=+3.288e-11|VA/esc=500.0|tier3=Err([VolumeSignUnresolved { solid: SolidKey(1v1) }])|classify=Err(Escalated { shell: ShellKey(3v1), source: Indeterminate  <-- VALID REFUSED
D2|quad h=1e-5 tilt=0.3 dir=(0.6, 0.48, 0.64) d=5e3 a=0.7|INVERTED|exact=-3.288e-11|f64=-3.288e-11|VA/esc=500.0|tier3=Err([VolumeSignUnresolved { solid: SolidKey(1v1) }])|classify=Err(Escalated { shell: ShellKey(3v1), source: Indeterminate 
D2|quad h=1e-5 tilt=0.3 dir=(0.6, 0.48, 0.64) d=2e4 a=0|upright|exact=+3.288e-11|f64=+3.288e-11|VA/esc=500.0|tier3=Err([VolumeSignUnresolved { solid: SolidKey(1v1) }])|classify=Err(Escalated { shell: ShellKey(3v1), source: Indeterminate  <-- VALID REFUSED
D2|quad h=1e-5 tilt=0.3 dir=(0.6, 0.48, 0.64) d=2e4 a=0|INVERTED|exact=-3.288e-11|f64=-3.288e-11|VA/esc=500.0|tier3=Err([VolumeSignUnresolved { solid: SolidKey(1v1) }])|classify=Err(Escalated { shell: ShellKey(3v1), source: Indeterminate 
D2|quad h=1e-5 tilt=0.3 dir=(0.6, 0.48, 0.64) d=2e4 a=0.7|upright|exact=+3.288e-11|f64=+3.288e-11|VA/esc=500.0|tier3=Err([VolumeSignUnresolved { solid: SolidKey(1v1) }])|classify=Err(Escalated { shell: ShellKey(3v1), source: Indeterminate  <-- VALID REFUSED
D2|quad h=1e-5 tilt=0.3 dir=(0.6, 0.48, 0.64) d=2e4 a=0.7|INVERTED|exact=-3.288e-11|f64=-3.288e-11|VA/esc=500.0|tier3=Err([VolumeSignUnresolved { solid: SolidKey(1v1) }])|classify=Err(Escalated { shell: ShellKey(3v1), source: Indeterminate 
D2|quad h=1e-5 tilt=0.3 dir=(-0.6, -0.48, -0.64) d=0e0 a=0|upright|exact=+3.288e-11|f64=+3.288e-11|VA/esc=500.0|tier3=Ok(())|classify=Ok(["Outer"])
D2|quad h=1e-5 tilt=0.3 dir=(-0.6, -0.48, -0.64) d=0e0 a=0|INVERTED|exact=-3.288e-11|f64=-3.288e-11|VA/esc=500.0|tier3=Err([NegativeVolume { solid: SolidKey(1v1) }])|classify=Ok(["Void"])
D2|quad h=1e-5 tilt=0.3 dir=(-0.6, -0.48, -0.64) d=0e0 a=0.7|upright|exact=+3.288e-11|f64=+3.288e-11|VA/esc=500.0|tier3=Ok(())|classify=Ok(["Outer"])
D2|quad h=1e-5 tilt=0.3 dir=(-0.6, -0.48, -0.64) d=0e0 a=0.7|INVERTED|exact=-3.288e-11|f64=-3.288e-11|VA/esc=500.0|tier3=Err([NegativeVolume { solid: SolidKey(1v1) }])|classify=Ok(["Void"])
D2|quad h=1e-5 tilt=0.3 dir=(-0.6, -0.48, -0.64) d=1e3 a=0|upright|exact=+3.288e-11|f64=+3.288e-11|VA/esc=500.0|tier3=Ok(())|classify=Ok(["Outer"])
D2|quad h=1e-5 tilt=0.3 dir=(-0.6, -0.48, -0.64) d=1e3 a=0|INVERTED|exact=-3.288e-11|f64=-3.288e-11|VA/esc=500.0|tier3=Err([NegativeVolume { solid: SolidKey(1v1) }])|classify=Ok(["Void"])
D2|quad h=1e-5 tilt=0.3 dir=(-0.6, -0.48, -0.64) d=1e3 a=0.7|upright|exact=+3.288e-11|f64=+3.288e-11|VA/esc=500.0|tier3=Ok(())|classify=Ok(["Outer"])
D2|quad h=1e-5 tilt=0.3 dir=(-0.6, -0.48, -0.64) d=1e3 a=0.7|INVERTED|exact=-3.288e-11|f64=-3.288e-11|VA/esc=500.0|tier3=Err([NegativeVolume { solid: SolidKey(1v1) }])|classify=Ok(["Void"])
D2|quad h=1e-5 tilt=0.3 dir=(-0.6, -0.48, -0.64) d=5e3 a=0|upright|exact=+3.288e-11|f64=+3.288e-11|VA/esc=500.0|tier3=Ok(())|classify=Ok(["Outer"])
D2|quad h=1e-5 tilt=0.3 dir=(-0.6, -0.48, -0.64) d=5e3 a=0|INVERTED|exact=-3.288e-11|f64=-3.288e-11|VA/esc=500.0|tier3=Err([NegativeVolume { solid: SolidKey(1v1) }])|classify=Ok(["Void"])
D2|quad h=1e-5 tilt=0.3 dir=(-0.6, -0.48, -0.64) d=5e3 a=0.7|upright|exact=+3.288e-11|f64=+3.288e-11|VA/esc=500.0|tier3=Err([VolumeSignUnresolved { solid: SolidKey(1v1) }])|classify=Err(Escalated { shell: ShellKey(3v1), source: Indeterminate  <-- VALID REFUSED
D2|quad h=1e-5 tilt=0.3 dir=(-0.6, -0.48, -0.64) d=5e3 a=0.7|INVERTED|exact=-3.288e-11|f64=-3.288e-11|VA/esc=500.0|tier3=Err([VolumeSignUnresolved { solid: SolidKey(1v1) }])|classify=Err(Escalated { shell: ShellKey(3v1), source: Indeterminate 
D2|quad h=1e-5 tilt=0.3 dir=(-0.6, -0.48, -0.64) d=2e4 a=0|upright|exact=+3.288e-11|f64=+3.288e-11|VA/esc=500.0|tier3=Err([VolumeSignUnresolved { solid: SolidKey(1v1) }])|classify=Err(Escalated { shell: ShellKey(3v1), source: Indeterminate  <-- VALID REFUSED
D2|quad h=1e-5 tilt=0.3 dir=(-0.6, -0.48, -0.64) d=2e4 a=0|INVERTED|exact=-3.288e-11|f64=-3.288e-11|VA/esc=500.0|tier3=Err([VolumeSignUnresolved { solid: SolidKey(1v1) }])|classify=Err(Escalated { shell: ShellKey(3v1), source: Indeterminate 
D2|quad h=1e-5 tilt=0.3 dir=(-0.6, -0.48, -0.64) d=2e4 a=0.7|upright|exact=+3.288e-11|f64=+3.288e-11|VA/esc=500.0|tier3=Err([VolumeSignUnresolved { solid: SolidKey(1v1) }])|classify=Err(Escalated { shell: ShellKey(3v1), source: Indeterminate  <-- VALID REFUSED
D2|quad h=1e-5 tilt=0.3 dir=(-0.6, -0.48, -0.64) d=2e4 a=0.7|INVERTED|exact=-3.288e-11|f64=-3.288e-11|VA/esc=500.0|tier3=Err([VolumeSignUnresolved { solid: SolidKey(1v1) }])|classify=Err(Escalated { shell: ShellKey(3v1), source: Indeterminate 
D2|quad h=1e-5 tilt=0.3 dir=(0.0, 0.0, 1.0) d=0e0 a=0|upright|exact=+3.288e-11|f64=+3.288e-11|VA/esc=500.0|tier3=Ok(())|classify=Ok(["Outer"])
D2|quad h=1e-5 tilt=0.3 dir=(0.0, 0.0, 1.0) d=0e0 a=0|INVERTED|exact=-3.288e-11|f64=-3.288e-11|VA/esc=500.0|tier3=Err([NegativeVolume { solid: SolidKey(1v1) }])|classify=Ok(["Void"])
D2|quad h=1e-5 tilt=0.3 dir=(0.0, 0.0, 1.0) d=0e0 a=0.7|upright|exact=+3.288e-11|f64=+3.288e-11|VA/esc=500.0|tier3=Ok(())|classify=Ok(["Outer"])
D2|quad h=1e-5 tilt=0.3 dir=(0.0, 0.0, 1.0) d=0e0 a=0.7|INVERTED|exact=-3.288e-11|f64=-3.288e-11|VA/esc=500.0|tier3=Err([NegativeVolume { solid: SolidKey(1v1) }])|classify=Ok(["Void"])
D2|quad h=1e-5 tilt=0.3 dir=(0.0, 0.0, 1.0) d=1e3 a=0|upright|exact=+3.288e-11|f64=+3.288e-11|VA/esc=500.0|tier3=Ok(())|classify=Ok(["Outer"])
D2|quad h=1e-5 tilt=0.3 dir=(0.0, 0.0, 1.0) d=1e3 a=0|INVERTED|exact=-3.288e-11|f64=-3.288e-11|VA/esc=500.0|tier3=Err([NegativeVolume { solid: SolidKey(1v1) }])|classify=Ok(["Void"])
D2|quad h=1e-5 tilt=0.3 dir=(0.0, 0.0, 1.0) d=1e3 a=0.7|upright|exact=+3.288e-11|f64=+3.288e-11|VA/esc=500.0|tier3=Ok(())|classify=Ok(["Outer"])
D2|quad h=1e-5 tilt=0.3 dir=(0.0, 0.0, 1.0) d=1e3 a=0.7|INVERTED|exact=-3.288e-11|f64=-3.288e-11|VA/esc=500.0|tier3=Err([NegativeVolume { solid: SolidKey(1v1) }])|classify=Ok(["Void"])
D2|quad h=1e-5 tilt=0.3 dir=(0.0, 0.0, 1.0) d=5e3 a=0|upright|exact=+3.288e-11|f64=+3.288e-11|VA/esc=500.0|tier3=Ok(())|classify=Ok(["Outer"])
D2|quad h=1e-5 tilt=0.3 dir=(0.0, 0.0, 1.0) d=5e3 a=0|INVERTED|exact=-3.288e-11|f64=-3.288e-11|VA/esc=500.0|tier3=Err([NegativeVolume { solid: SolidKey(1v1) }])|classify=Ok(["Void"])
D2|quad h=1e-5 tilt=0.3 dir=(0.0, 0.0, 1.0) d=5e3 a=0.7|upright|exact=+3.288e-11|f64=+3.288e-11|VA/esc=500.0|tier3=Ok(())|classify=Ok(["Outer"])
D2|quad h=1e-5 tilt=0.3 dir=(0.0, 0.0, 1.0) d=5e3 a=0.7|INVERTED|exact=-3.288e-11|f64=-3.288e-11|VA/esc=500.0|tier3=Err([NegativeVolume { solid: SolidKey(1v1) }])|classify=Ok(["Void"])
D2|quad h=1e-5 tilt=0.3 dir=(0.0, 0.0, 1.0) d=2e4 a=0|upright|exact=+3.288e-11|f64=+3.288e-11|VA/esc=500.0|tier3=Ok(())|classify=Ok(["Outer"])
D2|quad h=1e-5 tilt=0.3 dir=(0.0, 0.0, 1.0) d=2e4 a=0|INVERTED|exact=-3.288e-11|f64=-3.288e-11|VA/esc=500.0|tier3=Err([NegativeVolume { solid: SolidKey(1v1) }])|classify=Ok(["Void"])
D2|quad h=1e-5 tilt=0.3 dir=(0.0, 0.0, 1.0) d=2e4 a=0.7|upright|exact=+3.288e-11|f64=+3.288e-11|VA/esc=500.0|tier3=Ok(())|classify=Ok(["Outer"])
D2|quad h=1e-5 tilt=0.3 dir=(0.0, 0.0, 1.0) d=2e4 a=0.7|INVERTED|exact=-3.288e-11|f64=-3.288e-11|VA/esc=500.0|tier3=Err([NegativeVolume { solid: SolidKey(1v1) }])|classify=Ok(["Void"])
D2|quad h=1e-5 tilt=0.8 dir=(0.6, 0.48, 0.64) d=0e0 a=0|upright|exact=+4.509e-11|f64=+4.509e-11|VA/esc=500.0|tier3=Ok(())|classify=Ok(["Outer"])
D2|quad h=1e-5 tilt=0.8 dir=(0.6, 0.48, 0.64) d=0e0 a=0|INVERTED|exact=-4.509e-11|f64=-4.509e-11|VA/esc=500.0|tier3=Err([NegativeVolume { solid: SolidKey(1v1) }])|classify=Ok(["Void"])
D2|quad h=1e-5 tilt=0.8 dir=(0.6, 0.48, 0.64) d=0e0 a=0.7|upright|exact=+4.509e-11|f64=+4.509e-11|VA/esc=500.0|tier3=Ok(())|classify=Ok(["Outer"])
D2|quad h=1e-5 tilt=0.8 dir=(0.6, 0.48, 0.64) d=0e0 a=0.7|INVERTED|exact=-4.509e-11|f64=-4.509e-11|VA/esc=500.0|tier3=Err([NegativeVolume { solid: SolidKey(1v1) }])|classify=Ok(["Void"])
D2|quad h=1e-5 tilt=0.8 dir=(0.6, 0.48, 0.64) d=1e3 a=0|upright|exact=+4.509e-11|f64=+4.509e-11|VA/esc=500.0|tier3=Ok(())|classify=Ok(["Outer"])
D2|quad h=1e-5 tilt=0.8 dir=(0.6, 0.48, 0.64) d=1e3 a=0|INVERTED|exact=-4.509e-11|f64=-4.509e-11|VA/esc=500.0|tier3=Err([NegativeVolume { solid: SolidKey(1v1) }])|classify=Ok(["Void"])
D2|quad h=1e-5 tilt=0.8 dir=(0.6, 0.48, 0.64) d=1e3 a=0.7|upright|exact=+4.509e-11|f64=+4.509e-11|VA/esc=500.0|tier3=Ok(())|classify=Ok(["Outer"])
D2|quad h=1e-5 tilt=0.8 dir=(0.6, 0.48, 0.64) d=1e3 a=0.7|INVERTED|exact=-4.509e-11|f64=-4.509e-11|VA/esc=500.0|tier3=Err([NegativeVolume { solid: SolidKey(1v1) }])|classify=Ok(["Void"])
D2|quad h=1e-5 tilt=0.8 dir=(0.6, 0.48, 0.64) d=5e3 a=0|upright|exact=+4.509e-11|f64=+4.509e-11|VA/esc=500.0|tier3=Ok(())|classify=Ok(["Outer"])
D2|quad h=1e-5 tilt=0.8 dir=(0.6, 0.48, 0.64) d=5e3 a=0|INVERTED|exact=-4.509e-11|f64=-4.509e-11|VA/esc=500.0|tier3=Err([NegativeVolume { solid: SolidKey(1v1) }])|classify=Ok(["Void"])
D2|quad h=1e-5 tilt=0.8 dir=(0.6, 0.48, 0.64) d=5e3 a=0.7|upright|exact=+4.509e-11|f64=+4.509e-11|VA/esc=500.0|tier3=Ok(())|classify=Ok(["Outer"])
D2|quad h=1e-5 tilt=0.8 dir=(0.6, 0.48, 0.64) d=5e3 a=0.7|INVERTED|exact=-4.509e-11|f64=-4.509e-11|VA/esc=500.0|tier3=Err([NegativeVolume { solid: SolidKey(1v1) }])|classify=Ok(["Void"])
D2|quad h=1e-5 tilt=0.8 dir=(0.6, 0.48, 0.64) d=2e4 a=0|upright|exact=+4.509e-11|f64=+4.509e-11|VA/esc=500.0|tier3=Err([VolumeSignUnresolved { solid: SolidKey(1v1) }])|classify=Err(Escalated { shell: ShellKey(3v1), source: Indeterminate  <-- VALID REFUSED
D2|quad h=1e-5 tilt=0.8 dir=(0.6, 0.48, 0.64) d=2e4 a=0|INVERTED|exact=-4.509e-11|f64=-4.509e-11|VA/esc=500.0|tier3=Err([VolumeSignUnresolved { solid: SolidKey(1v1) }])|classify=Err(Escalated { shell: ShellKey(3v1), source: Indeterminate 
D2|quad h=1e-5 tilt=0.8 dir=(0.6, 0.48, 0.64) d=2e4 a=0.7|upright|exact=+4.509e-11|f64=+4.509e-11|VA/esc=500.0|tier3=Err([VolumeSignUnresolved { solid: SolidKey(1v1) }])|classify=Err(Escalated { shell: ShellKey(3v1), source: Indeterminate  <-- VALID REFUSED
D2|quad h=1e-5 tilt=0.8 dir=(0.6, 0.48, 0.64) d=2e4 a=0.7|INVERTED|exact=-4.509e-11|f64=-4.509e-11|VA/esc=500.0|tier3=Err([VolumeSignUnresolved { solid: SolidKey(1v1) }])|classify=Err(Escalated { shell: ShellKey(3v1), source: Indeterminate 
D2|quad h=1e-5 tilt=0.8 dir=(-0.6, -0.48, -0.64) d=0e0 a=0|upright|exact=+4.509e-11|f64=+4.509e-11|VA/esc=500.0|tier3=Ok(())|classify=Ok(["Outer"])
D2|quad h=1e-5 tilt=0.8 dir=(-0.6, -0.48, -0.64) d=0e0 a=0|INVERTED|exact=-4.509e-11|f64=-4.509e-11|VA/esc=500.0|tier3=Err([NegativeVolume { solid: SolidKey(1v1) }])|classify=Ok(["Void"])
D2|quad h=1e-5 tilt=0.8 dir=(-0.6, -0.48, -0.64) d=0e0 a=0.7|upright|exact=+4.509e-11|f64=+4.509e-11|VA/esc=500.0|tier3=Ok(())|classify=Ok(["Outer"])
D2|quad h=1e-5 tilt=0.8 dir=(-0.6, -0.48, -0.64) d=0e0 a=0.7|INVERTED|exact=-4.509e-11|f64=-4.509e-11|VA/esc=500.0|tier3=Err([NegativeVolume { solid: SolidKey(1v1) }])|classify=Ok(["Void"])
D2|quad h=1e-5 tilt=0.8 dir=(-0.6, -0.48, -0.64) d=1e3 a=0|upright|exact=+4.509e-11|f64=+4.509e-11|VA/esc=500.0|tier3=Ok(())|classify=Ok(["Outer"])
D2|quad h=1e-5 tilt=0.8 dir=(-0.6, -0.48, -0.64) d=1e3 a=0|INVERTED|exact=-4.509e-11|f64=-4.509e-11|VA/esc=500.0|tier3=Err([NegativeVolume { solid: SolidKey(1v1) }])|classify=Ok(["Void"])
D2|quad h=1e-5 tilt=0.8 dir=(-0.6, -0.48, -0.64) d=1e3 a=0.7|upright|exact=+4.509e-11|f64=+4.509e-11|VA/esc=500.0|tier3=Ok(())|classify=Ok(["Outer"])
D2|quad h=1e-5 tilt=0.8 dir=(-0.6, -0.48, -0.64) d=1e3 a=0.7|INVERTED|exact=-4.509e-11|f64=-4.509e-11|VA/esc=500.0|tier3=Err([NegativeVolume { solid: SolidKey(1v1) }])|classify=Ok(["Void"])
D2|quad h=1e-5 tilt=0.8 dir=(-0.6, -0.48, -0.64) d=5e3 a=0|upright|exact=+4.509e-11|f64=+4.509e-11|VA/esc=500.0|tier3=Ok(())|classify=Ok(["Outer"])
D2|quad h=1e-5 tilt=0.8 dir=(-0.6, -0.48, -0.64) d=5e3 a=0|INVERTED|exact=-4.509e-11|f64=-4.509e-11|VA/esc=500.0|tier3=Err([NegativeVolume { solid: SolidKey(1v1) }])|classify=Ok(["Void"])
D2|quad h=1e-5 tilt=0.8 dir=(-0.6, -0.48, -0.64) d=5e3 a=0.7|upright|exact=+4.509e-11|f64=+4.509e-11|VA/esc=500.0|tier3=Ok(())|classify=Ok(["Outer"])
D2|quad h=1e-5 tilt=0.8 dir=(-0.6, -0.48, -0.64) d=5e3 a=0.7|INVERTED|exact=-4.509e-11|f64=-4.509e-11|VA/esc=500.0|tier3=Err([NegativeVolume { solid: SolidKey(1v1) }])|classify=Ok(["Void"])
D2|quad h=1e-5 tilt=0.8 dir=(-0.6, -0.48, -0.64) d=2e4 a=0|upright|exact=+4.509e-11|f64=+4.509e-11|VA/esc=500.0|tier3=Err([VolumeSignUnresolved { solid: SolidKey(1v1) }])|classify=Err(Escalated { shell: ShellKey(3v1), source: Indeterminate  <-- VALID REFUSED
D2|quad h=1e-5 tilt=0.8 dir=(-0.6, -0.48, -0.64) d=2e4 a=0|INVERTED|exact=-4.509e-11|f64=-4.509e-11|VA/esc=500.0|tier3=Err([VolumeSignUnresolved { solid: SolidKey(1v1) }])|classify=Err(Escalated { shell: ShellKey(3v1), source: Indeterminate 
D2|quad h=1e-5 tilt=0.8 dir=(-0.6, -0.48, -0.64) d=2e4 a=0.7|upright|exact=+4.509e-11|f64=+4.509e-11|VA/esc=500.0|tier3=Err([VolumeSignUnresolved { solid: SolidKey(1v1) }])|classify=Err(Escalated { shell: ShellKey(3v1), source: Indeterminate  <-- VALID REFUSED
D2|quad h=1e-5 tilt=0.8 dir=(-0.6, -0.48, -0.64) d=2e4 a=0.7|INVERTED|exact=-4.509e-11|f64=-4.509e-11|VA/esc=500.0|tier3=Err([VolumeSignUnresolved { solid: SolidKey(1v1) }])|classify=Err(Escalated { shell: ShellKey(3v1), source: Indeterminate 
D2|quad h=1e-5 tilt=0.8 dir=(0.0, 0.0, 1.0) d=0e0 a=0|upright|exact=+4.509e-11|f64=+4.509e-11|VA/esc=500.0|tier3=Ok(())|classify=Ok(["Outer"])
D2|quad h=1e-5 tilt=0.8 dir=(0.0, 0.0, 1.0) d=0e0 a=0|INVERTED|exact=-4.509e-11|f64=-4.509e-11|VA/esc=500.0|tier3=Err([NegativeVolume { solid: SolidKey(1v1) }])|classify=Ok(["Void"])
D2|quad h=1e-5 tilt=0.8 dir=(0.0, 0.0, 1.0) d=0e0 a=0.7|upright|exact=+4.509e-11|f64=+4.509e-11|VA/esc=500.0|tier3=Ok(())|classify=Ok(["Outer"])
D2|quad h=1e-5 tilt=0.8 dir=(0.0, 0.0, 1.0) d=0e0 a=0.7|INVERTED|exact=-4.509e-11|f64=-4.509e-11|VA/esc=500.0|tier3=Err([NegativeVolume { solid: SolidKey(1v1) }])|classify=Ok(["Void"])
D2|quad h=1e-5 tilt=0.8 dir=(0.0, 0.0, 1.0) d=1e3 a=0|upright|exact=+4.509e-11|f64=+4.509e-11|VA/esc=500.0|tier3=Ok(())|classify=Ok(["Outer"])
D2|quad h=1e-5 tilt=0.8 dir=(0.0, 0.0, 1.0) d=1e3 a=0|INVERTED|exact=-4.509e-11|f64=-4.509e-11|VA/esc=500.0|tier3=Err([NegativeVolume { solid: SolidKey(1v1) }])|classify=Ok(["Void"])
D2|quad h=1e-5 tilt=0.8 dir=(0.0, 0.0, 1.0) d=1e3 a=0.7|upright|exact=+4.509e-11|f64=+4.509e-11|VA/esc=500.0|tier3=Ok(())|classify=Ok(["Outer"])
D2|quad h=1e-5 tilt=0.8 dir=(0.0, 0.0, 1.0) d=1e3 a=0.7|INVERTED|exact=-4.509e-11|f64=-4.509e-11|VA/esc=500.0|tier3=Err([NegativeVolume { solid: SolidKey(1v1) }])|classify=Ok(["Void"])
D2|quad h=1e-5 tilt=0.8 dir=(0.0, 0.0, 1.0) d=5e3 a=0|upright|exact=+4.509e-11|f64=+4.509e-11|VA/esc=500.0|tier3=Ok(())|classify=Ok(["Outer"])
D2|quad h=1e-5 tilt=0.8 dir=(0.0, 0.0, 1.0) d=5e3 a=0|INVERTED|exact=-4.509e-11|f64=-4.509e-11|VA/esc=500.0|tier3=Err([NegativeVolume { solid: SolidKey(1v1) }])|classify=Ok(["Void"])
D2|quad h=1e-5 tilt=0.8 dir=(0.0, 0.0, 1.0) d=5e3 a=0.7|upright|exact=+4.509e-11|f64=+4.509e-11|VA/esc=500.0|tier3=Ok(())|classify=Ok(["Outer"])
D2|quad h=1e-5 tilt=0.8 dir=(0.0, 0.0, 1.0) d=5e3 a=0.7|INVERTED|exact=-4.509e-11|f64=-4.509e-11|VA/esc=500.0|tier3=Err([NegativeVolume { solid: SolidKey(1v1) }])|classify=Ok(["Void"])
D2|quad h=1e-5 tilt=0.8 dir=(0.0, 0.0, 1.0) d=2e4 a=0|upright|exact=+4.509e-11|f64=+4.509e-11|VA/esc=500.0|tier3=Ok(())|classify=Ok(["Outer"])
D2|quad h=1e-5 tilt=0.8 dir=(0.0, 0.0, 1.0) d=2e4 a=0|INVERTED|exact=-4.509e-11|f64=-4.509e-11|VA/esc=500.0|tier3=Err([NegativeVolume { solid: SolidKey(1v1) }])|classify=Ok(["Void"])
D2|quad h=1e-5 tilt=0.8 dir=(0.0, 0.0, 1.0) d=2e4 a=0.7|upright|exact=+4.509e-11|f64=+4.509e-11|VA/esc=500.0|tier3=Ok(())|classify=Ok(["Outer"])
D2|quad h=1e-5 tilt=0.8 dir=(0.0, 0.0, 1.0) d=2e4 a=0.7|INVERTED|exact=-4.509e-11|f64=-4.509e-11|VA/esc=500.0|tier3=Err([NegativeVolume { solid: SolidKey(1v1) }])|classify=Ok(["Void"])
test probe_d2_sweep::d2_quadrature_kind ... ok

test result: ok. 1 passed; 0 failed; 0 ignored; 0 measured; 2111 filtered out; finished in 58.62s

        PASS [  58.639s] (5/9) sweep::all probe_d2_sweep::d2_quadrature_kind
       START [         ] (6/9) sweep::all probe_d2_sweep::d2_revolved_kinds

running 1 test
D2|rev|eps=1e-9
D2|washer h=1e-7 dir=(0.6, 0.48, 0.64) d=0e0 a=0|upright|exact=+9.425e-13|f64=+9.425e-13|VA/esc=5.0|tier3=Ok(())|classify=Ok(["Outer"])
D2|washer h=1e-7 dir=(0.6, 0.48, 0.64) d=0e0 a=0|INVERTED|exact=-9.425e-13|f64=-9.425e-13|VA/esc=5.0|tier3=Err([NegativeVolume { solid: SolidKey(1v1) }])|classify=Ok(["Void"])
D2|washer h=1e-7 dir=(0.6, 0.48, 0.64) d=0e0 a=0.7|upright|exact=+9.425e-13|f64=+9.425e-13|VA/esc=5.0|tier3=Ok(())|classify=Ok(["Outer"])
D2|washer h=1e-7 dir=(0.6, 0.48, 0.64) d=0e0 a=0.7|INVERTED|exact=-9.425e-13|f64=-9.425e-13|VA/esc=5.0|tier3=Err([NegativeVolume { solid: SolidKey(1v1) }])|classify=Ok(["Void"])
D2|washer h=1e-7 dir=(0.6, 0.48, 0.64) d=1e3 a=0|upright|exact=+9.425e-13|f64=+9.425e-13|VA/esc=5.0|tier3=Ok(())|classify=Ok(["Outer"])
D2|washer h=1e-7 dir=(0.6, 0.48, 0.64) d=1e3 a=0|INVERTED|exact=-9.425e-13|f64=-9.425e-13|VA/esc=5.0|tier3=Err([NegativeVolume { solid: SolidKey(1v1) }])|classify=Ok(["Void"])
D2|washer h=1e-7 dir=(0.6, 0.48, 0.64) d=1e3 a=0.7|upright|exact=+9.425e-13|f64=+9.425e-13|VA/esc=5.0|tier3=Ok(())|classify=Ok(["Outer"])
D2|washer h=1e-7 dir=(0.6, 0.48, 0.64) d=1e3 a=0.7|INVERTED|exact=-9.425e-13|f64=-9.425e-13|VA/esc=5.0|tier3=Err([NegativeVolume { solid: SolidKey(1v1) }])|classify=Ok(["Void"])
D2|washer h=1e-7 dir=(0.6, 0.48, 0.64) d=5e3 a=0|upright|exact=+9.425e-13|f64=+9.425e-13|VA/esc=5.0|tier3=Ok(())|classify=Ok(["Outer"])
D2|washer h=1e-7 dir=(0.6, 0.48, 0.64) d=5e3 a=0|INVERTED|exact=-9.425e-13|f64=-9.425e-13|VA/esc=5.0|tier3=Err([NegativeVolume { solid: SolidKey(1v1) }])|classify=Ok(["Void"])
D2|washer h=1e-7 dir=(0.6, 0.48, 0.64) d=5e3 a=0.7|upright|exact=+9.425e-13|f64=+9.425e-13|VA/esc=5.0|tier3=Ok(())|classify=Ok(["Outer"])
D2|washer h=1e-7 dir=(0.6, 0.48, 0.64) d=5e3 a=0.7|INVERTED|exact=-9.425e-13|f64=-9.425e-13|VA/esc=5.0|tier3=Err([NegativeVolume { solid: SolidKey(1v1) }])|classify=Ok(["Void"])
D2|washer h=1e-7 dir=(0.6, 0.48, 0.64) d=2e4 a=0|upright|exact=+9.425e-13|f64=+9.425e-13|VA/esc=5.0|tier3=Ok(())|classify=Ok(["Outer"])
D2|washer h=1e-7 dir=(0.6, 0.48, 0.64) d=2e4 a=0|INVERTED|exact=-9.425e-13|f64=-9.425e-13|VA/esc=5.0|tier3=Err([NegativeVolume { solid: SolidKey(1v1) }])|classify=Ok(["Void"])
D2|washer h=1e-7 dir=(0.6, 0.48, 0.64) d=2e4 a=0.7|upright|exact=+9.425e-13|f64=+9.425e-13|VA/esc=5.0|tier3=Ok(())|classify=Ok(["Outer"])
D2|washer h=1e-7 dir=(0.6, 0.48, 0.64) d=2e4 a=0.7|INVERTED|exact=-9.425e-13|f64=-9.425e-13|VA/esc=5.0|tier3=Err([NegativeVolume { solid: SolidKey(1v1) }])|classify=Ok(["Void"])
D2|washer h=1e-7 dir=(-0.6, -0.48, -0.64) d=0e0 a=0|upright|exact=+9.425e-13|f64=+9.425e-13|VA/esc=5.0|tier3=Ok(())|classify=Ok(["Outer"])
D2|washer h=1e-7 dir=(-0.6, -0.48, -0.64) d=0e0 a=0|INVERTED|exact=-9.425e-13|f64=-9.425e-13|VA/esc=5.0|tier3=Err([NegativeVolume { solid: SolidKey(1v1) }])|classify=Ok(["Void"])
D2|washer h=1e-7 dir=(-0.6, -0.48, -0.64) d=0e0 a=0.7|upright|exact=+9.425e-13|f64=+9.425e-13|VA/esc=5.0|tier3=Ok(())|classify=Ok(["Outer"])
D2|washer h=1e-7 dir=(-0.6, -0.48, -0.64) d=0e0 a=0.7|INVERTED|exact=-9.425e-13|f64=-9.425e-13|VA/esc=5.0|tier3=Err([NegativeVolume { solid: SolidKey(1v1) }])|classify=Ok(["Void"])
D2|washer h=1e-7 dir=(-0.6, -0.48, -0.64) d=1e3 a=0|upright|exact=+9.425e-13|f64=+9.425e-13|VA/esc=5.0|tier3=Ok(())|classify=Ok(["Outer"])
D2|washer h=1e-7 dir=(-0.6, -0.48, -0.64) d=1e3 a=0|INVERTED|exact=-9.425e-13|f64=-9.425e-13|VA/esc=5.0|tier3=Err([NegativeVolume { solid: SolidKey(1v1) }])|classify=Ok(["Void"])
D2|washer h=1e-7 dir=(-0.6, -0.48, -0.64) d=1e3 a=0.7|upright|exact=+9.425e-13|f64=+9.425e-13|VA/esc=5.0|tier3=Ok(())|classify=Ok(["Outer"])
D2|washer h=1e-7 dir=(-0.6, -0.48, -0.64) d=1e3 a=0.7|INVERTED|exact=-9.425e-13|f64=-9.425e-13|VA/esc=5.0|tier3=Err([NegativeVolume { solid: SolidKey(1v1) }])|classify=Ok(["Void"])
D2|washer h=1e-7 dir=(-0.6, -0.48, -0.64) d=5e3 a=0|upright|exact=+9.425e-13|f64=+9.425e-13|VA/esc=5.0|tier3=Ok(())|classify=Ok(["Outer"])
D2|washer h=1e-7 dir=(-0.6, -0.48, -0.64) d=5e3 a=0|INVERTED|exact=-9.425e-13|f64=-9.425e-13|VA/esc=5.0|tier3=Err([NegativeVolume { solid: SolidKey(1v1) }])|classify=Ok(["Void"])
D2|washer h=1e-7 dir=(-0.6, -0.48, -0.64) d=5e3 a=0.7|upright|exact=+9.425e-13|f64=+9.425e-13|VA/esc=5.0|tier3=Ok(())|classify=Ok(["Outer"])
D2|washer h=1e-7 dir=(-0.6, -0.48, -0.64) d=5e3 a=0.7|INVERTED|exact=-9.425e-13|f64=-9.425e-13|VA/esc=5.0|tier3=Err([NegativeVolume { solid: SolidKey(1v1) }])|classify=Ok(["Void"])
D2|washer h=1e-7 dir=(-0.6, -0.48, -0.64) d=2e4 a=0|upright|exact=+9.425e-13|f64=+9.425e-13|VA/esc=5.0|tier3=Ok(())|classify=Ok(["Outer"])
D2|washer h=1e-7 dir=(-0.6, -0.48, -0.64) d=2e4 a=0|INVERTED|exact=-9.425e-13|f64=-9.425e-13|VA/esc=5.0|tier3=Err([NegativeVolume { solid: SolidKey(1v1) }])|classify=Ok(["Void"])
D2|washer h=1e-7 dir=(-0.6, -0.48, -0.64) d=2e4 a=0.7|upright|exact=+9.425e-13|f64=+9.425e-13|VA/esc=5.0|tier3=Ok(())|classify=Ok(["Outer"])
D2|washer h=1e-7 dir=(-0.6, -0.48, -0.64) d=2e4 a=0.7|INVERTED|exact=-9.425e-13|f64=-9.425e-13|VA/esc=5.0|tier3=Err([NegativeVolume { solid: SolidKey(1v1) }])|classify=Ok(["Void"])
D2|washer h=1e-7 dir=(0.0, 0.0, 1.0) d=0e0 a=0|upright|exact=+9.425e-13|f64=+9.425e-13|VA/esc=5.0|tier3=Ok(())|classify=Ok(["Outer"])
D2|washer h=1e-7 dir=(0.0, 0.0, 1.0) d=0e0 a=0|INVERTED|exact=-9.425e-13|f64=-9.425e-13|VA/esc=5.0|tier3=Err([NegativeVolume { solid: SolidKey(1v1) }])|classify=Ok(["Void"])
D2|washer h=1e-7 dir=(0.0, 0.0, 1.0) d=0e0 a=0.7|upright|exact=+9.425e-13|f64=+9.425e-13|VA/esc=5.0|tier3=Ok(())|classify=Ok(["Outer"])
D2|washer h=1e-7 dir=(0.0, 0.0, 1.0) d=0e0 a=0.7|INVERTED|exact=-9.425e-13|f64=-9.425e-13|VA/esc=5.0|tier3=Err([NegativeVolume { solid: SolidKey(1v1) }])|classify=Ok(["Void"])
D2|washer h=1e-7 dir=(0.0, 0.0, 1.0) d=1e3 a=0|upright|exact=+9.425e-13|f64=+9.425e-13|VA/esc=5.0|tier3=Ok(())|classify=Ok(["Outer"])
D2|washer h=1e-7 dir=(0.0, 0.0, 1.0) d=1e3 a=0|INVERTED|exact=-9.425e-13|f64=-9.425e-13|VA/esc=5.0|tier3=Err([NegativeVolume { solid: SolidKey(1v1) }])|classify=Ok(["Void"])
D2|washer h=1e-7 dir=(0.0, 0.0, 1.0) d=1e3 a=0.7|upright|exact=+9.425e-13|f64=+9.425e-13|VA/esc=5.0|tier3=Ok(())|classify=Ok(["Outer"])
D2|washer h=1e-7 dir=(0.0, 0.0, 1.0) d=1e3 a=0.7|INVERTED|exact=-9.425e-13|f64=-9.425e-13|VA/esc=5.0|tier3=Err([NegativeVolume { solid: SolidKey(1v1) }])|classify=Ok(["Void"])
D2|washer h=1e-7 dir=(0.0, 0.0, 1.0) d=5e3 a=0|upright|exact=+9.425e-13|f64=+9.425e-13|VA/esc=5.0|tier3=Ok(())|classify=Ok(["Outer"])
D2|washer h=1e-7 dir=(0.0, 0.0, 1.0) d=5e3 a=0|INVERTED|exact=-9.425e-13|f64=-9.425e-13|VA/esc=5.0|tier3=Err([NegativeVolume { solid: SolidKey(1v1) }])|classify=Ok(["Void"])
D2|washer h=1e-7 dir=(0.0, 0.0, 1.0) d=5e3 a=0.7|upright|exact=+9.425e-13|f64=+9.425e-13|VA/esc=5.0|tier3=Ok(())|classify=Ok(["Outer"])
D2|washer h=1e-7 dir=(0.0, 0.0, 1.0) d=5e3 a=0.7|INVERTED|exact=-9.425e-13|f64=-9.425e-13|VA/esc=5.0|tier3=Err([NegativeVolume { solid: SolidKey(1v1) }])|classify=Ok(["Void"])
D2|washer h=1e-7 dir=(0.0, 0.0, 1.0) d=2e4 a=0|upright|exact=+9.425e-13|f64=+9.425e-13|VA/esc=5.0|tier3=Ok(())|classify=Ok(["Outer"])
D2|washer h=1e-7 dir=(0.0, 0.0, 1.0) d=2e4 a=0|INVERTED|exact=-9.425e-13|f64=-9.425e-13|VA/esc=5.0|tier3=Err([NegativeVolume { solid: SolidKey(1v1) }])|classify=Ok(["Void"])
D2|washer h=1e-7 dir=(0.0, 0.0, 1.0) d=2e4 a=0.7|upright|exact=+9.425e-13|f64=+9.425e-13|VA/esc=5.0|tier3=Ok(())|classify=Ok(["Outer"])
D2|washer h=1e-7 dir=(0.0, 0.0, 1.0) d=2e4 a=0.7|INVERTED|exact=-9.425e-13|f64=-9.425e-13|VA/esc=5.0|tier3=Err([NegativeVolume { solid: SolidKey(1v1) }])|classify=Ok(["Void"])
D2|sphshell t=1e-7 dir=(0.6, 0.48, 0.64) d=0e0 a=0|upright|exact=+2.300e-13|f64=+2.300e-13|VA/esc=5.0|tier3=Ok(())|classify=Ok(["Outer"])
D2|sphshell t=1e-7 dir=(0.6, 0.48, 0.64) d=0e0 a=0|INVERTED|exact=-2.300e-13|f64=-2.300e-13|VA/esc=5.0|tier3=Err([NegativeVolume { solid: SolidKey(1v1) }])|classify=Ok(["Void"])
D2|sphshell t=1e-7 dir=(0.6, 0.48, 0.64) d=0e0 a=0.7|upright|exact=+2.300e-13|f64=+2.300e-13|VA/esc=5.0|tier3=Ok(())|classify=Ok(["Outer"])
D2|sphshell t=1e-7 dir=(0.6, 0.48, 0.64) d=0e0 a=0.7|INVERTED|exact=-2.300e-13|f64=-2.300e-13|VA/esc=5.0|tier3=Err([NegativeVolume { solid: SolidKey(1v1) }])|classify=Ok(["Void"])
D2|sphshell t=1e-7 dir=(0.6, 0.48, 0.64) d=1e3 a=0|upright|exact=+2.300e-13|f64=+2.300e-13|VA/esc=5.0|tier3=Ok(())|classify=Ok(["Outer"])
D2|sphshell t=1e-7 dir=(0.6, 0.48, 0.64) d=1e3 a=0|INVERTED|exact=-2.300e-13|f64=-2.300e-13|VA/esc=5.0|tier3=Err([NegativeVolume { solid: SolidKey(1v1) }])|classify=Ok(["Void"])
D2|sphshell t=1e-7 dir=(0.6, 0.48, 0.64) d=1e3 a=0.7|upright|exact=+2.300e-13|f64=+2.300e-13|VA/esc=5.0|tier3=Ok(())|classify=Ok(["Outer"])
D2|sphshell t=1e-7 dir=(0.6, 0.48, 0.64) d=1e3 a=0.7|INVERTED|exact=-2.300e-13|f64=-2.300e-13|VA/esc=5.0|tier3=Err([NegativeVolume { solid: SolidKey(1v1) }])|classify=Ok(["Void"])
D2|sphshell t=1e-7 dir=(0.6, 0.48, 0.64) d=5e3 a=0|upright|exact=+2.300e-13|f64=+2.300e-13|VA/esc=5.0|tier3=Ok(())|classify=Ok(["Outer"])
D2|sphshell t=1e-7 dir=(0.6, 0.48, 0.64) d=5e3 a=0|INVERTED|exact=-2.300e-13|f64=-2.300e-13|VA/esc=5.0|tier3=Err([NegativeVolume { solid: SolidKey(1v1) }])|classify=Ok(["Void"])
D2|sphshell t=1e-7 dir=(0.6, 0.48, 0.64) d=5e3 a=0.7|upright|exact=+2.300e-13|f64=+2.300e-13|VA/esc=5.0|tier3=Ok(())|classify=Ok(["Outer"])
D2|sphshell t=1e-7 dir=(0.6, 0.48, 0.64) d=5e3 a=0.7|INVERTED|exact=-2.300e-13|f64=-2.300e-13|VA/esc=5.0|tier3=Err([NegativeVolume { solid: SolidKey(1v1) }])|classify=Ok(["Void"])
D2|sphshell t=1e-7 dir=(0.6, 0.48, 0.64) d=2e4 a=0|upright|exact=+2.300e-13|f64=+2.300e-13|VA/esc=5.0|tier3=Ok(())|classify=Ok(["Outer"])
D2|sphshell t=1e-7 dir=(0.6, 0.48, 0.64) d=2e4 a=0|INVERTED|exact=-2.300e-13|f64=-2.300e-13|VA/esc=5.0|tier3=Err([NegativeVolume { solid: SolidKey(1v1) }])|classify=Ok(["Void"])
D2|sphshell t=1e-7 dir=(0.6, 0.48, 0.64) d=2e4 a=0.7|upright|exact=+2.300e-13|f64=+2.300e-13|VA/esc=5.0|tier3=Ok(())|classify=Ok(["Outer"])
D2|sphshell t=1e-7 dir=(0.6, 0.48, 0.64) d=2e4 a=0.7|INVERTED|exact=-2.300e-13|f64=-2.300e-13|VA/esc=5.0|tier3=Err([NegativeVolume { solid: SolidKey(1v1) }])|classify=Ok(["Void"])
D2|sphshell t=1e-7 dir=(-0.6, -0.48, -0.64) d=0e0 a=0|upright|exact=+2.300e-13|f64=+2.300e-13|VA/esc=5.0|tier3=Ok(())|classify=Ok(["Outer"])
D2|sphshell t=1e-7 dir=(-0.6, -0.48, -0.64) d=0e0 a=0|INVERTED|exact=-2.300e-13|f64=-2.300e-13|VA/esc=5.0|tier3=Err([NegativeVolume { solid: SolidKey(1v1) }])|classify=Ok(["Void"])
D2|sphshell t=1e-7 dir=(-0.6, -0.48, -0.64) d=0e0 a=0.7|upright|exact=+2.300e-13|f64=+2.300e-13|VA/esc=5.0|tier3=Ok(())|classify=Ok(["Outer"])
D2|sphshell t=1e-7 dir=(-0.6, -0.48, -0.64) d=0e0 a=0.7|INVERTED|exact=-2.300e-13|f64=-2.300e-13|VA/esc=5.0|tier3=Err([NegativeVolume { solid: SolidKey(1v1) }])|classify=Ok(["Void"])
D2|sphshell t=1e-7 dir=(-0.6, -0.48, -0.64) d=1e3 a=0|upright|exact=+2.300e-13|f64=+2.300e-13|VA/esc=5.0|tier3=Ok(())|classify=Ok(["Outer"])
D2|sphshell t=1e-7 dir=(-0.6, -0.48, -0.64) d=1e3 a=0|INVERTED|exact=-2.300e-13|f64=-2.300e-13|VA/esc=5.0|tier3=Err([NegativeVolume { solid: SolidKey(1v1) }])|classify=Ok(["Void"])
D2|sphshell t=1e-7 dir=(-0.6, -0.48, -0.64) d=1e3 a=0.7|upright|exact=+2.300e-13|f64=+2.300e-13|VA/esc=5.0|tier3=Ok(())|classify=Ok(["Outer"])
D2|sphshell t=1e-7 dir=(-0.6, -0.48, -0.64) d=1e3 a=0.7|INVERTED|exact=-2.300e-13|f64=-2.300e-13|VA/esc=5.0|tier3=Err([NegativeVolume { solid: SolidKey(1v1) }])|classify=Ok(["Void"])
D2|sphshell t=1e-7 dir=(-0.6, -0.48, -0.64) d=5e3 a=0|upright|exact=+2.300e-13|f64=+2.300e-13|VA/esc=5.0|tier3=Ok(())|classify=Ok(["Outer"])
D2|sphshell t=1e-7 dir=(-0.6, -0.48, -0.64) d=5e3 a=0|INVERTED|exact=-2.300e-13|f64=-2.300e-13|VA/esc=5.0|tier3=Err([NegativeVolume { solid: SolidKey(1v1) }])|classify=Ok(["Void"])
D2|sphshell t=1e-7 dir=(-0.6, -0.48, -0.64) d=5e3 a=0.7|upright|exact=+2.300e-13|f64=+2.300e-13|VA/esc=5.0|tier3=Ok(())|classify=Ok(["Outer"])
D2|sphshell t=1e-7 dir=(-0.6, -0.48, -0.64) d=5e3 a=0.7|INVERTED|exact=-2.300e-13|f64=-2.300e-13|VA/esc=5.0|tier3=Err([NegativeVolume { solid: SolidKey(1v1) }])|classify=Ok(["Void"])
D2|sphshell t=1e-7 dir=(-0.6, -0.48, -0.64) d=2e4 a=0|upright|exact=+2.300e-13|f64=+2.300e-13|VA/esc=5.0|tier3=Ok(())|classify=Ok(["Outer"])
D2|sphshell t=1e-7 dir=(-0.6, -0.48, -0.64) d=2e4 a=0|INVERTED|exact=-2.300e-13|f64=-2.300e-13|VA/esc=5.0|tier3=Err([NegativeVolume { solid: SolidKey(1v1) }])|classify=Ok(["Void"])
D2|sphshell t=1e-7 dir=(-0.6, -0.48, -0.64) d=2e4 a=0.7|upright|exact=+2.300e-13|f64=+2.300e-13|VA/esc=5.0|tier3=Ok(())|classify=Ok(["Outer"])
D2|sphshell t=1e-7 dir=(-0.6, -0.48, -0.64) d=2e4 a=0.7|INVERTED|exact=-2.300e-13|f64=-2.300e-13|VA/esc=5.0|tier3=Err([NegativeVolume { solid: SolidKey(1v1) }])|classify=Ok(["Void"])
D2|sphshell t=1e-7 dir=(0.0, 0.0, 1.0) d=0e0 a=0|upright|exact=+2.300e-13|f64=+2.300e-13|VA/esc=5.0|tier3=Ok(())|classify=Ok(["Outer"])
D2|sphshell t=1e-7 dir=(0.0, 0.0, 1.0) d=0e0 a=0|INVERTED|exact=-2.300e-13|f64=-2.300e-13|VA/esc=5.0|tier3=Err([NegativeVolume { solid: SolidKey(1v1) }])|classify=Ok(["Void"])
D2|sphshell t=1e-7 dir=(0.0, 0.0, 1.0) d=0e0 a=0.7|upright|exact=+2.300e-13|f64=+2.300e-13|VA/esc=5.0|tier3=Ok(())|classify=Ok(["Outer"])
D2|sphshell t=1e-7 dir=(0.0, 0.0, 1.0) d=0e0 a=0.7|INVERTED|exact=-2.300e-13|f64=-2.300e-13|VA/esc=5.0|tier3=Err([NegativeVolume { solid: SolidKey(1v1) }])|classify=Ok(["Void"])
D2|sphshell t=1e-7 dir=(0.0, 0.0, 1.0) d=1e3 a=0|upright|exact=+2.300e-13|f64=+2.300e-13|VA/esc=5.0|tier3=Ok(())|classify=Ok(["Outer"])
D2|sphshell t=1e-7 dir=(0.0, 0.0, 1.0) d=1e3 a=0|INVERTED|exact=-2.300e-13|f64=-2.300e-13|VA/esc=5.0|tier3=Err([NegativeVolume { solid: SolidKey(1v1) }])|classify=Ok(["Void"])
D2|sphshell t=1e-7 dir=(0.0, 0.0, 1.0) d=1e3 a=0.7|upright|exact=+2.300e-13|f64=+2.300e-13|VA/esc=5.0|tier3=Ok(())|classify=Ok(["Outer"])
D2|sphshell t=1e-7 dir=(0.0, 0.0, 1.0) d=1e3 a=0.7|INVERTED|exact=-2.300e-13|f64=-2.300e-13|VA/esc=5.0|tier3=Err([NegativeVolume { solid: SolidKey(1v1) }])|classify=Ok(["Void"])
D2|sphshell t=1e-7 dir=(0.0, 0.0, 1.0) d=5e3 a=0|upright|exact=+2.300e-13|f64=+2.300e-13|VA/esc=5.0|tier3=Ok(())|classify=Ok(["Outer"])
D2|sphshell t=1e-7 dir=(0.0, 0.0, 1.0) d=5e3 a=0|INVERTED|exact=-2.300e-13|f64=-2.300e-13|VA/esc=5.0|tier3=Err([NegativeVolume { solid: SolidKey(1v1) }])|classify=Ok(["Void"])
D2|sphshell t=1e-7 dir=(0.0, 0.0, 1.0) d=5e3 a=0.7|upright|exact=+2.300e-13|f64=+2.300e-13|VA/esc=5.0|tier3=Ok(())|classify=Ok(["Outer"])
D2|sphshell t=1e-7 dir=(0.0, 0.0, 1.0) d=5e3 a=0.7|INVERTED|exact=-2.300e-13|f64=-2.300e-13|VA/esc=5.0|tier3=Err([NegativeVolume { solid: SolidKey(1v1) }])|classify=Ok(["Void"])
D2|sphshell t=1e-7 dir=(0.0, 0.0, 1.0) d=2e4 a=0|upright|exact=+2.300e-13|f64=+2.300e-13|VA/esc=5.0|tier3=Ok(())|classify=Ok(["Outer"])
D2|sphshell t=1e-7 dir=(0.0, 0.0, 1.0) d=2e4 a=0|INVERTED|exact=-2.300e-13|f64=-2.300e-13|VA/esc=5.0|tier3=Err([NegativeVolume { solid: SolidKey(1v1) }])|classify=Ok(["Void"])
D2|sphshell t=1e-7 dir=(0.0, 0.0, 1.0) d=2e4 a=0.7|upright|exact=+2.300e-13|f64=+2.300e-13|VA/esc=5.0|tier3=Ok(())|classify=Ok(["Outer"])
D2|sphshell t=1e-7 dir=(0.0, 0.0, 1.0) d=2e4 a=0.7|INVERTED|exact=-2.300e-13|f64=-2.300e-13|VA/esc=5.0|tier3=Err([NegativeVolume { solid: SolidKey(1v1) }])|classify=Ok(["Void"])
D2|washer h=1e-6 dir=(0.6, 0.48, 0.64) d=0e0 a=0|upright|exact=+9.425e-12|f64=+9.425e-12|VA/esc=50.0|tier3=Ok(())|classify=Ok(["Outer"])
D2|washer h=1e-6 dir=(0.6, 0.48, 0.64) d=0e0 a=0|INVERTED|exact=-9.425e-12|f64=-9.425e-12|VA/esc=50.0|tier3=Err([NegativeVolume { solid: SolidKey(1v1) }])|classify=Ok(["Void"])
D2|washer h=1e-6 dir=(0.6, 0.48, 0.64) d=0e0 a=0.7|upright|exact=+9.425e-12|f64=+9.425e-12|VA/esc=50.0|tier3=Ok(())|classify=Ok(["Outer"])
D2|washer h=1e-6 dir=(0.6, 0.48, 0.64) d=0e0 a=0.7|INVERTED|exact=-9.425e-12|f64=-9.425e-12|VA/esc=50.0|tier3=Err([NegativeVolume { solid: SolidKey(1v1) }])|classify=Ok(["Void"])
D2|washer h=1e-6 dir=(0.6, 0.48, 0.64) d=1e3 a=0|upright|exact=+9.425e-12|f64=+9.425e-12|VA/esc=50.0|tier3=Ok(())|classify=Ok(["Outer"])
D2|washer h=1e-6 dir=(0.6, 0.48, 0.64) d=1e3 a=0|INVERTED|exact=-9.425e-12|f64=-9.425e-12|VA/esc=50.0|tier3=Err([NegativeVolume { solid: SolidKey(1v1) }])|classify=Ok(["Void"])
D2|washer h=1e-6 dir=(0.6, 0.48, 0.64) d=1e3 a=0.7|upright|exact=+9.425e-12|f64=+9.425e-12|VA/esc=50.0|tier3=Ok(())|classify=Ok(["Outer"])
D2|washer h=1e-6 dir=(0.6, 0.48, 0.64) d=1e3 a=0.7|INVERTED|exact=-9.425e-12|f64=-9.425e-12|VA/esc=50.0|tier3=Err([NegativeVolume { solid: SolidKey(1v1) }])|classify=Ok(["Void"])
D2|washer h=1e-6 dir=(0.6, 0.48, 0.64) d=5e3 a=0|upright|exact=+9.425e-12|f64=+9.425e-12|VA/esc=50.0|tier3=Ok(())|classify=Ok(["Outer"])
D2|washer h=1e-6 dir=(0.6, 0.48, 0.64) d=5e3 a=0|INVERTED|exact=-9.425e-12|f64=-9.425e-12|VA/esc=50.0|tier3=Err([NegativeVolume { solid: SolidKey(1v1) }])|classify=Ok(["Void"])
D2|washer h=1e-6 dir=(0.6, 0.48, 0.64) d=5e3 a=0.7|upright|exact=+9.425e-12|f64=+9.425e-12|VA/esc=50.0|tier3=Ok(())|classify=Ok(["Outer"])
D2|washer h=1e-6 dir=(0.6, 0.48, 0.64) d=5e3 a=0.7|INVERTED|exact=-9.425e-12|f64=-9.425e-12|VA/esc=50.0|tier3=Err([NegativeVolume { solid: SolidKey(1v1) }])|classify=Ok(["Void"])
D2|washer h=1e-6 dir=(0.6, 0.48, 0.64) d=2e4 a=0|upright|exact=+9.425e-12|f64=+9.425e-12|VA/esc=50.0|tier3=Ok(())|classify=Ok(["Outer"])
D2|washer h=1e-6 dir=(0.6, 0.48, 0.64) d=2e4 a=0|INVERTED|exact=-9.425e-12|f64=-9.425e-12|VA/esc=50.0|tier3=Err([NegativeVolume { solid: SolidKey(1v1) }])|classify=Ok(["Void"])
D2|washer h=1e-6 dir=(0.6, 0.48, 0.64) d=2e4 a=0.7|upright|exact=+9.425e-12|f64=+9.425e-12|VA/esc=50.0|tier3=Ok(())|classify=Ok(["Outer"])
D2|washer h=1e-6 dir=(0.6, 0.48, 0.64) d=2e4 a=0.7|INVERTED|exact=-9.425e-12|f64=-9.425e-12|VA/esc=50.0|tier3=Err([NegativeVolume { solid: SolidKey(1v1) }])|classify=Ok(["Void"])
D2|washer h=1e-6 dir=(-0.6, -0.48, -0.64) d=0e0 a=0|upright|exact=+9.425e-12|f64=+9.425e-12|VA/esc=50.0|tier3=Ok(())|classify=Ok(["Outer"])
D2|washer h=1e-6 dir=(-0.6, -0.48, -0.64) d=0e0 a=0|INVERTED|exact=-9.425e-12|f64=-9.425e-12|VA/esc=50.0|tier3=Err([NegativeVolume { solid: SolidKey(1v1) }])|classify=Ok(["Void"])
D2|washer h=1e-6 dir=(-0.6, -0.48, -0.64) d=0e0 a=0.7|upright|exact=+9.425e-12|f64=+9.425e-12|VA/esc=50.0|tier3=Ok(())|classify=Ok(["Outer"])
D2|washer h=1e-6 dir=(-0.6, -0.48, -0.64) d=0e0 a=0.7|INVERTED|exact=-9.425e-12|f64=-9.425e-12|VA/esc=50.0|tier3=Err([NegativeVolume { solid: SolidKey(1v1) }])|classify=Ok(["Void"])
D2|washer h=1e-6 dir=(-0.6, -0.48, -0.64) d=1e3 a=0|upright|exact=+9.425e-12|f64=+9.425e-12|VA/esc=50.0|tier3=Ok(())|classify=Ok(["Outer"])
D2|washer h=1e-6 dir=(-0.6, -0.48, -0.64) d=1e3 a=0|INVERTED|exact=-9.425e-12|f64=-9.425e-12|VA/esc=50.0|tier3=Err([NegativeVolume { solid: SolidKey(1v1) }])|classify=Ok(["Void"])
D2|washer h=1e-6 dir=(-0.6, -0.48, -0.64) d=1e3 a=0.7|upright|exact=+9.425e-12|f64=+9.425e-12|VA/esc=50.0|tier3=Ok(())|classify=Ok(["Outer"])
D2|washer h=1e-6 dir=(-0.6, -0.48, -0.64) d=1e3 a=0.7|INVERTED|exact=-9.425e-12|f64=-9.425e-12|VA/esc=50.0|tier3=Err([NegativeVolume { solid: SolidKey(1v1) }])|classify=Ok(["Void"])
D2|washer h=1e-6 dir=(-0.6, -0.48, -0.64) d=5e3 a=0|upright|exact=+9.425e-12|f64=+9.425e-12|VA/esc=50.0|tier3=Ok(())|classify=Ok(["Outer"])
D2|washer h=1e-6 dir=(-0.6, -0.48, -0.64) d=5e3 a=0|INVERTED|exact=-9.425e-12|f64=-9.425e-12|VA/esc=50.0|tier3=Err([NegativeVolume { solid: SolidKey(1v1) }])|classify=Ok(["Void"])
D2|washer h=1e-6 dir=(-0.6, -0.48, -0.64) d=5e3 a=0.7|upright|exact=+9.425e-12|f64=+9.425e-12|VA/esc=50.0|tier3=Ok(())|classify=Ok(["Outer"])
D2|washer h=1e-6 dir=(-0.6, -0.48, -0.64) d=5e3 a=0.7|INVERTED|exact=-9.425e-12|f64=-9.425e-12|VA/esc=50.0|tier3=Err([NegativeVolume { solid: SolidKey(1v1) }])|classify=Ok(["Void"])
D2|washer h=1e-6 dir=(-0.6, -0.48, -0.64) d=2e4 a=0|upright|exact=+9.425e-12|f64=+9.425e-12|VA/esc=50.0|tier3=Ok(())|classify=Ok(["Outer"])
D2|washer h=1e-6 dir=(-0.6, -0.48, -0.64) d=2e4 a=0|INVERTED|exact=-9.425e-12|f64=-9.425e-12|VA/esc=50.0|tier3=Err([NegativeVolume { solid: SolidKey(1v1) }])|classify=Ok(["Void"])
D2|washer h=1e-6 dir=(-0.6, -0.48, -0.64) d=2e4 a=0.7|upright|exact=+9.425e-12|f64=+9.425e-12|VA/esc=50.0|tier3=Ok(())|classify=Ok(["Outer"])
D2|washer h=1e-6 dir=(-0.6, -0.48, -0.64) d=2e4 a=0.7|INVERTED|exact=-9.425e-12|f64=-9.425e-12|VA/esc=50.0|tier3=Err([NegativeVolume { solid: SolidKey(1v1) }])|classify=Ok(["Void"])
D2|washer h=1e-6 dir=(0.0, 0.0, 1.0) d=0e0 a=0|upright|exact=+9.425e-12|f64=+9.425e-12|VA/esc=50.0|tier3=Ok(())|classify=Ok(["Outer"])
D2|washer h=1e-6 dir=(0.0, 0.0, 1.0) d=0e0 a=0|INVERTED|exact=-9.425e-12|f64=-9.425e-12|VA/esc=50.0|tier3=Err([NegativeVolume { solid: SolidKey(1v1) }])|classify=Ok(["Void"])
D2|washer h=1e-6 dir=(0.0, 0.0, 1.0) d=0e0 a=0.7|upright|exact=+9.425e-12|f64=+9.425e-12|VA/esc=50.0|tier3=Ok(())|classify=Ok(["Outer"])
D2|washer h=1e-6 dir=(0.0, 0.0, 1.0) d=0e0 a=0.7|INVERTED|exact=-9.425e-12|f64=-9.425e-12|VA/esc=50.0|tier3=Err([NegativeVolume { solid: SolidKey(1v1) }])|classify=Ok(["Void"])
D2|washer h=1e-6 dir=(0.0, 0.0, 1.0) d=1e3 a=0|upright|exact=+9.425e-12|f64=+9.425e-12|VA/esc=50.0|tier3=Ok(())|classify=Ok(["Outer"])
D2|washer h=1e-6 dir=(0.0, 0.0, 1.0) d=1e3 a=0|INVERTED|exact=-9.425e-12|f64=-9.425e-12|VA/esc=50.0|tier3=Err([NegativeVolume { solid: SolidKey(1v1) }])|classify=Ok(["Void"])
D2|washer h=1e-6 dir=(0.0, 0.0, 1.0) d=1e3 a=0.7|upright|exact=+9.425e-12|f64=+9.425e-12|VA/esc=50.0|tier3=Ok(())|classify=Ok(["Outer"])
D2|washer h=1e-6 dir=(0.0, 0.0, 1.0) d=1e3 a=0.7|INVERTED|exact=-9.425e-12|f64=-9.425e-12|VA/esc=50.0|tier3=Err([NegativeVolume { solid: SolidKey(1v1) }])|classify=Ok(["Void"])
D2|washer h=1e-6 dir=(0.0, 0.0, 1.0) d=5e3 a=0|upright|exact=+9.425e-12|f64=+9.425e-12|VA/esc=50.0|tier3=Ok(())|classify=Ok(["Outer"])
D2|washer h=1e-6 dir=(0.0, 0.0, 1.0) d=5e3 a=0|INVERTED|exact=-9.425e-12|f64=-9.425e-12|VA/esc=50.0|tier3=Err([NegativeVolume { solid: SolidKey(1v1) }])|classify=Ok(["Void"])
D2|washer h=1e-6 dir=(0.0, 0.0, 1.0) d=5e3 a=0.7|upright|exact=+9.425e-12|f64=+9.425e-12|VA/esc=50.0|tier3=Ok(())|classify=Ok(["Outer"])
D2|washer h=1e-6 dir=(0.0, 0.0, 1.0) d=5e3 a=0.7|INVERTED|exact=-9.425e-12|f64=-9.425e-12|VA/esc=50.0|tier3=Err([NegativeVolume { solid: SolidKey(1v1) }])|classify=Ok(["Void"])
D2|washer h=1e-6 dir=(0.0, 0.0, 1.0) d=2e4 a=0|upright|exact=+9.425e-12|f64=+9.425e-12|VA/esc=50.0|tier3=Ok(())|classify=Ok(["Outer"])
D2|washer h=1e-6 dir=(0.0, 0.0, 1.0) d=2e4 a=0|INVERTED|exact=-9.425e-12|f64=-9.425e-12|VA/esc=50.0|tier3=Err([NegativeVolume { solid: SolidKey(1v1) }])|classify=Ok(["Void"])
D2|washer h=1e-6 dir=(0.0, 0.0, 1.0) d=2e4 a=0.7|upright|exact=+9.425e-12|f64=+9.425e-12|VA/esc=50.0|tier3=Ok(())|classify=Ok(["Outer"])
D2|washer h=1e-6 dir=(0.0, 0.0, 1.0) d=2e4 a=0.7|INVERTED|exact=-9.425e-12|f64=-9.425e-12|VA/esc=50.0|tier3=Err([NegativeVolume { solid: SolidKey(1v1) }])|classify=Ok(["Void"])
D2|sphshell t=1e-6 dir=(0.6, 0.48, 0.64) d=0e0 a=0|upright|exact=+2.302e-12|f64=+2.302e-12|VA/esc=50.1|tier3=Ok(())|classify=Ok(["Outer"])
D2|sphshell t=1e-6 dir=(0.6, 0.48, 0.64) d=0e0 a=0|INVERTED|exact=-2.302e-12|f64=-2.302e-12|VA/esc=50.1|tier3=Err([NegativeVolume { solid: SolidKey(1v1) }])|classify=Ok(["Void"])
D2|sphshell t=1e-6 dir=(0.6, 0.48, 0.64) d=0e0 a=0.7|upright|exact=+2.302e-12|f64=+2.302e-12|VA/esc=50.1|tier3=Ok(())|classify=Ok(["Outer"])
D2|sphshell t=1e-6 dir=(0.6, 0.48, 0.64) d=0e0 a=0.7|INVERTED|exact=-2.302e-12|f64=-2.302e-12|VA/esc=50.1|tier3=Err([NegativeVolume { solid: SolidKey(1v1) }])|classify=Ok(["Void"])
D2|sphshell t=1e-6 dir=(0.6, 0.48, 0.64) d=1e3 a=0|upright|exact=+2.302e-12|f64=+2.302e-12|VA/esc=50.1|tier3=Ok(())|classify=Ok(["Outer"])
D2|sphshell t=1e-6 dir=(0.6, 0.48, 0.64) d=1e3 a=0|INVERTED|exact=-2.302e-12|f64=-2.302e-12|VA/esc=50.1|tier3=Err([NegativeVolume { solid: SolidKey(1v1) }])|classify=Ok(["Void"])
D2|sphshell t=1e-6 dir=(0.6, 0.48, 0.64) d=1e3 a=0.7|upright|exact=+2.302e-12|f64=+2.302e-12|VA/esc=50.1|tier3=Ok(())|classify=Ok(["Outer"])
D2|sphshell t=1e-6 dir=(0.6, 0.48, 0.64) d=1e3 a=0.7|INVERTED|exact=-2.302e-12|f64=-2.302e-12|VA/esc=50.1|tier3=Err([NegativeVolume { solid: SolidKey(1v1) }])|classify=Ok(["Void"])
D2|sphshell t=1e-6 dir=(0.6, 0.48, 0.64) d=5e3 a=0|upright|exact=+2.302e-12|f64=+2.302e-12|VA/esc=50.1|tier3=Ok(())|classify=Ok(["Outer"])
D2|sphshell t=1e-6 dir=(0.6, 0.48, 0.64) d=5e3 a=0|INVERTED|exact=-2.302e-12|f64=-2.302e-12|VA/esc=50.1|tier3=Err([NegativeVolume { solid: SolidKey(1v1) }])|classify=Ok(["Void"])
D2|sphshell t=1e-6 dir=(0.6, 0.48, 0.64) d=5e3 a=0.7|upright|exact=+2.302e-12|f64=+2.302e-12|VA/esc=50.1|tier3=Ok(())|classify=Ok(["Outer"])
D2|sphshell t=1e-6 dir=(0.6, 0.48, 0.64) d=5e3 a=0.7|INVERTED|exact=-2.302e-12|f64=-2.302e-12|VA/esc=50.1|tier3=Err([NegativeVolume { solid: SolidKey(1v1) }])|classify=Ok(["Void"])
D2|sphshell t=1e-6 dir=(0.6, 0.48, 0.64) d=2e4 a=0|upright|exact=+2.302e-12|f64=+2.302e-12|VA/esc=50.1|tier3=Ok(())|classify=Ok(["Outer"])
D2|sphshell t=1e-6 dir=(0.6, 0.48, 0.64) d=2e4 a=0|INVERTED|exact=-2.302e-12|f64=-2.302e-12|VA/esc=50.1|tier3=Err([NegativeVolume { solid: SolidKey(1v1) }])|classify=Ok(["Void"])
D2|sphshell t=1e-6 dir=(0.6, 0.48, 0.64) d=2e4 a=0.7|upright|exact=+2.302e-12|f64=+2.302e-12|VA/esc=50.1|tier3=Ok(())|classify=Ok(["Outer"])
D2|sphshell t=1e-6 dir=(0.6, 0.48, 0.64) d=2e4 a=0.7|INVERTED|exact=-2.302e-12|f64=-2.302e-12|VA/esc=50.1|tier3=Err([NegativeVolume { solid: SolidKey(1v1) }])|classify=Ok(["Void"])
D2|sphshell t=1e-6 dir=(-0.6, -0.48, -0.64) d=0e0 a=0|upright|exact=+2.302e-12|f64=+2.302e-12|VA/esc=50.1|tier3=Ok(())|classify=Ok(["Outer"])
D2|sphshell t=1e-6 dir=(-0.6, -0.48, -0.64) d=0e0 a=0|INVERTED|exact=-2.302e-12|f64=-2.302e-12|VA/esc=50.1|tier3=Err([NegativeVolume { solid: SolidKey(1v1) }])|classify=Ok(["Void"])
D2|sphshell t=1e-6 dir=(-0.6, -0.48, -0.64) d=0e0 a=0.7|upright|exact=+2.302e-12|f64=+2.302e-12|VA/esc=50.1|tier3=Ok(())|classify=Ok(["Outer"])
D2|sphshell t=1e-6 dir=(-0.6, -0.48, -0.64) d=0e0 a=0.7|INVERTED|exact=-2.302e-12|f64=-2.302e-12|VA/esc=50.1|tier3=Err([NegativeVolume { solid: SolidKey(1v1) }])|classify=Ok(["Void"])
D2|sphshell t=1e-6 dir=(-0.6, -0.48, -0.64) d=1e3 a=0|upright|exact=+2.302e-12|f64=+2.302e-12|VA/esc=50.1|tier3=Ok(())|classify=Ok(["Outer"])
D2|sphshell t=1e-6 dir=(-0.6, -0.48, -0.64) d=1e3 a=0|INVERTED|exact=-2.302e-12|f64=-2.302e-12|VA/esc=50.1|tier3=Err([NegativeVolume { solid: SolidKey(1v1) }])|classify=Ok(["Void"])
D2|sphshell t=1e-6 dir=(-0.6, -0.48, -0.64) d=1e3 a=0.7|upright|exact=+2.302e-12|f64=+2.302e-12|VA/esc=50.1|tier3=Ok(())|classify=Ok(["Outer"])
D2|sphshell t=1e-6 dir=(-0.6, -0.48, -0.64) d=1e3 a=0.7|INVERTED|exact=-2.302e-12|f64=-2.302e-12|VA/esc=50.1|tier3=Err([NegativeVolume { solid: SolidKey(1v1) }])|classify=Ok(["Void"])
D2|sphshell t=1e-6 dir=(-0.6, -0.48, -0.64) d=5e3 a=0|upright|exact=+2.302e-12|f64=+2.302e-12|VA/esc=50.1|tier3=Ok(())|classify=Ok(["Outer"])
D2|sphshell t=1e-6 dir=(-0.6, -0.48, -0.64) d=5e3 a=0|INVERTED|exact=-2.302e-12|f64=-2.302e-12|VA/esc=50.1|tier3=Err([NegativeVolume { solid: SolidKey(1v1) }])|classify=Ok(["Void"])
D2|sphshell t=1e-6 dir=(-0.6, -0.48, -0.64) d=5e3 a=0.7|upright|exact=+2.302e-12|f64=+2.302e-12|VA/esc=50.1|tier3=Ok(())|classify=Ok(["Outer"])
D2|sphshell t=1e-6 dir=(-0.6, -0.48, -0.64) d=5e3 a=0.7|INVERTED|exact=-2.302e-12|f64=-2.302e-12|VA/esc=50.1|tier3=Err([NegativeVolume { solid: SolidKey(1v1) }])|classify=Ok(["Void"])
D2|sphshell t=1e-6 dir=(-0.6, -0.48, -0.64) d=2e4 a=0|upright|exact=+2.302e-12|f64=+2.302e-12|VA/esc=50.1|tier3=Ok(())|classify=Ok(["Outer"])
D2|sphshell t=1e-6 dir=(-0.6, -0.48, -0.64) d=2e4 a=0|INVERTED|exact=-2.302e-12|f64=-2.302e-12|VA/esc=50.1|tier3=Err([NegativeVolume { solid: SolidKey(1v1) }])|classify=Ok(["Void"])
D2|sphshell t=1e-6 dir=(-0.6, -0.48, -0.64) d=2e4 a=0.7|upright|exact=+2.302e-12|f64=+2.302e-12|VA/esc=50.1|tier3=Ok(())|classify=Ok(["Outer"])
D2|sphshell t=1e-6 dir=(-0.6, -0.48, -0.64) d=2e4 a=0.7|INVERTED|exact=-2.302e-12|f64=-2.302e-12|VA/esc=50.1|tier3=Err([NegativeVolume { solid: SolidKey(1v1) }])|classify=Ok(["Void"])
D2|sphshell t=1e-6 dir=(0.0, 0.0, 1.0) d=0e0 a=0|upright|exact=+2.302e-12|f64=+2.302e-12|VA/esc=50.1|tier3=Ok(())|classify=Ok(["Outer"])
D2|sphshell t=1e-6 dir=(0.0, 0.0, 1.0) d=0e0 a=0|INVERTED|exact=-2.302e-12|f64=-2.302e-12|VA/esc=50.1|tier3=Err([NegativeVolume { solid: SolidKey(1v1) }])|classify=Ok(["Void"])
D2|sphshell t=1e-6 dir=(0.0, 0.0, 1.0) d=0e0 a=0.7|upright|exact=+2.302e-12|f64=+2.302e-12|VA/esc=50.1|tier3=Ok(())|classify=Ok(["Outer"])
D2|sphshell t=1e-6 dir=(0.0, 0.0, 1.0) d=0e0 a=0.7|INVERTED|exact=-2.302e-12|f64=-2.302e-12|VA/esc=50.1|tier3=Err([NegativeVolume { solid: SolidKey(1v1) }])|classify=Ok(["Void"])
D2|sphshell t=1e-6 dir=(0.0, 0.0, 1.0) d=1e3 a=0|upright|exact=+2.302e-12|f64=+2.302e-12|VA/esc=50.1|tier3=Ok(())|classify=Ok(["Outer"])
D2|sphshell t=1e-6 dir=(0.0, 0.0, 1.0) d=1e3 a=0|INVERTED|exact=-2.302e-12|f64=-2.302e-12|VA/esc=50.1|tier3=Err([NegativeVolume { solid: SolidKey(1v1) }])|classify=Ok(["Void"])
D2|sphshell t=1e-6 dir=(0.0, 0.0, 1.0) d=1e3 a=0.7|upright|exact=+2.302e-12|f64=+2.302e-12|VA/esc=50.1|tier3=Ok(())|classify=Ok(["Outer"])
D2|sphshell t=1e-6 dir=(0.0, 0.0, 1.0) d=1e3 a=0.7|INVERTED|exact=-2.302e-12|f64=-2.302e-12|VA/esc=50.1|tier3=Err([NegativeVolume { solid: SolidKey(1v1) }])|classify=Ok(["Void"])
D2|sphshell t=1e-6 dir=(0.0, 0.0, 1.0) d=5e3 a=0|upright|exact=+2.302e-12|f64=+2.302e-12|VA/esc=50.1|tier3=Ok(())|classify=Ok(["Outer"])
D2|sphshell t=1e-6 dir=(0.0, 0.0, 1.0) d=5e3 a=0|INVERTED|exact=-2.302e-12|f64=-2.302e-12|VA/esc=50.1|tier3=Err([NegativeVolume { solid: SolidKey(1v1) }])|classify=Ok(["Void"])
D2|sphshell t=1e-6 dir=(0.0, 0.0, 1.0) d=5e3 a=0.7|upright|exact=+2.302e-12|f64=+2.302e-12|VA/esc=50.1|tier3=Ok(())|classify=Ok(["Outer"])
D2|sphshell t=1e-6 dir=(0.0, 0.0, 1.0) d=5e3 a=0.7|INVERTED|exact=-2.302e-12|f64=-2.302e-12|VA/esc=50.1|tier3=Err([NegativeVolume { solid: SolidKey(1v1) }])|classify=Ok(["Void"])
D2|sphshell t=1e-6 dir=(0.0, 0.0, 1.0) d=2e4 a=0|upright|exact=+2.302e-12|f64=+2.302e-12|VA/esc=50.1|tier3=Ok(())|classify=Ok(["Outer"])
D2|sphshell t=1e-6 dir=(0.0, 0.0, 1.0) d=2e4 a=0|INVERTED|exact=-2.302e-12|f64=-2.302e-12|VA/esc=50.1|tier3=Err([NegativeVolume { solid: SolidKey(1v1) }])|classify=Ok(["Void"])
D2|sphshell t=1e-6 dir=(0.0, 0.0, 1.0) d=2e4 a=0.7|upright|exact=+2.302e-12|f64=+2.302e-12|VA/esc=50.1|tier3=Ok(())|classify=Ok(["Outer"])
D2|sphshell t=1e-6 dir=(0.0, 0.0, 1.0) d=2e4 a=0.7|INVERTED|exact=-2.302e-12|f64=-2.302e-12|VA/esc=50.1|tier3=Err([NegativeVolume { solid: SolidKey(1v1) }])|classify=Ok(["Void"])
D2|torus a=2e-7 dir=(0.6, 0.48, 0.64) d=0e0 a=0|upright|exact=+7.896e-16|f64=+7.896e-16|VA/esc=10.0|tier3=Ok(())|classify=Ok(["Outer"])
D2|torus a=2e-7 dir=(0.6, 0.48, 0.64) d=0e0 a=0|INVERTED|exact=-7.896e-16|f64=-7.896e-16|VA/esc=10.0|tier3=Err([NegativeVolume { solid: SolidKey(1v1) }])|classify=Ok(["Void"])
D2|torus a=2e-7 dir=(0.6, 0.48, 0.64) d=0e0 a=0.7|upright|exact=+7.896e-16|f64=+7.896e-16|VA/esc=10.0|tier3=Ok(())|classify=Ok(["Outer"])
D2|torus a=2e-7 dir=(0.6, 0.48, 0.64) d=0e0 a=0.7|INVERTED|exact=-7.896e-16|f64=-7.896e-16|VA/esc=10.0|tier3=Err([NegativeVolume { solid: SolidKey(1v1) }])|classify=Ok(["Void"])
D2|torus a=2e-7 dir=(0.6, 0.48, 0.64) d=1e3 a=0|upright|exact=+7.896e-16|f64=+7.896e-16|VA/esc=10.0|tier3=Ok(())|classify=Ok(["Outer"])
D2|torus a=2e-7 dir=(0.6, 0.48, 0.64) d=1e3 a=0|INVERTED|exact=-7.896e-16|f64=-7.896e-16|VA/esc=10.0|tier3=Err([NegativeVolume { solid: SolidKey(1v1) }])|classify=Ok(["Void"])
D2|torus a=2e-7 dir=(0.6, 0.48, 0.64) d=1e3 a=0.7|upright|exact=+7.896e-16|f64=+7.892e-16|VA/esc=10.0|tier3=Ok(())|classify=Ok(["Outer"])
D2|torus a=2e-7 dir=(0.6, 0.48, 0.64) d=1e3 a=0.7|INVERTED|exact=-7.896e-16|f64=-7.892e-16|VA/esc=10.0|tier3=Err([NegativeVolume { solid: SolidKey(1v1) }])|classify=Ok(["Void"])
D2|torus a=2e-7 dir=(0.6, 0.48, 0.64) d=5e3 a=0|upright|exact=+7.896e-16|f64=+7.896e-16|VA/esc=10.0|tier3=Ok(())|classify=Ok(["Outer"])
D2|torus a=2e-7 dir=(0.6, 0.48, 0.64) d=5e3 a=0|INVERTED|exact=-7.896e-16|f64=-7.896e-16|VA/esc=10.0|tier3=Err([NegativeVolume { solid: SolidKey(1v1) }])|classify=Ok(["Void"])
D2|torus a=2e-7 dir=(0.6, 0.48, 0.64) d=5e3 a=0.7|upright|exact=+7.896e-16|f64=+7.911e-16|VA/esc=10.0|tier3=Ok(())|classify=Ok(["Outer"])
D2|torus a=2e-7 dir=(0.6, 0.48, 0.64) d=5e3 a=0.7|INVERTED|exact=-7.896e-16|f64=-7.911e-16|VA/esc=10.0|tier3=Err([NegativeVolume { solid: SolidKey(1v1) }])|classify=Ok(["Void"])
D2|torus a=2e-7 dir=(0.6, 0.48, 0.64) d=2e4 a=0|upright|exact=+7.896e-16|f64=+7.896e-16|VA/esc=10.0|tier3=Ok(())|classify=Ok(["Outer"])
D2|torus a=2e-7 dir=(0.6, 0.48, 0.64) d=2e4 a=0|INVERTED|exact=-7.896e-16|f64=-7.896e-16|VA/esc=10.0|tier3=Err([NegativeVolume { solid: SolidKey(1v1) }])|classify=Ok(["Void"])
D2|torus a=2e-7 dir=(0.6, 0.48, 0.64) d=2e4 a=0.7|upright|exact=+7.896e-16|f64=+7.853e-16|VA/esc=10.0|tier3=Ok(())|classify=Ok(["Outer"])
D2|torus a=2e-7 dir=(0.6, 0.48, 0.64) d=2e4 a=0.7|INVERTED|exact=-7.896e-16|f64=-7.853e-16|VA/esc=10.0|tier3=Err([NegativeVolume { solid: SolidKey(1v1) }])|classify=Ok(["Void"])
D2|torus a=2e-7 dir=(-0.6, -0.48, -0.64) d=0e0 a=0|upright|exact=+7.896e-16|f64=+7.896e-16|VA/esc=10.0|tier3=Ok(())|classify=Ok(["Outer"])
D2|torus a=2e-7 dir=(-0.6, -0.48, -0.64) d=0e0 a=0|INVERTED|exact=-7.896e-16|f64=-7.896e-16|VA/esc=10.0|tier3=Err([NegativeVolume { solid: SolidKey(1v1) }])|classify=Ok(["Void"])
D2|torus a=2e-7 dir=(-0.6, -0.48, -0.64) d=0e0 a=0.7|upright|exact=+7.896e-16|f64=+7.896e-16|VA/esc=10.0|tier3=Ok(())|classify=Ok(["Outer"])
D2|torus a=2e-7 dir=(-0.6, -0.48, -0.64) d=0e0 a=0.7|INVERTED|exact=-7.896e-16|f64=-7.896e-16|VA/esc=10.0|tier3=Err([NegativeVolume { solid: SolidKey(1v1) }])|classify=Ok(["Void"])
D2|torus a=2e-7 dir=(-0.6, -0.48, -0.64) d=1e3 a=0|upright|exact=+7.896e-16|f64=+7.896e-16|VA/esc=10.0|tier3=Ok(())|classify=Ok(["Outer"])
D2|torus a=2e-7 dir=(-0.6, -0.48, -0.64) d=1e3 a=0|INVERTED|exact=-7.896e-16|f64=-7.896e-16|VA/esc=10.0|tier3=Err([NegativeVolume { solid: SolidKey(1v1) }])|classify=Ok(["Void"])
D2|torus a=2e-7 dir=(-0.6, -0.48, -0.64) d=1e3 a=0.7|upright|exact=+7.896e-16|f64=+7.892e-16|VA/esc=10.0|tier3=Ok(())|classify=Ok(["Outer"])
D2|torus a=2e-7 dir=(-0.6, -0.48, -0.64) d=1e3 a=0.7|INVERTED|exact=-7.896e-16|f64=-7.892e-16|VA/esc=10.0|tier3=Err([NegativeVolume { solid: SolidKey(1v1) }])|classify=Ok(["Void"])
D2|torus a=2e-7 dir=(-0.6, -0.48, -0.64) d=5e3 a=0|upright|exact=+7.896e-16|f64=+7.896e-16|VA/esc=10.0|tier3=Ok(())|classify=Ok(["Outer"])
D2|torus a=2e-7 dir=(-0.6, -0.48, -0.64) d=5e3 a=0|INVERTED|exact=-7.896e-16|f64=-7.896e-16|VA/esc=10.0|tier3=Err([NegativeVolume { solid: SolidKey(1v1) }])|classify=Ok(["Void"])
D2|torus a=2e-7 dir=(-0.6, -0.48, -0.64) d=5e3 a=0.7|upright|exact=+7.896e-16|f64=+7.911e-16|VA/esc=10.0|tier3=Ok(())|classify=Ok(["Outer"])
D2|torus a=2e-7 dir=(-0.6, -0.48, -0.64) d=5e3 a=0.7|INVERTED|exact=-7.896e-16|f64=-7.911e-16|VA/esc=10.0|tier3=Err([NegativeVolume { solid: SolidKey(1v1) }])|classify=Ok(["Void"])
D2|torus a=2e-7 dir=(-0.6, -0.48, -0.64) d=2e4 a=0|upright|exact=+7.896e-16|f64=+7.896e-16|VA/esc=10.0|tier3=Ok(())|classify=Ok(["Outer"])
D2|torus a=2e-7 dir=(-0.6, -0.48, -0.64) d=2e4 a=0|INVERTED|exact=-7.896e-16|f64=-7.896e-16|VA/esc=10.0|tier3=Err([NegativeVolume { solid: SolidKey(1v1) }])|classify=Ok(["Void"])
D2|torus a=2e-7 dir=(-0.6, -0.48, -0.64) d=2e4 a=0.7|upright|exact=+7.896e-16|f64=+7.854e-16|VA/esc=10.0|tier3=Ok(())|classify=Ok(["Outer"])
D2|torus a=2e-7 dir=(-0.6, -0.48, -0.64) d=2e4 a=0.7|INVERTED|exact=-7.896e-16|f64=-7.853e-16|VA/esc=10.0|tier3=Err([NegativeVolume { solid: SolidKey(1v1) }])|classify=Ok(["Void"])
D2|torus a=2e-7 dir=(0.0, 0.0, 1.0) d=0e0 a=0|upright|exact=+7.896e-16|f64=+7.896e-16|VA/esc=10.0|tier3=Ok(())|classify=Ok(["Outer"])
D2|torus a=2e-7 dir=(0.0, 0.0, 1.0) d=0e0 a=0|INVERTED|exact=-7.896e-16|f64=-7.896e-16|VA/esc=10.0|tier3=Err([NegativeVolume { solid: SolidKey(1v1) }])|classify=Ok(["Void"])
D2|torus a=2e-7 dir=(0.0, 0.0, 1.0) d=0e0 a=0.7|upright|exact=+7.896e-16|f64=+7.896e-16|VA/esc=10.0|tier3=Ok(())|classify=Ok(["Outer"])
D2|torus a=2e-7 dir=(0.0, 0.0, 1.0) d=0e0 a=0.7|INVERTED|exact=-7.896e-16|f64=-7.896e-16|VA/esc=10.0|tier3=Err([NegativeVolume { solid: SolidKey(1v1) }])|classify=Ok(["Void"])
D2|torus a=2e-7 dir=(0.0, 0.0, 1.0) d=1e3 a=0|upright|exact=+7.896e-16|f64=+7.896e-16|VA/esc=10.0|tier3=Ok(())|classify=Ok(["Outer"])
D2|torus a=2e-7 dir=(0.0, 0.0, 1.0) d=1e3 a=0|INVERTED|exact=-7.896e-16|f64=-7.896e-16|VA/esc=10.0|tier3=Err([NegativeVolume { solid: SolidKey(1v1) }])|classify=Ok(["Void"])
D2|torus a=2e-7 dir=(0.0, 0.0, 1.0) d=1e3 a=0.7|upright|exact=+7.896e-16|f64=+7.895e-16|VA/esc=10.0|tier3=Ok(())|classify=Ok(["Outer"])
D2|torus a=2e-7 dir=(0.0, 0.0, 1.0) d=1e3 a=0.7|INVERTED|exact=-7.896e-16|f64=-7.895e-16|VA/esc=10.0|tier3=Err([NegativeVolume { solid: SolidKey(1v1) }])|classify=Ok(["Void"])
D2|torus a=2e-7 dir=(0.0, 0.0, 1.0) d=5e3 a=0|upright|exact=+7.896e-16|f64=+7.896e-16|VA/esc=10.0|tier3=Ok(())|classify=Ok(["Outer"])
D2|torus a=2e-7 dir=(0.0, 0.0, 1.0) d=5e3 a=0|INVERTED|exact=-7.896e-16|f64=-7.896e-16|VA/esc=10.0|tier3=Err([NegativeVolume { solid: SolidKey(1v1) }])|classify=Ok(["Void"])
D2|torus a=2e-7 dir=(0.0, 0.0, 1.0) d=5e3 a=0.7|upright|exact=+7.896e-16|f64=+7.891e-16|VA/esc=10.0|tier3=Ok(())|classify=Ok(["Outer"])
D2|torus a=2e-7 dir=(0.0, 0.0, 1.0) d=5e3 a=0.7|INVERTED|exact=-7.896e-16|f64=-7.889e-16|VA/esc=10.0|tier3=Err([NegativeVolume { solid: SolidKey(1v1) }])|classify=Ok(["Void"])
D2|torus a=2e-7 dir=(0.0, 0.0, 1.0) d=2e4 a=0|upright|exact=+7.896e-16|f64=+7.896e-16|VA/esc=10.0|tier3=Ok(())|classify=Ok(["Outer"])
D2|torus a=2e-7 dir=(0.0, 0.0, 1.0) d=2e4 a=0|INVERTED|exact=-7.896e-16|f64=-7.896e-16|VA/esc=10.0|tier3=Err([NegativeVolume { solid: SolidKey(1v1) }])|classify=Ok(["Void"])
D2|torus a=2e-7 dir=(0.0, 0.0, 1.0) d=2e4 a=0.7|upright|exact=+7.896e-16|f64=+7.873e-16|VA/esc=10.0|tier3=Ok(())|classify=Ok(["Outer"])
D2|torus a=2e-7 dir=(0.0, 0.0, 1.0) d=2e4 a=0.7|INVERTED|exact=-7.896e-16|f64=-7.867e-16|VA/esc=10.0|tier3=Err([NegativeVolume { solid: SolidKey(1v1) }])|classify=Ok(["Void"])
D2|torus a=2e-6 dir=(0.6, 0.48, 0.64) d=0e0 a=0|upright|exact=+7.896e-14|f64=+7.896e-14|VA/esc=100.0|tier3=Ok(())|classify=Ok(["Outer"])
D2|torus a=2e-6 dir=(0.6, 0.48, 0.64) d=0e0 a=0|INVERTED|exact=-7.896e-14|f64=-7.896e-14|VA/esc=100.0|tier3=Err([NegativeVolume { solid: SolidKey(1v1) }])|classify=Ok(["Void"])
D2|torus a=2e-6 dir=(0.6, 0.48, 0.64) d=0e0 a=0.7|upright|exact=+7.896e-14|f64=+7.896e-14|VA/esc=100.0|tier3=Ok(())|classify=Ok(["Outer"])
D2|torus a=2e-6 dir=(0.6, 0.48, 0.64) d=0e0 a=0.7|INVERTED|exact=-7.896e-14|f64=-7.896e-14|VA/esc=100.0|tier3=Err([NegativeVolume { solid: SolidKey(1v1) }])|classify=Ok(["Void"])
D2|torus a=2e-6 dir=(0.6, 0.48, 0.64) d=1e3 a=0|upright|exact=+7.896e-14|f64=+7.896e-14|VA/esc=100.0|tier3=Ok(())|classify=Ok(["Outer"])
D2|torus a=2e-6 dir=(0.6, 0.48, 0.64) d=1e3 a=0|INVERTED|exact=-7.896e-14|f64=-7.896e-14|VA/esc=100.0|tier3=Err([NegativeVolume { solid: SolidKey(1v1) }])|classify=Ok(["Void"])
D2|torus a=2e-6 dir=(0.6, 0.48, 0.64) d=1e3 a=0.7|upright|exact=+7.896e-14|f64=+7.896e-14|VA/esc=100.0|tier3=Ok(())|classify=Ok(["Outer"])
D2|torus a=2e-6 dir=(0.6, 0.48, 0.64) d=1e3 a=0.7|INVERTED|exact=-7.896e-14|f64=-7.896e-14|VA/esc=100.0|tier3=Err([NegativeVolume { solid: SolidKey(1v1) }])|classify=Ok(["Void"])
D2|torus a=2e-6 dir=(0.6, 0.48, 0.64) d=5e3 a=0|upright|exact=+7.896e-14|f64=+7.896e-14|VA/esc=100.0|tier3=Ok(())|classify=Ok(["Outer"])
D2|torus a=2e-6 dir=(0.6, 0.48, 0.64) d=5e3 a=0|INVERTED|exact=-7.896e-14|f64=-7.896e-14|VA/esc=100.0|tier3=Err([NegativeVolume { solid: SolidKey(1v1) }])|classify=Ok(["Void"])
D2|torus a=2e-6 dir=(0.6, 0.48, 0.64) d=5e3 a=0.7|upright|exact=+7.896e-14|f64=+7.896e-14|VA/esc=100.0|tier3=Ok(())|classify=Ok(["Outer"])
D2|torus a=2e-6 dir=(0.6, 0.48, 0.64) d=5e3 a=0.7|INVERTED|exact=-7.896e-14|f64=-7.896e-14|VA/esc=100.0|tier3=Err([NegativeVolume { solid: SolidKey(1v1) }])|classify=Ok(["Void"])
D2|torus a=2e-6 dir=(0.6, 0.48, 0.64) d=2e4 a=0|upright|exact=+7.896e-14|f64=+7.896e-14|VA/esc=100.0|tier3=Ok(())|classify=Ok(["Outer"])
D2|torus a=2e-6 dir=(0.6, 0.48, 0.64) d=2e4 a=0|INVERTED|exact=-7.896e-14|f64=-7.896e-14|VA/esc=100.0|tier3=Err([NegativeVolume { solid: SolidKey(1v1) }])|classify=Ok(["Void"])
D2|torus a=2e-6 dir=(0.6, 0.48, 0.64) d=2e4 a=0.7|upright|exact=+7.896e-14|f64=+7.895e-14|VA/esc=100.0|tier3=Ok(())|classify=Ok(["Outer"])
D2|torus a=2e-6 dir=(0.6, 0.48, 0.64) d=2e4 a=0.7|INVERTED|exact=-7.896e-14|f64=-7.895e-14|VA/esc=100.0|tier3=Err([NegativeVolume { solid: SolidKey(1v1) }])|classify=Ok(["Void"])
D2|torus a=2e-6 dir=(-0.6, -0.48, -0.64) d=0e0 a=0|upright|exact=+7.896e-14|f64=+7.896e-14|VA/esc=100.0|tier3=Ok(())|classify=Ok(["Outer"])
D2|torus a=2e-6 dir=(-0.6, -0.48, -0.64) d=0e0 a=0|INVERTED|exact=-7.896e-14|f64=-7.896e-14|VA/esc=100.0|tier3=Err([NegativeVolume { solid: SolidKey(1v1) }])|classify=Ok(["Void"])
D2|torus a=2e-6 dir=(-0.6, -0.48, -0.64) d=0e0 a=0.7|upright|exact=+7.896e-14|f64=+7.896e-14|VA/esc=100.0|tier3=Ok(())|classify=Ok(["Outer"])
D2|torus a=2e-6 dir=(-0.6, -0.48, -0.64) d=0e0 a=0.7|INVERTED|exact=-7.896e-14|f64=-7.896e-14|VA/esc=100.0|tier3=Err([NegativeVolume { solid: SolidKey(1v1) }])|classify=Ok(["Void"])
D2|torus a=2e-6 dir=(-0.6, -0.48, -0.64) d=1e3 a=0|upright|exact=+7.896e-14|f64=+7.896e-14|VA/esc=100.0|tier3=Ok(())|classify=Ok(["Outer"])
D2|torus a=2e-6 dir=(-0.6, -0.48, -0.64) d=1e3 a=0|INVERTED|exact=-7.896e-14|f64=-7.896e-14|VA/esc=100.0|tier3=Err([NegativeVolume { solid: SolidKey(1v1) }])|classify=Ok(["Void"])
D2|torus a=2e-6 dir=(-0.6, -0.48, -0.64) d=1e3 a=0.7|upright|exact=+7.896e-14|f64=+7.896e-14|VA/esc=100.0|tier3=Ok(())|classify=Ok(["Outer"])
D2|torus a=2e-6 dir=(-0.6, -0.48, -0.64) d=1e3 a=0.7|INVERTED|exact=-7.896e-14|f64=-7.896e-14|VA/esc=100.0|tier3=Err([NegativeVolume { solid: SolidKey(1v1) }])|classify=Ok(["Void"])
D2|torus a=2e-6 dir=(-0.6, -0.48, -0.64) d=5e3 a=0|upright|exact=+7.896e-14|f64=+7.896e-14|VA/esc=100.0|tier3=Ok(())|classify=Ok(["Outer"])
D2|torus a=2e-6 dir=(-0.6, -0.48, -0.64) d=5e3 a=0|INVERTED|exact=-7.896e-14|f64=-7.896e-14|VA/esc=100.0|tier3=Err([NegativeVolume { solid: SolidKey(1v1) }])|classify=Ok(["Void"])
D2|torus a=2e-6 dir=(-0.6, -0.48, -0.64) d=5e3 a=0.7|upright|exact=+7.896e-14|f64=+7.896e-14|VA/esc=100.0|tier3=Ok(())|classify=Ok(["Outer"])
D2|torus a=2e-6 dir=(-0.6, -0.48, -0.64) d=5e3 a=0.7|INVERTED|exact=-7.896e-14|f64=-7.896e-14|VA/esc=100.0|tier3=Err([NegativeVolume { solid: SolidKey(1v1) }])|classify=Ok(["Void"])
D2|torus a=2e-6 dir=(-0.6, -0.48, -0.64) d=2e4 a=0|upright|exact=+7.896e-14|f64=+7.896e-14|VA/esc=100.0|tier3=Ok(())|classify=Ok(["Outer"])
D2|torus a=2e-6 dir=(-0.6, -0.48, -0.64) d=2e4 a=0|INVERTED|exact=-7.896e-14|f64=-7.896e-14|VA/esc=100.0|tier3=Err([NegativeVolume { solid: SolidKey(1v1) }])|classify=Ok(["Void"])
D2|torus a=2e-6 dir=(-0.6, -0.48, -0.64) d=2e4 a=0.7|upright|exact=+7.896e-14|f64=+7.895e-14|VA/esc=100.0|tier3=Ok(())|classify=Ok(["Outer"])
D2|torus a=2e-6 dir=(-0.6, -0.48, -0.64) d=2e4 a=0.7|INVERTED|exact=-7.896e-14|f64=-7.895e-14|VA/esc=100.0|tier3=Err([NegativeVolume { solid: SolidKey(1v1) }])|classify=Ok(["Void"])
D2|torus a=2e-6 dir=(0.0, 0.0, 1.0) d=0e0 a=0|upright|exact=+7.896e-14|f64=+7.896e-14|VA/esc=100.0|tier3=Ok(())|classify=Ok(["Outer"])
D2|torus a=2e-6 dir=(0.0, 0.0, 1.0) d=0e0 a=0|INVERTED|exact=-7.896e-14|f64=-7.896e-14|VA/esc=100.0|tier3=Err([NegativeVolume { solid: SolidKey(1v1) }])|classify=Ok(["Void"])
D2|torus a=2e-6 dir=(0.0, 0.0, 1.0) d=0e0 a=0.7|upright|exact=+7.896e-14|f64=+7.896e-14|VA/esc=100.0|tier3=Ok(())|classify=Ok(["Outer"])
D2|torus a=2e-6 dir=(0.0, 0.0, 1.0) d=0e0 a=0.7|INVERTED|exact=-7.896e-14|f64=-7.896e-14|VA/esc=100.0|tier3=Err([NegativeVolume { solid: SolidKey(1v1) }])|classify=Ok(["Void"])
D2|torus a=2e-6 dir=(0.0, 0.0, 1.0) d=1e3 a=0|upright|exact=+7.896e-14|f64=+7.896e-14|VA/esc=100.0|tier3=Ok(())|classify=Ok(["Outer"])
D2|torus a=2e-6 dir=(0.0, 0.0, 1.0) d=1e3 a=0|INVERTED|exact=-7.896e-14|f64=-7.896e-14|VA/esc=100.0|tier3=Err([NegativeVolume { solid: SolidKey(1v1) }])|classify=Ok(["Void"])
D2|torus a=2e-6 dir=(0.0, 0.0, 1.0) d=1e3 a=0.7|upright|exact=+7.896e-14|f64=+7.896e-14|VA/esc=100.0|tier3=Ok(())|classify=Ok(["Outer"])
D2|torus a=2e-6 dir=(0.0, 0.0, 1.0) d=1e3 a=0.7|INVERTED|exact=-7.896e-14|f64=-7.896e-14|VA/esc=100.0|tier3=Err([NegativeVolume { solid: SolidKey(1v1) }])|classify=Ok(["Void"])
D2|torus a=2e-6 dir=(0.0, 0.0, 1.0) d=5e3 a=0|upright|exact=+7.896e-14|f64=+7.896e-14|VA/esc=100.0|tier3=Ok(())|classify=Ok(["Outer"])
D2|torus a=2e-6 dir=(0.0, 0.0, 1.0) d=5e3 a=0|INVERTED|exact=-7.896e-14|f64=-7.896e-14|VA/esc=100.0|tier3=Err([NegativeVolume { solid: SolidKey(1v1) }])|classify=Ok(["Void"])
D2|torus a=2e-6 dir=(0.0, 0.0, 1.0) d=5e3 a=0.7|upright|exact=+7.896e-14|f64=+7.896e-14|VA/esc=100.0|tier3=Ok(())|classify=Ok(["Outer"])
D2|torus a=2e-6 dir=(0.0, 0.0, 1.0) d=5e3 a=0.7|INVERTED|exact=-7.896e-14|f64=-7.896e-14|VA/esc=100.0|tier3=Err([NegativeVolume { solid: SolidKey(1v1) }])|classify=Ok(["Void"])
D2|torus a=2e-6 dir=(0.0, 0.0, 1.0) d=2e4 a=0|upright|exact=+7.896e-14|f64=+7.896e-14|VA/esc=100.0|tier3=Ok(())|classify=Ok(["Outer"])
D2|torus a=2e-6 dir=(0.0, 0.0, 1.0) d=2e4 a=0|INVERTED|exact=-7.896e-14|f64=-7.896e-14|VA/esc=100.0|tier3=Err([NegativeVolume { solid: SolidKey(1v1) }])|classify=Ok(["Void"])
D2|torus a=2e-6 dir=(0.0, 0.0, 1.0) d=2e4 a=0.7|upright|exact=+7.896e-14|f64=+7.895e-14|VA/esc=100.0|tier3=Ok(())|classify=Ok(["Outer"])
D2|torus a=2e-6 dir=(0.0, 0.0, 1.0) d=2e4 a=0.7|INVERTED|exact=-7.896e-14|f64=-7.895e-14|VA/esc=100.0|tier3=Err([NegativeVolume { solid: SolidKey(1v1) }])|classify=Ok(["Void"])
test probe_d2_sweep::d2_revolved_kinds ... ok

test result: ok. 1 passed; 0 failed; 0 ignored; 0 measured; 2111 filtered out; finished in 0.93s

        PASS [   0.945s] (6/9) sweep::all probe_d2_sweep::d2_revolved_kinds
       START [         ] (7/9) sweep::all probe_d_disc3::dprobe_disc_other_readers

running 1 test
DPROBE3|eps=1e-9
DPROBE3|r=1e-3 h=1e-7 d=0e0|upright|classify=Ok(["Outer"])|pis(beside)=Ok(Out)|pis(inside)=Ok(In)
DPROBE3|r=1e-3 h=1e-7 d=0e0|INVERTED|classify=Ok(["Void"])|pis(beside)=Ok(In)|pis(inside)=Ok(Out)
DPROBE3|r=1e-3 h=1e-7 d=1e3|upright|classify=Ok(["Outer"])|pis(beside)=Ok(Out)|pis(inside)=Ok(In)
DPROBE3|r=1e-3 h=1e-7 d=1e3|INVERTED|classify=Ok(["Void"])|pis(beside)=Ok(In)|pis(inside)=Ok(Out)
DPROBE3|r=1e-3 h=1e-7 d=5e3|upright|classify=Ok(["Outer"])|pis(beside)=Ok(Out)|pis(inside)=Ok(In)
DPROBE3|r=1e-3 h=1e-7 d=5e3|INVERTED|classify=Ok(["Void"])|pis(beside)=Ok(In)|pis(inside)=Ok(Out)
DPROBE3|r=1e-3 h=1e-6 d=0e0|upright|classify=Ok(["Outer"])|pis(beside)=Ok(Out)|pis(inside)=Ok(In)
DPROBE3|r=1e-3 h=1e-6 d=0e0|INVERTED|classify=Ok(["Void"])|pis(beside)=Ok(In)|pis(inside)=Ok(Out)
DPROBE3|r=1e-3 h=1e-6 d=1e3|upright|classify=Ok(["Outer"])|pis(beside)=Ok(Out)|pis(inside)=Ok(In)
DPROBE3|r=1e-3 h=1e-6 d=1e3|INVERTED|classify=Ok(["Void"])|pis(beside)=Ok(In)|pis(inside)=Ok(Out)
DPROBE3|r=1e-3 h=1e-6 d=5e3|upright|classify=Ok(["Outer"])|pis(beside)=Ok(Out)|pis(inside)=Ok(In)
DPROBE3|r=1e-3 h=1e-6 d=5e3|INVERTED|classify=Ok(["Void"])|pis(beside)=Ok(In)|pis(inside)=Ok(Out)
DPROBE3|r=1e-2 h=1e-6 d=0e0|upright|classify=Ok(["Outer"])|pis(beside)=Ok(Out)|pis(inside)=Ok(In)
DPROBE3|r=1e-2 h=1e-6 d=0e0|INVERTED|classify=Ok(["Void"])|pis(beside)=Ok(In)|pis(inside)=Ok(Out)
DPROBE3|r=1e-2 h=1e-6 d=1e3|upright|classify=Ok(["Outer"])|pis(beside)=Ok(Out)|pis(inside)=Ok(In)
DPROBE3|r=1e-2 h=1e-6 d=1e3|INVERTED|classify=Ok(["Void"])|pis(beside)=Ok(In)|pis(inside)=Ok(Out)
DPROBE3|r=1e-2 h=1e-6 d=5e3|upright|classify=Ok(["Outer"])|pis(beside)=Ok(Out)|pis(inside)=Ok(In)
DPROBE3|r=1e-2 h=1e-6 d=5e3|INVERTED|classify=Ok(["Void"])|pis(beside)=Ok(In)|pis(inside)=Ok(Out)
test probe_d_disc3::dprobe_disc_other_readers ... ok

test result: ok. 1 passed; 0 failed; 0 ignored; 0 measured; 2111 filtered out; finished in 0.06s

        PASS [   0.073s] (7/9) sweep::all probe_d_disc3::dprobe_disc_other_readers
       START [         ] (8/9) sweep::all probe_d_disc::dprobe_far_thin_disc

running 1 test
DPROBE|eps=1e-9
DPROBE|r=1e-3 h=1e-7 d=0e0|upright|exact=+3.142e-13|f64=+3.142e-13|tier3=Ok(())
DPROBE|r=1e-3 h=1e-7 d=0e0|INVERTED|exact=-3.142e-13|f64=-3.142e-13|tier3=Err([NegativeVolume { solid: SolidKey(1v1) }])
DPROBE|r=1e-3 h=1e-7 d=1e0|upright|exact=+3.142e-13|f64=+3.142e-13|tier3=Ok(())
DPROBE|r=1e-3 h=1e-7 d=1e0|INVERTED|exact=-3.142e-13|f64=-3.142e-13|tier3=Err([NegativeVolume { solid: SolidKey(1v1) }])
DPROBE|r=1e-3 h=1e-7 d=1e1|upright|exact=+3.142e-13|f64=+3.142e-13|tier3=Ok(())
DPROBE|r=1e-3 h=1e-7 d=1e1|INVERTED|exact=-3.142e-13|f64=-3.142e-13|tier3=Err([NegativeVolume { solid: SolidKey(1v1) }])
DPROBE|r=1e-3 h=1e-7 d=1e2|upright|exact=+3.142e-13|f64=+3.142e-13|tier3=Ok(())
DPROBE|r=1e-3 h=1e-7 d=1e2|INVERTED|exact=-3.142e-13|f64=-3.142e-13|tier3=Err([NegativeVolume { solid: SolidKey(1v1) }])
DPROBE|r=1e-3 h=1e-7 d=1e3|upright|exact=+3.142e-13|f64=+3.142e-13|tier3=Ok(())
DPROBE|r=1e-3 h=1e-7 d=1e3|INVERTED|exact=-3.142e-13|f64=-3.142e-13|tier3=Err([NegativeVolume { solid: SolidKey(1v1) }])
DPROBE|r=1e-3 h=1e-7 d=5e3|upright|exact=+3.142e-13|f64=+3.142e-13|tier3=Ok(())
DPROBE|r=1e-3 h=1e-7 d=5e3|INVERTED|exact=-3.142e-13|f64=-3.142e-13|tier3=Err([NegativeVolume { solid: SolidKey(1v1) }])
DPROBE|r=1e-3 h=1e-7 d=2e4|upright|exact=+3.142e-13|f64=+3.142e-13|tier3=Ok(())
DPROBE|r=1e-3 h=1e-7 d=2e4|INVERTED|exact=-3.142e-13|f64=-3.142e-13|tier3=Err([NegativeVolume { solid: SolidKey(1v1) }])
DPROBE|r=1e-3 h=1e-6 d=0e0|upright|exact=+3.142e-12|f64=+3.142e-12|tier3=Ok(())
DPROBE|r=1e-3 h=1e-6 d=0e0|INVERTED|exact=-3.142e-12|f64=-3.142e-12|tier3=Err([NegativeVolume { solid: SolidKey(1v1) }])
DPROBE|r=1e-3 h=1e-6 d=1e0|upright|exact=+3.142e-12|f64=+3.142e-12|tier3=Ok(())
DPROBE|r=1e-3 h=1e-6 d=1e0|INVERTED|exact=-3.142e-12|f64=-3.142e-12|tier3=Err([NegativeVolume { solid: SolidKey(1v1) }])
DPROBE|r=1e-3 h=1e-6 d=1e1|upright|exact=+3.142e-12|f64=+3.142e-12|tier3=Ok(())
DPROBE|r=1e-3 h=1e-6 d=1e1|INVERTED|exact=-3.142e-12|f64=-3.142e-12|tier3=Err([NegativeVolume { solid: SolidKey(1v1) }])
DPROBE|r=1e-3 h=1e-6 d=1e2|upright|exact=+3.142e-12|f64=+3.142e-12|tier3=Ok(())
DPROBE|r=1e-3 h=1e-6 d=1e2|INVERTED|exact=-3.142e-12|f64=-3.142e-12|tier3=Err([NegativeVolume { solid: SolidKey(1v1) }])
DPROBE|r=1e-3 h=1e-6 d=1e3|upright|exact=+3.142e-12|f64=+3.142e-12|tier3=Ok(())
DPROBE|r=1e-3 h=1e-6 d=1e3|INVERTED|exact=-3.142e-12|f64=-3.142e-12|tier3=Err([NegativeVolume { solid: SolidKey(1v1) }])
DPROBE|r=1e-3 h=1e-6 d=5e3|upright|exact=+3.142e-12|f64=+3.142e-12|tier3=Ok(())
DPROBE|r=1e-3 h=1e-6 d=5e3|INVERTED|exact=-3.142e-12|f64=-3.142e-12|tier3=Err([NegativeVolume { solid: SolidKey(1v1) }])
DPROBE|r=1e-3 h=1e-6 d=2e4|upright|exact=+3.142e-12|f64=+3.142e-12|tier3=Ok(())
DPROBE|r=1e-3 h=1e-6 d=2e4|INVERTED|exact=-3.142e-12|f64=-3.142e-12|tier3=Err([NegativeVolume { solid: SolidKey(1v1) }])
DPROBE|r=1e-3 h=1e-5 d=0e0|upright|exact=+3.142e-11|f64=+3.142e-11|tier3=Ok(())
DPROBE|r=1e-3 h=1e-5 d=0e0|INVERTED|exact=-3.142e-11|f64=-3.142e-11|tier3=Err([NegativeVolume { solid: SolidKey(1v1) }])
DPROBE|r=1e-3 h=1e-5 d=1e0|upright|exact=+3.142e-11|f64=+3.142e-11|tier3=Ok(())
DPROBE|r=1e-3 h=1e-5 d=1e0|INVERTED|exact=-3.142e-11|f64=-3.142e-11|tier3=Err([NegativeVolume { solid: SolidKey(1v1) }])
DPROBE|r=1e-3 h=1e-5 d=1e1|upright|exact=+3.142e-11|f64=+3.142e-11|tier3=Ok(())
DPROBE|r=1e-3 h=1e-5 d=1e1|INVERTED|exact=-3.142e-11|f64=-3.142e-11|tier3=Err([NegativeVolume { solid: SolidKey(1v1) }])
DPROBE|r=1e-3 h=1e-5 d=1e2|upright|exact=+3.142e-11|f64=+3.142e-11|tier3=Ok(())
DPROBE|r=1e-3 h=1e-5 d=1e2|INVERTED|exact=-3.142e-11|f64=-3.142e-11|tier3=Err([NegativeVolume { solid: SolidKey(1v1) }])
DPROBE|r=1e-3 h=1e-5 d=1e3|upright|exact=+3.142e-11|f64=+3.142e-11|tier3=Ok(())
DPROBE|r=1e-3 h=1e-5 d=1e3|INVERTED|exact=-3.142e-11|f64=-3.142e-11|tier3=Err([NegativeVolume { solid: SolidKey(1v1) }])
DPROBE|r=1e-3 h=1e-5 d=5e3|upright|exact=+3.142e-11|f64=+3.142e-11|tier3=Ok(())
DPROBE|r=1e-3 h=1e-5 d=5e3|INVERTED|exact=-3.142e-11|f64=-3.142e-11|tier3=Err([NegativeVolume { solid: SolidKey(1v1) }])
DPROBE|r=1e-3 h=1e-5 d=2e4|upright|exact=+3.142e-11|f64=+3.142e-11|tier3=Ok(())
DPROBE|r=1e-3 h=1e-5 d=2e4|INVERTED|exact=-3.142e-11|f64=-3.142e-11|tier3=Err([NegativeVolume { solid: SolidKey(1v1) }])
DPROBE|r=1e-2 h=1e-6 d=0e0|upright|exact=+3.142e-10|f64=+3.142e-10|tier3=Ok(())
DPROBE|r=1e-2 h=1e-6 d=0e0|INVERTED|exact=-3.142e-10|f64=-3.142e-10|tier3=Err([NegativeVolume { solid: SolidKey(1v1) }])
DPROBE|r=1e-2 h=1e-6 d=1e0|upright|exact=+3.142e-10|f64=+3.142e-10|tier3=Ok(())
DPROBE|r=1e-2 h=1e-6 d=1e0|INVERTED|exact=-3.142e-10|f64=-3.142e-10|tier3=Err([NegativeVolume { solid: SolidKey(1v1) }])
DPROBE|r=1e-2 h=1e-6 d=1e1|upright|exact=+3.142e-10|f64=+3.142e-10|tier3=Ok(())
DPROBE|r=1e-2 h=1e-6 d=1e1|INVERTED|exact=-3.142e-10|f64=-3.142e-10|tier3=Err([NegativeVolume { solid: SolidKey(1v1) }])
DPROBE|r=1e-2 h=1e-6 d=1e2|upright|exact=+3.142e-10|f64=+3.142e-10|tier3=Ok(())
DPROBE|r=1e-2 h=1e-6 d=1e2|INVERTED|exact=-3.142e-10|f64=-3.142e-10|tier3=Err([NegativeVolume { solid: SolidKey(1v1) }])
DPROBE|r=1e-2 h=1e-6 d=1e3|upright|exact=+3.142e-10|f64=+3.142e-10|tier3=Ok(())
DPROBE|r=1e-2 h=1e-6 d=1e3|INVERTED|exact=-3.142e-10|f64=-3.142e-10|tier3=Err([NegativeVolume { solid: SolidKey(1v1) }])
DPROBE|r=1e-2 h=1e-6 d=5e3|upright|exact=+3.142e-10|f64=+3.142e-10|tier3=Ok(())
DPROBE|r=1e-2 h=1e-6 d=5e3|INVERTED|exact=-3.142e-10|f64=-3.142e-10|tier3=Err([NegativeVolume { solid: SolidKey(1v1) }])
DPROBE|r=1e-2 h=1e-6 d=2e4|upright|exact=+3.142e-10|f64=+3.142e-10|tier3=Ok(())
DPROBE|r=1e-2 h=1e-6 d=2e4|INVERTED|exact=-3.142e-10|f64=-3.142e-10|tier3=Err([NegativeVolume { solid: SolidKey(1v1) }])
DPROBE|r=1e-2 h=1e-5 d=0e0|upright|exact=+3.142e-9|f64=+3.142e-9|tier3=Ok(())
DPROBE|r=1e-2 h=1e-5 d=0e0|INVERTED|exact=-3.142e-9|f64=-3.142e-9|tier3=Err([NegativeVolume { solid: SolidKey(1v1) }])
DPROBE|r=1e-2 h=1e-5 d=1e0|upright|exact=+3.142e-9|f64=+3.142e-9|tier3=Ok(())
DPROBE|r=1e-2 h=1e-5 d=1e0|INVERTED|exact=-3.142e-9|f64=-3.142e-9|tier3=Err([NegativeVolume { solid: SolidKey(1v1) }])
DPROBE|r=1e-2 h=1e-5 d=1e1|upright|exact=+3.142e-9|f64=+3.142e-9|tier3=Ok(())
DPROBE|r=1e-2 h=1e-5 d=1e1|INVERTED|exact=-3.142e-9|f64=-3.142e-9|tier3=Err([NegativeVolume { solid: SolidKey(1v1) }])
DPROBE|r=1e-2 h=1e-5 d=1e2|upright|exact=+3.142e-9|f64=+3.142e-9|tier3=Ok(())
DPROBE|r=1e-2 h=1e-5 d=1e2|INVERTED|exact=-3.142e-9|f64=-3.142e-9|tier3=Err([NegativeVolume { solid: SolidKey(1v1) }])
DPROBE|r=1e-2 h=1e-5 d=1e3|upright|exact=+3.142e-9|f64=+3.142e-9|tier3=Ok(())
DPROBE|r=1e-2 h=1e-5 d=1e3|INVERTED|exact=-3.142e-9|f64=-3.142e-9|tier3=Err([NegativeVolume { solid: SolidKey(1v1) }])
DPROBE|r=1e-2 h=1e-5 d=5e3|upright|exact=+3.142e-9|f64=+3.142e-9|tier3=Ok(())
DPROBE|r=1e-2 h=1e-5 d=5e3|INVERTED|exact=-3.142e-9|f64=-3.142e-9|tier3=Err([NegativeVolume { solid: SolidKey(1v1) }])
DPROBE|r=1e-2 h=1e-5 d=2e4|upright|exact=+3.142e-9|f64=+3.142e-9|tier3=Ok(())
DPROBE|r=1e-2 h=1e-5 d=2e4|INVERTED|exact=-3.142e-9|f64=-3.142e-9|tier3=Err([NegativeVolume { solid: SolidKey(1v1) }])
DPROBE|r=1e-1 h=1e-5 d=0e0|upright|exact=+3.142e-7|f64=+3.142e-7|tier3=Ok(())
DPROBE|r=1e-1 h=1e-5 d=0e0|INVERTED|exact=-3.142e-7|f64=-3.142e-7|tier3=Err([NegativeVolume { solid: SolidKey(1v1) }])
DPROBE|r=1e-1 h=1e-5 d=1e0|upright|exact=+3.142e-7|f64=+3.142e-7|tier3=Ok(())
DPROBE|r=1e-1 h=1e-5 d=1e0|INVERTED|exact=-3.142e-7|f64=-3.142e-7|tier3=Err([NegativeVolume { solid: SolidKey(1v1) }])
DPROBE|r=1e-1 h=1e-5 d=1e1|upright|exact=+3.142e-7|f64=+3.142e-7|tier3=Ok(())
DPROBE|r=1e-1 h=1e-5 d=1e1|INVERTED|exact=-3.142e-7|f64=-3.142e-7|tier3=Err([NegativeVolume { solid: SolidKey(1v1) }])
DPROBE|r=1e-1 h=1e-5 d=1e2|upright|exact=+3.142e-7|f64=+3.142e-7|tier3=Ok(())
DPROBE|r=1e-1 h=1e-5 d=1e2|INVERTED|exact=-3.142e-7|f64=-3.142e-7|tier3=Err([NegativeVolume { solid: SolidKey(1v1) }])
DPROBE|r=1e-1 h=1e-5 d=1e3|upright|exact=+3.142e-7|f64=+3.142e-7|tier3=Ok(())
DPROBE|r=1e-1 h=1e-5 d=1e3|INVERTED|exact=-3.142e-7|f64=-3.142e-7|tier3=Err([NegativeVolume { solid: SolidKey(1v1) }])
DPROBE|r=1e-1 h=1e-5 d=5e3|upright|exact=+3.142e-7|f64=+3.142e-7|tier3=Ok(())
DPROBE|r=1e-1 h=1e-5 d=5e3|INVERTED|exact=-3.142e-7|f64=-3.142e-7|tier3=Err([NegativeVolume { solid: SolidKey(1v1) }])
DPROBE|r=1e-1 h=1e-5 d=2e4|upright|exact=+3.142e-7|f64=+3.142e-7|tier3=Ok(())
DPROBE|r=1e-1 h=1e-5 d=2e4|INVERTED|exact=-3.142e-7|f64=-3.142e-7|tier3=Err([NegativeVolume { solid: SolidKey(1v1) }])
test probe_d_disc::dprobe_far_thin_disc ... ok

test result: ok. 1 passed; 0 failed; 0 ignored; 0 measured; 2111 filtered out; finished in 0.31s

        PASS [   0.328s] (8/9) sweep::all probe_d_disc::dprobe_far_thin_disc
       START [         ] (9/9) sweep::all probe_d_void::dprobe_far_thin_disc_void

running 1 test
DPROBE4|eps=1e-9
DPROBE4|r=1e-3 h=1e-6 d=0e0|shells=2|tier3=Ok(())
DPROBE4|r=1e-3 h=1e-6 d=1e3|shells=2|tier3=Ok(())
DPROBE4|r=1e-3 h=1e-6 d=5e3|shells=2|tier3=Ok(())
DPROBE4|r=1e-3 h=1e-5 d=0e0|shells=2|tier3=Ok(())
DPROBE4|r=1e-3 h=1e-5 d=1e3|shells=2|tier3=Ok(())
DPROBE4|r=1e-3 h=1e-5 d=5e3|shells=2|tier3=Ok(())
DPROBE4|r=1e-2 h=1e-6 d=0e0|shells=2|tier3=Ok(())
DPROBE4|r=1e-2 h=1e-6 d=1e3|shells=2|tier3=Ok(())
DPROBE4|r=1e-2 h=1e-6 d=5e3|shells=2|tier3=Ok(())
test probe_d_void::dprobe_far_thin_disc_void ... ok

test result: ok. 1 passed; 0 failed; 0 ignored; 0 measured; 2111 filtered out; finished in 0.19s

        PASS [   0.197s] (9/9) sweep::all probe_d_void::dprobe_far_thin_disc_void
────────────
     Summary [  80.131s] 9 tests run: 9 passed, 2103 skipped
exit 0
