
running 14 tests
R1PROBE census cut-in | a∪b | OK SOUND t2=true t3p=true cert=true operand=true v=4.237662294 want=4.237662294 | F4 E6 V4 S1 sph[r1:3,r0.3:1] mesh=ERR UnsupportedCurvedShape { face: FaceKey(1v1), source: NotIsoRectangle { what: "pr
R1PROBE census cut-in | b∪a | OK SOUND t2=true t3p=true cert=true operand=true v=4.237662294 want=4.237662294 | F4 E6 V4 S1 sph[r0.3:1,r1:3] mesh=ERR UnsupportedCurvedShape { face: FaceKey(1v1), source: NotIsoRectangle { what: "pr
R1PROBE census cut-in | a∖b | OK SOUND t2=true t3p=true cert=true operand=true v=4.124564959 want=4.124564959 | F6 E10 V6 S1 sph[r1:3,r0.3:3] mesh=ERR UnsupportedCurvedShape { face: FaceKey(1v1), source: NotIsoRectangle { what: "pr
R1PROBE path=cut-in | a∪b | OK SOUND t2=true t3p=true cert=true operand=true v=4.237662294 want=4.237662294 | F4 E6 V4 S1 sph[r1:3,r0.3:1] mesh=ERR UnsupportedCurvedShape { face: FaceKey(1v1), source: NotIsoRectangle { what: "pr
R1PROBE census cut-in | b∖a | OK SOUND t2=true t3p=true cert=true operand=true v=0.048872090 want=0.048872090 | F2 E1 V1 S1 sph[r0.3:1,r1:1] mesh=ERR UnsupportedCurvedShape { face: FaceKey(1v1), source: NotIsoRectangle { what: "pr
R1PROBE path=cut-in | b∪a | OK SOUND t2=true t3p=true cert=true operand=true v=4.237662294 want=4.237662294 | F4 E6 V4 S1 sph[r0.3:1,r1:3] mesh=ERR UnsupportedCurvedShape { face: FaceKey(1v1), source: NotIsoRectangle { what: "pr
R1PROBE census cut-in | a∩b | OK SOUND t2=true t3p=true cert=true operand=true v=0.064225246 want=0.064225246 | F4 E6 V4 S1 sph[r0.3:3,r1:1] mesh=ERR UnsupportedCurvedShape { face: FaceKey(2v3), source: NotIsoRectangle { what: "pr
R1PROBE path=cut-in | a∖b | OK SOUND t2=true t3p=true cert=true operand=true v=4.124564959 want=4.124564959 | F6 E10 V6 S1 sph[r1:3,r0.3:3] mesh=ERR UnsupportedCurvedShape { face: FaceKey(1v1), source: NotIsoRectangle { what: "pr
R1PROBE path=cut-in | b∖a | OK SOUND t2=true t3p=true cert=true operand=true v=0.048872090 want=0.048872090 | F2 E1 V1 S1 sph[r0.3:1,r1:1] mesh=ERR UnsupportedCurvedShape { face: FaceKey(1v1), source: NotIsoRectangle { what: "pr
R1PROBE census cut-in | b∩a | OK SOUND t2=true t3p=true cert=true operand=true v=0.064225246 want=0.064225246 | F4 E6 V4 S1 sph[r0.3:3,r1:1] mesh=ERR UnsupportedCurvedShape { face: FaceKey(3v1), source: NotIsoRectangle { what: "pr
R1PROBE nonpar r=0.3 c=0.000,0.000,0.950 turn=z30 | a∪b | OK SOUND t2=true t3p=true cert=true operand=true v=4.237662294 want=4.237662294 | F4 E6 V4 S1 sph[r1:3,r0.3:1] mesh=ERR UnsupportedCurvedShape { face: FaceKey(3v3), source: NotIsoRectangle { what: "pr
R1PROBE path=cut-in | a∩b | OK SOUND t2=true t3p=true cert=true operand=true v=0.064225246 want=0.064225246 | F4 E6 V4 S1 sph[r0.3:3,r1:1] mesh=ERR UnsupportedCurvedShape { face: FaceKey(2v3), source: NotIsoRectangle { what: "pr
R1PROBE nonpar r=0.3 c=0.000,0.000,0.950 turn=z30 | b∪a | OK SOUND t2=true t3p=true cert=true operand=true v=4.237662294 want=4.237662294 | F4 E6 V4 S1 sph[r1:3,r0.3:1] mesh=ERR UnsupportedCurvedShape { face: FaceKey(2v3), source: NotIsoRectangle { what: "pr
R1PROBE census both-seams | a∪b | OK SOUND t2=true t3p=true cert=true operand=true v=4.237662294 want=4.237662294 | F4 E6 V4 S1 sph[r1:2,r0.3:2] mesh=ok
R1PROBE census both-seams | b∪a | OK SOUND t2=true t3p=true cert=true operand=true v=4.237662294 want=4.237662294 | F4 E6 V4 S1 sph[r0.3:2,r1:2] mesh=ok
R1PROBE path=cut-in | b∩a | OK SOUND t2=true t3p=true cert=true operand=true v=0.064225246 want=0.064225246 | F4 E6 V4 S1 sph[r0.3:3,r1:1] mesh=ERR UnsupportedCurvedShape { face: FaceKey(3v1), source: NotIsoRectangle { what: "pr
R1PROBE census both-seams | a∖b | OK SOUND t2=true t3p=true cert=true operand=true v=4.124564959 want=4.124564959 | F4 E6 V4 S1 sph[r1:2,r0.3:2] mesh=ok
R1PROBE census both-seams | b∖a | OK SOUND t2=true t3p=true cert=true operand=true v=0.048872090 want=0.048872090 | F4 E6 V4 S1 sph[r0.3:2,r1:2] mesh=ok
R1PROBE nonpar r=0.3 c=0.000,0.000,0.950 turn=z30 | a∖b | OK SOUND t2=true t3p=true cert=true operand=true v=4.124564959 want=4.124564959 | F6 E12 V8 S1 sph[r0.3:3,r1:3] mesh=ERR UnsupportedCurvedShape { face: FaceKey(1v3), source: NotIsoRectangle { what: "pr
R1PROBE census both-seams | a∩b | OK SOUND t2=true t3p=true cert=true operand=true v=0.064225246 want=0.064225246 | F4 E6 V4 S1 sph[r1:2,r0.3:2] mesh=ok
R1PROBE census both-seams | b∩a | OK SOUND t2=true t3p=true cert=true operand=true v=0.064225246 want=0.064225246 | F4 E6 V4 S1 sph[r0.3:2,r1:2] mesh=ok
R1PROBE nonpar r=0.3 c=0.000,0.000,0.950 turn=z30 | b∖a | OK SOUND t2=true t3p=true cert=true operand=true v=0.048872090 want=0.048872090 | F2 E1 V1 S1 sph[r1:1,r0.3:1] mesh=ERR UnsupportedCurvedShape { face: FaceKey(2v3), source: NotIsoRectangle { what: "pr
R1PROBE path=ordinary | a∪b | ERR ResultInvalid { errors: [VolumeUncomputable { solid: SolidKey(1v1), source: RingOnCurvedFace { face: FaceKey(1 | 
R1PROBE path=ordinary | b∪a | ERR ResultInvalid { errors: [VolumeUncomputable { solid: SolidKey(1v1), source: RingOnCurvedFace { face: FaceKey(4 | 
R1PROBE path=ordinary | a∖b | ERR ResultInvalid { errors: [VolumeUncomputable { solid: SolidKey(1v1), source: RingOnCurvedFace { face: FaceKey(1 | 
R1PROBE path=ordinary | b∖a | OK SOUND t2=true t3p=true cert=true operand=true v=0.048872090 want=0.048872090 | F3 E4 V3 S1 sph[r0.3:2,r1:1] mesh=ERR UnsupportedCurvedShape { face: FaceKey(4v3), source: NotIsoRectangle { what: "pr
R1PROBE path=ordinary | a∩b | OK SOUND t2=true t3p=true cert=true operand=true v=0.064225246 want=0.064225246 | F3 E4 V3 S1 sph[r0.3:2,r1:1] mesh=ERR UnsupportedCurvedShape { face: FaceKey(4v1), source: NotIsoRectangle { what: "pr
R1PROBE nonpar r=0.3 c=0.000,0.000,0.950 turn=z30 | a∩b | OK SOUND t2=true t3p=true cert=true operand=true v=0.064225246 want=0.064225246 | F4 E6 V4 S1 sph[r1:1,r0.3:3] mesh=ERR UnsupportedCurvedShape { face: FaceKey(1v1), source: NotIsoRectangle { what: "pr
R1PROBE path=ordinary | b∩a | OK SOUND t2=true t3p=true cert=true operand=true v=0.064225246 want=0.064225246 | F3 E4 V3 S1 sph[r0.3:2,r1:1] mesh=ERR UnsupportedCurvedShape { face: FaceKey(6v5), source: NotIsoRectangle { what: "pr
R1PROBE operand unit | F2 E2 V2 S1 sph[r1:2]
R1PROBE operand small | F2 E2 V2 S1 sph[r0.3:2]
R1PROBE-SUMMARY cut_in_against_ordinary bad=0
test review_sphpair_r1_probes::r1_cut_in_against_ordinary ... ok
R1PROBE meshbase unit ball chordal=0.005 | Ok(Ok(()))
R1PROBE meshbase unit ball chordal=0.02 | Ok(Ok(()))
R1PROBE nonpar r=0.3 c=0.000,0.000,0.950 turn=z30 | b∩a | OK SOUND t2=true t3p=true cert=true operand=true v=0.064225246 want=0.064225246 | F4 E6 V4 S1 sph[r0.3:3,r1:1] mesh=ERR UnsupportedCurvedShape { face: FaceKey(1v1), source: NotIsoRectangle { what: "pr
R1PROBE census cut-in off | a∪b | ERR ResultInvalid { errors: [VolumeUncomputable { solid: SolidKey(1v1), source: RingOnCurvedFace { face: FaceKey(1 | 
R1PROBE census cut-in off | b∪a | ERR ResultInvalid { errors: [VolumeUncomputable { solid: SolidKey(1v1), source: RingOnCurvedFace { face: FaceKey(4 | 
R1PROBE census cut-in off | a∖b | ERR ResultInvalid { errors: [VolumeUncomputable { solid: SolidKey(1v1), source: RingOnCurvedFace { face: FaceKey(1 | 
R1PROBE census cut-in off | b∖a | OK SOUND t2=true t3p=true cert=true operand=true v=0.049228958 want=0.049228958 | F2 E1 V1 S1 sph[r0.3:1,r1:1] mesh=ERR UnsupportedCurvedShape { face: FaceKey(2v1), source: NotIsoRectangle { what: "pr
R1PROBE ordinary-x d=0.95 | a∪b | OK SOUND t2=true t3p=true cert=true operand=true v=4.237662294 want=4.237662294 | F3 E5 V4 S1 sph[r0.3:1,r1:2] mesh=ERR UnsupportedCurvedShape { face: FaceKey(1v3), source: NotIsoRectangle { what: "pr
R1PROBE census cut-in off | a∩b | OK SOUND t2=true t3p=true cert=true operand=true v=0.063868378 want=0.063868378 | F3 E5 V4 S1 sph[r0.3:2,r1:1] mesh=ERR UnsupportedCurvedShape { face: FaceKey(2v3), source: NotIsoRectangle { what: "pr
R1PROBE ordinary-x d=0.95 | b∪a | OK SOUND t2=true t3p=true cert=true operand=true v=4.237662294 want=4.237662294 | F3 E5 V4 S1 sph[r1:2,r0.3:1] mesh=ERR UnsupportedCurvedShape { face: FaceKey(1v3), source: NotIsoRectangle { what: "pr
R1PROBE census cut-in off | b∩a | OK SOUND t2=true t3p=true cert=true operand=true v=0.063868378 want=0.063868378 | F3 E5 V4 S1 sph[r0.3:2,r1:1] mesh=ERR UnsupportedCurvedShape { face: FaceKey(1v1), source: NotIsoRectangle { what: "pr
R1PROBE ordinary-x d=0.95 | a∖b | OK SOUND t2=true t3p=true cert=true operand=true v=4.124564959 want=4.124564959 | F4 E8 V6 S1 sph[r1:2,r0.3:2] mesh=ERR UnsupportedCurvedShape { face: FaceKey(2v1), source: NotIsoRectangle { what: "pr
R1PROBE ordinary-x d=0.95 | b∖a | OK SOUND t2=true t3p=true cert=true operand=true v=0.048872090 want=0.048872090 | F2 E1 V1 S1 sph[r0.3:1,r1:1] mesh=ERR UnsupportedCurvedShape { face: FaceKey(2v1), source: NotIsoRectangle { what: "pr
R1PROBE ordinary-x d=0.95 | a∩b | OK SOUND t2=true t3p=true cert=true operand=true v=0.064225246 want=0.064225246 | F3 E5 V4 S1 sph[r1:1,r0.3:2] mesh=ERR UnsupportedCurvedShape { face: FaceKey(1v1), source: NotIsoRectangle { what: "pr
R1PROBE nonpar r=0.3 c=0.000,0.000,0.950 turn=z90 | a∪b | OK SOUND t2=true t3p=true cert=true operand=true v=4.237662294 want=4.237662294 | F4 E6 V4 S1 sph[r1:3,r0.3:1] mesh=ERR UnsupportedCurvedShape { face: FaceKey(1v1), source: NotIsoRectangle { what: "pr
R1PROBE ordinary-x d=0.95 | b∩a | OK SOUND t2=true t3p=true cert=true operand=true v=0.064225246 want=0.064225246 | F3 E5 V4 S1 sph[r0.3:2,r1:1] mesh=ERR UnsupportedCurvedShape { face: FaceKey(1v1), source: NotIsoRectangle { what: "pr
R1PROBE nonpar r=0.3 c=0.000,0.000,0.950 turn=z90 | b∪a | OK SOUND t2=true t3p=true cert=true operand=true v=4.237662294 want=4.237662294 | F4 E6 V4 S1 sph[r0.3:1,r1:3] mesh=ERR UnsupportedCurvedShape { face: FaceKey(1v1), source: NotIsoRectangle { what: "pr
R1PROBE nonpar r=0.3 c=0.000,0.000,0.950 turn=z90 | a∖b | OK SOUND t2=true t3p=true cert=true operand=true v=4.124564959 want=4.124564959 | F6 E12 V8 S1 sph[r1:3,r0.3:3] mesh=ERR UnsupportedCurvedShape { face: FaceKey(1v1), source: NotIsoRectangle { what: "pr
R1PROBE ordinary-negx d=0.95 | a∪b | OK SOUND t2=true t3p=true cert=true operand=true v=4.237662294 want=4.237662294 | F3 E5 V4 S1 sph[r1:2,r0.3:1] mesh=ERR UnsupportedCurvedShape { face: FaceKey(1v1), source: NotIsoRectangle { what: "pr
R1PROBE nonpar r=0.3 c=0.000,0.000,0.950 turn=z90 | b∖a | OK SOUND t2=true t3p=true cert=true operand=true v=0.048872090 want=0.048872090 | F2 E1 V1 S1 sph[r0.3:1,r1:1] mesh=ERR UnsupportedCurvedShape { face: FaceKey(1v1), source: NotIsoRectangle { what: "pr
R1PROBE ordinary-negx d=0.95 | b∪a | OK SOUND t2=true t3p=true cert=true operand=true v=4.237662294 want=4.237662294 | F3 E5 V4 S1 sph[r0.3:1,r1:2] mesh=ERR UnsupportedCurvedShape { face: FaceKey(1v1), source: NotIsoRectangle { what: "pr
R1PROBE nonpar r=0.3 c=0.000,0.000,0.950 turn=z90 | a∩b | OK SOUND t2=true t3p=true cert=true operand=true v=0.064225246 want=0.064225246 | F4 E6 V4 S1 sph[r0.3:3,r1:1] mesh=ERR UnsupportedCurvedShape { face: FaceKey(2v3), source: NotIsoRectangle { what: "pr
R1PROBE census both-seams off | a∪b | OK SOUND t2=true t3p=true cert=true operand=true v=4.238019163 want=4.238019163 | F4 E6 V4 S1 sph[r1:2,r0.3:2] mesh=ERR UnsupportedCurvedShape { face: FaceKey(2v1), source: NotIsoRectangle { what: "pr
R1PROBE ordinary-negx d=0.95 | a∖b | OK SOUND t2=true t3p=true cert=true operand=true v=4.124564959 want=4.124564959 | F4 E8 V6 S1 sph[r1:2,r0.3:2] mesh=ERR UnsupportedCurvedShape { face: FaceKey(1v1), source: NotIsoRectangle { what: "pr
R1PROBE nonpar r=0.3 c=0.000,0.000,0.950 turn=z90 | b∩a | OK SOUND t2=true t3p=true cert=true operand=true v=0.064225246 want=0.064225246 | F4 E6 V4 S1 sph[r0.3:3,r1:1] mesh=ERR UnsupportedCurvedShape { face: FaceKey(3v1), source: NotIsoRectangle { what: "pr
R1PROBE ordinary-negx d=0.95 | b∖a | OK SOUND t2=true t3p=true cert=true operand=true v=0.048872090 want=0.048872090 | F2 E1 V1 S1 sph[r0.3:1,r1:1] mesh=ERR UnsupportedCurvedShape { face: FaceKey(1v1), source: NotIsoRectangle { what: "pr
R1PROBE ordinary-negx d=0.95 | a∩b | OK SOUND t2=true t3p=true cert=true operand=true v=0.064225246 want=0.064225246 | F3 E5 V4 S1 sph[r1:1,r0.3:2] mesh=ERR UnsupportedCurvedShape { face: FaceKey(2v1), source: NotIsoRectangle { what: "pr
R1PROBE census both-seams off | b∪a | OK SOUND t2=true t3p=true cert=true operand=true v=4.238019163 want=4.238019163 | F4 E6 V4 S1 sph[r0.3:2,r1:2] mesh=ERR UnsupportedCurvedShape { face: FaceKey(1v1), source: NotIsoRectangle { what: "pr
R1PROBE ordinary-negx d=0.95 | b∩a | OK SOUND t2=true t3p=true cert=true operand=true v=0.064225246 want=0.064225246 | F3 E5 V4 S1 sph[r0.3:2,r1:1] mesh=ERR UnsupportedCurvedShape { face: FaceKey(2v1), source: NotIsoRectangle { what: "pr
R1PROBE census both-seams off | a∖b | OK SOUND t2=true t3p=true cert=true operand=true v=4.124921827 want=4.124921827 | F4 E6 V4 S1 sph[r1:2,r0.3:2] mesh=ERR UnsupportedCurvedShape { face: FaceKey(2v1), source: NotIsoRectangle { what: "pr
R1PROBE census both-seams off | b∖a | OK SOUND t2=true t3p=true cert=true operand=true v=0.049228958 want=0.049228958 | F4 E6 V4 S1 sph[r0.3:2,r1:2] mesh=ERR UnsupportedCurvedShape { face: FaceKey(1v1), source: NotIsoRectangle { what: "pr
R1PROBE ordinary-x d=1.1 | a∪b | OK SOUND t2=true t3p=true cert=true operand=true v=4.277135598 want=4.277135598 | F4 E8 V6 S1 sph[r0.3:2,r1:2] mesh=ERR UnsupportedCurvedShape { face: FaceKey(1v3), source: NotIsoRectangle { what: "pr
R1PROBE ordinary-x d=1.1 | b∪a | OK SOUND t2=true t3p=true cert=true operand=true v=4.277135598 want=4.277135598 | F4 E8 V6 S1 sph[r0.3:2,r1:2] mesh=ERR UnsupportedCurvedShape { face: FaceKey(1v1), source: NotIsoRectangle { what: "pr
R1PROBE nonpar r=0.3 c=0.000,0.000,0.950 turn=x45 | a∪b | ERR ResultInvalid { errors: [VolumeUncomputable { solid: SolidKey(1v1), source: RingOnCurvedFace { face: FaceKey(1 | 
R1PROBE nonpar r=0.3 c=0.000,0.000,0.950 turn=x45 | b∪a | ERR ResultInvalid { errors: [VolumeUncomputable { solid: SolidKey(1v1), source: RingOnCurvedFace { face: FaceKey(6 | 
R1PROBE nonpar r=0.3 c=0.000,0.000,0.950 turn=x45 | a∖b | ERR ResultInvalid { errors: [VolumeUncomputable { solid: SolidKey(1v1), source: RingOnCurvedFace { face: FaceKey(1 | 
R1PROBE ordinary-x d=1.1 | a∖b | OK SOUND t2=true t3p=true cert=true operand=true v=4.164038263 want=4.164038263 | F3 E5 V4 S1 sph[r1:2,r0.3:1] mesh=ERR UnsupportedCurvedShape { face: FaceKey(2v1), source: NotIsoRectangle { what: "pr
R1PROBE census both-seams off | a∩b | OK SOUND t2=true t3p=true cert=true operand=true v=0.063868378 want=0.063868378 | F4 E6 V4 S1 sph[r1:2,r0.3:2] mesh=ERR UnsupportedCurvedShape { face: FaceKey(1v1), source: NotIsoRectangle { what: "pr
R1PROBE ordinary-x d=1.1 | b∖a | OK SOUND t2=true t3p=true cert=true operand=true v=0.088345393 want=0.088345393 | F3 E5 V4 S1 sph[r0.3:2,r1:1] mesh=ERR UnsupportedCurvedShape { face: FaceKey(1v1), source: NotIsoRectangle { what: "pr
R1PROBE nonpar r=0.3 c=0.000,0.000,0.950 turn=x45 | b∖a | OK SOUND t2=true t3p=true cert=true operand=true v=0.048872090 want=0.048872090 | F3 E4 V3 S1 sph[r0.3:2,r1:1] mesh=ERR UnsupportedCurvedShape { face: FaceKey(1v1), source: NotIsoRectangle { what: "pr
R1PROBE ordinary-x d=1.1 | a∩b | OK SOUND t2=true t3p=true cert=true operand=true v=0.024751942 want=0.024751942 | F2 E1 V1 S1 sph[r1:1,r0.3:1] mesh=ERR UnsupportedCurvedShape { face: FaceKey(1v1), source: NotIsoRectangle { what: "pr
R1PROBE ordinary-x d=1.1 | b∩a | OK SOUND t2=true t3p=true cert=true operand=true v=0.024751942 want=0.024751942 | F2 E1 V1 S1 sph[r0.3:1,r1:1] mesh=ERR UnsupportedCurvedShape { face: FaceKey(2v1), source: NotIsoRectangle { what: "pr
R1PROBE census both-seams off | b∩a | OK SOUND t2=true t3p=true cert=true operand=true v=0.063868378 want=0.063868378 | F4 E6 V4 S1 sph[r0.3:2,r1:2] mesh=ERR UnsupportedCurvedShape { face: FaceKey(2v1), source: NotIsoRectangle { what: "pr
R1PROBE-SUMMARY census bad=0
test review_sphpair_r1_probes::r1_cut_in_against_both_seams_crossing ... ok
R1PROBE nonpar r=0.3 c=0.000,0.000,0.950 turn=x45 | a∩b | OK SOUND t2=true t3p=true cert=true operand=true v=0.064225246 want=0.064225246 | F3 E4 V3 S1 sph[r0.3:2,r1:1] mesh=ERR UnsupportedCurvedShape { face: FaceKey(2v3), source: NotIsoRectangle { what: "pr
R1PROBE nonpar r=0.3 c=0.000,0.000,0.950 turn=x45 | b∩a | OK SOUND t2=true t3p=true cert=true operand=true v=0.064225246 want=0.064225246 | F3 E4 V3 S1 sph[r0.3:2,r1:1] mesh=ERR UnsupportedCurvedShape { face: FaceKey(2v1), source: NotIsoRectangle { what: "pr
R1PROBE ordinary-negx d=1.1 | a∪b | OK SOUND t2=true t3p=true cert=true operand=true v=4.277135598 want=4.277135598 | F4 E8 V6 S1 sph[r1:2,r0.3:2] mesh=ERR UnsupportedCurvedShape { face: FaceKey(1v1), source: NotIsoRectangle { what: "pr
R1PROBE ordinary-negx d=1.1 | b∪a | OK SOUND t2=true t3p=true cert=true operand=true v=4.277135598 want=4.277135598 | F4 E8 V6 S1 sph[r1:2,r0.3:2] mesh=ERR UnsupportedCurvedShape { face: FaceKey(1v3), source: NotIsoRectangle { what: "pr
R1PROBE ordinary-negx d=1.1 | a∖b | OK SOUND t2=true t3p=true cert=true operand=true v=4.164038263 want=4.164038263 | F3 E5 V4 S1 sph[r1:2,r0.3:1] mesh=ERR UnsupportedCurvedShape { face: FaceKey(1v1), source: NotIsoRectangle { what: "pr
R1PROBE pole=1 theta-alpha=3e-1 | a∪b | OK SOUND t2=true t3p=true cert=true operand=true v=4.295146206 want=4.295146206 | F6 E10 V6 S1 sph[r1:3,r0.3:3] mesh=ERR UnsupportedCurvedShape { face: FaceKey(1v1), source: NotIsoRectangle { what: "pr
R1PROBE ordinary-negx d=1.1 | b∖a | OK SOUND t2=true t3p=true cert=true operand=true v=0.088345393 want=0.088345393 | F3 E5 V4 S1 sph[r0.3:2,r1:1] mesh=ERR UnsupportedCurvedShape { face: FaceKey(2v1), source: NotIsoRectangle { what: "pr
R1PROBE ordinary-negx d=1.1 | a∩b | OK SOUND t2=true t3p=true cert=true operand=true v=0.024751942 want=0.024751942 | F2 E1 V1 S1 sph[r1:1,r0.3:1] mesh=ERR UnsupportedCurvedShape { face: FaceKey(2v1), source: NotIsoRectangle { what: "pr
R1PROBE pole=1 theta-alpha=3e-1 | b∪a | OK SOUND t2=true t3p=true cert=true operand=true v=4.295146206 want=4.295146206 | F6 E10 V6 S1 sph[r0.3:3,r1:3] mesh=ERR UnsupportedCurvedShape { face: FaceKey(1v1), source: NotIsoRectangle { what: "pr
R1PROBE ordinary-negx d=1.1 | b∩a | OK SOUND t2=true t3p=true cert=true operand=true v=0.024751942 want=0.024751942 | F2 E1 V1 S1 sph[r0.3:1,r1:1] mesh=ERR UnsupportedCurvedShape { face: FaceKey(1v1), source: NotIsoRectangle { what: "pr
R1PROBE meshbase ball-minus-slab | a∖b | OK SOUND t2=true t3p=true cert=true operand=true v=3.534291735 want=3.534291735 | F3 E4 V3 S1 sph[r1:2] mesh=ok
R1PROBE-SUMMARY mesh_baseline bad=0
test review_sphpair_r1_probes::r1_mesh_baseline ... ok
R1PROBE pole=1 theta-alpha=3e-1 | a∖b | OK SOUND t2=true t3p=true cert=true operand=true v=4.182048871 want=4.182048871 | F4 E6 V4 S1 sph[r1:3,r0.3:1] mesh=ERR UnsupportedCurvedShape { face: FaceKey(1v1), source: NotIsoRectangle { what: "pr
R1PROBE pole=1 theta-alpha=3e-1 | b∖a | OK SOUND t2=true t3p=true cert=true operand=true v=0.106356001 want=0.106356001 | F4 E6 V4 S1 sph[r0.3:3,r1:1] mesh=ERR UnsupportedCurvedShape { face: FaceKey(1v1), source: NotIsoRectangle { what: "pr
R1PROBE nonpar r=0.3 c=0.000,0.000,0.950 turn=xy60 | a∪b | ERR ResultInvalid { errors: [VolumeUncomputable { solid: SolidKey(1v1), source: RingOnCurvedFace { face: FaceKey(1 | 
R1PROBE nonpar r=0.3 c=0.000,0.000,0.950 turn=xy60 | b∪a | ERR ResultInvalid { errors: [VolumeUncomputable { solid: SolidKey(1v1), source: RingOnCurvedFace { face: FaceKey(6 | 
R1PROBE nonpar r=0.3 c=0.000,0.000,0.950 turn=xy60 | a∖b | ERR ResultInvalid { errors: [VolumeUncomputable { solid: SolidKey(1v1), source: RingOnCurvedFace { face: FaceKey(1 | 
R1PROBE pole=1 theta-alpha=3e-1 | a∩b | OK SOUND t2=true t3p=true cert=true operand=true v=0.006741334 want=0.006741334 | F2 E1 V1 S1 sph[r1:1,r0.3:1] mesh=ERR UnsupportedCurvedShape { face: FaceKey(3v1), source: NotIsoRectangle { what: "pr
R1PROBE pole=1 theta-alpha=3e-1 | b∩a | OK SOUND t2=true t3p=true cert=true operand=true v=0.006741334 want=0.006741334 | F2 E1 V1 S1 sph[r0.3:1,r1:1] mesh=ERR UnsupportedCurvedShape { face: FaceKey(3v1), source: NotIsoRectangle { what: "pr
R1PROBE nonpar r=0.3 c=0.000,0.000,0.950 turn=xy60 | b∖a | OK SOUND t2=true t3p=true cert=true operand=true v=0.048872090 want=0.048872090 | F3 E4 V3 S1 sph[r0.3:2,r1:1] mesh=ERR UnsupportedCurvedShape { face: FaceKey(1v1), source: NotIsoRectangle { what: "pr
R1PROBE nonpar r=0.3 c=0.000,0.000,0.950 turn=xy60 | a∩b | OK SOUND t2=true t3p=true cert=true operand=true v=0.064225246 want=0.064225246 | F3 E4 V3 S1 sph[r0.3:2,r1:1] mesh=ERR UnsupportedCurvedShape { face: FaceKey(2v3), source: NotIsoRectangle { what: "pr
R1PROBE nonpar r=0.3 c=0.000,0.000,0.950 turn=xy60 | b∩a | OK SOUND t2=true t3p=true cert=true operand=true v=0.064225246 want=0.064225246 | F3 E4 V3 S1 sph[r0.3:2,r1:1] mesh=ERR UnsupportedCurvedShape { face: FaceKey(2v1), source: NotIsoRectangle { what: "pr
R1PROBE pole=1 theta-alpha=1e-1 | a∪b | OK SOUND t2=true t3p=true cert=true operand=true v=4.295146206 want=4.295146206 | F6 E10 V6 S1 sph[r1:3,r0.3:3] mesh=ERR UnsupportedCurvedShape { face: FaceKey(1v1), source: NotIsoRectangle { what: "pr
R1PROBE pole=1 theta-alpha=1e-1 | b∪a | OK SOUND t2=true t3p=true cert=true operand=true v=4.295146206 want=4.295146206 | F6 E10 V6 S1 sph[r0.3:3,r1:3] mesh=ERR UnsupportedCurvedShape { face: FaceKey(1v1), source: NotIsoRectangle { what: "pr
R1PROBE coinc r=1 d=1e-2 | a∪b | OK SOUND t2=true t3p=true cert=true operand=true v=4.220205870 want=4.220205870 | F6 E10 V6 S1 sph[r1:3,r1:3] mesh=ERR UnsupportedCurvedShape { face: FaceKey(1v1), source: NotIsoRectangle { what: "pr
R1PROBE nonpar r=0.3 c=0.000,0.000,0.950 turn=xyz110 | a∪b | ERR ResultInvalid { errors: [VolumeUncomputable { solid: SolidKey(1v1), source: RingOnCurvedFace { face: FaceKey(1 | 
R1PROBE nonpar r=0.3 c=0.000,0.000,0.950 turn=xyz110 | b∪a | ERR ResultInvalid { errors: [VolumeUncomputable { solid: SolidKey(1v1), source: RingOnCurvedFace { face: FaceKey(4 | 
R1PROBE nonpar r=0.3 c=0.000,0.000,0.950 turn=xyz110 | a∖b | ERR ResultInvalid { errors: [VolumeUncomputable { solid: SolidKey(1v1), source: RingOnCurvedFace { face: FaceKey(1 | 
R1PROBE pole=1 theta-alpha=1e-1 | a∖b | OK SOUND t2=true t3p=true cert=true operand=true v=4.182048871 want=4.182048871 | F4 E6 V4 S1 sph[r1:3,r0.3:1] mesh=ERR UnsupportedCurvedShape { face: FaceKey(1v1), source: NotIsoRectangle { what: "pr
R1PROBE nonpar r=0.3 c=0.000,0.000,0.950 turn=xyz110 | b∖a | OK SOUND t2=true t3p=true cert=true operand=true v=0.048872090 want=0.048872090 | F3 E4 V3 S1 sph[r0.3:2,r1:1] mesh=ERR UnsupportedCurvedShape { face: FaceKey(2v1), source: NotIsoRectangle { what: "pr
R1PROBE pole=1 theta-alpha=1e-1 | b∖a | OK SOUND t2=true t3p=true cert=true operand=true v=0.106356001 want=0.106356001 | F4 E6 V4 S1 sph[r0.3:3,r1:1] mesh=ERR UnsupportedCurvedShape { face: FaceKey(1v1), source: NotIsoRectangle { what: "pr
R1PROBE coinc r=1 d=1e-2 | b∪a | OK SOUND t2=true t3p=true cert=true operand=true v=4.220205870 want=4.220205870 | F6 E10 V6 S1 sph[r1:3,r1:3] mesh=ERR UnsupportedCurvedShape { face: FaceKey(2v1), source: NotIsoRectangle { what: "pr
R1PROBE nonpar r=0.3 c=0.000,0.000,0.950 turn=xyz110 | a∩b | OK SOUND t2=true t3p=true cert=true operand=true v=0.064225246 want=0.064225246 | F3 E4 V3 S1 sph[r0.3:2,r1:1] mesh=ERR UnsupportedCurvedShape { face: FaceKey(2v3), source: NotIsoRectangle { what: "pr
R1PROBE pole=1 theta-alpha=1e-1 | a∩b | OK SOUND t2=true t3p=true cert=true operand=true v=0.006741334 want=0.006741334 | F2 E1 V1 S1 sph[r1:1,r0.3:1] mesh=ERR UnsupportedCurvedShape { face: FaceKey(3v1), source: NotIsoRectangle { what: "pr
R1PROBE pole=1 theta-alpha=1e-1 | b∩a | OK SOUND t2=true t3p=true cert=true operand=true v=0.006741334 want=0.006741334 | F2 E1 V1 S1 sph[r0.3:1,r1:1] mesh=ERR UnsupportedCurvedShape { face: FaceKey(3v1), source: NotIsoRectangle { what: "pr
R1PROBE nonpar r=0.3 c=0.000,0.000,0.950 turn=xyz110 | b∩a | OK SOUND t2=true t3p=true cert=true operand=true v=0.064225246 want=0.064225246 | F3 E4 V3 S1 sph[r0.3:2,r1:1] mesh=ERR UnsupportedCurvedShape { face: FaceKey(1v1), source: NotIsoRectangle { what: "pr
R1PROBE coinc r=1 d=1e-2 | a∖b | OK SOUND t2=true t3p=true cert=true operand=true v=0.031415665 want=0.031415665 | F4 E6 V4 S1 sph[r1:3,r1:1] mesh=ERR UnsupportedCurvedShape { face: FaceKey(1v1), source: NotIsoRectangle { what: "pr
R1PROBE coinc r=1 d=1e-2 | b∖a | OK SOUND t2=true t3p=true cert=true operand=true v=0.031415665 want=0.031415665 | F4 E6 V4 S1 sph[r1:3,r1:1] mesh=ERR UnsupportedCurvedShape { face: FaceKey(2v1), source: NotIsoRectangle { what: "pr
R1PROBE nonpar r=0.3 c=0.000,0.300,0.901 turn=z30 | a∪b | ERR ResultInvalid { errors: [VolumeUncomputable { solid: SolidKey(1v1), source: RingOnCurvedFace { face: FaceKey(1 | 
R1PROBE nonpar r=0.3 c=0.000,0.300,0.901 turn=z30 | b∪a | ERR ResultInvalid { errors: [VolumeUncomputable { solid: SolidKey(1v1), source: RingOnCurvedFace { face: FaceKey(6 | 
R1PROBE nonpar r=0.3 c=0.000,0.300,0.901 turn=z30 | a∖b | ERR ResultInvalid { errors: [VolumeUncomputable { solid: SolidKey(1v1), source: RingOnCurvedFace { face: FaceKey(1 | 
R1PROBE coinc r=1 d=1e-2 | a∩b | OK SOUND t2=true t3p=true cert=true operand=true v=4.157374540 want=4.157374540 | F2 E1 V1 S1 sph[r1:1,r1:1] mesh=ERR UnsupportedCurvedShape { face: FaceKey(3v1), source: NotIsoRectangle { what: "pr
R1PROBE nonpar r=0.3 c=0.000,0.300,0.901 turn=z30 | b∖a | OK SOUND t2=true t3p=true cert=true operand=true v=0.048872090 want=0.048872090 | F3 E4 V3 S1 sph[r0.3:2,r1:1] mesh=ERR UnsupportedCurvedShape { face: FaceKey(1v1), source: NotIsoRectangle { what: "pr
R1PROBE coinc r=1 d=1e-2 | b∩a | OK SOUND t2=true t3p=true cert=true operand=true v=4.157374540 want=4.157374540 | F2 E1 V1 S1 sph[r1:1,r1:1] mesh=ERR UnsupportedCurvedShape { face: FaceKey(3v1), source: NotIsoRectangle { what: "pr
R1PROBE nonpar r=0.3 c=0.000,0.300,0.901 turn=z30 | a∩b | OK SOUND t2=true t3p=true cert=true operand=true v=0.064225246 want=0.064225246 | F3 E4 V3 S1 sph[r0.3:2,r1:1] mesh=ERR UnsupportedCurvedShape { face: FaceKey(2v3), source: NotIsoRectangle { what: "pr
R1PROBE nonpar r=0.3 c=0.000,0.300,0.901 turn=z30 | b∩a | OK SOUND t2=true t3p=true cert=true operand=true v=0.064225246 want=0.064225246 | F3 E4 V3 S1 sph[r0.3:2,r1:1] mesh=ERR UnsupportedCurvedShape { face: FaceKey(2v1), source: NotIsoRectangle { what: "pr
R1PROBE pole=1 theta-alpha=1e-3 | a∪b | OK SOUND t2=true t3p=true cert=true operand=true v=4.295146206 want=4.295146206 | F6 E10 V6 S1 sph[r1:3,r0.3:3] mesh=ERR UnsupportedCurvedShape { face: FaceKey(1v1), source: NotIsoRectangle { what: "pr
R1PROBE pole=1 theta-alpha=1e-3 | b∪a | OK SOUND t2=true t3p=true cert=true operand=true v=4.295146206 want=4.295146206 | F6 E10 V6 S1 sph[r0.3:3,r1:3] mesh=ERR UnsupportedCurvedShape { face: FaceKey(1v1), source: NotIsoRectangle { what: "pr
R1PROBE pole=1 theta-alpha=1e-3 | a∖b | OK SOUND t2=true t3p=true cert=true operand=true v=4.182048871 want=4.182048871 | F4 E6 V4 S1 sph[r1:3,r0.3:1] mesh=ERR UnsupportedCurvedShape { face: FaceKey(1v1), source: NotIsoRectangle { what: "pr
R1PROBE pole=1 theta-alpha=1e-3 | b∖a | OK SOUND t2=true t3p=true cert=true operand=true v=0.106356001 want=0.106356001 | F4 E6 V4 S1 sph[r0.3:3,r1:1] mesh=ERR UnsupportedCurvedShape { face: FaceKey(1v1), source: NotIsoRectangle { what: "pr
R1PROBE nonpar r=0.3 c=0.000,0.300,0.901 turn=z90 | a∪b | ERR ResultInvalid { errors: [VolumeUncomputable { solid: SolidKey(1v1), source: RingOnCurvedFace { face: FaceKey(1 | 
R1PROBE nonpar r=0.3 c=0.000,0.300,0.901 turn=z90 | b∪a | ERR ResultInvalid { errors: [VolumeUncomputable { solid: SolidKey(1v1), source: RingOnCurvedFace { face: FaceKey(4 | 
R1PROBE nonpar r=0.3 c=0.000,0.300,0.901 turn=z90 | a∖b | ERR ResultInvalid { errors: [VolumeUncomputable { solid: SolidKey(1v1), source: RingOnCurvedFace { face: FaceKey(1 | 
R1PROBE pole=1 theta-alpha=1e-3 | a∩b | OK SOUND t2=true t3p=true cert=true operand=true v=0.006741334 want=0.006741334 | F2 E1 V1 S1 sph[r1:1,r0.3:1] mesh=ERR UnsupportedCurvedShape { face: FaceKey(3v1), source: NotIsoRectangle { what: "pr
R1PROBE nonpar r=0.3 c=0.000,0.300,0.901 turn=z90 | b∖a | OK SOUND t2=true t3p=true cert=true operand=true v=0.048872090 want=0.048872090 | F2 E1 V1 S1 sph[r0.3:1,r1:1] mesh=ERR UnsupportedCurvedShape { face: FaceKey(2v1), source: NotIsoRectangle { what: "pr
R1PROBE pole=1 theta-alpha=1e-3 | b∩a | OK SOUND t2=true t3p=true cert=true operand=true v=0.006741334 want=0.006741334 | F2 E1 V1 S1 sph[r0.3:1,r1:1] mesh=ERR UnsupportedCurvedShape { face: FaceKey(3v1), source: NotIsoRectangle { what: "pr
R1PROBE pole=1 theta-alpha=1e-5 | a∪b | ERR FallbackExtentUnsupported { operand: A, face: FaceKey(1v1), what: "the sphere face's boundary meets the cut's  | 
R1PROBE pole=1 theta-alpha=1e-5 | b∪a | ERR FallbackExtentUnsupported { operand: B, face: FaceKey(1v1), what: "the sphere face's boundary meets the cut's  | 
R1PROBE pole=1 theta-alpha=1e-5 | a∖b | ERR FallbackExtentUnsupported { operand: A, face: FaceKey(1v1), what: "the sphere face's boundary meets the cut's  | 
R1PROBE pole=1 theta-alpha=1e-5 | b∖a | ERR FallbackExtentUnsupported { operand: B, face: FaceKey(1v1), what: "the sphere face's boundary meets the cut's  | 
R1PROBE pole=1 theta-alpha=1e-5 | a∩b | ERR FallbackExtentUnsupported { operand: A, face: FaceKey(1v1), what: "the sphere face's boundary meets the cut's  | 
R1PROBE pole=1 theta-alpha=1e-5 | b∩a | ERR FallbackExtentUnsupported { operand: B, face: FaceKey(1v1), what: "the sphere face's boundary meets the cut's  | 
R1PROBE pole=1 theta-alpha=1e-7 | a∪b | ERR FallbackExtentUnsupported { operand: A, face: FaceKey(1v1), what: "the sphere face's boundary meets the cut's  | 
R1PROBE pole=1 theta-alpha=1e-7 | b∪a | ERR FallbackExtentUnsupported { operand: B, face: FaceKey(1v1), what: "the sphere face's boundary meets the cut's  | 
R1PROBE pole=1 theta-alpha=1e-7 | a∖b | ERR FallbackExtentUnsupported { operand: A, face: FaceKey(1v1), what: "the sphere face's boundary meets the cut's  | 
R1PROBE pole=1 theta-alpha=1e-7 | b∖a | ERR FallbackExtentUnsupported { operand: B, face: FaceKey(1v1), what: "the sphere face's boundary meets the cut's  | 
R1PROBE pole=1 theta-alpha=1e-7 | a∩b | ERR FallbackExtentUnsupported { operand: A, face: FaceKey(1v1), what: "the sphere face's boundary meets the cut's  | 
R1PROBE pole=1 theta-alpha=1e-7 | b∩a | ERR FallbackExtentUnsupported { operand: B, face: FaceKey(1v1), what: "the sphere face's boundary meets the cut's  | 
R1PROBE pole=1 theta-alpha=1e-9 | a∪b | ERR CurvedPierceUnsupported { operand: A, face: FaceKey(1v1), edge: EdgeKey(1v1), band: Band { zero: 1e-9, escalat | 
R1PROBE pole=1 theta-alpha=1e-9 | b∪a | ERR CurvedPierceUnsupported { operand: B, face: FaceKey(1v1), edge: EdgeKey(1v1), band: Band { zero: 1e-9, escalat | 
R1PROBE pole=1 theta-alpha=1e-9 | a∖b | ERR CurvedPierceUnsupported { operand: A, face: FaceKey(1v1), edge: EdgeKey(1v1), band: Band { zero: 1e-9, escalat | 
R1PROBE pole=1 theta-alpha=1e-9 | b∖a | ERR CurvedPierceUnsupported { operand: B, face: FaceKey(1v1), edge: EdgeKey(1v1), band: Band { zero: 1e-9, escalat | 
R1PROBE pole=1 theta-alpha=1e-9 | a∩b | ERR CurvedPierceUnsupported { operand: A, face: FaceKey(1v1), edge: EdgeKey(1v1), band: Band { zero: 1e-9, escalat | 
R1PROBE pole=1 theta-alpha=1e-9 | b∩a | ERR CurvedPierceUnsupported { operand: B, face: FaceKey(1v1), edge: EdgeKey(1v1), band: Band { zero: 1e-9, escalat | 
R1PROBE pole=1 theta-alpha=1e-11 | a∪b | ERR CurvedPierceUnsupported { operand: A, face: FaceKey(1v1), edge: EdgeKey(1v1), band: Band { zero: 1e-9, escalat | 
R1PROBE pole=1 theta-alpha=1e-11 | b∪a | ERR CurvedPierceUnsupported { operand: B, face: FaceKey(1v1), edge: EdgeKey(1v1), band: Band { zero: 1e-9, escalat | 
R1PROBE pole=1 theta-alpha=1e-11 | a∖b | ERR CurvedPierceUnsupported { operand: A, face: FaceKey(1v1), edge: EdgeKey(1v1), band: Band { zero: 1e-9, escalat | 
R1PROBE pole=1 theta-alpha=1e-11 | b∖a | ERR CurvedPierceUnsupported { operand: B, face: FaceKey(1v1), edge: EdgeKey(1v1), band: Band { zero: 1e-9, escalat | 
R1PROBE pole=1 theta-alpha=1e-11 | a∩b | ERR CurvedPierceUnsupported { operand: A, face: FaceKey(1v1), edge: EdgeKey(1v1), band: Band { zero: 1e-9, escalat | 
R1PROBE pole=1 theta-alpha=1e-11 | b∩a | ERR CurvedPierceUnsupported { operand: B, face: FaceKey(1v1), edge: EdgeKey(1v1), band: Band { zero: 1e-9, escalat | 
R1PROBE pole=1 theta-alpha=-1e-11 | a∪b | ERR CurvedPierceUnsupported { operand: A, face: FaceKey(1v1), edge: EdgeKey(1v1), band: Band { zero: 1e-9, escalat | 
R1PROBE pole=1 theta-alpha=-1e-11 | b∪a | ERR CurvedPierceUnsupported { operand: B, face: FaceKey(1v1), edge: EdgeKey(1v1), band: Band { zero: 1e-9, escalat | 
R1PROBE pole=1 theta-alpha=-1e-11 | a∖b | ERR CurvedPierceUnsupported { operand: A, face: FaceKey(1v1), edge: EdgeKey(1v1), band: Band { zero: 1e-9, escalat | 
R1PROBE pole=1 theta-alpha=-1e-11 | b∖a | ERR CurvedPierceUnsupported { operand: B, face: FaceKey(1v1), edge: EdgeKey(1v1), band: Band { zero: 1e-9, escalat | 
R1PROBE pole=1 theta-alpha=-1e-11 | a∩b | ERR CurvedPierceUnsupported { operand: A, face: FaceKey(1v1), edge: EdgeKey(1v1), band: Band { zero: 1e-9, escalat | 
R1PROBE pole=1 theta-alpha=-1e-11 | b∩a | ERR CurvedPierceUnsupported { operand: B, face: FaceKey(1v1), edge: EdgeKey(1v1), band: Band { zero: 1e-9, escalat | 
R1PROBE pole=1 theta-alpha=-1e-9 | a∪b | ERR CurvedPierceUnsupported { operand: A, face: FaceKey(1v1), edge: EdgeKey(1v1), band: Band { zero: 1e-9, escalat | 
R1PROBE pole=1 theta-alpha=-1e-9 | b∪a | ERR CurvedPierceUnsupported { operand: B, face: FaceKey(1v1), edge: EdgeKey(1v1), band: Band { zero: 1e-9, escalat | 
R1PROBE pole=1 theta-alpha=-1e-9 | a∖b | ERR CurvedPierceUnsupported { operand: A, face: FaceKey(1v1), edge: EdgeKey(1v1), band: Band { zero: 1e-9, escalat | 
R1PROBE pole=1 theta-alpha=-1e-9 | b∖a | ERR CurvedPierceUnsupported { operand: B, face: FaceKey(1v1), edge: EdgeKey(1v1), band: Band { zero: 1e-9, escalat | 
R1PROBE pole=1 theta-alpha=-1e-9 | a∩b | ERR CurvedPierceUnsupported { operand: A, face: FaceKey(1v1), edge: EdgeKey(1v1), band: Band { zero: 1e-9, escalat | 
R1PROBE pole=1 theta-alpha=-1e-9 | b∩a | ERR CurvedPierceUnsupported { operand: B, face: FaceKey(1v1), edge: EdgeKey(1v1), band: Band { zero: 1e-9, escalat | 
R1PROBE nonpar r=0.3 c=0.000,0.300,0.901 turn=z90 | a∩b | OK SOUND t2=true t3p=true cert=true operand=true v=0.064225246 want=0.064225246 | F3 E5 V4 S1 sph[r0.3:2,r1:1] mesh=ERR UnsupportedCurvedShape { face: FaceKey(2v3), source: NotIsoRectangle { what: "pr
R1PROBE nonpar r=0.3 c=0.000,0.300,0.901 turn=z90 | b∩a | OK SOUND t2=true t3p=true cert=true operand=true v=0.064225246 want=0.064225246 | F3 E5 V4 S1 sph[r0.3:2,r1:1] mesh=ERR UnsupportedCurvedShape { face: FaceKey(1v1), source: NotIsoRectangle { what: "pr
R1PROBE coinc r=1 d=1e-3 | a∪b | OK SOUND t2=true t3p=true cert=true operand=true v=4.191931797 want=4.191931797 | F6 E10 V6 S1 sph[r1:3,r1:3] mesh=ERR UnsupportedCurvedShape { face: FaceKey(1v1), source: NotIsoRectangle { what: "pr
R1PROBE pole=1 theta-alpha=-1e-7 | a∪b | ERR ResultInvalid { errors: [VolumeUncomputable { solid: SolidKey(1v1), source: RingOnCurvedFace { face: FaceKey(4 | 
R1PROBE pole=1 theta-alpha=-1e-7 | b∪a | ERR ResultInvalid { errors: [VolumeUncomputable { solid: SolidKey(1v1), source: RingOnCurvedFace { face: FaceKey(1 | 
R1PROBE pole=1 theta-alpha=-1e-7 | a∖b | OK SOUND t2=true t3p=true cert=true operand=true v=4.182048871 want=4.182048871 | F3 E4 V3 S1 sph[r1:2,r0.3:1] mesh=ERR UnsupportedCurvedShape { face: FaceKey(2v1), source: NotIsoRectangle { what: "pr
R1PROBE pole=1 theta-alpha=-1e-7 | b∖a | ERR ResultInvalid { errors: [VolumeUncomputable { solid: SolidKey(1v1), source: RingOnCurvedFace { face: FaceKey(1 | 
R1PROBE pole=1 theta-alpha=-1e-7 | a∩b | ERR ResultInvalid { errors: [VolumeUncomputable { solid: SolidKey(1v1), source: Face { face: FaceKey(3v1), source: | 
R1PROBE pole=1 theta-alpha=-1e-7 | b∩a | ERR ResultInvalid { errors: [VolumeUncomputable { solid: SolidKey(1v1), source: Face { face: FaceKey(2v3), source: | 
R1PROBE coinc r=1 d=1e-3 | b∪a | OK SOUND t2=true t3p=true cert=true operand=true v=4.191931797 want=4.191931797 | F6 E10 V6 S1 sph[r1:3,r1:3] mesh=ERR UnsupportedCurvedShape { face: FaceKey(2v1), source: NotIsoRectangle { what: "pr
R1PROBE nonpar r=0.3 c=0.000,0.300,0.901 turn=x45 | a∪b | ERR ResultInvalid { errors: [VolumeUncomputable { solid: SolidKey(1v1), source: RingOnCurvedFace { face: FaceKey(1 | 
R1PROBE nonpar r=0.3 c=0.000,0.300,0.901 turn=x45 | b∪a | ERR ResultInvalid { errors: [VolumeUncomputable { solid: SolidKey(1v1), source: RingOnCurvedFace { face: FaceKey(6 | 
R1PROBE nonpar r=0.3 c=0.000,0.300,0.901 turn=x45 | a∖b | ERR ResultInvalid { errors: [VolumeUncomputable { solid: SolidKey(1v1), source: RingOnCurvedFace { face: FaceKey(1 | 
R1PROBE interval plain eps=1e-9 | a∪b | OK SOUND t3=true v=[4.237662294450,4.237662294450] want=4.237662294450
R1PROBE coinc r=1 d=1e-3 | a∖b | OK SOUND t2=true t3p=true cert=true operand=true v=0.003141592 want=0.003141592 | F4 E6 V4 S1 sph[r1:3,r1:1] mesh=ERR UnsupportedCurvedShape { face: FaceKey(1v1), source: NotIsoRectangle { what: "pr
R1PROBE nonpar r=0.3 c=0.000,0.300,0.901 turn=x45 | b∖a | OK SOUND t2=true t3p=true cert=true operand=true v=0.048872090 want=0.048872090 | F3 E4 V3 S1 sph[r0.3:2,r1:1] mesh=ERR UnsupportedCurvedShape { face: FaceKey(1v1), source: NotIsoRectangle { what: "pr
R1PROBE coinc r=1 d=1e-3 | b∖a | OK SOUND t2=true t3p=true cert=true operand=true v=0.003141592 want=0.003141592 | F4 E6 V4 S1 sph[r1:3,r1:1] mesh=ERR UnsupportedCurvedShape { face: FaceKey(2v1), source: NotIsoRectangle { what: "pr
R1PROBE nonpar r=0.3 c=0.000,0.300,0.901 turn=x45 | a∩b | OK SOUND t2=true t3p=true cert=true operand=true v=0.064225246 want=0.064225246 | F3 E4 V3 S1 sph[r0.3:2,r1:1] mesh=ERR UnsupportedCurvedShape { face: FaceKey(2v3), source: NotIsoRectangle { what: "pr
R1PROBE coinc r=1 d=1e-3 | a∩b | OK SOUND t2=true t3p=true cert=true operand=true v=4.185648612 want=4.185648612 | F2 E1 V1 S1 sph[r1:1,r1:1] mesh=ERR UnsupportedCurvedShape { face: FaceKey(3v1), source: NotIsoRectangle { what: "pr
R1PROBE interval plain eps=1e-9 | b∪a | OK SOUND t3=true v=[4.237662294450,4.237662294450] want=4.237662294450
R1PROBE nonpar r=0.3 c=0.000,0.300,0.901 turn=x45 | b∩a | OK SOUND t2=true t3p=true cert=true operand=true v=0.064225246 want=0.064225246 | F3 E4 V3 S1 sph[r0.3:2,r1:1] mesh=ERR UnsupportedCurvedShape { face: FaceKey(2v1), source: NotIsoRectangle { what: "pr
R1PROBE pole=1 theta-alpha=-1e-5 | a∪b | ERR ResultInvalid { errors: [VolumeUncomputable { solid: SolidKey(1v1), source: RingOnCurvedFace { face: FaceKey(4 | 
R1PROBE pole=1 theta-alpha=-1e-5 | b∪a | ERR ResultInvalid { errors: [VolumeUncomputable { solid: SolidKey(1v1), source: RingOnCurvedFace { face: FaceKey(1 | 
R1PROBE coinc r=1 d=1e-3 | b∩a | OK SOUND t2=true t3p=true cert=true operand=true v=4.185648612 want=4.185648612 | F2 E1 V1 S1 sph[r1:1,r1:1] mesh=ERR UnsupportedCurvedShape { face: FaceKey(3v1), source: NotIsoRectangle { what: "pr
R1PROBE coinc r=1 d=1e-4 | a∪b | ERR Escalated { decision: Coincidence(VertexOnCurvedFace, Moot), diag: Indeterminate { margin: MarginDiag(Value(4. | 
R1PROBE coinc r=1 d=1e-4 | b∪a | ERR Escalated { decision: Coincidence(VertexOnCurvedFace, Moot), diag: Indeterminate { margin: MarginDiag(Value(4. | 
R1PROBE coinc r=1 d=1e-4 | a∖b | ERR Escalated { decision: Coincidence(VertexOnCurvedFace, Moot), diag: Indeterminate { margin: MarginDiag(Value(4. | 
R1PROBE coinc r=1 d=1e-4 | b∖a | ERR Escalated { decision: Coincidence(VertexOnCurvedFace, Moot), diag: Indeterminate { margin: MarginDiag(Value(4. | 
R1PROBE coinc r=1 d=1e-4 | a∩b | ERR Escalated { decision: Coincidence(VertexOnCurvedFace, Moot), diag: Indeterminate { margin: MarginDiag(Value(4. | 
R1PROBE coinc r=1 d=1e-4 | b∩a | ERR Escalated { decision: Coincidence(VertexOnCurvedFace, Moot), diag: Indeterminate { margin: MarginDiag(Value(4. | 
R1PROBE coinc r=1 d=1e-5 | a∪b | ERR CurvedSectorSideUnsupported { verdict: Zero(Classified { margin: MarginDiag(Value(2.5000000000000004e-11, None | 
R1PROBE coinc r=1 d=1e-5 | b∪a | ERR CurvedSectorSideUnsupported { verdict: Zero(Classified { margin: MarginDiag(Value(2.5000000000000004e-11, None | 
R1PROBE coinc r=1 d=1e-5 | a∖b | ERR CurvedSectorSideUnsupported { verdict: Zero(Classified { margin: MarginDiag(Value(2.5000000000000004e-11, None | 
R1PROBE coinc r=1 d=1e-5 | b∖a | ERR CurvedSectorSideUnsupported { verdict: Zero(Classified { margin: MarginDiag(Value(2.5000000000000004e-11, None | 
R1PROBE coinc r=1 d=1e-5 | a∩b | ERR CurvedSectorSideUnsupported { verdict: Zero(Classified { margin: MarginDiag(Value(2.5000000000000004e-11, None | 
R1PROBE coinc r=1 d=1e-5 | b∩a | ERR CurvedSectorSideUnsupported { verdict: Zero(Classified { margin: MarginDiag(Value(2.5000000000000004e-11, None | 
R1PROBE pole=1 theta-alpha=-1e-5 | a∖b | OK SOUND t2=true t3p=true cert=true operand=true v=4.182048871 want=4.182048871 | F3 E4 V3 S1 sph[r1:2,r0.3:1] mesh=ERR UnsupportedCurvedShape { face: FaceKey(2v1), source: NotIsoRectangle { what: "pr
R1PROBE pole=1 theta-alpha=-1e-5 | b∖a | ERR ResultInvalid { errors: [VolumeUncomputable { solid: SolidKey(1v1), source: RingOnCurvedFace { face: FaceKey(1 | 
R1PROBE pole=1 theta-alpha=-1e-5 | a∩b | OK SOUND t2=true t3p=true cert=true operand=true v=0.006741334 want=0.006741334 | F3 E4 V3 S1 sph[r1:2,r0.3:1] mesh=ERR UnsupportedCurvedShape { face: FaceKey(1v1), source: NotIsoRectangle { what: "pr
R1PROBE interval plain eps=1e-9 | a∖b | OK SOUND t3=true v=[4.124564958920,4.124564958920] want=4.124564958920
R1PROBE pole=1 theta-alpha=-1e-5 | b∩a | OK SOUND t2=true t3p=true cert=true operand=true v=0.006741334 want=0.006741334 | F3 E4 V3 S1 sph[r1:2,r0.3:1] mesh=ERR UnsupportedCurvedShape { face: FaceKey(2v3), source: NotIsoRectangle { what: "pr
R1PROBE interval plain eps=1e-9 | b∖a | OK SOUND t3=true v=[0.048872089663,0.048872089663] want=0.048872089663
R1PROBE nonpar r=0.3 c=0.000,0.300,0.901 turn=xy60 | a∪b | ERR ResultInvalid { errors: [VolumeUncomputable { solid: SolidKey(1v1), source: RingOnCurvedFace { face: FaceKey(1 | 
R1PROBE nonpar r=0.3 c=0.000,0.300,0.901 turn=xy60 | b∪a | ERR ResultInvalid { errors: [VolumeUncomputable { solid: SolidKey(1v1), source: RingOnCurvedFace { face: FaceKey(6 | 
R1PROBE nonpar r=0.3 c=0.000,0.300,0.901 turn=xy60 | a∖b | ERR ResultInvalid { errors: [VolumeUncomputable { solid: SolidKey(1v1), source: RingOnCurvedFace { face: FaceKey(1 | 
R1PROBE nonpar r=0.3 c=0.000,0.300,0.901 turn=xy60 | b∖a | OK SOUND t2=true t3p=true cert=true operand=true v=0.048872090 want=0.048872090 | F3 E4 V3 S1 sph[r0.3:2,r1:1] mesh=ERR UnsupportedCurvedShape { face: FaceKey(1v1), source: NotIsoRectangle { what: "pr
R1PROBE coinc r=1.0000001 d=1e-2 | a∪b | OK SOUND t2=true t3p=true cert=true operand=true v=4.220206501 want=4.220206501 | F6 E10 V6 S1 sph[r1:3,r1:3] mesh=ERR UnsupportedCurvedShape { face: FaceKey(1v1), source: NotIsoRectangle { what: "pr
R1PROBE interval plain eps=1e-9 | a∩b | OK SOUND t3=true v=[0.064225245866,0.064225245866] want=0.064225245866
R1PROBE nonpar r=0.3 c=0.000,0.300,0.901 turn=xy60 | a∩b | OK SOUND t2=true t3p=true cert=true operand=true v=0.064225246 want=0.064225246 | F3 E4 V3 S1 sph[r0.3:2,r1:1] mesh=ERR UnsupportedCurvedShape { face: FaceKey(2v3), source: NotIsoRectangle { what: "pr
R1PROBE coinc r=1.0000001 d=1e-2 | b∪a | OK SOUND t2=true t3p=true cert=true operand=true v=4.220206501 want=4.220206501 | F6 E10 V6 S1 sph[r1:3,r1:3] mesh=ERR UnsupportedCurvedShape { face: FaceKey(2v1), source: NotIsoRectangle { what: "pr
R1PROBE pole=1 theta-alpha=-1e-3 | a∪b | ERR ResultInvalid { errors: [VolumeUncomputable { solid: SolidKey(1v1), source: RingOnCurvedFace { face: FaceKey(4 | 
R1PROBE pole=1 theta-alpha=-1e-3 | b∪a | ERR ResultInvalid { errors: [VolumeUncomputable { solid: SolidKey(1v1), source: RingOnCurvedFace { face: FaceKey(1 | 
R1PROBE nonpar r=0.3 c=0.000,0.300,0.901 turn=xy60 | b∩a | OK SOUND t2=true t3p=true cert=true operand=true v=0.064225246 want=0.064225246 | F3 E4 V3 S1 sph[r0.3:2,r1:1] mesh=ERR UnsupportedCurvedShape { face: FaceKey(2v1), source: NotIsoRectangle { what: "pr
R1PROBE coinc r=1.0000001 d=1e-2 | a∖b | OK SOUND t2=true t3p=true cert=true operand=true v=0.031415040 want=0.031415040 | F4 E6 V4 S1 sph[r1:3,r1:1] mesh=ERR UnsupportedCurvedShape { face: FaceKey(1v1), source: NotIsoRectangle { what: "pr
R1PROBE interval plain eps=1e-9 | b∩a | OK SOUND t3=true v=[0.064225245866,0.064225245866] want=0.064225245866
R1PROBE pole=1 theta-alpha=-1e-3 | a∖b | OK SOUND t2=true t3p=true cert=true operand=true v=4.182048871 want=4.182048871 | F3 E4 V3 S1 sph[r1:2,r0.3:1] mesh=ERR UnsupportedCurvedShape { face: FaceKey(2v1), source: NotIsoRectangle { what: "pr
R1PROBE pole=1 theta-alpha=-1e-3 | b∖a | ERR ResultInvalid { errors: [VolumeUncomputable { solid: SolidKey(1v1), source: RingOnCurvedFace { face: FaceKey(1 | 
R1PROBE coinc r=1.0000001 d=1e-2 | b∖a | OK SOUND t2=true t3p=true cert=true operand=true v=0.031416296 want=0.031416296 | F4 E6 V4 S1 sph[r1:3,r1:1] mesh=ERR UnsupportedCurvedShape { face: FaceKey(2v1), source: NotIsoRectangle { what: "pr
R1PROBE pole=1 theta-alpha=-1e-3 | a∩b | OK SOUND t2=true t3p=true cert=true operand=true v=0.006741334 want=0.006741334 | F3 E4 V3 S1 sph[r1:2,r0.3:1] mesh=ERR UnsupportedCurvedShape { face: FaceKey(1v1), source: NotIsoRectangle { what: "pr
R1PROBE coinc r=1.0000001 d=1e-2 | a∩b | OK SOUND t2=true t3p=true cert=true operand=true v=4.157375165 want=4.157375165 | F2 E1 V1 S1 sph[r1:1,r1:1] mesh=ERR UnsupportedCurvedShape { face: FaceKey(3v1), source: NotIsoRectangle { what: "pr
R1PROBE nonpar r=0.3 c=0.000,0.300,0.901 turn=xyz110 | a∪b | ERR ResultInvalid { errors: [VolumeUncomputable { solid: SolidKey(1v1), source: RingOnCurvedFace { face: FaceKey(1 | 
R1PROBE nonpar r=0.3 c=0.000,0.300,0.901 turn=xyz110 | b∪a | ERR ResultInvalid { errors: [VolumeUncomputable { solid: SolidKey(1v1), source: RingOnCurvedFace { face: FaceKey(4 | 
R1PROBE nonpar r=0.3 c=0.000,0.300,0.901 turn=xyz110 | a∖b | ERR ResultInvalid { errors: [VolumeUncomputable { solid: SolidKey(1v1), source: RingOnCurvedFace { face: FaceKey(1 | 
R1PROBE pole=1 theta-alpha=-1e-3 | b∩a | OK SOUND t2=true t3p=true cert=true operand=true v=0.006741334 want=0.006741334 | F3 E4 V3 S1 sph[r1:2,r0.3:1] mesh=ERR UnsupportedCurvedShape { face: FaceKey(2v3), source: NotIsoRectangle { what: "pr
R1PROBE nonpar r=0.3 c=0.000,0.300,0.901 turn=xyz110 | b∖a | OK SOUND t2=true t3p=true cert=true operand=true v=0.048872090 want=0.048872090 | F3 E4 V3 S1 sph[r0.3:2,r1:1] mesh=ERR UnsupportedCurvedShape { face: FaceKey(2v1), source: NotIsoRectangle { what: "pr
R1PROBE coinc r=1.0000001 d=1e-2 | b∩a | OK SOUND t2=true t3p=true cert=true operand=true v=4.157375165 want=4.157375165 | F2 E1 V1 S1 sph[r1:1,r1:1] mesh=ERR UnsupportedCurvedShape { face: FaceKey(3v1), source: NotIsoRectangle { what: "pr
R1PROBE nonpar r=0.3 c=0.000,0.300,0.901 turn=xyz110 | a∩b | OK SOUND t2=true t3p=true cert=true operand=true v=0.064225246 want=0.064225246 | F3 E4 V3 S1 sph[r0.3:2,r1:1] mesh=ERR UnsupportedCurvedShape { face: FaceKey(2v3), source: NotIsoRectangle { what: "pr
R1PROBE nonpar r=0.3 c=0.000,0.300,0.901 turn=xyz110 | b∩a | OK SOUND t2=true t3p=true cert=true operand=true v=0.064225246 want=0.064225246 | F3 E4 V3 S1 sph[r0.3:2,r1:1] mesh=ERR UnsupportedCurvedShape { face: FaceKey(1v1), source: NotIsoRectangle { what: "pr
R1PROBE pole=1 theta-alpha=-5e-2 | a∪b | ERR ResultInvalid { errors: [VolumeUncomputable { solid: SolidKey(1v1), source: RingOnCurvedFace { face: FaceKey(4 | 
R1PROBE pole=1 theta-alpha=-5e-2 | b∪a | ERR ResultInvalid { errors: [VolumeUncomputable { solid: SolidKey(1v1), source: RingOnCurvedFace { face: FaceKey(1 | 
R1PROBE pole=1 theta-alpha=-5e-2 | a∖b | OK SOUND t2=true t3p=true cert=true operand=true v=4.182048871 want=4.182048871 | F3 E4 V3 S1 sph[r1:2,r0.3:1] mesh=ERR UnsupportedCurvedShape { face: FaceKey(2v1), source: NotIsoRectangle { what: "pr
R1PROBE pole=1 theta-alpha=-5e-2 | b∖a | ERR ResultInvalid { errors: [VolumeUncomputable { solid: SolidKey(1v1), source: RingOnCurvedFace { face: FaceKey(1 | 
R1PROBE pole=1 theta-alpha=-5e-2 | a∩b | OK SOUND t2=true t3p=true cert=true operand=true v=0.006741334 want=0.006741334 | F3 E4 V3 S1 sph[r1:2,r0.3:1] mesh=ERR UnsupportedCurvedShape { face: FaceKey(1v1), source: NotIsoRectangle { what: "pr
R1PROBE nonpar r=0.3 c=-0.415,0.207,0.829 turn=z30 | a∪b | ERR ResultInvalid { errors: [VolumeUncomputable { solid: SolidKey(1v1), source: RingOnCurvedFace { face: FaceKey(1 | 
R1PROBE nonpar r=0.3 c=-0.415,0.207,0.829 turn=z30 | b∪a | ERR ResultInvalid { errors: [VolumeUncomputable { solid: SolidKey(1v1), source: RingOnCurvedFace { face: FaceKey(6 | 
R1PROBE nonpar r=0.3 c=-0.415,0.207,0.829 turn=z30 | a∖b | ERR ResultInvalid { errors: [VolumeUncomputable { solid: SolidKey(1v1), source: RingOnCurvedFace { face: FaceKey(1 | 
R1PROBE pole=1 theta-alpha=-5e-2 | b∩a | OK SOUND t2=true t3p=true cert=true operand=true v=0.006741334 want=0.006741334 | F3 E4 V3 S1 sph[r1:2,r0.3:1] mesh=ERR UnsupportedCurvedShape { face: FaceKey(2v3), source: NotIsoRectangle { what: "pr
R1PROBE nonpar r=0.3 c=-0.415,0.207,0.829 turn=z30 | b∖a | OK SOUND t2=true t3p=true cert=true operand=true v=0.048872090 want=0.048872090 | F3 E4 V3 S1 sph[r0.3:2,r1:1] mesh=ERR UnsupportedCurvedShape { face: FaceKey(1v1), source: NotIsoRectangle { what: "pr
R1PROBE nonpar r=0.3 c=-0.415,0.207,0.829 turn=z30 | a∩b | OK SOUND t2=true t3p=true cert=true operand=true v=0.064225246 want=0.064225246 | F3 E4 V3 S1 sph[r0.3:2,r1:1] mesh=ERR UnsupportedCurvedShape { face: FaceKey(2v3), source: NotIsoRectangle { what: "pr
R1PROBE nonpar r=0.3 c=-0.415,0.207,0.829 turn=z30 | b∩a | OK SOUND t2=true t3p=true cert=true operand=true v=0.064225246 want=0.064225246 | F3 E4 V3 S1 sph[r0.3:2,r1:1] mesh=ERR UnsupportedCurvedShape { face: FaceKey(2v1), source: NotIsoRectangle { what: "pr
R1PROBE interval z30 eps=1e-9 | a∪b | ERR Join(Escalated { face: FaceKey(1v1), diag: Indeterminate { margin: MarginDiag(Invalid), terminal_sliver: false, band: Band { zero: 1e-9, esc
R1PROBE interval z30 eps=1e-9 | b∪a | ERR Join(Escalated { face: FaceKey(3v1), diag: Indeterminate { margin: MarginDiag(Invalid), terminal_sliver: false, band: Band { zero: 1e-9, esc
R1PROBE interval z30 eps=1e-9 | a∖b | ERR Join(Escalated { face: FaceKey(1v1), diag: Indeterminate { margin: MarginDiag(Invalid), terminal_sliver: false, band: Band { zero: 1e-9, esc
R1PROBE interval z30 eps=1e-9 | b∖a | ERR Join(Escalated { face: FaceKey(3v1), diag: Indeterminate { margin: MarginDiag(Invalid), terminal_sliver: false, band: Band { zero: 1e-9, esc
R1PROBE interval z30 eps=1e-9 | a∩b | ERR Join(Escalated { face: FaceKey(1v1), diag: Indeterminate { margin: MarginDiag(Invalid), terminal_sliver: false, band: Band { zero: 1e-9, esc
R1PROBE interval z30 eps=1e-9 | b∩a | ERR Join(Escalated { face: FaceKey(3v1), diag: Indeterminate { margin: MarginDiag(Invalid), terminal_sliver: false, band: Band { zero: 1e-9, esc
R1PROBE nonpar r=0.3 c=-0.415,0.207,0.829 turn=z90 | a∪b | ERR ResultInvalid { errors: [VolumeUncomputable { solid: SolidKey(1v1), source: RingOnCurvedFace { face: FaceKey(1 | 
R1PROBE nonpar r=0.3 c=-0.415,0.207,0.829 turn=z90 | b∪a | ERR ResultInvalid { errors: [VolumeUncomputable { solid: SolidKey(1v1), source: RingOnCurvedFace { face: FaceKey(6 | 
R1PROBE nonpar r=0.3 c=-0.415,0.207,0.829 turn=z90 | a∖b | ERR ResultInvalid { errors: [VolumeUncomputable { solid: SolidKey(1v1), source: RingOnCurvedFace { face: FaceKey(1 | 
R1PROBE pole=-1 theta-alpha=3e-1 | a∪b | OK SOUND t2=true t3p=true cert=true operand=true v=4.295146206 want=4.295146206 | F6 E10 V6 S1 sph[r1:3,r0.3:3] mesh=ERR UnsupportedCurvedShape { face: FaceKey(1v1), source: NotIsoRectangle { what: "pr
R1PROBE nonpar r=0.3 c=-0.415,0.207,0.829 turn=z90 | b∖a | OK SOUND t2=true t3p=true cert=true operand=true v=0.048872090 want=0.048872090 | F3 E4 V3 S1 sph[r0.3:2,r1:1] mesh=ERR UnsupportedCurvedShape { face: FaceKey(1v1), source: NotIsoRectangle { what: "pr
R1PROBE pole=-1 theta-alpha=3e-1 | b∪a | OK SOUND t2=true t3p=true cert=true operand=true v=4.295146206 want=4.295146206 | F6 E10 V6 S1 sph[r0.3:3,r1:3] mesh=ERR UnsupportedCurvedShape { face: FaceKey(2v1), source: NotIsoRectangle { what: "pr
R1PROBE coinc r=1.0000001 d=1e-3 | a∪b | OK SOUND t2=true t3p=true cert=true operand=true v=4.191932426 want=4.191932426 | F6 E10 V6 S1 sph[r1:3,r1:3] mesh=ERR UnsupportedCurvedShape { face: FaceKey(1v1), source: NotIsoRectangle { what: "pr
R1PROBE nonpar r=0.3 c=-0.415,0.207,0.829 turn=z90 | a∩b | OK SOUND t2=true t3p=true cert=true operand=true v=0.064225246 want=0.064225246 | F3 E4 V3 S1 sph[r0.3:2,r1:1] mesh=ERR UnsupportedCurvedShape { face: FaceKey(2v3), source: NotIsoRectangle { what: "pr
R1PROBE pole=-1 theta-alpha=3e-1 | a∖b | OK SOUND t2=true t3p=true cert=true operand=true v=4.182048871 want=4.182048871 | F4 E6 V4 S1 sph[r1:3,r0.3:1] mesh=ERR UnsupportedCurvedShape { face: FaceKey(1v1), source: NotIsoRectangle { what: "pr
R1PROBE nonpar r=0.3 c=-0.415,0.207,0.829 turn=z90 | b∩a | OK SOUND t2=true t3p=true cert=true operand=true v=0.064225246 want=0.064225246 | F3 E4 V3 S1 sph[r0.3:2,r1:1] mesh=ERR UnsupportedCurvedShape { face: FaceKey(2v1), source: NotIsoRectangle { what: "pr
R1PROBE pole=-1 theta-alpha=3e-1 | b∖a | OK SOUND t2=true t3p=true cert=true operand=true v=0.106356001 want=0.106356001 | F4 E6 V4 S1 sph[r0.3:3,r1:1] mesh=ERR UnsupportedCurvedShape { face: FaceKey(2v1), source: NotIsoRectangle { what: "pr
R1PROBE coinc r=1.0000001 d=1e-3 | b∪a | OK SOUND t2=true t3p=true cert=true operand=true v=4.191932426 want=4.191932426 | F6 E10 V6 S1 sph[r1:3,r1:3] mesh=ERR UnsupportedCurvedShape { face: FaceKey(2v1), source: NotIsoRectangle { what: "pr
R1PROBE pole=-1 theta-alpha=3e-1 | a∩b | OK SOUND t2=true t3p=true cert=true operand=true v=0.006741334 want=0.006741334 | F2 E1 V1 S1 sph[r1:1,r0.3:1] mesh=ERR UnsupportedCurvedShape { face: FaceKey(3v1), source: NotIsoRectangle { what: "pr
R1PROBE pole=-1 theta-alpha=3e-1 | b∩a | OK SOUND t2=true t3p=true cert=true operand=true v=0.006741334 want=0.006741334 | F2 E1 V1 S1 sph[r0.3:1,r1:1] mesh=ERR UnsupportedCurvedShape { face: FaceKey(3v1), source: NotIsoRectangle { what: "pr
R1PROBE coinc r=1.0000001 d=1e-3 | a∖b | OK SOUND t2=true t3p=true cert=true operand=true v=0.003140964 want=0.003140964 | F4 E6 V4 S1 sph[r1:3,r1:1] mesh=ERR UnsupportedCurvedShape { face: FaceKey(1v1), source: NotIsoRectangle { what: "pr
R1PROBE coinc r=1.0000001 d=1e-3 | b∖a | OK SOUND t2=true t3p=true cert=true operand=true v=0.003142221 want=0.003142221 | F4 E6 V4 S1 sph[r1:3,r1:1] mesh=ERR UnsupportedCurvedShape { face: FaceKey(2v1), source: NotIsoRectangle { what: "pr
R1PROBE coinc r=1.0000001 d=1e-3 | a∩b | OK SOUND t2=true t3p=true cert=true operand=true v=4.185649240 want=4.185649240 | F2 E1 V1 S1 sph[r1:1,r1:1] mesh=ERR UnsupportedCurvedShape { face: FaceKey(3v1), source: NotIsoRectangle { what: "pr
R1PROBE pole=-1 theta-alpha=1e-1 | a∪b | OK SOUND t2=true t3p=true cert=true operand=true v=4.295146206 want=4.295146206 | F6 E10 V6 S1 sph[r1:3,r0.3:3] mesh=ERR UnsupportedCurvedShape { face: FaceKey(1v1), source: NotIsoRectangle { what: "pr
R1PROBE nonpar r=0.3 c=-0.415,0.207,0.829 turn=x45 | a∪b | ERR ResultInvalid { errors: [VolumeUncomputable { solid: SolidKey(1v1), source: RingOnCurvedFace { face: FaceKey(1 | 
R1PROBE nonpar r=0.3 c=-0.415,0.207,0.829 turn=x45 | b∪a | ERR ResultInvalid { errors: [VolumeUncomputable { solid: SolidKey(1v1), source: RingOnCurvedFace { face: FaceKey(6 | 
R1PROBE nonpar r=0.3 c=-0.415,0.207,0.829 turn=x45 | a∖b | ERR ResultInvalid { errors: [VolumeUncomputable { solid: SolidKey(1v1), source: RingOnCurvedFace { face: FaceKey(1 | 
R1PROBE coinc r=1.0000001 d=1e-3 | b∩a | OK SOUND t2=true t3p=true cert=true operand=true v=4.185649240 want=4.185649240 | F2 E1 V1 S1 sph[r1:1,r1:1] mesh=ERR UnsupportedCurvedShape { face: FaceKey(3v1), source: NotIsoRectangle { what: "pr
R1PROBE pole=-1 theta-alpha=1e-1 | b∪a | OK SOUND t2=true t3p=true cert=true operand=true v=4.295146206 want=4.295146206 | F6 E10 V6 S1 sph[r0.3:3,r1:3] mesh=ERR UnsupportedCurvedShape { face: FaceKey(2v1), source: NotIsoRectangle { what: "pr
R1PROBE nonpar r=0.3 c=-0.415,0.207,0.829 turn=x45 | b∖a | OK SOUND t2=true t3p=true cert=true operand=true v=0.048872090 want=0.048872090 | F3 E4 V3 S1 sph[r0.3:2,r1:1] mesh=ERR UnsupportedCurvedShape { face: FaceKey(1v1), source: NotIsoRectangle { what: "pr
R1PROBE pole=-1 theta-alpha=1e-1 | a∖b | OK SOUND t2=true t3p=true cert=true operand=true v=4.182048871 want=4.182048871 | F4 E6 V4 S1 sph[r1:3,r0.3:1] mesh=ERR UnsupportedCurvedShape { face: FaceKey(1v1), source: NotIsoRectangle { what: "pr
R1PROBE pole=-1 theta-alpha=1e-1 | b∖a | OK SOUND t2=true t3p=true cert=true operand=true v=0.106356001 want=0.106356001 | F4 E6 V4 S1 sph[r0.3:3,r1:1] mesh=ERR UnsupportedCurvedShape { face: FaceKey(2v1), source: NotIsoRectangle { what: "pr
R1PROBE pole=-1 theta-alpha=1e-1 | a∩b | OK SOUND t2=true t3p=true cert=true operand=true v=0.006741334 want=0.006741334 | F2 E1 V1 S1 sph[r1:1,r0.3:1] mesh=ERR UnsupportedCurvedShape { face: FaceKey(3v1), source: NotIsoRectangle { what: "pr
R1PROBE nonpar r=0.3 c=-0.415,0.207,0.829 turn=x45 | a∩b | OK SOUND t2=true t3p=true cert=true operand=true v=0.064225246 want=0.064225246 | F3 E4 V3 S1 sph[r0.3:2,r1:1] mesh=ERR UnsupportedCurvedShape { face: FaceKey(2v3), source: NotIsoRectangle { what: "pr
R1PROBE pole=-1 theta-alpha=1e-1 | b∩a | OK SOUND t2=true t3p=true cert=true operand=true v=0.006741334 want=0.006741334 | F2 E1 V1 S1 sph[r0.3:1,r1:1] mesh=ERR UnsupportedCurvedShape { face: FaceKey(3v1), source: NotIsoRectangle { what: "pr
R1PROBE nonpar r=0.3 c=-0.415,0.207,0.829 turn=x45 | b∩a | OK SOUND t2=true t3p=true cert=true operand=true v=0.064225246 want=0.064225246 | F3 E4 V3 S1 sph[r0.3:2,r1:1] mesh=ERR UnsupportedCurvedShape { face: FaceKey(2v1), source: NotIsoRectangle { what: "pr
R1PROBE coinc r=1.0000001 d=1e-4 | a∪b | OK SOUND t2=true t3p=true cert=true operand=true v=4.189104993 want=4.189104993 | F4 E6 V4 S1 sph[r1:3,r1:1] mesh=ERR UnsupportedCurvedShape { face: FaceKey(1v3), source: NotIsoRectangle { what: "pr
R1PROBE nonpar r=0.3 c=-0.415,0.207,0.829 turn=xy60 | a∪b | ERR ResultInvalid { errors: [VolumeUncomputable { solid: SolidKey(1v1), source: RingOnCurvedFace { face: FaceKey(1 | 
R1PROBE nonpar r=0.3 c=-0.415,0.207,0.829 turn=xy60 | b∪a | ERR ResultInvalid { errors: [VolumeUncomputable { solid: SolidKey(1v1), source: RingOnCurvedFace { face: FaceKey(6 | 
R1PROBE nonpar r=0.3 c=-0.415,0.207,0.829 turn=xy60 | a∖b | ERR ResultInvalid { errors: [VolumeUncomputable { solid: SolidKey(1v1), source: RingOnCurvedFace { face: FaceKey(1 | 
R1PROBE pole=-1 theta-alpha=1e-3 | a∪b | OK SOUND t2=true t3p=true cert=true operand=true v=4.295146206 want=4.295146206 | F6 E10 V6 S1 sph[r1:3,r0.3:3] mesh=ERR UnsupportedCurvedShape { face: FaceKey(1v1), source: NotIsoRectangle { what: "pr
R1PROBE nonpar r=0.3 c=-0.415,0.207,0.829 turn=xy60 | b∖a | OK SOUND t2=true t3p=true cert=true operand=true v=0.048872090 want=0.048872090 | F3 E4 V3 S1 sph[r0.3:2,r1:1] mesh=ERR UnsupportedCurvedShape { face: FaceKey(1v1), source: NotIsoRectangle { what: "pr
R1PROBE coinc r=1.0000001 d=1e-4 | b∪a | OK SOUND t2=true t3p=true cert=true operand=true v=4.189104993 want=4.189104993 | F4 E6 V4 S1 sph[r1:3,r1:1] mesh=ERR UnsupportedCurvedShape { face: FaceKey(2v1), source: NotIsoRectangle { what: "pr
R1PROBE pole=-1 theta-alpha=1e-3 | b∪a | OK SOUND t2=true t3p=true cert=true operand=true v=4.295146206 want=4.295146206 | F6 E10 V6 S1 sph[r0.3:3,r1:3] mesh=ERR UnsupportedCurvedShape { face: FaceKey(2v1), source: NotIsoRectangle { what: "pr
R1PROBE coinc r=1.0000001 d=1e-4 | a∖b | OK SOUND t2=true t3p=true cert=true operand=true v=0.000313531 want=0.000313531 | F2 E1 V1 S1 sph[r1:1,r1:1] mesh=ERR UnsupportedCurvedShape { face: FaceKey(2v1), source: NotIsoRectangle { what: "pr
R1PROBE nonpar r=0.3 c=-0.415,0.207,0.829 turn=xy60 | a∩b | OK SOUND t2=true t3p=true cert=true operand=true v=0.064225246 want=0.064225246 | F3 E4 V3 S1 sph[r0.3:2,r1:1] mesh=ERR UnsupportedCurvedShape { face: FaceKey(2v3), source: NotIsoRectangle { what: "pr
R1PROBE pole=-1 theta-alpha=1e-3 | a∖b | OK SOUND t2=true t3p=true cert=true operand=true v=4.182048871 want=4.182048871 | F4 E6 V4 S1 sph[r1:3,r0.3:1] mesh=ERR UnsupportedCurvedShape { face: FaceKey(1v1), source: NotIsoRectangle { what: "pr
R1PROBE nonpar r=0.3 c=-0.415,0.207,0.829 turn=xy60 | b∩a | OK SOUND t2=true t3p=true cert=true operand=true v=0.064225246 want=0.064225246 | F3 E4 V3 S1 sph[r0.3:2,r1:1] mesh=ERR UnsupportedCurvedShape { face: FaceKey(2v1), source: NotIsoRectangle { what: "pr
R1PROBE coinc r=1.0000001 d=1e-4 | b∖a | OK SOUND t2=true t3p=true cert=true operand=true v=0.000314788 want=0.000314788 | F6 E10 V6 S1 sph[r1:3,r1:3] mesh=ERR UnsupportedCurvedShape { face: FaceKey(2v1), source: NotIsoRectangle { what: "pr
R1PROBE pole=-1 theta-alpha=1e-3 | b∖a | OK SOUND t2=true t3p=true cert=true operand=true v=0.106356001 want=0.106356001 | F4 E6 V4 S1 sph[r0.3:3,r1:1] mesh=ERR UnsupportedCurvedShape { face: FaceKey(2v1), source: NotIsoRectangle { what: "pr
R1PROBE pole=-1 theta-alpha=1e-3 | a∩b | OK SOUND t2=true t3p=true cert=true operand=true v=0.006741334 want=0.006741334 | F2 E1 V1 S1 sph[r1:1,r0.3:1] mesh=ERR UnsupportedCurvedShape { face: FaceKey(3v1), source: NotIsoRectangle { what: "pr
R1PROBE coinc r=1.0000001 d=1e-4 | a∩b | OK SOUND t2=true t3p=true cert=true operand=true v=4.188476673 want=4.188476673 | F4 E6 V4 S1 sph[r1:3,r1:1] mesh=ERR UnsupportedCurvedShape { face: FaceKey(3v1), source: NotIsoRectangle { what: "pr
R1PROBE pole=-1 theta-alpha=1e-3 | b∩a | OK SOUND t2=true t3p=true cert=true operand=true v=0.006741334 want=0.006741334 | F2 E1 V1 S1 sph[r0.3:1,r1:1] mesh=ERR UnsupportedCurvedShape { face: FaceKey(3v1), source: NotIsoRectangle { what: "pr
R1PROBE pole=-1 theta-alpha=1e-5 | a∪b | ERR FallbackExtentUnsupported { operand: A, face: FaceKey(1v1), what: "the sphere face's boundary meets the cut's  | 
R1PROBE pole=-1 theta-alpha=1e-5 | b∪a | ERR FallbackExtentUnsupported { operand: B, face: FaceKey(1v1), what: "the sphere face's boundary meets the cut's  | 
R1PROBE pole=-1 theta-alpha=1e-5 | a∖b | ERR FallbackExtentUnsupported { operand: A, face: FaceKey(1v1), what: "the sphere face's boundary meets the cut's  | 
R1PROBE pole=-1 theta-alpha=1e-5 | b∖a | ERR FallbackExtentUnsupported { operand: B, face: FaceKey(1v1), what: "the sphere face's boundary meets the cut's  | 
R1PROBE pole=-1 theta-alpha=1e-5 | a∩b | ERR FallbackExtentUnsupported { operand: A, face: FaceKey(1v1), what: "the sphere face's boundary meets the cut's  | 
R1PROBE pole=-1 theta-alpha=1e-5 | b∩a | ERR FallbackExtentUnsupported { operand: B, face: FaceKey(1v1), what: "the sphere face's boundary meets the cut's  | 
R1PROBE pole=-1 theta-alpha=1e-7 | a∪b | ERR FallbackExtentUnsupported { operand: A, face: FaceKey(1v1), what: "the sphere face's boundary meets the cut's  | 
R1PROBE pole=-1 theta-alpha=1e-7 | b∪a | ERR FallbackExtentUnsupported { operand: B, face: FaceKey(1v1), what: "the sphere face's boundary meets the cut's  | 
R1PROBE pole=-1 theta-alpha=1e-7 | a∖b | ERR FallbackExtentUnsupported { operand: A, face: FaceKey(1v1), what: "the sphere face's boundary meets the cut's  | 
R1PROBE pole=-1 theta-alpha=1e-7 | b∖a | ERR FallbackExtentUnsupported { operand: B, face: FaceKey(1v1), what: "the sphere face's boundary meets the cut's  | 
R1PROBE pole=-1 theta-alpha=1e-7 | a∩b | ERR FallbackExtentUnsupported { operand: A, face: FaceKey(1v1), what: "the sphere face's boundary meets the cut's  | 
R1PROBE pole=-1 theta-alpha=1e-7 | b∩a | ERR FallbackExtentUnsupported { operand: B, face: FaceKey(1v1), what: "the sphere face's boundary meets the cut's  | 
R1PROBE pole=-1 theta-alpha=1e-9 | a∪b | ERR CurvedPierceUnsupported { operand: A, face: FaceKey(2v1), edge: EdgeKey(1v1), band: Band { zero: 1e-9, escalat | 
R1PROBE pole=-1 theta-alpha=1e-9 | b∪a | ERR CurvedPierceUnsupported { operand: B, face: FaceKey(2v1), edge: EdgeKey(1v1), band: Band { zero: 1e-9, escalat | 
R1PROBE pole=-1 theta-alpha=1e-9 | a∖b | ERR CurvedPierceUnsupported { operand: A, face: FaceKey(2v1), edge: EdgeKey(1v1), band: Band { zero: 1e-9, escalat | 
R1PROBE pole=-1 theta-alpha=1e-9 | b∖a | ERR CurvedPierceUnsupported { operand: B, face: FaceKey(2v1), edge: EdgeKey(1v1), band: Band { zero: 1e-9, escalat | 
R1PROBE pole=-1 theta-alpha=1e-9 | a∩b | ERR CurvedPierceUnsupported { operand: A, face: FaceKey(2v1), edge: EdgeKey(1v1), band: Band { zero: 1e-9, escalat | 
R1PROBE pole=-1 theta-alpha=1e-9 | b∩a | ERR CurvedPierceUnsupported { operand: B, face: FaceKey(2v1), edge: EdgeKey(1v1), band: Band { zero: 1e-9, escalat | 
R1PROBE pole=-1 theta-alpha=1e-11 | a∪b | ERR CurvedPierceUnsupported { operand: A, face: FaceKey(2v1), edge: EdgeKey(1v1), band: Band { zero: 1e-9, escalat | 
R1PROBE pole=-1 theta-alpha=1e-11 | b∪a | ERR CurvedPierceUnsupported { operand: B, face: FaceKey(2v1), edge: EdgeKey(1v1), band: Band { zero: 1e-9, escalat | 
R1PROBE pole=-1 theta-alpha=1e-11 | a∖b | ERR CurvedPierceUnsupported { operand: A, face: FaceKey(2v1), edge: EdgeKey(1v1), band: Band { zero: 1e-9, escalat | 
R1PROBE pole=-1 theta-alpha=1e-11 | b∖a | ERR CurvedPierceUnsupported { operand: B, face: FaceKey(2v1), edge: EdgeKey(1v1), band: Band { zero: 1e-9, escalat | 
R1PROBE pole=-1 theta-alpha=1e-11 | a∩b | ERR CurvedPierceUnsupported { operand: A, face: FaceKey(2v1), edge: EdgeKey(1v1), band: Band { zero: 1e-9, escalat | 
R1PROBE pole=-1 theta-alpha=1e-11 | b∩a | ERR CurvedPierceUnsupported { operand: B, face: FaceKey(2v1), edge: EdgeKey(1v1), band: Band { zero: 1e-9, escalat | 
R1PROBE pole=-1 theta-alpha=-1e-11 | a∪b | ERR CurvedPierceUnsupported { operand: A, face: FaceKey(2v1), edge: EdgeKey(1v1), band: Band { zero: 1e-9, escalat | 
R1PROBE pole=-1 theta-alpha=-1e-11 | b∪a | ERR CurvedPierceUnsupported { operand: B, face: FaceKey(2v1), edge: EdgeKey(1v1), band: Band { zero: 1e-9, escalat | 
R1PROBE pole=-1 theta-alpha=-1e-11 | a∖b | ERR CurvedPierceUnsupported { operand: A, face: FaceKey(2v1), edge: EdgeKey(1v1), band: Band { zero: 1e-9, escalat | 
R1PROBE pole=-1 theta-alpha=-1e-11 | b∖a | ERR CurvedPierceUnsupported { operand: B, face: FaceKey(2v1), edge: EdgeKey(1v1), band: Band { zero: 1e-9, escalat | 
R1PROBE pole=-1 theta-alpha=-1e-11 | a∩b | ERR CurvedPierceUnsupported { operand: A, face: FaceKey(2v1), edge: EdgeKey(1v1), band: Band { zero: 1e-9, escalat | 
R1PROBE pole=-1 theta-alpha=-1e-11 | b∩a | ERR CurvedPierceUnsupported { operand: B, face: FaceKey(2v1), edge: EdgeKey(1v1), band: Band { zero: 1e-9, escalat | 
R1PROBE pole=-1 theta-alpha=-1e-9 | a∪b | ERR CurvedPierceUnsupported { operand: A, face: FaceKey(2v1), edge: EdgeKey(1v1), band: Band { zero: 1e-9, escalat | 
R1PROBE pole=-1 theta-alpha=-1e-9 | b∪a | ERR CurvedPierceUnsupported { operand: B, face: FaceKey(2v1), edge: EdgeKey(1v1), band: Band { zero: 1e-9, escalat | 
R1PROBE pole=-1 theta-alpha=-1e-9 | a∖b | ERR CurvedPierceUnsupported { operand: A, face: FaceKey(2v1), edge: EdgeKey(1v1), band: Band { zero: 1e-9, escalat | 
R1PROBE pole=-1 theta-alpha=-1e-9 | b∖a | ERR CurvedPierceUnsupported { operand: B, face: FaceKey(2v1), edge: EdgeKey(1v1), band: Band { zero: 1e-9, escalat | 
R1PROBE pole=-1 theta-alpha=-1e-9 | a∩b | ERR CurvedPierceUnsupported { operand: A, face: FaceKey(2v1), edge: EdgeKey(1v1), band: Band { zero: 1e-9, escalat | 
R1PROBE pole=-1 theta-alpha=-1e-9 | b∩a | ERR CurvedPierceUnsupported { operand: B, face: FaceKey(2v1), edge: EdgeKey(1v1), band: Band { zero: 1e-9, escalat | 
R1PROBE coinc r=1.0000001 d=1e-4 | b∩a | OK SOUND t2=true t3p=true cert=true operand=true v=4.188476673 want=4.188476673 | F4 E6 V4 S1 sph[r1:3,r1:1] mesh=ERR UnsupportedCurvedShape { face: FaceKey(2v3), source: NotIsoRectangle { what: "pr
R1PROBE nonpar r=0.3 c=-0.415,0.207,0.829 turn=xyz110 | a∪b | ERR ResultInvalid { errors: [VolumeUncomputable { solid: SolidKey(1v1), source: RingOnCurvedFace { face: FaceKey(1 | 
R1PROBE nonpar r=0.3 c=-0.415,0.207,0.829 turn=xyz110 | b∪a | ERR ResultInvalid { errors: [VolumeUncomputable { solid: SolidKey(1v1), source: RingOnCurvedFace { face: FaceKey(6 | 
R1PROBE nonpar r=0.3 c=-0.415,0.207,0.829 turn=xyz110 | a∖b | ERR ResultInvalid { errors: [VolumeUncomputable { solid: SolidKey(1v1), source: RingOnCurvedFace { face: FaceKey(1 | 
R1PROBE nonpar r=0.3 c=-0.415,0.207,0.829 turn=xyz110 | b∖a | OK SOUND t2=true t3p=true cert=true operand=true v=0.048872090 want=0.048872090 | F3 E4 V3 S1 sph[r0.3:2,r1:1] mesh=ERR UnsupportedCurvedShape { face: FaceKey(1v1), source: NotIsoRectangle { what: "pr
R1PROBE nonpar r=0.3 c=-0.415,0.207,0.829 turn=xyz110 | a∩b | OK SOUND t2=true t3p=true cert=true operand=true v=0.064225246 want=0.064225246 | F3 E4 V3 S1 sph[r0.3:2,r1:1] mesh=ERR UnsupportedCurvedShape { face: FaceKey(2v3), source: NotIsoRectangle { what: "pr
R1PROBE nonpar r=0.3 c=-0.415,0.207,0.829 turn=xyz110 | b∩a | OK SOUND t2=true t3p=true cert=true operand=true v=0.064225246 want=0.064225246 | F3 E4 V3 S1 sph[r0.3:2,r1:1] mesh=ERR UnsupportedCurvedShape { face: FaceKey(2v1), source: NotIsoRectangle { what: "pr
R1PROBE pole=-1 theta-alpha=-1e-7 | a∪b | ERR ResultInvalid { errors: [VolumeUncomputable { solid: SolidKey(1v1), source: RingOnCurvedFace { face: FaceKey(5 | 
R1PROBE pole=-1 theta-alpha=-1e-7 | b∪a | ERR ResultInvalid { errors: [VolumeUncomputable { solid: SolidKey(1v1), source: RingOnCurvedFace { face: FaceKey(2 | 
R1PROBE pole=-1 theta-alpha=-1e-7 | a∖b | OK SOUND t2=true t3p=true cert=true operand=true v=4.182048871 want=4.182048871 | F3 E4 V3 S1 sph[r1:2,r0.3:1] mesh=ERR UnsupportedCurvedShape { face: FaceKey(1v1), source: NotIsoRectangle { what: "pr
R1PROBE pole=-1 theta-alpha=-1e-7 | b∖a | ERR ResultInvalid { errors: [VolumeUncomputable { solid: SolidKey(1v1), source: RingOnCurvedFace { face: FaceKey(2 | 
R1PROBE pole=-1 theta-alpha=-1e-7 | a∩b | ERR ResultInvalid { errors: [VolumeUncomputable { solid: SolidKey(1v1), source: Face { face: FaceKey(2v1), source: | 
R1PROBE pole=-1 theta-alpha=-1e-7 | b∩a | ERR ResultInvalid { errors: [VolumeUncomputable { solid: SolidKey(1v1), source: Face { face: FaceKey(5v5), source: | 
R1PROBE coinc r=1.0000001 d=1e-5 | a∪b | OK SOUND t2=true t3p=true cert=true operand=true v=4.188822252 want=4.188822252 | F4 E6 V4 S1 sph[r1:3,r1:1] mesh=ERR UnsupportedCurvedShape { face: FaceKey(1v3), source: NotIsoRectangle { what: "pr
R1PROBE coinc r=1.0000001 d=1e-5 | b∪a | OK SOUND t2=true t3p=true cert=true operand=true v=4.188822252 want=4.188822252 | F4 E6 V4 S1 sph[r1:3,r1:1] mesh=ERR UnsupportedCurvedShape { face: FaceKey(2v1), source: NotIsoRectangle { what: "pr
R1PROBE nonpar r=0.7 c=0.000,0.000,1.200 turn=z30 | a∪b | OK SOUND t2=true t3p=true cert=true operand=true v=5.339202165 want=5.339202165 | F6 E12 V8 S1 sph[r0.7:3,r1:3] mesh=ERR UnsupportedCurvedShape { face: FaceKey(1v3), source: NotIsoRectangle { what: "pr
R1PROBE coinc r=1.0000001 d=1e-5 | a∖b | OK SOUND t2=true t3p=true cert=true operand=true v=0.000030791 want=0.000030791 | F2 E1 V1 S1 sph[r1:1,r1:1] mesh=ERR UnsupportedCurvedShape { face: FaceKey(2v1), source: NotIsoRectangle { what: "pr
R1PROBE pole=-1 theta-alpha=-1e-5 | a∪b | ERR ResultInvalid { errors: [VolumeUncomputable { solid: SolidKey(1v1), source: RingOnCurvedFace { face: FaceKey(5 | 
R1PROBE pole=-1 theta-alpha=-1e-5 | b∪a | ERR ResultInvalid { errors: [VolumeUncomputable { solid: SolidKey(1v1), source: RingOnCurvedFace { face: FaceKey(2 | 
R1PROBE coinc r=1.0000001 d=1e-5 | b∖a | OK SOUND t2=true t3p=true cert=true operand=true v=0.000032047 want=0.000032047 | F6 E10 V6 S1 sph[r1:3,r1:3] mesh=ERR UnsupportedCurvedShape { face: FaceKey(2v1), source: NotIsoRectangle { what: "pr
R1PROBE pole=-1 theta-alpha=-1e-5 | a∖b | OK SOUND t2=true t3p=true cert=true operand=true v=4.182048871 want=4.182048871 | F3 E4 V3 S1 sph[r1:2,r0.3:1] mesh=ERR UnsupportedCurvedShape { face: FaceKey(1v1), source: NotIsoRectangle { what: "pr
R1PROBE pole=-1 theta-alpha=-1e-5 | b∖a | ERR ResultInvalid { errors: [VolumeUncomputable { solid: SolidKey(1v1), source: RingOnCurvedFace { face: FaceKey(2 | 
R1PROBE nonpar r=0.7 c=0.000,0.000,1.200 turn=z30 | b∪a | OK SOUND t2=true t3p=true cert=true operand=true v=5.339202165 want=5.339202165 | F6 E12 V8 S1 sph[r0.7:3,r1:3] mesh=ERR UnsupportedCurvedShape { face: FaceKey(2v3), source: NotIsoRectangle { what: "pr
R1PROBE coinc r=1.0000001 d=1e-5 | a∩b | OK SOUND t2=true t3p=true cert=true operand=true v=4.188759414 want=4.188759414 | F4 E6 V4 S1 sph[r1:3,r1:1] mesh=ERR UnsupportedCurvedShape { face: FaceKey(3v1), source: NotIsoRectangle { what: "pr
R1PROBE nonpar r=0.7 c=0.000,0.000,1.200 turn=z30 | a∖b | OK SOUND t2=true t3p=true cert=true operand=true v=3.902447124 want=3.902447124 | F4 E6 V4 S1 sph[r0.7:1,r1:3] mesh=ERR UnsupportedCurvedShape { face: FaceKey(1v3), source: NotIsoRectangle { what: "pr
R1PROBE pole=-1 theta-alpha=-1e-5 | a∩b | OK SOUND t2=true t3p=true cert=true operand=true v=0.006741334 want=0.006741334 | F3 E4 V3 S1 sph[r1:2,r0.3:1] mesh=ERR UnsupportedCurvedShape { face: FaceKey(2v1), source: NotIsoRectangle { what: "pr
R1PROBE nonpar r=0.7 c=0.000,0.000,1.200 turn=z30 | b∖a | OK SOUND t2=true t3p=true cert=true operand=true v=1.150411960 want=1.150411960 | F4 E6 V4 S1 sph[r0.7:3,r1:1] mesh=ERR UnsupportedCurvedShape { face: FaceKey(2v3), source: NotIsoRectangle { what: "pr
R1PROBE pole=-1 theta-alpha=-1e-5 | b∩a | OK SOUND t2=true t3p=true cert=true operand=true v=0.006741334 want=0.006741334 | F3 E4 V3 S1 sph[r1:2,r0.3:1] mesh=ERR UnsupportedCurvedShape { face: FaceKey(2v3), source: NotIsoRectangle { what: "pr
R1PROBE coinc r=1.0000001 d=1e-5 | b∩a | OK SOUND t2=true t3p=true cert=true operand=true v=4.188759414 want=4.188759414 | F4 E6 V4 S1 sph[r1:3,r1:1] mesh=ERR UnsupportedCurvedShape { face: FaceKey(2v3), source: NotIsoRectangle { what: "pr
R1PROBE nonpar r=0.7 c=0.000,0.000,1.200 turn=z30 | a∩b | OK SOUND t2=true t3p=true cert=true operand=true v=0.286343080 want=0.286343080 | F2 E1 V1 S1 sph[r1:1,r0.7:1] mesh=ERR UnsupportedCurvedShape { face: FaceKey(1v1), source: NotIsoRectangle { what: "pr
R1PROBE nonpar r=0.7 c=0.000,0.000,1.200 turn=z30 | b∩a | OK SOUND t2=true t3p=true cert=true operand=true v=0.286343080 want=0.286343080 | F2 E1 V1 S1 sph[r0.7:1,r1:1] mesh=ERR UnsupportedCurvedShape { face: FaceKey(2v1), source: NotIsoRectangle { what: "pr
R1PROBE pole=-1 theta-alpha=-1e-3 | a∪b | ERR ResultInvalid { errors: [VolumeUncomputable { solid: SolidKey(1v1), source: RingOnCurvedFace { face: FaceKey(5 | 
R1PROBE pole=-1 theta-alpha=-1e-3 | b∪a | ERR ResultInvalid { errors: [VolumeUncomputable { solid: SolidKey(1v1), source: RingOnCurvedFace { face: FaceKey(2 | 
R1PROBE pole=-1 theta-alpha=-1e-3 | a∖b | OK SOUND t2=true t3p=true cert=true operand=true v=4.182048871 want=4.182048871 | F3 E4 V3 S1 sph[r1:2,r0.3:1] mesh=ERR UnsupportedCurvedShape { face: FaceKey(1v1), source: NotIsoRectangle { what: "pr
R1PROBE pole=-1 theta-alpha=-1e-3 | b∖a | ERR ResultInvalid { errors: [VolumeUncomputable { solid: SolidKey(1v1), source: RingOnCurvedFace { face: FaceKey(2 | 
R1PROBE nonpar r=0.7 c=0.000,0.000,1.200 turn=z90 | a∪b | OK SOUND t2=true t3p=true cert=true operand=true v=5.339202165 want=5.339202165 | F6 E12 V8 S1 sph[r0.7:3,r1:3] mesh=ERR UnsupportedCurvedShape { face: FaceKey(1v3), source: NotIsoRectangle { what: "pr
R1PROBE pole=-1 theta-alpha=-1e-3 | a∩b | OK SOUND t2=true t3p=true cert=true operand=true v=0.006741334 want=0.006741334 | F3 E4 V3 S1 sph[r1:2,r0.3:1] mesh=ERR UnsupportedCurvedShape { face: FaceKey(2v1), source: NotIsoRectangle { what: "pr
R1PROBE nonpar r=0.7 c=0.000,0.000,1.200 turn=z90 | b∪a | OK SOUND t2=true t3p=true cert=true operand=true v=5.339202165 want=5.339202165 | F6 E12 V8 S1 sph[r0.7:3,r1:3] mesh=ERR UnsupportedCurvedShape { face: FaceKey(2v3), source: NotIsoRectangle { what: "pr
R1PROBE nonpar r=0.7 c=0.000,0.000,1.200 turn=z90 | a∖b | OK SOUND t2=true t3p=true cert=true operand=true v=3.902447124 want=3.902447124 | F4 E6 V4 S1 sph[r1:3,r0.7:1] mesh=ERR UnsupportedCurvedShape { face: FaceKey(3v1), source: NotIsoRectangle { what: "pr
R1PROBE pole=-1 theta-alpha=-1e-3 | b∩a | OK SOUND t2=true t3p=true cert=true operand=true v=0.006741334 want=0.006741334 | F3 E4 V3 S1 sph[r1:2,r0.3:1] mesh=ERR UnsupportedCurvedShape { face: FaceKey(2v3), source: NotIsoRectangle { what: "pr
R1PROBE coinc r=0.9999999 d=1e-2 | a∪b | OK SOUND t2=true t3p=true cert=true operand=true v=4.220205238 want=4.220205238 | F6 E10 V6 S1 sph[r1:3,r1:3] mesh=ERR UnsupportedCurvedShape { face: FaceKey(1v1), source: NotIsoRectangle { what: "pr
R1PROBE nonpar r=0.7 c=0.000,0.000,1.200 turn=z90 | b∖a | OK SOUND t2=true t3p=true cert=true operand=true v=1.150411960 want=1.150411960 | F4 E6 V4 S1 sph[r0.7:3,r1:1] mesh=ERR UnsupportedCurvedShape { face: FaceKey(3v1), source: NotIsoRectangle { what: "pr
R1PROBE nonpar r=0.7 c=0.000,0.000,1.200 turn=z90 | a∩b | OK SOUND t2=true t3p=true cert=true operand=true v=0.286343080 want=0.286343080 | F2 E1 V1 S1 sph[r1:1,r0.7:1] mesh=ERR UnsupportedCurvedShape { face: FaceKey(1v1), source: NotIsoRectangle { what: "pr
R1PROBE coinc r=0.9999999 d=1e-2 | b∪a | OK SOUND t2=true t3p=true cert=true operand=true v=4.220205238 want=4.220205238 | F6 E10 V6 S1 sph[r1:3,r1:3] mesh=ERR UnsupportedCurvedShape { face: FaceKey(2v1), source: NotIsoRectangle { what: "pr
R1PROBE nonpar r=0.7 c=0.000,0.000,1.200 turn=z90 | b∩a | OK SOUND t2=true t3p=true cert=true operand=true v=0.286343080 want=0.286343080 | F2 E1 V1 S1 sph[r0.7:1,r1:1] mesh=ERR UnsupportedCurvedShape { face: FaceKey(2v1), source: NotIsoRectangle { what: "pr
R1PROBE coinc r=0.9999999 d=1e-2 | a∖b | OK SOUND t2=true t3p=true cert=true operand=true v=0.031416290 want=0.031416290 | F4 E6 V4 S1 sph[r1:3,r1:1] mesh=ERR UnsupportedCurvedShape { face: FaceKey(1v1), source: NotIsoRectangle { what: "pr
R1PROBE coinc r=0.9999999 d=1e-2 | b∖a | OK SOUND t2=true t3p=true cert=true operand=true v=0.031415033 want=0.031415033 | F4 E6 V4 S1 sph[r1:3,r1:1] mesh=ERR UnsupportedCurvedShape { face: FaceKey(2v1), source: NotIsoRectangle { what: "pr
R1PROBE pole=-1 theta-alpha=-5e-2 | a∪b | ERR ResultInvalid { errors: [VolumeUncomputable { solid: SolidKey(1v1), source: RingOnCurvedFace { face: FaceKey(5 | 
R1PROBE pole=-1 theta-alpha=-5e-2 | b∪a | ERR ResultInvalid { errors: [VolumeUncomputable { solid: SolidKey(1v1), source: RingOnCurvedFace { face: FaceKey(2 | 
R1PROBE coinc r=0.9999999 d=1e-2 | a∩b | OK SOUND t2=true t3p=true cert=true operand=true v=4.157373915 want=4.157373915 | F2 E1 V1 S1 sph[r1:1,r1:1] mesh=ERR UnsupportedCurvedShape { face: FaceKey(3v1), source: NotIsoRectangle { what: "pr
R1PROBE pole=-1 theta-alpha=-5e-2 | a∖b | OK SOUND t2=true t3p=true cert=true operand=true v=4.182048871 want=4.182048871 | F3 E4 V3 S1 sph[r1:2,r0.3:1] mesh=ERR UnsupportedCurvedShape { face: FaceKey(1v1), source: NotIsoRectangle { what: "pr
R1PROBE pole=-1 theta-alpha=-5e-2 | b∖a | ERR ResultInvalid { errors: [VolumeUncomputable { solid: SolidKey(1v1), source: RingOnCurvedFace { face: FaceKey(2 | 
R1PROBE coinc r=0.9999999 d=1e-2 | b∩a | OK SOUND t2=true t3p=true cert=true operand=true v=4.157373915 want=4.157373915 | F2 E1 V1 S1 sph[r1:1,r1:1] mesh=ERR UnsupportedCurvedShape { face: FaceKey(3v1), source: NotIsoRectangle { what: "pr
R1PROBE nonpar r=0.7 c=0.000,0.000,1.200 turn=x45 | a∪b | ERR ResultInvalid { errors: [VolumeUncomputable { solid: SolidKey(1v1), source: RingOnCurvedFace { face: FaceKey(1 | 
R1PROBE nonpar r=0.7 c=0.000,0.000,1.200 turn=x45 | b∪a | ERR ResultInvalid { errors: [VolumeUncomputable { solid: SolidKey(1v1), source: RingOnCurvedFace { face: FaceKey(4 | 
R1PROBE nonpar r=0.7 c=0.000,0.000,1.200 turn=x45 | a∖b | ERR ResultInvalid { errors: [VolumeUncomputable { solid: SolidKey(1v1), source: RingOnCurvedFace { face: FaceKey(1 | 
R1PROBE pole=-1 theta-alpha=-5e-2 | a∩b | OK SOUND t2=true t3p=true cert=true operand=true v=0.006741334 want=0.006741334 | F3 E4 V3 S1 sph[r1:2,r0.3:1] mesh=ERR UnsupportedCurvedShape { face: FaceKey(2v1), source: NotIsoRectangle { what: "pr
R1PROBE nonpar r=0.7 c=0.000,0.000,1.200 turn=x45 | b∖a | OK SOUND t2=true t3p=true cert=true operand=true v=1.150411960 want=1.150411960 | F3 E4 V3 S1 sph[r0.7:2,r1:1] mesh=ERR UnsupportedCurvedShape { face: FaceKey(1v1), source: NotIsoRectangle { what: "pr
R1PROBE pole=-1 theta-alpha=-5e-2 | b∩a | OK SOUND t2=true t3p=true cert=true operand=true v=0.006741334 want=0.006741334 | F3 E4 V3 S1 sph[r1:2,r0.3:1] mesh=ERR UnsupportedCurvedShape { face: FaceKey(2v3), source: NotIsoRectangle { what: "pr
R1PROBE-SUMMARY near_a_pole bad=0
test review_sphpair_r1_probes::r1_near_a_pole ... ok
R1PROBE ratio r=1e-3 t=0.5 | a∪b | ERR FallbackExtentUnsupported { operand: B, face: FaceKey(2v1), what: "the sphere face's boundary meets the cut's  | 
R1PROBE ratio r=1e-3 t=0.5 | b∪a | ERR FallbackExtentUnsupported { operand: A, face: FaceKey(2v1), what: "the sphere face's boundary meets the cut's  | 
R1PROBE ratio r=1e-3 t=0.5 | a∖b | ERR FallbackExtentUnsupported { operand: B, face: FaceKey(2v1), what: "the sphere face's boundary meets the cut's  | 
R1PROBE ratio r=1e-3 t=0.5 | b∖a | ERR FallbackExtentUnsupported { operand: A, face: FaceKey(2v1), what: "the sphere face's boundary meets the cut's  | 
R1PROBE ratio r=1e-3 t=0.5 | a∩b | ERR FallbackExtentUnsupported { operand: B, face: FaceKey(2v1), what: "the sphere face's boundary meets the cut's  | 
R1PROBE ratio r=1e-3 t=0.5 | b∩a | ERR FallbackExtentUnsupported { operand: A, face: FaceKey(2v1), what: "the sphere face's boundary meets the cut's  | 
R1PROBE nonpar r=0.7 c=0.000,0.000,1.200 turn=x45 | a∩b | OK SOUND t2=true t3p=true cert=true operand=true v=0.286343080 want=0.286343080 | F3 E4 V3 S1 sph[r0.7:2,r1:1] mesh=ERR UnsupportedCurvedShape { face: FaceKey(2v3), source: NotIsoRectangle { what: "pr
R1PROBE nonpar r=0.7 c=0.000,0.000,1.200 turn=x45 | b∩a | OK SOUND t2=true t3p=true cert=true operand=true v=0.286343080 want=0.286343080 | F3 E4 V3 S1 sph[r0.7:2,r1:1] mesh=ERR UnsupportedCurvedShape { face: FaceKey(2v1), source: NotIsoRectangle { what: "pr
R1PROBE ratio r=1e-3 t=0.1 | a∪b | OK SOUND t2=true t3p=true cert=true operand=true v=4.188790205 want=4.188790205 | F4 E6 V4 S1 sph[r1:3,r0.001:1] mesh=ERR UnsupportedCurvedShape { face: FaceKey(1v1), source: NotIsoRectangle { what: "pr
R1PROBE ratio r=1e-3 t=0.1 | b∪a | OK SOUND t2=true t3p=true cert=true operand=true v=4.188790205 want=4.188790205 | F4 E6 V4 S1 sph[r0.001:1,r1:3] mesh=ERR UnsupportedCurvedShape { face: FaceKey(1v1), source: NotIsoRectangle { what: "pr
R1PROBE ratio r=1e-3 t=0.1 | a∖b | OK SOUND t2=true t3p=true cert=true operand=true v=4.188790201 want=4.188790201 | F6 E10 V6 S1 sph[r1:3,r0.001:3] mesh=ERR UnsupportedCurvedShape { face: FaceKey(1v1), source: NotIsoRectangle { what: "pr
R1PROBE ratio r=1e-3 t=0.1 | b∖a | OK SOUND t2=true t3p=true cert=true operand=true v=0.000000000 want=0.000000000 | F2 E1 V1 S1 sph[r0.001:1,r1:1] mesh=ERR UnsupportedCurvedShape { face: FaceKey(1v1), source: NotIsoRectangle { what: "pr
R1PROBE ratio r=1e-3 t=0.1 | a∩b | OK SOUND t2=true t3p=true cert=true operand=true v=0.000000004 want=0.000000004 | F4 E6 V4 S1 sph[r0.001:3,r1:1] mesh=ERR UnsupportedCurvedShape { face: FaceKey(2v3), source: NotIsoRectangle { what: "pr
R1PROBE ratio r=1e-3 t=0.1 | b∩a | OK SOUND t2=true t3p=true cert=true operand=true v=0.000000004 want=0.000000004 | F4 E6 V4 S1 sph[r0.001:3,r1:1] mesh=ERR UnsupportedCurvedShape { face: FaceKey(3v1), source: NotIsoRectangle { what: "pr
R1PROBE ratio r=1e-3 t=0.9 | a∪b | OK SOUND t2=true t3p=true cert=true operand=true v=4.188790209 want=4.188790209 | F6 E10 V6 S1 sph[r1:3,r0.001:3] mesh=ERR UnsupportedCurvedShape { face: FaceKey(1v1), source: NotIsoRectangle { what: "pr
R1PROBE interval tilt eps=1e-9 | a∪b | OK SOUND t3=true v=[4.223772638799,4.223772638799] want=4.223772638799
R1PROBE coinc r=0.9999999 d=1e-3 | a∪b | OK SOUND t2=true t3p=true cert=true operand=true v=4.191931169 want=4.191931169 | F6 E10 V6 S1 sph[r1:3,r1:3] mesh=ERR UnsupportedCurvedShape { face: FaceKey(1v1), source: NotIsoRectangle { what: "pr
R1PROBE nonpar r=0.7 c=0.000,0.000,1.200 turn=xy60 | a∪b | ERR ResultInvalid { errors: [VolumeUncomputable { solid: SolidKey(1v1), source: RingOnCurvedFace { face: FaceKey(1 | 
R1PROBE nonpar r=0.7 c=0.000,0.000,1.200 turn=xy60 | b∪a | ERR ResultInvalid { errors: [VolumeUncomputable { solid: SolidKey(1v1), source: RingOnCurvedFace { face: FaceKey(4 | 
R1PROBE nonpar r=0.7 c=0.000,0.000,1.200 turn=xy60 | a∖b | ERR ResultInvalid { errors: [VolumeUncomputable { solid: SolidKey(1v1), source: RingOnCurvedFace { face: FaceKey(1 | 
R1PROBE ratio r=1e-3 t=0.9 | b∪a | OK SOUND t2=true t3p=true cert=true operand=true v=4.188790209 want=4.188790209 | F6 E10 V6 S1 sph[r0.001:3,r1:3] mesh=ERR UnsupportedCurvedShape { face: FaceKey(2v1), source: NotIsoRectangle { what: "pr
R1PROBE ratio r=1e-3 t=0.9 | a∖b | OK SOUND t2=true t3p=true cert=true operand=true v=4.188790205 want=4.188790205 | F4 E6 V4 S1 sph[r1:3,r0.001:1] mesh=ERR UnsupportedCurvedShape { face: FaceKey(1v1), source: NotIsoRectangle { what: "pr
R1PROBE ratio r=1e-3 t=0.9 | b∖a | OK SOUND t2=true t3p=true cert=true operand=true v=0.000000004 want=0.000000004 | F4 E6 V4 S1 sph[r0.001:3,r1:1] mesh=ERR UnsupportedCurvedShape { face: FaceKey(2v1), source: NotIsoRectangle { what: "pr
R1PROBE ratio r=1e-3 t=0.9 | a∩b | OK SOUND t2=true t3p=true cert=true operand=true v=0.000000000 want=0.000000000 | F2 E1 V1 S1 sph[r1:1,r0.001:1] mesh=ERR UnsupportedCurvedShape { face: FaceKey(3v1), source: NotIsoRectangle { what: "pr
R1PROBE coinc r=0.9999999 d=1e-3 | b∪a | OK SOUND t2=true t3p=true cert=true operand=true v=4.191931169 want=4.191931169 | F6 E10 V6 S1 sph[r1:3,r1:3] mesh=ERR UnsupportedCurvedShape { face: FaceKey(2v1), source: NotIsoRectangle { what: "pr
R1PROBE ratio r=1e-3 t=0.9 | b∩a | OK SOUND t2=true t3p=true cert=true operand=true v=0.000000000 want=0.000000000 | F2 E1 V1 S1 sph[r0.001:1,r1:1] mesh=ERR UnsupportedCurvedShape { face: FaceKey(3v1), source: NotIsoRectangle { what: "pr
R1PROBE nonpar r=0.7 c=0.000,0.000,1.200 turn=xy60 | b∖a | OK SOUND t2=true t3p=true cert=true operand=true v=1.150411960 want=1.150411960 | F3 E4 V3 S1 sph[r0.7:2,r1:1] mesh=ERR UnsupportedCurvedShape { face: FaceKey(1v1), source: NotIsoRectangle { what: "pr
R1PROBE ratio r=1e-3 t=0.001 | a∪b | ERR Join(Escalated { face: FaceKey(3v1), diag: Indeterminate { margin: MarginDiag(Value(1.999995835610946e-9, None | 
R1PROBE ratio r=1e-3 t=0.001 | b∪a | ERR Join(Escalated { face: FaceKey(3v1), diag: Indeterminate { margin: MarginDiag(Value(1.999996057655551e-9, None | 
R1PROBE ratio r=1e-3 t=0.001 | a∖b | ERR Join(Escalated { face: FaceKey(3v1), diag: Indeterminate { margin: MarginDiag(Value(1.999995835610946e-9, None | 
R1PROBE ratio r=1e-3 t=0.001 | b∖a | ERR Join(Escalated { face: FaceKey(3v1), diag: Indeterminate { margin: MarginDiag(Value(1.999996057655551e-9, None | 
R1PROBE ratio r=1e-3 t=0.001 | a∩b | ERR Join(Escalated { face: FaceKey(3v1), diag: Indeterminate { margin: MarginDiag(Value(1.999995835610946e-9, None | 
R1PROBE ratio r=1e-3 t=0.001 | b∩a | ERR Join(Escalated { face: FaceKey(3v1), diag: Indeterminate { margin: MarginDiag(Value(1.999996057655551e-9, None | 
R1PROBE ratio r=1e-3 t=0.999 | a∪b | ERR Join(Escalated { face: FaceKey(3v1), diag: Indeterminate { margin: MarginDiag(Value(1.9960082475733998e-9, Non | 
R1PROBE ratio r=1e-3 t=0.999 | b∪a | ERR Join(Escalated { face: FaceKey(1v1), diag: Indeterminate { margin: MarginDiag(Value(1.9960079145064924e-9, Non | 
R1PROBE ratio r=1e-3 t=0.999 | a∖b | ERR Join(Escalated { face: FaceKey(3v1), diag: Indeterminate { margin: MarginDiag(Value(1.9960082475733998e-9, Non | 
R1PROBE ratio r=1e-3 t=0.999 | b∖a | ERR Join(Escalated { face: FaceKey(1v1), diag: Indeterminate { margin: MarginDiag(Value(1.9960079145064924e-9, Non | 
R1PROBE ratio r=1e-3 t=0.999 | a∩b | ERR Join(Escalated { face: FaceKey(3v1), diag: Indeterminate { margin: MarginDiag(Value(1.9960082475733998e-9, Non | 
R1PROBE ratio r=1e-3 t=0.999 | b∩a | ERR Join(Escalated { face: FaceKey(1v1), diag: Indeterminate { margin: MarginDiag(Value(1.9960079145064924e-9, Non | 
R1PROBE ratio r=1e3 t=0.5 | a∪b | ERR CurvedPierceUnsupported { operand: B, face: FaceKey(1v1), edge: EdgeKey(3v1), band: Band { zero: 1e-9, escalat | 
R1PROBE ratio r=1e3 t=0.5 | b∪a | ERR CurvedPierceUnsupported { operand: A, face: FaceKey(1v1), edge: EdgeKey(3v1), band: Band { zero: 1e-9, escalat | 
R1PROBE ratio r=1e3 t=0.5 | a∖b | ERR CurvedPierceUnsupported { operand: B, face: FaceKey(1v1), edge: EdgeKey(3v1), band: Band { zero: 1e-9, escalat | 
R1PROBE ratio r=1e3 t=0.5 | b∖a | ERR CurvedPierceUnsupported { operand: A, face: FaceKey(1v1), edge: EdgeKey(3v1), band: Band { zero: 1e-9, escalat | 
R1PROBE ratio r=1e3 t=0.5 | a∩b | ERR CurvedPierceUnsupported { operand: B, face: FaceKey(1v1), edge: EdgeKey(3v1), band: Band { zero: 1e-9, escalat | 
R1PROBE ratio r=1e3 t=0.5 | b∩a | ERR CurvedPierceUnsupported { operand: A, face: FaceKey(1v1), edge: EdgeKey(3v1), band: Band { zero: 1e-9, escalat | 
R1PROBE interval tilt eps=1e-9 | b∪a | OK SOUND t3=true v=[4.223772638799,4.223772638799] want=4.223772638799
R1PROBE ratio r=1e3 t=0.1 | a∪b | ERR CurvedPierceUnsupported { operand: B, face: FaceKey(2v1), edge: EdgeKey(3v1), band: Band { zero: 1e-9, escalat | 
R1PROBE ratio r=1e3 t=0.1 | b∪a | ERR CurvedPierceUnsupported { operand: A, face: FaceKey(2v1), edge: EdgeKey(3v1), band: Band { zero: 1e-9, escalat | 
R1PROBE ratio r=1e3 t=0.1 | a∖b | ERR CurvedPierceUnsupported { operand: B, face: FaceKey(2v1), edge: EdgeKey(3v1), band: Band { zero: 1e-9, escalat | 
R1PROBE ratio r=1e3 t=0.1 | b∖a | ERR CurvedPierceUnsupported { operand: A, face: FaceKey(2v1), edge: EdgeKey(3v1), band: Band { zero: 1e-9, escalat | 
R1PROBE ratio r=1e3 t=0.1 | a∩b | ERR CurvedPierceUnsupported { operand: B, face: FaceKey(2v1), edge: EdgeKey(3v1), band: Band { zero: 1e-9, escalat | 
R1PROBE ratio r=1e3 t=0.1 | b∩a | ERR CurvedPierceUnsupported { operand: A, face: FaceKey(2v1), edge: EdgeKey(3v1), band: Band { zero: 1e-9, escalat | 
R1PROBE nonpar r=0.7 c=0.000,0.000,1.200 turn=xy60 | a∩b | OK SOUND t2=true t3p=true cert=true operand=true v=0.286343080 want=0.286343080 | F3 E4 V3 S1 sph[r0.7:2,r1:1] mesh=ERR UnsupportedCurvedShape { face: FaceKey(2v3), source: NotIsoRectangle { what: "pr
R1PROBE ratio r=1e3 t=0.9 | a∪b | ERR CurvedPierceUnsupported { operand: B, face: FaceKey(1v1), edge: EdgeKey(3v1), band: Band { zero: 1e-9, escalat | 
R1PROBE ratio r=1e3 t=0.9 | b∪a | ERR CurvedPierceUnsupported { operand: A, face: FaceKey(1v1), edge: EdgeKey(3v1), band: Band { zero: 1e-9, escalat | 
R1PROBE ratio r=1e3 t=0.9 | a∖b | ERR CurvedPierceUnsupported { operand: B, face: FaceKey(1v1), edge: EdgeKey(3v1), band: Band { zero: 1e-9, escalat | 
R1PROBE ratio r=1e3 t=0.9 | b∖a | ERR CurvedPierceUnsupported { operand: A, face: FaceKey(1v1), edge: EdgeKey(3v1), band: Band { zero: 1e-9, escalat | 
R1PROBE ratio r=1e3 t=0.9 | a∩b | ERR CurvedPierceUnsupported { operand: B, face: FaceKey(1v1), edge: EdgeKey(3v1), band: Band { zero: 1e-9, escalat | 
R1PROBE ratio r=1e3 t=0.9 | b∩a | ERR CurvedPierceUnsupported { operand: A, face: FaceKey(1v1), edge: EdgeKey(3v1), band: Band { zero: 1e-9, escalat | 
R1PROBE ratio r=1e3 t=0.001 | a∪b | ERR CurvedPierceUnsupported { operand: B, face: FaceKey(2v1), edge: EdgeKey(3v1), band: Band { zero: 1e-9, escalat | 
R1PROBE ratio r=1e3 t=0.001 | b∪a | ERR CurvedPierceUnsupported { operand: A, face: FaceKey(2v1), edge: EdgeKey(3v1), band: Band { zero: 1e-9, escalat | 
R1PROBE ratio r=1e3 t=0.001 | a∖b | ERR CurvedPierceUnsupported { operand: B, face: FaceKey(2v1), edge: EdgeKey(3v1), band: Band { zero: 1e-9, escalat | 
R1PROBE ratio r=1e3 t=0.001 | b∖a | ERR CurvedPierceUnsupported { operand: A, face: FaceKey(2v1), edge: EdgeKey(3v1), band: Band { zero: 1e-9, escalat | 
R1PROBE ratio r=1e3 t=0.001 | a∩b | ERR CurvedPierceUnsupported { operand: B, face: FaceKey(2v1), edge: EdgeKey(3v1), band: Band { zero: 1e-9, escalat | 
R1PROBE ratio r=1e3 t=0.001 | b∩a | ERR CurvedPierceUnsupported { operand: A, face: FaceKey(2v1), edge: EdgeKey(3v1), band: Band { zero: 1e-9, escalat | 
R1PROBE coinc r=0.9999999 d=1e-3 | a∖b | OK SOUND t2=true t3p=true cert=true operand=true v=0.003142220 want=0.003142220 | F4 E6 V4 S1 sph[r1:3,r1:1] mesh=ERR UnsupportedCurvedShape { face: FaceKey(1v1), source: NotIsoRectangle { what: "pr
R1PROBE ratio r=1e3 t=0.999 | a∪b | ERR CurvedPierceUnsupported { operand: B, face: FaceKey(1v1), edge: EdgeKey(3v1), band: Band { zero: 1e-9, escalat | 
R1PROBE ratio r=1e3 t=0.999 | b∪a | ERR CurvedPierceUnsupported { operand: A, face: FaceKey(1v1), edge: EdgeKey(3v1), band: Band { zero: 1e-9, escalat | 
R1PROBE ratio r=1e3 t=0.999 | a∖b | ERR CurvedPierceUnsupported { operand: B, face: FaceKey(1v1), edge: EdgeKey(3v1), band: Band { zero: 1e-9, escalat | 
R1PROBE ratio r=1e3 t=0.999 | b∖a | ERR CurvedPierceUnsupported { operand: A, face: FaceKey(1v1), edge: EdgeKey(3v1), band: Band { zero: 1e-9, escalat | 
R1PROBE ratio r=1e3 t=0.999 | a∩b | ERR CurvedPierceUnsupported { operand: B, face: FaceKey(1v1), edge: EdgeKey(3v1), band: Band { zero: 1e-9, escalat | 
R1PROBE ratio r=1e3 t=0.999 | b∩a | ERR CurvedPierceUnsupported { operand: A, face: FaceKey(1v1), edge: EdgeKey(3v1), band: Band { zero: 1e-9, escalat | 
R1PROBE-SUMMARY radius_ratios bad=0
test review_sphpair_r1_probes::r1_radius_ratios ... ok
R1PROBE nonpar r=0.7 c=0.000,0.000,1.200 turn=xy60 | b∩a | OK SOUND t2=true t3p=true cert=true operand=true v=0.286343080 want=0.286343080 | F3 E4 V3 S1 sph[r0.7:2,r1:1] mesh=ERR UnsupportedCurvedShape { face: FaceKey(2v1), source: NotIsoRectangle { what: "pr
R1PROBE rechart operand | F4 E4 V4 S2 sph[r1:2,r1:2]
R1PROBE coinc r=0.9999999 d=1e-3 | b∖a | OK SOUND t2=true t3p=true cert=true operand=true v=0.003140964 want=0.003140964 | F4 E6 V4 S1 sph[r1:3,r1:1] mesh=ERR UnsupportedCurvedShape { face: FaceKey(2v1), source: NotIsoRectangle { what: "pr
R1PROBE interval tilt eps=1e-9 | a∖b | OK SOUND t3=true v=[4.110675303270,4.110675303270] want=4.110675303270
R1PROBE coinc r=0.9999999 d=1e-3 | a∩b | OK SOUND t2=true t3p=true cert=true operand=true v=4.185647984 want=4.185647984 | F2 E1 V1 S1 sph[r1:1,r1:1] mesh=ERR UnsupportedCurvedShape { face: FaceKey(3v1), source: NotIsoRectangle { what: "pr
R1PROBE coinc r=0.9999999 d=1e-3 | b∩a | OK SOUND t2=true t3p=true cert=true operand=true v=4.185647984 want=4.185647984 | F2 E1 V1 S1 sph[r1:1,r1:1] mesh=ERR UnsupportedCurvedShape { face: FaceKey(3v1), source: NotIsoRectangle { what: "pr
R1PROBE interval tilt eps=1e-9 | b∖a | OK SOUND t3=true v=[0.034982434013,0.034982434013] want=0.034982434013
R1PROBE nonpar r=0.7 c=0.000,0.000,1.200 turn=xyz110 | a∪b | ERR ResultInvalid { errors: [VolumeUncomputable { solid: SolidKey(1v1), source: RingOnCurvedFace { face: FaceKey(1 | 
R1PROBE nonpar r=0.7 c=0.000,0.000,1.200 turn=xyz110 | b∪a | ERR ResultInvalid { errors: [VolumeUncomputable { solid: SolidKey(1v1), source: RingOnCurvedFace { face: FaceKey(4 | 
R1PROBE nonpar r=0.7 c=0.000,0.000,1.200 turn=xyz110 | a∖b | ERR ResultInvalid { errors: [VolumeUncomputable { solid: SolidKey(1v1), source: RingOnCurvedFace { face: FaceKey(1 | 
R1PROBE rechart+cut other shell | a∪b | OK SOUND t2=true t3p=true cert=true operand=true v=47.771954030 want=47.771954030 | F12 E22 V15 S2 sph[r1:2,r1:3,r0.3:1] mesh=ERR UnsupportedCurvedShape { face: FaceKey(3v1), source: NotIsoRectangle { what: "pr
R1PROBE nonpar r=0.7 c=0.000,0.000,1.200 turn=xyz110 | b∖a | OK SOUND t2=true t3p=true cert=true operand=true v=1.150411960 want=1.150411960 | F3 E5 V4 S1 sph[r0.7:2,r1:1] mesh=ERR UnsupportedCurvedShape { face: FaceKey(1v1), source: NotIsoRectangle { what: "pr
R1PROBE rechart+cut other shell | b∪a | OK SOUND t2=true t3p=true cert=true operand=true v=47.771954030 want=47.771954030 | F12 E22 V15 S2 sph[r0.3:1,r1:3,r1:2] mesh=ERR UnsupportedCurvedShape { face: FaceKey(7v1), source: NotIsoRectangle { what: "pr
R1PROBE nonpar r=0.7 c=0.000,0.000,1.200 turn=xyz110 | a∩b | OK SOUND t2=true t3p=true cert=true operand=true v=0.286343080 want=0.286343080 | F2 E1 V1 S1 sph[r0.7:1,r1:1] mesh=ERR UnsupportedCurvedShape { face: FaceKey(2v3), source: NotIsoRectangle { what: "pr
R1PROBE interval tilt eps=1e-9 | a∩b | OK SOUND t3=true v=[0.078114901516,0.078114901516] want=0.078114901516
R1PROBE nonpar r=0.7 c=0.000,0.000,1.200 turn=xyz110 | b∩a | OK SOUND t2=true t3p=true cert=true operand=true v=0.286343080 want=0.286343080 | F2 E1 V1 S1 sph[r0.7:1,r1:1] mesh=ERR UnsupportedCurvedShape { face: FaceKey(2v1), source: NotIsoRectangle { what: "pr
R1PROBE rechart+cut other shell | a∖b | OK SOUND t2=true t3p=true cert=true operand=true v=7.658856694 want=7.658856694 | F9 E14 V9 S2 sph[r0.3:3,r1:2,r1:3] mesh=ERR UnsupportedCurvedShape { face: FaceKey(1v5), source: NotIsoRectangle { what: "pr
R1PROBE rechart+cut other shell | b∖a | OK SOUND t2=true t3p=true cert=true operand=true v=39.394373620 want=39.394373620 | F10 E17 V12 S2 sph[r0.3:1,r1:2,r1:1] mesh=ERR UnsupportedCurvedShape { face: FaceKey(7v1), source: NotIsoRectangle { what: "pr
R1PROBE rechart+cut other shell | a∩b | OK SOUND t2=true t3p=true cert=true operand=true v=0.718723715 want=0.718723715 | F7 E10 V7 S2 sph[r1:2,r0.3:3,r1:1] mesh=ERR UnsupportedCurvedShape { face: FaceKey(2v5), source: NotIsoRectangle { what: "pr
R1PROBE coinc r=0.9999999 d=1e-4 | a∪b | OK SOUND t2=true t3p=true cert=true operand=true v=4.189103736 want=4.189103736 | F4 E6 V4 S1 sph[r1:3,r1:1] mesh=ERR UnsupportedCurvedShape { face: FaceKey(1v1), source: NotIsoRectangle { what: "pr
R1PROBE interval tilt eps=1e-9 | b∩a | OK SOUND t3=true v=[0.078114901516,0.078114901516] want=0.078114901516
R1PROBE-SUMMARY interval bad=0
test review_sphpair_r1_probes::r1_interval ... ok
R1PROBE rechart+cut other shell | b∩a | OK SOUND t2=true t3p=true cert=true operand=true v=0.718723715 want=0.718723715 | F7 E10 V7 S2 sph[r1:1,r0.3:3,r1:2] mesh=ERR UnsupportedCurvedShape { face: FaceKey(7v3), source: NotIsoRectangle { what: "pr
R1PROBE-SUMMARY rechart_beside bad=0
test review_sphpair_r1_probes::r1_rechart_beside_a_cut_in_on_another_shell ... ok
R1PROBE seamcircle side=small off=0e0 | a∪b | ERR Join(SectionLoopUndecided { face: FaceKey(3v1) }) | 
R1PROBE seamcircle side=small off=0e0 | b∪a | ERR Join(SectionLoopUndecided { face: FaceKey(3v1) }) | 
R1PROBE seamcircle side=small off=0e0 | a∖b | ERR Join(SectionLoopUndecided { face: FaceKey(3v1) }) | 
R1PROBE seamcircle side=small off=0e0 | b∖a | ERR Join(SectionLoopUndecided { face: FaceKey(3v1) }) | 
R1PROBE seamcircle side=small off=0e0 | a∩b | ERR Join(SectionLoopUndecided { face: FaceKey(3v1) }) | 
R1PROBE seamcircle side=small off=0e0 | b∩a | ERR Join(SectionLoopUndecided { face: FaceKey(3v1) }) | 
R1PROBE seamcircle side=small off=1e-12 | a∪b | ERR Join(SectionLoopUndecided { face: FaceKey(3v1) }) | 
R1PROBE seamcircle side=small off=1e-12 | b∪a | ERR Join(SectionLoopUndecided { face: FaceKey(3v1) }) | 
R1PROBE seamcircle side=small off=1e-12 | a∖b | ERR Join(SectionLoopUndecided { face: FaceKey(3v1) }) | 
R1PROBE seamcircle side=small off=1e-12 | b∖a | ERR Join(SectionLoopUndecided { face: FaceKey(3v1) }) | 
R1PROBE seamcircle side=small off=1e-12 | a∩b | ERR Join(SectionLoopUndecided { face: FaceKey(3v1) }) | 
R1PROBE seamcircle side=small off=1e-12 | b∩a | ERR Join(SectionLoopUndecided { face: FaceKey(3v1) }) | 
R1PROBE seamcircle side=small off=-1e-12 | a∪b | ERR Join(SectionLoopUndecided { face: FaceKey(3v1) }) | 
R1PROBE seamcircle side=small off=-1e-12 | b∪a | ERR Join(SectionLoopUndecided { face: FaceKey(3v1) }) | 
R1PROBE seamcircle side=small off=-1e-12 | a∖b | ERR Join(SectionLoopUndecided { face: FaceKey(3v1) }) | 
R1PROBE seamcircle side=small off=-1e-12 | b∖a | ERR Join(SectionLoopUndecided { face: FaceKey(3v1) }) | 
R1PROBE seamcircle side=small off=-1e-12 | a∩b | ERR Join(SectionLoopUndecided { face: FaceKey(3v1) }) | 
R1PROBE seamcircle side=small off=-1e-12 | b∩a | ERR Join(SectionLoopUndecided { face: FaceKey(3v1) }) | 
R1PROBE seamcircle side=small off=1e-9 | a∪b | ERR Join(SectionLoopUndecided { face: FaceKey(3v1) }) | 
R1PROBE seamcircle side=small off=1e-9 | b∪a | ERR Join(SectionLoopUndecided { face: FaceKey(3v1) }) | 
R1PROBE seamcircle side=small off=1e-9 | a∖b | ERR Join(SectionLoopUndecided { face: FaceKey(3v1) }) | 
R1PROBE seamcircle side=small off=1e-9 | b∖a | ERR Join(SectionLoopUndecided { face: FaceKey(3v1) }) | 
R1PROBE seamcircle side=small off=1e-9 | a∩b | ERR Join(SectionLoopUndecided { face: FaceKey(3v1) }) | 
R1PROBE seamcircle side=small off=1e-9 | b∩a | ERR Join(SectionLoopUndecided { face: FaceKey(3v1) }) | 
R1PROBE seamcircle side=small off=-1e-9 | a∪b | ERR Join(SectionLoopUndecided { face: FaceKey(3v1) }) | 
R1PROBE seamcircle side=small off=-1e-9 | b∪a | ERR Join(SectionLoopUndecided { face: FaceKey(3v1) }) | 
R1PROBE seamcircle side=small off=-1e-9 | a∖b | ERR Join(SectionLoopUndecided { face: FaceKey(3v1) }) | 
R1PROBE seamcircle side=small off=-1e-9 | b∖a | ERR Join(SectionLoopUndecided { face: FaceKey(3v1) }) | 
R1PROBE seamcircle side=small off=-1e-9 | a∩b | ERR Join(SectionLoopUndecided { face: FaceKey(3v1) }) | 
R1PROBE seamcircle side=small off=-1e-9 | b∩a | ERR Join(SectionLoopUndecided { face: FaceKey(3v1) }) | 
R1PROBE seamcircle side=small off=1e-7 | a∪b | ERR FallbackExtentUnsupported { operand: B, face: FaceKey(2v1), what: "the sphere face's boundary meets the cut's  | 
R1PROBE seamcircle side=small off=1e-7 | b∪a | ERR FallbackExtentUnsupported { operand: A, face: FaceKey(2v1), what: "the sphere face's boundary meets the cut's  | 
R1PROBE seamcircle side=small off=1e-7 | a∖b | ERR FallbackExtentUnsupported { operand: B, face: FaceKey(2v1), what: "the sphere face's boundary meets the cut's  | 
R1PROBE seamcircle side=small off=1e-7 | b∖a | ERR FallbackExtentUnsupported { operand: A, face: FaceKey(2v1), what: "the sphere face's boundary meets the cut's  | 
R1PROBE seamcircle side=small off=1e-7 | a∩b | ERR FallbackExtentUnsupported { operand: B, face: FaceKey(2v1), what: "the sphere face's boundary meets the cut's  | 
R1PROBE seamcircle side=small off=1e-7 | b∩a | ERR FallbackExtentUnsupported { operand: A, face: FaceKey(2v1), what: "the sphere face's boundary meets the cut's  | 
R1PROBE seamcircle side=small off=-1e-7 | a∪b | ERR FallbackExtentUnsupported { operand: B, face: FaceKey(1v1), what: "the sphere face's boundary meets the cut's  | 
R1PROBE seamcircle side=small off=-1e-7 | b∪a | ERR FallbackExtentUnsupported { operand: A, face: FaceKey(1v1), what: "the sphere face's boundary meets the cut's  | 
R1PROBE seamcircle side=small off=-1e-7 | a∖b | ERR FallbackExtentUnsupported { operand: B, face: FaceKey(1v1), what: "the sphere face's boundary meets the cut's  | 
R1PROBE seamcircle side=small off=-1e-7 | b∖a | ERR FallbackExtentUnsupported { operand: A, face: FaceKey(1v1), what: "the sphere face's boundary meets the cut's  | 
R1PROBE seamcircle side=small off=-1e-7 | a∩b | ERR FallbackExtentUnsupported { operand: B, face: FaceKey(1v1), what: "the sphere face's boundary meets the cut's  | 
R1PROBE seamcircle side=small off=-1e-7 | b∩a | ERR FallbackExtentUnsupported { operand: A, face: FaceKey(1v1), what: "the sphere face's boundary meets the cut's  | 
R1PROBE seamcircle side=small off=1e-5 | a∪b | ERR FallbackExtentUnsupported { operand: B, face: FaceKey(2v1), what: "the sphere face's boundary meets the cut's  | 
R1PROBE seamcircle side=small off=1e-5 | b∪a | ERR FallbackExtentUnsupported { operand: A, face: FaceKey(2v1), what: "the sphere face's boundary meets the cut's  | 
R1PROBE seamcircle side=small off=1e-5 | a∖b | ERR FallbackExtentUnsupported { operand: B, face: FaceKey(2v1), what: "the sphere face's boundary meets the cut's  | 
R1PROBE seamcircle side=small off=1e-5 | b∖a | ERR FallbackExtentUnsupported { operand: A, face: FaceKey(2v1), what: "the sphere face's boundary meets the cut's  | 
R1PROBE seamcircle side=small off=1e-5 | a∩b | ERR FallbackExtentUnsupported { operand: B, face: FaceKey(2v1), what: "the sphere face's boundary meets the cut's  | 
R1PROBE seamcircle side=small off=1e-5 | b∩a | ERR FallbackExtentUnsupported { operand: A, face: FaceKey(2v1), what: "the sphere face's boundary meets the cut's  | 
R1PROBE seamcircle side=small off=-1e-5 | a∪b | ERR FallbackExtentUnsupported { operand: B, face: FaceKey(1v1), what: "the sphere face's boundary meets the cut's  | 
R1PROBE seamcircle side=small off=-1e-5 | b∪a | ERR FallbackExtentUnsupported { operand: A, face: FaceKey(1v1), what: "the sphere face's boundary meets the cut's  | 
R1PROBE seamcircle side=small off=-1e-5 | a∖b | ERR FallbackExtentUnsupported { operand: B, face: FaceKey(1v1), what: "the sphere face's boundary meets the cut's  | 
R1PROBE seamcircle side=small off=-1e-5 | b∖a | ERR FallbackExtentUnsupported { operand: A, face: FaceKey(1v1), what: "the sphere face's boundary meets the cut's  | 
R1PROBE seamcircle side=small off=-1e-5 | a∩b | ERR FallbackExtentUnsupported { operand: B, face: FaceKey(1v1), what: "the sphere face's boundary meets the cut's  | 
R1PROBE seamcircle side=small off=-1e-5 | b∩a | ERR FallbackExtentUnsupported { operand: A, face: FaceKey(1v1), what: "the sphere face's boundary meets the cut's  | 
R1PROBE coinc r=0.9999999 d=1e-4 | b∪a | OK SOUND t2=true t3p=true cert=true operand=true v=4.189103736 want=4.189103736 | F4 E6 V4 S1 sph[r1:1,r1:3] mesh=ERR UnsupportedCurvedShape { face: FaceKey(1v1), source: NotIsoRectangle { what: "pr
R1PROBE seamcircle side=unit off=0e0 | a∪b | ERR Join(SectionLoopUndecided { face: FaceKey(3v1) }) | 
R1PROBE seamcircle side=unit off=0e0 | b∪a | ERR Join(SectionLoopUndecided { face: FaceKey(3v1) }) | 
R1PROBE seamcircle side=unit off=0e0 | a∖b | ERR Join(SectionLoopUndecided { face: FaceKey(3v1) }) | 
R1PROBE seamcircle side=unit off=0e0 | b∖a | ERR Join(SectionLoopUndecided { face: FaceKey(3v1) }) | 
R1PROBE seamcircle side=unit off=0e0 | a∩b | ERR Join(SectionLoopUndecided { face: FaceKey(3v1) }) | 
R1PROBE seamcircle side=unit off=0e0 | b∩a | ERR Join(SectionLoopUndecided { face: FaceKey(3v1) }) | 
R1PROBE seamcircle side=unit off=1e-12 | a∪b | ERR Join(SectionLoopUndecided { face: FaceKey(3v1) }) | 
R1PROBE seamcircle side=unit off=1e-12 | b∪a | ERR Join(SectionLoopUndecided { face: FaceKey(3v1) }) | 
R1PROBE seamcircle side=unit off=1e-12 | a∖b | ERR Join(SectionLoopUndecided { face: FaceKey(3v1) }) | 
R1PROBE seamcircle side=unit off=1e-12 | b∖a | ERR Join(SectionLoopUndecided { face: FaceKey(3v1) }) | 
R1PROBE seamcircle side=unit off=1e-12 | a∩b | ERR Join(SectionLoopUndecided { face: FaceKey(3v1) }) | 
R1PROBE seamcircle side=unit off=1e-12 | b∩a | ERR Join(SectionLoopUndecided { face: FaceKey(3v1) }) | 
R1PROBE seamcircle side=unit off=-1e-12 | a∪b | ERR Join(SectionLoopUndecided { face: FaceKey(3v1) }) | 
R1PROBE seamcircle side=unit off=-1e-12 | b∪a | ERR Join(SectionLoopUndecided { face: FaceKey(3v1) }) | 
R1PROBE seamcircle side=unit off=-1e-12 | a∖b | ERR Join(SectionLoopUndecided { face: FaceKey(3v1) }) | 
R1PROBE seamcircle side=unit off=-1e-12 | b∖a | ERR Join(SectionLoopUndecided { face: FaceKey(3v1) }) | 
R1PROBE seamcircle side=unit off=-1e-12 | a∩b | ERR Join(SectionLoopUndecided { face: FaceKey(3v1) }) | 
R1PROBE seamcircle side=unit off=-1e-12 | b∩a | ERR Join(SectionLoopUndecided { face: FaceKey(3v1) }) | 
R1PROBE seamcircle side=unit off=1e-9 | a∪b | ERR Join(SectionLoopUndecided { face: FaceKey(3v1) }) | 
R1PROBE seamcircle side=unit off=1e-9 | b∪a | ERR Join(SectionLoopUndecided { face: FaceKey(3v1) }) | 
R1PROBE seamcircle side=unit off=1e-9 | a∖b | ERR Join(SectionLoopUndecided { face: FaceKey(3v1) }) | 
R1PROBE seamcircle side=unit off=1e-9 | b∖a | ERR Join(SectionLoopUndecided { face: FaceKey(3v1) }) | 
R1PROBE seamcircle side=unit off=1e-9 | a∩b | ERR Join(SectionLoopUndecided { face: FaceKey(3v1) }) | 
R1PROBE seamcircle side=unit off=1e-9 | b∩a | ERR Join(SectionLoopUndecided { face: FaceKey(3v1) }) | 
R1PROBE seamcircle side=unit off=-1e-9 | a∪b | ERR Join(Euler(Certification { error: Escalated { check: EndpointStart, sample: 0, cause: Indeterminate { margin:  | 
R1PROBE seamcircle side=unit off=-1e-9 | b∪a | ERR Join(Euler(Certification { error: Escalated { check: EndpointStart, sample: 0, cause: Indeterminate { margin:  | 
R1PROBE seamcircle side=unit off=-1e-9 | a∖b | ERR Join(Euler(Certification { error: Escalated { check: EndpointStart, sample: 0, cause: Indeterminate { margin:  | 
R1PROBE seamcircle side=unit off=-1e-9 | b∖a | ERR Join(Euler(Certification { error: Escalated { check: EndpointStart, sample: 0, cause: Indeterminate { margin:  | 
R1PROBE seamcircle side=unit off=-1e-9 | a∩b | ERR Join(Euler(Certification { error: Escalated { check: EndpointStart, sample: 0, cause: Indeterminate { margin:  | 
R1PROBE seamcircle side=unit off=-1e-9 | b∩a | ERR Join(Euler(Certification { error: Escalated { check: EndpointStart, sample: 0, cause: Indeterminate { margin:  | 
R1PROBE seamcircle side=unit off=1e-7 | a∪b | ERR FallbackExtentUnsupported { operand: A, face: FaceKey(1v1), what: "the sphere face's boundary meets the cut's  | 
R1PROBE seamcircle side=unit off=1e-7 | b∪a | ERR FallbackExtentUnsupported { operand: B, face: FaceKey(1v1), what: "the sphere face's boundary meets the cut's  | 
R1PROBE seamcircle side=unit off=1e-7 | a∖b | ERR FallbackExtentUnsupported { operand: A, face: FaceKey(1v1), what: "the sphere face's boundary meets the cut's  | 
R1PROBE seamcircle side=unit off=1e-7 | b∖a | ERR FallbackExtentUnsupported { operand: B, face: FaceKey(1v1), what: "the sphere face's boundary meets the cut's  | 
R1PROBE seamcircle side=unit off=1e-7 | a∩b | ERR FallbackExtentUnsupported { operand: A, face: FaceKey(1v1), what: "the sphere face's boundary meets the cut's  | 
R1PROBE seamcircle side=unit off=1e-7 | b∩a | ERR FallbackExtentUnsupported { operand: B, face: FaceKey(1v1), what: "the sphere face's boundary meets the cut's  | 
R1PROBE seamcircle side=unit off=-1e-7 | a∪b | ERR FallbackExtentUnsupported { operand: A, face: FaceKey(2v1), what: "the sphere face's boundary meets the cut's  | 
R1PROBE seamcircle side=unit off=-1e-7 | b∪a | ERR FallbackExtentUnsupported { operand: B, face: FaceKey(2v1), what: "the sphere face's boundary meets the cut's  | 
R1PROBE seamcircle side=unit off=-1e-7 | a∖b | ERR FallbackExtentUnsupported { operand: A, face: FaceKey(2v1), what: "the sphere face's boundary meets the cut's  | 
R1PROBE seamcircle side=unit off=-1e-7 | b∖a | ERR FallbackExtentUnsupported { operand: B, face: FaceKey(2v1), what: "the sphere face's boundary meets the cut's  | 
R1PROBE seamcircle side=unit off=-1e-7 | a∩b | ERR FallbackExtentUnsupported { operand: A, face: FaceKey(2v1), what: "the sphere face's boundary meets the cut's  | 
R1PROBE seamcircle side=unit off=-1e-7 | b∩a | ERR FallbackExtentUnsupported { operand: B, face: FaceKey(2v1), what: "the sphere face's boundary meets the cut's  | 
R1PROBE seamcircle side=unit off=1e-5 | a∪b | ERR FallbackExtentUnsupported { operand: A, face: FaceKey(1v1), what: "the sphere face's boundary meets the cut's  | 
R1PROBE seamcircle side=unit off=1e-5 | b∪a | ERR FallbackExtentUnsupported { operand: B, face: FaceKey(1v1), what: "the sphere face's boundary meets the cut's  | 
R1PROBE seamcircle side=unit off=1e-5 | a∖b | ERR FallbackExtentUnsupported { operand: A, face: FaceKey(1v1), what: "the sphere face's boundary meets the cut's  | 
R1PROBE seamcircle side=unit off=1e-5 | b∖a | ERR FallbackExtentUnsupported { operand: B, face: FaceKey(1v1), what: "the sphere face's boundary meets the cut's  | 
R1PROBE seamcircle side=unit off=1e-5 | a∩b | ERR FallbackExtentUnsupported { operand: A, face: FaceKey(1v1), what: "the sphere face's boundary meets the cut's  | 
R1PROBE seamcircle side=unit off=1e-5 | b∩a | ERR FallbackExtentUnsupported { operand: B, face: FaceKey(1v1), what: "the sphere face's boundary meets the cut's  | 
R1PROBE seamcircle side=unit off=-1e-5 | a∪b | ERR FallbackExtentUnsupported { operand: A, face: FaceKey(2v1), what: "the sphere face's boundary meets the cut's  | 
R1PROBE seamcircle side=unit off=-1e-5 | b∪a | ERR FallbackExtentUnsupported { operand: B, face: FaceKey(2v1), what: "the sphere face's boundary meets the cut's  | 
R1PROBE seamcircle side=unit off=-1e-5 | a∖b | ERR FallbackExtentUnsupported { operand: A, face: FaceKey(2v1), what: "the sphere face's boundary meets the cut's  | 
R1PROBE seamcircle side=unit off=-1e-5 | b∖a | ERR FallbackExtentUnsupported { operand: B, face: FaceKey(2v1), what: "the sphere face's boundary meets the cut's  | 
R1PROBE seamcircle side=unit off=-1e-5 | a∩b | ERR FallbackExtentUnsupported { operand: A, face: FaceKey(2v1), what: "the sphere face's boundary meets the cut's  | 
R1PROBE seamcircle side=unit off=-1e-5 | b∩a | ERR FallbackExtentUnsupported { operand: B, face: FaceKey(2v1), what: "the sphere face's boundary meets the cut's  | 
R1PROBE-SUMMARY seam_on_the_circle bad=0
test review_sphpair_r1_probes::r1_seam_on_the_circle ... ok
R1PROBE coinc r=0.9999999 d=1e-4 | a∖b | OK SOUND t2=true t3p=true cert=true operand=true v=0.000314788 want=0.000314788 | F6 E10 V6 S1 sph[r1:3,r1:3] mesh=ERR UnsupportedCurvedShape { face: FaceKey(1v1), source: NotIsoRectangle { what: "pr
R1PROBE three +z,-x | a∪b | ERR CurvedPairUnsupported { op: Some(Union), site: InteriorLoopGuard, operand: A, face: FaceKey(1v1), kind: Sphere | 
R1PROBE three +z,-x | b∪a | ERR CurvedPairUnsupported { op: Some(Union), site: InteriorLoopGuard, operand: A, face: FaceKey(1v1), kind: Sphere | 
R1PROBE three +z,-x | a∖b | ERR CurvedPairUnsupported { op: Some(Subtract), site: InteriorLoopGuard, operand: A, face: FaceKey(1v1), kind: Sph | 
R1PROBE three +z,-x | b∖a | ERR CurvedPairUnsupported { op: Some(Subtract), site: InteriorLoopGuard, operand: A, face: FaceKey(1v1), kind: Sph | 
R1PROBE three +z,-x | a∩b | ERR CurvedPairUnsupported { op: Some(Intersect), site: InteriorLoopGuard, operand: A, face: FaceKey(1v1), kind: Sp | 
R1PROBE three +z,-x | b∩a | ERR CurvedPairUnsupported { op: Some(Intersect), site: InteriorLoopGuard, operand: A, face: FaceKey(1v1), kind: Sp | 
R1PROBE coinc r=0.9999999 d=1e-4 | b∖a | OK SOUND t2=true t3p=true cert=true operand=true v=0.000313531 want=0.000313531 | F2 E1 V1 S1 sph[r1:1,r1:1] mesh=ERR UnsupportedCurvedShape { face: FaceKey(1v1), source: NotIsoRectangle { what: "pr
R1PROBE nonpar r=0.7 c=0.000,0.379,1.138 turn=z30 | a∪b | OK SOUND t2=true t3p=true cert=true operand=true v=5.339202165 want=5.339202165 | F6 E12 V8 S1 sph[r0.7:3,r1:3] mesh=ERR UnsupportedCurvedShape { face: FaceKey(1v3), source: NotIsoRectangle { what: "pr
R1PROBE coinc r=0.9999999 d=1e-4 | a∩b | OK SOUND t2=true t3p=true cert=true operand=true v=4.188475417 want=4.188475417 | F4 E6 V4 S1 sph[r1:3,r1:1] mesh=ERR UnsupportedCurvedShape { face: FaceKey(2v3), source: NotIsoRectangle { what: "pr
R1PROBE nonpar r=0.7 c=0.000,0.379,1.138 turn=z30 | b∪a | OK SOUND t2=true t3p=true cert=true operand=true v=5.339202165 want=5.339202165 | F6 E12 V8 S1 sph[r0.7:3,r1:3] mesh=ERR UnsupportedCurvedShape { face: FaceKey(2v3), source: NotIsoRectangle { what: "pr
R1PROBE three2 +z,-x | a∪b | ERR CurvedPairUnsupported { op: Some(Union), site: InteriorLoopGuard, operand: A, face: FaceKey(1v1), kind: Sphere | 
R1PROBE three2 +z,-x | b∪a | ERR CurvedPairUnsupported { op: Some(Union), site: InteriorLoopGuard, operand: A, face: FaceKey(1v1), kind: Sphere | 
R1PROBE three2 +z,-x | a∖b | ERR ResultInvalid { errors: [VolumeUncomputable { solid: SolidKey(1v1), source: RingOnCurvedFace { face: FaceKey(2 | 
R1PROBE three2 +z,-x | b∖a | ERR CurvedPairUnsupported { op: Some(Subtract), site: InteriorLoopGuard, operand: A, face: FaceKey(1v1), kind: Sph | 
R1PROBE three2 +z,-x | a∩b | ERR ResultInvalid { errors: [VolumeUncomputable { solid: SolidKey(1v1), source: RingOnCurvedFace { face: FaceKey(1 | 
R1PROBE three2 +z,-x | b∩a | ERR ResultInvalid { errors: [VolumeUncomputable { solid: SolidKey(1v1), source: RingOnCurvedFace { face: FaceKey(3 | 
R1PROBE nonpar r=0.7 c=0.000,0.379,1.138 turn=z30 | a∖b | OK SOUND t2=true t3p=true cert=true operand=true v=3.902447124 want=3.902447124 | F4 E6 V4 S1 sph[r0.7:1,r1:3] mesh=ERR UnsupportedCurvedShape { face: FaceKey(1v3), source: NotIsoRectangle { what: "pr
R1PROBE coinc r=0.9999999 d=1e-4 | b∩a | OK SOUND t2=true t3p=true cert=true operand=true v=4.188475417 want=4.188475417 | F4 E6 V4 S1 sph[r1:3,r1:1] mesh=ERR UnsupportedCurvedShape { face: FaceKey(3v1), source: NotIsoRectangle { what: "pr
R1PROBE nonpar r=0.7 c=0.000,0.379,1.138 turn=z30 | b∖a | OK SOUND t2=true t3p=true cert=true operand=true v=1.150411960 want=1.150411960 | F4 E6 V4 S1 sph[r0.7:3,r1:1] mesh=ERR UnsupportedCurvedShape { face: FaceKey(2v3), source: NotIsoRectangle { what: "pr
R1PROBE nonpar r=0.7 c=0.000,0.379,1.138 turn=z30 | a∩b | OK SOUND t2=true t3p=true cert=true operand=true v=0.286343080 want=0.286343080 | F2 E1 V1 S1 sph[r1:1,r0.7:1] mesh=ERR UnsupportedCurvedShape { face: FaceKey(1v1), source: NotIsoRectangle { what: "pr
R1PROBE nonpar r=0.7 c=0.000,0.379,1.138 turn=z30 | b∩a | OK SOUND t2=true t3p=true cert=true operand=true v=0.286343080 want=0.286343080 | F2 E1 V1 S1 sph[r0.7:1,r1:1] mesh=ERR UnsupportedCurvedShape { face: FaceKey(2v1), source: NotIsoRectangle { what: "pr
R1PROBE nonpar r=0.7 c=0.000,0.379,1.138 turn=z90 | a∪b | OK SOUND t2=true t3p=true cert=true operand=true v=5.339202165 want=5.339202165 | F6 E12 V8 S1 sph[r0.7:3,r1:3] mesh=ERR UnsupportedCurvedShape { face: FaceKey(1v3), source: NotIsoRectangle { what: "pr
R1PROBE three +z,-z | a∪b | OK SOUND t2=true t3p=true cert=true operand=true v=4.286534384 want=4.286534384 | F6 E10 V6 S1 sph[r1:4,r0.3:1,r0.3:1] mesh=ERR UnsupportedCurvedShape { face: FaceKey(1v1), source: NotIsoRectangle { what: "pr
R1PROBE nonpar r=0.7 c=0.000,0.379,1.138 turn=z90 | b∪a | OK SOUND t2=true t3p=true cert=true operand=true v=5.339202165 want=5.339202165 | F6 E12 V8 S1 sph[r0.7:3,r1:3] mesh=ERR UnsupportedCurvedShape { face: FaceKey(2v3), source: NotIsoRectangle { what: "pr
R1PROBE three2 +z,-z | a∪b | OK SOUND t2=true t3p=true cert=true operand=true v=4.286534384 want=4.286534384 | F6 E10 V6 S1 sph[r1:4,r0.3:1,r0.3:1] mesh=ERR UnsupportedCurvedShape { face: FaceKey(1v1), source: NotIsoRectangle { what: "pr
R1PROBE three +z,-z | b∪a | OK SOUND t2=true t3p=true cert=true operand=true v=4.286534384 want=4.286534384 | F6 E10 V6 S1 sph[r0.3:1,r0.3:1,r1:4] mesh=ERR UnsupportedCurvedShape { face: FaceKey(1v1), source: NotIsoRectangle { what: "pr
R1PROBE coinc r=0.9999999 d=1e-5 | a∪b | OK SOUND t2=true t3p=true cert=true operand=true v=4.188820996 want=4.188820996 | F4 E6 V4 S1 sph[r1:3,r1:1] mesh=ERR UnsupportedCurvedShape { face: FaceKey(1v1), source: NotIsoRectangle { what: "pr
R1PROBE nonpar r=0.7 c=0.000,0.379,1.138 turn=z90 | a∖b | OK SOUND t2=true t3p=true cert=true operand=true v=3.902447124 want=3.902447124 | F4 E6 V4 S1 sph[r1:3,r0.7:1] mesh=ERR UnsupportedCurvedShape { face: FaceKey(3v1), source: NotIsoRectangle { what: "pr
R1PROBE three2 +z,-z | b∪a | OK SOUND t2=true t3p=true cert=true operand=true v=4.286534384 want=4.286534384 | F6 E10 V6 S1 sph[r0.3:1,r0.3:1,r1:4] mesh=ERR UnsupportedCurvedShape { face: FaceKey(1v1), source: NotIsoRectangle { what: "pr
R1PROBE coinc r=0.9999999 d=1e-5 | b∪a | OK SOUND t2=true t3p=true cert=true operand=true v=4.188820996 want=4.188820996 | F4 E6 V4 S1 sph[r1:1,r1:3] mesh=ERR UnsupportedCurvedShape { face: FaceKey(1v1), source: NotIsoRectangle { what: "pr
R1PROBE nonpar r=0.7 c=0.000,0.379,1.138 turn=z90 | b∖a | OK SOUND t2=true t3p=true cert=true operand=true v=1.150411960 want=1.150411960 | F4 E6 V4 S1 sph[r0.7:3,r1:1] mesh=ERR UnsupportedCurvedShape { face: FaceKey(3v1), source: NotIsoRectangle { what: "pr
R1PROBE nonpar r=0.7 c=0.000,0.379,1.138 turn=z90 | a∩b | OK SOUND t2=true t3p=true cert=true operand=true v=0.286343080 want=0.286343080 | F2 E1 V1 S1 sph[r1:1,r0.7:1] mesh=ERR UnsupportedCurvedShape { face: FaceKey(1v1), source: NotIsoRectangle { what: "pr
R1PROBE coinc r=0.9999999 d=1e-5 | a∖b | OK SOUND t2=true t3p=true cert=true operand=true v=0.000032047 want=0.000032047 | F6 E10 V6 S1 sph[r1:3,r1:3] mesh=ERR UnsupportedCurvedShape { face: FaceKey(1v1), source: NotIsoRectangle { what: "pr
R1PROBE three2 +z,-z | a∖b | OK SOUND t2=true t3p=true cert=true operand=true v=4.060339713 want=4.060339713 | F10 E18 V10 S1 sph[r1:4,r0.3:3,r0.3:3] mesh=ERR UnsupportedCurvedShape { face: FaceKey(1v1), source: NotIsoRectangle { what: "pr
R1PROBE three +z,-z | a∖b | OK SOUND t2=true t3p=true cert=true operand=true v=4.060339713 want=4.060339713 | F10 E18 V10 S1 sph[r1:4,r0.3:3,r0.3:3] mesh=ERR UnsupportedCurvedShape { face: FaceKey(1v1), source: NotIsoRectangle { what: "pr
R1PROBE nonpar r=0.7 c=0.000,0.379,1.138 turn=z90 | b∩a | OK SOUND t2=true t3p=true cert=true operand=true v=0.286343080 want=0.286343080 | F2 E1 V1 S1 sph[r0.7:1,r1:1] mesh=ERR UnsupportedCurvedShape { face: FaceKey(2v1), source: NotIsoRectangle { what: "pr
R1PROBE coinc r=0.9999999 d=1e-5 | b∖a | OK SOUND t2=true t3p=true cert=true operand=true v=0.000030791 want=0.000030791 | F2 E1 V1 S1 sph[r1:1,r1:1] mesh=ERR UnsupportedCurvedShape { face: FaceKey(1v1), source: NotIsoRectangle { what: "pr
R1PROBE three2 +z,-z | b∖a | OK BAD t2=true t3p=false cert=true operand=true v=0.097744179 want=0.097744179 | F4 E2 V2 S2 sph[r0.3:1,r1:2,r0.3:1] mesh=ERR UnsupportedCurvedShape { face: FaceKey(1v1), source: NotIsoRectangle { what: "pr
R1PROBE three +z,-z | b∖a | OK BAD t2=true t3p=false cert=true operand=true v=0.097744179 want=0.097744179 | F4 E2 V2 S2 sph[r0.3:1,r1:2,r0.3:1] mesh=ERR UnsupportedCurvedShape { face: FaceKey(1v1), source: NotIsoRectangle { what: "pr
R1PROBE coinc r=0.9999999 d=1e-5 | a∩b | OK SOUND t2=true t3p=true cert=true operand=true v=4.188758157 want=4.188758157 | F4 E6 V4 S1 sph[r1:3,r1:1] mesh=ERR UnsupportedCurvedShape { face: FaceKey(2v3), source: NotIsoRectangle { what: "pr
R1PROBE three2 +z,-z | a∩b | OK BAD t2=true t3p=false cert=true operand=true v=0.128450492 want=0.128450492 | F8 E12 V8 S2 sph[r0.3:3,r0.3:3,r1:2] mesh=ERR UnsupportedCurvedShape { face: FaceKey(1v3), source: NotIsoRectangle { what: "pr
R1PROBE coinc r=0.9999999 d=1e-5 | b∩a | OK SOUND t2=true t3p=true cert=true operand=true v=4.188758157 want=4.188758157 | F4 E6 V4 S1 sph[r1:3,r1:1] mesh=ERR UnsupportedCurvedShape { face: FaceKey(3v1), source: NotIsoRectangle { what: "pr
R1PROBE-SUMMARY near_coincident bad=0
test review_sphpair_r1_probes::r1_near_coincident ... ok
R1PROBE t3pdetail partner | F4 E4 V4 S2 sph[r0.3:2,r0.3:2]
R1PROBE three +z,-z | a∩b | OK BAD t2=true t3p=false cert=true operand=true v=0.128450492 want=0.128450492 | F8 E12 V8 S2 sph[r0.3:3,r0.3:3,r1:2] mesh=ERR UnsupportedCurvedShape { face: FaceKey(1v3), source: NotIsoRectangle { what: "pr
R1PROBE three2 +z,-z | b∩a | OK BAD t2=true t3p=false cert=true operand=true v=0.128450492 want=0.128450492 | F8 E12 V8 S2 sph[r0.3:3,r0.3:3,r1:2] mesh=ERR UnsupportedCurvedShape { face: FaceKey(4v3), source: NotIsoRectangle { what: "pr
R1PROBE nonpar r=0.7 c=0.000,0.379,1.138 turn=x45 | a∪b | ERR ResultInvalid { errors: [VolumeUncomputable { solid: SolidKey(1v1), source: RingOnCurvedFace { face: FaceKey(1 | 
R1PROBE nonpar r=0.7 c=0.000,0.379,1.138 turn=x45 | b∪a | ERR ResultInvalid { errors: [VolumeUncomputable { solid: SolidKey(1v1), source: RingOnCurvedFace { face: FaceKey(4 | 
R1PROBE nonpar r=0.7 c=0.000,0.379,1.138 turn=x45 | a∖b | ERR ResultInvalid { errors: [VolumeUncomputable { solid: SolidKey(1v1), source: RingOnCurvedFace { face: FaceKey(1 | 
R1PROBE three +z,-z | b∩a | OK BAD t2=true t3p=false cert=true operand=true v=0.128450492 want=0.128450492 | F8 E12 V8 S2 sph[r0.3:3,r0.3:3,r1:2] mesh=ERR UnsupportedCurvedShape { face: FaceKey(4v3), source: NotIsoRectangle { what: "pr
R1PROBE nonpar r=0.7 c=0.000,0.379,1.138 turn=x45 | b∖a | OK SOUND t2=true t3p=true cert=true operand=true v=1.150411960 want=1.150411960 | F3 E4 V3 S1 sph[r0.7:2,r1:1] mesh=ERR UnsupportedCurvedShape { face: FaceKey(1v1), source: NotIsoRectangle { what: "pr
R1PROBE three2 +z,-z | b∖a t3p detail | [CensusUndecidable { a: Face(FaceKey(1v1)), b: Face(FaceKey(2v3)), what: "a curved face of one is within reach of the other, and the kernel cannot yet tell whether curved faces of two parts touch. There is no way through yet for a designed contact; otherwise move the parts until their bounding boxes no longer overlap" }, CensusUndecidable { a: Face(FaceKey(2v3)), b: Face(FaceKey(5v3)), what: "a cu
R1PROBE three2 +z,-z | a∩b t3p detail | [CensusUndecidable { a: Face(FaceKey(1v3)), b: Face(FaceKey(3v1)), what: "a curved face of one is within reach of the other, and the kernel cannot yet tell whether curved faces of two parts touch. There is no way through yet for a designed contact; otherwise move the parts until their bounding boxes no longer overlap" }, CensusUndecidable { a: Face(FaceKey(2v3)), b: Face(FaceKey(4v1)), what: "a cu
R1PROBE t3pdetail b∖a | F4 E2 V2 S2 sph[r0.3:1,r1:2,r0.3:1] | Err([CensusUndecidable { a: Face(FaceKey(1v1)), b: Face(FaceKey(2v3)), what: "a curved face of one is within reach of the other, and the kernel cannot yet tell whether curved faces of two parts touch. There is no way through yet for a designed contact; otherwise move the parts until their bounding boxes no longer overlap" }, CensusUndecidable { a: Face(FaceKey(2v3)), b: Face(FaceKey(5v3)), what: "a curved face of one is within reach of the other, and the kernel cannot yet tell whether curved faces of two parts touch. There is no way through yet for a designed contact; otherwise move the parts 
R1PROBE t3pdetail b∖a contacts | ContactRecords { vv: [], a_on_b: [], b_on_a: [], ve: [], ee: [], curves: [], patches: [] }
R1PROBE t3pdetail a∩b | F8 E12 V8 S2 sph[r0.3:3,r0.3:3,r1:2] | Err([CensusUndecidable { a: Face(FaceKey(1v3)), b: Face(FaceKey(3v1)), what: "a curved face of one is within reach of the other, and the kernel cannot yet tell whether curved faces of two parts touch. There is no way through yet for a designed contact; otherwise move the parts until their bounding boxes no longer overlap" }, CensusUndecidable { a: Face(FaceKey(2v3)), b: Face(FaceKey(4v1)), what: "a curved face of one is within reach of the other, and the kernel cannot yet tell whether curved faces of two parts touch. There is no way through yet for a designed contact; otherwise move the parts 
R1PROBE t3pdetail a∩b contacts | ContactRecords { vv: [], a_on_b: [], b_on_a: [], ve: [], ee: [], curves: [], patches: [] }
R1PROBE t3pdetail b∩a | F8 E12 V8 S2 sph[r0.3:3,r0.3:3,r1:2] | Err([CensusUndecidable { a: Face(FaceKey(2v1)), b: Face(FaceKey(8v5)), what: "a curved face of one is within reach of the other, and the kernel cannot yet tell whether curved faces of two parts touch. There is no way through yet for a designed contact; otherwise move the parts until their bounding boxes no longer overlap" }, CensusUndecidable { a: Face(FaceKey(3v1)), b: Face(FaceKey(4v3)), what: "a curved face of one is within reach of the other, and the kernel cannot yet tell whether curved faces of two parts touch. There is no way through yet for a designed contact; otherwise move the parts 
R1PROBE t3pdetail b∩a contacts | ContactRecords { vv: [], a_on_b: [], b_on_a: [], ve: [], ee: [], curves: [], patches: [] }
R1PROBE nonpar r=0.7 c=0.000,0.379,1.138 turn=x45 | a∩b | OK SOUND t2=true t3p=true cert=true operand=true v=0.286343080 want=0.286343080 | F3 E4 V3 S1 sph[r0.7:2,r1:1] mesh=ERR UnsupportedCurvedShape { face: FaceKey(2v3), source: NotIsoRectangle { what: "pr
R1PROBE t3pdetail lens∪lens | Err(CurvedPierceUnsupported { operand: A, face: FaceKey(3v1), edge: EdgeKey(8v1), band: Band { zero: 1e-9, escalate: 1e-8 } })
test review_sphpair_r1_probes::r1_three_balls_t3p_detail ... ok
R1PROBE nonpar r=0.7 c=0.000,0.379,1.138 turn=x45 | b∩a | OK SOUND t2=true t3p=true cert=true operand=true v=0.286343080 want=0.286343080 | F3 E4 V3 S1 sph[r0.7:2,r1:1] mesh=ERR UnsupportedCurvedShape { face: FaceKey(2v1), source: NotIsoRectangle { what: "pr
R1PROBE tinyrel r=0.001 t=0.1 | b∖a | want=1.1738799483166627e-10 rel=5.194163401140397e-7
R1PROBE tinyrel r=0.001 t=0.1 | a∩b | want=4.071402209954725e-9 rel=1.4632842692603153e-8
R1PROBE tinyrel r=0.001 t=0.25 | b∖a | want=6.549404769690811e-10 rel=3.9289932123759153e-7
R1PROBE tinyrel r=0.001 t=0.25 | a∩b | want=3.53384972781731e-9 rel=4.5351646754115535e-9
R1PROBE tinyrel r=0.001 t=0.75 | b∖a | want=3.534733300972775e-9 rel=2.604571139534391e-8
R1PROBE tinyrel r=0.001 t=0.75 | a∩b | want=6.54056903813616e-10 rel=1.607768621912988e-7
R1PROBE tinyrel r=0.001 t=0.9 | b∖a | want=4.071605785289391e-9 rel=3.127024583731985e-8
R1PROBE tinyrel r=0.001 t=0.9 | a∩b | want=1.1718441949700002e-10 rel=1.1635177566090542e-6
R1PROBE tinyrel r=0.01 t=0.1 | b∖a | want=1.1831221043133737e-7 rel=1.6079602949990246e-9
R1PROBE tinyrel r=0.01 t=0.1 | a∩b | want=4.070477994355054e-6 rel=2.7162634173266613e-11
R1PROBE tinyrel r=0.01 t=0.25 | b∖a | want=6.589385344919461e-7 rel=1.8409002591765198e-10
R1PROBE tinyrel r=0.01 t=0.25 | a∩b | want=3.5298516702944453e-6 rel=7.744798061260213e-13
R1PROBE nonpar r=0.7 c=0.000,0.379,1.138 turn=xy60 | a∪b | ERR ResultInvalid { errors: [VolumeUncomputable { solid: SolidKey(1v1), source: RingOnCurvedFace { face: FaceKey(1 | 
R1PROBE nonpar r=0.7 c=0.000,0.379,1.138 turn=xy60 | b∪a | ERR ResultInvalid { errors: [VolumeUncomputable { solid: SolidKey(1v1), source: RingOnCurvedFace { face: FaceKey(4 | 
R1PROBE nonpar r=0.7 c=0.000,0.379,1.138 turn=xy60 | a∖b | ERR ResultInvalid { errors: [VolumeUncomputable { solid: SolidKey(1v1), source: RingOnCurvedFace { face: FaceKey(1 | 
R1PROBE three +z,tilt | a∪b | ERR ResultInvalid { errors: [VolumeUncomputable { solid: SolidKey(1v1), source: RingOnCurvedFace { face: FaceKey(2 | 
R1PROBE three +z,tilt | b∪a | ERR ResultInvalid { errors: [VolumeUncomputable { solid: SolidKey(1v1), source: RingOnCurvedFace { face: FaceKey(5 | 
R1PROBE three +z,tilt | a∖b | ERR ResultInvalid { errors: [VolumeUncomputable { solid: SolidKey(1v1), source: RingOnCurvedFace { face: FaceKey(2 | 
R1PROBE three +z,tilt | b∖a | ERR CurvedPairUnsupported { op: Some(Subtract), site: InteriorLoopGuard, operand: A, face: FaceKey(1v1), kind: Sph | 
R1PROBE three +z,tilt | a∩b | ERR CurvedPairUnsupported { op: Some(Intersect), site: InteriorLoopGuard, operand: A, face: FaceKey(1v1), kind: Sp | 
R1PROBE three +z,tilt | b∩a | ERR CurvedPairUnsupported { op: Some(Intersect), site: InteriorLoopGuard, operand: A, face: FaceKey(1v1), kind: Sp | 
R1PROBE tinyrel r=0.01 t=0.75 | b∖a | want=3.5386876205313866e-6 rel=7.932245833993803e-11
R1PROBE tinyrel r=0.01 t=0.75 | a∩b | want=6.501025842550049e-7 rel=9.1399977002063e-12
R1PROBE tinyrel r=0.01 t=0.9 | b∖a | want=4.072513876691026e-6 rel=4.634195578580134e-11
R1PROBE tinyrel r=0.01 t=0.9 | a∩b | want=1.1627632809536543e-7 rel=9.325261150939661e-10
R1PROBE nonpar r=0.7 c=0.000,0.379,1.138 turn=xy60 | b∖a | OK SOUND t2=true t3p=true cert=true operand=true v=1.150411960 want=1.150411960 | F3 E4 V3 S1 sph[r0.7:2,r1:1] mesh=ERR UnsupportedCurvedShape { face: FaceKey(1v1), source: NotIsoRectangle { what: "pr
R1PROBE tinyrel r=0.05 t=0.1 | b∖a | want=1.5323445417117607e-5 rel=6.407922285403205e-12
R1PROBE tinyrel r=0.05 t=0.1 | a∩b | want=5.082753301811813e-4 rel=1.7491421059550574e-13
R1PROBE three lens-circle | a∪b (shape only) | ERR ResultInvalid { errors: [VolumeUncomputable { solid: SolidKey(1v1), source: RingOnCurvedFace { face: FaceKey(6
R1PROBE-SUMMARY three_balls bad=3

thread 'review_sphpair_r1_probes::r1_three_balls' (9717) panicked at crates/sweep/tests/review_sphpair_r1_probes.rs:139:5:
assertion `left == right` failed: three_balls: 3 wrong bodies
  left: 3
 right: 0
stack backtrace:
   0: __rustc::rust_begin_unwind
   1: core::panicking::panic_fmt
   2: core::panicking::assert_failed_inner
   3: core::panicking::assert_failed::<usize, usize>
   4: <all::review_sphpair_r1_probes::r1_three_balls::{closure#0} as core::ops::function::FnOnce<()>>::call_once
R1PROBE nonpar r=0.7 c=0.000,0.379,1.138 turn=xy60 | a∩b | OK SOUND t2=true t3p=true cert=true operand=true v=0.286343080 want=0.286343080 | F3 E4 V3 S1 sph[r0.7:2,r1:1] mesh=ERR UnsupportedCurvedShape { face: FaceKey(2v3), source: NotIsoRectangle { what: "pr
R1PROBE tinyrel r=0.05 t=0.25 | b∖a | want=8.464427321871543e-5 rel=9.574671659579215e-13
R1PROBE tinyrel r=0.05 t=0.25 | a∩b | want=4.389545023795835e-4 rel=4.100141578613064e-14
R1PROBE three2 +z,tilt | a∪b | OK SOUND t2=true t3p=true cert=true operand=true v=4.286534384 want=4.286534384 | F6 E10 V6 S1 sph[r1:4,r0.3:1,r0.3:1] mesh=ERR UnsupportedCurvedShape { face: FaceKey(1v1), source: NotIsoRectangle { what: "pr
R1PROBE tinyrel r=0.05 t=0.75 | b∖a | want=4.444802868312534e-4 rel=6.268893505159209e-14
R1PROBE tinyrel r=0.05 t=0.75 | a∩b | want=7.911848876704555e-5 rel=4.4125349836781146e-13
R1PROBE nonpar r=0.7 c=0.000,0.379,1.138 turn=xy60 | b∩a | OK SOUND t2=true t3p=true cert=true operand=true v=0.286343080 want=0.286343080 | F3 E4 V3 S1 sph[r0.7:2,r1:1] mesh=ERR UnsupportedCurvedShape { face: FaceKey(2v1), source: NotIsoRectangle { what: "pr
R1PROBE tinyrel r=0.05 t=0.9 | b∖a | want=5.095497142203465e-4 rel=1.3383643390652133e-13
R1PROBE tinyrel r=0.05 t=0.9 | a∩b | want=1.404906137795247e-5 rel=4.409930046372821e-12
R1PROBE-SUMMARY tiny_ball_relative_volume bad=9
R1PROBE three2 +z,tilt | b∪a | OK SOUND t2=true t3p=true cert=true operand=true v=4.286534384 want=4.286534384 | F6 E10 V6 S1 sph[r0.3:1,r1:4,r0.3:1] mesh=ERR UnsupportedCurvedShape { face: FaceKey(1v1), source: NotIsoRectangle { what: "pr
note: Some details are omitted, run with `RUST_BACKTRACE=full` for a verbose backtrace.

thread 'review_sphpair_r1_probes::r1_tiny_ball_relative_volume' (9720) panicked at crates/sweep/tests/review_sphpair_r1_probes.rs:139:5:
assertion `left == right` failed: tiny_ball_relative_volume: 9 wrong bodies
  left: 9
 right: 0
stack backtrace:
   0: __rustc::rust_begin_unwind
   1: core::panicking::panic_fmt
   2: core::panicking::assert_failed_inner
   3: core::panicking::assert_failed::<usize, usizetest review_sphpair_r1_probes::r1_three_balls ... FAILED
>
   4: <all::review_sphpair_r1_probes::r1_tiny_ball_relative_volume::{closure#0} as core::ops::function::FnOnce<()>>::call_once
note: Some details are omitted, run with `RUST_BACKTRACE=full` for a verbose backtrace.
test review_sphpair_r1_probes::r1_tiny_ball_relative_volume ... FAILED
R1PROBE three2 +z,tilt | a∖b | OK SOUND t2=true t3p=true cert=true operand=true v=4.060339713 want=4.060339713 | F10 E20 V12 S1 sph[r1:4,r0.3:3,r0.3:3] mesh=ERR UnsupportedCurvedShape { face: FaceKey(1v1), source: NotIsoRectangle { what: "pr
R1PROBE three2 +z,tilt | b∖a | OK BAD t2=true t3p=false cert=true operand=true v=0.097744179 want=0.097744179 | F4 E2 V2 S2 sph[r0.3:1,r1:2,r0.3:1] mesh=ERR UnsupportedCurvedShape { face: FaceKey(1v1), source: NotIsoRectangle { what: "pr
R1PROBE nonpar r=0.7 c=0.000,0.379,1.138 turn=xyz110 | a∪b | ERR ResultInvalid { errors: [VolumeUncomputable { solid: SolidKey(1v1), source: RingOnCurvedFace { face: FaceKey(1 | 
R1PROBE nonpar r=0.7 c=0.000,0.379,1.138 turn=xyz110 | b∪a | ERR ResultInvalid { errors: [VolumeUncomputable { solid: SolidKey(1v1), source: RingOnCurvedFace { face: FaceKey(4 | 
R1PROBE nonpar r=0.7 c=0.000,0.379,1.138 turn=xyz110 | a∖b | ERR ResultInvalid { errors: [VolumeUncomputable { solid: SolidKey(1v1), source: RingOnCurvedFace { face: FaceKey(1 | 
R1PROBE nonpar r=0.7 c=0.000,0.379,1.138 turn=xyz110 | b∖a | OK SOUND t2=true t3p=true cert=true operand=true v=1.150411960 want=1.150411960 | F3 E5 V4 S1 sph[r0.7:2,r1:1] mesh=ERR UnsupportedCurvedShape { face: FaceKey(1v1), source: NotIsoRectangle { what: "pr
R1PROBE three2 +z,tilt | a∩b | OK BAD t2=true t3p=false cert=true operand=true v=0.128450492 want=0.128450492 | F8 E12 V8 S2 sph[r0.3:3,r1:2,r0.3:3] mesh=ERR UnsupportedCurvedShape { face: FaceKey(1v3), source: NotIsoRectangle { what: "pr
R1PROBE nonpar r=0.7 c=0.000,0.379,1.138 turn=xyz110 | a∩b | OK SOUND t2=true t3p=true cert=true operand=true v=0.286343080 want=0.286343080 | F2 E1 V1 S1 sph[r0.7:1,r1:1] mesh=ERR UnsupportedCurvedShape { face: FaceKey(2v3), source: NotIsoRectangle { what: "pr
R1PROBE nonpar r=0.7 c=0.000,0.379,1.138 turn=xyz110 | b∩a | OK SOUND t2=true t3p=true cert=true operand=true v=0.286343080 want=0.286343080 | F2 E1 V1 S1 sph[r0.7:1,r1:1] mesh=ERR UnsupportedCurvedShape { face: FaceKey(2v1), source: NotIsoRectangle { what: "pr
R1PROBE three2 +z,tilt | b∩a | OK BAD t2=true t3p=false cert=true operand=true v=0.128450492 want=0.128450492 | F8 E12 V8 S2 sph[r0.3:3,r0.3:3,r1:2] mesh=ERR UnsupportedCurvedShape { face: FaceKey(3v1), source: NotIsoRectangle { what: "pr
R1PROBE three2 +z,tilt | b∖a t3p detail | [CensusUndecidable { a: Face(FaceKey(1v1)), b: Face(FaceKey(2v3)), what: "a curved face of one is within reach of the other, and the kernel cannot yet tell whether curved faces of two parts touch. There is no way through yet for a designed contact; otherwise move the parts until their bounding boxes no longer overlap" }, CensusUndecidable { a: Face(FaceKey(2v3)), b: Face(FaceKey(12v3)), what: "a c
R1PROBE three2 +z,tilt | a∩b t3p detail | [CensusUndecidable { a: Face(FaceKey(1v3)), b: Face(FaceKey(3v1)), what: "a curved face of one is within reach of the other, and the kernel cannot yet tell whether curved faces of two parts touch. There is no way through yet for a designed contact; otherwise move the parts until their bounding boxes no longer overlap" }, CensusUndecidable { a: Face(FaceKey(2v1)), b: Face(FaceKey(3v1)), what: "a cu
R1PROBE nonpar r=0.7 c=-0.524,0.262,1.047 turn=z30 | a∪b | OK SOUND t2=true t3p=true cert=true operand=true v=5.339202165 want=5.339202165 | F6 E12 V8 S1 sph[r0.7:3,r1:3] mesh=ERR UnsupportedCurvedShape { face: FaceKey(1v3), source: NotIsoRectangle { what: "pr
R1PROBE nonpar r=0.7 c=-0.524,0.262,1.047 turn=z30 | b∪a | OK SOUND t2=true t3p=true cert=true operand=true v=5.339202165 want=5.339202165 | F6 E12 V8 S1 sph[r0.7:3,r1:3] mesh=ERR UnsupportedCurvedShape { face: FaceKey(2v3), source: NotIsoRectangle { what: "pr
R1PROBE nonpar r=0.7 c=-0.524,0.262,1.047 turn=z30 | a∖b | OK SOUND t2=true t3p=true cert=true operand=true v=3.902447124 want=3.902447124 | F4 E6 V4 S1 sph[r0.7:1,r1:3] mesh=ERR UnsupportedCurvedShape { face: FaceKey(1v3), source: NotIsoRectangle { what: "pr
R1PROBE nonpar r=0.7 c=-0.524,0.262,1.047 turn=z30 | b∖a | OK SOUND t2=true t3p=true cert=true operand=true v=1.150411960 want=1.150411960 | F4 E6 V4 S1 sph[r0.7:3,r1:1] mesh=ERR UnsupportedCurvedShape { face: FaceKey(2v3), source: NotIsoRectangle { what: "pr
R1PROBE nonpar r=0.7 c=-0.524,0.262,1.047 turn=z30 | a∩b | OK SOUND t2=true t3p=true cert=true operand=true v=0.286343080 want=0.286343080 | F2 E1 V1 S1 sph[r1:1,r0.7:1] mesh=ERR UnsupportedCurvedShape { face: FaceKey(1v1), source: NotIsoRectangle { what: "pr
R1PROBE nonpar r=0.7 c=-0.524,0.262,1.047 turn=z30 | b∩a | OK SOUND t2=true t3p=true cert=true operand=true v=0.286343080 want=0.286343080 | F2 E1 V1 S1 sph[r0.7:1,r1:1] mesh=ERR UnsupportedCurvedShape { face: FaceKey(2v1), source: NotIsoRectangle { what: "pr
R1PROBE three2 tilt,tilt2 | a∪b | OK SOUND t2=true t3p=true cert=true operand=true v=4.286534384 want=4.286534384 | F6 E10 V6 S1 sph[r1:4,r0.3:1,r0.3:1] mesh=ERR UnsupportedCurvedShape { face: FaceKey(1v1), source: NotIsoRectangle { what: "pr
R1PROBE three2 tilt,tilt2 | b∪a | OK SOUND t2=true t3p=true cert=true operand=true v=4.286534384 want=4.286534384 | F6 E10 V6 S1 sph[r0.3:1,r1:4,r0.3:1] mesh=ERR UnsupportedCurvedShape { face: FaceKey(3v1), source: NotIsoRectangle { what: "pr
R1PROBE three2 tilt,tilt2 | a∖b | OK SOUND t2=true t3p=true cert=true operand=true v=4.060339713 want=4.060339713 | F10 E22 V14 S1 sph[r1:4,r0.3:3,r0.3:3] mesh=ERR UnsupportedCurvedShape { face: FaceKey(1v1), source: NotIsoRectangle { what: "pr
R1PROBE three2 tilt,tilt2 | b∖a | OK BAD t2=true t3p=false cert=true operand=true v=0.097744179 want=0.097744179 | F4 E2 V2 S2 sph[r0.3:1,r1:2,r0.3:1] mesh=ERR UnsupportedCurvedShape { face: FaceKey(3v1), source: NotIsoRectangle { what: "pr
R1PROBE nonpar r=0.7 c=-0.524,0.262,1.047 turn=z90 | a∪b | OK SOUND t2=true t3p=true cert=true operand=true v=5.339202165 want=5.339202165 | F6 E12 V8 S1 sph[r1:3,r0.7:3] mesh=ERR UnsupportedCurvedShape { face: FaceKey(1v1), source: NotIsoRectangle { what: "pr
R1PROBE nonpar r=0.7 c=-0.524,0.262,1.047 turn=z90 | b∪a | OK SOUND t2=true t3p=true cert=true operand=true v=5.339202165 want=5.339202165 | F6 E12 V8 S1 sph[r0.7:3,r1:3] mesh=ERR UnsupportedCurvedShape { face: FaceKey(2v1), source: NotIsoRectangle { what: "pr
R1PROBE three2 tilt,tilt2 | a∩b | OK BAD t2=true t3p=false cert=true operand=true v=0.128450492 want=0.128450492 | F8 E12 V8 S2 sph[r1:2,r0.3:3,r0.3:3] mesh=ERR UnsupportedCurvedShape { face: FaceKey(2v1), source: NotIsoRectangle { what: "pr
R1PROBE nonpar r=0.7 c=-0.524,0.262,1.047 turn=z90 | a∖b | OK SOUND t2=true t3p=true cert=true operand=true v=3.902447124 want=3.902447124 | F4 E6 V4 S1 sph[r1:3,r0.7:1] mesh=ERR UnsupportedCurvedShape { face: FaceKey(1v1), source: NotIsoRectangle { what: "pr
R1PROBE nonpar r=0.7 c=-0.524,0.262,1.047 turn=z90 | b∖a | OK SOUND t2=true t3p=true cert=true operand=true v=1.150411960 want=1.150411960 | F4 E6 V4 S1 sph[r0.7:3,r1:1] mesh=ERR UnsupportedCurvedShape { face: FaceKey(2v1), source: NotIsoRectangle { what: "pr
R1PROBE three2 tilt,tilt2 | b∩a | OK BAD t2=true t3p=false cert=true operand=true v=0.128450492 want=0.128450492 | F8 E12 V8 S2 sph[r0.3:3,r1:2,r0.3:3] mesh=ERR UnsupportedCurvedShape { face: FaceKey(1v1), source: NotIsoRectangle { what: "pr
R1PROBE nonpar r=0.7 c=-0.524,0.262,1.047 turn=z90 | a∩b | OK SOUND t2=true t3p=true cert=true operand=true v=0.286343080 want=0.286343080 | F2 E1 V1 S1 sph[r0.7:1,r1:1] mesh=ERR UnsupportedCurvedShape { face: FaceKey(3v3), source: NotIsoRectangle { what: "pr
R1PROBE nonpar r=0.7 c=-0.524,0.262,1.047 turn=z90 | b∩a | OK SOUND t2=true t3p=true cert=true operand=true v=0.286343080 want=0.286343080 | F2 E1 V1 S1 sph[r1:1,r0.7:1] mesh=ERR UnsupportedCurvedShape { face: FaceKey(3v3), source: NotIsoRectangle { what: "pr
R1PROBE three2 tilt,tilt2 | b∖a t3p detail | [CensusUndecidable { a: Face(FaceKey(3v1)), b: Face(FaceKey(5v3)), what: "a curved face of one is within reach of the other, and the kernel cannot yet tell whether curved faces of two parts touch. There is no way through yet for a designed contact; otherwise move the parts until their bounding boxes no longer overlap" }, CensusUndecidable { a: Face(FaceKey(5v3)), b: Face(FaceKey(8v5)), what: "a cu
R1PROBE three2 tilt,tilt2 | a∩b t3p detail | [CensusUndecidable { a: Face(FaceKey(2v1)), b: Face(FaceKey(5v5)), what: "a curved face of one is within reach of the other, and the kernel cannot yet tell whether curved faces of two parts touch. There is no way through yet for a designed contact; otherwise move the parts until their bounding boxes no longer overlap" }, CensusUndecidable { a: Face(FaceKey(2v1)), b: Face(FaceKey(7v5)), what: "a cu
R1PROBE nonpar r=0.7 c=-0.524,0.262,1.047 turn=x45 | a∪b | ERR ResultInvalid { errors: [VolumeUncomputable { solid: SolidKey(1v1), source: RingOnCurvedFace { face: FaceKey(1 | 
R1PROBE nonpar r=0.7 c=-0.524,0.262,1.047 turn=x45 | b∪a | ERR ResultInvalid { errors: [VolumeUncomputable { solid: SolidKey(1v1), source: RingOnCurvedFace { face: FaceKey(4 | 
R1PROBE nonpar r=0.7 c=-0.524,0.262,1.047 turn=x45 | a∖b | ERR ResultInvalid { errors: [VolumeUncomputable { solid: SolidKey(1v1), source: RingOnCurvedFace { face: FaceKey(1 | 
R1PROBE nonpar r=0.7 c=-0.524,0.262,1.047 turn=x45 | b∖a | OK SOUND t2=true t3p=true cert=true operand=true v=1.150411960 want=1.150411960 | F3 E4 V3 S1 sph[r0.7:2,r1:1] mesh=ERR UnsupportedCurvedShape { face: FaceKey(1v1), source: NotIsoRectangle { what: "pr
R1PROBE three2 -x,tilt | a∪b | ERR CurvedPairUnsupported { op: Some(Union), site: InteriorLoopGuard, operand: A, face: FaceKey(2v1), kind: Sphere | 
R1PROBE three2 -x,tilt | b∪a | ERR CurvedPairUnsupported { op: Some(Union), site: InteriorLoopGuard, operand: A, face: FaceKey(3v1), kind: Sphere | 
R1PROBE three2 -x,tilt | a∖b | ERR ResultInvalid { errors: [VolumeUncomputable { solid: SolidKey(1v1), source: RingOnCurvedFace { face: FaceKey(4 | 
R1PROBE three2 -x,tilt | b∖a | ERR CurvedPairUnsupported { op: Some(Subtract), site: InteriorLoopGuard, operand: A, face: FaceKey(3v1), kind: Sph | 
R1PROBE three2 -x,tilt | a∩b | ERR ResultInvalid { errors: [VolumeUncomputable { solid: SolidKey(1v1), source: RingOnCurvedFace { face: FaceKey(6 | 
R1PROBE three2 -x,tilt | b∩a | ERR ResultInvalid { errors: [VolumeUncomputable { solid: SolidKey(1v1), source: RingOnCurvedFace { face: FaceKey(1 | 
R1PROBE nonpar r=0.7 c=-0.524,0.262,1.047 turn=x45 | a∩b | OK SOUND t2=true t3p=true cert=true operand=true v=0.286343080 want=0.286343080 | F3 E4 V3 S1 sph[r0.7:2,r1:1] mesh=ERR UnsupportedCurvedShape { face: FaceKey(2v3), source: NotIsoRectangle { what: "pr
R1PROBE-SUMMARY three_balls_off_both_seams bad=9

thread 'review_sphpair_r1_probes::r1_three_balls_off_both_seams' (9718) panicked at crates/sweep/tests/review_sphpair_r1_probes.rs:139:5:
assertion `left == right` failed: three_balls_off_both_seams: 9 wrong bodies
  left: 9
 right: 0
stack backtrace:
   0: __rustc::rust_begin_unwind
   1: core::panicking::panic_fmt
   2: core::panicking::assert_failed_inner
   3: core::panicking::assert_failed::<usize, usize>
   4: <all::review_sphpair_r1_probes::r1_three_balls_off_both_seams::{closure#0} as core::ops::function::FnOnce<()>>::call_once
note: Some details are omitted, run with `RUST_BACKTRACE=full` for a verbose backtrace.
test review_sphpair_r1_probes::r1_three_balls_off_both_seams ... FAILED
R1PROBE nonpar r=0.7 c=-0.524,0.262,1.047 turn=x45 | b∩a | OK SOUND t2=true t3p=true cert=true operand=true v=0.286343080 want=0.286343080 | F3 E4 V3 S1 sph[r0.7:2,r1:1] mesh=ERR UnsupportedCurvedShape { face: FaceKey(2v1), source: NotIsoRectangle { what: "pr
R1PROBE nonpar r=0.7 c=-0.524,0.262,1.047 turn=xy60 | a∪b | ERR ResultInvalid { errors: [VolumeUncomputable { solid: SolidKey(1v1), source: RingOnCurvedFace { face: FaceKey(1 | 
R1PROBE nonpar r=0.7 c=-0.524,0.262,1.047 turn=xy60 | b∪a | ERR ResultInvalid { errors: [VolumeUncomputable { solid: SolidKey(1v1), source: RingOnCurvedFace { face: FaceKey(4 | 
R1PROBE nonpar r=0.7 c=-0.524,0.262,1.047 turn=xy60 | a∖b | ERR ResultInvalid { errors: [VolumeUncomputable { solid: SolidKey(1v1), source: RingOnCurvedFace { face: FaceKey(1 | 
R1PROBE nonpar r=0.7 c=-0.524,0.262,1.047 turn=xy60 | b∖a | OK SOUND t2=true t3p=true cert=true operand=true v=1.150411960 want=1.150411960 | F3 E4 V3 S1 sph[r0.7:2,r1:1] mesh=ERR UnsupportedCurvedShape { face: FaceKey(1v1), source: NotIsoRectangle { what: "pr
R1PROBE nonpar r=0.7 c=-0.524,0.262,1.047 turn=xy60 | a∩b | OK SOUND t2=true t3p=true cert=true operand=true v=0.286343080 want=0.286343080 | F3 E4 V3 S1 sph[r0.7:2,r1:1] mesh=ERR UnsupportedCurvedShape { face: FaceKey(2v3), source: NotIsoRectangle { what: "pr
R1PROBE nonpar r=0.7 c=-0.524,0.262,1.047 turn=xy60 | b∩a | OK SOUND t2=true t3p=true cert=true operand=true v=0.286343080 want=0.286343080 | F3 E4 V3 S1 sph[r0.7:2,r1:1] mesh=ERR UnsupportedCurvedShape { face: FaceKey(2v1), source: NotIsoRectangle { what: "pr
R1PROBE nonpar r=0.7 c=-0.524,0.262,1.047 turn=xyz110 | a∪b | ERR ResultInvalid { errors: [VolumeUncomputable { solid: SolidKey(1v1), source: RingOnCurvedFace { face: FaceKey(1 | 
R1PROBE nonpar r=0.7 c=-0.524,0.262,1.047 turn=xyz110 | b∪a | ERR ResultInvalid { errors: [VolumeUncomputable { solid: SolidKey(1v1), source: RingOnCurvedFace { face: FaceKey(4 | 
R1PROBE nonpar r=0.7 c=-0.524,0.262,1.047 turn=xyz110 | a∖b | ERR ResultInvalid { errors: [VolumeUncomputable { solid: SolidKey(1v1), source: RingOnCurvedFace { face: FaceKey(1 | 
R1PROBE nonpar r=0.7 c=-0.524,0.262,1.047 turn=xyz110 | b∖a | OK SOUND t2=true t3p=true cert=true operand=true v=1.150411960 want=1.150411960 | F3 E5 V4 S1 sph[r0.7:2,r1:1] mesh=ERR UnsupportedCurvedShape { face: FaceKey(1v1), source: NotIsoRectangle { what: "pr
R1PROBE nonpar r=0.7 c=-0.524,0.262,1.047 turn=xyz110 | a∩b | OK SOUND t2=true t3p=true cert=true operand=true v=0.286343080 want=0.286343080 | F2 E1 V1 S1 sph[r0.7:1,r1:1] mesh=ERR UnsupportedCurvedShape { face: FaceKey(2v3), source: NotIsoRectangle { what: "pr
R1PROBE nonpar r=0.7 c=-0.524,0.262,1.047 turn=xyz110 | b∩a | OK SOUND t2=true t3p=true cert=true operand=true v=0.286343080 want=0.286343080 | F2 E1 V1 S1 sph[r0.7:1,r1:1] mesh=ERR UnsupportedCurvedShape { face: FaceKey(2v1), source: NotIsoRectangle { what: "pr
R1PROBE nonpar r=1 c=0.000,0.000,1.500 turn=z30 | a∪b | OK SOUND t2=true t3p=true cert=true operand=true v=8.017606251 want=8.017606251 | F6 E12 V8 S1 sph[r1:3,r1:3] mesh=ERR UnsupportedCurvedShape { face: FaceKey(1v3), source: NotIsoRectangle { what: "pr
R1PROBE nonpar r=1 c=0.000,0.000,1.500 turn=z30 | b∪a | OK SOUND t2=true t3p=true cert=true operand=true v=8.017606251 want=8.017606251 | F6 E12 V8 S1 sph[r1:3,r1:3] mesh=ERR UnsupportedCurvedShape { face: FaceKey(2v3), source: NotIsoRectangle { what: "pr
R1PROBE nonpar r=1 c=0.000,0.000,1.500 turn=z30 | a∖b | OK SOUND t2=true t3p=true cert=true operand=true v=3.828816047 want=3.828816047 | F4 E6 V4 S1 sph[r1:1,r1:3] mesh=ERR UnsupportedCurvedShape { face: FaceKey(1v3), source: NotIsoRectangle { what: "pr
R1PROBE nonpar r=1 c=0.000,0.000,1.500 turn=z30 | b∖a | OK SOUND t2=true t3p=true cert=true operand=true v=3.828816047 want=3.828816047 | F4 E6 V4 S1 sph[r1:3,r1:1] mesh=ERR UnsupportedCurvedShape { face: FaceKey(2v3), source: NotIsoRectangle { what: "pr
R1PROBE nonpar r=1 c=0.000,0.000,1.500 turn=z30 | a∩b | OK SOUND t2=true t3p=true cert=true operand=true v=0.359974158 want=0.359974158 | F2 E1 V1 S1 sph[r1:1,r1:1] mesh=ERR UnsupportedCurvedShape { face: FaceKey(1v1), source: NotIsoRectangle { what: "pr
R1PROBE nonpar r=1 c=0.000,0.000,1.500 turn=z30 | b∩a | OK SOUND t2=true t3p=true cert=true operand=true v=0.359974158 want=0.359974158 | F2 E1 V1 S1 sph[r1:1,r1:1] mesh=ERR UnsupportedCurvedShape { face: FaceKey(2v1), source: NotIsoRectangle { what: "pr
R1PROBE nonpar r=1 c=0.000,0.000,1.500 turn=z90 | a∪b | OK SOUND t2=true t3p=true cert=true operand=true v=8.017606251 want=8.017606251 | F6 E12 V8 S1 sph[r1:3,r1:3] mesh=ERR UnsupportedCurvedShape { face: FaceKey(1v3), source: NotIsoRectangle { what: "pr
R1PROBE nonpar r=1 c=0.000,0.000,1.500 turn=z90 | b∪a | OK SOUND t2=true t3p=true cert=true operand=true v=8.017606251 want=8.017606251 | F6 E12 V8 S1 sph[r1:3,r1:3] mesh=ERR UnsupportedCurvedShape { face: FaceKey(2v3), source: NotIsoRectangle { what: "pr
R1PROBE nonpar r=1 c=0.000,0.000,1.500 turn=z90 | a∖b | OK SOUND t2=true t3p=true cert=true operand=true v=3.828816047 want=3.828816047 | F4 E6 V4 S1 sph[r1:3,r1:1] mesh=ERR UnsupportedCurvedShape { face: FaceKey(3v1), source: NotIsoRectangle { what: "pr
R1PROBE nonpar r=1 c=0.000,0.000,1.500 turn=z90 | b∖a | OK SOUND t2=true t3p=true cert=true operand=true v=3.828816047 want=3.828816047 | F4 E6 V4 S1 sph[r1:3,r1:1] mesh=ERR UnsupportedCurvedShape { face: FaceKey(3v1), source: NotIsoRectangle { what: "pr
R1PROBE nonpar r=1 c=0.000,0.000,1.500 turn=z90 | a∩b | OK SOUND t2=true t3p=true cert=true operand=true v=0.359974158 want=0.359974158 | F2 E1 V1 S1 sph[r1:1,r1:1] mesh=ERR UnsupportedCurvedShape { face: FaceKey(1v1), source: NotIsoRectangle { what: "pr
R1PROBE nonpar r=1 c=0.000,0.000,1.500 turn=z90 | b∩a | OK SOUND t2=true t3p=true cert=true operand=true v=0.359974158 want=0.359974158 | F2 E1 V1 S1 sph[r1:1,r1:1] mesh=ERR UnsupportedCurvedShape { face: FaceKey(2v1), source: NotIsoRectangle { what: "pr
R1PROBE nonpar r=1 c=0.000,0.000,1.500 turn=x45 | a∪b | OK SOUND t2=true t3p=true cert=true operand=true v=8.017606251 want=8.017606251 | F6 E10 V6 S1 sph[r1:3,r1:3] mesh=ERR UnsupportedCurvedShape { face: FaceKey(1v1), source: NotIsoRectangle { what: "pr
R1PROBE nonpar r=1 c=0.000,0.000,1.500 turn=x45 | b∪a | OK SOUND t2=true t3p=true cert=true operand=true v=8.017606251 want=8.017606251 | F6 E10 V6 S1 sph[r1:3,r1:3] mesh=ERR UnsupportedCurvedShape { face: FaceKey(2v1), source: NotIsoRectangle { what: "pr
R1PROBE nonpar r=1 c=0.000,0.000,1.500 turn=x45 | a∖b | OK SOUND t2=true t3p=true cert=true operand=true v=3.828816047 want=3.828816047 | F4 E6 V4 S1 sph[r1:3,r1:1] mesh=ERR UnsupportedCurvedShape { face: FaceKey(1v1), source: NotIsoRectangle { what: "pr
R1PROBE nonpar r=1 c=0.000,0.000,1.500 turn=x45 | b∖a | OK SOUND t2=true t3p=true cert=true operand=true v=3.828816047 want=3.828816047 | F4 E6 V4 S1 sph[r1:3,r1:1] mesh=ERR UnsupportedCurvedShape { face: FaceKey(2v1), source: NotIsoRectangle { what: "pr
R1PROBE nonpar r=1 c=0.000,0.000,1.500 turn=x45 | a∩b | OK SOUND t2=true t3p=true cert=true operand=true v=0.359974158 want=0.359974158 | F2 E1 V1 S1 sph[r1:1,r1:1] mesh=ERR UnsupportedCurvedShape { face: FaceKey(3v1), source: NotIsoRectangle { what: "pr
R1PROBE nonpar r=1 c=0.000,0.000,1.500 turn=x45 | b∩a | OK SOUND t2=true t3p=true cert=true operand=true v=0.359974158 want=0.359974158 | F2 E1 V1 S1 sph[r1:1,r1:1] mesh=ERR UnsupportedCurvedShape { face: FaceKey(3v1), source: NotIsoRectangle { what: "pr
R1PROBE nonpar r=1 c=0.000,0.000,1.500 turn=xy60 | a∪b | ERR ResultInvalid { errors: [VolumeUncomputable { solid: SolidKey(1v1), source: RingOnCurvedFace { face: FaceKey(1 | 
R1PROBE nonpar r=1 c=0.000,0.000,1.500 turn=xy60 | b∪a | ERR ResultInvalid { errors: [VolumeUncomputable { solid: SolidKey(1v1), source: RingOnCurvedFace { face: FaceKey(6 | 
R1PROBE nonpar r=1 c=0.000,0.000,1.500 turn=xy60 | a∖b | ERR ResultInvalid { errors: [VolumeUncomputable { solid: SolidKey(1v1), source: RingOnCurvedFace { face: FaceKey(1 | 
R1PROBE nonpar r=1 c=0.000,0.000,1.500 turn=xy60 | b∖a | OK SOUND t2=true t3p=true cert=true operand=true v=3.828816047 want=3.828816047 | F3 E5 V4 S1 sph[r1:2,r1:1] mesh=ERR UnsupportedCurvedShape { face: FaceKey(2v1), source: NotIsoRectangle { what: "pr
R1PROBE nonpar r=1 c=0.000,0.000,1.500 turn=xy60 | a∩b | OK SOUND t2=true t3p=true cert=true operand=true v=0.359974158 want=0.359974158 | F2 E1 V1 S1 sph[r1:1,r1:1] mesh=ERR UnsupportedCurvedShape { face: FaceKey(2v3), source: NotIsoRectangle { what: "pr
R1PROBE nonpar r=1 c=0.000,0.000,1.500 turn=xy60 | b∩a | OK SOUND t2=true t3p=true cert=true operand=true v=0.359974158 want=0.359974158 | F2 E1 V1 S1 sph[r1:1,r1:1] mesh=ERR UnsupportedCurvedShape { face: FaceKey(1v1), source: NotIsoRectangle { what: "pr
R1PROBE nonpar r=1 c=0.000,0.000,1.500 turn=xyz110 | a∪b | ERR ResultInvalid { errors: [VolumeUncomputable { solid: SolidKey(1v1), source: RingOnCurvedFace { face: FaceKey(1 | 
R1PROBE nonpar r=1 c=0.000,0.000,1.500 turn=xyz110 | b∪a | ERR ResultInvalid { errors: [VolumeUncomputable { solid: SolidKey(1v1), source: RingOnCurvedFace { face: FaceKey(4 | 
R1PROBE nonpar r=1 c=0.000,0.000,1.500 turn=xyz110 | a∖b | ERR ResultInvalid { errors: [VolumeUncomputable { solid: SolidKey(1v1), source: RingOnCurvedFace { face: FaceKey(1 | 
R1PROBE nonpar r=1 c=0.000,0.000,1.500 turn=xyz110 | b∖a | OK SOUND t2=true t3p=true cert=true operand=true v=3.828816047 want=3.828816047 | F3 E5 V4 S1 sph[r1:2,r1:1] mesh=ERR UnsupportedCurvedShape { face: FaceKey(1v1), source: NotIsoRectangle { what: "pr
R1PROBE nonpar r=1 c=0.000,0.000,1.500 turn=xyz110 | a∩b | OK SOUND t2=true t3p=true cert=true operand=true v=0.359974158 want=0.359974158 | F2 E1 V1 S1 sph[r1:1,r1:1] mesh=ERR UnsupportedCurvedShape { face: FaceKey(2v3), source: NotIsoRectangle { what: "pr
R1PROBE nonpar r=1 c=0.000,0.000,1.500 turn=xyz110 | b∩a | OK SOUND t2=true t3p=true cert=true operand=true v=0.359974158 want=0.359974158 | F2 E1 V1 S1 sph[r1:1,r1:1] mesh=ERR UnsupportedCurvedShape { face: FaceKey(2v1), source: NotIsoRectangle { what: "pr
R1PROBE nonpar r=1 c=0.000,0.474,1.423 turn=z30 | a∪b | OK SOUND t2=true t3p=true cert=true operand=true v=8.017606251 want=8.017606251 | F6 E12 V8 S1 sph[r1:3,r1:3] mesh=ERR UnsupportedCurvedShape { face: FaceKey(1v3), source: NotIsoRectangle { what: "pr
R1PROBE nonpar r=1 c=0.000,0.474,1.423 turn=z30 | b∪a | OK SOUND t2=true t3p=true cert=true operand=true v=8.017606251 want=8.017606251 | F6 E12 V8 S1 sph[r1:3,r1:3] mesh=ERR UnsupportedCurvedShape { face: FaceKey(2v3), source: NotIsoRectangle { what: "pr
R1PROBE nonpar r=1 c=0.000,0.474,1.423 turn=z30 | a∖b | OK SOUND t2=true t3p=true cert=true operand=true v=3.828816047 want=3.828816047 | F4 E6 V4 S1 sph[r1:1,r1:3] mesh=ERR UnsupportedCurvedShape { face: FaceKey(1v3), source: NotIsoRectangle { what: "pr
R1PROBE nonpar r=1 c=0.000,0.474,1.423 turn=z30 | b∖a | OK SOUND t2=true t3p=true cert=true operand=true v=3.828816047 want=3.828816047 | F4 E6 V4 S1 sph[r1:3,r1:1] mesh=ERR UnsupportedCurvedShape { face: FaceKey(2v3), source: NotIsoRectangle { what: "pr
R1PROBE nonpar r=1 c=0.000,0.474,1.423 turn=z30 | a∩b | OK SOUND t2=true t3p=true cert=true operand=true v=0.359974158 want=0.359974158 | F2 E1 V1 S1 sph[r1:1,r1:1] mesh=ERR UnsupportedCurvedShape { face: FaceKey(1v1), source: NotIsoRectangle { what: "pr
R1PROBE nonpar r=1 c=0.000,0.474,1.423 turn=z30 | b∩a | OK SOUND t2=true t3p=true cert=true operand=true v=0.359974158 want=0.359974158 | F2 E1 V1 S1 sph[r1:1,r1:1] mesh=ERR UnsupportedCurvedShape { face: FaceKey(2v1), source: NotIsoRectangle { what: "pr
R1PROBE nonpar r=1 c=0.000,0.474,1.423 turn=z90 | a∪b | OK SOUND t2=true t3p=true cert=true operand=true v=8.017606251 want=8.017606251 | F6 E12 V8 S1 sph[r1:3,r1:3] mesh=ERR UnsupportedCurvedShape { face: FaceKey(1v3), source: NotIsoRectangle { what: "pr
R1PROBE nonpar r=1 c=0.000,0.474,1.423 turn=z90 | b∪a | OK SOUND t2=true t3p=true cert=true operand=true v=8.017606251 want=8.017606251 | F6 E12 V8 S1 sph[r1:3,r1:3] mesh=ERR UnsupportedCurvedShape { face: FaceKey(2v3), source: NotIsoRectangle { what: "pr
R1PROBE nonpar r=1 c=0.000,0.474,1.423 turn=z90 | a∖b | OK SOUND t2=true t3p=true cert=true operand=true v=3.828816047 want=3.828816047 | F4 E6 V4 S1 sph[r1:3,r1:1] mesh=ERR UnsupportedCurvedShape { face: FaceKey(3v1), source: NotIsoRectangle { what: "pr
R1PROBE nonpar r=1 c=0.000,0.474,1.423 turn=z90 | b∖a | OK SOUND t2=true t3p=true cert=true operand=true v=3.828816047 want=3.828816047 | F4 E6 V4 S1 sph[r1:3,r1:1] mesh=ERR UnsupportedCurvedShape { face: FaceKey(3v1), source: NotIsoRectangle { what: "pr
R1PROBE nonpar r=1 c=0.000,0.474,1.423 turn=z90 | a∩b | OK SOUND t2=true t3p=true cert=true operand=true v=0.359974158 want=0.359974158 | F2 E1 V1 S1 sph[r1:1,r1:1] mesh=ERR UnsupportedCurvedShape { face: FaceKey(1v1), source: NotIsoRectangle { what: "pr
R1PROBE nonpar r=1 c=0.000,0.474,1.423 turn=z90 | b∩a | OK SOUND t2=true t3p=true cert=true operand=true v=0.359974158 want=0.359974158 | F2 E1 V1 S1 sph[r1:1,r1:1] mesh=ERR UnsupportedCurvedShape { face: FaceKey(2v1), source: NotIsoRectangle { what: "pr
R1PROBE nonpar r=1 c=0.000,0.474,1.423 turn=x45 | a∪b | ERR ResultInvalid { errors: [VolumeUncomputable { solid: SolidKey(1v1), source: RingOnCurvedFace { face: FaceKey(1 | 
R1PROBE nonpar r=1 c=0.000,0.474,1.423 turn=x45 | b∪a | ERR ResultInvalid { errors: [VolumeUncomputable { solid: SolidKey(1v1), source: RingOnCurvedFace { face: FaceKey(4 | 
R1PROBE nonpar r=1 c=0.000,0.474,1.423 turn=x45 | a∖b | ERR ResultInvalid { errors: [VolumeUncomputable { solid: SolidKey(1v1), source: RingOnCurvedFace { face: FaceKey(1 | 
R1PROBE nonpar r=1 c=0.000,0.474,1.423 turn=x45 | b∖a | OK SOUND t2=true t3p=true cert=true operand=true v=3.828816047 want=3.828816047 | F3 E4 V3 S1 sph[r1:2,r1:1] mesh=ERR UnsupportedCurvedShape { face: FaceKey(1v1), source: NotIsoRectangle { what: "pr
R1PROBE nonpar r=1 c=0.000,0.474,1.423 turn=x45 | a∩b | OK SOUND t2=true t3p=true cert=true operand=true v=0.359974158 want=0.359974158 | F3 E4 V3 S1 sph[r1:2,r1:1] mesh=ERR UnsupportedCurvedShape { face: FaceKey(2v3), source: NotIsoRectangle { what: "pr
R1PROBE nonpar r=1 c=0.000,0.474,1.423 turn=x45 | b∩a | OK SOUND t2=true t3p=true cert=true operand=true v=0.359974158 want=0.359974158 | F3 E4 V3 S1 sph[r1:2,r1:1] mesh=ERR UnsupportedCurvedShape { face: FaceKey(2v1), source: NotIsoRectangle { what: "pr
R1PROBE nonpar r=1 c=0.000,0.474,1.423 turn=xy60 | a∪b | ERR ResultInvalid { errors: [VolumeUncomputable { solid: SolidKey(1v1), source: RingOnCurvedFace { face: FaceKey(1 | 
R1PROBE nonpar r=1 c=0.000,0.474,1.423 turn=xy60 | b∪a | ERR ResultInvalid { errors: [VolumeUncomputable { solid: SolidKey(1v1), source: RingOnCurvedFace { face: FaceKey(4 | 
R1PROBE nonpar r=1 c=0.000,0.474,1.423 turn=xy60 | a∖b | ERR ResultInvalid { errors: [VolumeUncomputable { solid: SolidKey(1v1), source: RingOnCurvedFace { face: FaceKey(1 | 
R1PROBE nonpar r=1 c=0.000,0.474,1.423 turn=xy60 | b∖a | OK SOUND t2=true t3p=true cert=true operand=true v=3.828816047 want=3.828816047 | F3 E4 V3 S1 sph[r1:2,r1:1] mesh=ERR UnsupportedCurvedShape { face: FaceKey(1v1), source: NotIsoRectangle { what: "pr
R1PROBE nonpar r=1 c=0.000,0.474,1.423 turn=xy60 | a∩b | OK SOUND t2=true t3p=true cert=true operand=true v=0.359974158 want=0.359974158 | F3 E4 V3 S1 sph[r1:2,r1:1] mesh=ERR UnsupportedCurvedShape { face: FaceKey(2v3), source: NotIsoRectangle { what: "pr
R1PROBE nonpar r=1 c=0.000,0.474,1.423 turn=xy60 | b∩a | OK SOUND t2=true t3p=true cert=true operand=true v=0.359974158 want=0.359974158 | F3 E4 V3 S1 sph[r1:2,r1:1] mesh=ERR UnsupportedCurvedShape { face: FaceKey(2v1), source: NotIsoRectangle { what: "pr
R1PROBE nonpar r=1 c=0.000,0.474,1.423 turn=xyz110 | a∪b | ERR ResultInvalid { errors: [VolumeUncomputable { solid: SolidKey(1v1), source: RingOnCurvedFace { face: FaceKey(1 | 
R1PROBE nonpar r=1 c=0.000,0.474,1.423 turn=xyz110 | b∪a | ERR ResultInvalid { errors: [VolumeUncomputable { solid: SolidKey(1v1), source: RingOnCurvedFace { face: FaceKey(4 | 
R1PROBE nonpar r=1 c=0.000,0.474,1.423 turn=xyz110 | a∖b | ERR ResultInvalid { errors: [VolumeUncomputable { solid: SolidKey(1v1), source: RingOnCurvedFace { face: FaceKey(1 | 
R1PROBE nonpar r=1 c=0.000,0.474,1.423 turn=xyz110 | b∖a | OK SOUND t2=true t3p=true cert=true operand=true v=3.828816047 want=3.828816047 | F3 E5 V4 S1 sph[r1:2,r1:1] mesh=ERR UnsupportedCurvedShape { face: FaceKey(1v1), source: NotIsoRectangle { what: "pr
R1PROBE nonpar r=1 c=0.000,0.474,1.423 turn=xyz110 | a∩b | OK SOUND t2=true t3p=true cert=true operand=true v=0.359974158 want=0.359974158 | F2 E1 V1 S1 sph[r1:1,r1:1] mesh=ERR UnsupportedCurvedShape { face: FaceKey(2v3), source: NotIsoRectangle { what: "pr
R1PROBE nonpar r=1 c=0.000,0.474,1.423 turn=xyz110 | b∩a | OK SOUND t2=true t3p=true cert=true operand=true v=0.359974158 want=0.359974158 | F2 E1 V1 S1 sph[r1:1,r1:1] mesh=ERR UnsupportedCurvedShape { face: FaceKey(2v1), source: NotIsoRectangle { what: "pr
R1PROBE nonpar r=1 c=-0.655,0.327,1.309 turn=z30 | a∪b | OK SOUND t2=true t3p=true cert=true operand=true v=8.017606251 want=8.017606251 | F6 E12 V8 S1 sph[r1:3,r1:3] mesh=ERR UnsupportedCurvedShape { face: FaceKey(1v3), source: NotIsoRectangle { what: "pr
R1PROBE nonpar r=1 c=-0.655,0.327,1.309 turn=z30 | b∪a | OK SOUND t2=true t3p=true cert=true operand=true v=8.017606251 want=8.017606251 | F6 E12 V8 S1 sph[r1:3,r1:3] mesh=ERR UnsupportedCurvedShape { face: FaceKey(2v3), source: NotIsoRectangle { what: "pr
R1PROBE nonpar r=1 c=-0.655,0.327,1.309 turn=z30 | a∖b | OK SOUND t2=true t3p=true cert=true operand=true v=3.828816047 want=3.828816047 | F4 E6 V4 S1 sph[r1:1,r1:3] mesh=ERR UnsupportedCurvedShape { face: FaceKey(1v3), source: NotIsoRectangle { what: "pr
R1PROBE nonpar r=1 c=-0.655,0.327,1.309 turn=z30 | b∖a | OK SOUND t2=true t3p=true cert=true operand=true v=3.828816047 want=3.828816047 | F4 E6 V4 S1 sph[r1:3,r1:1] mesh=ERR UnsupportedCurvedShape { face: FaceKey(2v3), source: NotIsoRectangle { what: "pr
R1PROBE nonpar r=1 c=-0.655,0.327,1.309 turn=z30 | a∩b | OK SOUND t2=true t3p=true cert=true operand=true v=0.359974158 want=0.359974158 | F2 E1 V1 S1 sph[r1:1,r1:1] mesh=ERR UnsupportedCurvedShape { face: FaceKey(1v1), source: NotIsoRectangle { what: "pr
R1PROBE nonpar r=1 c=-0.655,0.327,1.309 turn=z30 | b∩a | OK SOUND t2=true t3p=true cert=true operand=true v=0.359974158 want=0.359974158 | F2 E1 V1 S1 sph[r1:1,r1:1] mesh=ERR UnsupportedCurvedShape { face: FaceKey(2v1), source: NotIsoRectangle { what: "pr
R1PROBE nonpar r=1 c=-0.655,0.327,1.309 turn=z90 | a∪b | OK SOUND t2=true t3p=true cert=true operand=true v=8.017606251 want=8.017606251 | F6 E12 V8 S1 sph[r1:3,r1:3] mesh=ERR UnsupportedCurvedShape { face: FaceKey(1v1), source: NotIsoRectangle { what: "pr
R1PROBE nonpar r=1 c=-0.655,0.327,1.309 turn=z90 | b∪a | OK SOUND t2=true t3p=true cert=true operand=true v=8.017606251 want=8.017606251 | F6 E12 V8 S1 sph[r1:3,r1:3] mesh=ERR UnsupportedCurvedShape { face: FaceKey(2v1), source: NotIsoRectangle { what: "pr
R1PROBE nonpar r=1 c=-0.655,0.327,1.309 turn=z90 | a∖b | OK SOUND t2=true t3p=true cert=true operand=true v=3.828816047 want=3.828816047 | F4 E6 V4 S1 sph[r1:3,r1:1] mesh=ERR UnsupportedCurvedShape { face: FaceKey(1v1), source: NotIsoRectangle { what: "pr
R1PROBE nonpar r=1 c=-0.655,0.327,1.309 turn=z90 | b∖a | OK SOUND t2=true t3p=true cert=true operand=true v=3.828816047 want=3.828816047 | F4 E6 V4 S1 sph[r1:3,r1:1] mesh=ERR UnsupportedCurvedShape { face: FaceKey(2v1), source: NotIsoRectangle { what: "pr
R1PROBE nonpar r=1 c=-0.655,0.327,1.309 turn=z90 | a∩b | OK SOUND t2=true t3p=true cert=true operand=true v=0.359974158 want=0.359974158 | F2 E1 V1 S1 sph[r1:1,r1:1] mesh=ERR UnsupportedCurvedShape { face: FaceKey(3v3), source: NotIsoRectangle { what: "pr
R1PROBE nonpar r=1 c=-0.655,0.327,1.309 turn=z90 | b∩a | OK SOUND t2=true t3p=true cert=true operand=true v=0.359974158 want=0.359974158 | F2 E1 V1 S1 sph[r1:1,r1:1] mesh=ERR UnsupportedCurvedShape { face: FaceKey(3v3), source: NotIsoRectangle { what: "pr
R1PROBE nonpar r=1 c=-0.655,0.327,1.309 turn=x45 | a∪b | ERR ResultInvalid { errors: [VolumeUncomputable { solid: SolidKey(1v1), source: RingOnCurvedFace { face: FaceKey(1 | 
R1PROBE nonpar r=1 c=-0.655,0.327,1.309 turn=x45 | b∪a | ERR ResultInvalid { errors: [VolumeUncomputable { solid: SolidKey(1v1), source: RingOnCurvedFace { face: FaceKey(4 | 
R1PROBE nonpar r=1 c=-0.655,0.327,1.309 turn=x45 | a∖b | ERR ResultInvalid { errors: [VolumeUncomputable { solid: SolidKey(1v1), source: RingOnCurvedFace { face: FaceKey(1 | 
R1PROBE nonpar r=1 c=-0.655,0.327,1.309 turn=x45 | b∖a | OK SOUND t2=true t3p=true cert=true operand=true v=3.828816047 want=3.828816047 | F3 E4 V3 S1 sph[r1:2,r1:1] mesh=ERR UnsupportedCurvedShape { face: FaceKey(1v1), source: NotIsoRectangle { what: "pr
R1PROBE nonpar r=1 c=-0.655,0.327,1.309 turn=x45 | a∩b | OK SOUND t2=true t3p=true cert=true operand=true v=0.359974158 want=0.359974158 | F3 E4 V3 S1 sph[r1:2,r1:1] mesh=ERR UnsupportedCurvedShape { face: FaceKey(2v3), source: NotIsoRectangle { what: "pr
R1PROBE nonpar r=1 c=-0.655,0.327,1.309 turn=x45 | b∩a | OK SOUND t2=true t3p=true cert=true operand=true v=0.359974158 want=0.359974158 | F3 E4 V3 S1 sph[r1:2,r1:1] mesh=ERR UnsupportedCurvedShape { face: FaceKey(2v1), source: NotIsoRectangle { what: "pr
R1PROBE nonpar r=1 c=-0.655,0.327,1.309 turn=xy60 | a∪b | ERR ResultInvalid { errors: [VolumeUncomputable { solid: SolidKey(1v1), source: RingOnCurvedFace { face: FaceKey(1 | 
R1PROBE nonpar r=1 c=-0.655,0.327,1.309 turn=xy60 | b∪a | ERR ResultInvalid { errors: [VolumeUncomputable { solid: SolidKey(1v1), source: RingOnCurvedFace { face: FaceKey(6 | 
R1PROBE nonpar r=1 c=-0.655,0.327,1.309 turn=xy60 | a∖b | ERR ResultInvalid { errors: [VolumeUncomputable { solid: SolidKey(1v1), source: RingOnCurvedFace { face: FaceKey(1 | 
R1PROBE nonpar r=1 c=-0.655,0.327,1.309 turn=xy60 | b∖a | OK SOUND t2=true t3p=true cert=true operand=true v=3.828816047 want=3.828816047 | F3 E5 V4 S1 sph[r1:2,r1:1] mesh=ERR UnsupportedCurvedShape { face: FaceKey(2v1), source: NotIsoRectangle { what: "pr
R1PROBE nonpar r=1 c=-0.655,0.327,1.309 turn=xy60 | a∩b | OK SOUND t2=true t3p=true cert=true operand=true v=0.359974158 want=0.359974158 | F2 E1 V1 S1 sph[r1:1,r1:1] mesh=ERR UnsupportedCurvedShape { face: FaceKey(2v3), source: NotIsoRectangle { what: "pr
R1PROBE nonpar r=1 c=-0.655,0.327,1.309 turn=xy60 | b∩a | OK SOUND t2=true t3p=true cert=true operand=true v=0.359974158 want=0.359974158 | F2 E1 V1 S1 sph[r1:1,r1:1] mesh=ERR UnsupportedCurvedShape { face: FaceKey(1v1), source: NotIsoRectangle { what: "pr
R1PROBE nonpar r=1 c=-0.655,0.327,1.309 turn=xyz110 | a∪b | ERR ResultInvalid { errors: [VolumeUncomputable { solid: SolidKey(1v1), source: RingOnCurvedFace { face: FaceKey(1 | 
R1PROBE nonpar r=1 c=-0.655,0.327,1.309 turn=xyz110 | b∪a | ERR ResultInvalid { errors: [VolumeUncomputable { solid: SolidKey(1v1), source: RingOnCurvedFace { face: FaceKey(4 | 
R1PROBE nonpar r=1 c=-0.655,0.327,1.309 turn=xyz110 | a∖b | ERR ResultInvalid { errors: [VolumeUncomputable { solid: SolidKey(1v1), source: RingOnCurvedFace { face: FaceKey(1 | 
R1PROBE nonpar r=1 c=-0.655,0.327,1.309 turn=xyz110 | b∖a | OK SOUND t2=true t3p=true cert=true operand=true v=3.828816047 want=3.828816047 | F3 E5 V4 S1 sph[r1:2,r1:1] mesh=ERR UnsupportedCurvedShape { face: FaceKey(1v1), source: NotIsoRectangle { what: "pr
R1PROBE nonpar r=1 c=-0.655,0.327,1.309 turn=xyz110 | a∩b | OK SOUND t2=true t3p=true cert=true operand=true v=0.359974158 want=0.359974158 | F2 E1 V1 S1 sph[r1:1,r1:1] mesh=ERR UnsupportedCurvedShape { face: FaceKey(2v3), source: NotIsoRectangle { what: "pr
R1PROBE nonpar r=1 c=-0.655,0.327,1.309 turn=xyz110 | b∩a | OK SOUND t2=true t3p=true cert=true operand=true v=0.359974158 want=0.359974158 | F2 E1 V1 S1 sph[r1:1,r1:1] mesh=ERR UnsupportedCurvedShape { face: FaceKey(2v1), source: NotIsoRectangle { what: "pr
R1PROBE-SUMMARY charts_not_parallel bad=0
test review_sphpair_r1_probes::r1_charts_not_parallel ... ok

failures:

failures:
    review_sphpair_r1_probes::r1_three_balls
    review_sphpair_r1_probes::r1_three_balls_off_both_seams
    review_sphpair_r1_probes::r1_tiny_ball_relative_volume

test result: FAILED. 11 passed; 3 failed; 0 ignored; 0 measured; 2529 filtered out; finished in 8.22s

