k-lint: /home/user/d3977-k/target/k-fresh/driver/k-eps-1e-6.csv: 57067 samples (37207 symbolic_zero, 0 sign_gated, 260 registered, 19600 classified), 5110 flagged — rule 1 (undecided/invalid): 0, rule 2 (near a threshold): 5110, rule 3 (below a floor): 5110, rule 5 (off its construction's target): 0
    rule 2 — definite within 10^2 of the escalation threshold: 5110
    rule 3 — definite below the baseline distribution's floor (4e-5): 5110
  note: rule 2's definite arm (10^2*Keps = 1e-3) is looser than the baseline floor (4e-5) at this eps row and ran capped to it — at this eps the corpus's honest fine features sit less than a decade above the escalation band; the floor is the calibrated statement
  FLAG driver/slab_across_zero:extrusion_normal_component line 1586: |m|=3.75e-5 band_zero=1e-6 — definite within 10^2 of the escalation threshold
  FLAG driver/slab_across_zero:extrusion_normal_component line 1586: |m|=3.75e-5 band_zero=1e-6 — definite below the baseline distribution's floor (4e-5)
  FLAG driver/slab_across_zero:interval_span_forward line 1643: |m|=3.75e-5 band_zero=1e-6 — definite within 10^2 of the escalation threshold
  FLAG driver/slab_across_zero:interval_span_forward line 1643: |m|=3.75e-5 band_zero=1e-6 — definite below the baseline distribution's floor (4e-5)
  FLAG driver/slab_across_zero:interval_span_forward line 1655: |m|=3.75e-5 band_zero=1e-6 — definite within 10^2 of the escalation threshold
  FLAG driver/slab_across_zero:interval_span_forward line 1655: |m|=3.75e-5 band_zero=1e-6 — definite below the baseline distribution's floor (4e-5)
  FLAG driver/slab_across_zero:interval_span_forward line 1667: |m|=3.75e-5 band_zero=1e-6 — definite within 10^2 of the escalation threshold
  FLAG driver/slab_across_zero:interval_span_forward line 1667: |m|=3.75e-5 band_zero=1e-6 — definite below the baseline distribution's floor (4e-5)
  FLAG driver/slab_across_zero:interval_span_forward line 1679: |m|=3.75e-5 band_zero=1e-6 — definite within 10^2 of the escalation threshold
  FLAG driver/slab_across_zero:interval_span_forward line 1679: |m|=3.75e-5 band_zero=1e-6 — definite below the baseline distribution's floor (4e-5)
  FLAG driver/slab_across_zero:dihedral_arm line 1755: |m|=3.75e-5 band_zero=1e-6 — definite within 10^2 of the escalation threshold
  FLAG driver/slab_across_zero:dihedral_arm line 1755: |m|=3.75e-5 band_zero=1e-6 — definite below the baseline distribution's floor (4e-5)
  FLAG driver/slab_across_zero:dihedral_wedge line 1756: |m|=3.75e-5 band_zero=1e-6 — definite within 10^2 of the escalation threshold
  FLAG driver/slab_across_zero:dihedral_wedge line 1756: |m|=3.75e-5 band_zero=1e-6 — definite below the baseline distribution's floor (4e-5)
  FLAG driver/slab_across_zero:interval_span_forward line 1757: |m|=3.75e-5 band_zero=1e-6 — definite within 10^2 of the escalation threshold
  FLAG driver/slab_across_zero:interval_span_forward line 1757: |m|=3.75e-5 band_zero=1e-6 — definite below the baseline distribution's floor (4e-5)
  FLAG driver/slab_across_zero:dihedral_arm line 1764: |m|=3.75e-5 band_zero=1e-6 — definite within 10^2 of the escalation threshold
  FLAG driver/slab_across_zero:dihedral_arm line 1764: |m|=3.75e-5 band_zero=1e-6 — definite below the baseline distribution's floor (4e-5)
  FLAG driver/slab_across_zero:dihedral_wedge line 1765: |m|=3.75e-5 band_zero=1e-6 — definite within 10^2 of the escalation threshold
  FLAG driver/slab_across_zero:dihedral_wedge line 1765: |m|=3.75e-5 band_zero=1e-6 — definite below the baseline distribution's floor (4e-5)
  FLAG driver/slab_across_zero:dihedral_arm line 1768: |m|=3.75e-5 band_zero=1e-6 — definite within 10^2 of the escalation threshold
  FLAG driver/slab_across_zero:dihedral_arm line 1768: |m|=3.75e-5 band_zero=1e-6 — definite below the baseline distribution's floor (4e-5)
  FLAG driver/slab_across_zero:dihedral_wedge line 1769: |m|=3.75e-5 band_zero=1e-6 — definite within 10^2 of the escalation threshold
  FLAG driver/slab_across_zero:dihedral_wedge line 1769: |m|=3.75e-5 band_zero=1e-6 — definite below the baseline distribution's floor (4e-5)
  FLAG driver/slab_across_zero:dihedral_arm line 1772: |m|=3.75e-5 band_zero=1e-6 — definite within 10^2 of the escalation threshold
  FLAG driver/slab_across_zero:dihedral_arm line 1772: |m|=3.75e-5 band_zero=1e-6 — definite below the baseline distribution's floor (4e-5)
  FLAG driver/slab_across_zero:dihedral_wedge line 1773: |m|=3.75e-5 band_zero=1e-6 — definite within 10^2 of the escalation threshold
  FLAG driver/slab_across_zero:dihedral_wedge line 1773: |m|=3.75e-5 band_zero=1e-6 — definite below the baseline distribution's floor (4e-5)
  FLAG driver/slab_across_zero:dihedral_arm line 1776: |m|=3.75e-5 band_zero=1e-6 — definite within 10^2 of the escalation threshold
  FLAG driver/slab_across_zero:dihedral_arm line 1776: |m|=3.75e-5 band_zero=1e-6 — definite below the baseline distribution's floor (4e-5)
  FLAG driver/slab_across_zero:dihedral_wedge line 1777: |m|=3.75e-5 band_zero=1e-6 — definite within 10^2 of the escalation threshold
  FLAG driver/slab_across_zero:dihedral_wedge line 1777: |m|=3.75e-5 band_zero=1e-6 — definite below the baseline distribution's floor (4e-5)
  FLAG driver/slab_across_zero:dihedral_arm line 1780: |m|=3.75e-5 band_zero=1e-6 — definite within 10^2 of the escalation threshold
  FLAG driver/slab_across_zero:dihedral_arm line 1780: |m|=3.75e-5 band_zero=1e-6 — definite below the baseline distribution's floor (4e-5)
  FLAG driver/slab_across_zero:dihedral_wedge line 1781: |m|=3.75e-5 band_zero=1e-6 — definite within 10^2 of the escalation threshold
  FLAG driver/slab_across_zero:dihedral_wedge line 1781: |m|=3.75e-5 band_zero=1e-6 — definite below the baseline distribution's floor (4e-5)
  FLAG driver/slab_across_zero:dihedral_arm line 1784: |m|=3.75e-5 band_zero=1e-6 — definite within 10^2 of the escalation threshold
  FLAG driver/slab_across_zero:dihedral_arm line 1784: |m|=3.75e-5 band_zero=1e-6 — definite below the baseline distribution's floor (4e-5)
  FLAG driver/slab_across_zero:dihedral_wedge line 1785: |m|=3.75e-5 band_zero=1e-6 — definite within 10^2 of the escalation threshold
  FLAG driver/slab_across_zero:dihedral_wedge line 1785: |m|=3.75e-5 band_zero=1e-6 — definite below the baseline distribution's floor (4e-5)
  FLAG driver/slab_across_zero:dihedral_arm line 1788: |m|=3.75e-5 band_zero=1e-6 — definite within 10^2 of the escalation threshold
  FLAG driver/slab_across_zero:dihedral_arm line 1788: |m|=3.75e-5 band_zero=1e-6 — definite below the baseline distribution's floor (4e-5)
  FLAG driver/slab_across_zero:dihedral_wedge line 1789: |m|=3.75e-5 band_zero=1e-6 — definite within 10^2 of the escalation threshold
  FLAG driver/slab_across_zero:dihedral_wedge line 1789: |m|=3.75e-5 band_zero=1e-6 — definite below the baseline distribution's floor (4e-5)
  FLAG driver/slab_across_zero:dihedral_arm line 1795: |m|=3.75e-5 band_zero=1e-6 — definite within 10^2 of the escalation threshold
  FLAG driver/slab_across_zero:dihedral_arm line 1795: |m|=3.75e-5 band_zero=1e-6 — definite below the baseline distribution's floor (4e-5)
  FLAG driver/slab_across_zero:dihedral_wedge line 1796: |m|=3.75e-5 band_zero=1e-6 — definite within 10^2 of the escalation threshold
  FLAG driver/slab_across_zero:dihedral_wedge line 1796: |m|=3.75e-5 band_zero=1e-6 — definite below the baseline distribution's floor (4e-5)
  FLAG driver/slab_across_zero:interval_span_forward line 1797: |m|=3.75e-5 band_zero=1e-6 — definite within 10^2 of the escalation threshold
  FLAG driver/slab_across_zero:interval_span_forward line 1797: |m|=3.75e-5 band_zero=1e-6 — definite below the baseline distribution's floor (4e-5)
  FLAG driver/slab_across_zero:dihedral_arm line 1804: |m|=3.75e-5 band_zero=1e-6 — definite within 10^2 of the escalation threshold
  FLAG driver/slab_across_zero:dihedral_arm line 1804: |m|=3.75e-5 band_zero=1e-6 — definite below the baseline distribution's floor (4e-5)
  FLAG driver/slab_across_zero:dihedral_wedge line 1805: |m|=3.75e-5 band_zero=1e-6 — definite within 10^2 of the escalation threshold
  FLAG driver/slab_across_zero:dihedral_wedge line 1805: |m|=3.75e-5 band_zero=1e-6 — definite below the baseline distribution's floor (4e-5)
  FLAG driver/slab_across_zero:dihedral_arm line 1808: |m|=3.75e-5 band_zero=1e-6 — definite within 10^2 of the escalation threshold
  FLAG driver/slab_across_zero:dihedral_arm line 1808: |m|=3.75e-5 band_zero=1e-6 — definite below the baseline distribution's floor (4e-5)
  FLAG driver/slab_across_zero:dihedral_wedge line 1809: |m|=3.75e-5 band_zero=1e-6 — definite within 10^2 of the escalation threshold
  FLAG driver/slab_across_zero:dihedral_wedge line 1809: |m|=3.75e-5 band_zero=1e-6 — definite below the baseline distribution's floor (4e-5)
  FLAG driver/slab_across_zero:dihedral_arm line 1812: |m|=3.75e-5 band_zero=1e-6 — definite within 10^2 of the escalation threshold
  FLAG driver/slab_across_zero:dihedral_arm line 1812: |m|=3.75e-5 band_zero=1e-6 — definite below the baseline distribution's floor (4e-5)
  FLAG driver/slab_across_zero:dihedral_wedge line 1813: |m|=3.75e-5 band_zero=1e-6 — definite within 10^2 of the escalation threshold
  FLAG driver/slab_across_zero:dihedral_wedge line 1813: |m|=3.75e-5 band_zero=1e-6 — definite below the baseline distribution's floor (4e-5)
  FLAG driver/slab_across_zero:dihedral_arm line 1816: |m|=3.75e-5 band_zero=1e-6 — definite within 10^2 of the escalation threshold
  FLAG driver/slab_across_zero:dihedral_arm line 1816: |m|=3.75e-5 band_zero=1e-6 — definite below the baseline distribution's floor (4e-5)
  FLAG driver/slab_across_zero:dihedral_wedge line 1817: |m|=3.75e-5 band_zero=1e-6 — definite within 10^2 of the escalation threshold
  FLAG driver/slab_across_zero:dihedral_wedge line 1817: |m|=3.75e-5 band_zero=1e-6 — definite below the baseline distribution's floor (4e-5)
  FLAG driver/slab_across_zero:dihedral_arm line 1820: |m|=3.75e-5 band_zero=1e-6 — definite within 10^2 of the escalation threshold
  FLAG driver/slab_across_zero:dihedral_arm line 1820: |m|=3.75e-5 band_zero=1e-6 — definite below the baseline distribution's floor (4e-5)
  FLAG driver/slab_across_zero:dihedral_wedge line 1821: |m|=3.75e-5 band_zero=1e-6 — definite within 10^2 of the escalation threshold
  FLAG driver/slab_across_zero:dihedral_wedge line 1821: |m|=3.75e-5 band_zero=1e-6 — definite below the baseline distribution's floor (4e-5)
  FLAG driver/slab_across_zero:dihedral_arm line 1824: |m|=3.75e-5 band_zero=1e-6 — definite within 10^2 of the escalation threshold
  FLAG driver/slab_across_zero:dihedral_arm line 1824: |m|=3.75e-5 band_zero=1e-6 — definite below the baseline distribution's floor (4e-5)
  FLAG driver/slab_across_zero:dihedral_wedge line 1825: |m|=3.75e-5 band_zero=1e-6 — definite within 10^2 of the escalation threshold
  FLAG driver/slab_across_zero:dihedral_wedge line 1825: |m|=3.75e-5 band_zero=1e-6 — definite below the baseline distribution's floor (4e-5)
  FLAG driver/slab_across_zero:dihedral_arm line 1828: |m|=3.75e-5 band_zero=1e-6 — definite within 10^2 of the escalation threshold
  FLAG driver/slab_across_zero:dihedral_arm line 1828: |m|=3.75e-5 band_zero=1e-6 — definite below the baseline distribution's floor (4e-5)
  FLAG driver/slab_across_zero:dihedral_wedge line 1829: |m|=3.75e-5 band_zero=1e-6 — definite within 10^2 of the escalation threshold
  FLAG driver/slab_across_zero:dihedral_wedge line 1829: |m|=3.75e-5 band_zero=1e-6 — definite below the baseline distribution's floor (4e-5)
  FLAG driver/slab_across_zero:dihedral_arm line 1835: |m|=3.75e-5 band_zero=1e-6 — definite within 10^2 of the escalation threshold
  FLAG driver/slab_across_zero:dihedral_arm line 1835: |m|=3.75e-5 band_zero=1e-6 — definite below the baseline distribution's floor (4e-5)
  FLAG driver/slab_across_zero:dihedral_wedge line 1836: |m|=3.75e-5 band_zero=1e-6 — definite within 10^2 of the escalation threshold
  FLAG driver/slab_across_zero:dihedral_wedge line 1836: |m|=3.75e-5 band_zero=1e-6 — definite below the baseline distribution's floor (4e-5)
  FLAG driver/slab_across_zero:interval_span_forward line 1837: |m|=3.75e-5 band_zero=1e-6 — definite within 10^2 of the escalation threshold
  FLAG driver/slab_across_zero:interval_span_forward line 1837: |m|=3.75e-5 band_zero=1e-6 — definite below the baseline distribution's floor (4e-5)
  FLAG driver/slab_across_zero:dihedral_arm line 1844: |m|=3.75e-5 band_zero=1e-6 — definite within 10^2 of the escalation threshold
  FLAG driver/slab_across_zero:dihedral_arm line 1844: |m|=3.75e-5 band_zero=1e-6 — definite below the baseline distribution's floor (4e-5)
  FLAG driver/slab_across_zero:dihedral_wedge line 1845: |m|=3.75e-5 band_zero=1e-6 — definite within 10^2 of the escalation threshold
  FLAG driver/slab_across_zero:dihedral_wedge line 1845: |m|=3.75e-5 band_zero=1e-6 — definite below the baseline distribution's floor (4e-5)
  FLAG driver/slab_across_zero:dihedral_arm line 1848: |m|=3.75e-5 band_zero=1e-6 — definite within 10^2 of the escalation threshold
  FLAG driver/slab_across_zero:dihedral_arm line 1848: |m|=3.75e-5 band_zero=1e-6 — definite below the baseline distribution's floor (4e-5)
  FLAG driver/slab_across_zero:dihedral_wedge line 1849: |m|=3.75e-5 band_zero=1e-6 — definite within 10^2 of the escalation threshold
  FLAG driver/slab_across_zero:dihedral_wedge line 1849: |m|=3.75e-5 band_zero=1e-6 — definite below the baseline distribution's floor (4e-5)
  FLAG driver/slab_across_zero:dihedral_arm line 1852: |m|=3.75e-5 band_zero=1e-6 — definite within 10^2 of the escalation threshold
  FLAG driver/slab_across_zero:dihedral_arm line 1852: |m|=3.75e-5 band_zero=1e-6 — definite below the baseline distribution's floor (4e-5)
  FLAG driver/slab_across_zero:dihedral_wedge line 1853: |m|=3.75e-5 band_zero=1e-6 — definite within 10^2 of the escalation threshold
  FLAG driver/slab_across_zero:dihedral_wedge line 1853: |m|=3.75e-5 band_zero=1e-6 — definite below the baseline distribution's floor (4e-5)
  FLAG driver/slab_across_zero:dihedral_arm line 1856: |m|=3.75e-5 band_zero=1e-6 — definite within 10^2 of the escalation threshold
  FLAG driver/slab_across_zero:dihedral_arm line 1856: |m|=3.75e-5 band_zero=1e-6 — definite below the baseline distribution's floor (4e-5)
  FLAG driver/slab_across_zero:dihedral_wedge line 1857: |m|=3.75e-5 band_zero=1e-6 — definite within 10^2 of the escalation threshold
  FLAG driver/slab_across_zero:dihedral_wedge line 1857: |m|=3.75e-5 band_zero=1e-6 — definite below the baseline distribution's floor (4e-5)
  FLAG driver/slab_across_zero:dihedral_arm line 1860: |m|=3.75e-5 band_zero=1e-6 — definite within 10^2 of the escalation threshold
  FLAG driver/slab_across_zero:dihedral_arm line 1860: |m|=3.75e-5 band_zero=1e-6 — definite below the baseline distribution's floor (4e-5)
  FLAG driver/slab_across_zero:dihedral_wedge line 1861: |m|=3.75e-5 band_zero=1e-6 — definite within 10^2 of the escalation threshold
  FLAG driver/slab_across_zero:dihedral_wedge line 1861: |m|=3.75e-5 band_zero=1e-6 — definite below the baseline distribution's floor (4e-5)
  FLAG driver/slab_across_zero:dihedral_arm line 1864: |m|=3.75e-5 band_zero=1e-6 — definite within 10^2 of the escalation threshold
  FLAG driver/slab_across_zero:dihedral_arm line 1864: |m|=3.75e-5 band_zero=1e-6 — definite below the baseline distribution's floor (4e-5)
  FLAG driver/slab_across_zero:dihedral_wedge line 1865: |m|=3.75e-5 band_zero=1e-6 — definite within 10^2 of the escalation threshold
  FLAG driver/slab_across_zero:dihedral_wedge line 1865: |m|=3.75e-5 band_zero=1e-6 — definite below the baseline distribution's floor (4e-5)
  FLAG driver/slab_across_zero:dihedral_arm line 1868: |m|=3.75e-5 band_zero=1e-6 — definite within 10^2 of the escalation threshold
  FLAG driver/slab_across_zero:dihedral_arm line 1868: |m|=3.75e-5 band_zero=1e-6 — definite below the baseline distribution's floor (4e-5)
  FLAG driver/slab_across_zero:dihedral_wedge line 1869: |m|=3.75e-5 band_zero=1e-6 — definite within 10^2 of the escalation threshold
  FLAG driver/slab_across_zero:dihedral_wedge line 1869: |m|=3.75e-5 band_zero=1e-6 — definite below the baseline distribution's floor (4e-5)
  FLAG driver/slab_across_zero:dihedral_arm line 1875: |m|=3.75e-5 band_zero=1e-6 — definite within 10^2 of the escalation threshold
  FLAG driver/slab_across_zero:dihedral_arm line 1875: |m|=3.75e-5 band_zero=1e-6 — definite below the baseline distribution's floor (4e-5)
  FLAG driver/slab_across_zero:dihedral_wedge line 1876: |m|=3.75e-5 band_zero=1e-6 — definite within 10^2 of the escalation threshold
  FLAG driver/slab_across_zero:dihedral_wedge line 1876: |m|=3.75e-5 band_zero=1e-6 — definite below the baseline distribution's floor (4e-5)
  FLAG driver/slab_across_zero:interval_span_forward line 1877: |m|=3.75e-5 band_zero=1e-6 — definite within 10^2 of the escalation threshold
  FLAG driver/slab_across_zero:interval_span_forward line 1877: |m|=3.75e-5 band_zero=1e-6 — definite below the baseline distribution's floor (4e-5)
  FLAG driver/slab_across_zero:dihedral_arm line 1884: |m|=3.75e-5 band_zero=1e-6 — definite within 10^2 of the escalation threshold
  FLAG driver/slab_across_zero:dihedral_arm line 1884: |m|=3.75e-5 band_zero=1e-6 — definite below the baseline distribution's floor (4e-5)
  FLAG driver/slab_across_zero:dihedral_wedge line 1885: |m|=3.75e-5 band_zero=1e-6 — definite within 10^2 of the escalation threshold
  FLAG driver/slab_across_zero:dihedral_wedge line 1885: |m|=3.75e-5 band_zero=1e-6 — definite below the baseline distribution's floor (4e-5)
  FLAG driver/slab_across_zero:dihedral_arm line 1888: |m|=3.75e-5 band_zero=1e-6 — definite within 10^2 of the escalation threshold
  FLAG driver/slab_across_zero:dihedral_arm line 1888: |m|=3.75e-5 band_zero=1e-6 — definite below the baseline distribution's floor (4e-5)
  FLAG driver/slab_across_zero:dihedral_wedge line 1889: |m|=3.75e-5 band_zero=1e-6 — definite within 10^2 of the escalation threshold
  FLAG driver/slab_across_zero:dihedral_wedge line 1889: |m|=3.75e-5 band_zero=1e-6 — definite below the baseline distribution's floor (4e-5)
  FLAG driver/slab_across_zero:dihedral_arm line 1892: |m|=3.75e-5 band_zero=1e-6 — definite within 10^2 of the escalation threshold
  FLAG driver/slab_across_zero:dihedral_arm line 1892: |m|=3.75e-5 band_zero=1e-6 — definite below the baseline distribution's floor (4e-5)
  FLAG driver/slab_across_zero:dihedral_wedge line 1893: |m|=3.75e-5 band_zero=1e-6 — definite within 10^2 of the escalation threshold
  FLAG driver/slab_across_zero:dihedral_wedge line 1893: |m|=3.75e-5 band_zero=1e-6 — definite below the baseline distribution's floor (4e-5)
  FLAG driver/slab_across_zero:dihedral_arm line 1896: |m|=3.75e-5 band_zero=1e-6 — definite within 10^2 of the escalation threshold
  FLAG driver/slab_across_zero:dihedral_arm line 1896: |m|=3.75e-5 band_zero=1e-6 — definite below the baseline distribution's floor (4e-5)
  FLAG driver/slab_across_zero:dihedral_wedge line 1897: |m|=3.75e-5 band_zero=1e-6 — definite within 10^2 of the escalation threshold
  FLAG driver/slab_across_zero:dihedral_wedge line 1897: |m|=3.75e-5 band_zero=1e-6 — definite below the baseline distribution's floor (4e-5)
  FLAG driver/slab_across_zero:dihedral_arm line 1900: |m|=3.75e-5 band_zero=1e-6 — definite within 10^2 of the escalation threshold
  FLAG driver/slab_across_zero:dihedral_arm line 1900: |m|=3.75e-5 band_zero=1e-6 — definite below the baseline distribution's floor (4e-5)
  FLAG driver/slab_across_zero:dihedral_wedge line 1901: |m|=3.75e-5 band_zero=1e-6 — definite within 10^2 of the escalation threshold
  FLAG driver/slab_across_zero:dihedral_wedge line 1901: |m|=3.75e-5 band_zero=1e-6 — definite below the baseline distribution's floor (4e-5)
  FLAG driver/slab_across_zero:dihedral_arm line 1904: |m|=3.75e-5 band_zero=1e-6 — definite within 10^2 of the escalation threshold
  FLAG driver/slab_across_zero:dihedral_arm line 1904: |m|=3.75e-5 band_zero=1e-6 — definite below the baseline distribution's floor (4e-5)
  FLAG driver/slab_across_zero:dihedral_wedge line 1905: |m|=3.75e-5 band_zero=1e-6 — definite within 10^2 of the escalation threshold
  FLAG driver/slab_across_zero:dihedral_wedge line 1905: |m|=3.75e-5 band_zero=1e-6 — definite below the baseline distribution's floor (4e-5)
  FLAG driver/slab_across_zero:dihedral_arm line 1908: |m|=3.75e-5 band_zero=1e-6 — definite within 10^2 of the escalation threshold
  FLAG driver/slab_across_zero:dihedral_arm line 1908: |m|=3.75e-5 band_zero=1e-6 — definite below the baseline distribution's floor (4e-5)
  FLAG driver/slab_across_zero:dihedral_wedge line 1909: |m|=3.75e-5 band_zero=1e-6 — definite within 10^2 of the escalation threshold
  FLAG driver/slab_across_zero:dihedral_wedge line 1909: |m|=3.75e-5 band_zero=1e-6 — definite below the baseline distribution's floor (4e-5)
  FLAG driver/slab_across_zero:extrusion_normal_component line 3821: |m|=2.6249999999999998e-5 band_zero=1e-6 — definite within 10^2 of the escalation threshold
  FLAG driver/slab_across_zero:extrusion_normal_component line 3821: |m|=2.6249999999999998e-5 band_zero=1e-6 — definite below the baseline distribution's floor (4e-5)
  FLAG driver/slab_across_zero:interval_span_forward line 3878: |m|=2.6249999999999998e-5 band_zero=1e-6 — definite within 10^2 of the escalation threshold
  FLAG driver/slab_across_zero:interval_span_forward line 3878: |m|=2.6249999999999998e-5 band_zero=1e-6 — definite below the baseline distribution's floor (4e-5)
  FLAG driver/slab_across_zero:interval_span_forward line 3890: |m|=2.6249999999999998e-5 band_zero=1e-6 — definite within 10^2 of the escalation threshold
  FLAG driver/slab_across_zero:interval_span_forward line 3890: |m|=2.6249999999999998e-5 band_zero=1e-6 — definite below the baseline distribution's floor (4e-5)
  FLAG driver/slab_across_zero:interval_span_forward line 3902: |m|=2.6249999999999998e-5 band_zero=1e-6 — definite within 10^2 of the escalation threshold
  FLAG driver/slab_across_zero:interval_span_forward line 3902: |m|=2.6249999999999998e-5 band_zero=1e-6 — definite below the baseline distribution's floor (4e-5)
  FLAG driver/slab_across_zero:interval_span_forward line 3914: |m|=2.6249999999999998e-5 band_zero=1e-6 — definite within 10^2 of the escalation threshold
  FLAG driver/slab_across_zero:interval_span_forward line 3914: |m|=2.6249999999999998e-5 band_zero=1e-6 — definite below the baseline distribution's floor (4e-5)
  FLAG driver/slab_across_zero:dihedral_arm line 3990: |m|=2.6249999999999998e-5 band_zero=1e-6 — definite within 10^2 of the escalation threshold
  FLAG driver/slab_across_zero:dihedral_arm line 3990: |m|=2.6249999999999998e-5 band_zero=1e-6 — definite below the baseline distribution's floor (4e-5)
  FLAG driver/slab_across_zero:dihedral_wedge line 3991: |m|=2.6249999999999998e-5 band_zero=1e-6 — definite within 10^2 of the escalation threshold
  FLAG driver/slab_across_zero:dihedral_wedge line 3991: |m|=2.6249999999999998e-5 band_zero=1e-6 — definite below the baseline distribution's floor (4e-5)
  FLAG driver/slab_across_zero:interval_span_forward line 3992: |m|=2.6249999999999998e-5 band_zero=1e-6 — definite within 10^2 of the escalation threshold
  FLAG driver/slab_across_zero:interval_span_forward line 3992: |m|=2.6249999999999998e-5 band_zero=1e-6 — definite below the baseline distribution's floor (4e-5)
  FLAG driver/slab_across_zero:dihedral_arm line 3999: |m|=2.6249999999999998e-5 band_zero=1e-6 — definite within 10^2 of the escalation threshold
  FLAG driver/slab_across_zero:dihedral_arm line 3999: |m|=2.6249999999999998e-5 band_zero=1e-6 — definite below the baseline distribution's floor (4e-5)
  FLAG driver/slab_across_zero:dihedral_wedge line 4000: |m|=2.6249999999999998e-5 band_zero=1e-6 — definite within 10^2 of the escalation threshold
  FLAG driver/slab_across_zero:dihedral_wedge line 4000: |m|=2.6249999999999998e-5 band_zero=1e-6 — definite below the baseline distribution's floor (4e-5)
  FLAG driver/slab_across_zero:dihedral_arm line 4003: |m|=2.6249999999999998e-5 band_zero=1e-6 — definite within 10^2 of the escalation threshold
  FLAG driver/slab_across_zero:dihedral_arm line 4003: |m|=2.6249999999999998e-5 band_zero=1e-6 — definite below the baseline distribution's floor (4e-5)
  FLAG driver/slab_across_zero:dihedral_wedge line 4004: |m|=2.6249999999999998e-5 band_zero=1e-6 — definite within 10^2 of the escalation threshold
  FLAG driver/slab_across_zero:dihedral_wedge line 4004: |m|=2.6249999999999998e-5 band_zero=1e-6 — definite below the baseline distribution's floor (4e-5)
  FLAG driver/slab_across_zero:dihedral_arm line 4007: |m|=2.6249999999999998e-5 band_zero=1e-6 — definite within 10^2 of the escalation threshold
  FLAG driver/slab_across_zero:dihedral_arm line 4007: |m|=2.6249999999999998e-5 band_zero=1e-6 — definite below the baseline distribution's floor (4e-5)
  FLAG driver/slab_across_zero:dihedral_wedge line 4008: |m|=2.6249999999999998e-5 band_zero=1e-6 — definite within 10^2 of the escalation threshold
  FLAG driver/slab_across_zero:dihedral_wedge line 4008: |m|=2.6249999999999998e-5 band_zero=1e-6 — definite below the baseline distribution's floor (4e-5)
  FLAG driver/slab_across_zero:dihedral_arm line 4011: |m|=2.6249999999999998e-5 band_zero=1e-6 — definite within 10^2 of the escalation threshold
  FLAG driver/slab_across_zero:dihedral_arm line 4011: |m|=2.6249999999999998e-5 band_zero=1e-6 — definite below the baseline distribution's floor (4e-5)
  FLAG driver/slab_across_zero:dihedral_wedge line 4012: |m|=2.6249999999999998e-5 band_zero=1e-6 — definite within 10^2 of the escalation threshold
  FLAG driver/slab_across_zero:dihedral_wedge line 4012: |m|=2.6249999999999998e-5 band_zero=1e-6 — definite below the baseline distribution's floor (4e-5)
  FLAG driver/slab_across_zero:dihedral_arm line 4015: |m|=2.6249999999999998e-5 band_zero=1e-6 — definite within 10^2 of the escalation threshold
  FLAG driver/slab_across_zero:dihedral_arm line 4015: |m|=2.6249999999999998e-5 band_zero=1e-6 — definite below the baseline distribution's floor (4e-5)
  FLAG driver/slab_across_zero:dihedral_wedge line 4016: |m|=2.6249999999999998e-5 band_zero=1e-6 — definite within 10^2 of the escalation threshold
  FLAG driver/slab_across_zero:dihedral_wedge line 4016: |m|=2.6249999999999998e-5 band_zero=1e-6 — definite below the baseline distribution's floor (4e-5)
  FLAG driver/slab_across_zero:dihedral_arm line 4019: |m|=2.6249999999999998e-5 band_zero=1e-6 — definite within 10^2 of the escalation threshold
  FLAG driver/slab_across_zero:dihedral_arm line 4019: |m|=2.6249999999999998e-5 band_zero=1e-6 — definite below the baseline distribution's floor (4e-5)
  FLAG driver/slab_across_zero:dihedral_wedge line 4020: |m|=2.6249999999999998e-5 band_zero=1e-6 — definite within 10^2 of the escalation threshold
  FLAG driver/slab_across_zero:dihedral_wedge line 4020: |m|=2.6249999999999998e-5 band_zero=1e-6 — definite below the baseline distribution's floor (4e-5)
  FLAG driver/slab_across_zero:dihedral_arm line 4023: |m|=2.6249999999999998e-5 band_zero=1e-6 — definite within 10^2 of the escalation threshold
  FLAG driver/slab_across_zero:dihedral_arm line 4023: |m|=2.6249999999999998e-5 band_zero=1e-6 — definite below the baseline distribution's floor (4e-5)
  FLAG driver/slab_across_zero:dihedral_wedge line 4024: |m|=2.6249999999999998e-5 band_zero=1e-6 — definite within 10^2 of the escalation threshold
  FLAG driver/slab_across_zero:dihedral_wedge line 4024: |m|=2.6249999999999998e-5 band_zero=1e-6 — definite below the baseline distribution's floor (4e-5)
  FLAG driver/slab_across_zero:dihedral_arm line 4030: |m|=2.6249999999999998e-5 band_zero=1e-6 — definite within 10^2 of the escalation threshold
  FLAG driver/slab_across_zero:dihedral_arm line 4030: |m|=2.6249999999999998e-5 band_zero=1e-6 — definite below the baseline distribution's floor (4e-5)
  FLAG driver/slab_across_zero:dihedral_wedge line 4031: |m|=2.6249999999999998e-5 band_zero=1e-6 — definite within 10^2 of the escalation threshold
  FLAG driver/slab_across_zero:dihedral_wedge line 4031: |m|=2.6249999999999998e-5 band_zero=1e-6 — definite below the baseline distribution's floor (4e-5)
  FLAG driver/slab_across_zero:interval_span_forward line 4032: |m|=2.6249999999999998e-5 band_zero=1e-6 — definite within 10^2 of the escalation threshold
  FLAG driver/slab_across_zero:interval_span_forward line 4032: |m|=2.6249999999999998e-5 band_zero=1e-6 — definite below the baseline distribution's floor (4e-5)
  FLAG driver/slab_across_zero:dihedral_arm line 4039: |m|=2.6249999999999998e-5 band_zero=1e-6 — definite within 10^2 of the escalation threshold
  FLAG driver/slab_across_zero:dihedral_arm line 4039: |m|=2.6249999999999998e-5 band_zero=1e-6 — definite below the baseline distribution's floor (4e-5)
  FLAG driver/slab_across_zero:dihedral_wedge line 4040: |m|=2.6249999999999998e-5 band_zero=1e-6 — definite within 10^2 of the escalation threshold
  FLAG driver/slab_across_zero:dihedral_wedge line 4040: |m|=2.6249999999999998e-5 band_zero=1e-6 — definite below the baseline distribution's floor (4e-5)
  FLAG driver/slab_across_zero:dihedral_arm line 4043: |m|=2.6249999999999998e-5 band_zero=1e-6 — definite within 10^2 of the escalation threshold
  FLAG driver/slab_across_zero:dihedral_arm line 4043: |m|=2.6249999999999998e-5 band_zero=1e-6 — definite below the baseline distribution's floor (4e-5)
  FLAG driver/slab_across_zero:dihedral_wedge line 4044: |m|=2.6249999999999998e-5 band_zero=1e-6 — definite within 10^2 of the escalation threshold
  FLAG driver/slab_across_zero:dihedral_wedge line 4044: |m|=2.6249999999999998e-5 band_zero=1e-6 — definite below the baseline distribution's floor (4e-5)
  FLAG driver/slab_across_zero:dihedral_arm line 4047: |m|=2.6249999999999998e-5 band_zero=1e-6 — definite within 10^2 of the escalation threshold
  FLAG driver/slab_across_zero:dihedral_arm line 4047: |m|=2.6249999999999998e-5 band_zero=1e-6 — definite below the baseline distribution's floor (4e-5)
  FLAG driver/slab_across_zero:dihedral_wedge line 4048: |m|=2.6249999999999998e-5 band_zero=1e-6 — definite within 10^2 of the escalation threshold
  FLAG driver/slab_across_zero:dihedral_wedge line 4048: |m|=2.6249999999999998e-5 band_zero=1e-6 — definite below the baseline distribution's floor (4e-5)
  FLAG driver/slab_across_zero:dihedral_arm line 4051: |m|=2.6249999999999998e-5 band_zero=1e-6 — definite within 10^2 of the escalation threshold
  FLAG driver/slab_across_zero:dihedral_arm line 4051: |m|=2.6249999999999998e-5 band_zero=1e-6 — definite below the baseline distribution's floor (4e-5)
  FLAG driver/slab_across_zero:dihedral_wedge line 4052: |m|=2.6249999999999998e-5 band_zero=1e-6 — definite within 10^2 of the escalation threshold
  FLAG driver/slab_across_zero:dihedral_wedge line 4052: |m|=2.6249999999999998e-5 band_zero=1e-6 — definite below the baseline distribution's floor (4e-5)
  FLAG driver/slab_across_zero:dihedral_arm line 4055: |m|=2.6249999999999998e-5 band_zero=1e-6 — definite within 10^2 of the escalation threshold
  FLAG driver/slab_across_zero:dihedral_arm line 4055: |m|=2.6249999999999998e-5 band_zero=1e-6 — definite below the baseline distribution's floor (4e-5)
  FLAG driver/slab_across_zero:dihedral_wedge line 4056: |m|=2.6249999999999998e-5 band_zero=1e-6 — definite within 10^2 of the escalation threshold
  FLAG driver/slab_across_zero:dihedral_wedge line 4056: |m|=2.6249999999999998e-5 band_zero=1e-6 — definite below the baseline distribution's floor (4e-5)
  FLAG driver/slab_across_zero:dihedral_arm line 4059: |m|=2.6249999999999998e-5 band_zero=1e-6 — definite within 10^2 of the escalation threshold
  FLAG driver/slab_across_zero:dihedral_arm line 4059: |m|=2.6249999999999998e-5 band_zero=1e-6 — definite below the baseline distribution's floor (4e-5)
  FLAG driver/slab_across_zero:dihedral_wedge line 4060: |m|=2.6249999999999998e-5 band_zero=1e-6 — definite within 10^2 of the escalation threshold
  FLAG driver/slab_across_zero:dihedral_wedge line 4060: |m|=2.6249999999999998e-5 band_zero=1e-6 — definite below the baseline distribution's floor (4e-5)
  FLAG driver/slab_across_zero:dihedral_arm line 4063: |m|=2.6249999999999998e-5 band_zero=1e-6 — definite within 10^2 of the escalation threshold
  FLAG driver/slab_across_zero:dihedral_arm line 4063: |m|=2.6249999999999998e-5 band_zero=1e-6 — definite below the baseline distribution's floor (4e-5)
  FLAG driver/slab_across_zero:dihedral_wedge line 4064: |m|=2.6249999999999998e-5 band_zero=1e-6 — definite within 10^2 of the escalation threshold
  FLAG driver/slab_across_zero:dihedral_wedge line 4064: |m|=2.6249999999999998e-5 band_zero=1e-6 — definite below the baseline distribution's floor (4e-5)
  FLAG driver/slab_across_zero:dihedral_arm line 4070: |m|=2.6249999999999998e-5 band_zero=1e-6 — definite within 10^2 of the escalation threshold
  FLAG driver/slab_across_zero:dihedral_arm line 4070: |m|=2.6249999999999998e-5 band_zero=1e-6 — definite below the baseline distribution's floor (4e-5)
  FLAG driver/slab_across_zero:dihedral_wedge line 4071: |m|=2.6249999999999998e-5 band_zero=1e-6 — definite within 10^2 of the escalation threshold
  FLAG driver/slab_across_zero:dihedral_wedge line 4071: |m|=2.6249999999999998e-5 band_zero=1e-6 — definite below the baseline distribution's floor (4e-5)
  FLAG driver/slab_across_zero:interval_span_forward line 4072: |m|=2.6249999999999998e-5 band_zero=1e-6 — definite within 10^2 of the escalation threshold
  FLAG driver/slab_across_zero:interval_span_forward line 4072: |m|=2.6249999999999998e-5 band_zero=1e-6 — definite below the baseline distribution's floor (4e-5)
  FLAG driver/slab_across_zero:dihedral_arm line 4079: |m|=2.6249999999999998e-5 band_zero=1e-6 — definite within 10^2 of the escalation threshold
  FLAG driver/slab_across_zero:dihedral_arm line 4079: |m|=2.6249999999999998e-5 band_zero=1e-6 — definite below the baseline distribution's floor (4e-5)
  FLAG driver/slab_across_zero:dihedral_wedge line 4080: |m|=2.6249999999999998e-5 band_zero=1e-6 — definite within 10^2 of the escalation threshold
  FLAG driver/slab_across_zero:dihedral_wedge line 4080: |m|=2.6249999999999998e-5 band_zero=1e-6 — definite below the baseline distribution's floor (4e-5)
  FLAG driver/slab_across_zero:dihedral_arm line 4083: |m|=2.6249999999999998e-5 band_zero=1e-6 — definite within 10^2 of the escalation threshold
  FLAG driver/slab_across_zero:dihedral_arm line 4083: |m|=2.6249999999999998e-5 band_zero=1e-6 — definite below the baseline distribution's floor (4e-5)
  FLAG driver/slab_across_zero:dihedral_wedge line 4084: |m|=2.6249999999999998e-5 band_zero=1e-6 — definite within 10^2 of the escalation threshold
  FLAG driver/slab_across_zero:dihedral_wedge line 4084: |m|=2.6249999999999998e-5 band_zero=1e-6 — definite below the baseline distribution's floor (4e-5)
  FLAG driver/slab_across_zero:dihedral_arm line 4087: |m|=2.6249999999999998e-5 band_zero=1e-6 — definite within 10^2 of the escalation threshold
  FLAG driver/slab_across_zero:dihedral_arm line 4087: |m|=2.6249999999999998e-5 band_zero=1e-6 — definite below the baseline distribution's floor (4e-5)
  FLAG driver/slab_across_zero:dihedral_wedge line 4088: |m|=2.6249999999999998e-5 band_zero=1e-6 — definite within 10^2 of the escalation threshold
  FLAG driver/slab_across_zero:dihedral_wedge line 4088: |m|=2.6249999999999998e-5 band_zero=1e-6 — definite below the baseline distribution's floor (4e-5)
  FLAG driver/slab_across_zero:dihedral_arm line 4091: |m|=2.6249999999999998e-5 band_zero=1e-6 — definite within 10^2 of the escalation threshold
  FLAG driver/slab_across_zero:dihedral_arm line 4091: |m|=2.6249999999999998e-5 band_zero=1e-6 — definite below the baseline distribution's floor (4e-5)
  FLAG driver/slab_across_zero:dihedral_wedge line 4092: |m|=2.6249999999999998e-5 band_zero=1e-6 — definite within 10^2 of the escalation threshold
  FLAG driver/slab_across_zero:dihedral_wedge line 4092: |m|=2.6249999999999998e-5 band_zero=1e-6 — definite below the baseline distribution's floor (4e-5)
  FLAG driver/slab_across_zero:dihedral_arm line 4095: |m|=2.6249999999999998e-5 band_zero=1e-6 — definite within 10^2 of the escalation threshold
  FLAG driver/slab_across_zero:dihedral_arm line 4095: |m|=2.6249999999999998e-5 band_zero=1e-6 — definite below the baseline distribution's floor (4e-5)
  FLAG driver/slab_across_zero:dihedral_wedge line 4096: |m|=2.6249999999999998e-5 band_zero=1e-6 — definite within 10^2 of the escalation threshold
  FLAG driver/slab_across_zero:dihedral_wedge line 4096: |m|=2.6249999999999998e-5 band_zero=1e-6 — definite below the baseline distribution's floor (4e-5)
  FLAG driver/slab_across_zero:dihedral_arm line 4099: |m|=2.6249999999999998e-5 band_zero=1e-6 — definite within 10^2 of the escalation threshold
  FLAG driver/slab_across_zero:dihedral_arm line 4099: |m|=2.6249999999999998e-5 band_zero=1e-6 — definite below the baseline distribution's floor (4e-5)
  FLAG driver/slab_across_zero:dihedral_wedge line 4100: |m|=2.6249999999999998e-5 band_zero=1e-6 — definite within 10^2 of the escalation threshold
  FLAG driver/slab_across_zero:dihedral_wedge line 4100: |m|=2.6249999999999998e-5 band_zero=1e-6 — definite below the baseline distribution's floor (4e-5)
  FLAG driver/slab_across_zero:dihedral_arm line 4103: |m|=2.6249999999999998e-5 band_zero=1e-6 — definite within 10^2 of the escalation threshold
  FLAG driver/slab_across_zero:dihedral_arm line 4103: |m|=2.6249999999999998e-5 band_zero=1e-6 — definite below the baseline distribution's floor (4e-5)
  FLAG driver/slab_across_zero:dihedral_wedge line 4104: |m|=2.6249999999999998e-5 band_zero=1e-6 — definite within 10^2 of the escalation threshold
  FLAG driver/slab_across_zero:dihedral_wedge line 4104: |m|=2.6249999999999998e-5 band_zero=1e-6 — definite below the baseline distribution's floor (4e-5)
  FLAG driver/slab_across_zero:dihedral_arm line 4110: |m|=2.6249999999999998e-5 band_zero=1e-6 — definite within 10^2 of the escalation threshold
  FLAG driver/slab_across_zero:dihedral_arm line 4110: |m|=2.6249999999999998e-5 band_zero=1e-6 — definite below the baseline distribution's floor (4e-5)
  FLAG driver/slab_across_zero:dihedral_wedge line 4111: |m|=2.6249999999999998e-5 band_zero=1e-6 — definite within 10^2 of the escalation threshold
  FLAG driver/slab_across_zero:dihedral_wedge line 4111: |m|=2.6249999999999998e-5 band_zero=1e-6 — definite below the baseline distribution's floor (4e-5)
  FLAG driver/slab_across_zero:interval_span_forward line 4112: |m|=2.6249999999999998e-5 band_zero=1e-6 — definite within 10^2 of the escalation threshold
  FLAG driver/slab_across_zero:interval_span_forward line 4112: |m|=2.6249999999999998e-5 band_zero=1e-6 — definite below the baseline distribution's floor (4e-5)
  FLAG driver/slab_across_zero:dihedral_arm line 4119: |m|=2.6249999999999998e-5 band_zero=1e-6 — definite within 10^2 of the escalation threshold
  FLAG driver/slab_across_zero:dihedral_arm line 4119: |m|=2.6249999999999998e-5 band_zero=1e-6 — definite below the baseline distribution's floor (4e-5)
  FLAG driver/slab_across_zero:dihedral_wedge line 4120: |m|=2.6249999999999998e-5 band_zero=1e-6 — definite within 10^2 of the escalation threshold
  FLAG driver/slab_across_zero:dihedral_wedge line 4120: |m|=2.6249999999999998e-5 band_zero=1e-6 — definite below the baseline distribution's floor (4e-5)
  FLAG driver/slab_across_zero:dihedral_arm line 4123: |m|=2.6249999999999998e-5 band_zero=1e-6 — definite within 10^2 of the escalation threshold
  FLAG driver/slab_across_zero:dihedral_arm line 4123: |m|=2.6249999999999998e-5 band_zero=1e-6 — definite below the baseline distribution's floor (4e-5)
  FLAG driver/slab_across_zero:dihedral_wedge line 4124: |m|=2.6249999999999998e-5 band_zero=1e-6 — definite within 10^2 of the escalation threshold
  FLAG driver/slab_across_zero:dihedral_wedge line 4124: |m|=2.6249999999999998e-5 band_zero=1e-6 — definite below the baseline distribution's floor (4e-5)
  FLAG driver/slab_across_zero:dihedral_arm line 4127: |m|=2.6249999999999998e-5 band_zero=1e-6 — definite within 10^2 of the escalation threshold
  FLAG driver/slab_across_zero:dihedral_arm line 4127: |m|=2.6249999999999998e-5 band_zero=1e-6 — definite below the baseline distribution's floor (4e-5)
  FLAG driver/slab_across_zero:dihedral_wedge line 4128: |m|=2.6249999999999998e-5 band_zero=1e-6 — definite within 10^2 of the escalation threshold
  FLAG driver/slab_across_zero:dihedral_wedge line 4128: |m|=2.6249999999999998e-5 band_zero=1e-6 — definite below the baseline distribution's floor (4e-5)
  FLAG driver/slab_across_zero:dihedral_arm line 4131: |m|=2.6249999999999998e-5 band_zero=1e-6 — definite within 10^2 of the escalation threshold
  FLAG driver/slab_across_zero:dihedral_arm line 4131: |m|=2.6249999999999998e-5 band_zero=1e-6 — definite below the baseline distribution's floor (4e-5)
  FLAG driver/slab_across_zero:dihedral_wedge line 4132: |m|=2.6249999999999998e-5 band_zero=1e-6 — definite within 10^2 of the escalation threshold
  FLAG driver/slab_across_zero:dihedral_wedge line 4132: |m|=2.6249999999999998e-5 band_zero=1e-6 — definite below the baseline distribution's floor (4e-5)
  FLAG driver/slab_across_zero:dihedral_arm line 4135: |m|=2.6249999999999998e-5 band_zero=1e-6 — definite within 10^2 of the escalation threshold
  FLAG driver/slab_across_zero:dihedral_arm line 4135: |m|=2.6249999999999998e-5 band_zero=1e-6 — definite below the baseline distribution's floor (4e-5)
  FLAG driver/slab_across_zero:dihedral_wedge line 4136: |m|=2.6249999999999998e-5 band_zero=1e-6 — definite within 10^2 of the escalation threshold
  FLAG driver/slab_across_zero:dihedral_wedge line 4136: |m|=2.6249999999999998e-5 band_zero=1e-6 — definite below the baseline distribution's floor (4e-5)
  FLAG driver/slab_across_zero:dihedral_arm line 4139: |m|=2.6249999999999998e-5 band_zero=1e-6 — definite within 10^2 of the escalation threshold
  FLAG driver/slab_across_zero:dihedral_arm line 4139: |m|=2.6249999999999998e-5 band_zero=1e-6 — definite below the baseline distribution's floor (4e-5)
  FLAG driver/slab_across_zero:dihedral_wedge line 4140: |m|=2.6249999999999998e-5 band_zero=1e-6 — definite within 10^2 of the escalation threshold
  FLAG driver/slab_across_zero:dihedral_wedge line 4140: |m|=2.6249999999999998e-5 band_zero=1e-6 — definite below the baseline distribution's floor (4e-5)
  FLAG driver/slab_across_zero:dihedral_arm line 4143: |m|=2.6249999999999998e-5 band_zero=1e-6 — definite within 10^2 of the escalation threshold
  FLAG driver/slab_across_zero:dihedral_arm line 4143: |m|=2.6249999999999998e-5 band_zero=1e-6 — definite below the baseline distribution's floor (4e-5)
  FLAG driver/slab_across_zero:dihedral_wedge line 4144: |m|=2.6249999999999998e-5 band_zero=1e-6 — definite within 10^2 of the escalation threshold
  FLAG driver/slab_across_zero:dihedral_wedge line 4144: |m|=2.6249999999999998e-5 band_zero=1e-6 — definite below the baseline distribution's floor (4e-5)
  FLAG driver/slab_across_zero:extrusion_normal_component line 4566: |m|=2.8749999999999997e-5 band_zero=1e-6 — definite within 10^2 of the escalation threshold
  FLAG driver/slab_across_zero:extrusion_normal_component line 4566: |m|=2.8749999999999997e-5 band_zero=1e-6 — definite below the baseline distribution's floor (4e-5)
  FLAG driver/slab_across_zero:interval_span_forward line 4623: |m|=2.8749999999999997e-5 band_zero=1e-6 — definite within 10^2 of the escalation threshold
  FLAG driver/slab_across_zero:interval_span_forward line 4623: |m|=2.8749999999999997e-5 band_zero=1e-6 — definite below the baseline distribution's floor (4e-5)
  FLAG driver/slab_across_zero:interval_span_forward line 4635: |m|=2.8749999999999997e-5 band_zero=1e-6 — definite within 10^2 of the escalation threshold
  FLAG driver/slab_across_zero:interval_span_forward line 4635: |m|=2.8749999999999997e-5 band_zero=1e-6 — definite below the baseline distribution's floor (4e-5)
  FLAG driver/slab_across_zero:interval_span_forward line 4647: |m|=2.8749999999999997e-5 band_zero=1e-6 — definite within 10^2 of the escalation threshold
  FLAG driver/slab_across_zero:interval_span_forward line 4647: |m|=2.8749999999999997e-5 band_zero=1e-6 — definite below the baseline distribution's floor (4e-5)
  FLAG driver/slab_across_zero:interval_span_forward line 4659: |m|=2.8749999999999997e-5 band_zero=1e-6 — definite within 10^2 of the escalation threshold
  FLAG driver/slab_across_zero:interval_span_forward line 4659: |m|=2.8749999999999997e-5 band_zero=1e-6 — definite below the baseline distribution's floor (4e-5)
  FLAG driver/slab_across_zero:dihedral_arm line 4735: |m|=2.8749999999999997e-5 band_zero=1e-6 — definite within 10^2 of the escalation threshold
  FLAG driver/slab_across_zero:dihedral_arm line 4735: |m|=2.8749999999999997e-5 band_zero=1e-6 — definite below the baseline distribution's floor (4e-5)
  FLAG driver/slab_across_zero:dihedral_wedge line 4736: |m|=2.8749999999999997e-5 band_zero=1e-6 — definite within 10^2 of the escalation threshold
  FLAG driver/slab_across_zero:dihedral_wedge line 4736: |m|=2.8749999999999997e-5 band_zero=1e-6 — definite below the baseline distribution's floor (4e-5)
  FLAG driver/slab_across_zero:interval_span_forward line 4737: |m|=2.8749999999999997e-5 band_zero=1e-6 — definite within 10^2 of the escalation threshold
  FLAG driver/slab_across_zero:interval_span_forward line 4737: |m|=2.8749999999999997e-5 band_zero=1e-6 — definite below the baseline distribution's floor (4e-5)
  FLAG driver/slab_across_zero:dihedral_arm line 4744: |m|=2.8749999999999997e-5 band_zero=1e-6 — definite within 10^2 of the escalation threshold
  FLAG driver/slab_across_zero:dihedral_arm line 4744: |m|=2.8749999999999997e-5 band_zero=1e-6 — definite below the baseline distribution's floor (4e-5)
  FLAG driver/slab_across_zero:dihedral_wedge line 4745: |m|=2.8749999999999997e-5 band_zero=1e-6 — definite within 10^2 of the escalation threshold
  FLAG driver/slab_across_zero:dihedral_wedge line 4745: |m|=2.8749999999999997e-5 band_zero=1e-6 — definite below the baseline distribution's floor (4e-5)
  FLAG driver/slab_across_zero:dihedral_arm line 4748: |m|=2.8749999999999997e-5 band_zero=1e-6 — definite within 10^2 of the escalation threshold
  FLAG driver/slab_across_zero:dihedral_arm line 4748: |m|=2.8749999999999997e-5 band_zero=1e-6 — definite below the baseline distribution's floor (4e-5)
  FLAG driver/slab_across_zero:dihedral_wedge line 4749: |m|=2.8749999999999997e-5 band_zero=1e-6 — definite within 10^2 of the escalation threshold
  FLAG driver/slab_across_zero:dihedral_wedge line 4749: |m|=2.8749999999999997e-5 band_zero=1e-6 — definite below the baseline distribution's floor (4e-5)
  FLAG driver/slab_across_zero:dihedral_arm line 4752: |m|=2.8749999999999997e-5 band_zero=1e-6 — definite within 10^2 of the escalation threshold
  FLAG driver/slab_across_zero:dihedral_arm line 4752: |m|=2.8749999999999997e-5 band_zero=1e-6 — definite below the baseline distribution's floor (4e-5)
  FLAG driver/slab_across_zero:dihedral_wedge line 4753: |m|=2.8749999999999997e-5 band_zero=1e-6 — definite within 10^2 of the escalation threshold
  FLAG driver/slab_across_zero:dihedral_wedge line 4753: |m|=2.8749999999999997e-5 band_zero=1e-6 — definite below the baseline distribution's floor (4e-5)
  FLAG driver/slab_across_zero:dihedral_arm line 4756: |m|=2.8749999999999997e-5 band_zero=1e-6 — definite within 10^2 of the escalation threshold
  FLAG driver/slab_across_zero:dihedral_arm line 4756: |m|=2.8749999999999997e-5 band_zero=1e-6 — definite below the baseline distribution's floor (4e-5)
  FLAG driver/slab_across_zero:dihedral_wedge line 4757: |m|=2.8749999999999997e-5 band_zero=1e-6 — definite within 10^2 of the escalation threshold
  FLAG driver/slab_across_zero:dihedral_wedge line 4757: |m|=2.8749999999999997e-5 band_zero=1e-6 — definite below the baseline distribution's floor (4e-5)
  FLAG driver/slab_across_zero:dihedral_arm line 4760: |m|=2.8749999999999997e-5 band_zero=1e-6 — definite within 10^2 of the escalation threshold
  FLAG driver/slab_across_zero:dihedral_arm line 4760: |m|=2.8749999999999997e-5 band_zero=1e-6 — definite below the baseline distribution's floor (4e-5)
  FLAG driver/slab_across_zero:dihedral_wedge line 4761: |m|=2.8749999999999997e-5 band_zero=1e-6 — definite within 10^2 of the escalation threshold
  FLAG driver/slab_across_zero:dihedral_wedge line 4761: |m|=2.8749999999999997e-5 band_zero=1e-6 — definite below the baseline distribution's floor (4e-5)
  FLAG driver/slab_across_zero:dihedral_arm line 4764: |m|=2.8749999999999997e-5 band_zero=1e-6 — definite within 10^2 of the escalation threshold
  FLAG driver/slab_across_zero:dihedral_arm line 4764: |m|=2.8749999999999997e-5 band_zero=1e-6 — definite below the baseline distribution's floor (4e-5)
  FLAG driver/slab_across_zero:dihedral_wedge line 4765: |m|=2.8749999999999997e-5 band_zero=1e-6 — definite within 10^2 of the escalation threshold
  FLAG driver/slab_across_zero:dihedral_wedge line 4765: |m|=2.8749999999999997e-5 band_zero=1e-6 — definite below the baseline distribution's floor (4e-5)
  FLAG driver/slab_across_zero:dihedral_arm line 4768: |m|=2.8749999999999997e-5 band_zero=1e-6 — definite within 10^2 of the escalation threshold
  FLAG driver/slab_across_zero:dihedral_arm line 4768: |m|=2.8749999999999997e-5 band_zero=1e-6 — definite below the baseline distribution's floor (4e-5)
  FLAG driver/slab_across_zero:dihedral_wedge line 4769: |m|=2.8749999999999997e-5 band_zero=1e-6 — definite within 10^2 of the escalation threshold
  FLAG driver/slab_across_zero:dihedral_wedge line 4769: |m|=2.8749999999999997e-5 band_zero=1e-6 — definite below the baseline distribution's floor (4e-5)
  FLAG driver/slab_across_zero:dihedral_arm line 4775: |m|=2.8749999999999997e-5 band_zero=1e-6 — definite within 10^2 of the escalation threshold
  FLAG driver/slab_across_zero:dihedral_arm line 4775: |m|=2.8749999999999997e-5 band_zero=1e-6 — definite below the baseline distribution's floor (4e-5)
  FLAG driver/slab_across_zero:dihedral_wedge line 4776: |m|=2.8749999999999997e-5 band_zero=1e-6 — definite within 10^2 of the escalation threshold
  FLAG driver/slab_across_zero:dihedral_wedge line 4776: |m|=2.8749999999999997e-5 band_zero=1e-6 — definite below the baseline distribution's floor (4e-5)
  FLAG driver/slab_across_zero:interval_span_forward line 4777: |m|=2.8749999999999997e-5 band_zero=1e-6 — definite within 10^2 of the escalation threshold
  FLAG driver/slab_across_zero:interval_span_forward line 4777: |m|=2.8749999999999997e-5 band_zero=1e-6 — definite below the baseline distribution's floor (4e-5)
  FLAG driver/slab_across_zero:dihedral_arm line 4784: |m|=2.8749999999999997e-5 band_zero=1e-6 — definite within 10^2 of the escalation threshold
  FLAG driver/slab_across_zero:dihedral_arm line 4784: |m|=2.8749999999999997e-5 band_zero=1e-6 — definite below the baseline distribution's floor (4e-5)
  FLAG driver/slab_across_zero:dihedral_wedge line 4785: |m|=2.8749999999999997e-5 band_zero=1e-6 — definite within 10^2 of the escalation threshold
  FLAG driver/slab_across_zero:dihedral_wedge line 4785: |m|=2.8749999999999997e-5 band_zero=1e-6 — definite below the baseline distribution's floor (4e-5)
  FLAG driver/slab_across_zero:dihedral_arm line 4788: |m|=2.8749999999999997e-5 band_zero=1e-6 — definite within 10^2 of the escalation threshold
  FLAG driver/slab_across_zero:dihedral_arm line 4788: |m|=2.8749999999999997e-5 band_zero=1e-6 — definite below the baseline distribution's floor (4e-5)
  FLAG driver/slab_across_zero:dihedral_wedge line 4789: |m|=2.8749999999999997e-5 band_zero=1e-6 — definite within 10^2 of the escalation threshold
  FLAG driver/slab_across_zero:dihedral_wedge line 4789: |m|=2.8749999999999997e-5 band_zero=1e-6 — definite below the baseline distribution's floor (4e-5)
  FLAG driver/slab_across_zero:dihedral_arm line 4792: |m|=2.8749999999999997e-5 band_zero=1e-6 — definite within 10^2 of the escalation threshold
  FLAG driver/slab_across_zero:dihedral_arm line 4792: |m|=2.8749999999999997e-5 band_zero=1e-6 — definite below the baseline distribution's floor (4e-5)
  FLAG driver/slab_across_zero:dihedral_wedge line 4793: |m|=2.8749999999999997e-5 band_zero=1e-6 — definite within 10^2 of the escalation threshold
  FLAG driver/slab_across_zero:dihedral_wedge line 4793: |m|=2.8749999999999997e-5 band_zero=1e-6 — definite below the baseline distribution's floor (4e-5)
  FLAG driver/slab_across_zero:dihedral_arm line 4796: |m|=2.8749999999999997e-5 band_zero=1e-6 — definite within 10^2 of the escalation threshold
  FLAG driver/slab_across_zero:dihedral_arm line 4796: |m|=2.8749999999999997e-5 band_zero=1e-6 — definite below the baseline distribution's floor (4e-5)
  FLAG driver/slab_across_zero:dihedral_wedge line 4797: |m|=2.8749999999999997e-5 band_zero=1e-6 — definite within 10^2 of the escalation threshold
  FLAG driver/slab_across_zero:dihedral_wedge line 4797: |m|=2.8749999999999997e-5 band_zero=1e-6 — definite below the baseline distribution's floor (4e-5)
  FLAG driver/slab_across_zero:dihedral_arm line 4800: |m|=2.8749999999999997e-5 band_zero=1e-6 — definite within 10^2 of the escalation threshold
  FLAG driver/slab_across_zero:dihedral_arm line 4800: |m|=2.8749999999999997e-5 band_zero=1e-6 — definite below the baseline distribution's floor (4e-5)
  FLAG driver/slab_across_zero:dihedral_wedge line 4801: |m|=2.8749999999999997e-5 band_zero=1e-6 — definite within 10^2 of the escalation threshold
  FLAG driver/slab_across_zero:dihedral_wedge line 4801: |m|=2.8749999999999997e-5 band_zero=1e-6 — definite below the baseline distribution's floor (4e-5)
  FLAG driver/slab_across_zero:dihedral_arm line 4804: |m|=2.8749999999999997e-5 band_zero=1e-6 — definite within 10^2 of the escalation threshold
  FLAG driver/slab_across_zero:dihedral_arm line 4804: |m|=2.8749999999999997e-5 band_zero=1e-6 — definite below the baseline distribution's floor (4e-5)
  FLAG driver/slab_across_zero:dihedral_wedge line 4805: |m|=2.8749999999999997e-5 band_zero=1e-6 — definite within 10^2 of the escalation threshold
  FLAG driver/slab_across_zero:dihedral_wedge line 4805: |m|=2.8749999999999997e-5 band_zero=1e-6 — definite below the baseline distribution's floor (4e-5)
  FLAG driver/slab_across_zero:dihedral_arm line 4808: |m|=2.8749999999999997e-5 band_zero=1e-6 — definite within 10^2 of the escalation threshold
  FLAG driver/slab_across_zero:dihedral_arm line 4808: |m|=2.8749999999999997e-5 band_zero=1e-6 — definite below the baseline distribution's floor (4e-5)
  FLAG driver/slab_across_zero:dihedral_wedge line 4809: |m|=2.8749999999999997e-5 band_zero=1e-6 — definite within 10^2 of the escalation threshold
  FLAG driver/slab_across_zero:dihedral_wedge line 4809: |m|=2.8749999999999997e-5 band_zero=1e-6 — definite below the baseline distribution's floor (4e-5)
  FLAG driver/slab_across_zero:dihedral_arm line 4815: |m|=2.8749999999999997e-5 band_zero=1e-6 — definite within 10^2 of the escalation threshold
  FLAG driver/slab_across_zero:dihedral_arm line 4815: |m|=2.8749999999999997e-5 band_zero=1e-6 — definite below the baseline distribution's floor (4e-5)
  FLAG driver/slab_across_zero:dihedral_wedge line 4816: |m|=2.8749999999999997e-5 band_zero=1e-6 — definite within 10^2 of the escalation threshold
  FLAG driver/slab_across_zero:dihedral_wedge line 4816: |m|=2.8749999999999997e-5 band_zero=1e-6 — definite below the baseline distribution's floor (4e-5)
  FLAG driver/slab_across_zero:interval_span_forward line 4817: |m|=2.8749999999999997e-5 band_zero=1e-6 — definite within 10^2 of the escalation threshold
  FLAG driver/slab_across_zero:interval_span_forward line 4817: |m|=2.8749999999999997e-5 band_zero=1e-6 — definite below the baseline distribution's floor (4e-5)
  FLAG driver/slab_across_zero:dihedral_arm line 4824: |m|=2.8749999999999997e-5 band_zero=1e-6 — definite within 10^2 of the escalation threshold
  FLAG driver/slab_across_zero:dihedral_arm line 4824: |m|=2.8749999999999997e-5 band_zero=1e-6 — definite below the baseline distribution's floor (4e-5)
  FLAG driver/slab_across_zero:dihedral_wedge line 4825: |m|=2.8749999999999997e-5 band_zero=1e-6 — definite within 10^2 of the escalation threshold
  FLAG driver/slab_across_zero:dihedral_wedge line 4825: |m|=2.8749999999999997e-5 band_zero=1e-6 — definite below the baseline distribution's floor (4e-5)
  FLAG driver/slab_across_zero:dihedral_arm line 4828: |m|=2.8749999999999997e-5 band_zero=1e-6 — definite within 10^2 of the escalation threshold
  FLAG driver/slab_across_zero:dihedral_arm line 4828: |m|=2.8749999999999997e-5 band_zero=1e-6 — definite below the baseline distribution's floor (4e-5)
  FLAG driver/slab_across_zero:dihedral_wedge line 4829: |m|=2.8749999999999997e-5 band_zero=1e-6 — definite within 10^2 of the escalation threshold
  FLAG driver/slab_across_zero:dihedral_wedge line 4829: |m|=2.8749999999999997e-5 band_zero=1e-6 — definite below the baseline distribution's floor (4e-5)
  FLAG driver/slab_across_zero:dihedral_arm line 4832: |m|=2.8749999999999997e-5 band_zero=1e-6 — definite within 10^2 of the escalation threshold
  FLAG driver/slab_across_zero:dihedral_arm line 4832: |m|=2.8749999999999997e-5 band_zero=1e-6 — definite below the baseline distribution's floor (4e-5)
  FLAG driver/slab_across_zero:dihedral_wedge line 4833: |m|=2.8749999999999997e-5 band_zero=1e-6 — definite within 10^2 of the escalation threshold
  FLAG driver/slab_across_zero:dihedral_wedge line 4833: |m|=2.8749999999999997e-5 band_zero=1e-6 — definite below the baseline distribution's floor (4e-5)
  FLAG driver/slab_across_zero:dihedral_arm line 4836: |m|=2.8749999999999997e-5 band_zero=1e-6 — definite within 10^2 of the escalation threshold
  FLAG driver/slab_across_zero:dihedral_arm line 4836: |m|=2.8749999999999997e-5 band_zero=1e-6 — definite below the baseline distribution's floor (4e-5)
  FLAG driver/slab_across_zero:dihedral_wedge line 4837: |m|=2.8749999999999997e-5 band_zero=1e-6 — definite within 10^2 of the escalation threshold
  FLAG driver/slab_across_zero:dihedral_wedge line 4837: |m|=2.8749999999999997e-5 band_zero=1e-6 — definite below the baseline distribution's floor (4e-5)
  FLAG driver/slab_across_zero:dihedral_arm line 4840: |m|=2.8749999999999997e-5 band_zero=1e-6 — definite within 10^2 of the escalation threshold
  FLAG driver/slab_across_zero:dihedral_arm line 4840: |m|=2.8749999999999997e-5 band_zero=1e-6 — definite below the baseline distribution's floor (4e-5)
  FLAG driver/slab_across_zero:dihedral_wedge line 4841: |m|=2.8749999999999997e-5 band_zero=1e-6 — definite within 10^2 of the escalation threshold
  FLAG driver/slab_across_zero:dihedral_wedge line 4841: |m|=2.8749999999999997e-5 band_zero=1e-6 — definite below the baseline distribution's floor (4e-5)
  FLAG driver/slab_across_zero:dihedral_arm line 4844: |m|=2.8749999999999997e-5 band_zero=1e-6 — definite within 10^2 of the escalation threshold
  FLAG driver/slab_across_zero:dihedral_arm line 4844: |m|=2.8749999999999997e-5 band_zero=1e-6 — definite below the baseline distribution's floor (4e-5)
  FLAG driver/slab_across_zero:dihedral_wedge line 4845: |m|=2.8749999999999997e-5 band_zero=1e-6 — definite within 10^2 of the escalation threshold
  FLAG driver/slab_across_zero:dihedral_wedge line 4845: |m|=2.8749999999999997e-5 band_zero=1e-6 — definite below the baseline distribution's floor (4e-5)
  … 4910 more flags (capped print)
k-lint: /home/user/d3977-k/target/k-fresh/driver/k-eps-1e-9.csv: 57067 samples (37207 symbolic_zero, 0 sign_gated, 260 registered, 19600 classified), 5329 flagged — rule 1 (undecided/invalid): 0, rule 2 (near a threshold): 5329, rule 3 (below a floor): 5329, rule 5 (off its construction's target): 0
    rule 2 — definite within 10^2 of the escalation threshold: 5329
    rule 3 — definite below the baseline distribution's floor (4e-5): 5329
  FLAG driver/slab_across_zero:extrusion_normal_component line 841: |m|=5.5e-8 band_zero=1e-9 — definite within 10^2 of the escalation threshold
  FLAG driver/slab_across_zero:extrusion_normal_component line 841: |m|=5.5e-8 band_zero=1e-9 — definite below the baseline distribution's floor (4e-5)
  FLAG driver/slab_across_zero:interval_span_forward line 898: |m|=5.5e-8 band_zero=1e-9 — definite within 10^2 of the escalation threshold
  FLAG driver/slab_across_zero:interval_span_forward line 898: |m|=5.5e-8 band_zero=1e-9 — definite below the baseline distribution's floor (4e-5)
  FLAG driver/slab_across_zero:interval_span_forward line 910: |m|=5.5e-8 band_zero=1e-9 — definite within 10^2 of the escalation threshold
  FLAG driver/slab_across_zero:interval_span_forward line 910: |m|=5.5e-8 band_zero=1e-9 — definite below the baseline distribution's floor (4e-5)
  FLAG driver/slab_across_zero:interval_span_forward line 922: |m|=5.5e-8 band_zero=1e-9 — definite within 10^2 of the escalation threshold
  FLAG driver/slab_across_zero:interval_span_forward line 922: |m|=5.5e-8 band_zero=1e-9 — definite below the baseline distribution's floor (4e-5)
  FLAG driver/slab_across_zero:interval_span_forward line 934: |m|=5.5e-8 band_zero=1e-9 — definite within 10^2 of the escalation threshold
  FLAG driver/slab_across_zero:interval_span_forward line 934: |m|=5.5e-8 band_zero=1e-9 — definite below the baseline distribution's floor (4e-5)
  FLAG driver/slab_across_zero:dihedral_arm line 1010: |m|=5.5e-8 band_zero=1e-9 — definite within 10^2 of the escalation threshold
  FLAG driver/slab_across_zero:dihedral_arm line 1010: |m|=5.5e-8 band_zero=1e-9 — definite below the baseline distribution's floor (4e-5)
  FLAG driver/slab_across_zero:dihedral_wedge line 1011: |m|=5.5e-8 band_zero=1e-9 — definite within 10^2 of the escalation threshold
  FLAG driver/slab_across_zero:dihedral_wedge line 1011: |m|=5.5e-8 band_zero=1e-9 — definite below the baseline distribution's floor (4e-5)
  FLAG driver/slab_across_zero:interval_span_forward line 1012: |m|=5.5e-8 band_zero=1e-9 — definite within 10^2 of the escalation threshold
  FLAG driver/slab_across_zero:interval_span_forward line 1012: |m|=5.5e-8 band_zero=1e-9 — definite below the baseline distribution's floor (4e-5)
  FLAG driver/slab_across_zero:dihedral_arm line 1019: |m|=5.5e-8 band_zero=1e-9 — definite within 10^2 of the escalation threshold
  FLAG driver/slab_across_zero:dihedral_arm line 1019: |m|=5.5e-8 band_zero=1e-9 — definite below the baseline distribution's floor (4e-5)
  FLAG driver/slab_across_zero:dihedral_wedge line 1020: |m|=5.5e-8 band_zero=1e-9 — definite within 10^2 of the escalation threshold
  FLAG driver/slab_across_zero:dihedral_wedge line 1020: |m|=5.5e-8 band_zero=1e-9 — definite below the baseline distribution's floor (4e-5)
  FLAG driver/slab_across_zero:dihedral_arm line 1023: |m|=5.5e-8 band_zero=1e-9 — definite within 10^2 of the escalation threshold
  FLAG driver/slab_across_zero:dihedral_arm line 1023: |m|=5.5e-8 band_zero=1e-9 — definite below the baseline distribution's floor (4e-5)
  FLAG driver/slab_across_zero:dihedral_wedge line 1024: |m|=5.5e-8 band_zero=1e-9 — definite within 10^2 of the escalation threshold
  FLAG driver/slab_across_zero:dihedral_wedge line 1024: |m|=5.5e-8 band_zero=1e-9 — definite below the baseline distribution's floor (4e-5)
  FLAG driver/slab_across_zero:dihedral_arm line 1027: |m|=5.5e-8 band_zero=1e-9 — definite within 10^2 of the escalation threshold
  FLAG driver/slab_across_zero:dihedral_arm line 1027: |m|=5.5e-8 band_zero=1e-9 — definite below the baseline distribution's floor (4e-5)
  FLAG driver/slab_across_zero:dihedral_wedge line 1028: |m|=5.5e-8 band_zero=1e-9 — definite within 10^2 of the escalation threshold
  FLAG driver/slab_across_zero:dihedral_wedge line 1028: |m|=5.5e-8 band_zero=1e-9 — definite below the baseline distribution's floor (4e-5)
  FLAG driver/slab_across_zero:dihedral_arm line 1031: |m|=5.5e-8 band_zero=1e-9 — definite within 10^2 of the escalation threshold
  FLAG driver/slab_across_zero:dihedral_arm line 1031: |m|=5.5e-8 band_zero=1e-9 — definite below the baseline distribution's floor (4e-5)
  FLAG driver/slab_across_zero:dihedral_wedge line 1032: |m|=5.5e-8 band_zero=1e-9 — definite within 10^2 of the escalation threshold
  FLAG driver/slab_across_zero:dihedral_wedge line 1032: |m|=5.5e-8 band_zero=1e-9 — definite below the baseline distribution's floor (4e-5)
  FLAG driver/slab_across_zero:dihedral_arm line 1035: |m|=5.5e-8 band_zero=1e-9 — definite within 10^2 of the escalation threshold
  FLAG driver/slab_across_zero:dihedral_arm line 1035: |m|=5.5e-8 band_zero=1e-9 — definite below the baseline distribution's floor (4e-5)
  FLAG driver/slab_across_zero:dihedral_wedge line 1036: |m|=5.5e-8 band_zero=1e-9 — definite within 10^2 of the escalation threshold
  FLAG driver/slab_across_zero:dihedral_wedge line 1036: |m|=5.5e-8 band_zero=1e-9 — definite below the baseline distribution's floor (4e-5)
  FLAG driver/slab_across_zero:dihedral_arm line 1039: |m|=5.5e-8 band_zero=1e-9 — definite within 10^2 of the escalation threshold
  FLAG driver/slab_across_zero:dihedral_arm line 1039: |m|=5.5e-8 band_zero=1e-9 — definite below the baseline distribution's floor (4e-5)
  FLAG driver/slab_across_zero:dihedral_wedge line 1040: |m|=5.5e-8 band_zero=1e-9 — definite within 10^2 of the escalation threshold
  FLAG driver/slab_across_zero:dihedral_wedge line 1040: |m|=5.5e-8 band_zero=1e-9 — definite below the baseline distribution's floor (4e-5)
  FLAG driver/slab_across_zero:dihedral_arm line 1043: |m|=5.5e-8 band_zero=1e-9 — definite within 10^2 of the escalation threshold
  FLAG driver/slab_across_zero:dihedral_arm line 1043: |m|=5.5e-8 band_zero=1e-9 — definite below the baseline distribution's floor (4e-5)
  FLAG driver/slab_across_zero:dihedral_wedge line 1044: |m|=5.5e-8 band_zero=1e-9 — definite within 10^2 of the escalation threshold
  FLAG driver/slab_across_zero:dihedral_wedge line 1044: |m|=5.5e-8 band_zero=1e-9 — definite below the baseline distribution's floor (4e-5)
  FLAG driver/slab_across_zero:dihedral_arm line 1050: |m|=5.5e-8 band_zero=1e-9 — definite within 10^2 of the escalation threshold
  FLAG driver/slab_across_zero:dihedral_arm line 1050: |m|=5.5e-8 band_zero=1e-9 — definite below the baseline distribution's floor (4e-5)
  FLAG driver/slab_across_zero:dihedral_wedge line 1051: |m|=5.5e-8 band_zero=1e-9 — definite within 10^2 of the escalation threshold
  FLAG driver/slab_across_zero:dihedral_wedge line 1051: |m|=5.5e-8 band_zero=1e-9 — definite below the baseline distribution's floor (4e-5)
  FLAG driver/slab_across_zero:interval_span_forward line 1052: |m|=5.5e-8 band_zero=1e-9 — definite within 10^2 of the escalation threshold
  FLAG driver/slab_across_zero:interval_span_forward line 1052: |m|=5.5e-8 band_zero=1e-9 — definite below the baseline distribution's floor (4e-5)
  FLAG driver/slab_across_zero:dihedral_arm line 1059: |m|=5.5e-8 band_zero=1e-9 — definite within 10^2 of the escalation threshold
  FLAG driver/slab_across_zero:dihedral_arm line 1059: |m|=5.5e-8 band_zero=1e-9 — definite below the baseline distribution's floor (4e-5)
  FLAG driver/slab_across_zero:dihedral_wedge line 1060: |m|=5.5e-8 band_zero=1e-9 — definite within 10^2 of the escalation threshold
  FLAG driver/slab_across_zero:dihedral_wedge line 1060: |m|=5.5e-8 band_zero=1e-9 — definite below the baseline distribution's floor (4e-5)
  FLAG driver/slab_across_zero:dihedral_arm line 1063: |m|=5.5e-8 band_zero=1e-9 — definite within 10^2 of the escalation threshold
  FLAG driver/slab_across_zero:dihedral_arm line 1063: |m|=5.5e-8 band_zero=1e-9 — definite below the baseline distribution's floor (4e-5)
  FLAG driver/slab_across_zero:dihedral_wedge line 1064: |m|=5.5e-8 band_zero=1e-9 — definite within 10^2 of the escalation threshold
  FLAG driver/slab_across_zero:dihedral_wedge line 1064: |m|=5.5e-8 band_zero=1e-9 — definite below the baseline distribution's floor (4e-5)
  FLAG driver/slab_across_zero:dihedral_arm line 1067: |m|=5.5e-8 band_zero=1e-9 — definite within 10^2 of the escalation threshold
  FLAG driver/slab_across_zero:dihedral_arm line 1067: |m|=5.5e-8 band_zero=1e-9 — definite below the baseline distribution's floor (4e-5)
  FLAG driver/slab_across_zero:dihedral_wedge line 1068: |m|=5.5e-8 band_zero=1e-9 — definite within 10^2 of the escalation threshold
  FLAG driver/slab_across_zero:dihedral_wedge line 1068: |m|=5.5e-8 band_zero=1e-9 — definite below the baseline distribution's floor (4e-5)
  FLAG driver/slab_across_zero:dihedral_arm line 1071: |m|=5.5e-8 band_zero=1e-9 — definite within 10^2 of the escalation threshold
  FLAG driver/slab_across_zero:dihedral_arm line 1071: |m|=5.5e-8 band_zero=1e-9 — definite below the baseline distribution's floor (4e-5)
  FLAG driver/slab_across_zero:dihedral_wedge line 1072: |m|=5.5e-8 band_zero=1e-9 — definite within 10^2 of the escalation threshold
  FLAG driver/slab_across_zero:dihedral_wedge line 1072: |m|=5.5e-8 band_zero=1e-9 — definite below the baseline distribution's floor (4e-5)
  FLAG driver/slab_across_zero:dihedral_arm line 1075: |m|=5.5e-8 band_zero=1e-9 — definite within 10^2 of the escalation threshold
  FLAG driver/slab_across_zero:dihedral_arm line 1075: |m|=5.5e-8 band_zero=1e-9 — definite below the baseline distribution's floor (4e-5)
  FLAG driver/slab_across_zero:dihedral_wedge line 1076: |m|=5.5e-8 band_zero=1e-9 — definite within 10^2 of the escalation threshold
  FLAG driver/slab_across_zero:dihedral_wedge line 1076: |m|=5.5e-8 band_zero=1e-9 — definite below the baseline distribution's floor (4e-5)
  FLAG driver/slab_across_zero:dihedral_arm line 1079: |m|=5.5e-8 band_zero=1e-9 — definite within 10^2 of the escalation threshold
  FLAG driver/slab_across_zero:dihedral_arm line 1079: |m|=5.5e-8 band_zero=1e-9 — definite below the baseline distribution's floor (4e-5)
  FLAG driver/slab_across_zero:dihedral_wedge line 1080: |m|=5.5e-8 band_zero=1e-9 — definite within 10^2 of the escalation threshold
  FLAG driver/slab_across_zero:dihedral_wedge line 1080: |m|=5.5e-8 band_zero=1e-9 — definite below the baseline distribution's floor (4e-5)
  FLAG driver/slab_across_zero:dihedral_arm line 1083: |m|=5.5e-8 band_zero=1e-9 — definite within 10^2 of the escalation threshold
  FLAG driver/slab_across_zero:dihedral_arm line 1083: |m|=5.5e-8 band_zero=1e-9 — definite below the baseline distribution's floor (4e-5)
  FLAG driver/slab_across_zero:dihedral_wedge line 1084: |m|=5.5e-8 band_zero=1e-9 — definite within 10^2 of the escalation threshold
  FLAG driver/slab_across_zero:dihedral_wedge line 1084: |m|=5.5e-8 band_zero=1e-9 — definite below the baseline distribution's floor (4e-5)
  FLAG driver/slab_across_zero:dihedral_arm line 1090: |m|=5.5e-8 band_zero=1e-9 — definite within 10^2 of the escalation threshold
  FLAG driver/slab_across_zero:dihedral_arm line 1090: |m|=5.5e-8 band_zero=1e-9 — definite below the baseline distribution's floor (4e-5)
  FLAG driver/slab_across_zero:dihedral_wedge line 1091: |m|=5.5e-8 band_zero=1e-9 — definite within 10^2 of the escalation threshold
  FLAG driver/slab_across_zero:dihedral_wedge line 1091: |m|=5.5e-8 band_zero=1e-9 — definite below the baseline distribution's floor (4e-5)
  FLAG driver/slab_across_zero:interval_span_forward line 1092: |m|=5.5e-8 band_zero=1e-9 — definite within 10^2 of the escalation threshold
  FLAG driver/slab_across_zero:interval_span_forward line 1092: |m|=5.5e-8 band_zero=1e-9 — definite below the baseline distribution's floor (4e-5)
  FLAG driver/slab_across_zero:dihedral_arm line 1099: |m|=5.5e-8 band_zero=1e-9 — definite within 10^2 of the escalation threshold
  FLAG driver/slab_across_zero:dihedral_arm line 1099: |m|=5.5e-8 band_zero=1e-9 — definite below the baseline distribution's floor (4e-5)
  FLAG driver/slab_across_zero:dihedral_wedge line 1100: |m|=5.5e-8 band_zero=1e-9 — definite within 10^2 of the escalation threshold
  FLAG driver/slab_across_zero:dihedral_wedge line 1100: |m|=5.5e-8 band_zero=1e-9 — definite below the baseline distribution's floor (4e-5)
  FLAG driver/slab_across_zero:dihedral_arm line 1103: |m|=5.5e-8 band_zero=1e-9 — definite within 10^2 of the escalation threshold
  FLAG driver/slab_across_zero:dihedral_arm line 1103: |m|=5.5e-8 band_zero=1e-9 — definite below the baseline distribution's floor (4e-5)
  FLAG driver/slab_across_zero:dihedral_wedge line 1104: |m|=5.5e-8 band_zero=1e-9 — definite within 10^2 of the escalation threshold
  FLAG driver/slab_across_zero:dihedral_wedge line 1104: |m|=5.5e-8 band_zero=1e-9 — definite below the baseline distribution's floor (4e-5)
  FLAG driver/slab_across_zero:dihedral_arm line 1107: |m|=5.5e-8 band_zero=1e-9 — definite within 10^2 of the escalation threshold
  FLAG driver/slab_across_zero:dihedral_arm line 1107: |m|=5.5e-8 band_zero=1e-9 — definite below the baseline distribution's floor (4e-5)
  FLAG driver/slab_across_zero:dihedral_wedge line 1108: |m|=5.5e-8 band_zero=1e-9 — definite within 10^2 of the escalation threshold
  FLAG driver/slab_across_zero:dihedral_wedge line 1108: |m|=5.5e-8 band_zero=1e-9 — definite below the baseline distribution's floor (4e-5)
  FLAG driver/slab_across_zero:dihedral_arm line 1111: |m|=5.5e-8 band_zero=1e-9 — definite within 10^2 of the escalation threshold
  FLAG driver/slab_across_zero:dihedral_arm line 1111: |m|=5.5e-8 band_zero=1e-9 — definite below the baseline distribution's floor (4e-5)
  FLAG driver/slab_across_zero:dihedral_wedge line 1112: |m|=5.5e-8 band_zero=1e-9 — definite within 10^2 of the escalation threshold
  FLAG driver/slab_across_zero:dihedral_wedge line 1112: |m|=5.5e-8 band_zero=1e-9 — definite below the baseline distribution's floor (4e-5)
  FLAG driver/slab_across_zero:dihedral_arm line 1115: |m|=5.5e-8 band_zero=1e-9 — definite within 10^2 of the escalation threshold
  FLAG driver/slab_across_zero:dihedral_arm line 1115: |m|=5.5e-8 band_zero=1e-9 — definite below the baseline distribution's floor (4e-5)
  FLAG driver/slab_across_zero:dihedral_wedge line 1116: |m|=5.5e-8 band_zero=1e-9 — definite within 10^2 of the escalation threshold
  FLAG driver/slab_across_zero:dihedral_wedge line 1116: |m|=5.5e-8 band_zero=1e-9 — definite below the baseline distribution's floor (4e-5)
  FLAG driver/slab_across_zero:dihedral_arm line 1119: |m|=5.5e-8 band_zero=1e-9 — definite within 10^2 of the escalation threshold
  FLAG driver/slab_across_zero:dihedral_arm line 1119: |m|=5.5e-8 band_zero=1e-9 — definite below the baseline distribution's floor (4e-5)
  FLAG driver/slab_across_zero:dihedral_wedge line 1120: |m|=5.5e-8 band_zero=1e-9 — definite within 10^2 of the escalation threshold
  FLAG driver/slab_across_zero:dihedral_wedge line 1120: |m|=5.5e-8 band_zero=1e-9 — definite below the baseline distribution's floor (4e-5)
  FLAG driver/slab_across_zero:dihedral_arm line 1123: |m|=5.5e-8 band_zero=1e-9 — definite within 10^2 of the escalation threshold
  FLAG driver/slab_across_zero:dihedral_arm line 1123: |m|=5.5e-8 band_zero=1e-9 — definite below the baseline distribution's floor (4e-5)
  FLAG driver/slab_across_zero:dihedral_wedge line 1124: |m|=5.5e-8 band_zero=1e-9 — definite within 10^2 of the escalation threshold
  FLAG driver/slab_across_zero:dihedral_wedge line 1124: |m|=5.5e-8 band_zero=1e-9 — definite below the baseline distribution's floor (4e-5)
  FLAG driver/slab_across_zero:dihedral_arm line 1130: |m|=5.5e-8 band_zero=1e-9 — definite within 10^2 of the escalation threshold
  FLAG driver/slab_across_zero:dihedral_arm line 1130: |m|=5.5e-8 band_zero=1e-9 — definite below the baseline distribution's floor (4e-5)
  FLAG driver/slab_across_zero:dihedral_wedge line 1131: |m|=5.5e-8 band_zero=1e-9 — definite within 10^2 of the escalation threshold
  FLAG driver/slab_across_zero:dihedral_wedge line 1131: |m|=5.5e-8 band_zero=1e-9 — definite below the baseline distribution's floor (4e-5)
  FLAG driver/slab_across_zero:interval_span_forward line 1132: |m|=5.5e-8 band_zero=1e-9 — definite within 10^2 of the escalation threshold
  FLAG driver/slab_across_zero:interval_span_forward line 1132: |m|=5.5e-8 band_zero=1e-9 — definite below the baseline distribution's floor (4e-5)
  FLAG driver/slab_across_zero:dihedral_arm line 1139: |m|=5.5e-8 band_zero=1e-9 — definite within 10^2 of the escalation threshold
  FLAG driver/slab_across_zero:dihedral_arm line 1139: |m|=5.5e-8 band_zero=1e-9 — definite below the baseline distribution's floor (4e-5)
  FLAG driver/slab_across_zero:dihedral_wedge line 1140: |m|=5.5e-8 band_zero=1e-9 — definite within 10^2 of the escalation threshold
  FLAG driver/slab_across_zero:dihedral_wedge line 1140: |m|=5.5e-8 band_zero=1e-9 — definite below the baseline distribution's floor (4e-5)
  FLAG driver/slab_across_zero:dihedral_arm line 1143: |m|=5.5e-8 band_zero=1e-9 — definite within 10^2 of the escalation threshold
  FLAG driver/slab_across_zero:dihedral_arm line 1143: |m|=5.5e-8 band_zero=1e-9 — definite below the baseline distribution's floor (4e-5)
  FLAG driver/slab_across_zero:dihedral_wedge line 1144: |m|=5.5e-8 band_zero=1e-9 — definite within 10^2 of the escalation threshold
  FLAG driver/slab_across_zero:dihedral_wedge line 1144: |m|=5.5e-8 band_zero=1e-9 — definite below the baseline distribution's floor (4e-5)
  FLAG driver/slab_across_zero:dihedral_arm line 1147: |m|=5.5e-8 band_zero=1e-9 — definite within 10^2 of the escalation threshold
  FLAG driver/slab_across_zero:dihedral_arm line 1147: |m|=5.5e-8 band_zero=1e-9 — definite below the baseline distribution's floor (4e-5)
  FLAG driver/slab_across_zero:dihedral_wedge line 1148: |m|=5.5e-8 band_zero=1e-9 — definite within 10^2 of the escalation threshold
  FLAG driver/slab_across_zero:dihedral_wedge line 1148: |m|=5.5e-8 band_zero=1e-9 — definite below the baseline distribution's floor (4e-5)
  FLAG driver/slab_across_zero:dihedral_arm line 1151: |m|=5.5e-8 band_zero=1e-9 — definite within 10^2 of the escalation threshold
  FLAG driver/slab_across_zero:dihedral_arm line 1151: |m|=5.5e-8 band_zero=1e-9 — definite below the baseline distribution's floor (4e-5)
  FLAG driver/slab_across_zero:dihedral_wedge line 1152: |m|=5.5e-8 band_zero=1e-9 — definite within 10^2 of the escalation threshold
  FLAG driver/slab_across_zero:dihedral_wedge line 1152: |m|=5.5e-8 band_zero=1e-9 — definite below the baseline distribution's floor (4e-5)
  FLAG driver/slab_across_zero:dihedral_arm line 1155: |m|=5.5e-8 band_zero=1e-9 — definite within 10^2 of the escalation threshold
  FLAG driver/slab_across_zero:dihedral_arm line 1155: |m|=5.5e-8 band_zero=1e-9 — definite below the baseline distribution's floor (4e-5)
  FLAG driver/slab_across_zero:dihedral_wedge line 1156: |m|=5.5e-8 band_zero=1e-9 — definite within 10^2 of the escalation threshold
  FLAG driver/slab_across_zero:dihedral_wedge line 1156: |m|=5.5e-8 band_zero=1e-9 — definite below the baseline distribution's floor (4e-5)
  FLAG driver/slab_across_zero:dihedral_arm line 1159: |m|=5.5e-8 band_zero=1e-9 — definite within 10^2 of the escalation threshold
  FLAG driver/slab_across_zero:dihedral_arm line 1159: |m|=5.5e-8 band_zero=1e-9 — definite below the baseline distribution's floor (4e-5)
  FLAG driver/slab_across_zero:dihedral_wedge line 1160: |m|=5.5e-8 band_zero=1e-9 — definite within 10^2 of the escalation threshold
  FLAG driver/slab_across_zero:dihedral_wedge line 1160: |m|=5.5e-8 band_zero=1e-9 — definite below the baseline distribution's floor (4e-5)
  FLAG driver/slab_across_zero:dihedral_arm line 1163: |m|=5.5e-8 band_zero=1e-9 — definite within 10^2 of the escalation threshold
  FLAG driver/slab_across_zero:dihedral_arm line 1163: |m|=5.5e-8 band_zero=1e-9 — definite below the baseline distribution's floor (4e-5)
  FLAG driver/slab_across_zero:dihedral_wedge line 1164: |m|=5.5e-8 band_zero=1e-9 — definite within 10^2 of the escalation threshold
  FLAG driver/slab_across_zero:dihedral_wedge line 1164: |m|=5.5e-8 band_zero=1e-9 — definite below the baseline distribution's floor (4e-5)
  FLAG driver/slab_across_zero:extrusion_normal_component line 1586: |m|=3.75e-8 band_zero=1e-9 — definite within 10^2 of the escalation threshold
  FLAG driver/slab_across_zero:extrusion_normal_component line 1586: |m|=3.75e-8 band_zero=1e-9 — definite below the baseline distribution's floor (4e-5)
  FLAG driver/slab_across_zero:interval_span_forward line 1643: |m|=3.75e-8 band_zero=1e-9 — definite within 10^2 of the escalation threshold
  FLAG driver/slab_across_zero:interval_span_forward line 1643: |m|=3.75e-8 band_zero=1e-9 — definite below the baseline distribution's floor (4e-5)
  FLAG driver/slab_across_zero:interval_span_forward line 1655: |m|=3.75e-8 band_zero=1e-9 — definite within 10^2 of the escalation threshold
  FLAG driver/slab_across_zero:interval_span_forward line 1655: |m|=3.75e-8 band_zero=1e-9 — definite below the baseline distribution's floor (4e-5)
  FLAG driver/slab_across_zero:interval_span_forward line 1667: |m|=3.75e-8 band_zero=1e-9 — definite within 10^2 of the escalation threshold
  FLAG driver/slab_across_zero:interval_span_forward line 1667: |m|=3.75e-8 band_zero=1e-9 — definite below the baseline distribution's floor (4e-5)
  FLAG driver/slab_across_zero:interval_span_forward line 1679: |m|=3.75e-8 band_zero=1e-9 — definite within 10^2 of the escalation threshold
  FLAG driver/slab_across_zero:interval_span_forward line 1679: |m|=3.75e-8 band_zero=1e-9 — definite below the baseline distribution's floor (4e-5)
  FLAG driver/slab_across_zero:dihedral_arm line 1755: |m|=3.75e-8 band_zero=1e-9 — definite within 10^2 of the escalation threshold
  FLAG driver/slab_across_zero:dihedral_arm line 1755: |m|=3.75e-8 band_zero=1e-9 — definite below the baseline distribution's floor (4e-5)
  FLAG driver/slab_across_zero:dihedral_wedge line 1756: |m|=3.75e-8 band_zero=1e-9 — definite within 10^2 of the escalation threshold
  FLAG driver/slab_across_zero:dihedral_wedge line 1756: |m|=3.75e-8 band_zero=1e-9 — definite below the baseline distribution's floor (4e-5)
  FLAG driver/slab_across_zero:interval_span_forward line 1757: |m|=3.75e-8 band_zero=1e-9 — definite within 10^2 of the escalation threshold
  FLAG driver/slab_across_zero:interval_span_forward line 1757: |m|=3.75e-8 band_zero=1e-9 — definite below the baseline distribution's floor (4e-5)
  FLAG driver/slab_across_zero:dihedral_arm line 1764: |m|=3.75e-8 band_zero=1e-9 — definite within 10^2 of the escalation threshold
  FLAG driver/slab_across_zero:dihedral_arm line 1764: |m|=3.75e-8 band_zero=1e-9 — definite below the baseline distribution's floor (4e-5)
  FLAG driver/slab_across_zero:dihedral_wedge line 1765: |m|=3.75e-8 band_zero=1e-9 — definite within 10^2 of the escalation threshold
  FLAG driver/slab_across_zero:dihedral_wedge line 1765: |m|=3.75e-8 band_zero=1e-9 — definite below the baseline distribution's floor (4e-5)
  FLAG driver/slab_across_zero:dihedral_arm line 1768: |m|=3.75e-8 band_zero=1e-9 — definite within 10^2 of the escalation threshold
  FLAG driver/slab_across_zero:dihedral_arm line 1768: |m|=3.75e-8 band_zero=1e-9 — definite below the baseline distribution's floor (4e-5)
  FLAG driver/slab_across_zero:dihedral_wedge line 1769: |m|=3.75e-8 band_zero=1e-9 — definite within 10^2 of the escalation threshold
  FLAG driver/slab_across_zero:dihedral_wedge line 1769: |m|=3.75e-8 band_zero=1e-9 — definite below the baseline distribution's floor (4e-5)
  FLAG driver/slab_across_zero:dihedral_arm line 1772: |m|=3.75e-8 band_zero=1e-9 — definite within 10^2 of the escalation threshold
  FLAG driver/slab_across_zero:dihedral_arm line 1772: |m|=3.75e-8 band_zero=1e-9 — definite below the baseline distribution's floor (4e-5)
  FLAG driver/slab_across_zero:dihedral_wedge line 1773: |m|=3.75e-8 band_zero=1e-9 — definite within 10^2 of the escalation threshold
  FLAG driver/slab_across_zero:dihedral_wedge line 1773: |m|=3.75e-8 band_zero=1e-9 — definite below the baseline distribution's floor (4e-5)
  FLAG driver/slab_across_zero:dihedral_arm line 1776: |m|=3.75e-8 band_zero=1e-9 — definite within 10^2 of the escalation threshold
  FLAG driver/slab_across_zero:dihedral_arm line 1776: |m|=3.75e-8 band_zero=1e-9 — definite below the baseline distribution's floor (4e-5)
  FLAG driver/slab_across_zero:dihedral_wedge line 1777: |m|=3.75e-8 band_zero=1e-9 — definite within 10^2 of the escalation threshold
  FLAG driver/slab_across_zero:dihedral_wedge line 1777: |m|=3.75e-8 band_zero=1e-9 — definite below the baseline distribution's floor (4e-5)
  FLAG driver/slab_across_zero:dihedral_arm line 1780: |m|=3.75e-8 band_zero=1e-9 — definite within 10^2 of the escalation threshold
  FLAG driver/slab_across_zero:dihedral_arm line 1780: |m|=3.75e-8 band_zero=1e-9 — definite below the baseline distribution's floor (4e-5)
  FLAG driver/slab_across_zero:dihedral_wedge line 1781: |m|=3.75e-8 band_zero=1e-9 — definite within 10^2 of the escalation threshold
  FLAG driver/slab_across_zero:dihedral_wedge line 1781: |m|=3.75e-8 band_zero=1e-9 — definite below the baseline distribution's floor (4e-5)
  FLAG driver/slab_across_zero:dihedral_arm line 1784: |m|=3.75e-8 band_zero=1e-9 — definite within 10^2 of the escalation threshold
  FLAG driver/slab_across_zero:dihedral_arm line 1784: |m|=3.75e-8 band_zero=1e-9 — definite below the baseline distribution's floor (4e-5)
  FLAG driver/slab_across_zero:dihedral_wedge line 1785: |m|=3.75e-8 band_zero=1e-9 — definite within 10^2 of the escalation threshold
  FLAG driver/slab_across_zero:dihedral_wedge line 1785: |m|=3.75e-8 band_zero=1e-9 — definite below the baseline distribution's floor (4e-5)
  FLAG driver/slab_across_zero:dihedral_arm line 1788: |m|=3.75e-8 band_zero=1e-9 — definite within 10^2 of the escalation threshold
  FLAG driver/slab_across_zero:dihedral_arm line 1788: |m|=3.75e-8 band_zero=1e-9 — definite below the baseline distribution's floor (4e-5)
  FLAG driver/slab_across_zero:dihedral_wedge line 1789: |m|=3.75e-8 band_zero=1e-9 — definite within 10^2 of the escalation threshold
  FLAG driver/slab_across_zero:dihedral_wedge line 1789: |m|=3.75e-8 band_zero=1e-9 — definite below the baseline distribution's floor (4e-5)
  FLAG driver/slab_across_zero:dihedral_arm line 1795: |m|=3.75e-8 band_zero=1e-9 — definite within 10^2 of the escalation threshold
  FLAG driver/slab_across_zero:dihedral_arm line 1795: |m|=3.75e-8 band_zero=1e-9 — definite below the baseline distribution's floor (4e-5)
  FLAG driver/slab_across_zero:dihedral_wedge line 1796: |m|=3.75e-8 band_zero=1e-9 — definite within 10^2 of the escalation threshold
  FLAG driver/slab_across_zero:dihedral_wedge line 1796: |m|=3.75e-8 band_zero=1e-9 — definite below the baseline distribution's floor (4e-5)
  FLAG driver/slab_across_zero:interval_span_forward line 1797: |m|=3.75e-8 band_zero=1e-9 — definite within 10^2 of the escalation threshold
  FLAG driver/slab_across_zero:interval_span_forward line 1797: |m|=3.75e-8 band_zero=1e-9 — definite below the baseline distribution's floor (4e-5)
  FLAG driver/slab_across_zero:dihedral_arm line 1804: |m|=3.75e-8 band_zero=1e-9 — definite within 10^2 of the escalation threshold
  FLAG driver/slab_across_zero:dihedral_arm line 1804: |m|=3.75e-8 band_zero=1e-9 — definite below the baseline distribution's floor (4e-5)
  FLAG driver/slab_across_zero:dihedral_wedge line 1805: |m|=3.75e-8 band_zero=1e-9 — definite within 10^2 of the escalation threshold
  FLAG driver/slab_across_zero:dihedral_wedge line 1805: |m|=3.75e-8 band_zero=1e-9 — definite below the baseline distribution's floor (4e-5)
  FLAG driver/slab_across_zero:dihedral_arm line 1808: |m|=3.75e-8 band_zero=1e-9 — definite within 10^2 of the escalation threshold
  FLAG driver/slab_across_zero:dihedral_arm line 1808: |m|=3.75e-8 band_zero=1e-9 — definite below the baseline distribution's floor (4e-5)
  FLAG driver/slab_across_zero:dihedral_wedge line 1809: |m|=3.75e-8 band_zero=1e-9 — definite within 10^2 of the escalation threshold
  FLAG driver/slab_across_zero:dihedral_wedge line 1809: |m|=3.75e-8 band_zero=1e-9 — definite below the baseline distribution's floor (4e-5)
  FLAG driver/slab_across_zero:dihedral_arm line 1812: |m|=3.75e-8 band_zero=1e-9 — definite within 10^2 of the escalation threshold
  FLAG driver/slab_across_zero:dihedral_arm line 1812: |m|=3.75e-8 band_zero=1e-9 — definite below the baseline distribution's floor (4e-5)
  FLAG driver/slab_across_zero:dihedral_wedge line 1813: |m|=3.75e-8 band_zero=1e-9 — definite within 10^2 of the escalation threshold
  FLAG driver/slab_across_zero:dihedral_wedge line 1813: |m|=3.75e-8 band_zero=1e-9 — definite below the baseline distribution's floor (4e-5)
  FLAG driver/slab_across_zero:dihedral_arm line 1816: |m|=3.75e-8 band_zero=1e-9 — definite within 10^2 of the escalation threshold
  FLAG driver/slab_across_zero:dihedral_arm line 1816: |m|=3.75e-8 band_zero=1e-9 — definite below the baseline distribution's floor (4e-5)
  FLAG driver/slab_across_zero:dihedral_wedge line 1817: |m|=3.75e-8 band_zero=1e-9 — definite within 10^2 of the escalation threshold
  FLAG driver/slab_across_zero:dihedral_wedge line 1817: |m|=3.75e-8 band_zero=1e-9 — definite below the baseline distribution's floor (4e-5)
  FLAG driver/slab_across_zero:dihedral_arm line 1820: |m|=3.75e-8 band_zero=1e-9 — definite within 10^2 of the escalation threshold
  FLAG driver/slab_across_zero:dihedral_arm line 1820: |m|=3.75e-8 band_zero=1e-9 — definite below the baseline distribution's floor (4e-5)
  FLAG driver/slab_across_zero:dihedral_wedge line 1821: |m|=3.75e-8 band_zero=1e-9 — definite within 10^2 of the escalation threshold
  FLAG driver/slab_across_zero:dihedral_wedge line 1821: |m|=3.75e-8 band_zero=1e-9 — definite below the baseline distribution's floor (4e-5)
  FLAG driver/slab_across_zero:dihedral_arm line 1824: |m|=3.75e-8 band_zero=1e-9 — definite within 10^2 of the escalation threshold
  FLAG driver/slab_across_zero:dihedral_arm line 1824: |m|=3.75e-8 band_zero=1e-9 — definite below the baseline distribution's floor (4e-5)
  FLAG driver/slab_across_zero:dihedral_wedge line 1825: |m|=3.75e-8 band_zero=1e-9 — definite within 10^2 of the escalation threshold
  FLAG driver/slab_across_zero:dihedral_wedge line 1825: |m|=3.75e-8 band_zero=1e-9 — definite below the baseline distribution's floor (4e-5)
  FLAG driver/slab_across_zero:dihedral_arm line 1828: |m|=3.75e-8 band_zero=1e-9 — definite within 10^2 of the escalation threshold
  FLAG driver/slab_across_zero:dihedral_arm line 1828: |m|=3.75e-8 band_zero=1e-9 — definite below the baseline distribution's floor (4e-5)
  FLAG driver/slab_across_zero:dihedral_wedge line 1829: |m|=3.75e-8 band_zero=1e-9 — definite within 10^2 of the escalation threshold
  FLAG driver/slab_across_zero:dihedral_wedge line 1829: |m|=3.75e-8 band_zero=1e-9 — definite below the baseline distribution's floor (4e-5)
  FLAG driver/slab_across_zero:dihedral_arm line 1835: |m|=3.75e-8 band_zero=1e-9 — definite within 10^2 of the escalation threshold
  FLAG driver/slab_across_zero:dihedral_arm line 1835: |m|=3.75e-8 band_zero=1e-9 — definite below the baseline distribution's floor (4e-5)
  FLAG driver/slab_across_zero:dihedral_wedge line 1836: |m|=3.75e-8 band_zero=1e-9 — definite within 10^2 of the escalation threshold
  FLAG driver/slab_across_zero:dihedral_wedge line 1836: |m|=3.75e-8 band_zero=1e-9 — definite below the baseline distribution's floor (4e-5)
  FLAG driver/slab_across_zero:interval_span_forward line 1837: |m|=3.75e-8 band_zero=1e-9 — definite within 10^2 of the escalation threshold
  FLAG driver/slab_across_zero:interval_span_forward line 1837: |m|=3.75e-8 band_zero=1e-9 — definite below the baseline distribution's floor (4e-5)
  FLAG driver/slab_across_zero:dihedral_arm line 1844: |m|=3.75e-8 band_zero=1e-9 — definite within 10^2 of the escalation threshold
  FLAG driver/slab_across_zero:dihedral_arm line 1844: |m|=3.75e-8 band_zero=1e-9 — definite below the baseline distribution's floor (4e-5)
  FLAG driver/slab_across_zero:dihedral_wedge line 1845: |m|=3.75e-8 band_zero=1e-9 — definite within 10^2 of the escalation threshold
  FLAG driver/slab_across_zero:dihedral_wedge line 1845: |m|=3.75e-8 band_zero=1e-9 — definite below the baseline distribution's floor (4e-5)
  FLAG driver/slab_across_zero:dihedral_arm line 1848: |m|=3.75e-8 band_zero=1e-9 — definite within 10^2 of the escalation threshold
  FLAG driver/slab_across_zero:dihedral_arm line 1848: |m|=3.75e-8 band_zero=1e-9 — definite below the baseline distribution's floor (4e-5)
  FLAG driver/slab_across_zero:dihedral_wedge line 1849: |m|=3.75e-8 band_zero=1e-9 — definite within 10^2 of the escalation threshold
  FLAG driver/slab_across_zero:dihedral_wedge line 1849: |m|=3.75e-8 band_zero=1e-9 — definite below the baseline distribution's floor (4e-5)
  FLAG driver/slab_across_zero:dihedral_arm line 1852: |m|=3.75e-8 band_zero=1e-9 — definite within 10^2 of the escalation threshold
  FLAG driver/slab_across_zero:dihedral_arm line 1852: |m|=3.75e-8 band_zero=1e-9 — definite below the baseline distribution's floor (4e-5)
  FLAG driver/slab_across_zero:dihedral_wedge line 1853: |m|=3.75e-8 band_zero=1e-9 — definite within 10^2 of the escalation threshold
  FLAG driver/slab_across_zero:dihedral_wedge line 1853: |m|=3.75e-8 band_zero=1e-9 — definite below the baseline distribution's floor (4e-5)
  FLAG driver/slab_across_zero:dihedral_arm line 1856: |m|=3.75e-8 band_zero=1e-9 — definite within 10^2 of the escalation threshold
  FLAG driver/slab_across_zero:dihedral_arm line 1856: |m|=3.75e-8 band_zero=1e-9 — definite below the baseline distribution's floor (4e-5)
  FLAG driver/slab_across_zero:dihedral_wedge line 1857: |m|=3.75e-8 band_zero=1e-9 — definite within 10^2 of the escalation threshold
  FLAG driver/slab_across_zero:dihedral_wedge line 1857: |m|=3.75e-8 band_zero=1e-9 — definite below the baseline distribution's floor (4e-5)
  FLAG driver/slab_across_zero:dihedral_arm line 1860: |m|=3.75e-8 band_zero=1e-9 — definite within 10^2 of the escalation threshold
  FLAG driver/slab_across_zero:dihedral_arm line 1860: |m|=3.75e-8 band_zero=1e-9 — definite below the baseline distribution's floor (4e-5)
  FLAG driver/slab_across_zero:dihedral_wedge line 1861: |m|=3.75e-8 band_zero=1e-9 — definite within 10^2 of the escalation threshold
  FLAG driver/slab_across_zero:dihedral_wedge line 1861: |m|=3.75e-8 band_zero=1e-9 — definite below the baseline distribution's floor (4e-5)
  FLAG driver/slab_across_zero:dihedral_arm line 1864: |m|=3.75e-8 band_zero=1e-9 — definite within 10^2 of the escalation threshold
  FLAG driver/slab_across_zero:dihedral_arm line 1864: |m|=3.75e-8 band_zero=1e-9 — definite below the baseline distribution's floor (4e-5)
  FLAG driver/slab_across_zero:dihedral_wedge line 1865: |m|=3.75e-8 band_zero=1e-9 — definite within 10^2 of the escalation threshold
  FLAG driver/slab_across_zero:dihedral_wedge line 1865: |m|=3.75e-8 band_zero=1e-9 — definite below the baseline distribution's floor (4e-5)
  FLAG driver/slab_across_zero:dihedral_arm line 1868: |m|=3.75e-8 band_zero=1e-9 — definite within 10^2 of the escalation threshold
  FLAG driver/slab_across_zero:dihedral_arm line 1868: |m|=3.75e-8 band_zero=1e-9 — definite below the baseline distribution's floor (4e-5)
  FLAG driver/slab_across_zero:dihedral_wedge line 1869: |m|=3.75e-8 band_zero=1e-9 — definite within 10^2 of the escalation threshold
  FLAG driver/slab_across_zero:dihedral_wedge line 1869: |m|=3.75e-8 band_zero=1e-9 — definite below the baseline distribution's floor (4e-5)
  FLAG driver/slab_across_zero:dihedral_arm line 1875: |m|=3.75e-8 band_zero=1e-9 — definite within 10^2 of the escalation threshold
  FLAG driver/slab_across_zero:dihedral_arm line 1875: |m|=3.75e-8 band_zero=1e-9 — definite below the baseline distribution's floor (4e-5)
  FLAG driver/slab_across_zero:dihedral_wedge line 1876: |m|=3.75e-8 band_zero=1e-9 — definite within 10^2 of the escalation threshold
  FLAG driver/slab_across_zero:dihedral_wedge line 1876: |m|=3.75e-8 band_zero=1e-9 — definite below the baseline distribution's floor (4e-5)
  FLAG driver/slab_across_zero:interval_span_forward line 1877: |m|=3.75e-8 band_zero=1e-9 — definite within 10^2 of the escalation threshold
  FLAG driver/slab_across_zero:interval_span_forward line 1877: |m|=3.75e-8 band_zero=1e-9 — definite below the baseline distribution's floor (4e-5)
  FLAG driver/slab_across_zero:dihedral_arm line 1884: |m|=3.75e-8 band_zero=1e-9 — definite within 10^2 of the escalation threshold
  FLAG driver/slab_across_zero:dihedral_arm line 1884: |m|=3.75e-8 band_zero=1e-9 — definite below the baseline distribution's floor (4e-5)
  FLAG driver/slab_across_zero:dihedral_wedge line 1885: |m|=3.75e-8 band_zero=1e-9 — definite within 10^2 of the escalation threshold
  FLAG driver/slab_across_zero:dihedral_wedge line 1885: |m|=3.75e-8 band_zero=1e-9 — definite below the baseline distribution's floor (4e-5)
  FLAG driver/slab_across_zero:dihedral_arm line 1888: |m|=3.75e-8 band_zero=1e-9 — definite within 10^2 of the escalation threshold
  FLAG driver/slab_across_zero:dihedral_arm line 1888: |m|=3.75e-8 band_zero=1e-9 — definite below the baseline distribution's floor (4e-5)
  FLAG driver/slab_across_zero:dihedral_wedge line 1889: |m|=3.75e-8 band_zero=1e-9 — definite within 10^2 of the escalation threshold
  FLAG driver/slab_across_zero:dihedral_wedge line 1889: |m|=3.75e-8 band_zero=1e-9 — definite below the baseline distribution's floor (4e-5)
  FLAG driver/slab_across_zero:dihedral_arm line 1892: |m|=3.75e-8 band_zero=1e-9 — definite within 10^2 of the escalation threshold
  FLAG driver/slab_across_zero:dihedral_arm line 1892: |m|=3.75e-8 band_zero=1e-9 — definite below the baseline distribution's floor (4e-5)
  FLAG driver/slab_across_zero:dihedral_wedge line 1893: |m|=3.75e-8 band_zero=1e-9 — definite within 10^2 of the escalation threshold
  FLAG driver/slab_across_zero:dihedral_wedge line 1893: |m|=3.75e-8 band_zero=1e-9 — definite below the baseline distribution's floor (4e-5)
  FLAG driver/slab_across_zero:dihedral_arm line 1896: |m|=3.75e-8 band_zero=1e-9 — definite within 10^2 of the escalation threshold
  FLAG driver/slab_across_zero:dihedral_arm line 1896: |m|=3.75e-8 band_zero=1e-9 — definite below the baseline distribution's floor (4e-5)
  FLAG driver/slab_across_zero:dihedral_wedge line 1897: |m|=3.75e-8 band_zero=1e-9 — definite within 10^2 of the escalation threshold
  FLAG driver/slab_across_zero:dihedral_wedge line 1897: |m|=3.75e-8 band_zero=1e-9 — definite below the baseline distribution's floor (4e-5)
  FLAG driver/slab_across_zero:dihedral_arm line 1900: |m|=3.75e-8 band_zero=1e-9 — definite within 10^2 of the escalation threshold
  FLAG driver/slab_across_zero:dihedral_arm line 1900: |m|=3.75e-8 band_zero=1e-9 — definite below the baseline distribution's floor (4e-5)
  FLAG driver/slab_across_zero:dihedral_wedge line 1901: |m|=3.75e-8 band_zero=1e-9 — definite within 10^2 of the escalation threshold
  FLAG driver/slab_across_zero:dihedral_wedge line 1901: |m|=3.75e-8 band_zero=1e-9 — definite below the baseline distribution's floor (4e-5)
  FLAG driver/slab_across_zero:dihedral_arm line 1904: |m|=3.75e-8 band_zero=1e-9 — definite within 10^2 of the escalation threshold
  FLAG driver/slab_across_zero:dihedral_arm line 1904: |m|=3.75e-8 band_zero=1e-9 — definite below the baseline distribution's floor (4e-5)
  FLAG driver/slab_across_zero:dihedral_wedge line 1905: |m|=3.75e-8 band_zero=1e-9 — definite within 10^2 of the escalation threshold
  FLAG driver/slab_across_zero:dihedral_wedge line 1905: |m|=3.75e-8 band_zero=1e-9 — definite below the baseline distribution's floor (4e-5)
  FLAG driver/slab_across_zero:dihedral_arm line 1908: |m|=3.75e-8 band_zero=1e-9 — definite within 10^2 of the escalation threshold
  FLAG driver/slab_across_zero:dihedral_arm line 1908: |m|=3.75e-8 band_zero=1e-9 — definite below the baseline distribution's floor (4e-5)
  FLAG driver/slab_across_zero:dihedral_wedge line 1909: |m|=3.75e-8 band_zero=1e-9 — definite within 10^2 of the escalation threshold
  FLAG driver/slab_across_zero:dihedral_wedge line 1909: |m|=3.75e-8 band_zero=1e-9 — definite below the baseline distribution's floor (4e-5)
  FLAG driver/slab_across_zero:extrusion_normal_component line 2331: |m|=4.2500000000000003e-8 band_zero=1e-9 — definite within 10^2 of the escalation threshold
  FLAG driver/slab_across_zero:extrusion_normal_component line 2331: |m|=4.2500000000000003e-8 band_zero=1e-9 — definite below the baseline distribution's floor (4e-5)
  FLAG driver/slab_across_zero:interval_span_forward line 2388: |m|=4.2500000000000003e-8 band_zero=1e-9 — definite within 10^2 of the escalation threshold
  FLAG driver/slab_across_zero:interval_span_forward line 2388: |m|=4.2500000000000003e-8 band_zero=1e-9 — definite below the baseline distribution's floor (4e-5)
  FLAG driver/slab_across_zero:interval_span_forward line 2400: |m|=4.2500000000000003e-8 band_zero=1e-9 — definite within 10^2 of the escalation threshold
  FLAG driver/slab_across_zero:interval_span_forward line 2400: |m|=4.2500000000000003e-8 band_zero=1e-9 — definite below the baseline distribution's floor (4e-5)
  FLAG driver/slab_across_zero:interval_span_forward line 2412: |m|=4.2500000000000003e-8 band_zero=1e-9 — definite within 10^2 of the escalation threshold
  FLAG driver/slab_across_zero:interval_span_forward line 2412: |m|=4.2500000000000003e-8 band_zero=1e-9 — definite below the baseline distribution's floor (4e-5)
  FLAG driver/slab_across_zero:interval_span_forward line 2424: |m|=4.2500000000000003e-8 band_zero=1e-9 — definite within 10^2 of the escalation threshold
  FLAG driver/slab_across_zero:interval_span_forward line 2424: |m|=4.2500000000000003e-8 band_zero=1e-9 — definite below the baseline distribution's floor (4e-5)
  FLAG driver/slab_across_zero:dihedral_arm line 2500: |m|=4.2500000000000003e-8 band_zero=1e-9 — definite within 10^2 of the escalation threshold
  FLAG driver/slab_across_zero:dihedral_arm line 2500: |m|=4.2500000000000003e-8 band_zero=1e-9 — definite below the baseline distribution's floor (4e-5)
  FLAG driver/slab_across_zero:dihedral_wedge line 2501: |m|=4.2500000000000003e-8 band_zero=1e-9 — definite within 10^2 of the escalation threshold
  FLAG driver/slab_across_zero:dihedral_wedge line 2501: |m|=4.2500000000000003e-8 band_zero=1e-9 — definite below the baseline distribution's floor (4e-5)
  FLAG driver/slab_across_zero:interval_span_forward line 2502: |m|=4.2500000000000003e-8 band_zero=1e-9 — definite within 10^2 of the escalation threshold
  FLAG driver/slab_across_zero:interval_span_forward line 2502: |m|=4.2500000000000003e-8 band_zero=1e-9 — definite below the baseline distribution's floor (4e-5)
  FLAG driver/slab_across_zero:dihedral_arm line 2509: |m|=4.2500000000000003e-8 band_zero=1e-9 — definite within 10^2 of the escalation threshold
  FLAG driver/slab_across_zero:dihedral_arm line 2509: |m|=4.2500000000000003e-8 band_zero=1e-9 — definite below the baseline distribution's floor (4e-5)
  FLAG driver/slab_across_zero:dihedral_wedge line 2510: |m|=4.2500000000000003e-8 band_zero=1e-9 — definite within 10^2 of the escalation threshold
  FLAG driver/slab_across_zero:dihedral_wedge line 2510: |m|=4.2500000000000003e-8 band_zero=1e-9 — definite below the baseline distribution's floor (4e-5)
  FLAG driver/slab_across_zero:dihedral_arm line 2513: |m|=4.2500000000000003e-8 band_zero=1e-9 — definite within 10^2 of the escalation threshold
  FLAG driver/slab_across_zero:dihedral_arm line 2513: |m|=4.2500000000000003e-8 band_zero=1e-9 — definite below the baseline distribution's floor (4e-5)
  FLAG driver/slab_across_zero:dihedral_wedge line 2514: |m|=4.2500000000000003e-8 band_zero=1e-9 — definite within 10^2 of the escalation threshold
  FLAG driver/slab_across_zero:dihedral_wedge line 2514: |m|=4.2500000000000003e-8 band_zero=1e-9 — definite below the baseline distribution's floor (4e-5)
  FLAG driver/slab_across_zero:dihedral_arm line 2517: |m|=4.2500000000000003e-8 band_zero=1e-9 — definite within 10^2 of the escalation threshold
  FLAG driver/slab_across_zero:dihedral_arm line 2517: |m|=4.2500000000000003e-8 band_zero=1e-9 — definite below the baseline distribution's floor (4e-5)
  FLAG driver/slab_across_zero:dihedral_wedge line 2518: |m|=4.2500000000000003e-8 band_zero=1e-9 — definite within 10^2 of the escalation threshold
  FLAG driver/slab_across_zero:dihedral_wedge line 2518: |m|=4.2500000000000003e-8 band_zero=1e-9 — definite below the baseline distribution's floor (4e-5)
  FLAG driver/slab_across_zero:dihedral_arm line 2521: |m|=4.2500000000000003e-8 band_zero=1e-9 — definite within 10^2 of the escalation threshold
  FLAG driver/slab_across_zero:dihedral_arm line 2521: |m|=4.2500000000000003e-8 band_zero=1e-9 — definite below the baseline distribution's floor (4e-5)
  FLAG driver/slab_across_zero:dihedral_wedge line 2522: |m|=4.2500000000000003e-8 band_zero=1e-9 — definite within 10^2 of the escalation threshold
  FLAG driver/slab_across_zero:dihedral_wedge line 2522: |m|=4.2500000000000003e-8 band_zero=1e-9 — definite below the baseline distribution's floor (4e-5)
  FLAG driver/slab_across_zero:dihedral_arm line 2525: |m|=4.2500000000000003e-8 band_zero=1e-9 — definite within 10^2 of the escalation threshold
  FLAG driver/slab_across_zero:dihedral_arm line 2525: |m|=4.2500000000000003e-8 band_zero=1e-9 — definite below the baseline distribution's floor (4e-5)
  FLAG driver/slab_across_zero:dihedral_wedge line 2526: |m|=4.2500000000000003e-8 band_zero=1e-9 — definite within 10^2 of the escalation threshold
  FLAG driver/slab_across_zero:dihedral_wedge line 2526: |m|=4.2500000000000003e-8 band_zero=1e-9 — definite below the baseline distribution's floor (4e-5)
  FLAG driver/slab_across_zero:dihedral_arm line 2529: |m|=4.2500000000000003e-8 band_zero=1e-9 — definite within 10^2 of the escalation threshold
  FLAG driver/slab_across_zero:dihedral_arm line 2529: |m|=4.2500000000000003e-8 band_zero=1e-9 — definite below the baseline distribution's floor (4e-5)
  FLAG driver/slab_across_zero:dihedral_wedge line 2530: |m|=4.2500000000000003e-8 band_zero=1e-9 — definite within 10^2 of the escalation threshold
  FLAG driver/slab_across_zero:dihedral_wedge line 2530: |m|=4.2500000000000003e-8 band_zero=1e-9 — definite below the baseline distribution's floor (4e-5)
  FLAG driver/slab_across_zero:dihedral_arm line 2533: |m|=4.2500000000000003e-8 band_zero=1e-9 — definite within 10^2 of the escalation threshold
  FLAG driver/slab_across_zero:dihedral_arm line 2533: |m|=4.2500000000000003e-8 band_zero=1e-9 — definite below the baseline distribution's floor (4e-5)
  FLAG driver/slab_across_zero:dihedral_wedge line 2534: |m|=4.2500000000000003e-8 band_zero=1e-9 — definite within 10^2 of the escalation threshold
  FLAG driver/slab_across_zero:dihedral_wedge line 2534: |m|=4.2500000000000003e-8 band_zero=1e-9 — definite below the baseline distribution's floor (4e-5)
  FLAG driver/slab_across_zero:dihedral_arm line 2540: |m|=4.2500000000000003e-8 band_zero=1e-9 — definite within 10^2 of the escalation threshold
  FLAG driver/slab_across_zero:dihedral_arm line 2540: |m|=4.2500000000000003e-8 band_zero=1e-9 — definite below the baseline distribution's floor (4e-5)
  FLAG driver/slab_across_zero:dihedral_wedge line 2541: |m|=4.2500000000000003e-8 band_zero=1e-9 — definite within 10^2 of the escalation threshold
  FLAG driver/slab_across_zero:dihedral_wedge line 2541: |m|=4.2500000000000003e-8 band_zero=1e-9 — definite below the baseline distribution's floor (4e-5)
  FLAG driver/slab_across_zero:interval_span_forward line 2542: |m|=4.2500000000000003e-8 band_zero=1e-9 — definite within 10^2 of the escalation threshold
  FLAG driver/slab_across_zero:interval_span_forward line 2542: |m|=4.2500000000000003e-8 band_zero=1e-9 — definite below the baseline distribution's floor (4e-5)
  FLAG driver/slab_across_zero:dihedral_arm line 2549: |m|=4.2500000000000003e-8 band_zero=1e-9 — definite within 10^2 of the escalation threshold
  FLAG driver/slab_across_zero:dihedral_arm line 2549: |m|=4.2500000000000003e-8 band_zero=1e-9 — definite below the baseline distribution's floor (4e-5)
  FLAG driver/slab_across_zero:dihedral_wedge line 2550: |m|=4.2500000000000003e-8 band_zero=1e-9 — definite within 10^2 of the escalation threshold
  FLAG driver/slab_across_zero:dihedral_wedge line 2550: |m|=4.2500000000000003e-8 band_zero=1e-9 — definite below the baseline distribution's floor (4e-5)
  FLAG driver/slab_across_zero:dihedral_arm line 2553: |m|=4.2500000000000003e-8 band_zero=1e-9 — definite within 10^2 of the escalation threshold
  FLAG driver/slab_across_zero:dihedral_arm line 2553: |m|=4.2500000000000003e-8 band_zero=1e-9 — definite below the baseline distribution's floor (4e-5)
  FLAG driver/slab_across_zero:dihedral_wedge line 2554: |m|=4.2500000000000003e-8 band_zero=1e-9 — definite within 10^2 of the escalation threshold
  FLAG driver/slab_across_zero:dihedral_wedge line 2554: |m|=4.2500000000000003e-8 band_zero=1e-9 — definite below the baseline distribution's floor (4e-5)
  FLAG driver/slab_across_zero:dihedral_arm line 2557: |m|=4.2500000000000003e-8 band_zero=1e-9 — definite within 10^2 of the escalation threshold
  FLAG driver/slab_across_zero:dihedral_arm line 2557: |m|=4.2500000000000003e-8 band_zero=1e-9 — definite below the baseline distribution's floor (4e-5)
  FLAG driver/slab_across_zero:dihedral_wedge line 2558: |m|=4.2500000000000003e-8 band_zero=1e-9 — definite within 10^2 of the escalation threshold
  FLAG driver/slab_across_zero:dihedral_wedge line 2558: |m|=4.2500000000000003e-8 band_zero=1e-9 — definite below the baseline distribution's floor (4e-5)
  FLAG driver/slab_across_zero:dihedral_arm line 2561: |m|=4.2500000000000003e-8 band_zero=1e-9 — definite within 10^2 of the escalation threshold
  FLAG driver/slab_across_zero:dihedral_arm line 2561: |m|=4.2500000000000003e-8 band_zero=1e-9 — definite below the baseline distribution's floor (4e-5)
  FLAG driver/slab_across_zero:dihedral_wedge line 2562: |m|=4.2500000000000003e-8 band_zero=1e-9 — definite within 10^2 of the escalation threshold
  FLAG driver/slab_across_zero:dihedral_wedge line 2562: |m|=4.2500000000000003e-8 band_zero=1e-9 — definite below the baseline distribution's floor (4e-5)
  FLAG driver/slab_across_zero:dihedral_arm line 2565: |m|=4.2500000000000003e-8 band_zero=1e-9 — definite within 10^2 of the escalation threshold
  FLAG driver/slab_across_zero:dihedral_arm line 2565: |m|=4.2500000000000003e-8 band_zero=1e-9 — definite below the baseline distribution's floor (4e-5)
  FLAG driver/slab_across_zero:dihedral_wedge line 2566: |m|=4.2500000000000003e-8 band_zero=1e-9 — definite within 10^2 of the escalation threshold
  FLAG driver/slab_across_zero:dihedral_wedge line 2566: |m|=4.2500000000000003e-8 band_zero=1e-9 — definite below the baseline distribution's floor (4e-5)
  FLAG driver/slab_across_zero:dihedral_arm line 2569: |m|=4.2500000000000003e-8 band_zero=1e-9 — definite within 10^2 of the escalation threshold
  FLAG driver/slab_across_zero:dihedral_arm line 2569: |m|=4.2500000000000003e-8 band_zero=1e-9 — definite below the baseline distribution's floor (4e-5)
  FLAG driver/slab_across_zero:dihedral_wedge line 2570: |m|=4.2500000000000003e-8 band_zero=1e-9 — definite within 10^2 of the escalation threshold
  FLAG driver/slab_across_zero:dihedral_wedge line 2570: |m|=4.2500000000000003e-8 band_zero=1e-9 — definite below the baseline distribution's floor (4e-5)
  FLAG driver/slab_across_zero:dihedral_arm line 2573: |m|=4.2500000000000003e-8 band_zero=1e-9 — definite within 10^2 of the escalation threshold
  FLAG driver/slab_across_zero:dihedral_arm line 2573: |m|=4.2500000000000003e-8 band_zero=1e-9 — definite below the baseline distribution's floor (4e-5)
  FLAG driver/slab_across_zero:dihedral_wedge line 2574: |m|=4.2500000000000003e-8 band_zero=1e-9 — definite within 10^2 of the escalation threshold
  FLAG driver/slab_across_zero:dihedral_wedge line 2574: |m|=4.2500000000000003e-8 band_zero=1e-9 — definite below the baseline distribution's floor (4e-5)
  FLAG driver/slab_across_zero:dihedral_arm line 2580: |m|=4.2500000000000003e-8 band_zero=1e-9 — definite within 10^2 of the escalation threshold
  FLAG driver/slab_across_zero:dihedral_arm line 2580: |m|=4.2500000000000003e-8 band_zero=1e-9 — definite below the baseline distribution's floor (4e-5)
  FLAG driver/slab_across_zero:dihedral_wedge line 2581: |m|=4.2500000000000003e-8 band_zero=1e-9 — definite within 10^2 of the escalation threshold
  FLAG driver/slab_across_zero:dihedral_wedge line 2581: |m|=4.2500000000000003e-8 band_zero=1e-9 — definite below the baseline distribution's floor (4e-5)
  FLAG driver/slab_across_zero:interval_span_forward line 2582: |m|=4.2500000000000003e-8 band_zero=1e-9 — definite within 10^2 of the escalation threshold
  FLAG driver/slab_across_zero:interval_span_forward line 2582: |m|=4.2500000000000003e-8 band_zero=1e-9 — definite below the baseline distribution's floor (4e-5)
  FLAG driver/slab_across_zero:dihedral_arm line 2589: |m|=4.2500000000000003e-8 band_zero=1e-9 — definite within 10^2 of the escalation threshold
  FLAG driver/slab_across_zero:dihedral_arm line 2589: |m|=4.2500000000000003e-8 band_zero=1e-9 — definite below the baseline distribution's floor (4e-5)
  FLAG driver/slab_across_zero:dihedral_wedge line 2590: |m|=4.2500000000000003e-8 band_zero=1e-9 — definite within 10^2 of the escalation threshold
  FLAG driver/slab_across_zero:dihedral_wedge line 2590: |m|=4.2500000000000003e-8 band_zero=1e-9 — definite below the baseline distribution's floor (4e-5)
  FLAG driver/slab_across_zero:dihedral_arm line 2593: |m|=4.2500000000000003e-8 band_zero=1e-9 — definite within 10^2 of the escalation threshold
  FLAG driver/slab_across_zero:dihedral_arm line 2593: |m|=4.2500000000000003e-8 band_zero=1e-9 — definite below the baseline distribution's floor (4e-5)
  FLAG driver/slab_across_zero:dihedral_wedge line 2594: |m|=4.2500000000000003e-8 band_zero=1e-9 — definite within 10^2 of the escalation threshold
  FLAG driver/slab_across_zero:dihedral_wedge line 2594: |m|=4.2500000000000003e-8 band_zero=1e-9 — definite below the baseline distribution's floor (4e-5)
  FLAG driver/slab_across_zero:dihedral_arm line 2597: |m|=4.2500000000000003e-8 band_zero=1e-9 — definite within 10^2 of the escalation threshold
  FLAG driver/slab_across_zero:dihedral_arm line 2597: |m|=4.2500000000000003e-8 band_zero=1e-9 — definite below the baseline distribution's floor (4e-5)
  FLAG driver/slab_across_zero:dihedral_wedge line 2598: |m|=4.2500000000000003e-8 band_zero=1e-9 — definite within 10^2 of the escalation threshold
  FLAG driver/slab_across_zero:dihedral_wedge line 2598: |m|=4.2500000000000003e-8 band_zero=1e-9 — definite below the baseline distribution's floor (4e-5)
  FLAG driver/slab_across_zero:dihedral_arm line 2601: |m|=4.2500000000000003e-8 band_zero=1e-9 — definite within 10^2 of the escalation threshold
  FLAG driver/slab_across_zero:dihedral_arm line 2601: |m|=4.2500000000000003e-8 band_zero=1e-9 — definite below the baseline distribution's floor (4e-5)
  FLAG driver/slab_across_zero:dihedral_wedge line 2602: |m|=4.2500000000000003e-8 band_zero=1e-9 — definite within 10^2 of the escalation threshold
  FLAG driver/slab_across_zero:dihedral_wedge line 2602: |m|=4.2500000000000003e-8 band_zero=1e-9 — definite below the baseline distribution's floor (4e-5)
  FLAG driver/slab_across_zero:dihedral_arm line 2605: |m|=4.2500000000000003e-8 band_zero=1e-9 — definite within 10^2 of the escalation threshold
  FLAG driver/slab_across_zero:dihedral_arm line 2605: |m|=4.2500000000000003e-8 band_zero=1e-9 — definite below the baseline distribution's floor (4e-5)
  FLAG driver/slab_across_zero:dihedral_wedge line 2606: |m|=4.2500000000000003e-8 band_zero=1e-9 — definite within 10^2 of the escalation threshold
  FLAG driver/slab_across_zero:dihedral_wedge line 2606: |m|=4.2500000000000003e-8 band_zero=1e-9 — definite below the baseline distribution's floor (4e-5)
  FLAG driver/slab_across_zero:dihedral_arm line 2609: |m|=4.2500000000000003e-8 band_zero=1e-9 — definite within 10^2 of the escalation threshold
  FLAG driver/slab_across_zero:dihedral_arm line 2609: |m|=4.2500000000000003e-8 band_zero=1e-9 — definite below the baseline distribution's floor (4e-5)
  FLAG driver/slab_across_zero:dihedral_wedge line 2610: |m|=4.2500000000000003e-8 band_zero=1e-9 — definite within 10^2 of the escalation threshold
  FLAG driver/slab_across_zero:dihedral_wedge line 2610: |m|=4.2500000000000003e-8 band_zero=1e-9 — definite below the baseline distribution's floor (4e-5)
  … 5129 more flags (capped print)
k-lint: /home/user/d3977-k/target/k-fresh/driver/k-eps-1e-12.csv: 57067 samples (37207 symbolic_zero, 0 sign_gated, 260 registered, 19600 classified), 5329 flagged — rule 1 (undecided/invalid): 0, rule 2 (near a threshold): 5329, rule 3 (below a floor): 5329, rule 5 (off its construction's target): 0
    rule 2 — definite within 10^2 of the escalation threshold: 5329
    rule 3 — definite below the baseline distribution's floor (4e-5): 5329
  FLAG driver/slab_across_zero:extrusion_normal_component line 841: |m|=5.499999999999999e-11 band_zero=1e-12 — definite within 10^2 of the escalation threshold
  FLAG driver/slab_across_zero:extrusion_normal_component line 841: |m|=5.499999999999999e-11 band_zero=1e-12 — definite below the baseline distribution's floor (4e-5)
  FLAG driver/slab_across_zero:interval_span_forward line 898: |m|=5.499999999999999e-11 band_zero=1e-12 — definite within 10^2 of the escalation threshold
  FLAG driver/slab_across_zero:interval_span_forward line 898: |m|=5.499999999999999e-11 band_zero=1e-12 — definite below the baseline distribution's floor (4e-5)
  FLAG driver/slab_across_zero:interval_span_forward line 910: |m|=5.499999999999999e-11 band_zero=1e-12 — definite within 10^2 of the escalation threshold
  FLAG driver/slab_across_zero:interval_span_forward line 910: |m|=5.499999999999999e-11 band_zero=1e-12 — definite below the baseline distribution's floor (4e-5)
  FLAG driver/slab_across_zero:interval_span_forward line 922: |m|=5.499999999999999e-11 band_zero=1e-12 — definite within 10^2 of the escalation threshold
  FLAG driver/slab_across_zero:interval_span_forward line 922: |m|=5.499999999999999e-11 band_zero=1e-12 — definite below the baseline distribution's floor (4e-5)
  FLAG driver/slab_across_zero:interval_span_forward line 934: |m|=5.499999999999999e-11 band_zero=1e-12 — definite within 10^2 of the escalation threshold
  FLAG driver/slab_across_zero:interval_span_forward line 934: |m|=5.499999999999999e-11 band_zero=1e-12 — definite below the baseline distribution's floor (4e-5)
  FLAG driver/slab_across_zero:dihedral_arm line 1010: |m|=5.499999999999999e-11 band_zero=1e-12 — definite within 10^2 of the escalation threshold
  FLAG driver/slab_across_zero:dihedral_arm line 1010: |m|=5.499999999999999e-11 band_zero=1e-12 — definite below the baseline distribution's floor (4e-5)
  FLAG driver/slab_across_zero:dihedral_wedge line 1011: |m|=5.499999999999999e-11 band_zero=1e-12 — definite within 10^2 of the escalation threshold
  FLAG driver/slab_across_zero:dihedral_wedge line 1011: |m|=5.499999999999999e-11 band_zero=1e-12 — definite below the baseline distribution's floor (4e-5)
  FLAG driver/slab_across_zero:interval_span_forward line 1012: |m|=5.499999999999999e-11 band_zero=1e-12 — definite within 10^2 of the escalation threshold
  FLAG driver/slab_across_zero:interval_span_forward line 1012: |m|=5.499999999999999e-11 band_zero=1e-12 — definite below the baseline distribution's floor (4e-5)
  FLAG driver/slab_across_zero:dihedral_arm line 1019: |m|=5.499999999999999e-11 band_zero=1e-12 — definite within 10^2 of the escalation threshold
  FLAG driver/slab_across_zero:dihedral_arm line 1019: |m|=5.499999999999999e-11 band_zero=1e-12 — definite below the baseline distribution's floor (4e-5)
  FLAG driver/slab_across_zero:dihedral_wedge line 1020: |m|=5.499999999999999e-11 band_zero=1e-12 — definite within 10^2 of the escalation threshold
  FLAG driver/slab_across_zero:dihedral_wedge line 1020: |m|=5.499999999999999e-11 band_zero=1e-12 — definite below the baseline distribution's floor (4e-5)
  FLAG driver/slab_across_zero:dihedral_arm line 1023: |m|=5.499999999999999e-11 band_zero=1e-12 — definite within 10^2 of the escalation threshold
  FLAG driver/slab_across_zero:dihedral_arm line 1023: |m|=5.499999999999999e-11 band_zero=1e-12 — definite below the baseline distribution's floor (4e-5)
  FLAG driver/slab_across_zero:dihedral_wedge line 1024: |m|=5.499999999999999e-11 band_zero=1e-12 — definite within 10^2 of the escalation threshold
  FLAG driver/slab_across_zero:dihedral_wedge line 1024: |m|=5.499999999999999e-11 band_zero=1e-12 — definite below the baseline distribution's floor (4e-5)
  FLAG driver/slab_across_zero:dihedral_arm line 1027: |m|=5.499999999999999e-11 band_zero=1e-12 — definite within 10^2 of the escalation threshold
  FLAG driver/slab_across_zero:dihedral_arm line 1027: |m|=5.499999999999999e-11 band_zero=1e-12 — definite below the baseline distribution's floor (4e-5)
  FLAG driver/slab_across_zero:dihedral_wedge line 1028: |m|=5.499999999999999e-11 band_zero=1e-12 — definite within 10^2 of the escalation threshold
  FLAG driver/slab_across_zero:dihedral_wedge line 1028: |m|=5.499999999999999e-11 band_zero=1e-12 — definite below the baseline distribution's floor (4e-5)
  FLAG driver/slab_across_zero:dihedral_arm line 1031: |m|=5.499999999999999e-11 band_zero=1e-12 — definite within 10^2 of the escalation threshold
  FLAG driver/slab_across_zero:dihedral_arm line 1031: |m|=5.499999999999999e-11 band_zero=1e-12 — definite below the baseline distribution's floor (4e-5)
  FLAG driver/slab_across_zero:dihedral_wedge line 1032: |m|=5.499999999999999e-11 band_zero=1e-12 — definite within 10^2 of the escalation threshold
  FLAG driver/slab_across_zero:dihedral_wedge line 1032: |m|=5.499999999999999e-11 band_zero=1e-12 — definite below the baseline distribution's floor (4e-5)
  FLAG driver/slab_across_zero:dihedral_arm line 1035: |m|=5.499999999999999e-11 band_zero=1e-12 — definite within 10^2 of the escalation threshold
  FLAG driver/slab_across_zero:dihedral_arm line 1035: |m|=5.499999999999999e-11 band_zero=1e-12 — definite below the baseline distribution's floor (4e-5)
  FLAG driver/slab_across_zero:dihedral_wedge line 1036: |m|=5.499999999999999e-11 band_zero=1e-12 — definite within 10^2 of the escalation threshold
  FLAG driver/slab_across_zero:dihedral_wedge line 1036: |m|=5.499999999999999e-11 band_zero=1e-12 — definite below the baseline distribution's floor (4e-5)
  FLAG driver/slab_across_zero:dihedral_arm line 1039: |m|=5.499999999999999e-11 band_zero=1e-12 — definite within 10^2 of the escalation threshold
  FLAG driver/slab_across_zero:dihedral_arm line 1039: |m|=5.499999999999999e-11 band_zero=1e-12 — definite below the baseline distribution's floor (4e-5)
  FLAG driver/slab_across_zero:dihedral_wedge line 1040: |m|=5.499999999999999e-11 band_zero=1e-12 — definite within 10^2 of the escalation threshold
  FLAG driver/slab_across_zero:dihedral_wedge line 1040: |m|=5.499999999999999e-11 band_zero=1e-12 — definite below the baseline distribution's floor (4e-5)
  FLAG driver/slab_across_zero:dihedral_arm line 1043: |m|=5.499999999999999e-11 band_zero=1e-12 — definite within 10^2 of the escalation threshold
  FLAG driver/slab_across_zero:dihedral_arm line 1043: |m|=5.499999999999999e-11 band_zero=1e-12 — definite below the baseline distribution's floor (4e-5)
  FLAG driver/slab_across_zero:dihedral_wedge line 1044: |m|=5.499999999999999e-11 band_zero=1e-12 — definite within 10^2 of the escalation threshold
  FLAG driver/slab_across_zero:dihedral_wedge line 1044: |m|=5.499999999999999e-11 band_zero=1e-12 — definite below the baseline distribution's floor (4e-5)
  FLAG driver/slab_across_zero:dihedral_arm line 1050: |m|=5.499999999999999e-11 band_zero=1e-12 — definite within 10^2 of the escalation threshold
  FLAG driver/slab_across_zero:dihedral_arm line 1050: |m|=5.499999999999999e-11 band_zero=1e-12 — definite below the baseline distribution's floor (4e-5)
  FLAG driver/slab_across_zero:dihedral_wedge line 1051: |m|=5.499999999999999e-11 band_zero=1e-12 — definite within 10^2 of the escalation threshold
  FLAG driver/slab_across_zero:dihedral_wedge line 1051: |m|=5.499999999999999e-11 band_zero=1e-12 — definite below the baseline distribution's floor (4e-5)
  FLAG driver/slab_across_zero:interval_span_forward line 1052: |m|=5.499999999999999e-11 band_zero=1e-12 — definite within 10^2 of the escalation threshold
  FLAG driver/slab_across_zero:interval_span_forward line 1052: |m|=5.499999999999999e-11 band_zero=1e-12 — definite below the baseline distribution's floor (4e-5)
  FLAG driver/slab_across_zero:dihedral_arm line 1059: |m|=5.499999999999999e-11 band_zero=1e-12 — definite within 10^2 of the escalation threshold
  FLAG driver/slab_across_zero:dihedral_arm line 1059: |m|=5.499999999999999e-11 band_zero=1e-12 — definite below the baseline distribution's floor (4e-5)
  FLAG driver/slab_across_zero:dihedral_wedge line 1060: |m|=5.499999999999999e-11 band_zero=1e-12 — definite within 10^2 of the escalation threshold
  FLAG driver/slab_across_zero:dihedral_wedge line 1060: |m|=5.499999999999999e-11 band_zero=1e-12 — definite below the baseline distribution's floor (4e-5)
  FLAG driver/slab_across_zero:dihedral_arm line 1063: |m|=5.499999999999999e-11 band_zero=1e-12 — definite within 10^2 of the escalation threshold
  FLAG driver/slab_across_zero:dihedral_arm line 1063: |m|=5.499999999999999e-11 band_zero=1e-12 — definite below the baseline distribution's floor (4e-5)
  FLAG driver/slab_across_zero:dihedral_wedge line 1064: |m|=5.499999999999999e-11 band_zero=1e-12 — definite within 10^2 of the escalation threshold
  FLAG driver/slab_across_zero:dihedral_wedge line 1064: |m|=5.499999999999999e-11 band_zero=1e-12 — definite below the baseline distribution's floor (4e-5)
  FLAG driver/slab_across_zero:dihedral_arm line 1067: |m|=5.499999999999999e-11 band_zero=1e-12 — definite within 10^2 of the escalation threshold
  FLAG driver/slab_across_zero:dihedral_arm line 1067: |m|=5.499999999999999e-11 band_zero=1e-12 — definite below the baseline distribution's floor (4e-5)
  FLAG driver/slab_across_zero:dihedral_wedge line 1068: |m|=5.499999999999999e-11 band_zero=1e-12 — definite within 10^2 of the escalation threshold
  FLAG driver/slab_across_zero:dihedral_wedge line 1068: |m|=5.499999999999999e-11 band_zero=1e-12 — definite below the baseline distribution's floor (4e-5)
  FLAG driver/slab_across_zero:dihedral_arm line 1071: |m|=5.499999999999999e-11 band_zero=1e-12 — definite within 10^2 of the escalation threshold
  FLAG driver/slab_across_zero:dihedral_arm line 1071: |m|=5.499999999999999e-11 band_zero=1e-12 — definite below the baseline distribution's floor (4e-5)
  FLAG driver/slab_across_zero:dihedral_wedge line 1072: |m|=5.499999999999999e-11 band_zero=1e-12 — definite within 10^2 of the escalation threshold
  FLAG driver/slab_across_zero:dihedral_wedge line 1072: |m|=5.499999999999999e-11 band_zero=1e-12 — definite below the baseline distribution's floor (4e-5)
  FLAG driver/slab_across_zero:dihedral_arm line 1075: |m|=5.499999999999999e-11 band_zero=1e-12 — definite within 10^2 of the escalation threshold
  FLAG driver/slab_across_zero:dihedral_arm line 1075: |m|=5.499999999999999e-11 band_zero=1e-12 — definite below the baseline distribution's floor (4e-5)
  FLAG driver/slab_across_zero:dihedral_wedge line 1076: |m|=5.499999999999999e-11 band_zero=1e-12 — definite within 10^2 of the escalation threshold
  FLAG driver/slab_across_zero:dihedral_wedge line 1076: |m|=5.499999999999999e-11 band_zero=1e-12 — definite below the baseline distribution's floor (4e-5)
  FLAG driver/slab_across_zero:dihedral_arm line 1079: |m|=5.499999999999999e-11 band_zero=1e-12 — definite within 10^2 of the escalation threshold
  FLAG driver/slab_across_zero:dihedral_arm line 1079: |m|=5.499999999999999e-11 band_zero=1e-12 — definite below the baseline distribution's floor (4e-5)
  FLAG driver/slab_across_zero:dihedral_wedge line 1080: |m|=5.499999999999999e-11 band_zero=1e-12 — definite within 10^2 of the escalation threshold
  FLAG driver/slab_across_zero:dihedral_wedge line 1080: |m|=5.499999999999999e-11 band_zero=1e-12 — definite below the baseline distribution's floor (4e-5)
  FLAG driver/slab_across_zero:dihedral_arm line 1083: |m|=5.499999999999999e-11 band_zero=1e-12 — definite within 10^2 of the escalation threshold
  FLAG driver/slab_across_zero:dihedral_arm line 1083: |m|=5.499999999999999e-11 band_zero=1e-12 — definite below the baseline distribution's floor (4e-5)
  FLAG driver/slab_across_zero:dihedral_wedge line 1084: |m|=5.499999999999999e-11 band_zero=1e-12 — definite within 10^2 of the escalation threshold
  FLAG driver/slab_across_zero:dihedral_wedge line 1084: |m|=5.499999999999999e-11 band_zero=1e-12 — definite below the baseline distribution's floor (4e-5)
  FLAG driver/slab_across_zero:dihedral_arm line 1090: |m|=5.499999999999999e-11 band_zero=1e-12 — definite within 10^2 of the escalation threshold
  FLAG driver/slab_across_zero:dihedral_arm line 1090: |m|=5.499999999999999e-11 band_zero=1e-12 — definite below the baseline distribution's floor (4e-5)
  FLAG driver/slab_across_zero:dihedral_wedge line 1091: |m|=5.499999999999999e-11 band_zero=1e-12 — definite within 10^2 of the escalation threshold
  FLAG driver/slab_across_zero:dihedral_wedge line 1091: |m|=5.499999999999999e-11 band_zero=1e-12 — definite below the baseline distribution's floor (4e-5)
  FLAG driver/slab_across_zero:interval_span_forward line 1092: |m|=5.499999999999999e-11 band_zero=1e-12 — definite within 10^2 of the escalation threshold
  FLAG driver/slab_across_zero:interval_span_forward line 1092: |m|=5.499999999999999e-11 band_zero=1e-12 — definite below the baseline distribution's floor (4e-5)
  FLAG driver/slab_across_zero:dihedral_arm line 1099: |m|=5.499999999999999e-11 band_zero=1e-12 — definite within 10^2 of the escalation threshold
  FLAG driver/slab_across_zero:dihedral_arm line 1099: |m|=5.499999999999999e-11 band_zero=1e-12 — definite below the baseline distribution's floor (4e-5)
  FLAG driver/slab_across_zero:dihedral_wedge line 1100: |m|=5.499999999999999e-11 band_zero=1e-12 — definite within 10^2 of the escalation threshold
  FLAG driver/slab_across_zero:dihedral_wedge line 1100: |m|=5.499999999999999e-11 band_zero=1e-12 — definite below the baseline distribution's floor (4e-5)
  FLAG driver/slab_across_zero:dihedral_arm line 1103: |m|=5.499999999999999e-11 band_zero=1e-12 — definite within 10^2 of the escalation threshold
  FLAG driver/slab_across_zero:dihedral_arm line 1103: |m|=5.499999999999999e-11 band_zero=1e-12 — definite below the baseline distribution's floor (4e-5)
  FLAG driver/slab_across_zero:dihedral_wedge line 1104: |m|=5.499999999999999e-11 band_zero=1e-12 — definite within 10^2 of the escalation threshold
  FLAG driver/slab_across_zero:dihedral_wedge line 1104: |m|=5.499999999999999e-11 band_zero=1e-12 — definite below the baseline distribution's floor (4e-5)
  FLAG driver/slab_across_zero:dihedral_arm line 1107: |m|=5.499999999999999e-11 band_zero=1e-12 — definite within 10^2 of the escalation threshold
  FLAG driver/slab_across_zero:dihedral_arm line 1107: |m|=5.499999999999999e-11 band_zero=1e-12 — definite below the baseline distribution's floor (4e-5)
  FLAG driver/slab_across_zero:dihedral_wedge line 1108: |m|=5.499999999999999e-11 band_zero=1e-12 — definite within 10^2 of the escalation threshold
  FLAG driver/slab_across_zero:dihedral_wedge line 1108: |m|=5.499999999999999e-11 band_zero=1e-12 — definite below the baseline distribution's floor (4e-5)
  FLAG driver/slab_across_zero:dihedral_arm line 1111: |m|=5.499999999999999e-11 band_zero=1e-12 — definite within 10^2 of the escalation threshold
  FLAG driver/slab_across_zero:dihedral_arm line 1111: |m|=5.499999999999999e-11 band_zero=1e-12 — definite below the baseline distribution's floor (4e-5)
  FLAG driver/slab_across_zero:dihedral_wedge line 1112: |m|=5.499999999999999e-11 band_zero=1e-12 — definite within 10^2 of the escalation threshold
  FLAG driver/slab_across_zero:dihedral_wedge line 1112: |m|=5.499999999999999e-11 band_zero=1e-12 — definite below the baseline distribution's floor (4e-5)
  FLAG driver/slab_across_zero:dihedral_arm line 1115: |m|=5.499999999999999e-11 band_zero=1e-12 — definite within 10^2 of the escalation threshold
  FLAG driver/slab_across_zero:dihedral_arm line 1115: |m|=5.499999999999999e-11 band_zero=1e-12 — definite below the baseline distribution's floor (4e-5)
  FLAG driver/slab_across_zero:dihedral_wedge line 1116: |m|=5.499999999999999e-11 band_zero=1e-12 — definite within 10^2 of the escalation threshold
  FLAG driver/slab_across_zero:dihedral_wedge line 1116: |m|=5.499999999999999e-11 band_zero=1e-12 — definite below the baseline distribution's floor (4e-5)
  FLAG driver/slab_across_zero:dihedral_arm line 1119: |m|=5.499999999999999e-11 band_zero=1e-12 — definite within 10^2 of the escalation threshold
  FLAG driver/slab_across_zero:dihedral_arm line 1119: |m|=5.499999999999999e-11 band_zero=1e-12 — definite below the baseline distribution's floor (4e-5)
  FLAG driver/slab_across_zero:dihedral_wedge line 1120: |m|=5.499999999999999e-11 band_zero=1e-12 — definite within 10^2 of the escalation threshold
  FLAG driver/slab_across_zero:dihedral_wedge line 1120: |m|=5.499999999999999e-11 band_zero=1e-12 — definite below the baseline distribution's floor (4e-5)
  FLAG driver/slab_across_zero:dihedral_arm line 1123: |m|=5.499999999999999e-11 band_zero=1e-12 — definite within 10^2 of the escalation threshold
  FLAG driver/slab_across_zero:dihedral_arm line 1123: |m|=5.499999999999999e-11 band_zero=1e-12 — definite below the baseline distribution's floor (4e-5)
  FLAG driver/slab_across_zero:dihedral_wedge line 1124: |m|=5.499999999999999e-11 band_zero=1e-12 — definite within 10^2 of the escalation threshold
  FLAG driver/slab_across_zero:dihedral_wedge line 1124: |m|=5.499999999999999e-11 band_zero=1e-12 — definite below the baseline distribution's floor (4e-5)
  FLAG driver/slab_across_zero:dihedral_arm line 1130: |m|=5.499999999999999e-11 band_zero=1e-12 — definite within 10^2 of the escalation threshold
  FLAG driver/slab_across_zero:dihedral_arm line 1130: |m|=5.499999999999999e-11 band_zero=1e-12 — definite below the baseline distribution's floor (4e-5)
  FLAG driver/slab_across_zero:dihedral_wedge line 1131: |m|=5.499999999999999e-11 band_zero=1e-12 — definite within 10^2 of the escalation threshold
  FLAG driver/slab_across_zero:dihedral_wedge line 1131: |m|=5.499999999999999e-11 band_zero=1e-12 — definite below the baseline distribution's floor (4e-5)
  FLAG driver/slab_across_zero:interval_span_forward line 1132: |m|=5.499999999999999e-11 band_zero=1e-12 — definite within 10^2 of the escalation threshold
  FLAG driver/slab_across_zero:interval_span_forward line 1132: |m|=5.499999999999999e-11 band_zero=1e-12 — definite below the baseline distribution's floor (4e-5)
  FLAG driver/slab_across_zero:dihedral_arm line 1139: |m|=5.499999999999999e-11 band_zero=1e-12 — definite within 10^2 of the escalation threshold
  FLAG driver/slab_across_zero:dihedral_arm line 1139: |m|=5.499999999999999e-11 band_zero=1e-12 — definite below the baseline distribution's floor (4e-5)
  FLAG driver/slab_across_zero:dihedral_wedge line 1140: |m|=5.499999999999999e-11 band_zero=1e-12 — definite within 10^2 of the escalation threshold
  FLAG driver/slab_across_zero:dihedral_wedge line 1140: |m|=5.499999999999999e-11 band_zero=1e-12 — definite below the baseline distribution's floor (4e-5)
  FLAG driver/slab_across_zero:dihedral_arm line 1143: |m|=5.499999999999999e-11 band_zero=1e-12 — definite within 10^2 of the escalation threshold
  FLAG driver/slab_across_zero:dihedral_arm line 1143: |m|=5.499999999999999e-11 band_zero=1e-12 — definite below the baseline distribution's floor (4e-5)
  FLAG driver/slab_across_zero:dihedral_wedge line 1144: |m|=5.499999999999999e-11 band_zero=1e-12 — definite within 10^2 of the escalation threshold
  FLAG driver/slab_across_zero:dihedral_wedge line 1144: |m|=5.499999999999999e-11 band_zero=1e-12 — definite below the baseline distribution's floor (4e-5)
  FLAG driver/slab_across_zero:dihedral_arm line 1147: |m|=5.499999999999999e-11 band_zero=1e-12 — definite within 10^2 of the escalation threshold
  FLAG driver/slab_across_zero:dihedral_arm line 1147: |m|=5.499999999999999e-11 band_zero=1e-12 — definite below the baseline distribution's floor (4e-5)
  FLAG driver/slab_across_zero:dihedral_wedge line 1148: |m|=5.499999999999999e-11 band_zero=1e-12 — definite within 10^2 of the escalation threshold
  FLAG driver/slab_across_zero:dihedral_wedge line 1148: |m|=5.499999999999999e-11 band_zero=1e-12 — definite below the baseline distribution's floor (4e-5)
  FLAG driver/slab_across_zero:dihedral_arm line 1151: |m|=5.499999999999999e-11 band_zero=1e-12 — definite within 10^2 of the escalation threshold
  FLAG driver/slab_across_zero:dihedral_arm line 1151: |m|=5.499999999999999e-11 band_zero=1e-12 — definite below the baseline distribution's floor (4e-5)
  FLAG driver/slab_across_zero:dihedral_wedge line 1152: |m|=5.499999999999999e-11 band_zero=1e-12 — definite within 10^2 of the escalation threshold
  FLAG driver/slab_across_zero:dihedral_wedge line 1152: |m|=5.499999999999999e-11 band_zero=1e-12 — definite below the baseline distribution's floor (4e-5)
  FLAG driver/slab_across_zero:dihedral_arm line 1155: |m|=5.499999999999999e-11 band_zero=1e-12 — definite within 10^2 of the escalation threshold
  FLAG driver/slab_across_zero:dihedral_arm line 1155: |m|=5.499999999999999e-11 band_zero=1e-12 — definite below the baseline distribution's floor (4e-5)
  FLAG driver/slab_across_zero:dihedral_wedge line 1156: |m|=5.499999999999999e-11 band_zero=1e-12 — definite within 10^2 of the escalation threshold
  FLAG driver/slab_across_zero:dihedral_wedge line 1156: |m|=5.499999999999999e-11 band_zero=1e-12 — definite below the baseline distribution's floor (4e-5)
  FLAG driver/slab_across_zero:dihedral_arm line 1159: |m|=5.499999999999999e-11 band_zero=1e-12 — definite within 10^2 of the escalation threshold
  FLAG driver/slab_across_zero:dihedral_arm line 1159: |m|=5.499999999999999e-11 band_zero=1e-12 — definite below the baseline distribution's floor (4e-5)
  FLAG driver/slab_across_zero:dihedral_wedge line 1160: |m|=5.499999999999999e-11 band_zero=1e-12 — definite within 10^2 of the escalation threshold
  FLAG driver/slab_across_zero:dihedral_wedge line 1160: |m|=5.499999999999999e-11 band_zero=1e-12 — definite below the baseline distribution's floor (4e-5)
  FLAG driver/slab_across_zero:dihedral_arm line 1163: |m|=5.499999999999999e-11 band_zero=1e-12 — definite within 10^2 of the escalation threshold
  FLAG driver/slab_across_zero:dihedral_arm line 1163: |m|=5.499999999999999e-11 band_zero=1e-12 — definite below the baseline distribution's floor (4e-5)
  FLAG driver/slab_across_zero:dihedral_wedge line 1164: |m|=5.499999999999999e-11 band_zero=1e-12 — definite within 10^2 of the escalation threshold
  FLAG driver/slab_across_zero:dihedral_wedge line 1164: |m|=5.499999999999999e-11 band_zero=1e-12 — definite below the baseline distribution's floor (4e-5)
  FLAG driver/slab_across_zero:extrusion_normal_component line 1586: |m|=3.75e-11 band_zero=1e-12 — definite within 10^2 of the escalation threshold
  FLAG driver/slab_across_zero:extrusion_normal_component line 1586: |m|=3.75e-11 band_zero=1e-12 — definite below the baseline distribution's floor (4e-5)
  FLAG driver/slab_across_zero:interval_span_forward line 1643: |m|=3.75e-11 band_zero=1e-12 — definite within 10^2 of the escalation threshold
  FLAG driver/slab_across_zero:interval_span_forward line 1643: |m|=3.75e-11 band_zero=1e-12 — definite below the baseline distribution's floor (4e-5)
  FLAG driver/slab_across_zero:interval_span_forward line 1655: |m|=3.75e-11 band_zero=1e-12 — definite within 10^2 of the escalation threshold
  FLAG driver/slab_across_zero:interval_span_forward line 1655: |m|=3.75e-11 band_zero=1e-12 — definite below the baseline distribution's floor (4e-5)
  FLAG driver/slab_across_zero:interval_span_forward line 1667: |m|=3.75e-11 band_zero=1e-12 — definite within 10^2 of the escalation threshold
  FLAG driver/slab_across_zero:interval_span_forward line 1667: |m|=3.75e-11 band_zero=1e-12 — definite below the baseline distribution's floor (4e-5)
  FLAG driver/slab_across_zero:interval_span_forward line 1679: |m|=3.75e-11 band_zero=1e-12 — definite within 10^2 of the escalation threshold
  FLAG driver/slab_across_zero:interval_span_forward line 1679: |m|=3.75e-11 band_zero=1e-12 — definite below the baseline distribution's floor (4e-5)
  FLAG driver/slab_across_zero:dihedral_arm line 1755: |m|=3.75e-11 band_zero=1e-12 — definite within 10^2 of the escalation threshold
  FLAG driver/slab_across_zero:dihedral_arm line 1755: |m|=3.75e-11 band_zero=1e-12 — definite below the baseline distribution's floor (4e-5)
  FLAG driver/slab_across_zero:dihedral_wedge line 1756: |m|=3.75e-11 band_zero=1e-12 — definite within 10^2 of the escalation threshold
  FLAG driver/slab_across_zero:dihedral_wedge line 1756: |m|=3.75e-11 band_zero=1e-12 — definite below the baseline distribution's floor (4e-5)
  FLAG driver/slab_across_zero:interval_span_forward line 1757: |m|=3.75e-11 band_zero=1e-12 — definite within 10^2 of the escalation threshold
  FLAG driver/slab_across_zero:interval_span_forward line 1757: |m|=3.75e-11 band_zero=1e-12 — definite below the baseline distribution's floor (4e-5)
  FLAG driver/slab_across_zero:dihedral_arm line 1764: |m|=3.75e-11 band_zero=1e-12 — definite within 10^2 of the escalation threshold
  FLAG driver/slab_across_zero:dihedral_arm line 1764: |m|=3.75e-11 band_zero=1e-12 — definite below the baseline distribution's floor (4e-5)
  FLAG driver/slab_across_zero:dihedral_wedge line 1765: |m|=3.75e-11 band_zero=1e-12 — definite within 10^2 of the escalation threshold
  FLAG driver/slab_across_zero:dihedral_wedge line 1765: |m|=3.75e-11 band_zero=1e-12 — definite below the baseline distribution's floor (4e-5)
  FLAG driver/slab_across_zero:dihedral_arm line 1768: |m|=3.75e-11 band_zero=1e-12 — definite within 10^2 of the escalation threshold
  FLAG driver/slab_across_zero:dihedral_arm line 1768: |m|=3.75e-11 band_zero=1e-12 — definite below the baseline distribution's floor (4e-5)
  FLAG driver/slab_across_zero:dihedral_wedge line 1769: |m|=3.75e-11 band_zero=1e-12 — definite within 10^2 of the escalation threshold
  FLAG driver/slab_across_zero:dihedral_wedge line 1769: |m|=3.75e-11 band_zero=1e-12 — definite below the baseline distribution's floor (4e-5)
  FLAG driver/slab_across_zero:dihedral_arm line 1772: |m|=3.75e-11 band_zero=1e-12 — definite within 10^2 of the escalation threshold
  FLAG driver/slab_across_zero:dihedral_arm line 1772: |m|=3.75e-11 band_zero=1e-12 — definite below the baseline distribution's floor (4e-5)
  FLAG driver/slab_across_zero:dihedral_wedge line 1773: |m|=3.75e-11 band_zero=1e-12 — definite within 10^2 of the escalation threshold
  FLAG driver/slab_across_zero:dihedral_wedge line 1773: |m|=3.75e-11 band_zero=1e-12 — definite below the baseline distribution's floor (4e-5)
  FLAG driver/slab_across_zero:dihedral_arm line 1776: |m|=3.75e-11 band_zero=1e-12 — definite within 10^2 of the escalation threshold
  FLAG driver/slab_across_zero:dihedral_arm line 1776: |m|=3.75e-11 band_zero=1e-12 — definite below the baseline distribution's floor (4e-5)
  FLAG driver/slab_across_zero:dihedral_wedge line 1777: |m|=3.75e-11 band_zero=1e-12 — definite within 10^2 of the escalation threshold
  FLAG driver/slab_across_zero:dihedral_wedge line 1777: |m|=3.75e-11 band_zero=1e-12 — definite below the baseline distribution's floor (4e-5)
  FLAG driver/slab_across_zero:dihedral_arm line 1780: |m|=3.75e-11 band_zero=1e-12 — definite within 10^2 of the escalation threshold
  FLAG driver/slab_across_zero:dihedral_arm line 1780: |m|=3.75e-11 band_zero=1e-12 — definite below the baseline distribution's floor (4e-5)
  FLAG driver/slab_across_zero:dihedral_wedge line 1781: |m|=3.75e-11 band_zero=1e-12 — definite within 10^2 of the escalation threshold
  FLAG driver/slab_across_zero:dihedral_wedge line 1781: |m|=3.75e-11 band_zero=1e-12 — definite below the baseline distribution's floor (4e-5)
  FLAG driver/slab_across_zero:dihedral_arm line 1784: |m|=3.75e-11 band_zero=1e-12 — definite within 10^2 of the escalation threshold
  FLAG driver/slab_across_zero:dihedral_arm line 1784: |m|=3.75e-11 band_zero=1e-12 — definite below the baseline distribution's floor (4e-5)
  FLAG driver/slab_across_zero:dihedral_wedge line 1785: |m|=3.75e-11 band_zero=1e-12 — definite within 10^2 of the escalation threshold
  FLAG driver/slab_across_zero:dihedral_wedge line 1785: |m|=3.75e-11 band_zero=1e-12 — definite below the baseline distribution's floor (4e-5)
  FLAG driver/slab_across_zero:dihedral_arm line 1788: |m|=3.75e-11 band_zero=1e-12 — definite within 10^2 of the escalation threshold
  FLAG driver/slab_across_zero:dihedral_arm line 1788: |m|=3.75e-11 band_zero=1e-12 — definite below the baseline distribution's floor (4e-5)
  FLAG driver/slab_across_zero:dihedral_wedge line 1789: |m|=3.75e-11 band_zero=1e-12 — definite within 10^2 of the escalation threshold
  FLAG driver/slab_across_zero:dihedral_wedge line 1789: |m|=3.75e-11 band_zero=1e-12 — definite below the baseline distribution's floor (4e-5)
  FLAG driver/slab_across_zero:dihedral_arm line 1795: |m|=3.75e-11 band_zero=1e-12 — definite within 10^2 of the escalation threshold
  FLAG driver/slab_across_zero:dihedral_arm line 1795: |m|=3.75e-11 band_zero=1e-12 — definite below the baseline distribution's floor (4e-5)
  FLAG driver/slab_across_zero:dihedral_wedge line 1796: |m|=3.75e-11 band_zero=1e-12 — definite within 10^2 of the escalation threshold
  FLAG driver/slab_across_zero:dihedral_wedge line 1796: |m|=3.75e-11 band_zero=1e-12 — definite below the baseline distribution's floor (4e-5)
  FLAG driver/slab_across_zero:interval_span_forward line 1797: |m|=3.75e-11 band_zero=1e-12 — definite within 10^2 of the escalation threshold
  FLAG driver/slab_across_zero:interval_span_forward line 1797: |m|=3.75e-11 band_zero=1e-12 — definite below the baseline distribution's floor (4e-5)
  FLAG driver/slab_across_zero:dihedral_arm line 1804: |m|=3.75e-11 band_zero=1e-12 — definite within 10^2 of the escalation threshold
  FLAG driver/slab_across_zero:dihedral_arm line 1804: |m|=3.75e-11 band_zero=1e-12 — definite below the baseline distribution's floor (4e-5)
  FLAG driver/slab_across_zero:dihedral_wedge line 1805: |m|=3.75e-11 band_zero=1e-12 — definite within 10^2 of the escalation threshold
  FLAG driver/slab_across_zero:dihedral_wedge line 1805: |m|=3.75e-11 band_zero=1e-12 — definite below the baseline distribution's floor (4e-5)
  FLAG driver/slab_across_zero:dihedral_arm line 1808: |m|=3.75e-11 band_zero=1e-12 — definite within 10^2 of the escalation threshold
  FLAG driver/slab_across_zero:dihedral_arm line 1808: |m|=3.75e-11 band_zero=1e-12 — definite below the baseline distribution's floor (4e-5)
  FLAG driver/slab_across_zero:dihedral_wedge line 1809: |m|=3.75e-11 band_zero=1e-12 — definite within 10^2 of the escalation threshold
  FLAG driver/slab_across_zero:dihedral_wedge line 1809: |m|=3.75e-11 band_zero=1e-12 — definite below the baseline distribution's floor (4e-5)
  FLAG driver/slab_across_zero:dihedral_arm line 1812: |m|=3.75e-11 band_zero=1e-12 — definite within 10^2 of the escalation threshold
  FLAG driver/slab_across_zero:dihedral_arm line 1812: |m|=3.75e-11 band_zero=1e-12 — definite below the baseline distribution's floor (4e-5)
  FLAG driver/slab_across_zero:dihedral_wedge line 1813: |m|=3.75e-11 band_zero=1e-12 — definite within 10^2 of the escalation threshold
  FLAG driver/slab_across_zero:dihedral_wedge line 1813: |m|=3.75e-11 band_zero=1e-12 — definite below the baseline distribution's floor (4e-5)
  FLAG driver/slab_across_zero:dihedral_arm line 1816: |m|=3.75e-11 band_zero=1e-12 — definite within 10^2 of the escalation threshold
  FLAG driver/slab_across_zero:dihedral_arm line 1816: |m|=3.75e-11 band_zero=1e-12 — definite below the baseline distribution's floor (4e-5)
  FLAG driver/slab_across_zero:dihedral_wedge line 1817: |m|=3.75e-11 band_zero=1e-12 — definite within 10^2 of the escalation threshold
  FLAG driver/slab_across_zero:dihedral_wedge line 1817: |m|=3.75e-11 band_zero=1e-12 — definite below the baseline distribution's floor (4e-5)
  FLAG driver/slab_across_zero:dihedral_arm line 1820: |m|=3.75e-11 band_zero=1e-12 — definite within 10^2 of the escalation threshold
  FLAG driver/slab_across_zero:dihedral_arm line 1820: |m|=3.75e-11 band_zero=1e-12 — definite below the baseline distribution's floor (4e-5)
  FLAG driver/slab_across_zero:dihedral_wedge line 1821: |m|=3.75e-11 band_zero=1e-12 — definite within 10^2 of the escalation threshold
  FLAG driver/slab_across_zero:dihedral_wedge line 1821: |m|=3.75e-11 band_zero=1e-12 — definite below the baseline distribution's floor (4e-5)
  FLAG driver/slab_across_zero:dihedral_arm line 1824: |m|=3.75e-11 band_zero=1e-12 — definite within 10^2 of the escalation threshold
  FLAG driver/slab_across_zero:dihedral_arm line 1824: |m|=3.75e-11 band_zero=1e-12 — definite below the baseline distribution's floor (4e-5)
  FLAG driver/slab_across_zero:dihedral_wedge line 1825: |m|=3.75e-11 band_zero=1e-12 — definite within 10^2 of the escalation threshold
  FLAG driver/slab_across_zero:dihedral_wedge line 1825: |m|=3.75e-11 band_zero=1e-12 — definite below the baseline distribution's floor (4e-5)
  FLAG driver/slab_across_zero:dihedral_arm line 1828: |m|=3.75e-11 band_zero=1e-12 — definite within 10^2 of the escalation threshold
  FLAG driver/slab_across_zero:dihedral_arm line 1828: |m|=3.75e-11 band_zero=1e-12 — definite below the baseline distribution's floor (4e-5)
  FLAG driver/slab_across_zero:dihedral_wedge line 1829: |m|=3.75e-11 band_zero=1e-12 — definite within 10^2 of the escalation threshold
  FLAG driver/slab_across_zero:dihedral_wedge line 1829: |m|=3.75e-11 band_zero=1e-12 — definite below the baseline distribution's floor (4e-5)
  FLAG driver/slab_across_zero:dihedral_arm line 1835: |m|=3.75e-11 band_zero=1e-12 — definite within 10^2 of the escalation threshold
  FLAG driver/slab_across_zero:dihedral_arm line 1835: |m|=3.75e-11 band_zero=1e-12 — definite below the baseline distribution's floor (4e-5)
  FLAG driver/slab_across_zero:dihedral_wedge line 1836: |m|=3.75e-11 band_zero=1e-12 — definite within 10^2 of the escalation threshold
  FLAG driver/slab_across_zero:dihedral_wedge line 1836: |m|=3.75e-11 band_zero=1e-12 — definite below the baseline distribution's floor (4e-5)
  FLAG driver/slab_across_zero:interval_span_forward line 1837: |m|=3.75e-11 band_zero=1e-12 — definite within 10^2 of the escalation threshold
  FLAG driver/slab_across_zero:interval_span_forward line 1837: |m|=3.75e-11 band_zero=1e-12 — definite below the baseline distribution's floor (4e-5)
  FLAG driver/slab_across_zero:dihedral_arm line 1844: |m|=3.75e-11 band_zero=1e-12 — definite within 10^2 of the escalation threshold
  FLAG driver/slab_across_zero:dihedral_arm line 1844: |m|=3.75e-11 band_zero=1e-12 — definite below the baseline distribution's floor (4e-5)
  FLAG driver/slab_across_zero:dihedral_wedge line 1845: |m|=3.75e-11 band_zero=1e-12 — definite within 10^2 of the escalation threshold
  FLAG driver/slab_across_zero:dihedral_wedge line 1845: |m|=3.75e-11 band_zero=1e-12 — definite below the baseline distribution's floor (4e-5)
  FLAG driver/slab_across_zero:dihedral_arm line 1848: |m|=3.75e-11 band_zero=1e-12 — definite within 10^2 of the escalation threshold
  FLAG driver/slab_across_zero:dihedral_arm line 1848: |m|=3.75e-11 band_zero=1e-12 — definite below the baseline distribution's floor (4e-5)
  FLAG driver/slab_across_zero:dihedral_wedge line 1849: |m|=3.75e-11 band_zero=1e-12 — definite within 10^2 of the escalation threshold
  FLAG driver/slab_across_zero:dihedral_wedge line 1849: |m|=3.75e-11 band_zero=1e-12 — definite below the baseline distribution's floor (4e-5)
  FLAG driver/slab_across_zero:dihedral_arm line 1852: |m|=3.75e-11 band_zero=1e-12 — definite within 10^2 of the escalation threshold
  FLAG driver/slab_across_zero:dihedral_arm line 1852: |m|=3.75e-11 band_zero=1e-12 — definite below the baseline distribution's floor (4e-5)
  FLAG driver/slab_across_zero:dihedral_wedge line 1853: |m|=3.75e-11 band_zero=1e-12 — definite within 10^2 of the escalation threshold
  FLAG driver/slab_across_zero:dihedral_wedge line 1853: |m|=3.75e-11 band_zero=1e-12 — definite below the baseline distribution's floor (4e-5)
  FLAG driver/slab_across_zero:dihedral_arm line 1856: |m|=3.75e-11 band_zero=1e-12 — definite within 10^2 of the escalation threshold
  FLAG driver/slab_across_zero:dihedral_arm line 1856: |m|=3.75e-11 band_zero=1e-12 — definite below the baseline distribution's floor (4e-5)
  FLAG driver/slab_across_zero:dihedral_wedge line 1857: |m|=3.75e-11 band_zero=1e-12 — definite within 10^2 of the escalation threshold
  FLAG driver/slab_across_zero:dihedral_wedge line 1857: |m|=3.75e-11 band_zero=1e-12 — definite below the baseline distribution's floor (4e-5)
  FLAG driver/slab_across_zero:dihedral_arm line 1860: |m|=3.75e-11 band_zero=1e-12 — definite within 10^2 of the escalation threshold
  FLAG driver/slab_across_zero:dihedral_arm line 1860: |m|=3.75e-11 band_zero=1e-12 — definite below the baseline distribution's floor (4e-5)
  FLAG driver/slab_across_zero:dihedral_wedge line 1861: |m|=3.75e-11 band_zero=1e-12 — definite within 10^2 of the escalation threshold
  FLAG driver/slab_across_zero:dihedral_wedge line 1861: |m|=3.75e-11 band_zero=1e-12 — definite below the baseline distribution's floor (4e-5)
  FLAG driver/slab_across_zero:dihedral_arm line 1864: |m|=3.75e-11 band_zero=1e-12 — definite within 10^2 of the escalation threshold
  FLAG driver/slab_across_zero:dihedral_arm line 1864: |m|=3.75e-11 band_zero=1e-12 — definite below the baseline distribution's floor (4e-5)
  FLAG driver/slab_across_zero:dihedral_wedge line 1865: |m|=3.75e-11 band_zero=1e-12 — definite within 10^2 of the escalation threshold
  FLAG driver/slab_across_zero:dihedral_wedge line 1865: |m|=3.75e-11 band_zero=1e-12 — definite below the baseline distribution's floor (4e-5)
  FLAG driver/slab_across_zero:dihedral_arm line 1868: |m|=3.75e-11 band_zero=1e-12 — definite within 10^2 of the escalation threshold
  FLAG driver/slab_across_zero:dihedral_arm line 1868: |m|=3.75e-11 band_zero=1e-12 — definite below the baseline distribution's floor (4e-5)
  FLAG driver/slab_across_zero:dihedral_wedge line 1869: |m|=3.75e-11 band_zero=1e-12 — definite within 10^2 of the escalation threshold
  FLAG driver/slab_across_zero:dihedral_wedge line 1869: |m|=3.75e-11 band_zero=1e-12 — definite below the baseline distribution's floor (4e-5)
  FLAG driver/slab_across_zero:dihedral_arm line 1875: |m|=3.75e-11 band_zero=1e-12 — definite within 10^2 of the escalation threshold
  FLAG driver/slab_across_zero:dihedral_arm line 1875: |m|=3.75e-11 band_zero=1e-12 — definite below the baseline distribution's floor (4e-5)
  FLAG driver/slab_across_zero:dihedral_wedge line 1876: |m|=3.75e-11 band_zero=1e-12 — definite within 10^2 of the escalation threshold
  FLAG driver/slab_across_zero:dihedral_wedge line 1876: |m|=3.75e-11 band_zero=1e-12 — definite below the baseline distribution's floor (4e-5)
  FLAG driver/slab_across_zero:interval_span_forward line 1877: |m|=3.75e-11 band_zero=1e-12 — definite within 10^2 of the escalation threshold
  FLAG driver/slab_across_zero:interval_span_forward line 1877: |m|=3.75e-11 band_zero=1e-12 — definite below the baseline distribution's floor (4e-5)
  FLAG driver/slab_across_zero:dihedral_arm line 1884: |m|=3.75e-11 band_zero=1e-12 — definite within 10^2 of the escalation threshold
  FLAG driver/slab_across_zero:dihedral_arm line 1884: |m|=3.75e-11 band_zero=1e-12 — definite below the baseline distribution's floor (4e-5)
  FLAG driver/slab_across_zero:dihedral_wedge line 1885: |m|=3.75e-11 band_zero=1e-12 — definite within 10^2 of the escalation threshold
  FLAG driver/slab_across_zero:dihedral_wedge line 1885: |m|=3.75e-11 band_zero=1e-12 — definite below the baseline distribution's floor (4e-5)
  FLAG driver/slab_across_zero:dihedral_arm line 1888: |m|=3.75e-11 band_zero=1e-12 — definite within 10^2 of the escalation threshold
  FLAG driver/slab_across_zero:dihedral_arm line 1888: |m|=3.75e-11 band_zero=1e-12 — definite below the baseline distribution's floor (4e-5)
  FLAG driver/slab_across_zero:dihedral_wedge line 1889: |m|=3.75e-11 band_zero=1e-12 — definite within 10^2 of the escalation threshold
  FLAG driver/slab_across_zero:dihedral_wedge line 1889: |m|=3.75e-11 band_zero=1e-12 — definite below the baseline distribution's floor (4e-5)
  FLAG driver/slab_across_zero:dihedral_arm line 1892: |m|=3.75e-11 band_zero=1e-12 — definite within 10^2 of the escalation threshold
  FLAG driver/slab_across_zero:dihedral_arm line 1892: |m|=3.75e-11 band_zero=1e-12 — definite below the baseline distribution's floor (4e-5)
  FLAG driver/slab_across_zero:dihedral_wedge line 1893: |m|=3.75e-11 band_zero=1e-12 — definite within 10^2 of the escalation threshold
  FLAG driver/slab_across_zero:dihedral_wedge line 1893: |m|=3.75e-11 band_zero=1e-12 — definite below the baseline distribution's floor (4e-5)
  FLAG driver/slab_across_zero:dihedral_arm line 1896: |m|=3.75e-11 band_zero=1e-12 — definite within 10^2 of the escalation threshold
  FLAG driver/slab_across_zero:dihedral_arm line 1896: |m|=3.75e-11 band_zero=1e-12 — definite below the baseline distribution's floor (4e-5)
  FLAG driver/slab_across_zero:dihedral_wedge line 1897: |m|=3.75e-11 band_zero=1e-12 — definite within 10^2 of the escalation threshold
  FLAG driver/slab_across_zero:dihedral_wedge line 1897: |m|=3.75e-11 band_zero=1e-12 — definite below the baseline distribution's floor (4e-5)
  FLAG driver/slab_across_zero:dihedral_arm line 1900: |m|=3.75e-11 band_zero=1e-12 — definite within 10^2 of the escalation threshold
  FLAG driver/slab_across_zero:dihedral_arm line 1900: |m|=3.75e-11 band_zero=1e-12 — definite below the baseline distribution's floor (4e-5)
  FLAG driver/slab_across_zero:dihedral_wedge line 1901: |m|=3.75e-11 band_zero=1e-12 — definite within 10^2 of the escalation threshold
  FLAG driver/slab_across_zero:dihedral_wedge line 1901: |m|=3.75e-11 band_zero=1e-12 — definite below the baseline distribution's floor (4e-5)
  FLAG driver/slab_across_zero:dihedral_arm line 1904: |m|=3.75e-11 band_zero=1e-12 — definite within 10^2 of the escalation threshold
  FLAG driver/slab_across_zero:dihedral_arm line 1904: |m|=3.75e-11 band_zero=1e-12 — definite below the baseline distribution's floor (4e-5)
  FLAG driver/slab_across_zero:dihedral_wedge line 1905: |m|=3.75e-11 band_zero=1e-12 — definite within 10^2 of the escalation threshold
  FLAG driver/slab_across_zero:dihedral_wedge line 1905: |m|=3.75e-11 band_zero=1e-12 — definite below the baseline distribution's floor (4e-5)
  FLAG driver/slab_across_zero:dihedral_arm line 1908: |m|=3.75e-11 band_zero=1e-12 — definite within 10^2 of the escalation threshold
  FLAG driver/slab_across_zero:dihedral_arm line 1908: |m|=3.75e-11 band_zero=1e-12 — definite below the baseline distribution's floor (4e-5)
  FLAG driver/slab_across_zero:dihedral_wedge line 1909: |m|=3.75e-11 band_zero=1e-12 — definite within 10^2 of the escalation threshold
  FLAG driver/slab_across_zero:dihedral_wedge line 1909: |m|=3.75e-11 band_zero=1e-12 — definite below the baseline distribution's floor (4e-5)
  FLAG driver/slab_across_zero:extrusion_normal_component line 2331: |m|=4.2499999999999995e-11 band_zero=1e-12 — definite within 10^2 of the escalation threshold
  FLAG driver/slab_across_zero:extrusion_normal_component line 2331: |m|=4.2499999999999995e-11 band_zero=1e-12 — definite below the baseline distribution's floor (4e-5)
  FLAG driver/slab_across_zero:interval_span_forward line 2388: |m|=4.2499999999999995e-11 band_zero=1e-12 — definite within 10^2 of the escalation threshold
  FLAG driver/slab_across_zero:interval_span_forward line 2388: |m|=4.2499999999999995e-11 band_zero=1e-12 — definite below the baseline distribution's floor (4e-5)
  FLAG driver/slab_across_zero:interval_span_forward line 2400: |m|=4.2499999999999995e-11 band_zero=1e-12 — definite within 10^2 of the escalation threshold
  FLAG driver/slab_across_zero:interval_span_forward line 2400: |m|=4.2499999999999995e-11 band_zero=1e-12 — definite below the baseline distribution's floor (4e-5)
  FLAG driver/slab_across_zero:interval_span_forward line 2412: |m|=4.2499999999999995e-11 band_zero=1e-12 — definite within 10^2 of the escalation threshold
  FLAG driver/slab_across_zero:interval_span_forward line 2412: |m|=4.2499999999999995e-11 band_zero=1e-12 — definite below the baseline distribution's floor (4e-5)
  FLAG driver/slab_across_zero:interval_span_forward line 2424: |m|=4.2499999999999995e-11 band_zero=1e-12 — definite within 10^2 of the escalation threshold
  FLAG driver/slab_across_zero:interval_span_forward line 2424: |m|=4.2499999999999995e-11 band_zero=1e-12 — definite below the baseline distribution's floor (4e-5)
  FLAG driver/slab_across_zero:dihedral_arm line 2500: |m|=4.2499999999999995e-11 band_zero=1e-12 — definite within 10^2 of the escalation threshold
  FLAG driver/slab_across_zero:dihedral_arm line 2500: |m|=4.2499999999999995e-11 band_zero=1e-12 — definite below the baseline distribution's floor (4e-5)
  FLAG driver/slab_across_zero:dihedral_wedge line 2501: |m|=4.2499999999999995e-11 band_zero=1e-12 — definite within 10^2 of the escalation threshold
  FLAG driver/slab_across_zero:dihedral_wedge line 2501: |m|=4.2499999999999995e-11 band_zero=1e-12 — definite below the baseline distribution's floor (4e-5)
  FLAG driver/slab_across_zero:interval_span_forward line 2502: |m|=4.2499999999999995e-11 band_zero=1e-12 — definite within 10^2 of the escalation threshold
  FLAG driver/slab_across_zero:interval_span_forward line 2502: |m|=4.2499999999999995e-11 band_zero=1e-12 — definite below the baseline distribution's floor (4e-5)
  FLAG driver/slab_across_zero:dihedral_arm line 2509: |m|=4.2499999999999995e-11 band_zero=1e-12 — definite within 10^2 of the escalation threshold
  FLAG driver/slab_across_zero:dihedral_arm line 2509: |m|=4.2499999999999995e-11 band_zero=1e-12 — definite below the baseline distribution's floor (4e-5)
  FLAG driver/slab_across_zero:dihedral_wedge line 2510: |m|=4.2499999999999995e-11 band_zero=1e-12 — definite within 10^2 of the escalation threshold
  FLAG driver/slab_across_zero:dihedral_wedge line 2510: |m|=4.2499999999999995e-11 band_zero=1e-12 — definite below the baseline distribution's floor (4e-5)
  FLAG driver/slab_across_zero:dihedral_arm line 2513: |m|=4.2499999999999995e-11 band_zero=1e-12 — definite within 10^2 of the escalation threshold
  FLAG driver/slab_across_zero:dihedral_arm line 2513: |m|=4.2499999999999995e-11 band_zero=1e-12 — definite below the baseline distribution's floor (4e-5)
  FLAG driver/slab_across_zero:dihedral_wedge line 2514: |m|=4.2499999999999995e-11 band_zero=1e-12 — definite within 10^2 of the escalation threshold
  FLAG driver/slab_across_zero:dihedral_wedge line 2514: |m|=4.2499999999999995e-11 band_zero=1e-12 — definite below the baseline distribution's floor (4e-5)
  FLAG driver/slab_across_zero:dihedral_arm line 2517: |m|=4.2499999999999995e-11 band_zero=1e-12 — definite within 10^2 of the escalation threshold
  FLAG driver/slab_across_zero:dihedral_arm line 2517: |m|=4.2499999999999995e-11 band_zero=1e-12 — definite below the baseline distribution's floor (4e-5)
  FLAG driver/slab_across_zero:dihedral_wedge line 2518: |m|=4.2499999999999995e-11 band_zero=1e-12 — definite within 10^2 of the escalation threshold
  FLAG driver/slab_across_zero:dihedral_wedge line 2518: |m|=4.2499999999999995e-11 band_zero=1e-12 — definite below the baseline distribution's floor (4e-5)
  FLAG driver/slab_across_zero:dihedral_arm line 2521: |m|=4.2499999999999995e-11 band_zero=1e-12 — definite within 10^2 of the escalation threshold
  FLAG driver/slab_across_zero:dihedral_arm line 2521: |m|=4.2499999999999995e-11 band_zero=1e-12 — definite below the baseline distribution's floor (4e-5)
  FLAG driver/slab_across_zero:dihedral_wedge line 2522: |m|=4.2499999999999995e-11 band_zero=1e-12 — definite within 10^2 of the escalation threshold
  FLAG driver/slab_across_zero:dihedral_wedge line 2522: |m|=4.2499999999999995e-11 band_zero=1e-12 — definite below the baseline distribution's floor (4e-5)
  FLAG driver/slab_across_zero:dihedral_arm line 2525: |m|=4.2499999999999995e-11 band_zero=1e-12 — definite within 10^2 of the escalation threshold
  FLAG driver/slab_across_zero:dihedral_arm line 2525: |m|=4.2499999999999995e-11 band_zero=1e-12 — definite below the baseline distribution's floor (4e-5)
  FLAG driver/slab_across_zero:dihedral_wedge line 2526: |m|=4.2499999999999995e-11 band_zero=1e-12 — definite within 10^2 of the escalation threshold
  FLAG driver/slab_across_zero:dihedral_wedge line 2526: |m|=4.2499999999999995e-11 band_zero=1e-12 — definite below the baseline distribution's floor (4e-5)
  FLAG driver/slab_across_zero:dihedral_arm line 2529: |m|=4.2499999999999995e-11 band_zero=1e-12 — definite within 10^2 of the escalation threshold
  FLAG driver/slab_across_zero:dihedral_arm line 2529: |m|=4.2499999999999995e-11 band_zero=1e-12 — definite below the baseline distribution's floor (4e-5)
  FLAG driver/slab_across_zero:dihedral_wedge line 2530: |m|=4.2499999999999995e-11 band_zero=1e-12 — definite within 10^2 of the escalation threshold
  FLAG driver/slab_across_zero:dihedral_wedge line 2530: |m|=4.2499999999999995e-11 band_zero=1e-12 — definite below the baseline distribution's floor (4e-5)
  FLAG driver/slab_across_zero:dihedral_arm line 2533: |m|=4.2499999999999995e-11 band_zero=1e-12 — definite within 10^2 of the escalation threshold
  FLAG driver/slab_across_zero:dihedral_arm line 2533: |m|=4.2499999999999995e-11 band_zero=1e-12 — definite below the baseline distribution's floor (4e-5)
  FLAG driver/slab_across_zero:dihedral_wedge line 2534: |m|=4.2499999999999995e-11 band_zero=1e-12 — definite within 10^2 of the escalation threshold
  FLAG driver/slab_across_zero:dihedral_wedge line 2534: |m|=4.2499999999999995e-11 band_zero=1e-12 — definite below the baseline distribution's floor (4e-5)
  FLAG driver/slab_across_zero:dihedral_arm line 2540: |m|=4.2499999999999995e-11 band_zero=1e-12 — definite within 10^2 of the escalation threshold
  FLAG driver/slab_across_zero:dihedral_arm line 2540: |m|=4.2499999999999995e-11 band_zero=1e-12 — definite below the baseline distribution's floor (4e-5)
  FLAG driver/slab_across_zero:dihedral_wedge line 2541: |m|=4.2499999999999995e-11 band_zero=1e-12 — definite within 10^2 of the escalation threshold
  FLAG driver/slab_across_zero:dihedral_wedge line 2541: |m|=4.2499999999999995e-11 band_zero=1e-12 — definite below the baseline distribution's floor (4e-5)
  FLAG driver/slab_across_zero:interval_span_forward line 2542: |m|=4.2499999999999995e-11 band_zero=1e-12 — definite within 10^2 of the escalation threshold
  FLAG driver/slab_across_zero:interval_span_forward line 2542: |m|=4.2499999999999995e-11 band_zero=1e-12 — definite below the baseline distribution's floor (4e-5)
  FLAG driver/slab_across_zero:dihedral_arm line 2549: |m|=4.2499999999999995e-11 band_zero=1e-12 — definite within 10^2 of the escalation threshold
  FLAG driver/slab_across_zero:dihedral_arm line 2549: |m|=4.2499999999999995e-11 band_zero=1e-12 — definite below the baseline distribution's floor (4e-5)
  FLAG driver/slab_across_zero:dihedral_wedge line 2550: |m|=4.2499999999999995e-11 band_zero=1e-12 — definite within 10^2 of the escalation threshold
  FLAG driver/slab_across_zero:dihedral_wedge line 2550: |m|=4.2499999999999995e-11 band_zero=1e-12 — definite below the baseline distribution's floor (4e-5)
  FLAG driver/slab_across_zero:dihedral_arm line 2553: |m|=4.2499999999999995e-11 band_zero=1e-12 — definite within 10^2 of the escalation threshold
  FLAG driver/slab_across_zero:dihedral_arm line 2553: |m|=4.2499999999999995e-11 band_zero=1e-12 — definite below the baseline distribution's floor (4e-5)
  FLAG driver/slab_across_zero:dihedral_wedge line 2554: |m|=4.2499999999999995e-11 band_zero=1e-12 — definite within 10^2 of the escalation threshold
  FLAG driver/slab_across_zero:dihedral_wedge line 2554: |m|=4.2499999999999995e-11 band_zero=1e-12 — definite below the baseline distribution's floor (4e-5)
  FLAG driver/slab_across_zero:dihedral_arm line 2557: |m|=4.2499999999999995e-11 band_zero=1e-12 — definite within 10^2 of the escalation threshold
  FLAG driver/slab_across_zero:dihedral_arm line 2557: |m|=4.2499999999999995e-11 band_zero=1e-12 — definite below the baseline distribution's floor (4e-5)
  FLAG driver/slab_across_zero:dihedral_wedge line 2558: |m|=4.2499999999999995e-11 band_zero=1e-12 — definite within 10^2 of the escalation threshold
  FLAG driver/slab_across_zero:dihedral_wedge line 2558: |m|=4.2499999999999995e-11 band_zero=1e-12 — definite below the baseline distribution's floor (4e-5)
  FLAG driver/slab_across_zero:dihedral_arm line 2561: |m|=4.2499999999999995e-11 band_zero=1e-12 — definite within 10^2 of the escalation threshold
  FLAG driver/slab_across_zero:dihedral_arm line 2561: |m|=4.2499999999999995e-11 band_zero=1e-12 — definite below the baseline distribution's floor (4e-5)
  FLAG driver/slab_across_zero:dihedral_wedge line 2562: |m|=4.2499999999999995e-11 band_zero=1e-12 — definite within 10^2 of the escalation threshold
  FLAG driver/slab_across_zero:dihedral_wedge line 2562: |m|=4.2499999999999995e-11 band_zero=1e-12 — definite below the baseline distribution's floor (4e-5)
  FLAG driver/slab_across_zero:dihedral_arm line 2565: |m|=4.2499999999999995e-11 band_zero=1e-12 — definite within 10^2 of the escalation threshold
  FLAG driver/slab_across_zero:dihedral_arm line 2565: |m|=4.2499999999999995e-11 band_zero=1e-12 — definite below the baseline distribution's floor (4e-5)
  FLAG driver/slab_across_zero:dihedral_wedge line 2566: |m|=4.2499999999999995e-11 band_zero=1e-12 — definite within 10^2 of the escalation threshold
  FLAG driver/slab_across_zero:dihedral_wedge line 2566: |m|=4.2499999999999995e-11 band_zero=1e-12 — definite below the baseline distribution's floor (4e-5)
  FLAG driver/slab_across_zero:dihedral_arm line 2569: |m|=4.2499999999999995e-11 band_zero=1e-12 — definite within 10^2 of the escalation threshold
  FLAG driver/slab_across_zero:dihedral_arm line 2569: |m|=4.2499999999999995e-11 band_zero=1e-12 — definite below the baseline distribution's floor (4e-5)
  FLAG driver/slab_across_zero:dihedral_wedge line 2570: |m|=4.2499999999999995e-11 band_zero=1e-12 — definite within 10^2 of the escalation threshold
  FLAG driver/slab_across_zero:dihedral_wedge line 2570: |m|=4.2499999999999995e-11 band_zero=1e-12 — definite below the baseline distribution's floor (4e-5)
  FLAG driver/slab_across_zero:dihedral_arm line 2573: |m|=4.2499999999999995e-11 band_zero=1e-12 — definite within 10^2 of the escalation threshold
  FLAG driver/slab_across_zero:dihedral_arm line 2573: |m|=4.2499999999999995e-11 band_zero=1e-12 — definite below the baseline distribution's floor (4e-5)
  FLAG driver/slab_across_zero:dihedral_wedge line 2574: |m|=4.2499999999999995e-11 band_zero=1e-12 — definite within 10^2 of the escalation threshold
  FLAG driver/slab_across_zero:dihedral_wedge line 2574: |m|=4.2499999999999995e-11 band_zero=1e-12 — definite below the baseline distribution's floor (4e-5)
  FLAG driver/slab_across_zero:dihedral_arm line 2580: |m|=4.2499999999999995e-11 band_zero=1e-12 — definite within 10^2 of the escalation threshold
  FLAG driver/slab_across_zero:dihedral_arm line 2580: |m|=4.2499999999999995e-11 band_zero=1e-12 — definite below the baseline distribution's floor (4e-5)
  FLAG driver/slab_across_zero:dihedral_wedge line 2581: |m|=4.2499999999999995e-11 band_zero=1e-12 — definite within 10^2 of the escalation threshold
  FLAG driver/slab_across_zero:dihedral_wedge line 2581: |m|=4.2499999999999995e-11 band_zero=1e-12 — definite below the baseline distribution's floor (4e-5)
  FLAG driver/slab_across_zero:interval_span_forward line 2582: |m|=4.2499999999999995e-11 band_zero=1e-12 — definite within 10^2 of the escalation threshold
  FLAG driver/slab_across_zero:interval_span_forward line 2582: |m|=4.2499999999999995e-11 band_zero=1e-12 — definite below the baseline distribution's floor (4e-5)
  FLAG driver/slab_across_zero:dihedral_arm line 2589: |m|=4.2499999999999995e-11 band_zero=1e-12 — definite within 10^2 of the escalation threshold
  FLAG driver/slab_across_zero:dihedral_arm line 2589: |m|=4.2499999999999995e-11 band_zero=1e-12 — definite below the baseline distribution's floor (4e-5)
  FLAG driver/slab_across_zero:dihedral_wedge line 2590: |m|=4.2499999999999995e-11 band_zero=1e-12 — definite within 10^2 of the escalation threshold
  FLAG driver/slab_across_zero:dihedral_wedge line 2590: |m|=4.2499999999999995e-11 band_zero=1e-12 — definite below the baseline distribution's floor (4e-5)
  FLAG driver/slab_across_zero:dihedral_arm line 2593: |m|=4.2499999999999995e-11 band_zero=1e-12 — definite within 10^2 of the escalation threshold
  FLAG driver/slab_across_zero:dihedral_arm line 2593: |m|=4.2499999999999995e-11 band_zero=1e-12 — definite below the baseline distribution's floor (4e-5)
  FLAG driver/slab_across_zero:dihedral_wedge line 2594: |m|=4.2499999999999995e-11 band_zero=1e-12 — definite within 10^2 of the escalation threshold
  FLAG driver/slab_across_zero:dihedral_wedge line 2594: |m|=4.2499999999999995e-11 band_zero=1e-12 — definite below the baseline distribution's floor (4e-5)
  FLAG driver/slab_across_zero:dihedral_arm line 2597: |m|=4.2499999999999995e-11 band_zero=1e-12 — definite within 10^2 of the escalation threshold
  FLAG driver/slab_across_zero:dihedral_arm line 2597: |m|=4.2499999999999995e-11 band_zero=1e-12 — definite below the baseline distribution's floor (4e-5)
  FLAG driver/slab_across_zero:dihedral_wedge line 2598: |m|=4.2499999999999995e-11 band_zero=1e-12 — definite within 10^2 of the escalation threshold
  FLAG driver/slab_across_zero:dihedral_wedge line 2598: |m|=4.2499999999999995e-11 band_zero=1e-12 — definite below the baseline distribution's floor (4e-5)
  FLAG driver/slab_across_zero:dihedral_arm line 2601: |m|=4.2499999999999995e-11 band_zero=1e-12 — definite within 10^2 of the escalation threshold
  FLAG driver/slab_across_zero:dihedral_arm line 2601: |m|=4.2499999999999995e-11 band_zero=1e-12 — definite below the baseline distribution's floor (4e-5)
  FLAG driver/slab_across_zero:dihedral_wedge line 2602: |m|=4.2499999999999995e-11 band_zero=1e-12 — definite within 10^2 of the escalation threshold
  FLAG driver/slab_across_zero:dihedral_wedge line 2602: |m|=4.2499999999999995e-11 band_zero=1e-12 — definite below the baseline distribution's floor (4e-5)
  FLAG driver/slab_across_zero:dihedral_arm line 2605: |m|=4.2499999999999995e-11 band_zero=1e-12 — definite within 10^2 of the escalation threshold
  FLAG driver/slab_across_zero:dihedral_arm line 2605: |m|=4.2499999999999995e-11 band_zero=1e-12 — definite below the baseline distribution's floor (4e-5)
  FLAG driver/slab_across_zero:dihedral_wedge line 2606: |m|=4.2499999999999995e-11 band_zero=1e-12 — definite within 10^2 of the escalation threshold
  FLAG driver/slab_across_zero:dihedral_wedge line 2606: |m|=4.2499999999999995e-11 band_zero=1e-12 — definite below the baseline distribution's floor (4e-5)
  FLAG driver/slab_across_zero:dihedral_arm line 2609: |m|=4.2499999999999995e-11 band_zero=1e-12 — definite within 10^2 of the escalation threshold
  FLAG driver/slab_across_zero:dihedral_arm line 2609: |m|=4.2499999999999995e-11 band_zero=1e-12 — definite below the baseline distribution's floor (4e-5)
  FLAG driver/slab_across_zero:dihedral_wedge line 2610: |m|=4.2499999999999995e-11 band_zero=1e-12 — definite within 10^2 of the escalation threshold
  FLAG driver/slab_across_zero:dihedral_wedge line 2610: |m|=4.2499999999999995e-11 band_zero=1e-12 — definite below the baseline distribution's floor (4e-5)
  … 5129 more flags (capped print)
k-lint: TOTAL over 3 file(s): 171201 samples (111621 symbolic_zero, 0 sign_gated, 780 registered, 58800 classified), rule 1 (undecided/invalid) 0, rule 2 (near a threshold) 15768, rule 3 (below a floor) 15768, rule 5 (off its construction's target) 0
k-lint: --gate-rule-1-only — rules 2, 3 and 5 and any EPS_COUPLED_UNRULED row are ADVISORY for this caller (docs/K-REPORT.md recourse 2; the justification is at the calling step). Rule 1 is NOT demotable: it is the trigger E6 names.
k-lint: 15768 advisory flag(s), none of them rule 1 — the population crowds thresholds but every margin was DECIDED
