case 0 6 40
s 0.9987502603949663 0.04997916927067833 0.0 0.999200106660973 0.03998933418663397 9.99999999999995e-08 4.998000226405202e-07 -9.987669063769027e-06 -0.9999999999499983 1.0 1.0 0.09987502603949663 0.004997916927067834 0.0 0.0999200106660973 0.003998933418663397 9.99999999999995e-09 0.1 0.0
s 0.8775825618903728 0.479425538604203 0.0 0.9987502603949663 0.04997916927067833 0.0 0.0 0.0 -1.0 1.0 1.0 0.8775825618903728 0.479425538604203 0.0 0.09987502603949663 0.004997916927067834 0.0 0.1 1.0
s -0.3722130460563617 0.813300343259146 0.4472135954999579 0.8775825618903728 0.479425538604203 0.0 -0.21483604456352498 0.3932547417548017 -0.8939777301721019 1.0 1.0 -0.3722130460563617 0.813300343259146 0.4472135954999579 0.8775825618903728 0.479425538604203 0.0 1.0 2.0
s -0.8375923243065936 -0.31375005699231057 -0.4472135954999579 -0.3722130460563617 0.813300343259146 0.4472135954999579 0.22573907030675272 0.5466923892662394 -0.8063307656634549 1.0 1.0 -0.8375923243065936 -0.31375005699231057 -0.4472135954999579 -0.3722130460563617 0.813300343259146 0.4472135954999579 1.0 3.0
s 0.2751927418019831 -0.9302931932717461 0.24253562503633297 -0.8375923243065936 -0.31375005699231057 -0.4472135954999579 0.4926817704433339 -0.08016495448787829 -0.8665092343101592 1.0 1.0 0.2751927418019831 -0.9302931932717461 0.24253562503633297 -0.8375923243065936 -0.31375005699231057 -0.4472135954999579 1.0 4.0
s 0.999200106660973 0.03998933418663397 9.99999999999995e-08 0.2751927418019831 -0.9302931932717461 0.24253562503633297 0.009985296716344858 -0.24949684495960323 -0.9683241286907449 1.0 1.0 0.0999200106660973 0.003998933418663397 9.99999999999995e-09 0.2751927418019831 -0.9302931932717461 0.24253562503633297 0.1 5.0
p 0.8815244326039093 0.4721384063199619 4.9999999999999945e-08 0.44076221630195467 0.23606920315998095 2.4999999999999972e-08
p 0.8655749513954378 0.5007793960585668 -4.999999999999993e-08 1.7311499027908757 1.0015587921171336 -9.999999999999986e-08
p 0.45289355488482497 0.8915645954970318 -1e-08 0.45289355488482497 0.8915645954970318 -1e-08
p 0.5274210809545254 0.8496040273943853 1.9999999999999997e-08 0.5274210809545254 0.8496040273943853 1.9999999999999997e-08
p 0.9065490713818769 -0.42210043967835037 1e-08 0.9065490713818769 -0.42210043967835037 1e-08
p 0.5884821657873653 0.8085101981732881 4.9999999999999945e-08 1.1769643315747307 1.6170203963465761 9.999999999999989e-08
p 0.9994067435115572 -0.034440688489376065 -4.9999999999999945e-08 1.9988134870231145 -0.06888137697875213 -9.999999999999989e-08
p 0.9999446373824111 -0.01052246027114911 1.9999999999999997e-08 0.9999446373824111 -0.01052246027114911 1.9999999999999997e-08
p 0.07102312459944894 0.9974746692383377 -1e-08 0.14204624919889788 1.9949493384766754 -2e-08
p 0.1337978894586982 0.9910086401118802 1e-08 0.2675957789173964 1.9820172802237603 2e-08
p -0.013544424616619968 0.9999082700737122 2.9999999999999984e-08 -0.027088849233239936 1.9998165401474244 5.999999999999997e-08
p 0.9803319366166233 0.1973557550427674 -9.999999999995e-07 1.9606638732332466 0.3947115100855348 -1.999999999999e-06
p 0.32188650942442104 0.9467782607609673 9.999999999995e-07 0.32188650942442104 0.9467782607609673 9.999999999995e-07
p 0.9953248491920207 0.09658387329610978 -4.9999999999999945e-08 1.9906496983840414 0.19316774659221955 -9.999999999999989e-08
p 0.27529027490381147 0.9613611519836766 4.9999999999999945e-08 0.5505805498076229 1.922722303967353 9.999999999999989e-08
p 0.3859592414358434 0.9225158339834963 4.999999999999993e-08 0.3859592414358434 0.9225158339834963 4.999999999999993e-08
p 0.7945820689542389 0.60715676369073 -9.999999999995e-07 0.39729103447711944 0.303578381845365 -4.9999999999975e-07
p 0.9123455406377476 0.40942107234289515 9.99999999999995e-08 0.4561727703188738 0.20471053617144758 4.999999999999975e-08
p 0.8287250045833074 0.5596560254106038 -4.999999999999993e-08 0.8287250045833074 0.5596560254106038 -4.999999999999993e-08
p 0.5072477119225224 0.8618003009684803 4.999999999999993e-08 0.5072477119225224 0.8618003009684803 4.999999999999993e-08
p 0.5594266657245022 0.828879849964008 -9.99999999999995e-08 1.1188533314490043 1.657759699928016 -1.99999999999999e-07
p 0.9898971521764409 -0.14178726357808843 9.99999999999995e-08 0.49494857608822046 -0.07089363178904422 4.999999999999975e-08
p 0.4373931143754532 0.8992704062165795 9.99999999999995e-08 0.4373931143754532 0.8992704062165795 9.99999999999995e-08
p 0.8370537582639087 0.5471206501095129 -9.99999999999995e-08 0.8370537582639087 0.5471206501095129 -9.99999999999995e-08
p 0.1596250226655285 0.987177720645087 9.999999999995e-07 0.1596250226655285 0.987177720645087 9.999999999995e-07
p 0.4124304116121885 0.9109891083741897 9.999999999995002e-07 0.824860823224377 1.8219782167483793 1.9999999999990004e-06
p 0.4243665850770742 0.9054904756373873 -1.9999999999999997e-08 0.2121832925385371 0.45274523781869364 -9.999999999999999e-09
p 0.8725912665648378 0.4884511045281518 2.9999999999999984e-08 1.7451825331296755 0.9769022090563036 5.999999999999997e-08
p 0.9329983049195081 0.3598807622217721 -2.9999999999999984e-08 0.9329983049195081 0.3598807622217721 -2.9999999999999984e-08
p 0.8791732153153444 -0.4765023163344215 -9.99999999999995e-08 0.8791732153153444 -0.4765023163344215 -9.99999999999995e-08
p 0.7250454864960019 0.6887009819303118 1.9999999999999997e-08 1.4500909729920037 1.3774019638606236 3.9999999999999994e-08
p 0.74692713407146 0.6649059004007974 -1e-08 0.37346356703573 0.3324529502003987 -5e-09
p 0.2985110370701228 0.9544061822653496 9.999999999995e-07 0.1492555185350614 0.4772030911326748 4.9999999999975e-07
p 0.24530310405396194 0.9694464333533281 4.9999999999999945e-08 0.24530310405396194 0.9694464333533281 4.9999999999999945e-08
p 0.9997102262572163 0.024072048453455293 1e-08 0.9997102262572163 0.024072048453455293 1e-08
p 0.9940002497393033 0.10937780176161045 1.9999999999999997e-08 0.9940002497393033 0.10937780176161045 1.9999999999999997e-08
p 0.8210782868929739 0.5708155978885815 -1.9999999999999997e-08 1.6421565737859478 1.141631195777163 -3.9999999999999994e-08
p 0.5450573183810392 0.8383987832047876 -4.9999999999999945e-08 0.5450573183810392 0.8383987832047876 -4.9999999999999945e-08
p 0.8800071228834592 0.4749604864347943 -1e-08 0.8800071228834592 0.4749604864347943 -1e-08
p 0.9756745251327639 0.2192241341799649 -1.9999999999999997e-08 0.48783726256638194 0.10961206708998245 -9.999999999999999e-09
case 1 6 40
s 0.9989876708478262 0.044984814037659505 1.7999999999999709e-07 0.9987502603949663 0.04997916927067833 0.0 -1.7992575894757457e-06 3.595515916389562e-05 0.9999999993519947 1.0 1.0 0.9989876708478262 0.044984814037659505 1.7999999999999709e-07 0.9987502603949663 0.04997916927067833 0.0 1.0 0.0
s 0.9987502603949663 0.04997916927067833 0.0 0.8775825618903728 0.479425538604203 0.0 0.0 0.0 1.0 1.0 1.0 0.9987502603949663 0.04997916927067833 0.0 0.8775825618903728 0.479425538604203 0.0 1.0 1.0
s 0.8775825618903728 0.479425538604203 0.0 -0.39859637855648306 0.8709489764975944 -0.2873478855663454 -0.13807921244038343 0.25275230299584717 0.9576274872945841 1.0 1.0 0.8775825618903728 0.479425538604203 0.0 -0.39859637855648306 0.8709489764975944 -0.2873478855663454 1.0 2.0
s -0.39859637855648306 0.8709489764975944 -0.2873478855663454 -0.8969628300582488 -0.3359893958958339 0.2873478855663454 0.1537435140353627 0.3723343456140114 0.9152759512672909 1.0 1.0 -0.39859637855648306 0.8709489764975944 -0.2873478855663454 -0.8969628300582488 -0.3359893958958339 0.2873478855663454 1.0 3.0
s -0.8969628300582488 -0.3359893958958339 0.2873478855663454 0.2805238471386536 -0.9483150748622418 -0.14834045293024462 0.3224329819611792 -0.05246353097466939 0.9451373180979005 1.0 1.0 -0.8969628300582488 -0.3359893958958339 0.2873478855663454 0.2805238471386536 -0.9483150748622418 -0.14834045293024462 1.0 4.0
s 0.2805238471386536 -0.9483150748622418 -0.14834045293024462 0.9989876708478262 0.044984814037659505 1.7999999999999709e-07 0.006869587286869805 -0.15255839195768653 0.9882705832988216 1.0 1.0 0.2805238471386536 -0.9483150748622418 -0.14834045293024462 0.9989876708478262 0.044984814037659505 1.7999999999999709e-07 1.0 5.0
p 0.9815423431263532 -0.19124494411363718 9.999999999995e-07 0.9815423431263532 -0.19124494411363718 9.999999999995e-07
p 0.5572950706462768 0.8303145212703206 -9.999999999995002e-07 1.1145901412925536 1.6606290425406411 -1.9999999999990004e-06
p 0.3174906314981768 0.9482614085313653 -9.999999999995e-07 0.1587453157490884 0.47413070426568266 -4.9999999999975e-07
p 0.8252337265808827 0.5647913743263339 -1e-08 1.6504674531617654 1.1295827486526677 -2e-08
p 0.7588332649658124 0.6512849422344449 -2.9999999999999984e-08 0.3794166324829062 0.32564247111722244 -1.4999999999999992e-08
p 0.4987436738363642 0.8667495300305653 1.9999999999999997e-08 0.2493718369181821 0.43337476501528266 9.999999999999999e-09
p 0.9897341260205357 0.14292081650468663 -1e-08 0.9897341260205357 0.14292081650468663 -1e-08
p 0.4870666143319685 0.8733648225130155 -4.9999999999999945e-08 0.24353330716598426 0.43668241125650775 -2.4999999999999972e-08
p 0.8859808282843956 -0.4637218691333161 1e-08 1.7719616565687912 -0.9274437382666322 2e-08
p 0.892566885412716 0.4509150197804942 9.999999999995e-07 0.892566885412716 0.4509150197804942 9.999999999995e-07
p 0.9968697209167638 -0.07906174498032083 1e-08 1.9937394418335277 -0.15812348996064166 2e-08
p 0.6092187177337486 0.79300224083091 4.999999999999993e-08 0.6092187177337486 0.79300224083091 4.999999999999993e-08
p 0.9608592240417502 -0.27703709421824013 -9.999999999995002e-07 0.9608592240417502 -0.27703709421824013 -9.999999999995002e-07
p 0.8479844411301988 0.5300211199575962 -1e-08 1.6959688822603975 1.0600422399151923 -2e-08
p 0.2380825579654758 0.9712449204977162 2.9999999999999984e-08 0.1190412789827379 0.4856224602488581 1.4999999999999992e-08
p 0.9969432600483192 -0.07812897186209777 2.9999999999999984e-08 0.9969432600483192 -0.07812897186209777 2.9999999999999984e-08
p 0.9205130028502759 0.39071192915441794 2.9999999999999984e-08 0.9205130028502759 0.39071192915441794 2.9999999999999984e-08
p 0.11296101180580176 0.993599421201426 -2.9999999999999984e-08 0.22592202361160352 1.987198842402852 -5.999999999999997e-08
p 0.9999736819729145 -0.007255023124181737 9.999999999995e-07 0.49998684098645724 -0.0036275115620908686 4.9999999999975e-07
p 0.9757522697047293 -0.21887783845348333 2e-08 0.9757522697047293 -0.21887783845348333 2e-08
p 0.4588072388730124 0.8885358279538945 -9.99999999999995e-08 0.4588072388730124 0.8885358279538945 -9.99999999999995e-08
p 0.9776985801152371 0.21001306254766425 -1e-08 0.48884929005761857 0.10500653127383212 -5e-09
p 0.2466429934684102 0.9691064099328474 -9.99999999999995e-08 0.1233214967342051 0.4845532049664237 -4.999999999999975e-08
p 0.753182318487424 0.6578118234859485 -1e-08 0.376591159243712 0.32890591174297423 -5e-09
p 0.9380429139099902 0.34651910721236234 4.9999999999999945e-08 0.4690214569549951 0.17325955360618117 2.4999999999999972e-08
p 0.9767872688562361 0.21421165094449285 -9.99999999999995e-08 0.48839363442811806 0.10710582547224642 -4.999999999999975e-08
p 0.7657168415132337 0.6431778281494138 1.9999999999999997e-08 0.7657168415132337 0.6431778281494138 1.9999999999999997e-08
p 0.9647583642054989 0.2631374140929585 2.9999999999999984e-08 0.9647583642054989 0.2631374140929585 2.9999999999999984e-08
p 0.18650307065643285 0.9824543778902518 1e-08 0.18650307065643285 0.9824543778902518 1e-08
p 0.8897503746133097 -0.4564474459063989 9.999999999995e-07 0.4448751873066549 -0.22822372295319945 4.9999999999975e-07
p 0.9328967019582901 0.36014405933646226 1e-08 0.46644835097914505 0.18007202966823113 5e-09
p 0.4088748886742311 0.9125904477977103 -9.99999999999995e-08 0.20443744433711555 0.45629522389885513 -4.999999999999975e-08
p 0.9670734923596892 -0.25449726987776056 1.9999999999999997e-08 0.4835367461798446 -0.12724863493888028 9.999999999999999e-09
p 0.48676525218916245 0.8735328209410458 -1e-08 0.48676525218916245 0.8735328209410458 -1e-08
p 0.3682935233083555 0.9297095679238264 -9.99999999999995e-08 0.736587046616711 1.8594191358476528 -1.99999999999999e-07
p 0.9994828704281452 0.032155741644584186 -4.9999999999999945e-08 0.4997414352140726 0.016077870822292093 -2.4999999999999972e-08
p 0.997952104302357 -0.06396559636630182 2.9999999999999984e-08 0.4989760521511785 -0.03198279818315091 1.4999999999999992e-08
p 0.8879456474031685 -0.4599483962987228 -2.9999999999999984e-08 0.8879456474031685 -0.4599483962987228 -2.9999999999999984e-08
p 0.9487103457663159 0.3161466112991809 4.9999999999999945e-08 0.4743551728831579 0.15807330564959046 2.4999999999999972e-08
p 0.15208067024636132 0.9883680841353629 -9.99999999999995e-08 0.07604033512318066 0.49418404206768146 -4.999999999999975e-08
case 2 6 40
s 0.9987502603949663 0.04997916927067833 0.0 0.9989876708478425 0.044984814037660234 -3e-09 -2.998762651068916e-08 5.992526531198045e-07 -0.9999999999998199 1.0 1.0 0.09987502603949663 0.004997916927067834 0.0 0.09989876708478425 0.004498481403766024 -3e-10 0.1 0.0
s 0.8775825618903728 0.479425538604203 0.0 0.9987502603949663 0.04997916927067833 0.0 0.0 0.0 -1.0 1.0 1.0 0.4387912809451864 0.2397127693021015 0.0 0.09987502603949663 0.004997916927067834 0.0 0.1 1.0
s -0.39859637855648306 0.8709489764975944 -0.2873478855663454 0.8775825618903728 0.479425538604203 0.0 0.13807921244038343 -0.25275230299584717 -0.9576274872945841 1.0 1.0 -0.19929818927824153 0.4354744882487972 -0.1436739427831727 0.4387912809451864 0.2397127693021015 0.0 0.5 2.0
s -0.8969628300582488 -0.3359893958958339 0.2873478855663454 -0.39859637855648306 0.8709489764975944 -0.2873478855663454 -0.1537435140353627 -0.3723343456140114 -0.9152759512672909 1.0 1.0 -0.4484814150291244 -0.16799469794791694 0.1436739427831727 -0.19929818927824153 0.4354744882487972 -0.1436739427831727 0.5 3.0
s 0.2805238471386536 -0.9483150748622418 -0.14834045293024462 -0.8969628300582488 -0.3359893958958339 0.2873478855663454 -0.3224329819611792 0.05246353097466939 -0.9451373180979005 1.0 1.0 0.1402619235693268 -0.4741575374311209 -0.07417022646512231 -0.4484814150291244 -0.16799469794791694 0.1436739427831727 0.5 4.0
s 0.9989876708478425 0.044984814037660234 -3e-09 0.2805238471386536 -0.9483150748622418 -0.14834045293024462 -0.0068697659907985325 0.15255834015142075 -0.9882705900538957 1.0 1.0 0.09989876708478425 0.004498481403766024 -3e-10 0.1402619235693268 -0.4741575374311209 -0.07417022646512231 0.1 5.0
p 0.9894517461746795 0.14486283854694124 -1.9999999999999997e-08 0.49472587308733973 0.07243141927347062 -9.999999999999999e-09
p 0.341812159716378 0.9397682945652217 -1e-08 0.170906079858189 0.46988414728261085 -5e-09
p 0.645420906390161 0.7638271097529225 -9.999999999995e-07 0.3227104531950805 0.3819135548764612 -4.9999999999975e-07
p 0.9492338586411075 0.31457126634407184 2.9999999999999984e-08 0.9492338586411075 0.31457126634407184 2.9999999999999984e-08
p 0.9942067096680275 -0.10748496848892262 -9.99999999999995e-08 0.49710335483401374 -0.05374248424446131 -4.999999999999975e-08
p 0.9796471810234603 0.20072717980576982 9.99999999999995e-08 0.48982359051173013 0.10036358990288491 4.999999999999975e-08
p 0.9992904336201852 -0.03766469534168289 -1.9999999999999997e-08 0.4996452168100926 -0.018832347670841444 -9.999999999999999e-09
p 0.9980203083022099 0.06289248139771528 1e-08 0.49901015415110495 0.03144624069885764 5e-09
p 0.671694650357522 0.7408281154769204 -2.9999999999999984e-08 0.671694650357522 0.7408281154769204 -2.9999999999999984e-08
p 0.8848836107006728 0.4658121890991473 1.9999999999999997e-08 1.7697672214013456 0.9316243781982946 3.9999999999999994e-08
p 0.4237033580774361 0.9058010070395723 2.999999999999999e-08 0.8474067161548722 1.8116020140791447 5.999999999999998e-08
p 0.07734032348692126 0.9970047514244543 1.9999999999999997e-08 0.03867016174346063 0.49850237571222716 9.999999999999999e-09
p 0.002514994741030064 0.9999968373957249 -2.9999999999999984e-08 0.001257497370515032 0.49999841869786243 -1.4999999999999992e-08
p 0.5490406242203082 0.83579566459498 -9.999999999999948e-08 0.2745203121101541 0.41789783229749 -4.999999999999974e-08
p 0.19269006370876768 0.9812596696837746 1.9999999999999997e-08 0.19269006370876768 0.9812596696837746 1.9999999999999997e-08
p 0.339733622893042 0.940521698567321 9.99999999999995e-08 0.169866811446521 0.4702608492836605 4.999999999999975e-08
p 0.9918516469563639 0.12739823558408767 9.99999999999995e-08 0.4959258234781819 0.06369911779204383 4.999999999999975e-08
p 0.5393499628204179 0.8420817167024909 9.999999999995002e-07 0.5393499628204179 0.8420817167024909 9.999999999995002e-07
p 0.4236451049782676 0.9058282536038236 -9.999999999995002e-07 0.4236451049782676 0.9058282536038236 -9.999999999995002e-07
p 0.7939809245792676 0.6079426711493786 -9.99999999999995e-08 1.5879618491585352 1.2158853422987572 -1.99999999999999e-07
p 0.8995970670604828 0.43672086844593866 -4.9999999999999945e-08 0.4497985335302414 0.21836043422296933 -2.4999999999999972e-08
p 0.9991292173628668 0.04172297942220004 -1e-08 1.9982584347257335 0.08344595884440008 -2e-08
p 0.8959250683631174 -0.44420521369919086 -9.999999999995002e-07 1.7918501367262347 -0.8884104273983817 -1.9999999999990004e-06
p 0.9781135211786723 -0.2080719579555554 1.9999999999999997e-08 0.9781135211786723 -0.2080719579555554 1.9999999999999997e-08
p 0.006040449903094908 0.9999817563160677 -2.9999999999999984e-08 0.012080899806189815 1.9999635126321353 -5.999999999999997e-08
p 0.9419943760631306 0.33562865709802475 9.99999999999995e-08 0.4709971880315653 0.16781432854901238 4.999999999999975e-08
p 0.8675243414535216 0.4973947295515235 -1.9999999999999997e-08 1.7350486829070433 0.994789459103047 -3.9999999999999994e-08
p 0.19418064135353197 0.9809657886611177 4.9999999999999945e-08 0.09709032067676598 0.49048289433055886 2.4999999999999972e-08
p 0.9876588170815405 0.15662075545754542 -9.999999999995e-07 0.49382940854077023 0.07831037772877271 -4.9999999999975e-07
p 0.5428437404271277 0.8398337177555355 -2.9999999999999984e-08 1.0856874808542554 1.679667435511071 -5.999999999999997e-08
p 0.999235116998647 -0.03910474340409671 -1e-08 0.4996175584993235 -0.019552371702048356 -5e-09
p 0.8395038845294918 0.5433536857884497 -1.9999999999999997e-08 0.8395038845294918 0.5433536857884497 -1.9999999999999997e-08
p 0.5781232262963476 0.8159494685436668 -9.99999999999995e-08 0.2890616131481738 0.4079747342718334 -4.999999999999975e-08
p 0.563075577454026 0.8264054053996834 -9.999999999995e-07 1.126151154908052 1.6528108107993669 -1.999999999999e-06
p 0.9487447201069078 -0.3160434401617367 -1e-08 0.4743723600534539 -0.15802172008086834 -5e-09
p 0.9850962501985395 -0.17200400531608018 4.9999999999999945e-08 1.970192500397079 -0.34400801063216035 9.999999999999989e-08
p 0.5308821798576215 0.8474456390292063 -1e-08 1.061764359715243 1.6948912780584127 -2e-08
p 0.9471465682343543 0.32080115068510273 -9.999999999995002e-07 0.9471465682343543 0.32080115068510273 -9.999999999995002e-07
p 0.8355752982101202 0.5493759377885676 1.9999999999999997e-08 1.6711505964202404 1.0987518755771353 3.9999999999999994e-08
p 0.010231926141349691 0.9999476524735867 2.9999999999999984e-08 0.010231926141349691 0.9999476524735867 2.9999999999999984e-08
case 3 6 40
s 0.9987502603949663 0.04997916927067833 0.0 0.955336489125606 -0.29552020666133955 1e-09 1.4575528972191382e-10 -2.91267613463735e-09 -1.0 1.0 1.0 0.009987502603949663 0.0004997916927067833 0.0 0.00955336489125606 -0.0029552020666133954 1.0000000000000001e-11 0.01 0.0
s 0.8775825618903728 0.479425538604203 0.0 0.9987502603949663 0.04997916927067833 0.0 0.0 0.0 -1.0 1.0 1.0 0.4387912809451864 0.2397127693021015 0.0 0.009987502603949663 0.0004997916927067833 0.0 0.01 1.0
s -0.39859637855648306 0.8709489764975944 -0.2873478855663454 0.8775825618903728 0.479425538604203 0.0 0.13807921244038343 -0.25275230299584717 -0.9576274872945841 1.0 1.0 -0.19929818927824153 0.4354744882487972 -0.1436739427831727 0.4387912809451864 0.2397127693021015 0.0 0.5 2.0
s -0.8969628300582488 -0.3359893958958339 0.2873478855663454 -0.39859637855648306 0.8709489764975944 -0.2873478855663454 -0.1537435140353627 -0.3723343456140114 -0.9152759512672909 1.0 1.0 -0.4484814150291244 -0.16799469794791694 0.1436739427831727 -0.19929818927824153 0.4354744882487972 -0.1436739427831727 0.5 3.0
s 0.2805238471386536 -0.9483150748622418 -0.14834045293024462 -0.8969628300582488 -0.3359893958958339 0.2873478855663454 -0.3224329819611792 0.05246353097466939 -0.9451373180979005 1.0 1.0 0.1402619235693268 -0.4741575374311209 -0.07417022646512231 -0.4484814150291244 -0.16799469794791694 0.1436739427831727 0.5 4.0
s 0.955336489125606 -0.29552020666133955 1e-09 0.2805238471386536 -0.9483150748622418 -0.14834045293024462 0.052417231673455245 0.1694506567188644 -0.9841437439526998 1.0 1.0 0.00955336489125606 -0.0029552020666133954 1.0000000000000001e-11 0.1402619235693268 -0.4741575374311209 -0.07417022646512231 0.01 5.0
p 0.9544629483935816 0.2983294825253262 -4.9999999999999945e-08 0.4772314741967908 0.1491647412626631 -2.4999999999999972e-08
p 0.158942628043666 0.9872878207445742 4.9999999999999945e-08 0.317885256087332 1.9745756414891484 9.999999999999989e-08
p 0.1614288594709213 0.9868843515477979 2e-08 0.1614288594709213 0.9868843515477979 2e-08
p 0.7238528234881019 0.6899544114854985 4.9999999999999945e-08 1.4477056469762037 1.379908822970997 9.999999999999989e-08
p 0.9927488262140384 0.12020718801572945 -2e-08 1.9854976524280767 0.2404143760314589 -4e-08
p 0.7809033427390031 0.624651878488371 -1.9999999999999997e-08 1.5618066854780062 1.249303756976742 -3.9999999999999994e-08
p 0.8978972036057443 -0.4402051927862556 9.999999999995e-07 0.8978972036057443 -0.4402051927862556 9.999999999995e-07
p 0.9978143545279221 -0.06607960273810068 2.9999999999999984e-08 1.9956287090558442 -0.13215920547620136 5.999999999999997e-08
p 0.9968763242548456 -0.07897844098326423 -2.9999999999999984e-08 1.9937526485096912 -0.15795688196652846 -5.999999999999997e-08
p 0.9058421975818388 0.4236152890065523 -2e-08 0.9058421975818388 0.4236152890065523 -2e-08
p 0.9279471289437009 0.3727118536955089 1e-08 1.8558942578874018 0.7454237073910178 2e-08
p 0.22314879928783266 0.9747843932769944 -1.9999999999999997e-08 0.11157439964391633 0.4873921966384972 -9.999999999999999e-09
p 0.1715068086626117 0.9851829345773131 1e-08 0.3430136173252234 1.9703658691546262 2e-08
p 0.48077586269110717 0.8768435264365084 -9.99999999999995e-08 0.9615517253822143 1.7536870528730168 -1.99999999999999e-07
p 0.4551658256350626 0.8904066886389341 9.999999999995e-07 0.2275829128175313 0.44520334431946706 4.9999999999975e-07
p 0.8521165169813046 0.5233521199800765 -9.99999999999995e-08 0.8521165169813046 0.5233521199800765 -9.99999999999995e-08
p 0.8491786678509333 0.5281056618394784 -2.9999999999999984e-08 0.42458933392546666 0.2640528309197392 -1.4999999999999992e-08
p 0.9713835108122071 -0.23751647294693198 -9.999999999995e-07 0.9713835108122071 -0.23751647294693198 -9.999999999995e-07
p 0.9902050676124854 0.1396206434398261 -4.9999999999999945e-08 1.9804101352249708 0.2792412868796522 -9.999999999999989e-08
p 0.5936840047260188 0.804698268006384 4.9999999999999945e-08 1.1873680094520376 1.609396536012768 9.999999999999989e-08
p 0.14289951044135996 0.9897372024510432 4.9999999999999945e-08 0.2857990208827199 1.9794744049020865 9.999999999999989e-08
p 0.8814554404938537 -0.47226719812388557 2.9999999999999984e-08 0.8814554404938537 -0.47226719812388557 2.9999999999999984e-08
p 0.7236306611527981 0.6901874138518861 -9.99999999999995e-08 1.4472613223055961 1.3803748277037722 -1.99999999999999e-07
p 0.5441077319837971 0.8390153610008863 2.9999999999999984e-08 0.5441077319837971 0.8390153610008863 2.9999999999999984e-08
p 0.6952197239928317 0.7187972839203839 9.99999999999995e-08 0.6952197239928317 0.7187972839203839 9.99999999999995e-08
p 0.8225018324958248 0.5687624596789159 -9.999999999995002e-07 1.6450036649916495 1.1375249193578318 -1.9999999999990004e-06
p 0.9232557571309498 0.38418590151716153 -4.999999999999993e-08 1.8465115142618995 0.7683718030343231 -9.999999999999986e-08
p 0.7469729920261261 0.6648543819382835 9.999999999995e-07 0.7469729920261261 0.6648543819382835 9.999999999995e-07
p -0.0032339593496952448 0.9999947707397895 -1.9999999999999997e-08 -0.0064679186993904896 1.999989541479579 -3.9999999999999994e-08
p 0.8976582414809697 -0.440692275290018 9.999999999995e-07 1.7953164829619395 -0.881384550580036 1.999999999999e-06
p 0.4215881837850319 0.9067874079919923 -4.9999999999999945e-08 0.21079409189251594 0.45339370399599616 -2.4999999999999972e-08
p 0.44309375903128834 0.8964752761272965 9.999999999999948e-08 0.44309375903128834 0.8964752761272965 9.999999999999948e-08
p 0.15360011358454037 0.9881330907857587 -9.999999999995002e-07 0.30720022716908074 1.9762661815715175 -1.9999999999990004e-06
p 0.8003496145074568 0.5995335641628122 -1.9999999999999997e-08 0.8003496145074568 0.5995335641628122 -1.9999999999999997e-08
p 0.8690386473287085 0.49474420607934994 4.9999999999999945e-08 0.8690386473287085 0.49474420607934994 4.9999999999999945e-08
p 0.8410419299774878 0.5409699363354145 -9.999999999995e-07 0.4205209649887439 0.27048496816770723 -4.9999999999975e-07
p 0.9699253597768124 0.24340253996378278 -9.999999999995e-07 0.4849626798884062 0.12170126998189139 -4.9999999999975e-07
p 0.9879638415640184 -0.15468499526801904 9.999999999995e-07 1.9759276831280368 -0.3093699905360381 1.999999999999e-06
p 0.9539706600557973 -0.2998999495693627 -9.999999999995e-07 1.9079413201115947 -0.5997998991387254 -1.999999999999e-06
p 0.9903208057414691 0.13879734044843095 9.99999999999995e-08 0.49516040287073454 0.06939867022421548 4.999999999999975e-08
case 4 6 40
s 0.9989876708478425 0.044984814037660234 1e-08 0.9987502603949663 0.04997916927067833 0.0 -9.995875503544861e-08 1.9975088437290463e-06 0.999999999998 1.0 1.0 0.009989876708478425 0.00044984814037660236 1e-10 0.009987502603949663 0.0004997916927067833 0.0 0.01 0.0
s 0.9987502603949663 0.04997916927067833 0.0 0.8775825618903728 0.479425538604203 0.0 0.0 0.0 1.0 1.0 1.0 0.009987502603949663 0.0004997916927067833 0.0 1.7551651237807455 0.958851077208406 0.0 0.01 1.0
s 0.8775825618903728 0.479425538604203 0.0 -0.4161468365471424 0.9092974268256817 0.0 0.0 -0.0 1.0 1.0 1.0 1.7551651237807455 0.958851077208406 0.0 -0.8322936730942848 1.8185948536513634 0.0 2.0 2.0
s -0.4161468365471424 0.9092974268256817 0.0 -0.9364566872907963 -0.35078322768961984 -0.0 0.0 -0.0 1.0 1.0 1.0 -0.8322936730942848 1.8185948536513634 0.0 -1.8729133745815927 -0.7015664553792397 -0.0 2.0 3.0
s -0.9364566872907963 -0.35078322768961984 -0.0 0.2836621854632263 -0.9589242746631386 0.0 -0.0 0.0 1.0 1.0 1.0 -1.8729133745815927 -0.7015664553792397 -0.0 0.5673243709264526 -1.9178485493262771 0.0 2.0 4.0
s 0.2836621854632263 -0.9589242746631386 0.0 0.9989876708478425 0.044984814037660234 1e-08 -9.878545653590781e-09 -2.9222013910120206e-09 1.0 1.0 1.0 0.5673243709264526 -1.9178485493262771 0.0 0.009989876708478425 0.00044984814037660236 1e-10 0.01 5.0
p 0.7831586580190948 0.6218219330079396 1e-08 0.7831586580190948 0.6218219330079396 1e-08
p 0.6437247125488235 0.7652571426997167 -9.999999999995e-07 0.6437247125488235 0.7652571426997167 -9.999999999995e-07
p 0.7107030185864703 0.7034921601354766 -1.9999999999999997e-08 1.4214060371729407 1.406984320270953 -3.9999999999999994e-08
p 0.9429536405898586 0.33292406296080423 -4.9999999999999945e-08 1.8859072811797173 0.6658481259216085 -9.999999999999989e-08
p 0.9815765351190016 0.19106937406024802 -1.9999999999999997e-08 1.9631530702380031 0.38213874812049603 -3.9999999999999994e-08
p 0.5536547582778699 0.8327463050865334 9.999999999995002e-07 1.1073095165557398 1.6654926101730667 1.9999999999990004e-06
p 0.9409208950809952 0.3386264449212085 4.999999999999993e-08 0.9409208950809952 0.3386264449212085 4.999999999999993e-08
p 0.9948828226877822 -0.1010354844586359 9.999999999995002e-07 1.9897656453755643 -0.2020709689172718 1.9999999999990004e-06
p 0.9083349174236593 0.41824356275734104 9.999999999995e-07 1.8166698348473187 0.8364871255146821 1.999999999999e-06
p 0.08519383868042982 0.9963643961176505 4.999999999999993e-08 0.04259691934021491 0.49818219805882524 2.4999999999999966e-08
p 0.4223383864057861 0.9064382424452075 -9.999999999995e-07 0.4223383864057861 0.9064382424452075 -9.999999999995e-07
p 0.9886962477723582 0.14993241691127837 4.9999999999999945e-08 0.4943481238861791 0.07496620845563919 2.4999999999999972e-08
p 0.5334415907760512 0.8458369046271956 -9.999999999995e-07 0.2667207953880256 0.4229184523135978 -4.9999999999975e-07
p 0.9619920608248625 -0.2730774155984556 -4.9999999999999945e-08 0.9619920608248625 -0.2730774155984556 -4.9999999999999945e-08
p 0.12043003683129934 0.9927218171415452 1.9999999999999997e-08 0.06021501841564967 0.4963609085707726 9.999999999999999e-09
p 0.3624478149312106 0.9320040672934807 1e-08 0.7248956298624212 1.8640081345869615 2e-08
p 0.910170111842605 -0.4142346768528923 -9.999999999995002e-07 0.910170111842605 -0.4142346768528923 -9.999999999995002e-07
p 0.6277454207759251 0.7784187091115269 2.9999999999999984e-08 1.2554908415518502 1.5568374182230538 5.999999999999997e-08
p 0.5779861838920265 0.8160465496709931 1e-08 0.5779861838920265 0.8160465496709931 1e-08
p 0.9999475501547015 -0.010241920699187971 -4.9999999999999945e-08 0.49997377507735075 -0.005120960349593986 -2.4999999999999972e-08
p 0.026572920954460184 0.999646877588255 -1.9999999999999997e-08 0.026572920954460184 0.999646877588255 -1.9999999999999997e-08
p 0.7968451167422995 0.60418363096326 4.9999999999999945e-08 0.7968451167422995 0.60418363096326 4.9999999999999945e-08
p 0.5391543543173273 0.8422069711304135 -2.9999999999999984e-08 1.0783087086346546 1.684413942260827 -5.999999999999997e-08
p 0.9645630141125344 -0.2638525948444365 1.9999999999999997e-08 0.4822815070562672 -0.13192629742221826 9.999999999999999e-09
p 0.8926367990531577 -0.4507766020726148 -1e-08 0.8926367990531577 -0.4507766020726148 -1e-08
p 0.20283645982892856 0.9792126278618233 -9.99999999999995e-08 0.10141822991446428 0.48960631393091164 -4.999999999999975e-08
p 0.9428046626483203 0.33334571856795636 9.999999999995002e-07 0.47140233132416015 0.16667285928397818 4.999999999997501e-07
p 0.8924182332832558 -0.45120914984471683 1.9999999999999997e-08 1.7848364665665115 -0.9024182996894337 3.9999999999999994e-08
p 0.9562395955935007 0.2925847498062362 1.9999999999999997e-08 0.9562395955935007 0.2925847498062362 1.9999999999999997e-08
p 0.6451909724727269 0.7640213406965122 2.9999999999999984e-08 0.32259548623636347 0.3820106703482561 1.4999999999999992e-08
p 0.8094043194198473 0.5872517753949187 9.99999999999995e-08 0.4047021597099236 0.29362588769745934 4.999999999999975e-08
p 0.11047108463554489 0.9938793384810081 -1e-08 0.055235542317772446 0.49693966924050403 -5e-09
p 0.9949272955497175 -0.10059660317387911 4.9999999999999945e-08 1.989854591099435 -0.20119320634775822 9.999999999999989e-08
p 0.9962639118423883 0.086360974754237 -2e-08 0.9962639118423883 0.086360974754237 -2e-08
p 0.9815117081803089 0.19140210736815663 -2.9999999999999984e-08 1.9630234163606177 0.38280421473631326 -5.999999999999997e-08
p 0.6713425947172381 0.7411471652231598 1.9999999999999997e-08 1.3426851894344762 1.4822943304463196 3.9999999999999994e-08
p 0.10674396915838741 0.9942865407156546 9.999999999999948e-08 0.10674396915838741 0.9942865407156546 9.999999999999948e-08
p 0.9211407543525911 0.3892296374503613 9.999999999995002e-07 0.9211407543525911 0.3892296374503613 9.999999999995002e-07
p 0.7969639673070976 0.6040268494149259 9.99999999999995e-08 1.5939279346141952 1.2080536988298518 1.99999999999999e-07
p 0.2207421655348626 0.9753321979484614 4.999999999999993e-08 0.4414843310697252 1.9506643958969228 9.999999999999986e-08
case 5 6 40
s 0.9989876708478262 0.044984814037659505 1.7999999999999709e-07 0.9987502603949663 0.04997916927067833 0.0 -1.7992575894757457e-06 3.595515916389562e-05 0.9999999993519947 1.0 1.0 0.09989876708478262 0.004498481403765951 1.799999999999971e-08 0.09987502603949663 0.004997916927067834 0.0 0.1 0.0
s 0.9987502603949663 0.04997916927067833 0.0 0.8775825618903728 0.479425538604203 0.0 0.0 0.0 1.0 1.0 1.0 0.09987502603949663 0.004997916927067834 0.0 0.8775825618903728 0.479425538604203 0.0 0.1 1.0
s 0.8775825618903728 0.479425538604203 0.0 -0.39859637855648306 0.8709489764975944 0.2873478855663454 0.13807921244038343 -0.25275230299584717 0.9576274872945841 1.0 1.0 0.8775825618903728 0.479425538604203 0.0 -0.39859637855648306 0.8709489764975944 0.2873478855663454 1.0 2.0
s -0.39859637855648306 0.8709489764975944 0.2873478855663454 -0.8969628300582488 -0.3359893958958339 -0.2873478855663454 -0.1537435140353627 -0.3723343456140114 0.9152759512672909 1.0 1.0 -0.39859637855648306 0.8709489764975944 0.2873478855663454 -0.8969628300582488 -0.3359893958958339 -0.2873478855663454 1.0 3.0
s -0.8969628300582488 -0.3359893958958339 -0.2873478855663454 0.2805238471386536 -0.9483150748622418 0.14834045293024462 -0.3224329819611792 0.05246353097466939 0.9451373180979005 1.0 1.0 -0.8969628300582488 -0.3359893958958339 -0.2873478855663454 0.2805238471386536 -0.9483150748622418 0.14834045293024462 1.0 4.0
s 0.2805238471386536 -0.9483150748622418 0.14834045293024462 0.9989876708478262 0.044984814037659505 1.7999999999999709e-07 -0.006869938835584152 0.1525582900437153 0.9882705965874594 1.0 1.0 0.2805238471386536 -0.9483150748622418 0.14834045293024462 0.09989876708478262 0.004498481403765951 1.799999999999971e-08 0.1 5.0
p 0.14116370965273561 0.9899862661052808 4.9999999999999945e-08 0.07058185482636781 0.4949931330526404 2.4999999999999972e-08
p 0.6689820671550517 0.7432785439019104 -9.99999999999995e-08 1.3379641343101034 1.4865570878038208 -1.99999999999999e-07
p 0.9617346382687455 0.27398263732230244 2.9999999999999984e-08 0.48086731913437275 0.13699131866115122 1.4999999999999992e-08
p 0.8161518126208329 0.5778375366447965 4.9999999999999945e-08 0.8161518126208329 0.5778375366447965 4.9999999999999945e-08
p 0.45079140453446753 0.8926293237384932 4.9999999999999945e-08 0.9015828090689351 1.7852586474769865 9.999999999999989e-08
p 0.8245046576939692 0.5658551664878131 -1e-08 0.8245046576939692 0.5658551664878131 -1e-08
p 0.9492823052602787 -0.3144250386335845 -1e-08 0.47464115263013934 -0.15721251931679225 -5e-09
p 0.5075365866881884 0.8616302067435323 2.9999999999999984e-08 0.5075365866881884 0.8616302067435323 2.9999999999999984e-08
p 0.3914388189672072 0.9202041355077459 -1e-08 0.1957194094836036 0.46010206775387297 -5e-09
p 0.9240919031710022 0.38217032131471784 1.9999999999999997e-08 0.9240919031710022 0.38217032131471784 1.9999999999999997e-08
p 0.1320319430107353 0.9912454620449971 -9.999999999999948e-08 0.2640638860214706 1.9824909240899942 -1.9999999999999896e-07
p 0.8725393602182001 0.48854382082881126 -1.9999999999999997e-08 1.7450787204364002 0.9770876416576225 -3.9999999999999994e-08
p -0.004067831741700572 0.9999917263377338 9.999999999995e-07 -0.004067831741700572 0.9999917263377338 9.999999999995e-07
p 0.48828311963822035 0.8726852783657846 -1.9999999999999997e-08 0.48828311963822035 0.8726852783657846 -1.9999999999999997e-08
p 0.8285613059080432 0.5598983500171777 -1e-08 0.8285613059080432 0.5598983500171777 -1e-08
p 0.9726004691523858 -0.2324829615360208 1e-08 0.9726004691523858 -0.2324829615360208 1e-08
p 0.35171647556022695 0.9361065755663146 -9.999999999995e-07 0.35171647556022695 0.9361065755663146 -9.999999999995e-07
p 0.9920128112285977 0.12613715692980226 -2.9999999999999984e-08 0.9920128112285977 0.12613715692980226 -2.9999999999999984e-08
p 0.4780643735102818 0.8783248002761916 9.99999999999995e-08 0.9561287470205636 1.7566496005523833 1.99999999999999e-07
p 0.9703587050909067 -0.24166916115693757 -2.9999999999999984e-08 0.9703587050909067 -0.24166916115693757 -2.9999999999999984e-08
p 0.7625627017285751 0.6469143111204246 -4.999999999999993e-08 0.7625627017285751 0.6469143111204246 -4.999999999999993e-08
p 0.8988322253126623 0.4382928595579518 -2.9999999999999984e-08 0.44941611265633113 0.2191464297789759 -1.4999999999999992e-08
p 0.13358819054464802 0.9910369293558171 1e-08 0.06679409527232401 0.49551846467790855 5e-09
p 0.8254515655794906 0.564472951417832 -9.99999999999995e-08 0.4127257827897453 0.282236475708916 -4.999999999999975e-08
p 0.5602373168016718 0.8283321488762 -9.999999999995e-07 0.5602373168016718 0.8283321488762 -9.999999999995e-07
p -0.00947252163084845 0.9999551346600272 -9.999999999995e-07 -0.00947252163084845 0.9999551346600272 -9.999999999995e-07
p 0.9894313072675447 0.14500237307998665 -9.99999999999995e-08 1.9788626145350894 0.2900047461599733 -1.99999999999999e-07
p 0.844139408665405 0.5361237345408429 1e-08 0.844139408665405 0.5361237345408429 1e-08
p 0.5871938520836292 0.8094463416899103 9.999999999999948e-08 0.2935969260418146 0.4047231708449551 4.999999999999974e-08
p 0.9936965767105918 -0.11210313748351887 4.9999999999999945e-08 0.4968482883552959 -0.056051568741759435 2.4999999999999972e-08
p 0.015743938688442975 0.9998760565157938 -9.999999999995002e-07 0.03148787737688595 1.9997521130315876 -1.9999999999990004e-06
p 0.9623080584823472 -0.2719617630843248 2.9999999999999984e-08 1.9246161169646945 -0.5439235261686496 5.999999999999997e-08
p 0.7651292283521375 0.6438767459073692 9.999999999995002e-07 0.38256461417606874 0.3219383729536846 4.999999999997501e-07
p 0.39213432591701125 0.9199079684607644 1.9999999999999997e-08 0.7842686518340225 1.8398159369215288 3.9999999999999994e-08
p 0.2579934681315488 0.9661466609172003 -1e-08 0.2579934681315488 0.9661466609172003 -1e-08
p 0.5473643496092773 0.8368944191335081 2.9999999999999984e-08 0.27368217480463863 0.4184472095667541 1.4999999999999992e-08
p 0.72761072202597 0.6859902602754986 -1.9999999999999997e-08 0.72761072202597 0.6859902602754986 -1.9999999999999997e-08
p 0.6068056728986314 0.7948502219525572 9.99999999999995e-08 0.6068056728986314 0.7948502219525572 9.99999999999995e-08
p 0.5197663875456479 0.8543084351554459 -2.9999999999999984e-08 0.25988319377282393 0.42715421757772293 -1.4999999999999992e-08
p 0.8857855929017533 -0.46409469228561484 -9.99999999999995e-08 1.7715711858035066 -0.9281893845712297 -1.99999999999999e-07
case 6 6 40
s 0.9987502603949663 0.04997916927067833 0.0 1.0 0.0 -1e-09 -9.999999999999999e-10 1.9983330554894014e-08 -0.9999999999999999 1.0 1.0 0.9987502603949663 0.04997916927067833 0.0 1.0 0.0 -1e-09 1.0 0.0
s 0.8775825618903728 0.479425538604203 0.0 0.9987502603949663 0.04997916927067833 0.0 0.0 0.0 -1.0 1.0 1.0 0.8775825618903728 0.479425538604203 0.0 0.9987502603949663 0.04997916927067833 0.0 1.0 1.0
s -0.4161468365471424 0.9092974268256817 0.0 0.8775825618903728 0.479425538604203 0.0 0.0 0.0 -1.0 1.0 1.0 -0.4161468365471424 0.9092974268256817 0.0 0.8775825618903728 0.479425538604203 0.0 1.0 2.0
s -0.9364566872907963 -0.35078322768961984 -0.0 -0.4161468365471424 0.9092974268256817 0.0 0.0 0.0 -1.0 1.0 1.0 -0.9364566872907963 -0.35078322768961984 -0.0 -0.4161468365471424 0.9092974268256817 0.0 1.0 3.0
s 0.2836621854632263 -0.9589242746631386 0.0 -0.9364566872907963 -0.35078322768961984 -0.0 0.0 0.0 -1.0 1.0 1.0 0.2836621854632263 -0.9589242746631386 0.0 -0.9364566872907963 -0.35078322768961984 -0.0 1.0 4.0
s 1.0 0.0 -1e-09 0.2836621854632263 -0.9589242746631386 0.0 -1e-09 -2.9581291553274556e-10 -1.0 1.0 1.0 1.0 0.0 -1e-09 0.2836621854632263 -0.9589242746631386 0.0 1.0 5.0
p 0.8948270379726392 0.44641300620962254 -1.9999999999999997e-08 1.7896540759452784 0.8928260124192451 -3.9999999999999994e-08
p 0.5802160458242266 0.8144626082074603 1e-08 0.5802160458242266 0.8144626082074603 1e-08
p 0.8385210583155578 0.544869190503883 -9.999999999995e-07 1.6770421166311156 1.089738381007766 -1.999999999999e-06
p 0.656519946979416 0.7543086630936536 -9.99999999999995e-08 1.313039893958832 1.5086173261873073 -1.99999999999999e-07
p 0.9344741857887717 0.3560308920506792 -9.99999999999995e-08 1.8689483715775435 0.7120617841013585 -1.99999999999999e-07
p 0.6800782171559372 0.7331395628050644 -2.9999999999999984e-08 0.6800782171559372 0.7331395628050644 -2.9999999999999984e-08
p 0.9747900312869094 -0.22312416925036122 4.9999999999999945e-08 1.9495800625738189 -0.44624833850072243 9.999999999999989e-08
p 0.43363883300304196 0.901086767471235 -1.9999999999999997e-08 0.8672776660060839 1.80217353494247 -3.9999999999999994e-08
p 0.887074435691576 -0.46162641339341687 4.9999999999999945e-08 0.887074435691576 -0.46162641339341687 4.9999999999999945e-08
p 0.9272398479031422 0.37446797521357783 2.9999999999999984e-08 0.4636199239515711 0.18723398760678892 1.4999999999999992e-08
p 0.12760381044210237 0.9918252202684987 -1e-08 0.12760381044210237 0.9918252202684987 -1e-08
p 0.889216905959936 0.4574858403874784 -2.9999999999999984e-08 0.889216905959936 0.4574858403874784 -2.9999999999999984e-08
p 0.9505595490637024 0.3105423379892196 -1e-08 0.9505595490637024 0.3105423379892196 -1e-08
p 0.9808261422440069 -0.19488478311745847 1.9999999999999997e-08 0.49041307112200344 -0.09744239155872923 9.999999999999999e-09
p 0.3534773098741062 0.9354430989665615 2.9999999999999984e-08 0.7069546197482124 1.870886197933123 5.999999999999997e-08
p 0.4076386121737802 0.9131433413572221 -4.9999999999999945e-08 0.8152772243475604 1.8262866827144442 -9.999999999999989e-08
p 0.9946712000074147 0.10309803041672205 -4.9999999999999945e-08 0.9946712000074147 0.10309803041672205 -4.9999999999999945e-08
p 0.9789800575402259 0.2039559926516837 4.9999999999999945e-08 1.9579601150804518 0.4079119853033674 9.999999999999989e-08
p 0.322710912885291 0.9464975788161003 -4.9999999999999945e-08 0.1613554564426455 0.47324878940805015 -2.4999999999999972e-08
p 0.9342402550615005 -0.356644284718853 2e-08 0.4671201275307503 -0.1783221423594265 1e-08
p 0.5119461743286964 0.8590175286862382 -1e-08 0.2559730871643482 0.4295087643431191 -5e-09
p 0.8739365504383588 0.4860400249031986 -1e-08 1.7478731008767177 0.9720800498063972 -2e-08
p 0.5239097158962582 0.8517738018919706 1e-08 0.5239097158962582 0.8517738018919706 1e-08
p 0.7074072789171553 0.7068061556997266 1e-08 1.4148145578343105 1.4136123113994532 2e-08
p 0.9264425972267931 0.37643606899933757 1e-08 1.8528851944535862 0.7528721379986751 2e-08
p 0.7894087348814214 0.613867941248695 4.999999999999993e-08 0.7894087348814214 0.613867941248695 4.999999999999993e-08
p 0.5917532657641155 0.8061191428427337 -1.9999999999999997e-08 1.183506531528231 1.6122382856854673 -3.9999999999999994e-08
p 0.26607268651265037 0.9639529685062134 2e-08 0.26607268651265037 0.9639529685062134 2e-08
p 0.9713273879985517 -0.2377458839263232 -4.9999999999999945e-08 1.9426547759971033 -0.4754917678526464 -9.999999999999989e-08
p 0.8438281917472714 0.5366134389041404 4.999999999999993e-08 1.6876563834945428 1.0732268778082807 9.999999999999986e-08
p 0.2741015558385472 0.9617007523584911 1e-08 0.2741015558385472 0.9617007523584911 1e-08
p 0.704813897672593 0.7093922537260806 9.999999999995002e-07 0.3524069488362965 0.3546961268630403 4.999999999997501e-07
p 0.8289550429570388 0.5593152391595384 -4.9999999999999945e-08 0.8289550429570388 0.5593152391595384 -4.9999999999999945e-08
p 0.6743657830978342 0.7383974475760564 9.99999999999995e-08 1.3487315661956685 1.4767948951521128 1.99999999999999e-07
p 0.978469097817414 0.20639337347980358 4.9999999999999945e-08 0.489234548908707 0.10319668673990179 2.4999999999999972e-08
p 0.46130582252636054 0.8872411949984502 -9.999999999995e-07 0.9226116450527211 1.7744823899969004 -1.999999999999e-06
p 0.9980897069565744 0.061781363430482114 -9.999999999999948e-08 0.9980897069565744 0.061781363430482114 -9.999999999999948e-08
p 0.4574277031922073 0.8892468140804902 1e-08 0.9148554063844146 1.7784936281609804 2e-08
p 0.9970687413589895 0.07651094695401704 9.999999999995e-07 0.9970687413589895 0.07651094695401704 9.999999999995e-07
p 0.9822877969755648 -0.18737845103664066 2.9999999999999984e-08 0.9822877969755648 -0.18737845103664066 2.9999999999999984e-08
case 7 6 40
s 0.9950041652780097 -0.09983341664682653 1.7999999999999709e-07 0.9987502603949663 0.04997916927067833 0.0 -6.020050116930438e-08 1.203006514436493e-06 0.9999999999992746 1.0 1.0 0.0009950041652780097 -9.983341664682653e-05 1.7999999999999708e-10 0.0009987502603949663 4.997916927067833e-05 0.0 0.001 0.0
s 0.9987502603949663 0.04997916927067833 0.0 0.8775825618903728 0.479425538604203 0.0 0.0 0.0 1.0 1.0 1.0 0.0009987502603949663 4.997916927067833e-05 0.0 0.4387912809451864 0.2397127693021015 0.0 0.001 1.0
s 0.8775825618903728 0.479425538604203 0.0 -0.4161468365471424 0.9092974268256817 0.0 0.0 -0.0 1.0 1.0 1.0 0.4387912809451864 0.2397127693021015 0.0 -0.2080734182735712 0.45464871341284085 0.0 0.5 2.0
s -0.4161468365471424 0.9092974268256817 0.0 -0.9364566872907963 -0.35078322768961984 -0.0 0.0 -0.0 1.0 1.0 1.0 -0.2080734182735712 0.45464871341284085 0.0 -0.46822834364539817 -0.17539161384480992 -0.0 0.5 3.0
s -0.9364566872907963 -0.35078322768961984 -0.0 0.2836621854632263 -0.9589242746631386 0.0 -0.0 0.0 1.0 1.0 1.0 -0.46822834364539817 -0.17539161384480992 -0.0 0.14183109273161315 -0.4794621373315693 0.0 0.5 4.0
s 0.2836621854632263 -0.9589242746631386 0.0 0.9950041652780097 -0.09983341664682653 1.7999999999999709e-07 -1.8643727814446146e-07 -5.5150554811902566e-08 0.999999999999981 1.0 1.0 0.14183109273161315 -0.4794621373315693 0.0 0.0009950041652780097 -9.983341664682653e-05 1.7999999999999708e-10 0.001 5.0
p 0.5732021296489834 0.8194140092565352 -2.9999999999999984e-08 0.2866010648244917 0.4097070046282676 -1.4999999999999992e-08
p 0.8538847243438847 0.5204621768506892 -9.99999999999995e-08 0.42694236217194237 0.2602310884253446 -4.999999999999975e-08
p 0.9778995081700264 0.20907546943821695 9.99999999999995e-08 1.9557990163400527 0.4181509388764339 1.99999999999999e-07
p 0.22114141583348668 0.9752417516709183 -9.999999999995002e-07 0.44228283166697335 1.9504835033418366 -1.9999999999990004e-06
p 0.9827151857100862 -0.18512391464848924 -9.99999999999995e-08 1.9654303714201724 -0.37024782929697847 -1.99999999999999e-07
p 0.5823129257570433 0.8129647326269892 9.999999999995e-07 0.5823129257570433 0.8129647326269892 9.999999999995e-07
p 0.691415297318358 0.7224575327548078 -4.9999999999999945e-08 0.345707648659179 0.3612287663774039 -2.4999999999999972e-08
p 0.9733547019024479 -0.2293046538655426 -1.9999999999999997e-08 0.48667735095122394 -0.1146523269327713 -9.999999999999999e-09
p 0.9507531203067697 -0.3099491962030732 9.99999999999995e-08 1.9015062406135395 -0.6198983924061464 1.99999999999999e-07
p 0.9904070284227339 -0.13818074413915307 1e-08 1.9808140568454677 -0.27636148827830614 2e-08
p 0.9967009636153833 -0.08116150028281012 -9.99999999999995e-08 0.9967009636153833 -0.08116150028281012 -9.99999999999995e-08
p 0.9823713881913204 0.18693971130569878 -1e-08 1.9647427763826408 0.37387942261139756 -2e-08
p 0.9992991895648671 -0.037431667528976184 9.999999999995e-07 0.9992991895648671 -0.037431667528976184 9.999999999995e-07
p 0.5982746519204422 0.8012911086923858 -2.9999999999999984e-08 1.1965493038408843 1.6025822173847717 -5.999999999999997e-08
p 0.5323626759923814 0.8465163797648739 4.999999999999993e-08 0.2661813379961907 0.42325818988243696 2.4999999999999966e-08
p 0.9814998780153525 0.19146276258282618 1.9999999999999997e-08 0.9814998780153525 0.19146276258282618 1.9999999999999997e-08
p 0.18268434995813945 0.9831716169013281 2e-08 0.18268434995813945 0.9831716169013281 2e-08
p 0.943581382001656 -0.3311407186361183 9.999999999995e-07 0.943581382001656 -0.3311407186361183 9.999999999995e-07
p 0.986296213441873 0.16498417909067029 2.9999999999999984e-08 0.986296213441873 0.16498417909067029 2.9999999999999984e-08
p 0.9070625090694523 -0.4209959674873731 -1.9999999999999997e-08 0.9070625090694523 -0.4209959674873731 -1.9999999999999997e-08
p 0.10979250793705139 0.9939545287385599 9.999999999995002e-07 0.054896253968525696 0.49697726436927997 4.999999999997501e-07
p 0.6000339434403289 0.7999745412945636 2.9999999999999984e-08 1.2000678868806578 1.5999490825891272 5.999999999999997e-08
p 0.20414761610523202 0.9789401160635673 -1e-08 0.40829523221046404 1.9578802321271347 -2e-08
p 0.5227338171120495 0.8524959568510964 -2e-08 0.5227338171120495 0.8524959568510964 -2e-08
p 0.9527151591373489 -0.30386481459669873 -9.99999999999995e-08 1.9054303182746979 -0.6077296291933975 -1.99999999999999e-07
p 0.928918766280752 0.3702835746444115 -4.9999999999999945e-08 0.464459383140376 0.18514178732220574 -2.4999999999999972e-08
p 0.6758110967196302 0.7370748683482573 9.99999999999995e-08 0.3379055483598151 0.36853743417412865 4.999999999999975e-08
p 0.7247037420008037 0.6890605824817093 1e-08 0.36235187100040184 0.34453029124085466 5e-09
p 0.9988264682493616 -0.048432285972321173 -4.9999999999999945e-08 1.9976529364987232 -0.09686457194464235 -9.999999999999989e-08
p 0.8969257032636416 -0.442181278238928 -9.99999999999995e-08 1.7938514065272833 -0.884362556477856 -1.99999999999999e-07
p 0.9987669844236968 0.049643839750713466 -1.9999999999999997e-08 1.9975339688473936 0.09928767950142693 -3.9999999999999994e-08
p 0.960468071084365 -0.2783901658239354 2.9999999999999984e-08 1.92093614216873 -0.5567803316478708 5.999999999999997e-08
p 0.018103456859922325 0.9998361189963684 2.9999999999999984e-08 0.03620691371984465 1.9996722379927367 5.999999999999997e-08
p 0.9892048755865418 0.14653912144821396 9.999999999995e-07 0.4946024377932709 0.07326956072410698 4.9999999999975e-07
p 0.9414565044027938 -0.337134469192431 9.999999999999948e-08 1.8829130088055877 -0.674268938384862 1.9999999999999896e-07
p 0.2227566840252334 0.974874073776753 -1.9999999999999997e-08 0.2227566840252334 0.974874073776753 -1.9999999999999997e-08
p 0.964648126524112 0.26354125292545716 2.9999999999999984e-08 0.482324063262056 0.13177062646272858 1.4999999999999992e-08
p 0.2837152401371567 0.9589085788092174 -4.9999999999999945e-08 0.2837152401371567 0.9589085788092174 -4.9999999999999945e-08
p 0.9682922684481876 -0.2498201009996056 9.99999999999995e-08 0.9682922684481876 -0.2498201009996056 9.99999999999995e-08
p 0.9927949705871317 0.11982548299880175 9.999999999995e-07 1.9855899411742635 0.2396509659976035 1.999999999999e-06
case 8 6 40
s 0.9995500337489425 0.029995500202494307 2.999999999999865e-07 0.9987502603949663 0.04997916927067833 0.0 -7.497375204775484e-07 1.4982252701109468e-05 0.9999999998874849 1.0 1.0 0.9995500337489425 0.029995500202494307 2.999999999999865e-07 0.9987502603949663 0.04997916927067833 0.0 1.0 0.0
s 0.9987502603949663 0.04997916927067833 0.0 0.8775825618903728 0.479425538604203 0.0 0.0 0.0 1.0 1.0 1.0 0.9987502603949663 0.04997916927067833 0.0 1.7551651237807455 0.958851077208406 0.0 1.0 1.0
s 0.8775825618903728 0.479425538604203 0.0 -0.39859637855648306 0.8709489764975944 0.2873478855663454 0.13807921244038343 -0.25275230299584717 0.9576274872945841 1.0 1.0 1.7551651237807455 0.958851077208406 0.0 -0.7971927571129661 1.7418979529951888 0.5746957711326908 2.0 2.0
s -0.39859637855648306 0.8709489764975944 0.2873478855663454 -0.8969628300582488 -0.3359893958958339 -0.2873478855663454 -0.1537435140353627 -0.3723343456140114 0.9152759512672909 1.0 1.0 -0.7971927571129661 1.7418979529951888 0.5746957711326908 -1.7939256601164977 -0.6719787917916678 -0.5746957711326908 2.0 3.0
s -0.8969628300582488 -0.3359893958958339 -0.2873478855663454 0.2805238471386536 -0.9483150748622418 0.14834045293024462 -0.3224329819611792 0.05246353097466939 0.9451373180979005 1.0 1.0 -1.7939256601164977 -0.6719787917916678 -0.5746957711326908 0.5610476942773072 -1.8966301497244835 0.29668090586048923 2.0 4.0
s 0.2805238471386536 -0.9483150748622418 0.14834045293024462 0.9995500337489425 0.029995500202494307 2.999999999999865e-07 -0.0045981693284164295 0.15321644319280245 0.9881819561063508 1.0 1.0 0.5610476942773072 -1.8966301497244835 0.29668090586048923 0.9995500337489425 0.029995500202494307 2.999999999999865e-07 1.0 5.0
p 0.4209006854312392 0.9071067263577661 -9.99999999999995e-08 0.4209006854312392 0.9071067263577661 -9.99999999999995e-08
p 0.11016649120781397 0.99391314721909 -4.9999999999999945e-08 0.22033298241562793 1.98782629443818 -9.999999999999989e-08
p 0.8914893912485365 0.4530415712617483 -1e-08 0.4457446956242683 0.22652078563087416 -5e-09
p 0.6548786146059579 0.7557340803025765 9.999999999995e-07 0.32743930730297893 0.37786704015128825 4.9999999999975e-07
p 0.3184458518262475 0.9479410527319965 9.99999999999995e-08 0.636891703652495 1.895882105463993 1.99999999999999e-07
p 0.8435351115485793 0.5370740317542128 -2.9999999999999984e-08 1.6870702230971586 1.0741480635084255 -5.999999999999997e-08
p 0.16119019109689212 0.9869233619147676 -9.999999999995e-07 0.16119019109689212 0.9869233619147676 -9.999999999995e-07
p 0.34234234833810373 0.9395752851870637 1.9999999999999997e-08 0.17117117416905187 0.46978764259353184 9.999999999999999e-09
p 0.7769757837269279 0.6295304849663161 2.9999999999999984e-08 0.38848789186346394 0.31476524248315807 1.4999999999999992e-08
p 0.42539836247627755 0.9050062061673952 -9.999999999995002e-07 0.42539836247627755 0.9050062061673952 -9.999999999995002e-07
p 0.22144401638309397 0.9751730859740352 -2.9999999999999984e-08 0.44288803276618793 1.9503461719480704 -5.999999999999997e-08
p 0.6865054591025654 0.7271246486142358 -1e-08 0.6865054591025654 0.7271246486142358 -1e-08
p 0.9581761230589927 0.2861791697514645 -2.999999999999999e-08 0.9581761230589927 0.2861791697514645 -2.999999999999999e-08
p 0.38443293286230684 0.9231529234806575 1.9999999999999997e-08 0.19221646643115342 0.46157646174032874 9.999999999999999e-09
p 0.9765167152306644 0.2154416507435679 1e-08 1.9530334304613288 0.4308833014871358 2e-08
p 0.6601609702935844 0.7511241530539613 -4.9999999999999945e-08 1.320321940587169 1.5022483061079226 -9.999999999999989e-08
p 0.9701646169213379 -0.24244714078302446 9.99999999999995e-08 0.9701646169213379 -0.24244714078302446 9.99999999999995e-08
p 0.18537575805718745 0.9826677100244622 4.999999999999993e-08 0.18537575805718745 0.9826677100244622 4.999999999999993e-08
p 0.5362212979596496 0.8440774369774783 1e-08 0.5362212979596496 0.8440774369774783 1e-08
p 0.02355725158884258 0.9997224894427349 2.9999999999999984e-08 0.04711450317768516 1.9994449788854698 5.999999999999997e-08
p 0.8921375831121247 0.4517638020015041 -4.999999999999993e-08 0.8921375831121247 0.4517638020015041 -4.999999999999993e-08
p 0.6463540581627518 0.7630376343900358 9.999999999995e-07 0.6463540581627518 0.7630376343900358 9.999999999995e-07
p 0.9109276938909511 0.41256603895922395 9.99999999999995e-08 1.8218553877819021 0.8251320779184479 1.99999999999999e-07
p 0.8651318251809367 0.5015445394569663 2.9999999999999984e-08 0.43256591259046834 0.25077226972848315 1.4999999999999992e-08
p 0.8893287923350265 -0.45726830102678345 4.9999999999999945e-08 0.44466439616751324 -0.22863415051339173 2.4999999999999972e-08
p 0.6447933744878594 0.7643569220047389 -1.9999999999999997e-08 0.6447933744878594 0.7643569220047389 -1.9999999999999997e-08
p 0.620696979550778 0.7840505465698882 2.9999999999999984e-08 0.310348489775389 0.3920252732849441 1.4999999999999992e-08
p 0.029381532375446363 0.9995682695820584 -1e-08 0.014690766187723182 0.4997841347910292 -5e-09
p 0.8891528758906764 0.4576102744632592 9.999999999995e-07 1.7783057517813528 0.9152205489265184 1.999999999999e-06
p 0.5730558092375698 0.8195163448638922 1e-08 0.5730558092375698 0.8195163448638922 1e-08
p 0.1648232413496422 0.9863231210460381 9.999999999995e-07 0.1648232413496422 0.9863231210460381 9.999999999995e-07
p 0.6285981019838217 0.7777303042715623 1e-08 0.31429905099191086 0.38886515213578116 5e-09
p 0.9585479195672257 0.2849313704970784 1e-08 0.9585479195672257 0.2849313704970784 1e-08
p 0.999986954478859 -0.005107922483389826 1e-08 1.999973908957718 -0.010215844966779653 2e-08
p 0.8480712043208427 0.5298822816454478 9.99999999999995e-08 0.42403560216042135 0.2649411408227239 4.999999999999975e-08
p 0.9440340654659954 0.3298479698887688 4.999999999999993e-08 1.8880681309319909 0.6596959397775376 9.999999999999986e-08
p 0.6583549626928608 0.7527076079711693 4.9999999999999945e-08 1.3167099253857215 1.5054152159423386 9.999999999999989e-08
p 0.9549339808046218 -0.2968182816213246 4.9999999999999945e-08 1.9098679616092435 -0.5936365632426492 9.999999999999989e-08
p 0.9999973425531595 0.002305403786541468 1e-08 0.9999973425531595 0.002305403786541468 1e-08
p 0.8872249569526717 0.4613370522289861 -9.999999999995002e-07 0.44361247847633584 0.23066852611449304 -4.999999999997501e-07
case 9 6 40
s 0.9987502603949663 0.04997916927067833 0.0 0.9950041652780258 -0.09983341664682815 -3e-09 -1.0033416861558006e-09 2.0050108573956092e-08 -0.9999999999999998 1.0 1.0 0.9987502603949663 0.04997916927067833 0.0 0.9950041652780258 -0.09983341664682815 -3e-09 1.0 0.0
s 0.8775825618903728 0.479425538604203 0.0 0.9987502603949663 0.04997916927067833 0.0 0.0 0.0 -1.0 1.0 1.0 1.7551651237807455 0.958851077208406 0.0 0.9987502603949663 0.04997916927067833 0.0 1.0 1.0
s -0.3722130460563617 0.813300343259146 0.4472135954999579 0.8775825618903728 0.479425538604203 0.0 -0.21483604456352498 0.3932547417548017 -0.8939777301721019 1.0 1.0 -0.7444260921127234 1.626600686518292 0.8944271909999159 1.7551651237807455 0.958851077208406 0.0 2.0 2.0
s -0.8375923243065936 -0.31375005699231057 -0.4472135954999579 -0.3722130460563617 0.813300343259146 0.4472135954999579 0.22573907030675272 0.5466923892662394 -0.8063307656634549 1.0 1.0 -1.6751846486131872 -0.6275001139846211 -0.8944271909999159 -0.7444260921127234 1.626600686518292 0.8944271909999159 2.0 3.0
s 0.2751927418019831 -0.9302931932717461 0.24253562503633297 -0.8375923243065936 -0.31375005699231057 -0.4472135954999579 0.4926817704433339 -0.08016495448787829 -0.8665092343101592 1.0 1.0 0.5503854836039662 -1.8605863865434922 0.48507125007266594 -1.6751846486131872 -0.6275001139846211 -0.8944271909999159 2.0 4.0
s 0.9950041652780258 -0.09983341664682815 -3e-09 0.2751927418019831 -0.9302931932717461 0.24253562503633297 -0.026026080011162363 -0.25939265619158663 -0.96542119982582 1.0 1.0 0.9950041652780258 -0.09983341664682815 -3e-09 0.5503854836039662 -1.8605863865434922 0.48507125007266594 1.0 5.0
p 0.5672347512417336 0.8235561529019916 -9.999999999995e-07 0.2836173756208668 0.4117780764509958 -4.9999999999975e-07
p 0.8575402535724617 0.5144168674362043 -2.9999999999999984e-08 0.42877012678623083 0.25720843371810215 -1.4999999999999992e-08
p 0.99899438104514 0.044835551075421344 2.9999999999999984e-08 1.99798876209028 0.08967110215084269 5.999999999999997e-08
p 0.6921847158453702 0.7217203884809296 -9.999999999995e-07 0.6921847158453702 0.7217203884809296 -9.999999999995e-07
p 0.12093812991391516 0.9926600469107861 -2.9999999999999984e-08 0.12093812991391516 0.9926600469107861 -2.9999999999999984e-08
p 0.9728294941612996 0.23152273169144555 -2.9999999999999984e-08 0.4864147470806498 0.11576136584572277 -1.4999999999999992e-08
p 0.9825604230003134 -0.18594358056530144 -1.9999999999999997e-08 0.4912802115001567 -0.09297179028265072 -9.999999999999999e-09
p 0.9961880901845096 -0.0872312385245649 9.99999999999995e-08 1.9923761803690192 -0.1744624770491298 1.99999999999999e-07
p 0.9205321267638211 0.39066687035846276 1.9999999999999997e-08 1.8410642535276422 0.7813337407169255 3.9999999999999994e-08
p 0.8928967957613487 0.45026138199729737 9.999999999995e-07 0.44644839788067436 0.22513069099864869 4.9999999999975e-07
p 0.6870677095799839 0.7265933955469971 1e-08 1.3741354191599677 1.4531867910939942 2e-08
p 0.9289618856661418 -0.37017538407977163 -9.999999999995002e-07 0.9289618856661418 -0.37017538407977163 -9.999999999995002e-07
p 0.930055080106402 0.36742012460979 1.9999999999999997e-08 1.860110160212804 0.73484024921958 3.9999999999999994e-08
p 0.807523840777162 0.589834931634691 1e-08 0.807523840777162 0.589834931634691 1e-08
p 0.9786101150679731 -0.20572370472711213 -1.9999999999999997e-08 0.9786101150679731 -0.20572370472711213 -1.9999999999999997e-08
p 0.4774709599191695 0.8786475302610635 1.9999999999999997e-08 0.4774709599191695 0.8786475302610635 1.9999999999999997e-08
p 0.5490285196674155 0.8358036160437484 -2.9999999999999984e-08 1.098057039334831 1.6716072320874968 -5.999999999999997e-08
p 0.9936543932077903 0.11247642801426586 -9.99999999999995e-08 0.4968271966038951 0.05623821400713293 -4.999999999999975e-08
p 0.5559441249302955 0.8312196640813353 -1e-08 1.111888249860591 1.6624393281626706 -2e-08
p 0.7354614005732446 0.6775666227514692 -9.99999999999995e-08 0.7354614005732446 0.6775666227514692 -9.99999999999995e-08
p 0.9993776271735537 0.035275463213933045 1e-08 0.9993776271735537 0.035275463213933045 1e-08
p 0.986548449115002 -0.16346913332119886 1.9999999999999997e-08 0.493274224557501 -0.08173456666059943 9.999999999999999e-09
p 0.2738784324925223 0.9617643184348436 9.999999999995002e-07 0.5477568649850446 1.9235286368696871 1.9999999999990004e-06
p 0.9979865356713506 -0.06342613513912132 -9.99999999999995e-08 0.4989932678356753 -0.03171306756956066 -4.999999999999975e-08
p 0.15467646835810178 0.9879651765802604 9.999999999995e-07 0.15467646835810178 0.9879651765802604 9.999999999995e-07
p 0.6311263019520855 0.7756800828848677 9.99999999999995e-08 1.262252603904171 1.5513601657697353 1.99999999999999e-07
p 0.7554000591705189 0.6552638786047775 9.999999999995e-07 1.5108001183410378 1.310527757209555 1.999999999999e-06
p 0.9698631231010866 -0.24365041031897755 -1.9999999999999997e-08 1.9397262462021732 -0.4873008206379551 -3.9999999999999994e-08
p 0.8716368683097279 0.4901521904502727 9.99999999999995e-08 0.8716368683097279 0.4901521904502727 9.99999999999995e-08
p 0.9127570639430556 -0.40850280564771185 1.9999999999999997e-08 0.9127570639430556 -0.40850280564771185 1.9999999999999997e-08
p 0.038508188960901 0.9992582846201233 -9.999999999995e-07 0.038508188960901 0.9992582846201233 -9.999999999995e-07
p 0.9974693678356358 0.0710975402498369 1e-08 0.4987346839178179 0.03554877012491845 5e-09
p 0.7807212693667179 0.624879428016652 4.999999999999993e-08 0.7807212693667179 0.624879428016652 4.999999999999993e-08
p 0.9987557179059984 -0.04986999046595245 -9.999999999995002e-07 0.4993778589529992 -0.024934995232976227 -4.999999999997501e-07
p 0.9545821522019072 -0.29794783888555904 9.999999999995002e-07 0.9545821522019072 -0.29794783888555904 9.999999999995002e-07
p 0.31446523917363983 0.949268988933835 2e-08 0.6289304783472797 1.89853797786767 4e-08
p 0.8503217333211742 0.5262631944584992 -9.99999999999995e-08 1.7006434666423484 1.0525263889169985 -1.99999999999999e-07
p 0.9671193609500152 0.2543229082792856 -1.9999999999999997e-08 1.9342387219000303 0.5086458165585712 -3.9999999999999994e-08
p 0.22608583327171689 0.9741073842209766 -1e-08 0.11304291663585844 0.4870536921104883 -5e-09
p 0.8948216384887991 0.4464238292163746 9.999999999999948e-08 0.44741081924439957 0.2232119146081873 4.999999999999974e-08
case 10 6 40
s 0.9989876708478411 0.04498481403766017 4.999999999999993e-08 0.9987502603949663 0.04997916927067833 0.0 -4.997937751532528e-07 9.987544218165823e-06 0.9999999999499996 1.0 1.0 0.009989876708478411 0.0004498481403766017 4.999999999999993e-10 0.009987502603949663 0.0004997916927067833 0.0 0.01 0.0
s 0.9987502603949663 0.04997916927067833 0.0 0.8775825618903728 0.479425538604203 0.0 0.0 0.0 1.0 1.0 1.0 0.009987502603949663 0.0004997916927067833 0.0 1.7551651237807455 0.958851077208406 0.0 0.01 1.0
s 0.8775825618903728 0.479425538604203 0.0 -0.3722130460563617 0.813300343259146 0.4472135954999579 0.21483604456352498 -0.3932547417548017 0.8939777301721019 1.0 1.0 1.7551651237807455 0.958851077208406 0.0 -0.7444260921127234 1.626600686518292 0.8944271909999159 2.0 2.0
s -0.3722130460563617 0.813300343259146 0.4472135954999579 -0.8375923243065936 -0.31375005699231057 -0.4472135954999579 -0.22573907030675272 -0.5466923892662394 0.8063307656634549 1.0 1.0 -0.7444260921127234 1.626600686518292 0.8944271909999159 -1.6751846486131872 -0.6275001139846211 -0.8944271909999159 2.0 3.0
s -0.8375923243065936 -0.31375005699231057 -0.4472135954999579 0.2751927418019831 -0.9302931932717461 0.24253562503633297 -0.4926817704433339 0.08016495448787829 0.8665092343101592 1.0 1.0 -1.6751846486131872 -0.6275001139846211 -0.8944271909999159 0.5503854836039662 -1.8605863865434922 0.48507125007266594 2.0 4.0
s 0.2751927418019831 -0.9302931932717461 0.24253562503633297 0.9989876708478411 0.04498481403766017 4.999999999999993e-08 -0.011219437072255858 0.24915143318534644 0.968399549552492 1.0 1.0 0.5503854836039662 -1.8605863865434922 0.48507125007266594 0.009989876708478411 0.0004498481403766017 4.999999999999993e-10 0.01 5.0
p 0.942793711274963 0.3333766908174176 -9.99999999999995e-08 0.942793711274963 0.3333766908174176 -9.99999999999995e-08
p 0.9980395685691157 0.06258609726107263 -2.9999999999999984e-08 0.49901978428455784 0.031293048630536315 -1.4999999999999992e-08
p 0.790236649810862 0.6128017928300332 4.9999999999999945e-08 0.790236649810862 0.6128017928300332 4.9999999999999945e-08
p 0.9902616484338183 0.13921877617669698 -9.999999999995002e-07 0.4951308242169091 0.06960938808834849 -4.999999999997501e-07
p 0.7304138968248552 0.6830047871904852 -9.99999999999995e-08 0.3652069484124276 0.3415023935952426 -4.999999999999975e-08
p 0.25152090784917464 0.967851865170867 -2.9999999999999984e-08 0.25152090784917464 0.967851865170867 -2.9999999999999984e-08
p -0.0265892246016416 0.9996464440666427 1e-08 -0.0132946123008208 0.49982322203332136 5e-09
p 0.7616034307572297 0.6480433737480985 1e-08 0.7616034307572297 0.6480433737480985 1e-08
p 0.9786386872345995 0.2055877424549899 2.999999999999999e-08 1.957277374469199 0.4111754849099798 5.999999999999998e-08
p 0.961789509272243 0.2737899557212751 -1e-08 1.923579018544486 0.5475799114425502 -2e-08
p 0.947937343284388 -0.31845689379714526 -9.999999999999948e-08 0.947937343284388 -0.31845689379714526 -9.999999999999948e-08
p 0.8524373816235314 0.5228293320107509 9.99999999999995e-08 0.4262186908117657 0.26141466600537544 4.999999999999975e-08
p 0.15941333620114567 0.9872119267113924 2.9999999999999984e-08 0.07970666810057284 0.4936059633556962 1.4999999999999992e-08
p 0.18804910407171443 0.9821596277885918 1.9999999999999997e-08 0.18804910407171443 0.9821596277885918 1.9999999999999997e-08
p 0.9862334389296414 0.16535901528795932 -9.99999999999995e-08 0.9862334389296414 0.16535901528795932 -9.99999999999995e-08
p -0.020069601529842947 0.9997985852632681 -2.9999999999999984e-08 -0.010034800764921473 0.4998992926316341 -1.4999999999999992e-08
p 0.5461938550935621 0.8376588044407062 9.999999999995002e-07 0.5461938550935621 0.8376588044407062 9.999999999995002e-07
p 0.46721753765777324 0.8841423937946902 -4.9999999999999945e-08 0.9344350753155465 1.7682847875893803 -9.999999999999989e-08
p 0.40826292166524203 0.9128643857623981 1e-08 0.8165258433304841 1.8257287715247963 2e-08
p 0.9899087440379658 -0.14170631064697212 -2.9999999999999984e-08 0.4949543720189829 -0.07085315532348606 -1.4999999999999992e-08
p 0.9725561313663413 -0.2326683720270676 -9.99999999999995e-08 0.48627806568317067 -0.1163341860135338 -4.999999999999975e-08
p 0.9983312869933223 -0.05774635408626047 -2.9999999999999984e-08 0.49916564349666115 -0.028873177043130235 -1.4999999999999992e-08
p 0.49856557272376234 0.8668519883432385 2.9999999999999984e-08 0.9971311454475247 1.733703976686477 5.999999999999997e-08
p 0.9420064372808841 -0.33559480347790677 -2.9999999999999984e-08 0.9420064372808841 -0.33559480347790677 -2.9999999999999984e-08
p 0.2629601840832237 0.9648066861226225 1.9999999999999997e-08 0.2629601840832237 0.9648066861226225 1.9999999999999997e-08
p 0.353323141011433 0.9355013404719499 9.999999999995e-07 0.1766615705057165 0.46775067023597494 4.9999999999975e-07
p -0.00669749609228394 0.9999775715215274 4.9999999999999945e-08 -0.01339499218456788 1.9999551430430549 9.999999999999989e-08
p 0.9152434105602816 -0.4029013519783398 -9.99999999999995e-08 0.4576217052801408 -0.2014506759891699 -4.999999999999975e-08
p 0.027388563719895113 0.9996248629247678 1.9999999999999997e-08 0.013694281859947557 0.4998124314623839 9.999999999999999e-09
p 0.7427502854866191 0.6695685277919924 9.99999999999995e-08 1.4855005709732383 1.3391370555839848 1.99999999999999e-07
p 0.998209325546962 0.05981757593783996 2e-08 0.998209325546962 0.05981757593783996 2e-08
p 0.049770896547320365 0.9987606609477944 -2.9999999999999984e-08 0.024885448273660182 0.4993803304738972 -1.4999999999999992e-08
p 0.12666556517669744 0.9919454796496971 9.999999999995e-07 0.06333278258834872 0.4959727398248486 4.9999999999975e-07
p 0.009321071880651705 0.9999565578658883 1e-08 0.009321071880651705 0.9999565578658883 1e-08
p 0.18252844513501634 0.9832005729842682 1e-08 0.09126422256750817 0.4916002864921341 5e-09
p 0.44833476447865317 0.8938657275899276 1e-08 0.22416738223932658 0.4469328637949638 5e-09
p 0.08440949314326908 0.9964311503898782 1.9999999999999997e-08 0.08440949314326908 0.9964311503898782 1.9999999999999997e-08
p 0.9943443755253236 0.1062038740402249 -4.9999999999999945e-08 0.9943443755253236 0.1062038740402249 -4.9999999999999945e-08
p 0.948237245826636 0.3175627900527958 9.999999999995002e-07 0.474118622913318 0.1587813950263979 4.999999999997501e-07
p 0.7330016536487851 0.6802268560915146 -1.9999999999999997e-08 1.4660033072975702 1.3604537121830291 -3.9999999999999994e-08
case 11 6 40
s 0.9999999999999951 0.0 -9.99999999999995e-08 0.9987502603949663 0.04997916927067833 0.0 9.999999999979983e-08 -1.9983330554854013e-06 0.9999999999979984 1.0 1.0 0.09999999999999952 0.0 -9.99999999999995e-09 0.09987502603949663 0.004997916927067834 0.0 0.1 0.0
s 0.9987502603949663 0.04997916927067833 0.0 0.8775825618903728 0.479425538604203 0.0 0.0 0.0 1.0 1.0 1.0 0.09987502603949663 0.004997916927067834 0.0 0.8775825618903728 0.479425538604203 0.0 0.1 1.0
s 0.8775825618903728 0.479425538604203 0.0 -0.3722130460563617 0.813300343259146 0.4472135954999579 0.21483604456352498 -0.3932547417548017 0.8939777301721019 1.0 1.0 0.8775825618903728 0.479425538604203 0.0 -0.3722130460563617 0.813300343259146 0.4472135954999579 1.0 2.0
s -0.3722130460563617 0.813300343259146 0.4472135954999579 -0.8375923243065936 -0.31375005699231057 -0.4472135954999579 -0.22573907030675272 -0.5466923892662394 0.8063307656634549 1.0 1.0 -0.3722130460563617 0.813300343259146 0.4472135954999579 -0.8375923243065936 -0.31375005699231057 -0.4472135954999579 1.0 3.0
s -0.8375923243065936 -0.31375005699231057 -0.4472135954999579 0.2751927418019831 -0.9302931932717461 0.24253562503633297 -0.4926817704433339 0.08016495448787829 0.8665092343101592 1.0 1.0 -0.8375923243065936 -0.31375005699231057 -0.4472135954999579 0.2751927418019831 -0.9302931932717461 0.24253562503633297 1.0 4.0
s 0.2751927418019831 -0.9302931932717461 0.24253562503633297 0.9999999999999951 0.0 -9.99999999999995e-08 9.676552501747784e-08 0.2522762708008378 0.9676552501747784 1.0 1.0 0.2751927418019831 -0.9302931932717461 0.24253562503633297 0.09999999999999952 0.0 -9.99999999999995e-09 0.1 5.0
p 0.9610588793032497 -0.27634368187346253 -9.999999999995e-07 1.9221177586064995 -0.5526873637469251 -1.999999999999e-06
p 0.7500796077964189 0.6613475500581895 2.9999999999999984e-08 1.5001592155928378 1.322695100116379 5.999999999999997e-08
p 0.9277756926936689 0.37313839797826104 -9.999999999995002e-07 1.8555513853873378 0.7462767959565221 -1.9999999999990004e-06
p 0.7753102099224624 0.6315806190740637 -9.99999999999995e-08 1.5506204198449247 1.2631612381481274 -1.99999999999999e-07
p 0.5986094662346277 0.8010410145144157 -9.99999999999995e-08 1.1972189324692555 1.6020820290288313 -1.99999999999999e-07
p 0.882583428775028 0.47015581592884076 -2.9999999999999984e-08 1.765166857550056 0.9403116318576815 -5.999999999999997e-08
p 0.4478998437389388 0.894083737677088 -4.9999999999999945e-08 0.4478998437389388 0.894083737677088 -4.9999999999999945e-08
p 0.9885441867841335 0.15093174210644528 9.99999999999995e-08 0.9885441867841335 0.15093174210644528 9.99999999999995e-08
p 0.8956846493695978 0.44468978949786975 2.9999999999999984e-08 1.7913692987391956 0.8893795789957395 5.999999999999997e-08
p 0.907825273579946 0.4193486290051471 -9.999999999995002e-07 0.907825273579946 0.4193486290051471 -9.999999999995002e-07
p 0.5717379006902983 0.8204363308101676 9.999999999995002e-07 0.5717379006902983 0.8204363308101676 9.999999999995002e-07
p 0.25698627914003186 0.9664150517938769 1e-08 0.25698627914003186 0.9664150517938769 1e-08
p 0.23826794280775462 0.971199458108457 -1e-08 0.47653588561550925 1.942398916216914 -2e-08
p 0.49035595322217485 0.8715222539554406 -2.9999999999999984e-08 0.24517797661108742 0.4357611269777203 -1.4999999999999992e-08
p 0.9835914401590432 0.1804103069280091 2.9999999999999984e-08 0.4917957200795216 0.09020515346400455 1.4999999999999992e-08
p 0.5362296068271146 0.844072158504258 2.9999999999999984e-08 1.0724592136542292 1.688144317008516 5.999999999999997e-08
p -0.006205065149514045 0.999980748397433 9.999999999995e-07 -0.0031025325747570227 0.4999903741987165 4.9999999999975e-07
p 0.4174044683972827 0.9087208095790372 -2.9999999999999984e-08 0.8348089367945654 1.8174416191580745 -5.999999999999997e-08
p 0.97684002319337 0.2139709538408804 1e-08 1.95368004638674 0.4279419076817608 2e-08
p 0.4760272301527928 0.8794305408342719 -9.999999999995e-07 0.4760272301527928 0.8794305408342719 -9.999999999995e-07
p 0.9931775145774245 0.11661228296284815 -4.9999999999999945e-08 0.49658875728871227 0.05830614148142407 -2.4999999999999972e-08
p 0.09606407466025527 0.9953751521711132 4.9999999999999945e-08 0.19212814932051053 1.9907503043422263 9.999999999999989e-08
p 0.916589478786986 -0.39982962293582097 1.9999999999999997e-08 0.458294739393493 -0.19991481146791049 9.999999999999999e-09
p 0.542307324970756 0.8401801981022052 4.9999999999999945e-08 1.084614649941512 1.6803603962044105 9.999999999999989e-08
p 0.9836938236234046 -0.17985122008250398 -2.9999999999999984e-08 0.4918469118117023 -0.08992561004125199 -1.4999999999999992e-08
p 0.543158774632926 0.8396300051440865 -9.999999999995002e-07 0.543158774632926 0.8396300051440865 -9.999999999995002e-07
p 0.854809588334026 0.5189417767834972 9.999999999995e-07 0.427404794167013 0.2594708883917486 4.9999999999975e-07
p -0.012546869801956451 0.999921284931054 -4.999999999999993e-08 -0.025093739603912903 1.999842569862108 -9.999999999999986e-08
p 0.8636354810555401 0.5041168077558574 9.99999999999995e-08 1.7272709621110802 1.0082336155117149 1.99999999999999e-07
p 0.6552945847048832 0.7553734223921602 -9.99999999999995e-08 0.6552945847048832 0.7553734223921602 -9.99999999999995e-08
p 0.8887044311510895 -0.458480571074083 2.9999999999999984e-08 1.777408862302179 -0.916961142148166 5.999999999999997e-08
p 0.8613010067515374 0.5080950459990516 9.99999999999995e-08 1.7226020135030748 1.0161900919981033 1.99999999999999e-07
p 0.47959437982611414 0.8774903024183258 -9.999999999995e-07 0.47959437982611414 0.8774903024183258 -9.999999999995e-07
p 0.9602932961309121 0.278992446861968 1.9999999999999997e-08 0.48014664806545604 0.139496223430984 9.999999999999999e-09
p 0.7292771438627611 0.684218420856501 9.99999999999995e-08 0.36463857193138055 0.3421092104282505 4.999999999999975e-08
p 0.993586137740952 0.11307779131650066 1e-08 0.496793068870476 0.05653889565825033 5e-09
p 0.8807556252848519 -0.47357103852441157 -1e-08 1.7615112505697037 -0.9471420770488231 -2e-08
p 0.5375965216417496 0.8432022176908051 1e-08 0.2687982608208748 0.42160110884540253 5e-09
p 0.8864497791719076 -0.4628247929898165 -9.99999999999995e-08 0.8864497791719076 -0.4628247929898165 -9.99999999999995e-08
p 0.40957032237684704 0.9122785490342935 9.99999999999995e-08 0.8191406447536941 1.824557098068587 1.99999999999999e-07
case 12 6 40
s 0.9987502603949663 0.04997916927067833 0.0 0.9992001066609768 0.03998933418663412 4.9999999999999945e-08 2.4990001132963173e-07 -4.99383453207179e-06 -0.9999999999874996 1.0 1.0 0.09987502603949663 0.004997916927067834 0.0 0.09992001066609768 0.003998933418663412 4.999999999999995e-09 0.1 0.0
s 0.8775825618903728 0.479425538604203 0.0 0.9987502603949663 0.04997916927067833 0.0 0.0 0.0 -1.0 1.0 1.0 0.4387912809451864 0.2397127693021015 0.0 0.09987502603949663 0.004997916927067834 0.0 0.1 1.0
s -0.4161468365471424 0.9092974268256817 0.0 0.8775825618903728 0.479425538604203 0.0 0.0 0.0 -1.0 1.0 1.0 -0.2080734182735712 0.45464871341284085 0.0 0.4387912809451864 0.2397127693021015 0.0 0.5 2.0
s -0.9364566872907963 -0.35078322768961984 -0.0 -0.4161468365471424 0.9092974268256817 0.0 0.0 0.0 -1.0 1.0 1.0 -0.46822834364539817 -0.17539161384480992 -0.0 -0.2080734182735712 0.45464871341284085 0.0 0.5 3.0
s 0.2836621854632263 -0.9589242746631386 0.0 -0.9364566872907963 -0.35078322768961984 -0.0 0.0 0.0 -1.0 1.0 1.0 0.14183109273161315 -0.4794621373315693 0.0 -0.46822834364539817 -0.17539161384480992 -0.0 0.5 4.0
s 0.9992001066609768 0.03998933418663412 4.9999999999999945e-08 0.2836621854632263 -0.9589242746631386 0.0 4.94545426941605e-08 1.4629292460698259e-08 -0.9999999999999987 1.0 1.0 0.09992001066609768 0.003998933418663412 4.999999999999995e-09 0.14183109273161315 -0.4794621373315693 0.0 0.1 5.0
p 0.9932352299732047 -0.11611967077146314 4.9999999999999945e-08 0.49661761498660234 -0.05805983538573157 2.4999999999999972e-08
p 0.03338248636090752 0.9994426494818821 -9.999999999995002e-07 0.01669124318045376 0.49972132474094105 -4.999999999997501e-07
p 0.9808630690549681 0.19469884376663996 4.9999999999999945e-08 0.49043153452748406 0.09734942188331998 2.4999999999999972e-08
p 0.7767247179383333 0.6298402277908317 9.99999999999995e-08 0.38836235896916665 0.31492011389541585 4.999999999999975e-08
p 0.9991421746279024 -0.04141153075926745 -1.9999999999999997e-08 0.4995710873139512 -0.020705765379633725 -9.999999999999999e-09
p 0.9299471228114563 -0.3676932808397419 2.9999999999999984e-08 0.46497356140572815 -0.18384664041987095 1.4999999999999992e-08
p 0.31603759434640294 0.9487466674301093 2e-08 0.15801879717320147 0.47437333371505463 1e-08
p 0.4801386907878177 0.8771925886648606 2.9999999999999984e-08 0.9602773815756354 1.7543851773297212 5.999999999999997e-08
p 0.9515554970325955 -0.3074770496590759 1.9999999999999997e-08 1.903110994065191 -0.6149540993181518 3.9999999999999994e-08
p 0.9938165075852969 -0.11103490104901045 1e-08 0.49690825379264847 -0.05551745052450523 5e-09
p 0.48280433131837774 0.8757282556022811 1e-08 0.9656086626367555 1.7514565112045621 2e-08
p 0.9992649906381589 -0.038333777336955775 -2.9999999999999984e-08 1.9985299812763178 -0.07666755467391155 -5.999999999999997e-08
p 0.9256779873358589 0.3783123891201996 2e-08 1.8513559746717179 0.7566247782403992 4e-08
p 0.99958786491688 0.028707147383758583 -1.9999999999999997e-08 0.99958786491688 0.028707147383758583 -1.9999999999999997e-08
p 0.968863111533621 0.24759699333471336 -9.999999999995e-07 1.937726223067242 0.4951939866694267 -1.999999999999e-06
p 0.9518073872121687 0.306696425881265 4.9999999999999945e-08 0.9518073872121687 0.306696425881265 4.9999999999999945e-08
p 0.22635981723182447 0.9740437531973474 2e-08 0.11317990861591223 0.4870218765986737 1e-08
p 0.9399761938087429 -0.3412400256019604 -4.9999999999999945e-08 1.8799523876174857 -0.6824800512039207 -9.999999999999989e-08
p 0.9904925359890893 0.13756647901978938 -2.999999999999999e-08 0.9904925359890893 0.13756647901978938 -2.999999999999999e-08
p 0.8967979177210056 0.44244038555636794 -2.9999999999999984e-08 0.8967979177210056 0.44244038555636794 -2.9999999999999984e-08
p 0.05874750217326952 0.998272874012107 9.99999999999995e-08 0.05874750217326952 0.998272874012107 9.99999999999995e-08
p 0.9730758398174739 -0.23048516213309211 -2e-08 1.9461516796349478 -0.46097032426618423 -4e-08
p 0.9727908161234292 -0.23168519172770344 9.99999999999995e-08 0.4863954080617146 -0.11584259586385172 4.999999999999975e-08
p 0.8955474789202473 0.4449659683600411 9.999999999995e-07 0.44777373946012367 0.22248298418002055 4.9999999999975e-07
p 0.9869616205357198 -0.16095576904695214 -9.999999999999948e-08 0.4934808102678599 -0.08047788452347607 -4.999999999999974e-08
p 0.9695277927333595 0.2449813444276501 2.9999999999999984e-08 0.9695277927333595 0.2449813444276501 2.9999999999999984e-08
p 0.27000236023864793 0.9628596603168909 2.9999999999999984e-08 0.27000236023864793 0.9628596603168909 2.9999999999999984e-08
p 0.9844538225469455 -0.17564359160728377 -2.9999999999999984e-08 0.49222691127347273 -0.08782179580364188 -1.4999999999999992e-08
p 0.29239681497550263 0.9562970786273385 -9.999999999995002e-07 0.14619840748775131 0.47814853931366924 -4.999999999997501e-07
p 0.5908166891746803 0.8068058253338698 4.9999999999999945e-08 0.29540834458734017 0.4034029126669349 2.4999999999999972e-08
p 0.5191777970172601 0.8546662594746 -1.9999999999999997e-08 1.0383555940345202 1.7093325189492 -3.9999999999999994e-08
p 0.04959978345504678 0.9987691732733859 -9.99999999999995e-08 0.09919956691009356 1.9975383465467718 -1.99999999999999e-07
p 0.6845665807386991 0.7289503388672826 -9.999999999995e-07 0.6845665807386991 0.7289503388672826 -9.999999999995e-07
p 0.6419169120336684 0.7667742027775577 -1.9999999999999997e-08 0.3209584560168342 0.38338710138877885 -9.999999999999999e-09
p 0.018970441231982917 0.9998200449878238 9.99999999999995e-08 0.009485220615991458 0.4999100224939119 4.999999999999975e-08
p 0.9998263552247091 0.018634897318554396 -2.9999999999999984e-08 1.9996527104494182 0.03726979463710879 -5.999999999999997e-08
p 0.9406668569472219 0.33933149609347185 2.9999999999999984e-08 0.4703334284736109 0.16966574804673593 1.4999999999999992e-08
p 0.09283640588751343 0.9956813756121426 9.999999999995e-07 0.04641820294375672 0.4978406878060713 4.9999999999975e-07
p 0.9565118569782741 -0.29169344774947087 1.9999999999999997e-08 0.9565118569782741 -0.29169344774947087 1.9999999999999997e-08
p 0.8456939472217241 0.5336681999450024 2.9999999999999984e-08 0.42284697361086204 0.2668340999725012 1.4999999999999992e-08
case 13 6 40
s 0.9992001066609779 0.03998933418663416 -1e-09 0.9987502603949663 0.04997916927067833 0.0 4.998000226655086e-09 -9.987669064268379e-08 0.999999999999995 1.0 1.0 0.9992001066609779 0.03998933418663416 -1e-09 0.9987502603949663 0.04997916927067833 0.0 1.0 0.0
s 0.9987502603949663 0.04997916927067833 0.0 0.8775825618903728 0.479425538604203 0.0 0.0 0.0 1.0 1.0 1.0 0.9987502603949663 0.04997916927067833 0.0 0.4387912809451864 0.2397127693021015 0.0 0.5 1.0
s 0.8775825618903728 0.479425538604203 0.0 -0.3722130460563617 0.813300343259146 0.4472135954999579 0.21483604456352498 -0.3932547417548017 0.8939777301721019 1.0 1.0 0.4387912809451864 0.2397127693021015 0.0 -0.18610652302818084 0.406650171629573 0.22360679774997896 0.5 2.0
s -0.3722130460563617 0.813300343259146 0.4472135954999579 -0.8375923243065936 -0.31375005699231057 -0.4472135954999579 -0.22573907030675272 -0.5466923892662394 0.8063307656634549 1.0 1.0 -0.18610652302818084 0.406650171629573 0.22360679774997896 -0.4187961621532968 -0.15687502849615528 -0.22360679774997896 0.5 3.0
s -0.8375923243065936 -0.31375005699231057 -0.4472135954999579 0.2751927418019831 -0.9302931932717461 0.24253562503633297 -0.4926817704433339 0.08016495448787829 0.8665092343101592 1.0 1.0 -0.4187961621532968 -0.15687502849615528 -0.22360679774997896 0.13759637090099155 -0.46514659663587304 0.12126781251816648 0.5 4.0
s 0.2751927418019831 -0.9302931932717461 0.24253562503633297 0.9992001066609779 0.03998933418663416 -1e-09 -0.009985199920887065 0.24949687203445364 0.9683241227128255 1.0 1.0 0.13759637090099155 -0.46514659663587304 0.12126781251816648 0.9992001066609779 0.03998933418663416 -1e-09 0.5 5.0
p 0.2532559045609047 0.9673993212758824 -2e-08 0.12662795228045234 0.4836996606379412 -1e-08
p 0.9966775695650809 0.08144828006681804 1.9999999999999997e-08 0.49833878478254046 0.04072414003340902 9.999999999999999e-09
p 0.4336373775803542 0.9010874678771387 1e-08 0.4336373775803542 0.9010874678771387 1e-08
p 0.9658604778765503 0.2590628056593263 -1e-08 0.48293023893827514 0.12953140282966316 -5e-09
p 0.7106615045039951 0.7035340972654545 9.999999999995e-07 0.35533075225199756 0.35176704863272723 4.9999999999975e-07
p 0.9103669188891154 0.4138019731602777 9.999999999995002e-07 1.8207338377782307 0.8276039463205555 1.9999999999990004e-06
p 0.976095047799776 0.21734409966857476 9.99999999999995e-08 0.488047523899888 0.10867204983428738 4.999999999999975e-08
p 0.9866164567501713 0.1630581714288956 4.9999999999999945e-08 0.49330822837508564 0.0815290857144478 2.4999999999999972e-08
p 0.2753271067475997 0.9613506042490394 -4.999999999999993e-08 0.13766355337379985 0.4806753021245197 -2.4999999999999966e-08
p 0.865222634255288 0.5013878669975275 -9.99999999999995e-08 1.730445268510576 1.002775733995055 -1.99999999999999e-07
p 0.4913156199643217 0.8709816080601613 -9.99999999999995e-08 0.9826312399286434 1.7419632161203227 -1.99999999999999e-07
p 0.9860419392560583 0.16649712918889029 9.99999999999995e-08 0.9860419392560583 0.16649712918889029 9.99999999999995e-08
p 0.978074358612823 0.2082559699603227 -1e-08 0.4890371793064115 0.10412798498016135 -5e-09
p -0.01078968904448608 0.9999417896104369 -9.999999999995e-07 -0.00539484452224304 0.49997089480521845 -4.9999999999975e-07
p -0.007685511485628374 0.9999704660204737 2.9999999999999984e-08 -0.007685511485628374 0.9999704660204737 2.9999999999999984e-08
p 0.998687203955837 0.05122371184199229 -2.9999999999999984e-08 0.998687203955837 0.05122371184199229 -2.9999999999999984e-08
p 0.9310501351935654 0.3648912793642012 -1e-08 0.4655250675967827 0.1824456396821006 -5e-09
p 0.6743005700391972 0.7384570002680005 1e-08 0.6743005700391972 0.7384570002680005 1e-08
p 0.9193765958061813 0.39337853917547155 9.99999999999995e-08 0.9193765958061813 0.39337853917547155 9.99999999999995e-08
p 0.9692653695066186 0.24601756740972397 -9.999999999995e-07 1.9385307390132371 0.49203513481944794 -1.999999999999e-06
p 0.9958859848078412 0.09061514919325284 2.9999999999999984e-08 0.9958859848078412 0.09061514919325284 2.9999999999999984e-08
p 0.9800495656031292 -0.19875323635382086 -1e-08 0.9800495656031292 -0.19875323635382086 -1e-08
p 0.8270776716966792 0.5620876488420559 9.99999999999995e-08 0.8270776716966792 0.5620876488420559 9.99999999999995e-08
p 0.007959292159374283 0.9999683243324867 -1.9999999999999997e-08 0.015918584318748565 1.9999366486649734 -3.9999999999999994e-08
p 0.9999491902840418 0.010080518304582474 9.999999999995e-07 0.4999745951420209 0.005040259152291237 4.9999999999975e-07
p 0.4920505958442484 0.8705666034998817 -1e-08 0.9841011916884967 1.7411332069997634 -2e-08
p 0.8693348312833962 0.4942235841372489 2.9999999999999984e-08 1.7386696625667923 0.9884471682744977 5.999999999999997e-08
p 0.5509578266590612 0.8345330869672704 4.9999999999999945e-08 0.5509578266590612 0.8345330869672704 4.9999999999999945e-08
p 0.7896255019800252 0.6135890861340212 -9.99999999999995e-08 0.3948127509900126 0.3067945430670106 -4.999999999999975e-08
p 0.7343391577502703 0.6787827350445964 2.9999999999999984e-08 1.4686783155005405 1.3575654700891928 5.999999999999997e-08
p 0.9628468982141315 0.27004786723731944 -2.9999999999999984e-08 0.48142344910706575 0.13502393361865972 -1.4999999999999992e-08
p 0.5864392271692391 0.809993230117478 -9.999999999995002e-07 0.29321961358461957 0.404996615058739 -4.999999999997501e-07
p 0.9098351678578588 0.4149698390594924 2.9999999999999984e-08 0.4549175839289294 0.2074849195297462 1.4999999999999992e-08
p 0.9764994982269489 -0.21551967418896353 -1e-08 1.9529989964538979 -0.43103934837792707 -2e-08
p 0.9784209611303715 0.20662144811398372 -1.9999999999999997e-08 0.9784209611303715 0.20662144811398372 -1.9999999999999997e-08
p 0.8858804206199232 -0.4639136561497924 2e-08 0.8858804206199232 -0.4639136561497924 2e-08
p 0.6415313510389516 0.7670968163368476 9.999999999999948e-08 0.6415313510389516 0.7670968163368476 9.999999999999948e-08
p -0.015755259619298856 0.9998758781940529 -1e-08 -0.015755259619298856 0.9998758781940529 -1e-08
p 0.9781304870929158 -0.2079921878806383 -1.9999999999999997e-08 0.4890652435464579 -0.10399609394031915 -9.999999999999999e-09
p 0.9926890383198431 -0.12069993040024946 -9.999999999995e-07 0.49634451915992156 -0.06034996520012473 -4.9999999999975e-07
case 14 6 40
s 0.9950041652780097 -0.09983341664682653 -1.7999999999999709e-07 0.9987502603949663 0.04997916927067833 0.0 6.020050116930438e-08 -1.203006514436493e-06 0.9999999999992746 1.0 1.0 0.9950041652780097 -0.09983341664682653 -1.7999999999999709e-07 0.9987502603949663 0.04997916927067833 0.0 1.0 0.0
s 0.9987502603949663 0.04997916927067833 0.0 0.8775825618903728 0.479425538604203 0.0 0.0 0.0 1.0 1.0 1.0 0.9987502603949663 0.04997916927067833 0.0 0.4387912809451864 0.2397127693021015 0.0 0.5 1.0
s 0.8775825618903728 0.479425538604203 0.0 -0.4161468365471424 0.9092974268256817 0.0 0.0 -0.0 1.0 1.0 1.0 0.4387912809451864 0.2397127693021015 0.0 -0.2080734182735712 0.45464871341284085 0.0 0.5 2.0
s -0.4161468365471424 0.9092974268256817 0.0 -0.9364566872907963 -0.35078322768961984 -0.0 0.0 -0.0 1.0 1.0 1.0 -0.2080734182735712 0.45464871341284085 0.0 -0.46822834364539817 -0.17539161384480992 -0.0 0.5 3.0
s -0.9364566872907963 -0.35078322768961984 -0.0 0.2836621854632263 -0.9589242746631386 0.0 -0.0 0.0 1.0 1.0 1.0 -0.46822834364539817 -0.17539161384480992 -0.0 0.14183109273161315 -0.4794621373315693 0.0 0.5 4.0
s 0.2836621854632263 -0.9589242746631386 0.0 0.9950041652780097 -0.09983341664682653 -1.7999999999999709e-07 1.8643727814446146e-07 5.5150554811902566e-08 0.999999999999981 1.0 1.0 0.14183109273161315 -0.4794621373315693 0.0 0.9950041652780097 -0.09983341664682653 -1.7999999999999709e-07 0.5 5.0
p 0.7018768337471103 0.7122983295285272 2.9999999999999984e-08 0.7018768337471103 0.7122983295285272 2.9999999999999984e-08
p 0.6103421708044585 0.7921378885880292 9.999999999995e-07 0.6103421708044585 0.7921378885880292 9.999999999995e-07
p 0.9689199830284162 -0.24737434484645204 4.9999999999999945e-08 1.9378399660568324 -0.4947486896929041 9.999999999999989e-08
p 0.20567470175408853 0.9786204152062047 -4.9999999999999945e-08 0.20567470175408853 0.9786204152062047 -4.9999999999999945e-08
p 0.31139297332459176 0.950281230038808 1e-08 0.6227859466491835 1.900562460077616 2e-08
p 0.9625243581350299 -0.27119524331510503 -9.99999999999995e-08 0.48126217906751495 -0.13559762165755251 -4.999999999999975e-08
p 0.9085009188863529 0.4178828548560612 -1.9999999999999997e-08 0.9085009188863529 0.4178828548560612 -1.9999999999999997e-08
p 0.8275174699623432 0.5614399673225203 9.99999999999995e-08 1.6550349399246864 1.1228799346450407 1.99999999999999e-07
p 0.9956997530962314 -0.09263909371369146 -9.99999999999995e-08 0.9956997530962314 -0.09263909371369146 -9.99999999999995e-08
p 0.9497234104783852 0.3130901524949385 2.9999999999999984e-08 1.8994468209567703 0.626180304989877 5.999999999999997e-08
p 0.9972707731928232 0.07383092126872515 1e-08 1.9945415463856464 0.1476618425374503 2e-08
p 0.9346039768024533 -0.3556900427971375 9.99999999999995e-08 0.9346039768024533 -0.3556900427971375 9.99999999999995e-08
p 0.2823620133022843 0.9593079242057152 -4.9999999999999945e-08 0.5647240266045686 1.9186158484114304 -9.999999999999989e-08
p 0.959224104707073 -0.2826466291129513 -1e-08 0.959224104707073 -0.2826466291129513 -1e-08
p 0.11654741784260177 0.9931851284600569 -4.9999999999999945e-08 0.23309483568520353 1.9863702569201138 -9.999999999999989e-08
p 0.9558259913489359 -0.29393311188401633 -4.9999999999999945e-08 1.9116519826978717 -0.5878662237680327 -9.999999999999989e-08
p 0.4923596708187387 0.8703918396626089 4.999999999999993e-08 0.4923596708187387 0.8703918396626089 4.999999999999993e-08
p 0.9813382185939243 -0.19228962719528742 1.9999999999999997e-08 0.49066910929696217 -0.09614481359764371 9.999999999999999e-09
p 0.4058715544611074 0.9139301293202472 -1.9999999999999997e-08 0.8117431089222148 1.8278602586404944 -3.9999999999999994e-08
p 0.22673740708753673 0.9739559272509309 1e-08 0.22673740708753673 0.9739559272509309 1e-08
p 0.9250702350522996 -0.3797960771523097 -2e-08 1.8501404701045991 -0.7595921543046193 -4e-08
p 0.9846471171076304 0.17455673797259028 -2.9999999999999984e-08 0.4923235585538152 0.08727836898629514 -1.4999999999999992e-08
p 0.9511643577792296 0.308684895142969 -9.999999999995e-07 0.9511643577792296 0.308684895142969 -9.999999999995e-07
p 0.49263912299520646 0.8702337010794935 -2.999999999999999e-08 0.49263912299520646 0.8702337010794935 -2.999999999999999e-08
p 0.28350748350198673 0.9589700239310767 2.9999999999999984e-08 0.14175374175099337 0.47948501196553833 1.4999999999999992e-08
p 0.8639995969757166 0.5034924988773881 4.999999999999993e-08 0.8639995969757166 0.5034924988773881 4.999999999999993e-08
p 0.9614716127006667 -0.27490423418124943 -1e-08 0.9614716127006667 -0.27490423418124943 -1e-08
p -0.017981248544198986 0.9998383242808755 -4.999999999999993e-08 -0.03596249708839797 1.999676648561751 -9.999999999999986e-08
p 0.7512226179022966 0.6600489211808546 -9.999999999999948e-08 0.7512226179022966 0.6600489211808546 -9.999999999999948e-08
p 0.869153649226395 0.49454214586467565 4.999999999999993e-08 0.4345768246131975 0.24727107293233783 2.4999999999999966e-08
p 0.9999810987743324 0.006148340758188334 2e-08 0.4999905493871662 0.003074170379094167 1e-08
p 0.4182102734766135 0.9083502447616814 9.99999999999995e-08 0.4182102734766135 0.9083502447616814 9.99999999999995e-08
p 0.928116357016328 0.372290246768217 -1e-08 0.928116357016328 0.372290246768217 -1e-08
p 0.966572919312251 0.2563918712677585 -9.99999999999995e-08 0.4832864596561255 0.12819593563387924 -4.999999999999975e-08
p 0.4066625379585684 0.9135784477652125 2.9999999999999984e-08 0.4066625379585684 0.9135784477652125 2.9999999999999984e-08
p 0.944533802635289 0.3284142135753587 -9.999999999995002e-07 1.889067605270578 0.6568284271507174 -1.9999999999990004e-06
p 0.4314849640439015 0.9021201282556736 -1e-08 0.862969928087803 1.8042402565113471 -2e-08
p 0.1759714090275134 0.9843952779269467 2.9999999999999984e-08 0.0879857045137567 0.49219763896347335 1.4999999999999992e-08
p 0.9353145303954383 -0.3538173670570044 -9.99999999999995e-08 0.9353145303954383 -0.3538173670570044 -9.99999999999995e-08
p 0.9974020197432012 -0.07203617849512839 2.9999999999999984e-08 0.9974020197432012 -0.07203617849512839 2.9999999999999984e-08
case 15 6 40
s 0.9995500337489425 0.029995500202494307 -2.999999999999865e-07 0.9987502603949663 0.04997916927067833 0.0 7.497375204775484e-07 -1.4982252701109468e-05 0.9999999998874849 1.0 1.0 0.009995500337489424 0.00029995500202494306 -2.9999999999998647e-09 0.009987502603949663 0.0004997916927067833 0.0 0.01 0.0
s 0.9987502603949663 0.04997916927067833 0.0 0.8775825618903728 0.479425538604203 0.0 0.0 0.0 1.0 1.0 1.0 0.009987502603949663 0.0004997916927067833 0.0 0.4387912809451864 0.2397127693021015 0.0 0.01 1.0
s 0.8775825618903728 0.479425538604203 0.0 -0.39859637855648306 0.8709489764975944 -0.2873478855663454 -0.13807921244038343 0.25275230299584717 0.9576274872945841 1.0 1.0 0.4387912809451864 0.2397127693021015 0.0 -0.19929818927824153 0.4354744882487972 -0.1436739427831727 0.5 2.0
s -0.39859637855648306 0.8709489764975944 -0.2873478855663454 -0.8969628300582488 -0.3359893958958339 0.2873478855663454 0.1537435140353627 0.3723343456140114 0.9152759512672909 1.0 1.0 -0.19929818927824153 0.4354744882487972 -0.1436739427831727 -0.4484814150291244 -0.16799469794791694 0.1436739427831727 0.5 3.0
s -0.8969628300582488 -0.3359893958958339 0.2873478855663454 0.2805238471386536 -0.9483150748622418 -0.14834045293024462 0.3224329819611792 -0.05246353097466939 0.9451373180979005 1.0 1.0 -0.4484814150291244 -0.16799469794791694 0.1436739427831727 0.1402619235693268 -0.4741575374311209 -0.07417022646512231 0.5 4.0
s 0.2805238471386536 -0.9483150748622418 -0.14834045293024462 0.9995500337489425 0.029995500202494307 -2.999999999999865e-07 0.0045981693284164295 -0.15321644319280245 0.9881819561063508 1.0 1.0 0.1402619235693268 -0.4741575374311209 -0.07417022646512231 0.009995500337489424 0.00029995500202494306 -2.9999999999998647e-09 0.01 5.0
p 0.39861557556057503 0.9171181073997563 -1.9999999999999997e-08 0.19930778778028752 0.45855905369987815 -9.999999999999999e-09
p 0.9586034009151857 0.2847446571120145 -2.9999999999999984e-08 0.47930170045759285 0.14237232855600726 -1.4999999999999992e-08
p 0.9957044802168575 -0.09258827180629861 1.9999999999999997e-08 0.49785224010842877 -0.046294135903149305 9.999999999999999e-09
p 0.9693212832185464 -0.2457971722773488 9.99999999999995e-08 0.9693212832185464 -0.2457971722773488 9.99999999999995e-08
p 0.9761104372261965 -0.2172749740261925 -2.9999999999999984e-08 1.952220874452393 -0.434549948052385 -5.999999999999997e-08
p 0.9775878590737027 -0.21052785514438083 2.9999999999999984e-08 0.48879392953685136 -0.10526392757219041 1.4999999999999992e-08
p 0.9999791293282292 -0.006460720389750623 -4.9999999999999945e-08 0.4999895646641146 -0.0032303601948753115 -2.4999999999999972e-08
p 0.13291619156865206 0.9911272804331871 1e-08 0.2658323831373041 1.9822545608663742 2e-08
p 0.88483469688602 0.4659050967596563 1.9999999999999997e-08 0.88483469688602 0.4659050967596563 1.9999999999999997e-08
p 0.549927766790514 0.8352122193267991 -2.9999999999999984e-08 0.274963883395257 0.41760610966339956 -1.4999999999999992e-08
p 0.9536578135571347 0.30089329444410234 -1e-08 0.4768289067785674 0.15044664722205117 -5e-09
p 0.5317921458740562 0.8468749102356653 1.9999999999999997e-08 1.0635842917481124 1.6937498204713306 3.9999999999999994e-08
p 0.5701507875210965 0.8215400656627 -1e-08 1.140301575042193 1.6430801313254 -2e-08
p 0.9947755910414953 -0.10208586321349203 1e-08 0.9947755910414953 -0.10208586321349203 1e-08
p 0.9806784943992225 0.19562640574030887 -4.9999999999999945e-08 1.961356988798445 0.39125281148061775 -9.999999999999989e-08
p 0.9960139985484181 0.08919705541994746 -4.999999999999993e-08 1.9920279970968362 0.17839411083989493 -9.999999999999986e-08
p 0.973051137293613 0.230589427796688 -4.9999999999999945e-08 0.973051137293613 0.230589427796688 -4.9999999999999945e-08
p 0.9629938096797541 0.2695235101405142 9.99999999999995e-08 0.48149690483987706 0.1347617550702571 4.999999999999975e-08
p 0.9348760426078105 -0.35497434408413076 1.9999999999999997e-08 0.46743802130390527 -0.17748717204206538 9.999999999999999e-09
p 0.9999809380588113 0.006174424589995389 -4.9999999999999945e-08 1.9999618761176226 0.012348849179990778 -9.999999999999989e-08
p 0.9107719374157659 0.4129097698237863 1e-08 0.45538596870788295 0.20645488491189315 5e-09
p 0.35146665153030254 0.9362004020839058 9.999999999999948e-08 0.17573332576515127 0.4681002010419529 4.999999999999974e-08
p 0.9197359096049377 0.39253771358071693 -2.9999999999999984e-08 0.45986795480246884 0.19626885679035846 -1.4999999999999992e-08
p 0.26214457102577227 0.9650286129854979 -9.999999999995e-07 0.26214457102577227 0.9650286129854979 -9.999999999995e-07
p 0.42139782530342046 0.9068758861219862 9.999999999999948e-08 0.8427956506068409 1.8137517722439724 1.9999999999999896e-07
p 0.8985275901683106 0.4389170419399643 -9.999999999995e-07 1.7970551803366213 0.8778340838799286 -1.999999999999e-06
p 0.9309238011352814 -0.3652134670022986 1e-08 1.8618476022705628 -0.7304269340045972 2e-08
p 0.6652018960491568 0.7466635370048578 4.9999999999999945e-08 0.3326009480245784 0.3733317685024289 2.4999999999999972e-08
p 0.964463812324648 0.26421497822077733 -1.9999999999999997e-08 0.482231906162324 0.13210748911038867 -9.999999999999999e-09
p 0.8814057002333798 0.4723600232832001 -1e-08 0.4407028501166899 0.23618001164160005 -5e-09
p 0.47534431049093395 0.8797998559239986 -9.99999999999995e-08 0.23767215524546698 0.4398999279619993 -4.999999999999975e-08
p 0.8839489348921168 0.4675834476359086 9.99999999999995e-08 0.4419744674460584 0.2337917238179543 4.999999999999975e-08
p 0.807298534560427 0.5901432674322288 -9.999999999995e-07 1.614597069120854 1.1802865348644576 -1.999999999999e-06
p 0.7218990493720441 0.6919983833187305 4.9999999999999945e-08 1.4437980987440882 1.383996766637461 9.999999999999989e-08
p 0.9560103546447867 0.29333291975322034 -9.999999999995e-07 0.9560103546447867 0.29333291975322034 -9.999999999995e-07
p 0.9677278993409716 -0.25199744609243613 -2e-08 0.4838639496704858 -0.12599872304621806 -1e-08
p 0.9559163484183403 -0.293639123460322 1e-08 0.47795817420917014 -0.146819561730161 5e-09
p 0.5830987065438956 0.8124013161158874 9.99999999999995e-08 0.2915493532719478 0.4062006580579437 4.999999999999975e-08
p 0.8386611707592551 0.5446535051394741 1.9999999999999997e-08 0.8386611707592551 0.5446535051394741 1.9999999999999997e-08
p 0.8658759245657947 0.5002588162714678 -1e-08 1.7317518491315893 1.0005176325429357 -2e-08
case 16 6 40
s 0.9989876708478411 0.04498481403766017 4.999999999999993e-08 0.9987502603949663 0.04997916927067833 0.0 -4.997937751532528e-07 9.987544218165823e-06 0.9999999999499996 1.0 1.0 0.009989876708478411 0.0004498481403766017 4.999999999999993e-10 0.009987502603949663 0.0004997916927067833 0.0 0.01 0.0
s 0.9987502603949663 0.04997916927067833 0.0 0.8775825618903728 0.479425538604203 0.0 0.0 0.0 1.0 1.0 1.0 0.009987502603949663 0.0004997916927067833 0.0 0.4387912809451864 0.2397127693021015 0.0 0.01 1.0
s 0.8775825618903728 0.479425538604203 0.0 -0.3722130460563617 0.813300343259146 0.4472135954999579 0.21483604456352498 -0.3932547417548017 0.8939777301721019 1.0 1.0 0.4387912809451864 0.2397127693021015 0.0 -0.18610652302818084 0.406650171629573 0.22360679774997896 0.5 2.0
s -0.3722130460563617 0.813300343259146 0.4472135954999579 -0.8375923243065936 -0.31375005699231057 -0.4472135954999579 -0.22573907030675272 -0.5466923892662394 0.8063307656634549 1.0 1.0 -0.18610652302818084 0.406650171629573 0.22360679774997896 -0.4187961621532968 -0.15687502849615528 -0.22360679774997896 0.5 3.0
s -0.8375923243065936 -0.31375005699231057 -0.4472135954999579 0.2751927418019831 -0.9302931932717461 0.24253562503633297 -0.4926817704433339 0.08016495448787829 0.8665092343101592 1.0 1.0 -0.4187961621532968 -0.15687502849615528 -0.22360679774997896 0.13759637090099155 -0.46514659663587304 0.12126781251816648 0.5 4.0
s 0.2751927418019831 -0.9302931932717461 0.24253562503633297 0.9989876708478411 0.04498481403766017 4.999999999999993e-08 -0.011219437072255858 0.24915143318534644 0.968399549552492 1.0 1.0 0.13759637090099155 -0.46514659663587304 0.12126781251816648 0.009989876708478411 0.0004498481403766017 4.999999999999993e-10 0.01 5.0
p 0.9979464239717414 0.06405415585278296 -2.9999999999999984e-08 0.9979464239717414 0.06405415585278296 -2.9999999999999984e-08
p 0.8130454245301945 0.582200255625601 2.9999999999999984e-08 1.626090849060389 1.164400511251202 5.999999999999997e-08
p 0.5546059001374593 0.83211315067887 -4.999999999999993e-08 1.1092118002749185 1.66422630135774 -9.999999999999986e-08
p 0.7392752620835894 0.6734033611968678 -2.9999999999999984e-08 1.4785505241671788 1.3468067223937357 -5.999999999999997e-08
p 0.5781072027383896 0.815960821449777 -9.999999999995002e-07 0.5781072027383896 0.815960821449777 -9.999999999995002e-07
p 0.47201159717616276 0.8815923389703471 -1.9999999999999997e-08 0.23600579858808138 0.44079616948517353 -9.999999999999999e-09
p 0.9332827872808424 -0.35914236587362064 -1.9999999999999997e-08 0.4666413936404212 -0.17957118293681032 -9.999999999999999e-09
p 0.327848338165166 0.9447303674394817 -2.9999999999999984e-08 0.655696676330332 1.8894607348789634 -5.999999999999997e-08
p 0.22246359376198485 0.974940997932953 1.9999999999999997e-08 0.4449271875239697 1.949881995865906 3.9999999999999994e-08
p -0.024555406416095882 0.9996984705478638 4.9999999999999945e-08 -0.024555406416095882 0.9996984705478638 4.9999999999999945e-08
p 0.8840717299021016 0.4673512344991674 -9.99999999999995e-08 1.7681434598042032 0.9347024689983348 -1.99999999999999e-07
p 0.9611359557858425 0.27607548694991957 9.999999999995002e-07 1.922271911571685 0.5521509738998391 1.9999999999990004e-06
p 0.9970489008914227 -0.07676906428506847 2.9999999999999984e-08 0.9970489008914227 -0.07676906428506847 2.9999999999999984e-08
p 0.995495903737951 0.09480456550166769 -9.999999999995e-07 1.990991807475902 0.18960913100333537 -1.999999999999e-06
p 0.05154814902949246 0.9986705103940106 9.999999999995002e-07 0.10309629805898492 1.9973410207880211 1.9999999999990004e-06
p 0.9417416053672341 0.3363372544342133 -1e-08 1.8834832107344681 0.6726745088684266 -2e-08
p 0.6956338272518325 0.7183965328298626 -9.999999999995002e-07 0.34781691362591627 0.3591982664149313 -4.999999999997501e-07
p 0.7087265630449592 0.7054832803365858 -9.99999999999995e-08 1.4174531260899184 1.4109665606731716 -1.99999999999999e-07
p 0.23367899925221786 0.9723137998138677 1e-08 0.11683949962610893 0.48615689990693384 5e-09
p 0.9274153709140176 -0.3740330597586465 1e-08 0.4637076854570088 -0.18701652987932324 5e-09
p 0.7864862661966449 0.6176077663728489 2.9999999999999984e-08 0.39324313309832243 0.30880388318642443 1.4999999999999992e-08
p 0.8139065661518617 0.5809957844725593 1.9999999999999997e-08 0.40695328307593087 0.29049789223627964 9.999999999999999e-09
p 0.848429972954372 0.52930764305047 -9.999999999995e-07 0.848429972954372 0.52930764305047 -9.999999999995e-07
p 0.7034858853372643 0.7107092296651596 2.9999999999999984e-08 0.35174294266863215 0.3553546148325798 1.4999999999999992e-08
p 0.2696271864490676 0.9629647866498334 2.999999999999999e-08 0.1348135932245338 0.4814823933249167 1.4999999999999995e-08
p 0.9183420708367531 0.39578762099295506 -2.9999999999999984e-08 0.9183420708367531 0.39578762099295506 -2.9999999999999984e-08
p 0.9144353768674224 0.40473193787164263 1e-08 0.4572176884337112 0.20236596893582132 5e-09
p 0.4425279055266079 0.8967547339324358 -1e-08 0.4425279055266079 0.8967547339324358 -1e-08
p 0.9701266822186339 0.2425988879765627 2.9999999999999984e-08 0.4850633411093169 0.12129944398828135 1.4999999999999992e-08
p 0.4018220421431211 0.9157177766364106 1.9999999999999997e-08 0.4018220421431211 0.9157177766364106 1.9999999999999997e-08
p 0.9361481601004789 -0.35160577688724926 -4.9999999999999945e-08 0.4680740800502394 -0.17580288844362463 -2.4999999999999972e-08
p 0.9992009770638451 -0.03996757979483728 -1.9999999999999997e-08 0.49960048853192257 -0.01998378989741864 -9.999999999999999e-09
p 0.8761584750691531 0.48202315977917104 9.999999999995e-07 0.8761584750691531 0.48202315977917104 9.999999999995e-07
p 0.9879202115734651 0.1549634007230099 -9.999999999995002e-07 0.49396010578673255 0.07748170036150495 -4.999999999997501e-07
p 0.3843739948959481 0.9231774650882297 -9.999999999995e-07 0.7687479897918962 1.8463549301764595 -1.999999999999e-06
p 0.9104228601987758 -0.41367887984217666 -4.9999999999999945e-08 1.8208457203975517 -0.8273577596843533 -9.999999999999989e-08
p 0.25156378689132375 0.967840720947872 2e-08 0.25156378689132375 0.967840720947872 2e-08
p 0.6559083657087836 0.7548405234175174 -2.9999999999999984e-08 0.3279541828543918 0.3774202617087587 -1.4999999999999992e-08
p 0.8344597609144068 0.5510688771965543 1e-08 0.4172298804572034 0.27553443859827714 5e-09
p 0.8615275572974106 0.507710811404639 1e-08 0.8615275572974106 0.507710811404639 1e-08
case 17 6 40
s 0.9987502603949663 0.04997916927067833 0.0 0.9989876708478262 0.044984814037659505 -1.7999999999999709e-07 -1.7992575894757457e-06 3.595515916389562e-05 -0.9999999993519947 1.0 1.0 0.9987502603949663 0.04997916927067833 0.0 0.9989876708478262 0.044984814037659505 -1.7999999999999709e-07 1.0 0.0
s 0.8775825618903728 0.479425538604203 0.0 0.9987502603949663 0.04997916927067833 0.0 0.0 0.0 -1.0 1.0 1.0 1.7551651237807455 0.958851077208406 0.0 0.9987502603949663 0.04997916927067833 0.0 1.0 1.0
s -0.3722130460563617 0.813300343259146 0.4472135954999579 0.8775825618903728 0.479425538604203 0.0 -0.21483604456352498 0.3932547417548017 -0.8939777301721019 1.0 1.0 -0.7444260921127234 1.626600686518292 0.8944271909999159 1.7551651237807455 0.958851077208406 0.0 2.0 2.0
s -0.8375923243065936 -0.31375005699231057 -0.4472135954999579 -0.3722130460563617 0.813300343259146 0.4472135954999579 0.22573907030675272 0.5466923892662394 -0.8063307656634549 1.0 1.0 -1.6751846486131872 -0.6275001139846211 -0.8944271909999159 -0.7444260921127234 1.626600686518292 0.8944271909999159 2.0 3.0
s 0.2751927418019831 -0.9302931932717461 0.24253562503633297 -0.8375923243065936 -0.31375005699231057 -0.4472135954999579 0.4926817704433339 -0.08016495448787829 -0.8665092343101592 1.0 1.0 0.5503854836039662 -1.8605863865434922 0.48507125007266594 -1.6751846486131872 -0.6275001139846211 -0.8944271909999159 2.0 4.0
s 0.9989876708478262 0.044984814037659505 -1.7999999999999709e-07 0.2751927418019831 -0.9302931932717461 0.24253562503633297 0.01121921689129441 -0.2491514948467808 -0.968399536239026 1.0 1.0 0.9989876708478262 0.044984814037659505 -1.7999999999999709e-07 0.5503854836039662 -1.8605863865434922 0.48507125007266594 1.0 5.0
p 0.9004615258139936 -0.43493567401252814 4.9999999999999945e-08 0.9004615258139936 -0.43493567401252814 4.9999999999999945e-08
p 0.9730075196613258 -0.23077340982555522 -2.9999999999999984e-08 1.9460150393226516 -0.46154681965111044 -5.999999999999997e-08
p 0.9198482178064438 0.3922744653916555 1e-08 1.8396964356128875 0.784548930783311 2e-08
p 0.997552833689792 0.0699166932674623 -9.99999999999995e-08 0.997552833689792 0.0699166932674623 -9.99999999999995e-08
p 0.8428075227086432 0.5382150868061205 -1e-08 0.4214037613543216 0.26910754340306026 -5e-09
p 0.7784843740361853 0.6276639860478527 -9.99999999999995e-08 1.5569687480723706 1.2553279720957053 -1.99999999999999e-07
p 0.17552324142314826 0.984475287511226 1e-08 0.17552324142314826 0.984475287511226 1e-08
p 0.8987970335217832 0.4383650220221071 -1e-08 0.4493985167608916 0.21918251101105354 -5e-09
p 0.3749291042166785 0.9270534864889279 -4.9999999999999945e-08 0.18746455210833926 0.46352674324446397 -2.4999999999999972e-08
p 0.874803285855412 0.4844782874965345 9.999999999995002e-07 1.749606571710824 0.968956574993069 1.9999999999990004e-06
p 0.03273576194236807 0.9994640413191714 4.9999999999999945e-08 0.06547152388473614 1.9989280826383429 9.999999999999989e-08
p 0.9043681852323716 -0.426753073263107 -1e-08 1.8087363704647432 -0.853506146526214 -2e-08
p 0.948124981368075 -0.31789781330608097 9.999999999995002e-07 0.948124981368075 -0.31789781330608097 9.999999999995002e-07
p 0.9479548132405516 -0.31840488698206354 9.999999999999948e-08 0.9479548132405516 -0.31840488698206354 9.999999999999948e-08
p 0.4394889032057214 0.8982480191790194 1e-08 0.2197444516028607 0.4491240095895097 5e-09
p 0.7466053556410819 0.6652671966421106 -2.9999999999999984e-08 0.37330267782054094 0.3326335983210553 -1.4999999999999992e-08
p 0.8088224852942201 0.5880528779646192 -9.99999999999995e-08 0.8088224852942201 0.5880528779646192 -9.99999999999995e-08
p 0.26934364590885085 0.9630441321188387 -1.9999999999999997e-08 0.5386872918177017 1.9260882642376773 -3.9999999999999994e-08
p 0.9996922986447805 0.024805403248187585 9.99999999999995e-08 0.49984614932239024 0.012402701624093793 4.999999999999975e-08
p 0.6732396230548797 0.7394243774368842 9.999999999995002e-07 0.6732396230548797 0.7394243774368842 9.999999999995002e-07
p 0.06185731387188696 0.9980850027530491 -2.9999999999999984e-08 0.12371462774377393 1.9961700055060982 -5.999999999999997e-08
p 0.991065703206779 0.13337455502176074 -1e-08 0.991065703206779 0.13337455502176074 -1e-08
p 0.2344301190085827 0.9721329740841123 1.9999999999999997e-08 0.11721505950429136 0.48606648704205613 9.999999999999999e-09
p 0.2595765072894932 0.9657225465232692 -1e-08 0.2595765072894932 0.9657225465232692 -1e-08
p 0.9972194112931584 -0.07452144483386151 1.9999999999999997e-08 0.9972194112931584 -0.07452144483386151 1.9999999999999997e-08
p 0.952102929674543 0.3057777155126786 9.999999999995002e-07 0.4760514648372715 0.1528888577563393 4.999999999997501e-07
p 0.9135901886667479 -0.4066361606791204 -1.9999999999999997e-08 0.45679509433337395 -0.2033180803395602 -9.999999999999999e-09
p 0.5641165452995687 0.8256951757878199 2.9999999999999984e-08 1.1282330905991373 1.6513903515756398 5.999999999999997e-08
p 0.6687737193576775 0.7434660128724706 -9.99999999999995e-08 0.6687737193576775 0.7434660128724706 -9.99999999999995e-08
p 0.9477107333259213 -0.3191306408649042 1e-08 0.47385536666296063 -0.1595653204324521 5e-09
p 0.8256087852009353 0.5642429740794614 -9.999999999995e-07 0.41280439260046764 0.2821214870397307 -4.9999999999975e-07
p 0.7234452611702784 0.690381745189042 -1.9999999999999997e-08 0.7234452611702784 0.690381745189042 -1.9999999999999997e-08
p 0.805236720336733 0.5929534755959708 1.9999999999999997e-08 0.4026183601683665 0.2964767377979854 9.999999999999999e-09
p 0.9893083971630625 0.14583859332372331 -9.99999999999995e-08 0.9893083971630625 0.14583859332372331 -9.99999999999995e-08
p 0.998507344592377 0.054617605175247025 -2.9999999999999984e-08 0.998507344592377 0.054617605175247025 -2.9999999999999984e-08
p 0.9209842762570403 -0.38959974703186817 -1e-08 0.46049213812852013 -0.19479987351593409 -5e-09
p 0.9977694653269144 -0.0667539816134029 -2.9999999999999984e-08 1.9955389306538287 -0.1335079632268058 -5.999999999999997e-08
p 0.9903719309771203 0.13843207118529174 1.9999999999999997e-08 0.49518596548856014 0.06921603559264587 9.999999999999999e-09
p 0.9061374337607367 -0.4229833934523987 9.999999999995002e-07 1.8122748675214735 -0.8459667869047974 1.9999999999990004e-06
p 0.7303120779374211 0.6831136573204538 9.999999999995002e-07 0.7303120779374211 0.6831136573204538 9.999999999995002e-07
case 18 6 40
s 0.955336489125606 -0.29552020666133955 1e-09 0.9987502603949663 0.04997916927067833 0.0 -1.4575528972191382e-10 2.91267613463735e-09 1.0 1.0 1.0 0.955336489125606 -0.29552020666133955 1e-09 0.9987502603949663 0.04997916927067833 0.0 1.0 0.0
s 0.9987502603949663 0.04997916927067833 0.0 0.8775825618903728 0.479425538604203 0.0 0.0 0.0 1.0 1.0 1.0 0.9987502603949663 0.04997916927067833 0.0 0.8775825618903728 0.479425538604203 0.0 1.0 1.0
s 0.8775825618903728 0.479425538604203 0.0 -0.39859637855648306 0.8709489764975944 0.2873478855663454 0.13807921244038343 -0.25275230299584717 0.9576274872945841 1.0 1.0 0.8775825618903728 0.479425538604203 0.0 -0.39859637855648306 0.8709489764975944 0.2873478855663454 1.0 2.0
s -0.39859637855648306 0.8709489764975944 0.2873478855663454 -0.8969628300582488 -0.3359893958958339 -0.2873478855663454 -0.1537435140353627 -0.3723343456140114 0.9152759512672909 1.0 1.0 -0.39859637855648306 0.8709489764975944 0.2873478855663454 -0.8969628300582488 -0.3359893958958339 -0.2873478855663454 1.0 3.0
s -0.8969628300582488 -0.3359893958958339 -0.2873478855663454 0.2805238471386536 -0.9483150748622418 0.14834045293024462 -0.3224329819611792 0.05246353097466939 0.9451373180979005 1.0 1.0 -0.8969628300582488 -0.3359893958958339 -0.2873478855663454 0.2805238471386536 -0.9483150748622418 0.14834045293024462 1.0 4.0
s 0.2805238471386536 -0.9483150748622418 0.14834045293024462 0.955336489125606 -0.29552020666133955 1e-09 0.05241722941781777 0.16945065608741752 0.9841437441815619 1.0 1.0 0.2805238471386536 -0.9483150748622418 0.14834045293024462 0.955336489125606 -0.29552020666133955 1e-09 1.0 5.0
p 0.932934486226444 -0.36004616983020443 -1.9999999999999997e-08 1.865868972452888 -0.7200923396604089 -3.9999999999999994e-08
p 0.9485666115161551 -0.3165776105740106 -9.99999999999995e-08 0.47428330575807753 -0.1582888052870053 -4.999999999999975e-08
p 0.9438738472981891 0.33030616159330856 -9.99999999999995e-08 0.9438738472981891 0.33030616159330856 -9.99999999999995e-08
p 0.9990421162859253 0.04375899778251106 -9.99999999999995e-08 0.9990421162859253 0.04375899778251106 -9.99999999999995e-08
p 0.8178162126354039 0.575479489079041 -9.99999999999995e-08 0.8178162126354039 0.575479489079041 -9.99999999999995e-08
p 0.9510643361834675 -0.308992926197183 -4.999999999999993e-08 0.47553216809173376 -0.1544964630985915 -2.4999999999999966e-08
p 0.1762639226599445 0.9843429430683844 1.9999999999999997e-08 0.352527845319889 1.9686858861367689 3.9999999999999994e-08
p 0.9243415651755092 -0.3815660767008629 2.9999999999999984e-08 0.4621707825877546 -0.19078303835043145 1.4999999999999992e-08
p 0.9857236796386674 0.16837110025062443 -1e-08 1.9714473592773347 0.33674220050124887 -2e-08
p 0.31256204965489387 0.949897344514411 4.9999999999999945e-08 0.6251240993097877 1.899794689028822 9.999999999999989e-08
p 0.9099137398088109 -0.4147975242297546 -9.99999999999995e-08 1.8198274796176217 -0.8295950484595092 -1.99999999999999e-07
p 0.9498048567728813 0.3128429862577159 2.9999999999999984e-08 0.47490242838644064 0.15642149312885795 1.4999999999999992e-08
p 0.995774118782141 -0.09183629109807792 -9.999999999995002e-07 0.995774118782141 -0.09183629109807792 -9.999999999995002e-07
p 0.16000941678304523 0.9871154879449262 -1e-08 0.08000470839152261 0.4935577439724631 -5e-09
p 0.8108196227047487 0.5852961126096164 9.999999999995e-07 0.40540981135237436 0.2926480563048082 4.9999999999975e-07
p 0.9506889094404812 -0.3101460905232663 4.9999999999999945e-08 0.4753444547202406 -0.15507304526163315 2.4999999999999972e-08
p 0.6359561793716791 0.7717251699400338 -4.999999999999993e-08 0.31797808968583957 0.3858625849700169 -2.4999999999999966e-08
p 0.9833088771692594 -0.18194409053368674 1e-08 1.9666177543385188 -0.3638881810673735 2e-08
p 0.7431488963460637 0.6691260851735081 4.999999999999993e-08 0.37157444817303187 0.33456304258675407 2.4999999999999966e-08
p 0.7717302672348844 0.6359499938144303 9.999999999995e-07 1.5434605344697687 1.2718999876288606 1.999999999999e-06
p 0.9393551430211272 0.34294593638029475 1.9999999999999997e-08 0.4696775715105636 0.17147296819014737 9.999999999999999e-09
p 0.9781167040373516 0.2080569952755872 -4.9999999999999945e-08 1.9562334080747033 0.4161139905511744 -9.999999999999989e-08
p 0.6317436117576412 0.775177404858661 4.9999999999999945e-08 0.6317436117576412 0.775177404858661 4.9999999999999945e-08
p 0.998957118200784 0.04565825222216238 -4.9999999999999945e-08 0.998957118200784 0.04565825222216238 -4.9999999999999945e-08
p -0.014932261145670653 0.9998885075732532 9.99999999999995e-08 -0.014932261145670653 0.9998885075732532 9.99999999999995e-08
p 0.17518110864902048 0.9845362254241842 1e-08 0.35036221729804096 1.9690724508483683 2e-08
p 0.24586160720948688 0.9693049417491731 -9.999999999995e-07 0.12293080360474344 0.48465247087458657 -4.9999999999975e-07
p 0.9022274700975355 -0.4312604690919293 -9.99999999999995e-08 0.45111373504876773 -0.21563023454596464 -4.999999999999975e-08
p 0.016550439653159204 0.9998630320935388 4.9999999999999945e-08 0.03310087930631841 1.9997260641870775 9.999999999999989e-08
p 0.6518296324873291 0.7583654331596562 -1.9999999999999997e-08 0.6518296324873291 0.7583654331596562 -1.9999999999999997e-08
p 0.8391942084555796 0.5438318494669216 2.9999999999999984e-08 0.8391942084555796 0.5438318494669216 2.9999999999999984e-08
p 0.29681729296393106 0.9549342881044508 -9.99999999999995e-08 0.14840864648196553 0.4774671440522254 -4.999999999999975e-08
p 0.7642939993874126 0.6448679574148428 -4.9999999999999945e-08 1.5285879987748252 1.2897359148296856 -9.999999999999989e-08
p 0.9090390924009465 0.4167108451754801 -1.9999999999999997e-08 1.818078184801893 0.8334216903509603 -3.9999999999999994e-08
p 0.9535936119542352 0.3010967008123232 -9.99999999999995e-08 0.4767968059771176 0.1505483504061616 -4.999999999999975e-08
p 0.9947814281549948 0.10202896744507904 1.0000000000000002e-08 0.9947814281549948 0.10202896744507904 1.0000000000000002e-08
p 0.6872799110751526 0.7263926788119014 9.999999999995e-07 0.3436399555375763 0.3631963394059507 4.9999999999975e-07
p 0.9932121363178755 0.11631703345117506 1e-08 0.9932121363178755 0.11631703345117506 1e-08
p 0.9607399274361403 0.2774505214069711 -9.999999999995002e-07 1.9214798548722807 0.5549010428139421 -1.9999999999990004e-06
p 0.8817164779391381 0.47177966523537423 9.999999999995002e-07 1.7634329558782762 0.9435593304707485 1.9999999999990004e-06
case 19 6 40
s 0.9999999999999951 0.0 9.99999999999995e-08 0.9987502603949663 0.04997916927067833 0.0 -9.999999999979983e-08 1.9983330554854013e-06 0.9999999999979984 1.0 1.0 0.009999999999999952 0.0 9.99999999999995e-10 0.009987502603949663 0.0004997916927067833 0.0 0.01 0.0
s 0.9987502603949663 0.04997916927067833 0.0 0.8775825618903728 0.479425538604203 0.0 0.0 0.0 1.0 1.0 1.0 0.009987502603949663 0.0004997916927067833 0.0 0.8775825618903728 0.479425538604203 0.0 0.01 1.0
s 0.8775825618903728 0.479425538604203 0.0 -0.39859637855648306 0.8709489764975944 0.2873478855663454 0.13807921244038343 -0.25275230299584717 0.9576274872945841 1.0 1.0 0.8775825618903728 0.479425538604203 0.0 -0.39859637855648306 0.8709489764975944 0.2873478855663454 1.0 2.0
s -0.39859637855648306 0.8709489764975944 0.2873478855663454 -0.8969628300582488 -0.3359893958958339 -0.2873478855663454 -0.1537435140353627 -0.3723343456140114 0.9152759512672909 1.0 1.0 -0.39859637855648306 0.8709489764975944 0.2873478855663454 -0.8969628300582488 -0.3359893958958339 -0.2873478855663454 1.0 3.0
s -0.8969628300582488 -0.3359893958958339 -0.2873478855663454 0.2805238471386536 -0.9483150748622418 0.14834045293024462 -0.3224329819611792 0.05246353097466939 0.9451373180979005 1.0 1.0 -0.8969628300582488 -0.3359893958958339 -0.2873478855663454 0.2805238471386536 -0.9483150748622418 0.14834045293024462 1.0 4.0
s 0.2805238471386536 -0.9483150748622418 0.14834045293024462 0.9999999999999951 0.0 9.99999999999995e-08 -9.879856098700943e-08 0.15454589832670465 0.9879856098700942 1.0 1.0 0.2805238471386536 -0.9483150748622418 0.14834045293024462 0.009999999999999952 0.0 9.99999999999995e-10 0.01 5.0
p 0.9979302714907166 0.06430531270792725 -1.9999999999999997e-08 1.9958605429814331 0.1286106254158545 -3.9999999999999994e-08
p 0.5345969831268145 0.845107132635684 2.9999999999999984e-08 0.5345969831268145 0.845107132635684 2.9999999999999984e-08
p 0.23346484482817995 0.9723652432236324 2e-08 0.23346484482817995 0.9723652432236324 2e-08
p 0.5031629200900432 0.8641915735792967 9.999999999995e-07 0.2515814600450216 0.43209578678964833 4.9999999999975e-07
p 0.9110389394700616 0.41232032543795955 -1.9999999999999997e-08 0.4555194697350308 0.20616016271897977 -9.999999999999999e-09
p -0.01531101869927556 0.9998827794828702 1.9999999999999997e-08 -0.01531101869927556 0.9998827794828702 1.9999999999999997e-08
p 0.9153940878924675 -0.4025588948856013 2.9999999999999984e-08 0.9153940878924675 -0.4025588948856013 2.9999999999999984e-08
p 0.8076539338901692 0.5896567841310099 9.99999999999995e-08 0.4038269669450846 0.29482839206550493 4.999999999999975e-08
p 0.30695378256413636 0.9517244219676032 -1.9999999999999997e-08 0.6139075651282727 1.9034488439352064 -3.9999999999999994e-08
p 0.8308499727984421 0.5564964714181266 4.9999999999999945e-08 0.41542498639922104 0.2782482357090633 2.4999999999999972e-08
p 0.7172317859957322 0.6968346756271333 -9.999999999995e-07 0.7172317859957322 0.6968346756271333 -9.999999999995e-07
p 0.9438428064335297 0.33039484975355854 -4.9999999999999945e-08 0.9438428064335297 0.33039484975355854 -4.9999999999999945e-08
p 0.9785082167784741 0.20620783131833437 1e-08 0.9785082167784741 0.20620783131833437 1e-08
p 0.3176508112984222 0.9482077631407866 -9.999999999995e-07 0.1588254056492111 0.4741038815703933 -4.9999999999975e-07
p 0.185309349456856 0.9826802353786692 2e-08 0.185309349456856 0.9826802353786692 2e-08
p -0.009706429216851904 0.9999528915058241 -9.999999999995002e-07 -0.009706429216851904 0.9999528915058241 -9.999999999995002e-07
p 0.05907826859830297 0.9982533537025694 -9.999999999995002e-07 0.05907826859830297 0.9982533537025694 -9.999999999995002e-07
p 0.7911272181746793 0.6116516366880681 2.9999999999999984e-08 0.7911272181746793 0.6116516366880681 2.9999999999999984e-08
p 0.8029405048310808 0.5960591796966213 9.999999999995e-07 0.8029405048310808 0.5960591796966213 9.999999999995e-07
p 0.8969946459456003 -0.4420414065943682 9.999999999995002e-07 0.8969946459456003 -0.4420414065943682 9.999999999995002e-07
p 0.5496075528566897 0.8354229694249966 4.9999999999999945e-08 0.5496075528566897 0.8354229694249966 4.9999999999999945e-08
p -0.02142800201970712 0.9997703940052605 -9.99999999999995e-08 -0.02142800201970712 0.9997703940052605 -9.99999999999995e-08
p 0.8929187870143865 -0.4502177693036497 4.9999999999999945e-08 0.44645939350719327 -0.22510888465182485 2.4999999999999972e-08
p 0.9837241230740019 -0.17968541866908327 4.9999999999999945e-08 0.49186206153700096 -0.08984270933454164 2.4999999999999972e-08
p 0.9369983551929834 -0.3493337692889728 -4.999999999999993e-08 0.4684991775964917 -0.1746668846444864 -2.4999999999999966e-08
p 0.9292518655584238 -0.36944684374912345 -1e-08 1.8585037311168475 -0.7388936874982469 -2e-08
p 0.6619113209141132 0.7495821524327623 -2.9999999999999984e-08 0.3309556604570566 0.37479107621638114 -1.4999999999999992e-08
p 0.9776917200639188 0.21004499641375626 -2.9999999999999984e-08 1.9553834401278376 0.4200899928275125 -5.999999999999997e-08
p 0.9501575693775585 0.311770096953717 1e-08 1.900315138755117 0.623540193907434 2e-08
p 0.9102489182048562 0.41406147720705455 -2.9999999999999984e-08 0.9102489182048562 0.41406147720705455 -2.9999999999999984e-08
p 0.5492897254488375 0.8356319749239737 -9.999999999995e-07 1.098579450897675 1.6712639498479473 -1.999999999999e-06
p 0.9982171209981016 0.059687346617696105 1.9999999999999997e-08 0.9982171209981016 0.059687346617696105 1.9999999999999997e-08
p 0.05011890461686815 0.9987432579997739 4.9999999999999945e-08 0.1002378092337363 1.9974865159995479 9.999999999999989e-08
p 0.7348699818242402 0.6782080136754799 2.9999999999999984e-08 0.3674349909121201 0.33910400683773995 1.4999999999999992e-08
p 0.44943548623985147 0.8933127916398312 9.999999999995002e-07 0.8988709724797029 1.7866255832796625 1.9999999999990004e-06
p 0.9974881383749333 -0.07083370525611454 9.999999999995002e-07 0.9974881383749333 -0.07083370525611454 9.999999999995002e-07
p 0.7004974916577764 0.7136548634880615 9.999999999995002e-07 0.3502487458288882 0.35682743174403075 4.999999999997501e-07
p 0.9918192881938867 0.1276499101667225 9.999999999995002e-07 1.9836385763877733 0.255299820333445 1.9999999999990004e-06
p 0.942785935770908 0.3333986792303942 -4.9999999999999945e-08 1.885571871541816 0.6667973584607884 -9.999999999999989e-08
p 0.41925036793299003 0.9078706565299061 9.99999999999995e-08 0.20962518396649502 0.45393532826495303 4.999999999999975e-08
case 20 6 40
s 0.9987502603949663 0.04997916927067833 0.0 0.9989876708478425 0.044984814037660234 3e-09 2.998762651068916e-08 -5.992526531198045e-07 -0.9999999999998199 1.0 1.0 0.0009987502603949663 4.997916927067833e-05 0.0 0.0009989876708478426 4.498481403766023e-05 3e-12 0.001 0.0
s 0.8775825618903728 0.479425538604203 0.0 0.9987502603949663 0.04997916927067833 0.0 0.0 0.0 -1.0 1.0 1.0 0.4387912809451864 0.2397127693021015 0.0 0.0009987502603949663 4.997916927067833e-05 0.0 0.001 1.0
s -0.3722130460563617 0.813300343259146 0.4472135954999579 0.8775825618903728 0.479425538604203 0.0 -0.21483604456352498 0.3932547417548017 -0.8939777301721019 1.0 1.0 -0.18610652302818084 0.406650171629573 0.22360679774997896 0.4387912809451864 0.2397127693021015 0.0 0.5 2.0
s -0.8375923243065936 -0.31375005699231057 -0.4472135954999579 -0.3722130460563617 0.813300343259146 0.4472135954999579 0.22573907030675272 0.5466923892662394 -0.8063307656634549 1.0 1.0 -0.4187961621532968 -0.15687502849615528 -0.22360679774997896 -0.18610652302818084 0.406650171629573 0.22360679774997896 0.5 3.0
s 0.2751927418019831 -0.9302931932717461 0.24253562503633297 -0.8375923243065936 -0.31375005699231057 -0.4472135954999579 0.4926817704433339 -0.08016495448787829 -0.8665092343101592 1.0 1.0 0.13759637090099155 -0.46514659663587304 0.12126781251816648 -0.4187961621532968 -0.15687502849615528 -0.22360679774997896 0.5 4.0
s 0.9989876708478425 0.044984814037660234 3e-09 0.2751927418019831 -0.9302931932717461 0.24253562503633297 0.011219392078754597 -0.24915144578572773 -0.9683995468319183 1.0 1.0 0.0009989876708478426 4.498481403766023e-05 3e-12 0.13759637090099155 -0.46514659663587304 0.12126781251816648 0.001 5.0
p 0.9973538541475814 0.07269999736557634 -9.999999999999948e-08 0.9973538541475814 0.07269999736557634 -9.999999999999948e-08
p 0.17911557056383748 0.9838280400464254 1e-08 0.08955778528191874 0.4919140200232127 5e-09
p 0.14347080671829726 0.9896545496382013 -9.99999999999995e-08 0.07173540335914863 0.49482727481910066 -4.999999999999975e-08
p 0.9525627073277093 -0.3043423871374225 1e-08 0.47628135366385466 -0.15217119356871125 5e-09
p 0.9963892972924767 0.0849021097500195 -9.999999999995e-07 0.9963892972924767 0.0849021097500195 -9.999999999995e-07
p 0.5414771609867555 0.8407154596709362 -9.99999999999995e-08 1.082954321973511 1.6814309193418724 -1.99999999999999e-07
p 0.026864937392165483 0.9996390724346038 -9.999999999995e-07 0.053729874784330965 1.9992781448692076 -1.999999999999e-06
p 0.9532360876160528 0.302226671997097 -1e-08 0.9532360876160528 0.302226671997097 -1e-08
p 0.9999757436457354 0.006965064189113705 -9.999999999995e-07 0.4999878718228677 0.0034825320945568524 -4.9999999999975e-07
p 0.5894951127393545 0.8077719430980601 -1e-08 1.178990225478709 1.6155438861961202 -2e-08
p 0.9280521607343034 -0.3724502476256254 2.9999999999999984e-08 1.8561043214686068 -0.7449004952512508 5.999999999999997e-08
p 0.6939773962836709 0.7199967871090369 2.9999999999999984e-08 1.3879547925673419 1.4399935742180738 5.999999999999997e-08
p 0.9867298571162088 0.16237053019075323 -9.999999999995e-07 1.9734597142324175 0.32474106038150646 -1.999999999999e-06
p 0.08663851373509553 0.9962398144707799 9.999999999995002e-07 0.17327702747019105 1.9924796289415598 1.9999999999990004e-06
p 0.35554831342706195 0.9346579036306115 4.9999999999999945e-08 0.35554831342706195 0.9346579036306115 4.9999999999999945e-08
p 0.9383459606602887 0.34569763972656775 1e-08 0.4691729803301444 0.17284881986328388 5e-09
p 0.14892279161206495 0.9888488267366552 -9.99999999999995e-08 0.14892279161206495 0.9888488267366552 -9.99999999999995e-08
p 0.991394424499322 -0.13090872801558495 9.999999999995002e-07 0.495697212249661 -0.06545436400779248 4.999999999997501e-07
p 0.12085243047410364 0.9926704841227532 -2.9999999999999984e-08 0.24170486094820728 1.9853409682455063 -5.999999999999997e-08
p 0.9886208622053757 -0.15042869012355975 -9.99999999999995e-08 1.9772417244107514 -0.3008573802471195 -1.99999999999999e-07
p 0.993190298265181 0.11650335373675128 -9.999999999999948e-08 1.986380596530362 0.23300670747350255 -1.9999999999999896e-07
p 0.6005304642020446 0.7996018769145522 -4.9999999999999945e-08 0.3002652321010223 0.3998009384572761 -2.4999999999999972e-08
p 0.9837741910309172 0.17941109514593034 -4.9999999999999945e-08 1.9675483820618345 0.3588221902918607 -9.999999999999989e-08
p -0.0018067812875634161 0.9999983677693525 9.99999999999995e-08 -0.0036135625751268323 1.999996735538705 1.99999999999999e-07
p 0.19104471262776132 0.981581335283519 -1e-08 0.19104471262776132 0.981581335283519 -1e-08
p 0.948339612732429 0.31725696039883355 9.999999999995002e-07 1.896679225464858 0.6345139207976671 1.9999999999990004e-06
p 0.49532837989863404 0.8687058167567395 -1.9999999999999997e-08 0.49532837989863404 0.8687058167567395 -1.9999999999999997e-08
p 0.9971320040552215 0.075682009016785 2.9999999999999984e-08 0.49856600202761076 0.0378410045083925 1.4999999999999992e-08
p 0.3149196407527184 0.9491183381792698 -1e-08 0.1574598203763592 0.4745591690896349 -5e-09
p 0.8878072106421442 0.46021555463914404 1.9999999999999997e-08 0.4439036053210721 0.23010777731957202 9.999999999999999e-09
p 0.945345841685451 -0.3260693785193978 1e-08 1.890691683370902 -0.6521387570387956 2e-08
p 0.6364714739123446 0.7713002417320038 -1e-08 0.6364714739123446 0.7713002417320038 -1e-08
p 0.9815746329078181 -0.19107914598898862 2.9999999999999984e-08 0.49078731645390905 -0.09553957299449431 1.4999999999999992e-08
p 0.29674590039040927 0.954956475762892 4.9999999999999945e-08 0.14837295019520463 0.477478237881446 2.4999999999999972e-08
p 0.8102387278987101 0.5860999947219568 4.9999999999999945e-08 0.8102387278987101 0.5860999947219568 4.9999999999999945e-08
p 0.324506511014933 0.9458834623297486 4.9999999999999945e-08 0.324506511014933 0.9458834623297486 4.9999999999999945e-08
p 0.8177894216687539 0.5755175599464234 1e-08 0.40889471083437695 0.2877587799732117 5e-09
p 0.3650014656196919 0.9310069441714578 2.9999999999999984e-08 0.3650014656196919 0.9310069441714578 2.9999999999999984e-08
p 0.9501609033598388 -0.3117599360492225 9.999999999995002e-07 1.9003218067196777 -0.623519872098445 1.9999999999990004e-06
p 0.9959115531478633 0.09033370526337185 -2.9999999999999984e-08 0.9959115531478633 0.09033370526337185 -2.9999999999999984e-08
case 21 6 40
s 0.9987502603949663 0.04997916927067833 0.0 1.0 0.0 1e-09 9.999999999999999e-10 -1.9983330554894014e-08 -0.9999999999999999 1.0 1.0 0.09987502603949663 0.004997916927067834 0.0 0.1 0.0 1.0000000000000002e-10 0.1 0.0
s 0.8775825618903728 0.479425538604203 0.0 0.9987502603949663 0.04997916927067833 0.0 0.0 0.0 -1.0 1.0 1.0 1.7551651237807455 0.958851077208406 0.0 0.09987502603949663 0.004997916927067834 0.0 0.1 1.0
s -0.39859637855648306 0.8709489764975944 -0.2873478855663454 0.8775825618903728 0.479425538604203 0.0 0.13807921244038343 -0.25275230299584717 -0.9576274872945841 1.0 1.0 -0.7971927571129661 1.7418979529951888 -0.5746957711326908 1.7551651237807455 0.958851077208406 0.0 2.0 2.0
s -0.8969628300582488 -0.3359893958958339 0.2873478855663454 -0.39859637855648306 0.8709489764975944 -0.2873478855663454 -0.1537435140353627 -0.3723343456140114 -0.9152759512672909 1.0 1.0 -1.7939256601164977 -0.6719787917916678 0.5746957711326908 -0.7971927571129661 1.7418979529951888 -0.5746957711326908 2.0 3.0
s 0.2805238471386536 -0.9483150748622418 -0.14834045293024462 -0.8969628300582488 -0.3359893958958339 0.2873478855663454 -0.3224329819611792 0.05246353097466939 -0.9451373180979005 1.0 1.0 0.5610476942773072 -1.8966301497244835 -0.29668090586048923 -1.7939256601164977 -0.6719787917916678 0.5746957711326908 2.0 4.0
s 1.0 0.0 1e-09 0.2805238471386536 -0.9483150748622418 -0.14834045293024462 9.879856053629983e-10 0.15454592713983017 -0.9879856053629983 1.0 1.0 0.1 0.0 1.0000000000000002e-10 0.5610476942773072 -1.8966301497244835 -0.29668090586048923 0.1 5.0
p 0.20967151490409802 0.9777718833336437 -1e-08 0.41934302980819604 1.9555437666672875 -2e-08
p 0.9059120951443577 0.423465790674002 4.999999999999993e-08 0.9059120951443577 0.423465790674002 4.999999999999993e-08
p 0.9661489727280648 -0.25798481059260875 2.9999999999999984e-08 0.9661489727280648 -0.25798481059260875 2.9999999999999984e-08
p 0.13349706068546924 0.9910492090649887 1.9999999999999997e-08 0.2669941213709385 1.9820984181299774 3.9999999999999994e-08
p 0.8849609356544493 -0.46566526858313306 -9.999999999995e-07 0.8849609356544493 -0.46566526858313306 -9.999999999995e-07
p 0.6626723936842558 0.7489094061692485 -4.9999999999999945e-08 0.6626723936842558 0.7489094061692485 -4.9999999999999945e-08
p 0.17973193587768674 0.983715625181209 4.9999999999999945e-08 0.17973193587768674 0.983715625181209 4.9999999999999945e-08
p 0.9254161723282263 -0.3789523822241703 -2.9999999999999984e-08 0.46270808616411313 -0.18947619111208516 -1.4999999999999992e-08
p 0.019084670221696395 0.9998178710957955 1.9999999999999997e-08 0.019084670221696395 0.9998178710957955 1.9999999999999997e-08
p 0.9739532635697111 0.22674884868926878 -1e-08 1.9479065271394223 0.45349769737853757 -2e-08
p 0.9790839212306495 -0.20345681406041208 4.9999999999999945e-08 1.958167842461299 -0.40691362812082416 9.999999999999989e-08
p 0.3818600470798352 0.9242201601589229 2.9999999999999984e-08 0.1909300235399176 0.46211008007946147 1.4999999999999992e-08
p 0.9631654138276308 -0.2689096234913257 4.9999999999999945e-08 0.4815827069138154 -0.13445481174566284 2.4999999999999972e-08
p 0.6212779423081756 0.7835902745703963 9.999999999999948e-08 0.3106389711540878 0.39179513728519816 4.999999999999974e-08
p 0.998864579034456 -0.047639823155823754 -2.9999999999999984e-08 0.998864579034456 -0.047639823155823754 -2.9999999999999984e-08
p 0.4813741415177296 0.8765152228444518 9.99999999999995e-08 0.2406870707588648 0.4382576114222259 4.999999999999975e-08
p 0.9993804190345372 -0.035196278927615704 4.9999999999999945e-08 0.9993804190345372 -0.035196278927615704 4.9999999999999945e-08
p 0.893927314215807 -0.44821195532796027 1.9999999999999997e-08 0.893927314215807 -0.44821195532796027 1.9999999999999997e-08
p 0.6601471814660703 0.7511362717925444 2e-08 0.6601471814660703 0.7511362717925444 2e-08
p 0.5858519972652084 0.8104180632854665 -9.999999999995002e-07 0.2929259986326042 0.40520903164273325 -4.999999999997501e-07
p 0.961505350288629 -0.274786210291457 -1e-08 0.961505350288629 -0.274786210291457 -1e-08
p 0.7624759689681657 0.6470165351403755 -9.999999999995e-07 0.7624759689681657 0.6470165351403755 -9.999999999995e-07
p -0.02823848358845881 0.9996012145068776 -9.999999999995002e-07 -0.02823848358845881 0.9996012145068776 -9.999999999995002e-07
p 0.46835272006517903 0.8835415834059804 -2.9999999999999984e-08 0.9367054401303581 1.7670831668119609 -5.999999999999997e-08
p 0.9419442169782594 -0.33576940316415327 4.9999999999999945e-08 1.8838884339565187 -0.6715388063283065 9.999999999999989e-08
p 0.8817546066437433 0.47170839897391753 -2.9999999999999984e-08 1.7635092132874866 0.9434167979478351 -5.999999999999997e-08
p 0.9053683356155093 -0.4246271033092361 9.99999999999995e-08 0.45268416780775467 -0.21231355165461804 4.999999999999975e-08
p 0.6919111051224464 0.7219827024300753 -1.9999999999999997e-08 0.6919111051224464 0.7219827024300753 -1.9999999999999997e-08
p 0.9253117712574525 0.3792072335443856 9.99999999999995e-08 0.4626558856287262 0.1896036167721928 4.999999999999975e-08
p 0.9449309473339081 0.32726977368776844 9.999999999995002e-07 0.9449309473339081 0.32726977368776844 9.999999999995002e-07
p 0.616236782301804 0.7875609361429226 -4.999999999999993e-08 0.308118391150902 0.3937804680714613 -2.4999999999999966e-08
p 0.9354405847928663 0.35348396331570786 9.999999999995002e-07 1.8708811695857326 0.7069679266314157 1.9999999999990004e-06
p 0.6333096962009405 0.7738984614908289 -1.9999999999999997e-08 1.266619392401881 1.5477969229816577 -3.9999999999999994e-08
p 0.42196538515734094 0.9066119421941319 -2.9999999999999984e-08 0.21098269257867047 0.45330597109706594 -1.4999999999999992e-08
p 0.9996271947052467 0.027303325891158442 -9.999999999995e-07 0.9996271947052467 0.027303325891158442 -9.999999999995e-07
p 0.9759133218751024 -0.21815863078664172 -2.999999999999999e-08 0.4879566609375512 -0.10907931539332086 -1.4999999999999995e-08
p 0.9965096144189103 0.08347807119641536 -2.9999999999999984e-08 0.9965096144189103 0.08347807119641536 -2.9999999999999984e-08
p 0.9918248753326036 0.12760649149422212 -1.9999999999999997e-08 0.9918248753326036 0.12760649149422212 -1.9999999999999997e-08
p 0.3822488710353515 0.9240594139946837 2.9999999999999984e-08 0.3822488710353515 0.9240594139946837 2.9999999999999984e-08
p 0.9513355496089679 0.3081568951836106 -9.999999999995e-07 1.9026710992179359 0.6163137903672212 -1.999999999999e-06
case 22 6 40
s 0.9987502603949663 0.04997916927067833 0.0 0.9999999999999838 0.0 1.7999999999999709e-07 1.7999999999883265e-07 -3.5969994998575955e-06 -0.9999999999935147 1.0 1.0 0.9987502603949663 0.04997916927067833 0.0 0.9999999999999838 0.0 1.7999999999999709e-07 1.0 0.0
s 0.8775825618903728 0.479425538604203 0.0 0.9987502603949663 0.04997916927067833 0.0 0.0 0.0 -1.0 1.0 1.0 0.8775825618903728 0.479425538604203 0.0 0.9987502603949663 0.04997916927067833 0.0 1.0 1.0
s -0.39859637855648306 0.8709489764975944 0.2873478855663454 0.8775825618903728 0.479425538604203 0.0 -0.13807921244038343 0.25275230299584717 -0.9576274872945841 1.0 1.0 -0.39859637855648306 0.8709489764975944 0.2873478855663454 0.8775825618903728 0.479425538604203 0.0 1.0 2.0
s -0.8969628300582488 -0.3359893958958339 -0.2873478855663454 -0.39859637855648306 0.8709489764975944 0.2873478855663454 0.1537435140353627 0.3723343456140114 -0.9152759512672909 1.0 1.0 -0.8969628300582488 -0.3359893958958339 -0.2873478855663454 -0.39859637855648306 0.8709489764975944 0.2873478855663454 1.0 3.0
s 0.2805238471386536 -0.9483150748622418 0.14834045293024462 -0.8969628300582488 -0.3359893958958339 -0.2873478855663454 0.3224329819611792 -0.05246353097466939 -0.9451373180979005 1.0 1.0 0.2805238471386536 -0.9483150748622418 0.14834045293024462 -0.8969628300582488 -0.3359893958958339 -0.2873478855663454 1.0 4.0
s 0.9999999999999838 0.0 1.7999999999999709e-07 0.2805238471386536 -0.9483150748622418 0.14834045293024462 1.7783741041921147e-07 -0.1545458755044256 -0.9879856134400637 1.0 1.0 0.9999999999999838 0.0 1.7999999999999709e-07 0.2805238471386536 -0.9483150748622418 0.14834045293024462 1.0 5.0
p 0.030583162744622378 0.9995322256718565 2.9999999999999984e-08 0.061166325489244756 1.999064451343713 5.999999999999997e-08
p 0.48379720400375786 0.8751801331144042 -1e-08 0.24189860200187893 0.4375900665572021 -5e-09
p 0.06356383547524679 0.9979777747117798 -9.999999999995002e-07 0.03178191773762339 0.4989888873558899 -4.999999999997501e-07
p 0.13541654475614096 0.9907887561969541 2.9999999999999984e-08 0.2708330895122819 1.9815775123939081 5.999999999999997e-08
p 0.9703610310248896 0.24165982179152373 4.9999999999999945e-08 1.9407220620497792 0.48331964358304746 9.999999999999989e-08
p 0.9478772166767991 -0.31863581422219867 2.9999999999999984e-08 1.8957544333535983 -0.6372716284443973 5.999999999999997e-08
p 0.9083353660451402 0.41824258844794937 -1.9999999999999997e-08 1.8166707320902804 0.8364851768958987 -3.9999999999999994e-08
p 0.7000023645415224 0.7141405251323281 -1.9999999999999997e-08 0.7000023645415224 0.7141405251323281 -1.9999999999999997e-08
p 0.6807478133650914 0.7325178595765749 1e-08 0.6807478133650914 0.7325178595765749 1e-08
p 0.9492992401535647 0.3143739057934911 9.99999999999995e-08 0.9492992401535647 0.3143739057934911 9.99999999999995e-08
p 0.994542459393701 0.10433262415528807 1e-08 0.994542459393701 0.10433262415528807 1e-08
p 0.928480670969388 0.371380725989146 -9.99999999999995e-08 1.856961341938776 0.742761451978292 -1.99999999999999e-07
p 0.9973112335892239 -0.07328235365168466 9.99999999999995e-08 0.9973112335892239 -0.07328235365168466 9.99999999999995e-08
p 0.38836526233178537 0.9215055197957096 4.999999999999993e-08 0.19418263116589268 0.4607527598978548 2.4999999999999966e-08
p 0.8331612902094518 0.5530300755804509 4.9999999999999945e-08 1.6663225804189037 1.1060601511609018 9.999999999999989e-08
p 0.9286745399323159 0.37089567115497435 4.999999999999993e-08 0.9286745399323159 0.37089567115497435 4.999999999999993e-08
p 0.4233020373515474 0.9059886230930432 2.9999999999999984e-08 0.4233020373515474 0.9059886230930432 2.9999999999999984e-08
p 0.41772722872440854 0.9085724860363235 -1.9999999999999997e-08 0.41772722872440854 0.9085724860363235 -1.9999999999999997e-08
p 0.5751268828026479 0.8180642203871947 2.999999999999999e-08 0.5751268828026479 0.8180642203871947 2.999999999999999e-08
p 0.40211172697134895 0.91559060667534 4.9999999999999945e-08 0.40211172697134895 0.91559060667534 4.9999999999999945e-08
p 0.794571027065181 0.607171213866882 1.9999999999999997e-08 1.589142054130362 1.214342427733764 3.9999999999999994e-08
p 0.9432789789558034 0.3320011564137949 -1e-08 0.4716394894779017 0.16600057820689745 -5e-09
p 0.5182238498054869 0.8552450183969383 2.9999999999999984e-08 0.5182238498054869 0.8552450183969383 2.9999999999999984e-08
p 0.9872414463971887 -0.15923041956418715 9.999999999995002e-07 0.49362072319859435 -0.07961520978209358 4.999999999997501e-07
p 0.9911869943654084 -0.1324701558837611 -9.999999999995e-07 1.9823739887308167 -0.2649403117675222 -1.999999999999e-06
p 0.7711152598016673 0.6366955756882619 1e-08 0.7711152598016673 0.6366955756882619 1e-08
p 0.595931721033395 0.803035107492304 9.999999999995002e-07 1.19186344206679 1.606070214984608 1.9999999999990004e-06
p 0.9312521094150973 0.3643755050904518 9.99999999999995e-08 0.46562605470754864 0.1821877525452259 4.999999999999975e-08
p 0.4951131546534097 0.868828500965033 -4.999999999999993e-08 0.24755657732670486 0.4344142504825165 -2.4999999999999966e-08
p 0.9862993306974229 -0.1649655426621439 -1e-08 1.9725986613948459 -0.3299310853242878 -2e-08
p 0.8001458719123877 0.5998054548439558 -9.999999999995e-07 0.40007293595619386 0.2999027274219779 -4.9999999999975e-07
p 0.8447524987721886 0.5351571879533552 -2.9999999999999984e-08 0.4223762493860943 0.2675785939766776 -1.4999999999999992e-08
p 0.6142605318687218 0.7891032879087154 -9.999999999999948e-08 1.2285210637374435 1.5782065758174308 -1.9999999999999896e-07
p 0.9818081680220644 -0.18987554135316584 -9.999999999995e-07 0.9818081680220644 -0.18987554135316584 -9.999999999995e-07
p 0.7553395004362432 0.6553336852937788 2.9999999999999984e-08 0.3776697502181216 0.3276668426468894 1.4999999999999992e-08
p 0.8092584894831505 0.5874527191182706 1e-08 0.40462924474157524 0.2937263595591353 5e-09
p 0.9968882540186511 0.07882771719798337 -9.999999999995e-07 0.49844412700932555 0.039413858598991686 -4.9999999999975e-07
p 0.987526063280988 -0.15745562657382026 9.999999999995002e-07 1.975052126561976 -0.3149112531476405 1.9999999999990004e-06
p 0.9992075322378517 -0.039803360651355923 -2.999999999999999e-08 0.4996037661189259 -0.019901680325677962 -1.4999999999999995e-08
p 0.671948778843845 0.7405976226064078 4.9999999999999945e-08 0.3359743894219225 0.3702988113032039 2.4999999999999972e-08
case 23 6 40
s 0.9992001066609617 0.039989334186633516 -1.7999999999999709e-07 0.9987502603949663 0.04997916927067833 0.0 8.996400406521739e-07 -1.797780431277068e-05 0.9999999998379946 1.0 1.0 0.9992001066609617 0.039989334186633516 -1.7999999999999709e-07 0.9987502603949663 0.04997916927067833 0.0 1.0 0.0
s 0.9987502603949663 0.04997916927067833 0.0 0.8775825618903728 0.479425538604203 0.0 0.0 0.0 1.0 1.0 1.0 0.9987502603949663 0.04997916927067833 0.0 0.4387912809451864 0.2397127693021015 0.0 0.5 1.0
s 0.8775825618903728 0.479425538604203 0.0 -0.4161468365471424 0.9092974268256817 0.0 0.0 -0.0 1.0 1.0 1.0 0.4387912809451864 0.2397127693021015 0.0 -0.2080734182735712 0.45464871341284085 0.0 0.5 2.0
s -0.4161468365471424 0.9092974268256817 0.0 -0.9364566872907963 -0.35078322768961984 -0.0 0.0 -0.0 1.0 1.0 1.0 -0.2080734182735712 0.45464871341284085 0.0 -0.46822834364539817 -0.17539161384480992 -0.0 0.5 3.0
s -0.9364566872907963 -0.35078322768961984 -0.0 0.2836621854632263 -0.9589242746631386 0.0 -0.0 0.0 1.0 1.0 1.0 -0.46822834364539817 -0.17539161384480992 -0.0 0.14183109273161315 -0.4794621373315693 0.0 0.5 4.0
s 0.2836621854632263 -0.9589242746631386 0.0 0.9992001066609617 0.039989334186633516 -1.7999999999999709e-07 1.7803635369897498e-07 5.26654528585129e-08 0.9999999999999827 1.0 1.0 0.14183109273161315 -0.4794621373315693 0.0 0.9992001066609617 0.039989334186633516 -1.7999999999999709e-07 0.5 5.0
p 0.2659241339233592 0.9639939600418156 9.99999999999995e-08 0.2659241339233592 0.9639939600418156 9.99999999999995e-08
p 0.14917653345227969 0.9888105793665236 -2.9999999999999984e-08 0.29835306690455937 1.9776211587330472 -5.999999999999997e-08
p 0.9839482939868771 -0.1784537888650853 -9.99999999999995e-08 0.49197414699343855 -0.08922689443254266 -4.999999999999975e-08
p 0.9497160731236866 0.3131124086498719 -1e-08 0.4748580365618433 0.15655620432493594 -5e-09
p 0.4288668208192191 0.9033677268977541 -1.9999999999999997e-08 0.4288668208192191 0.9033677268977541 -1.9999999999999997e-08
p 0.9149340401940107 -0.4036033970301333 2.9999999999999984e-08 1.8298680803880214 -0.8072067940602666 5.999999999999997e-08
p 0.6020352595946901 0.7984695023635853 -4.999999999999993e-08 0.6020352595946901 0.7984695023635853 -4.999999999999993e-08
p 0.9250455045117985 0.3798563078092969 -2.9999999999999984e-08 0.4625227522558992 0.18992815390464846 -1.4999999999999992e-08
p 0.4907242542853562 0.871314929434862 -4.999999999999993e-08 0.2453621271426781 0.435657464717431 -2.4999999999999966e-08
p 0.946005799242538 -0.3241496996736026 9.999999999995e-07 1.892011598485076 -0.6482993993472052 1.999999999999e-06
p 0.9784379950752667 0.2065407702926748 -2.9999999999999984e-08 1.9568759901505335 0.4130815405853496 -5.999999999999997e-08
p 0.954678635944954 0.2976385426490994 4.9999999999999945e-08 0.954678635944954 0.2976385426490994 4.9999999999999945e-08
p 0.7131106623088603 0.7010514840590658 1e-08 1.4262213246177207 1.4021029681181316 2e-08
p 0.8760363694778471 0.48224504077499064 1.9999999999999997e-08 0.43801818473892357 0.24112252038749532 9.999999999999999e-09
p 0.6962365008172521 0.7178124650134939 -9.999999999995e-07 0.6962365008172521 0.7178124650134939 -9.999999999995e-07
p 0.8461595441194032 0.5329296631785884 -2e-08 1.6923190882388064 1.0658593263571767 -4e-08
p 0.09105528856326778 0.9958458386842063 9.99999999999995e-08 0.04552764428163389 0.49792291934210314 4.999999999999975e-08
p 0.848498903603842 0.5291971377304288 9.999999999995002e-07 0.424249451801921 0.2645985688652144 4.999999999997501e-07
p 0.9691470867750971 -0.2464831113795276 9.99999999999995e-08 0.48457354338754854 -0.1232415556897638 4.999999999999975e-08
p 0.9607658918918429 0.2773605973769008 1.9999999999999997e-08 0.9607658918918429 0.2773605973769008 1.9999999999999997e-08
p 0.6381468852364351 0.7699146399848723 1.9999999999999997e-08 0.3190734426182176 0.38495731999243615 9.999999999999999e-09
p 0.5338346277611942 0.8455889014190392 -9.99999999999995e-08 0.5338346277611942 0.8455889014190392 -9.99999999999995e-08
p 0.4472503268258089 0.8944088243941954 1.9999999999999997e-08 0.22362516341290445 0.4472044121970977 9.999999999999999e-09
p 0.13369243364095978 0.9910228721816452 -2e-08 0.06684621682047989 0.4955114360908226 -1e-08
p 0.41653369610405205 0.9091202780764971 -9.99999999999995e-08 0.20826684805202603 0.45456013903824855 -4.999999999999975e-08
p 0.7201510532856278 0.6938173105736111 4.9999999999999945e-08 0.3600755266428139 0.34690865528680553 2.4999999999999972e-08
p 0.9403266043459072 -0.340273238970236 1.9999999999999997e-08 0.4701633021729536 -0.170136619485118 9.999999999999999e-09
p 0.7100145449161377 0.7041870106772276 9.999999999995e-07 1.4200290898322754 1.408374021354455 1.999999999999e-06
p 0.9989872246401122 0.04499472197764903 -1e-08 0.4994936123200561 0.022497360988824516 -5e-09
p 0.9697746254269928 0.24400240957403474 2.9999999999999984e-08 1.9395492508539856 0.4880048191480695 5.999999999999997e-08
p 0.7708731728061198 0.6369886588062804 4.9999999999999945e-08 0.3854365864030599 0.3184943294031402 2.4999999999999972e-08
p 0.7880261495273203 0.615641768938029 -1e-08 1.5760522990546406 1.231283537876058 -2e-08
p 0.9210210930685523 0.3895127034164727 -2e-08 1.8420421861371046 0.7790254068329454 -4e-08
p 0.7771289936262556 0.6293413439981842 -4.9999999999999945e-08 1.5542579872525113 1.2586826879963684 -9.999999999999989e-08
p 0.7705038104545386 0.6374353912947068 1.9999999999999997e-08 0.3852519052272693 0.3187176956473534 9.999999999999999e-09
p -0.008295791346889226 0.9999655893309125 -9.99999999999995e-08 -0.004147895673444613 0.49998279466545625 -4.999999999999975e-08
p 0.6272131493552117 0.7788476521604946 -4.9999999999999945e-08 0.6272131493552117 0.7788476521604946 -4.9999999999999945e-08
p 0.9852600008065769 -0.17106352858112076 -2e-08 1.9705200016131539 -0.3421270571622415 -4e-08
p 0.995720060956402 0.09242056161363005 1.9999999999999997e-08 1.991440121912804 0.1848411232272601 3.9999999999999994e-08
p 0.9993082863818045 -0.037188019154850704 1e-08 1.998616572763609 -0.07437603830970141 2e-08
case 24 6 40
s 0.9992001066609331 0.03998933418663237 -2.9999999999998654e-07 0.9987502603949663 0.04997916927067833 0.0 1.499400067321782e-06 -2.996300717932151e-05 0.999999999549985 1.0 1.0 0.0009992001066609331 3.998933418663237e-05 -2.9999999999998656e-10 0.0009987502603949663 4.997916927067833e-05 0.0 0.001 0.0
s 0.9987502603949663 0.04997916927067833 0.0 0.8775825618903728 0.479425538604203 0.0 0.0 0.0 1.0 1.0 1.0 0.0009987502603949663 4.997916927067833e-05 0.0 1.7551651237807455 0.958851077208406 0.0 0.001 1.0
s 0.8775825618903728 0.479425538604203 0.0 -0.4161468365471424 0.9092974268256817 0.0 0.0 -0.0 1.0 1.0 1.0 1.7551651237807455 0.958851077208406 0.0 -0.8322936730942848 1.8185948536513634 0.0 2.0 2.0
s -0.4161468365471424 0.9092974268256817 0.0 -0.9364566872907963 -0.35078322768961984 -0.0 0.0 -0.0 1.0 1.0 1.0 -0.8322936730942848 1.8185948536513634 0.0 -1.8729133745815927 -0.7015664553792397 -0.0 2.0 3.0
s -0.9364566872907963 -0.35078322768961984 -0.0 0.2836621854632263 -0.9589242746631386 0.0 -0.0 0.0 1.0 1.0 1.0 -1.8729133745815927 -0.7015664553792397 -0.0 0.5673243709264526 -1.9178485493262771 0.0 2.0 4.0
s 0.2836621854632263 -0.9589242746631386 0.0 0.9992001066609331 0.03998933418663237 -2.9999999999998654e-07 2.967272561649492e-07 8.777575476418547e-08 0.9999999999999521 1.0 1.0 0.5673243709264526 -1.9178485493262771 0.0 0.0009992001066609331 3.998933418663237e-05 -2.9999999999998656e-10 0.001 5.0
p 0.9321566267573193 -0.3620552764322258 1.9999999999999997e-08 0.9321566267573193 -0.3620552764322258 1.9999999999999997e-08
p 0.48135952151519756 0.8765232518573881 9.99999999999995e-08 0.48135952151519756 0.8765232518573881 9.99999999999995e-08
p 0.8898513603155787 -0.45625054141832194 -4.9999999999999945e-08 0.8898513603155787 -0.45625054141832194 -4.9999999999999945e-08
p 0.9999232898703247 0.012386055663792526 1e-08 1.9998465797406495 0.024772111327585052 2e-08
p 0.9237928347249404 -0.3828926723128254 4.9999999999999945e-08 0.4618964173624702 -0.1914463361564127 2.4999999999999972e-08
p 0.8363231810042951 0.5482367526122768 -4.9999999999999945e-08 1.6726463620085903 1.0964735052245536 -9.999999999999989e-08
p 0.2656101991827885 0.9640805060211929 -1e-08 0.2656101991827885 0.9640805060211929 -1e-08
p 0.04898776187168884 0.9987993788478209 9.99999999999995e-08 0.09797552374337767 1.9975987576956418 1.99999999999999e-07
p 0.6845690416265438 0.7289480278082351 9.999999999995e-07 1.3691380832530875 1.4578960556164702 1.999999999999e-06
p 0.30547670068249677 0.9521995512181972 1e-08 0.30547670068249677 0.9521995512181972 1e-08
p 0.2996299476437503 0.954055498634646 -1.9999999999999997e-08 0.14981497382187514 0.477027749317323 -9.999999999999999e-09
p 0.9803606537416949 -0.19721305381527598 -9.99999999999995e-08 1.9607213074833898 -0.39442610763055197 -1.99999999999999e-07
p 0.9538703233985907 -0.30021893034828423 1e-08 1.9077406467971814 -0.6004378606965685 2e-08
p 0.08181728085413065 0.9966473461328406 -4.9999999999999945e-08 0.040908640427065324 0.4983236730664203 -2.4999999999999972e-08
p 0.9127016403335568 -0.4086266214191538 4.9999999999999945e-08 0.9127016403335568 -0.4086266214191538 4.9999999999999945e-08
p 0.06757556168417973 0.9977141591974463 1.9999999999999997e-08 0.033787780842089866 0.49885707959872316 9.999999999999999e-09
p 0.8177765076716917 0.5755359098260434 -9.999999999995e-07 1.6355530153433835 1.1510718196520868 -1.999999999999e-06
p 0.5721346258871365 0.8201597221645209 4.9999999999999945e-08 0.28606731294356824 0.41007986108226047 2.4999999999999972e-08
p 0.9958317410176258 0.09120933933427235 9.99999999999995e-08 0.4979158705088129 0.04560466966713617 4.999999999999975e-08
p 0.6904928497571985 0.7233392180949288 1e-08 0.6904928497571985 0.7233392180949288 1e-08
p 0.8047288825836166 0.5936425065102069 4.999999999999993e-08 1.6094577651672333 1.1872850130204138 9.999999999999986e-08
p 0.9175351462379203 -0.3976546936943635 9.999999999995e-07 0.9175351462379203 -0.3976546936943635 9.999999999995e-07
p 0.10429987607851979 0.9945458942899548 -9.999999999995002e-07 0.10429987607851979 0.9945458942899548 -9.999999999995002e-07
p 0.017438453583223167 0.9998479386069791 -1.9999999999999997e-08 0.017438453583223167 0.9998479386069791 -1.9999999999999997e-08
p 0.3000834950712425 0.9539129394162905 -1e-08 0.3000834950712425 0.9539129394162905 -1e-08
p 0.8872712336848524 -0.4612480437631791 -1.9999999999999997e-08 0.8872712336848524 -0.4612480437631791 -1.9999999999999997e-08
p 0.3139518247127656 0.9494389141795934 9.999999999995002e-07 0.1569759123563828 0.4747194570897967 4.999999999997501e-07
p 0.9067991612111209 0.42156290304864935 -4.999999999999993e-08 1.8135983224222418 0.8431258060972987 -9.999999999999986e-08
p 0.9907539421421452 -0.1356710216988111 9.999999999995002e-07 1.9815078842842904 -0.2713420433976222 1.9999999999990004e-06
p 0.9814452463619265 0.1917426097495711 2.9999999999999984e-08 0.49072262318096327 0.09587130487478555 1.4999999999999992e-08
p 0.9237695959441019 -0.3829487349623584 1e-08 1.8475391918882038 -0.7658974699247167 2e-08
p 0.891088795653949 0.4538289967146157 9.999999999995e-07 0.891088795653949 0.4538289967146157 9.999999999995e-07
p 0.3855159728667648 0.9227011621671353 -9.99999999999995e-08 0.1927579864333824 0.46135058108356763 -4.999999999999975e-08
p 0.5338729488988146 0.8455647074198894 1.9999999999999997e-08 0.2669364744494073 0.4227823537099447 9.999999999999999e-09
p -0.003888906015657342 0.9999924381764088 -4.999999999999993e-08 -0.003888906015657342 0.9999924381764088 -4.999999999999993e-08
p 0.36454766389328475 0.9311847296589147 4.999999999999993e-08 0.36454766389328475 0.9311847296589147 4.999999999999993e-08
p 0.9644951187917725 -0.26410067365655204 -9.999999999995e-07 0.48224755939588626 -0.13205033682827602 -4.9999999999975e-07
p 0.9998338599183137 -0.018227796379045987 -9.99999999999995e-08 1.9996677198366275 -0.03645559275809197 -1.99999999999999e-07
p 0.9985226937804108 0.054336267865136824 1e-08 0.9985226937804108 0.054336267865136824 1e-08
p 0.5503012237776703 0.8349662047704673 -1.9999999999999997e-08 0.27515061188883516 0.4174831023852337 -9.999999999999999e-09
case 25 6 40
s 0.995004165277981 -0.09983341664682366 2.999999999999865e-07 0.9987502603949663 0.04997916927067833 0.0 -1.0033416861537792e-07 2.0050108573915695e-06 0.999999999997985 1.0 1.0 0.000995004165277981 -9.983341664682365e-05 2.999999999999865e-10 0.0009987502603949663 4.997916927067833e-05 0.0 0.001 0.0
s 0.9987502603949663 0.04997916927067833 0.0 0.8775825618903728 0.479425538604203 0.0 0.0 0.0 1.0 1.0 1.0 0.0009987502603949663 4.997916927067833e-05 0.0 0.8775825618903728 0.479425538604203 0.0 0.001 1.0
s 0.8775825618903728 0.479425538604203 0.0 -0.3722130460563617 0.813300343259146 0.4472135954999579 0.21483604456352498 -0.3932547417548017 0.8939777301721019 1.0 1.0 0.8775825618903728 0.479425538604203 0.0 -0.3722130460563617 0.813300343259146 0.4472135954999579 1.0 2.0
s -0.3722130460563617 0.813300343259146 0.4472135954999579 -0.8375923243065936 -0.31375005699231057 -0.4472135954999579 -0.22573907030675272 -0.5466923892662394 0.8063307656634549 1.0 1.0 -0.3722130460563617 0.813300343259146 0.4472135954999579 -0.8375923243065936 -0.31375005699231057 -0.4472135954999579 1.0 3.0
s -0.8375923243065936 -0.31375005699231057 -0.4472135954999579 0.2751927418019831 -0.9302931932717461 0.24253562503633297 -0.4926817704433339 0.08016495448787829 0.8665092343101592 1.0 1.0 -0.8375923243065936 -0.31375005699231057 -0.4472135954999579 0.2751927418019831 -0.9302931932717461 0.24253562503633297 1.0 4.0
s 0.2751927418019831 -0.9302931932717461 0.24253562503633297 0.995004165277981 -0.09983341664682366 2.999999999999865e-07 0.026025777837437085 0.25939257464090953 0.9654212298831617 1.0 1.0 0.2751927418019831 -0.9302931932717461 0.24253562503633297 0.000995004165277981 -9.983341664682365e-05 2.999999999999865e-10 0.001 5.0
p 0.5743583799820455 0.8186039648965789 2.9999999999999984e-08 0.28717918999102277 0.40930198244828947 1.4999999999999992e-08
p 0.9774833253840912 -0.21101267401523324 9.999999999995002e-07 0.4887416626920456 -0.10550633700761662 4.999999999997501e-07
p 0.42832898405473135 0.9036228645948662 -9.99999999999995e-08 0.42832898405473135 0.9036228645948662 -9.99999999999995e-08
p 0.9713051545794863 0.2378367017247753 1.9999999999999997e-08 0.48565257728974315 0.11891835086238765 9.999999999999999e-09
p 0.3842411570425915 0.9232327622184835 -9.999999999995002e-07 0.768482314085183 1.846465524436967 -1.9999999999990004e-06
p 0.9444158026256809 0.3287533904766471 9.999999999995e-07 0.9444158026256809 0.3287533904766471 9.999999999995e-07
p 0.923081866271565 0.3846035207335 -2.9999999999999984e-08 0.923081866271565 0.3846035207335 -2.9999999999999984e-08
p 0.9935104620668355 0.1137407656196351 4.9999999999999945e-08 0.9935104620668355 0.1137407656196351 4.9999999999999945e-08
p 0.8854925640769338 -0.4646535472418744 1.9999999999999997e-08 0.8854925640769338 -0.4646535472418744 1.9999999999999997e-08
p 0.9306348080389317 -0.3659492506705551 1e-08 1.8612696160778635 -0.7318985013411102 2e-08
p -0.00799609946271943 0.9999680306856726 1e-08 -0.003998049731359715 0.4999840153428363 5e-09
p 0.5448527554751945 0.8385317375329856 -9.999999999995e-07 0.27242637773759726 0.4192658687664928 -4.9999999999975e-07
p 0.734100671419917 0.6790406499030948 -9.99999999999995e-08 0.3670503357099585 0.3395203249515474 -4.999999999999975e-08
p 0.5252923174011157 0.8509218420509401 1.9999999999999997e-08 0.5252923174011157 0.8509218420509401 1.9999999999999997e-08
p -0.008527315589033895 0.9999636417834625 1e-08 -0.01705463117806779 1.999927283566925 2e-08
p 0.9998815689449315 -0.015389869532312962 -2.999999999999999e-08 1.999763137889863 -0.030779739064625923 -5.999999999999998e-08
p 0.9473058467047816 -0.3203305055703046 -9.99999999999995e-08 0.4736529233523908 -0.1601652527851523 -4.999999999999975e-08
p 0.992843679380916 -0.11942122220679569 -1e-08 0.496421839690458 -0.05971061110339784 -5e-09
p 0.5868965872938764 0.8096619021683055 4.999999999999993e-08 0.5868965872938764 0.8096619021683055 4.999999999999993e-08
p 0.9187347869828502 0.3948751589902522 1e-08 1.8374695739657003 0.7897503179805044 2e-08
p 0.6739964451359898 0.7387345882954498 -2.9999999999999984e-08 0.6739964451359898 0.7387345882954498 -2.9999999999999984e-08
p 0.7509441278058444 0.6603657448065559 4.9999999999999945e-08 0.3754720639029222 0.3301828724032779 2.4999999999999972e-08
p 0.19376312008494945 0.9810483440151889 -2.9999999999999984e-08 0.19376312008494945 0.9810483440151889 -2.9999999999999984e-08
p 0.5768776157840096 0.8168305922327799 -4.999999999999993e-08 0.2884388078920048 0.40841529611638994 -2.4999999999999966e-08
p 0.9996374181542876 -0.02692642244764522 -2.9999999999999984e-08 1.9992748363085753 -0.05385284489529044 -5.999999999999997e-08
p 0.07191732299129437 0.997410596822475 2e-08 0.07191732299129437 0.997410596822475 2e-08
p 0.5560734957714835 0.8311331224902975 9.999999999999948e-08 0.27803674788574173 0.41556656124514874 4.999999999999974e-08
p 0.29466038656454746 0.9556020388161751 2.9999999999999984e-08 0.5893207731290949 1.9112040776323502 5.999999999999997e-08
p 0.9647342518136683 -0.26322580302189585 9.999999999995002e-07 0.48236712590683417 -0.13161290151094793 4.999999999997501e-07
p 0.5542798485500717 0.8323303728035519 -9.99999999999995e-08 1.1085596971001435 1.6646607456071039 -1.99999999999999e-07
p 0.16255113459571624 0.986700120929172 -4.999999999999993e-08 0.08127556729785812 0.493350060464586 -2.4999999999999966e-08
p 0.9792382530441611 -0.20271271241591862 -2.999999999999999e-08 1.9584765060883222 -0.40542542483183724 -5.999999999999998e-08
p 0.9587038612729947 0.28440623477738775 -1e-08 0.47935193063649734 0.14220311738869387 -5e-09
p 0.5909893165800557 0.8066793834524586 9.999999999995e-07 0.5909893165800557 0.8066793834524586 9.999999999995e-07
p 0.8667015131320532 0.4988271114670889 -9.99999999999995e-08 1.7334030262641065 0.9976542229341778 -1.99999999999999e-07
p 0.8290357469904353 0.5591956099720481 1e-08 0.4145178734952176 0.27959780498602405 5e-09
p 0.8955964944453325 -0.44486730508909167 1.9999999999999997e-08 1.791192988890665 -0.8897346101781833 3.9999999999999994e-08
p 0.8216498175319688 0.5699926116614871 -9.999999999995002e-07 1.6432996350639375 1.1399852233229741 -1.9999999999990004e-06
p 0.9317996113563846 0.3629731178422041 2e-08 0.4658998056781923 0.18148655892110205 1e-08
p 0.08878022526706773 0.9960512394458022 9.99999999999995e-08 0.17756045053413547 1.9921024788916044 1.99999999999999e-07
case 26 6 40
s 0.9992001066609331 0.03998933418663237 2.9999999999998654e-07 0.9987502603949663 0.04997916927067833 0.0 -1.499400067321782e-06 2.996300717932151e-05 0.999999999549985 1.0 1.0 0.009992001066609331 0.00039989334186632373 2.9999999999998656e-09 0.009987502603949663 0.0004997916927067833 0.0 0.01 0.0
s 0.9987502603949663 0.04997916927067833 0.0 0.8775825618903728 0.479425538604203 0.0 0.0 0.0 1.0 1.0 1.0 0.009987502603949663 0.0004997916927067833 0.0 0.8775825618903728 0.479425538604203 0.0 0.01 1.0
s 0.8775825618903728 0.479425538604203 0.0 -0.4161468365471424 0.9092974268256817 0.0 0.0 -0.0 1.0 1.0 1.0 0.8775825618903728 0.479425538604203 0.0 -0.4161468365471424 0.9092974268256817 0.0 1.0 2.0
s -0.4161468365471424 0.9092974268256817 0.0 -0.9364566872907963 -0.35078322768961984 -0.0 0.0 -0.0 1.0 1.0 1.0 -0.4161468365471424 0.9092974268256817 0.0 -0.9364566872907963 -0.35078322768961984 -0.0 1.0 3.0
s -0.9364566872907963 -0.35078322768961984 -0.0 0.2836621854632263 -0.9589242746631386 0.0 -0.0 0.0 1.0 1.0 1.0 -0.9364566872907963 -0.35078322768961984 -0.0 0.2836621854632263 -0.9589242746631386 0.0 1.0 4.0
s 0.2836621854632263 -0.9589242746631386 0.0 0.9992001066609331 0.03998933418663237 2.9999999999998654e-07 -2.967272561649492e-07 -8.777575476418547e-08 0.9999999999999521 1.0 1.0 0.2836621854632263 -0.9589242746631386 0.0 0.009992001066609331 0.00039989334186632373 2.9999999999998656e-09 0.01 5.0
p 0.9803802290475236 0.19711571853032242 9.999999999995002e-07 0.4901901145237618 0.09855785926516121 4.999999999997501e-07
p 0.9993058349952819 0.03725383395544855 -4.9999999999999945e-08 1.9986116699905638 0.0745076679108971 -9.999999999999989e-08
p 0.2416360007947352 0.9703669631226719 9.99999999999995e-08 0.4832720015894704 1.9407339262453438 1.99999999999999e-07
p 0.8949909915110992 0.4460842130281904 -9.999999999995002e-07 0.8949909915110992 0.4460842130281904 -9.999999999995002e-07
p 0.11826977611394436 0.9929815003598798 -9.999999999995002e-07 0.11826977611394436 0.9929815003598798 -9.999999999995002e-07
p 0.3944946115278144 0.9188982541476051 -4.9999999999999945e-08 0.7889892230556288 1.8377965082952101 -9.999999999999989e-08
p 0.9693548908092218 -0.24566459993910805 9.999999999995002e-07 1.9387097816184435 -0.4913291998782161 1.9999999999990004e-06
p 0.9616247536168014 -0.2743680616096302 1e-08 0.4808123768084007 -0.1371840308048151 5e-09
p 0.6787971657658158 0.7343258185221975 -1.9999999999999997e-08 0.3393985828829079 0.36716290926109874 -9.999999999999999e-09
p 0.08626599325130192 0.9962721407368398 2.9999999999999984e-08 0.08626599325130192 0.9962721407368398 2.9999999999999984e-08
p 0.9950039800577286 0.09983526265441924 -4.9999999999999945e-08 1.9900079601154572 0.19967052530883847 -9.999999999999989e-08
p 0.7823189429485216 0.622878055082139 9.999999999995002e-07 1.5646378858970431 1.245756110164278 1.9999999999990004e-06
p 0.8906812963558448 0.45462823088967075 1e-08 0.4453406481779224 0.22731411544483537 5e-09
p 0.03721805097445139 0.9993071683324718 -9.999999999995e-07 0.018609025487225695 0.4996535841662359 -4.9999999999975e-07
p 0.5296847247715301 0.8481946075893824 4.9999999999999945e-08 1.0593694495430601 1.6963892151787647 9.999999999999989e-08
p 0.7150738306135769 0.6990489373217196 -9.999999999995e-07 0.7150738306135769 0.6990489373217196 -9.999999999995e-07
p 0.29441752976439783 0.9556768900451815 -9.999999999995e-07 0.14720876488219892 0.47783844502259076 -4.9999999999975e-07
p 0.999837932173919 0.0180030382485691 4.9999999999999945e-08 0.999837932173919 0.0180030382485691 4.9999999999999945e-08
p 0.9979799794856122 0.06352921017842654 -4.9999999999999945e-08 0.4989899897428061 0.03176460508921327 -2.4999999999999972e-08
p 0.7346072212349005 0.6784926163994254 9.999999999995e-07 0.36730361061745026 0.3392463081997127 4.9999999999975e-07
p 0.5840056825750388 0.8117495689682012 4.999999999999993e-08 0.5840056825750388 0.8117495689682012 4.999999999999993e-08
p 0.9321631216638998 -0.3620385540364639 9.999999999995e-07 1.8643262433277996 -0.7240771080729278 1.999999999999e-06
p 0.5939574758740525 0.8044964368182883 -4.9999999999999945e-08 1.187914951748105 1.6089928736365766 -9.999999999999989e-08
p 0.9795883248402883 -0.2010142130213626 1e-08 0.4897941624201442 -0.1005071065106813 5e-09
p 0.7501377952571049 0.6612815498158174 -1.9999999999999997e-08 1.5002755905142098 1.3225630996316349 -3.9999999999999994e-08
p 0.12879485401410168 0.9916712588249623 -2.9999999999999984e-08 0.06439742700705084 0.49583562941248116 -1.4999999999999992e-08
p 0.8978895767288717 -0.44022074917209997 -4.999999999999993e-08 1.7957791534577434 -0.8804414983441999 -9.999999999999986e-08
p 0.6093273062905705 0.7929188065676563 -2.9999999999999984e-08 1.218654612581141 1.5858376131353127 -5.999999999999997e-08
p 0.9656368130656012 0.259895258233983 -1.9999999999999997e-08 0.4828184065328006 0.1299476291169915 -9.999999999999999e-09
p 0.6185276448383926 0.785763038435037 -9.99999999999995e-08 0.6185276448383926 0.785763038435037 -9.99999999999995e-08
p 0.007203034536690496 0.9999740578102281 -9.99999999999995e-08 0.007203034536690496 0.9999740578102281 -9.99999999999995e-08
p 0.9966752324126515 0.0814768746036864 4.9999999999999945e-08 0.4983376162063258 0.0407384373018432 2.4999999999999972e-08
p 0.09174090551249785 0.9957829112089365 -4.9999999999999945e-08 0.1834818110249957 1.991565822417873 -9.999999999999989e-08
p -0.013951314540748305 0.9999026756752802 -1.9999999999999997e-08 -0.0069756572703741524 0.4999513378376401 -9.999999999999999e-09
p 0.9848452663204128 -0.17343529458064258 2.9999999999999984e-08 0.9848452663204128 -0.17343529458064258 2.9999999999999984e-08
p 0.2949147701664003 0.9555235624183734 -9.999999999995e-07 0.2949147701664003 0.9555235624183734 -9.999999999995e-07
p 0.9996422306400758 -0.026747162857644786 1e-08 0.4998211153200379 -0.013373581428822393 5e-09
p 0.8849918913258668 0.4656064349710661 -9.999999999995002e-07 0.4424959456629334 0.23280321748553304 -4.999999999997501e-07
p 0.9935673299458859 0.11324292853949326 -4.9999999999999945e-08 0.49678366497294296 0.05662146426974663 -2.4999999999999972e-08
p 0.9953939172192063 0.09586944019343946 1.9999999999999997e-08 1.9907878344384127 0.19173888038687892 3.9999999999999994e-08
case 27 6 40
s 0.9987502603949663 0.04997916927067833 0.0 1.0 0.0 -1e-08 -9.9999999999998e-09 1.9983330554893617e-07 -0.99999999999998 1.0 1.0 0.9987502603949663 0.04997916927067833 0.0 1.0 0.0 -1e-08 1.0 0.0
s 0.8775825618903728 0.479425538604203 0.0 0.9987502603949663 0.04997916927067833 0.0 0.0 0.0 -1.0 1.0 1.0 1.7551651237807455 0.958851077208406 0.0 0.9987502603949663 0.04997916927067833 0.0 1.0 1.0
s -0.39859637855648306 0.8709489764975944 0.2873478855663454 0.8775825618903728 0.479425538604203 0.0 -0.13807921244038343 0.25275230299584717 -0.9576274872945841 1.0 1.0 -0.7971927571129661 1.7418979529951888 0.5746957711326908 1.7551651237807455 0.958851077208406 0.0 2.0 2.0
s -0.8969628300582488 -0.3359893958958339 -0.2873478855663454 -0.39859637855648306 0.8709489764975944 0.2873478855663454 0.1537435140353627 0.3723343456140114 -0.9152759512672909 1.0 1.0 -1.7939256601164977 -0.6719787917916678 -0.5746957711326908 -0.7971927571129661 1.7418979529951888 0.5746957711326908 2.0 3.0
s 0.2805238471386536 -0.9483150748622418 0.14834045293024462 -0.8969628300582488 -0.3359893958958339 -0.2873478855663454 0.3224329819611792 -0.05246353097466939 -0.9451373180979005 1.0 1.0 0.5610476942773072 -1.8966301497244835 0.29668090586048923 -1.7939256601164977 -0.6719787917916678 -0.5746957711326908 2.0 4.0
s 1.0 0.0 -1e-08 0.2805238471386536 -0.9483150748622418 0.14834045293024462 -9.879856049613754e-09 -0.1545459297073363 -0.9879856049613754 1.0 1.0 1.0 0.0 -1e-08 0.5610476942773072 -1.8966301497244835 0.29668090586048923 1.0 5.0
p 0.5962441901520874 0.8028031301071773 1e-08 1.1924883803041748 1.6056062602143546 2e-08
p 0.8660058950237878 0.5000337886423736 4.9999999999999945e-08 0.4330029475118939 0.2500168943211868 2.4999999999999972e-08
p 0.9681082534798028 0.250532252503116 -2.9999999999999984e-08 0.4840541267399014 0.125266126251558 -1.4999999999999992e-08
p 0.0023437496948414665 0.9999972534149116 -2.9999999999999984e-08 0.0011718748474207332 0.4999986267074558 -1.4999999999999992e-08
p 0.975303705695351 0.22086801863761643 9.99999999999995e-08 0.975303705695351 0.22086801863761643 9.99999999999995e-08
p 0.0540116923002705 0.9985403031900415 2.9999999999999984e-08 0.0540116923002705 0.9985403031900415 2.9999999999999984e-08
p 0.0025948782864122773 0.9999966332976715 2.9999999999999984e-08 0.0051897565728245545 1.999993266595343 5.999999999999997e-08
p 0.9109618686926132 -0.4124905741808674 -1.9999999999999997e-08 0.9109618686926132 -0.4124905741808674 -1.9999999999999997e-08
p 0.9776545817232537 0.2102177890558445 4.9999999999999945e-08 0.9776545817232537 0.2102177890558445 4.9999999999999945e-08
p 0.9036269425446111 -0.42832038091535785 2.9999999999999984e-08 1.8072538850892221 -0.8566407618307157 5.999999999999997e-08
p 0.6678137392573462 0.7443284286248316 9.999999999999948e-08 0.6678137392573462 0.7443284286248316 9.999999999999948e-08
p 0.8065309548377431 0.5911918630093924 4.9999999999999945e-08 1.6130619096754861 1.1823837260187848 9.999999999999989e-08
p 0.8422620391358044 0.5390683235275414 4.999999999999993e-08 0.4211310195679022 0.2695341617637707 2.4999999999999966e-08
p 0.23424152452443534 0.9721784343362377 9.99999999999995e-08 0.23424152452443534 0.9721784343362377 9.99999999999995e-08
p 0.9516282780825744 -0.3072517214819047 -1.9999999999999997e-08 1.9032565561651489 -0.6145034429638094 -3.9999999999999994e-08
p 0.9082320625732033 -0.4184668690757044 -4.9999999999999945e-08 1.8164641251464066 -0.8369337381514088 -9.999999999999989e-08
p 0.9855294843610725 0.16950408683863222 1e-08 0.9855294843610725 0.16950408683863222 1e-08
p 0.8829483951979737 0.4694700538024977 4.999999999999993e-08 0.8829483951979737 0.4694700538024977 4.999999999999993e-08
p 0.9003126567034861 0.4352437480073676 -9.99999999999995e-08 0.4501563283517431 0.2176218740036838 -4.999999999999975e-08
p 0.9246339045353883 -0.38085711570566766 4.9999999999999945e-08 0.9246339045353883 -0.38085711570566766 4.9999999999999945e-08
p 0.35791892131200836 0.9337526684121702 2e-08 0.35791892131200836 0.9337526684121702 2e-08
p 0.966468862070849 0.2567838364217428 -9.99999999999995e-08 1.932937724141698 0.5135676728434856 -1.99999999999999e-07
p 0.9587406313717874 -0.2842822571966566 -1.9999999999999997e-08 0.4793703156858937 -0.1421411285983283 -9.999999999999999e-09
p 0.2389287385179992 0.9710371042911783 2.9999999999999984e-08 0.1194643692589996 0.48551855214558914 1.4999999999999992e-08
p 0.48141380864383093 0.8764934368533742 2.9999999999999984e-08 0.48141380864383093 0.8764934368533742 2.9999999999999984e-08
p 0.7734181789714594 0.6338961432572862 -9.99999999999995e-08 0.7734181789714594 0.6338961432572862 -9.99999999999995e-08
p 0.9652063488842557 0.26148939571715873 -9.999999999995002e-07 0.48260317444212786 0.13074469785857937 -4.999999999997501e-07
p 0.3080737627727948 0.9513624738715583 1.9999999999999997e-08 0.1540368813863974 0.47568123693577913 9.999999999999999e-09
p 0.9890959400760839 0.147272608872146 9.999999999995002e-07 0.49454797003804196 0.073636304436073 4.999999999997501e-07
p 0.26484789052420965 0.964290202628273 1.9999999999999997e-08 0.26484789052420965 0.964290202628273 1.9999999999999997e-08
p 0.39945609226998735 0.9167523277027396 -1e-08 0.7989121845399747 1.8335046554054792 -2e-08
p 0.7955214014914058 0.6059254902784227 -4.999999999999993e-08 1.5910428029828116 1.2118509805568454 -9.999999999999986e-08
p 0.0623201940770679 0.9980562075405307 -9.99999999999995e-08 0.0623201940770679 0.9980562075405307 -9.99999999999995e-08
p 0.9961073998836748 0.08814787516999067 1.9999999999999997e-08 0.9961073998836748 0.08814787516999067 1.9999999999999997e-08
p 0.9105557531516033 -0.4133862847295681 2.9999999999999984e-08 0.9105557531516033 -0.4133862847295681 2.9999999999999984e-08
p 0.999068044239344 -0.043162981590361145 -4.9999999999999945e-08 1.998136088478688 -0.08632596318072229 -9.999999999999989e-08
p -0.027387487845803103 0.9996248924018929 -1e-08 -0.054774975691606206 1.9992497848037858 -2e-08
p 0.9996729894959479 -0.025571743629132403 -1.9999999999999997e-08 1.9993459789918957 -0.05114348725826481 -3.9999999999999994e-08
p 0.4294296188441085 0.9031003280142211 -9.99999999999995e-08 0.4294296188441085 0.9031003280142211 -9.99999999999995e-08
p 0.9841057953095853 -0.17758317385968445 9.99999999999995e-08 1.9682115906191706 -0.3551663477193689 1.99999999999999e-07
case 28 6 40
s 0.9987502603949663 0.04997916927067833 0.0 0.9950041652780245 -0.09983341664682802 4.999999999999993e-08 1.6722361435929075e-08 -3.3416847623258276e-07 -0.9999999999999439 1.0 1.0 0.009987502603949663 0.0004997916927067833 0.0 0.009950041652780245 -0.0009983341664682802 4.999999999999993e-10 0.01 0.0
s 0.8775825618903728 0.479425538604203 0.0 0.9987502603949663 0.04997916927067833 0.0 0.0 0.0 -1.0 1.0 1.0 0.8775825618903728 0.479425538604203 0.0 0.009987502603949663 0.0004997916927067833 0.0 0.01 1.0
s -0.39859637855648306 0.8709489764975944 0.2873478855663454 0.8775825618903728 0.479425538604203 0.0 -0.13807921244038343 0.25275230299584717 -0.9576274872945841 1.0 1.0 -0.39859637855648306 0.8709489764975944 0.2873478855663454 0.8775825618903728 0.479425538604203 0.0 1.0 2.0
s -0.8969628300582488 -0.3359893958958339 -0.2873478855663454 -0.39859637855648306 0.8709489764975944 0.2873478855663454 0.1537435140353627 0.3723343456140114 -0.9152759512672909 1.0 1.0 -0.8969628300582488 -0.3359893958958339 -0.2873478855663454 -0.39859637855648306 0.8709489764975944 0.2873478855663454 1.0 3.0
s 0.2805238471386536 -0.9483150748622418 0.14834045293024462 -0.8969628300582488 -0.3359893958958339 -0.2873478855663454 0.3224329819611792 -0.05246353097466939 -0.9451373180979005 1.0 1.0 0.2805238471386536 -0.9483150748622418 0.14834045293024462 -0.8969628300582488 -0.3359893958958339 -0.2873478855663454 1.0 4.0
s 0.9950041652780245 -0.09983341664682802 4.999999999999993e-08 0.2805238471386536 -0.9483150748622418 0.14834045293024462 -0.015966697244798093 -0.15913488844016685 -0.9871277282399825 1.0 1.0 0.009950041652780245 -0.0009983341664682802 4.999999999999993e-10 0.2805238471386536 -0.9483150748622418 0.14834045293024462 0.01 5.0
p 0.34722365001598793 0.9377823504788168 -1.9999999999999997e-08 0.17361182500799396 0.4688911752394084 -9.999999999999999e-09
p 0.9980549291337037 -0.06234066435253369 -4.9999999999999945e-08 1.9961098582674075 -0.12468132870506737 -9.999999999999989e-08
p 0.9963954870079098 0.08482943752182598 2.9999999999999984e-08 1.9927909740158196 0.16965887504365196 5.999999999999997e-08
p 0.04013354486410946 0.9991943247320004 4.9999999999999945e-08 0.04013354486410946 0.9991943247320004 4.9999999999999945e-08
p 0.9669254803711461 -0.25505904298618015 -4.9999999999999945e-08 1.9338509607422922 -0.5101180859723603 -9.999999999999989e-08
p 0.13248534560275493 0.9911849641719342 1e-08 0.06624267280137747 0.4955924820859671 5e-09
p 0.9372119505126485 0.34876031858035 9.99999999999995e-08 0.46860597525632425 0.174380159290175 4.999999999999975e-08
p 0.937005355390957 -0.3493149924747956 9.999999999995e-07 0.937005355390957 -0.3493149924747956 9.999999999995e-07
p 0.011118690811152498 0.9999381854467986 9.99999999999995e-08 0.011118690811152498 0.9999381854467986 9.99999999999995e-08
p 0.5655259619104732 0.824730493194731 -9.99999999999995e-08 1.1310519238209464 1.649460986389462 -1.99999999999999e-07
p 0.9885092388308983 0.15116046025981053 -1.9999999999999997e-08 0.4942546194154491 0.07558023012990527 -9.999999999999999e-09
p 0.917968603907128 -0.3966530502098754 1.9999999999999997e-08 1.835937207814256 -0.7933061004197508 3.9999999999999994e-08
p 0.9867346249168466 0.16234155349204235 -1.9999999999999997e-08 0.4933673124584233 0.08117077674602118 -9.999999999999999e-09
p 0.9999534887362717 -0.009644706483831943 -9.999999999995002e-07 0.9999534887362717 -0.009644706483831943 -9.999999999995002e-07
p 0.995288166055165 -0.09696115980404817 1e-08 0.995288166055165 -0.09696115980404817 1e-08
p 0.18248327200664957 0.9832089581755992 9.999999999995e-07 0.09124163600332479 0.4916044790877996 4.9999999999975e-07
p 0.44269036113933274 0.8966745475111506 1.9999999999999997e-08 0.8853807222786655 1.7933490950223012 3.9999999999999994e-08
p 0.6998942672568879 0.7142464663272364 1e-08 0.34994713362844393 0.3571232331636182 5e-09
p 0.7698664376303078 0.638205036183059 9.999999999995002e-07 0.7698664376303078 0.638205036183059 9.999999999995002e-07
p 0.35000112509869485 0.9367492793857104 -1e-08 0.17500056254934743 0.4683746396928552 -5e-09
p 0.9578887223821754 0.2871396794820299 2.9999999999999984e-08 0.9578887223821754 0.2871396794820299 2.9999999999999984e-08
p 0.9785700063938461 -0.2059144059708748 9.99999999999995e-08 0.9785700063938461 -0.2059144059708748 9.99999999999995e-08
p 0.826066720958316 0.5635723312274789 -1.9999999999999997e-08 0.826066720958316 0.5635723312274789 -1.9999999999999997e-08
p 0.6644726797236317 0.7473125570341342 1e-08 0.6644726797236317 0.7473125570341342 1e-08
p 0.8770132025764136 0.4804662761377354 9.999999999995e-07 0.8770132025764136 0.4804662761377354 9.999999999995e-07
p 0.5755450217139049 0.8177700948190378 -4.999999999999993e-08 0.28777251085695243 0.4088850474095189 -2.4999999999999966e-08
p 0.9981747930343932 -0.06039108005936448 9.99999999999995e-08 1.9963495860687863 -0.12078216011872896 1.99999999999999e-07
p 0.4981962858667944 0.8670642771724144 9.99999999999995e-08 0.2490981429333972 0.4335321385862072 4.999999999999975e-08
p 0.9176798436544512 0.39732065708863157 9.999999999995e-07 1.8353596873089024 0.7946413141772631 1.999999999999e-06
p 0.9648813781702908 0.26268598375284524 2e-08 0.4824406890851454 0.13134299187642262 1e-08
p 0.3217233605349513 0.946833712584262 2.9999999999999984e-08 0.6434467210699026 1.893667425168524 5.999999999999997e-08
p 0.9169163925392834 -0.39907935187471755 -4.9999999999999945e-08 1.8338327850785667 -0.7981587037494351 -9.999999999999989e-08
p 0.9377403597039318 0.3473370377347313 -4.999999999999993e-08 1.8754807194078635 0.6946740754694626 -9.999999999999986e-08
p 0.7312453566979826 0.6821145272662285 -9.99999999999995e-08 0.7312453566979826 0.6821145272662285 -9.99999999999995e-08
p 0.9140519461757229 -0.40559713964890487 -9.999999999995e-07 0.45702597308786147 -0.20279856982445243 -4.9999999999975e-07
p 0.3288099595964834 0.9443961088813047 9.99999999999995e-08 0.3288099595964834 0.9443961088813047 9.99999999999995e-08
p 0.30532878816937903 0.9522469906043377 2.9999999999999984e-08 0.15266439408468951 0.47612349530216885 1.4999999999999992e-08
p 0.2431014549250902 0.9700008673255422 9.999999999995e-07 0.1215507274625451 0.4850004336627711 4.9999999999975e-07
p 0.09456386432809724 0.9955187971918648 -9.999999999995e-07 0.04728193216404862 0.4977593985959324 -4.9999999999975e-07
p 0.990722459769963 0.13590072739817552 -2.9999999999999984e-08 0.4953612298849815 0.06795036369908776 -1.4999999999999992e-08
case 29 6 40
s 0.9987502603949663 0.04997916927067833 0.0 0.9995500337489713 0.029995500202495175 1.7999999999999709e-07 4.4984251231892206e-07 -8.989351621313002e-06 -0.9999999999594946 1.0 1.0 0.09987502603949663 0.004997916927067834 0.0 0.09995500337489714 0.0029995500202495175 1.799999999999971e-08 0.1 0.0
s 0.8775825618903728 0.479425538604203 0.0 0.9987502603949663 0.04997916927067833 0.0 0.0 0.0 -1.0 1.0 1.0 0.4387912809451864 0.2397127693021015 0.0 0.09987502603949663 0.004997916927067834 0.0 0.1 1.0
s -0.39859637855648306 0.8709489764975944 -0.2873478855663454 0.8775825618903728 0.479425538604203 0.0 0.13807921244038343 -0.25275230299584717 -0.9576274872945841 1.0 1.0 -0.19929818927824153 0.4354744882487972 -0.1436739427831727 0.4387912809451864 0.2397127693021015 0.0 0.5 2.0
s -0.8969628300582488 -0.3359893958958339 0.2873478855663454 -0.39859637855648306 0.8709489764975944 -0.2873478855663454 -0.1537435140353627 -0.3723343456140114 -0.9152759512672909 1.0 1.0 -0.4484814150291244 -0.16799469794791694 0.1436739427831727 -0.19929818927824153 0.4354744882487972 -0.1436739427831727 0.5 3.0
s 0.2805238471386536 -0.9483150748622418 -0.14834045293024462 -0.8969628300582488 -0.3359893958958339 0.2873478855663454 -0.3224329819611792 0.05246353097466939 -0.9451373180979005 1.0 1.0 0.1402619235693268 -0.4741575374311209 -0.07417022646512231 -0.4484814150291244 -0.16799469794791694 0.1436739427831727 0.5 4.0
s 0.9995500337489713 0.029995500202495175 1.7999999999999709e-07 0.2805238471386536 -0.9483150748622418 -0.14834045293024462 -0.004597698874934843 0.15321657939796984 -0.9881819371768749 1.0 1.0 0.09995500337489714 0.0029995500202495175 1.799999999999971e-08 0.1402619235693268 -0.4741575374311209 -0.07417022646512231 0.1 5.0
p 0.5648819061153127 0.8251717591771612 -1e-08 1.1297638122306255 1.6503435183543225 -2e-08
p 0.09939013986230634 0.9950485415783249 -9.999999999995002e-07 0.09939013986230634 0.9950485415783249 -9.999999999995002e-07
p 0.897920502914794 0.44015766543846935 9.999999999995e-07 0.448960251457397 0.22007883271923467 4.9999999999975e-07
p 0.7256949268914614 0.6880166226800022 1e-08 0.3628474634457307 0.3440083113400011 5e-09
p 0.9903054908553905 -0.13890656853317515 4.9999999999999945e-08 1.980610981710781 -0.2778131370663503 9.999999999999989e-08
p 0.9567694365115904 0.290847460634065 -9.99999999999995e-08 0.4783847182557952 0.1454237303170325 -4.999999999999975e-08
p 0.9123259812014735 -0.4094646554035634 -9.99999999999995e-08 1.824651962402947 -0.8189293108071268 -1.99999999999999e-07
p 0.9707151803916779 0.2402333002648727 -9.999999999995002e-07 1.9414303607833558 0.4804666005297454 -1.9999999999990004e-06
p 0.41467502183671007 0.9099695743620899 2.9999999999999984e-08 0.20733751091835503 0.45498478718104496 1.4999999999999992e-08
p 0.9516054070295062 0.3073225493064361 2.9999999999999984e-08 1.9032108140590125 0.6146450986128722 5.999999999999997e-08
p 0.29633561099981404 0.9550838736222893 -9.99999999999995e-08 0.29633561099981404 0.9550838736222893 -9.99999999999995e-08
p 0.9247807399039965 -0.3805004377167206 -2.9999999999999984e-08 1.849561479807993 -0.7610008754334412 -5.999999999999997e-08
p 0.8973927791175182 0.4412325917106842 9.99999999999995e-08 0.4486963895587591 0.2206162958553421 4.999999999999975e-08
p 0.8396584892170732 0.5431147406264168 -4.9999999999999945e-08 0.4198292446085366 0.2715573703132084 -2.4999999999999972e-08
p 0.98707133266887 0.16028157792554082 9.999999999995002e-07 1.97414266533774 0.32056315585108164 1.9999999999990004e-06
p 0.9889533175004606 -0.14822731126493066 -4.999999999999993e-08 1.9779066350009211 -0.2964546225298613 -9.999999999999986e-08
p 0.5208604384731406 0.8536418474006342 -1e-08 0.2604302192365703 0.4268209237003171 -5e-09
p 0.5611742911914213 0.8276976591158182 2.9999999999999984e-08 0.5611742911914213 0.8276976591158182 2.9999999999999984e-08
p 0.33938199143249614 0.9406486399773898 1e-08 0.33938199143249614 0.9406486399773898 1e-08
p 0.8410703679689564 0.5409257214484848 -1.9999999999999997e-08 0.4205351839844782 0.2704628607242424 -9.999999999999999e-09
p 0.8865500182952362 0.46263275398496895 -9.999999999995002e-07 1.7731000365904723 0.9252655079699379 -1.9999999999990004e-06
p 0.05892001134548674 0.9982627070381062 -1e-08 0.02946000567274337 0.4991313535190531 -5e-09
p 0.5836941856679463 0.8119735818463758 -9.999999999995002e-07 0.5836941856679463 0.8119735818463758 -9.999999999995002e-07
p 0.8901769581968965 0.45561495047278777 -9.999999999995e-07 0.8901769581968965 0.45561495047278777 -9.999999999995e-07
p 0.9030320249062342 -0.42957323239902345 2.9999999999999984e-08 0.9030320249062342 -0.42957323239902345 2.9999999999999984e-08
p 0.9990020389677012 0.04466459602823918 9.99999999999995e-08 0.4995010194838506 0.02233229801411959 4.999999999999975e-08
p 0.8008412292124218 0.5988767198627253 -2e-08 1.6016824584248437 1.1977534397254506 -4e-08
p 0.956520469498293 -0.29166520435383514 -2.9999999999999984e-08 1.913040938996586 -0.5833304087076703 -5.999999999999997e-08
p 0.4179242221522087 0.908481890044304 1.9999999999999997e-08 0.8358484443044174 1.816963780088608 3.9999999999999994e-08
p 0.8571629821406216 0.5150452621350734 9.99999999999995e-08 0.8571629821406216 0.5150452621350734 9.99999999999995e-08
p 0.9644010241044606 0.2644440672529219 9.999999999995002e-07 0.9644010241044606 0.2644440672529219 9.999999999995002e-07
p 0.9383081369606545 0.3458002893483819 -2.9999999999999984e-08 0.9383081369606545 0.3458002893483819 -2.9999999999999984e-08
p 0.025989013006032333 0.9996622285567122 1e-08 0.012994506503016166 0.4998311142783561 5e-09
p 0.6761702888468286 0.7367453701794101 -1.9999999999999997e-08 0.6761702888468286 0.7367453701794101 -1.9999999999999997e-08
p 0.8351794208762195 0.5499775767655096 1.9999999999999997e-08 0.8351794208762195 0.5499775767655096 1.9999999999999997e-08
p 0.4576371679398292 0.8891390344147604 -1e-08 0.9152743358796585 1.7782780688295208 -2e-08
p 0.4924088071984247 0.8703640425669157 -2.9999999999999984e-08 0.9848176143968495 1.7407280851338314 -5.999999999999997e-08
p 0.9671960549530323 0.25403108330141405 -2.9999999999999984e-08 0.9671960549530323 0.25403108330141405 -2.9999999999999984e-08
p 0.8778728199890732 0.4788938420197438 -2.9999999999999984e-08 1.7557456399781464 0.9577876840394876 -5.999999999999997e-08
p 0.5643399780480147 0.825542481751706 1.9999999999999997e-08 1.1286799560960294 1.651084963503412 3.9999999999999994e-08
case 30 6 40
s 0.9987502603949663 0.04997916927067833 0.0 1.0 0.0 -1e-08 -9.9999999999998e-09 1.9983330554893617e-07 -0.99999999999998 1.0 1.0 0.9987502603949663 0.04997916927067833 0.0 1.0 0.0 -1e-08 1.0 0.0
s 0.8775825618903728 0.479425538604203 0.0 0.9987502603949663 0.04997916927067833 0.0 0.0 0.0 -1.0 1.0 1.0 1.7551651237807455 0.958851077208406 0.0 0.9987502603949663 0.04997916927067833 0.0 1.0 1.0
s -0.3722130460563617 0.813300343259146 0.4472135954999579 0.8775825618903728 0.479425538604203 0.0 -0.21483604456352498 0.3932547417548017 -0.8939777301721019 1.0 1.0 -0.7444260921127234 1.626600686518292 0.8944271909999159 1.7551651237807455 0.958851077208406 0.0 2.0 2.0
s -0.8375923243065936 -0.31375005699231057 -0.4472135954999579 -0.3722130460563617 0.813300343259146 0.4472135954999579 0.22573907030675272 0.5466923892662394 -0.8063307656634549 1.0 1.0 -1.6751846486131872 -0.6275001139846211 -0.8944271909999159 -0.7444260921127234 1.626600686518292 0.8944271909999159 2.0 3.0
s 0.2751927418019831 -0.9302931932717461 0.24253562503633297 -0.8375923243065936 -0.31375005699231057 -0.4472135954999579 0.4926817704433339 -0.08016495448787829 -0.8665092343101592 1.0 1.0 0.5503854836039662 -1.8605863865434922 0.48507125007266594 -1.6751846486131872 -0.6275001139846211 -0.8944271909999159 2.0 4.0
s 1.0 0.0 -1e-08 0.2751927418019831 -0.9302931932717461 0.24253562503633297 -9.676552564637212e-09 -0.2522762466783777 -0.9676552564637212 1.0 1.0 1.0 0.0 -1e-08 0.5503854836039662 -1.8605863865434922 0.48507125007266594 1.0 5.0
p 0.9930756149670847 0.11747690393325895 -4.9999999999999945e-08 0.9930756149670847 0.11747690393325895 -4.9999999999999945e-08
p 0.9750019083764764 -0.22219648661090183 -1.9999999999999997e-08 0.4875009541882382 -0.11109824330545091 -9.999999999999999e-09
p 0.227332698677678 0.9738171512722107 -1.9999999999999997e-08 0.113666349338839 0.48690857563610535 -9.999999999999999e-09
p 0.5950017459853779 0.803724406917161 -9.99999999999995e-08 0.29750087299268896 0.4018622034585805 -4.999999999999975e-08
p 0.39472383015530826 0.9187998138367919 -9.999999999995e-07 0.39472383015530826 0.9187998138367919 -9.999999999995e-07
p 0.9977866472646948 0.06649666563271976 9.99999999999995e-08 1.9955732945293896 0.13299333126543952 1.99999999999999e-07
p 0.8739163167771139 0.4860764047664966 -1e-08 0.8739163167771139 0.4860764047664966 -1e-08
p 0.531147079968882 0.8472796347372737 4.9999999999999945e-08 0.531147079968882 0.8472796347372737 4.9999999999999945e-08
p 0.9995042512182183 0.03148415151626148 9.99999999999995e-08 0.9995042512182183 0.03148415151626148 9.99999999999995e-08
p 0.9822757309511424 -0.18744169328993812 -9.999999999995002e-07 0.4911378654755712 -0.09372084664496906 -4.999999999997501e-07
p 0.9645167742699579 -0.26402157516361086 2.9999999999999984e-08 0.9645167742699579 -0.26402157516361086 2.9999999999999984e-08
p 0.682683696668407 0.7307140140322725 4.9999999999999945e-08 0.682683696668407 0.7307140140322725 4.9999999999999945e-08
p 0.29788060850714215 0.9546031338076649 1e-08 0.5957612170142843 1.9092062676153299 2e-08
p 0.9437405004714585 0.3306869634093264 -9.999999999995002e-07 0.9437405004714585 0.3306869634093264 -9.999999999995002e-07
p 0.9942170098460151 0.1073896518890269 4.9999999999999945e-08 0.49710850492300757 0.05369482594451345 2.4999999999999972e-08
p 0.9030590765292356 -0.42951636092022666 -9.99999999999995e-08 0.9030590765292356 -0.42951636092022666 -9.99999999999995e-08
p 0.3578826084087162 0.9337665867863196 -2e-08 0.3578826084087162 0.9337665867863196 -2e-08
p 0.9725253130706321 0.23279715513052648 -4.999999999999993e-08 1.9450506261412641 0.46559431026105297 -9.999999999999986e-08
p 0.4833303049515387 0.8754380710909553 -1e-08 0.24166515247576936 0.43771903554547764 -5e-09
p 0.3385253918925403 0.9409572567571823 2e-08 0.6770507837850805 1.8819145135143647 4e-08
p 0.3518137422257695 0.9360700245073009 2.9999999999999984e-08 0.3518137422257695 0.9360700245073009 2.9999999999999984e-08
p 0.05826201168158797 0.9983013262511543 2.9999999999999984e-08 0.05826201168158797 0.9983013262511543 2.9999999999999984e-08
p 0.18028767883301902 0.9836139246986092 -2.9999999999999984e-08 0.18028767883301902 0.9836139246986092 -2.9999999999999984e-08
p 0.9807182212323607 -0.19542714894004443 1e-08 0.9807182212323607 -0.19542714894004443 1e-08
p 0.20448149134519022 0.9788704304948873 2.9999999999999984e-08 0.20448149134519022 0.9788704304948873 2.9999999999999984e-08
p 0.6813055316487072 0.7319991615738861 -1.9999999999999997e-08 0.3406527658243536 0.36599958078694306 -9.999999999999999e-09
p 0.9974208618133449 -0.07177481744681675 -1.9999999999999997e-08 0.9974208618133449 -0.07177481744681675 -1.9999999999999997e-08
p 0.9992172989598278 -0.03955741976451626 9.999999999995e-07 1.9984345979196556 -0.07911483952903252 1.999999999999e-06
p 0.07977091690865631 0.996813222632777 -9.99999999999995e-08 0.07977091690865631 0.996813222632777 -9.99999999999995e-08
p 0.6142010276707046 0.7891496040727942 -4.999999999999993e-08 0.6142010276707046 0.7891496040727942 -4.999999999999993e-08
p 0.96459760701548 0.26372610136277225 4.9999999999999945e-08 0.48229880350774 0.13186305068138612 2.4999999999999972e-08
p 0.9751335268217258 0.2216181510351139 -1e-08 0.4875667634108629 0.11080907551755695 -5e-09
p 0.6184018556953412 0.7858620393380434 -9.99999999999995e-08 0.6184018556953412 0.7858620393380434 -9.99999999999995e-08
p 0.9799432486352408 -0.1992767659668584 1.9999999999999997e-08 0.9799432486352408 -0.1992767659668584 1.9999999999999997e-08
p 0.85598370278937 0.5170028051751722 -4.999999999999993e-08 0.85598370278937 0.5170028051751722 -4.999999999999993e-08
p 0.8881413427276447 0.4595704030264966 -1e-08 1.7762826854552893 0.9191408060529932 -2e-08
p 0.9961043040416497 0.08818285246968868 9.99999999999995e-08 1.9922086080832995 0.17636570493937737 1.99999999999999e-07
p 0.7649571100804112 0.6440812213823852 -1.9999999999999997e-08 0.3824785550402056 0.3220406106911926 -9.999999999999999e-09
p 0.4895635917488846 0.8719675966651107 4.9999999999999945e-08 0.4895635917488846 0.8719675966651107 4.9999999999999945e-08
p 0.13999352310363278 0.9901524193219056 9.99999999999995e-08 0.06999676155181639 0.4950762096609528 4.999999999999975e-08
case 31 6 40
s 0.9995500337489827 0.029995500202495515 9.99999999999995e-08 0.9987502603949663 0.04997916927067833 0.0 -2.499125068508441e-07 4.994084234202633e-06 0.9999999999874984 1.0 1.0 0.009995500337489827 0.00029995500202495515 9.99999999999995e-10 0.009987502603949663 0.0004997916927067833 0.0 0.01 0.0
s 0.9987502603949663 0.04997916927067833 0.0 0.8775825618903728 0.479425538604203 0.0 0.0 0.0 1.0 1.0 1.0 0.009987502603949663 0.0004997916927067833 0.0 0.8775825618903728 0.479425538604203 0.0 0.01 1.0
s 0.8775825618903728 0.479425538604203 0.0 -0.4161468365471424 0.9092974268256817 0.0 0.0 -0.0 1.0 1.0 1.0 0.8775825618903728 0.479425538604203 0.0 -0.4161468365471424 0.9092974268256817 0.0 1.0 2.0
s -0.4161468365471424 0.9092974268256817 0.0 -0.9364566872907963 -0.35078322768961984 -0.0 0.0 -0.0 1.0 1.0 1.0 -0.4161468365471424 0.9092974268256817 0.0 -0.9364566872907963 -0.35078322768961984 -0.0 1.0 3.0
s -0.9364566872907963 -0.35078322768961984 -0.0 0.2836621854632263 -0.9589242746631386 0.0 -0.0 0.0 1.0 1.0 1.0 -0.9364566872907963 -0.35078322768961984 -0.0 0.2836621854632263 -0.9589242746631386 0.0 1.0 4.0
s 0.2836621854632263 -0.9589242746631386 0.0 0.9995500337489827 0.029995500202495515 9.99999999999995e-08 -9.916472657168322e-08 -2.933420688517714e-08 0.9999999999999947 1.0 1.0 0.2836621854632263 -0.9589242746631386 0.0 0.009995500337489827 0.00029995500202495515 9.99999999999995e-10 0.01 5.0
p 0.7489624781551651 0.6626124103234664 -9.999999999995e-07 0.7489624781551651 0.6626124103234664 -9.999999999995e-07
p 0.5941942806026255 0.8043215506867439 -1e-08 1.188388561205251 1.6086431013734879 -2e-08
p 0.9016047489623294 0.4325608357763967 -9.999999999995e-07 0.9016047489623294 0.4325608357763967 -9.999999999995e-07
p 0.9442159619941308 0.32932691526124624 9.999999999999948e-08 0.9442159619941308 0.32932691526124624 9.999999999999948e-08
p 0.7184189260603969 0.6956107005202147 4.9999999999999945e-08 0.7184189260603969 0.6956107005202147 4.9999999999999945e-08
p 0.9965841763817984 0.08258316647726695 -1.9999999999999997e-08 1.9931683527635968 0.1651663329545339 -3.9999999999999994e-08
p 0.9176797130035445 -0.39732095885031254 1.9999999999999997e-08 0.4588398565017722 -0.19866047942515627 9.999999999999999e-09
p 0.2189012213860474 0.975747024220774 2.9999999999999984e-08 0.1094506106930237 0.487873512110387 1.4999999999999992e-08
p 0.9264506007129416 0.3764163711086699 9.99999999999995e-08 0.9264506007129416 0.3764163711086699 9.99999999999995e-08
p 0.7937378740136906 0.6082599669189355 4.9999999999999945e-08 1.5874757480273811 1.216519933837871 9.999999999999989e-08
p 0.9460694300229289 0.3239639386970262 1e-08 0.47303471501146444 0.1619819693485131 5e-09
p 0.04118646632031285 0.9991514775008021 -9.99999999999995e-08 0.0823729326406257 1.9983029550016043 -1.99999999999999e-07
p 0.9492052687234402 0.314657524663976 2.9999999999999984e-08 0.9492052687234402 0.314657524663976 2.9999999999999984e-08
p 0.7071918288023482 0.7070217233403656 9.99999999999995e-08 1.4143836576046964 1.4140434466807312 1.99999999999999e-07
p 0.979419351698676 -0.2018359074053595 1.9999999999999997e-08 1.958838703397352 -0.403671814810719 3.9999999999999994e-08
p 0.1918842018383725 0.9814175732504744 1.9999999999999997e-08 0.09594210091918624 0.4907087866252372 9.999999999999999e-09
p 0.8636497946536152 0.5040922853950117 -4.9999999999999945e-08 0.8636497946536152 0.5040922853950117 -4.9999999999999945e-08
p 0.6742774831110318 0.7384780807643803 9.99999999999995e-08 0.6742774831110318 0.7384780807643803 9.99999999999995e-08
p 0.19067605104898475 0.9816530158642438 -9.999999999995002e-07 0.19067605104898475 0.9816530158642438 -9.999999999995002e-07
p 0.6968138564310371 0.7172520125351382 -1e-08 0.34840692821551855 0.3586260062675691 -5e-09
p 0.36794622256888326 0.9298470719947928 -1.9999999999999997e-08 0.36794622256888326 0.9298470719947928 -1.9999999999999997e-08
p 0.9739746782372132 -0.2266568466927644 -9.99999999999995e-08 1.9479493564744264 -0.4533136933855288 -1.99999999999999e-07
p 0.24885212641665838 0.9685414906847809 -9.99999999999995e-08 0.24885212641665838 0.9685414906847809 -9.99999999999995e-08
p 0.1850792434380305 0.9827235998221505 9.999999999995e-07 0.370158486876061 1.965447199644301 1.999999999999e-06
p 0.9725849161325164 0.23254801850693926 -4.9999999999999945e-08 0.9725849161325164 0.23254801850693926 -4.9999999999999945e-08
p 0.1437078242327346 0.9896201600888512 -9.99999999999995e-08 0.1437078242327346 0.9896201600888512 -9.99999999999995e-08
p 0.9579815142280564 0.2868299468279421 1e-08 0.9579815142280564 0.2868299468279421 1e-08
p 0.28295013906421684 0.9591346197502936 2e-08 0.14147506953210842 0.4795673098751468 1e-08
p 0.9725516442342984 0.23268712748272669 9.999999999995e-07 1.9451032884685968 0.46537425496545337 1.999999999999e-06
p 0.8786440834898162 0.4774773026525351 1.9999999999999997e-08 0.8786440834898162 0.4774773026525351 1.9999999999999997e-08
p 0.19616592541235203 0.9805707163214266 1e-08 0.39233185082470406 1.9611414326428531 2e-08
p 0.996292268646427 0.08603322285811224 -4.9999999999999945e-08 0.4981461343232135 0.04301661142905612 -2.4999999999999972e-08
p 0.9999438120839653 -0.01060059785986671 -2.9999999999999984e-08 1.9998876241679306 -0.02120119571973342 -5.999999999999997e-08
p 0.7878782172181813 0.6158310765405541 -4.999999999999993e-08 0.39393910860909065 0.30791553827027707 -2.4999999999999966e-08
p 0.8884809824938995 -0.45891343818488506 4.999999999999993e-08 0.44424049124694975 -0.22945671909244253 2.4999999999999966e-08
p 0.9962716382757889 -0.08627179589689077 2.9999999999999984e-08 0.9962716382757889 -0.08627179589689077 2.9999999999999984e-08
p 0.08481679037046091 0.9963965636588933 -4.9999999999999945e-08 0.16963358074092183 1.9927931273177866 -9.999999999999989e-08
p 0.442517389368601 0.8967599233386803 -4.9999999999999945e-08 0.885034778737202 1.7935198466773605 -9.999999999999989e-08
p 0.9542655424985127 -0.2989603224510209 -2.9999999999999984e-08 0.47713277124925635 -0.14948016122551044 -1.4999999999999992e-08
p 0.8804517182752335 -0.47413581575976615 9.99999999999995e-08 0.8804517182752335 -0.47413581575976615 9.99999999999995e-08
case 32 6 40
s 0.9950041652780258 -0.09983341664682815 -3e-09 0.9987502603949663 0.04997916927067833 0.0 1.0033416861558006e-09 -2.0050108573956092e-08 0.9999999999999998 1.0 1.0 0.9950041652780258 -0.09983341664682815 -3e-09 0.9987502603949663 0.04997916927067833 0.0 1.0 0.0
s 0.9987502603949663 0.04997916927067833 0.0 0.8775825618903728 0.479425538604203 0.0 0.0 0.0 1.0 1.0 1.0 0.9987502603949663 0.04997916927067833 0.0 0.8775825618903728 0.479425538604203 0.0 1.0 1.0
s 0.8775825618903728 0.479425538604203 0.0 -0.4161468365471424 0.9092974268256817 0.0 0.0 -0.0 1.0 1.0 1.0 0.8775825618903728 0.479425538604203 0.0 -0.4161468365471424 0.9092974268256817 0.0 1.0 2.0
s -0.4161468365471424 0.9092974268256817 0.0 -0.9364566872907963 -0.35078322768961984 -0.0 0.0 -0.0 1.0 1.0 1.0 -0.4161468365471424 0.9092974268256817 0.0 -0.9364566872907963 -0.35078322768961984 -0.0 1.0 3.0
s -0.9364566872907963 -0.35078322768961984 -0.0 0.2836621854632263 -0.9589242746631386 0.0 -0.0 0.0 1.0 1.0 1.0 -0.9364566872907963 -0.35078322768961984 -0.0 0.2836621854632263 -0.9589242746631386 0.0 1.0 4.0
s 0.2836621854632263 -0.9589242746631386 0.0 0.9950041652780258 -0.09983341664682815 -3e-09 3.107287969074416e-09 9.191759135317267e-10 1.0 1.0 1.0 0.2836621854632263 -0.9589242746631386 0.0 0.9950041652780258 -0.09983341664682815 -3e-09 1.0 5.0
p 0.3135201312925379 0.9495815537774043 1.9999999999999997e-08 0.3135201312925379 0.9495815537774043 1.9999999999999997e-08
p 0.9986253244291925 -0.052416232301549695 1e-08 1.997250648858385 -0.10483246460309939 2e-08
p 0.9115972997715739 -0.41108437461082503 -4.9999999999999945e-08 0.45579864988578694 -0.20554218730541252 -2.4999999999999972e-08
p 0.8257302846224058 0.5640651532016497 9.999999999995e-07 1.6514605692448117 1.1281303064032995 1.999999999999e-06
p 0.9440050709915684 -0.3299309411713358 1.9999999999999997e-08 0.4720025354957842 -0.1649654705856679 9.999999999999999e-09
p 0.20389723159578194 0.9789922976957346 4.9999999999999945e-08 0.10194861579789097 0.4894961488478673 2.4999999999999972e-08
p 0.911466898294289 0.4113734231981781 2.9999999999999984e-08 0.911466898294289 0.4113734231981781 2.9999999999999984e-08
p 0.6971926956217008 0.7168837738237249 -2.9999999999999984e-08 1.3943853912434017 1.4337675476474498 -5.999999999999997e-08
p 0.973217666905318 -0.22988556462588014 9.99999999999995e-08 0.486608833452659 -0.11494278231294007 4.999999999999975e-08
p 0.9660687617749225 -0.25828501219131106 4.9999999999999945e-08 1.932137523549845 -0.5165700243826221 9.999999999999989e-08
p 0.9864452507807517 0.16409072859884474 -1e-08 0.49322262539037587 0.08204536429942237 -5e-09
p 0.998230478935509 0.05946352599856531 -4.9999999999999945e-08 0.4991152394677545 0.029731762999282655 -2.4999999999999972e-08
p 0.8952991346426472 -0.4454654414296658 -1e-08 1.7905982692852944 -0.8909308828593316 -2e-08
p 0.9935734002937933 -0.11318965601427025 2.9999999999999984e-08 0.49678670014689663 -0.056594828007135126 1.4999999999999992e-08
p 0.9100593319251618 -0.414477999869628 2.9999999999999984e-08 0.4550296659625809 -0.207238999934814 1.4999999999999992e-08
p 0.5209126316274669 0.8536099988934903 -4.9999999999999945e-08 0.5209126316274669 0.8536099988934903 -4.9999999999999945e-08
p 0.7430868138043435 0.6691950292329648 1.9999999999999997e-08 0.7430868138043435 0.6691950292329648 1.9999999999999997e-08
p 0.5331558808244716 0.8460170250900876 -1e-08 0.2665779404122358 0.4230085125450438 -5e-09
p 0.9674017107681919 0.25324677688526104 -4.9999999999999945e-08 0.9674017107681919 0.25324677688526104 -4.9999999999999945e-08
p 0.9740956401456177 0.22613642751509413 9.99999999999995e-08 0.48704782007280883 0.11306821375754707 4.999999999999975e-08
p 0.9999512246716664 -0.009876653159550705 1.9999999999999997e-08 1.9999024493433328 -0.01975330631910141 3.9999999999999994e-08
p 0.9879040505222412 0.15506639533357403 2.9999999999999984e-08 0.4939520252611206 0.07753319766678701 1.4999999999999992e-08
p 0.7432383456118866 0.6690267271283682 -9.99999999999995e-08 0.3716191728059433 0.3345133635641841 -4.999999999999975e-08
p 0.784908335187199 0.6196118989760119 -9.999999999995e-07 0.3924541675935995 0.30980594948800594 -4.9999999999975e-07
p 0.17691710376246342 0.9842257558077322 -9.999999999995e-07 0.08845855188123171 0.4921128779038661 -4.9999999999975e-07
p 0.8896443484990426 0.4566540629225951 1.9999999999999997e-08 0.4448221742495213 0.22832703146129754 9.999999999999999e-09
p 0.9166557348651782 0.3996776998267204 4.9999999999999945e-08 1.8333114697303563 0.7993553996534408 9.999999999999989e-08
p 0.9999256452480155 0.012194423944526937 -2.9999999999999984e-08 1.999851290496031 0.024388847889053874 -5.999999999999997e-08
p 0.8395875776770022 0.5432243545805577 -9.999999999995e-07 0.8395875776770022 0.5432243545805577 -9.999999999995e-07
p 0.9680153679276822 -0.25089090747740156 -9.999999999995e-07 0.9680153679276822 -0.25089090747740156 -9.999999999995e-07
p 0.8716438078176446 0.4901398497298036 4.999999999999993e-08 1.7432876156352892 0.9802796994596072 9.999999999999986e-08
p 0.979999989210574 0.19899754055584412 -2e-08 0.979999989210574 0.19899754055584412 -2e-08
p 0.0707250591113528 0.9974958476172696 1.9999999999999997e-08 0.1414501182227056 1.9949916952345392 3.9999999999999994e-08
p 0.9410394171995736 0.3382969335904272 2.9999999999999984e-08 1.8820788343991472 0.6765938671808543 5.999999999999997e-08
p 0.9755553999641632 -0.21975363842439727 -2.9999999999999984e-08 1.9511107999283264 -0.43950727684879454 -5.999999999999997e-08
p 0.9835616801250356 0.18057248237097787 1e-08 1.9671233602500713 0.36114496474195573 2e-08
p 0.8948964679007787 0.4462738080357263 -4.9999999999999945e-08 1.7897929358015574 0.8925476160714526 -9.999999999999989e-08
p 0.4673084178135461 0.8840943629729799 -2.9999999999999984e-08 0.9346168356270922 1.7681887259459599 -5.999999999999997e-08
p 0.9851935409860713 -0.17144587133940095 -1e-08 0.49259677049303563 -0.08572293566970048 -5e-09
p 0.9764474321927393 0.21575544527127383 2e-08 0.9764474321927393 0.21575544527127383 2e-08
case 33 6 40
s 0.9992001066609768 0.03998933418663412 4.9999999999999945e-08 0.9987502603949663 0.04997916927067833 0.0 -2.4990001132963173e-07 4.99383453207179e-06 0.9999999999874996 1.0 1.0 0.009992001066609768 0.0003998933418663412 4.999999999999994e-10 0.009987502603949663 0.0004997916927067833 0.0 0.01 0.0
s 0.9987502603949663 0.04997916927067833 0.0 0.8775825618903728 0.479425538604203 0.0 0.0 0.0 1.0 1.0 1.0 0.009987502603949663 0.0004997916927067833 0.0 0.4387912809451864 0.2397127693021015 0.0 0.01 1.0
s 0.8775825618903728 0.479425538604203 0.0 -0.39859637855648306 0.8709489764975944 0.2873478855663454 0.13807921244038343 -0.25275230299584717 0.9576274872945841 1.0 1.0 0.4387912809451864 0.2397127693021015 0.0 -0.19929818927824153 0.4354744882487972 0.1436739427831727 0.5 2.0
s -0.39859637855648306 0.8709489764975944 0.2873478855663454 -0.8969628300582488 -0.3359893958958339 -0.2873478855663454 -0.1537435140353627 -0.3723343456140114 0.9152759512672909 1.0 1.0 -0.19929818927824153 0.4354744882487972 0.1436739427831727 -0.4484814150291244 -0.16799469794791694 -0.1436739427831727 0.5 3.0
s -0.8969628300582488 -0.3359893958958339 -0.2873478855663454 0.2805238471386536 -0.9483150748622418 0.14834045293024462 -0.3224329819611792 0.05246353097466939 0.9451373180979005 1.0 1.0 -0.4484814150291244 -0.16799469794791694 -0.1436739427831727 0.1402619235693268 -0.4741575374311209 0.07417022646512231 0.5 4.0
s 0.2805238471386536 -0.9483150748622418 0.14834045293024462 0.9992001066609768 0.03998933418663412 4.9999999999999945e-08 -0.0061144016835014345 0.15277727240275324 0.9882417311210997 1.0 1.0 0.1402619235693268 -0.4741575374311209 0.07417022646512231 0.009992001066609768 0.0003998933418663412 4.999999999999994e-10 0.01 5.0
p 0.9469492623193854 0.32138309630838097 -9.99999999999995e-08 1.8938985246387707 0.6427661926167619 -1.99999999999999e-07
p 0.9814822151832358 -0.1915532857405697 9.999999999995e-07 1.9629644303664715 -0.3831065714811394 1.999999999999e-06
p 0.8259468851969536 0.5637479426423212 -1.9999999999999997e-08 0.8259468851969536 0.5637479426423212 -1.9999999999999997e-08
p 0.9567336001935746 0.2909653214038426 -9.999999999995e-07 0.9567336001935746 0.2909653214038426 -9.999999999995e-07
p 0.7834909698438736 0.6214031703919014 -1e-08 0.3917454849219368 0.3107015851959507 -5e-09
p 0.0246383351593065 0.9996964301424596 -9.999999999995e-07 0.01231916757965325 0.4998482150712298 -4.9999999999975e-07
p 0.9899429077337104 -0.1414674500644072 2.9999999999999984e-08 0.9899429077337104 -0.1414674500644072 2.9999999999999984e-08
p 0.9662997490901234 -0.2574194920909485 -4.999999999999993e-08 0.4831498745450617 -0.12870974604547425 -2.4999999999999966e-08
p 0.8656278422881245 0.5006879653592605 9.99999999999995e-08 0.43281392114406225 0.25034398267963026 4.999999999999975e-08
p 0.17398313224152023 0.9847486327461578 -4.999999999999993e-08 0.17398313224152023 0.9847486327461578 -4.999999999999993e-08
p 0.5425956654497942 0.8399940141662285 2.9999999999999984e-08 0.5425956654497942 0.8399940141662285 2.9999999999999984e-08
p 0.9777154050544358 -0.20993472013757172 -2e-08 1.9554308101088715 -0.41986944027514345 -4e-08
p -0.02353248004069824 0.9997230728472432 1e-08 -0.01176624002034912 0.4998615364236216 5e-09
p 0.7696240363218041 0.6384973318000041 -9.99999999999995e-08 0.38481201816090205 0.31924866590000206 -4.999999999999975e-08
p 0.09985602443677907 0.9950018966734089 -1.9999999999999997e-08 0.049928012218389536 0.49750094833670444 -9.999999999999999e-09
p 0.11901365375791478 0.992892617667787 -2.9999999999999984e-08 0.11901365375791478 0.992892617667787 -2.9999999999999984e-08
p 0.6325089533425917 0.7745530478549914 4.999999999999993e-08 0.6325089533425917 0.7745530478549914 4.999999999999993e-08
p 0.1193192022751805 0.9928559452248911 4.999999999999993e-08 0.05965960113759025 0.49642797261244553 2.4999999999999966e-08
p 0.16428094822629954 0.9864135897532361 4.9999999999999945e-08 0.16428094822629954 0.9864135897532361 4.9999999999999945e-08
p 0.6858031941684375 0.7277870422509372 2.9999999999999984e-08 0.6858031941684375 0.7277870422509372 2.9999999999999984e-08
p 0.8351274369133848 0.5500565099282781 -4.999999999999993e-08 0.8351274369133848 0.5500565099282781 -4.999999999999993e-08
p 0.9407306516801153 -0.3391545974765831 4.999999999999993e-08 0.9407306516801153 -0.3391545974765831 4.999999999999993e-08
p 0.5589968799200508 0.8291697583961009 9.999999999995e-07 1.1179937598401015 1.6583395167922017 1.999999999999e-06
p 0.9661679497256164 0.2579137315518473 -1.9999999999999997e-08 1.9323358994512327 0.5158274631036947 -3.9999999999999994e-08
p 0.8878929363191221 0.46005014252210197 -2.9999999999999984e-08 1.7757858726382443 0.9201002850442039 -5.999999999999997e-08
p 0.4709203926159485 0.8821757102859047 1.9999999999999997e-08 0.941840785231897 1.7643514205718094 3.9999999999999994e-08
p 0.9576291027215913 -0.28800434305864026 -2.9999999999999984e-08 0.47881455136079565 -0.14400217152932013 -1.4999999999999992e-08
p 0.2913432015104544 0.9566185963766535 -2e-08 0.2913432015104544 0.9566185963766535 -2e-08
p 0.9631370191051668 0.2690113053910818 9.999999999995002e-07 1.9262740382103336 0.5380226107821636 1.9999999999990004e-06
p 0.6145964994066833 0.7888416462871675 -4.9999999999999945e-08 0.6145964994066833 0.7888416462871675 -4.9999999999999945e-08
p 0.6296909382394588 0.7768457519347713 -9.99999999999995e-08 0.6296909382394588 0.7768457519347713 -9.99999999999995e-08
p 0.8423779552712966 0.5388871685918559 4.9999999999999945e-08 0.4211889776356483 0.26944358429592796 2.4999999999999972e-08
p 0.9603466015493707 -0.27880890389758617 -2.9999999999999984e-08 0.48017330077468534 -0.13940445194879308 -1.4999999999999992e-08
p 0.9223201164390278 0.3864267107898837 9.99999999999995e-08 0.4611600582195139 0.19321335539494186 4.999999999999975e-08
p 0.996324665053393 0.08565723440691769 -4.999999999999993e-08 1.992649330106786 0.17131446881383539 -9.999999999999986e-08
p 0.8458614213972014 0.533402714458696 -2.9999999999999984e-08 1.6917228427944029 1.066805428917392 -5.999999999999997e-08
p 0.8678305682027038 0.496860246843086 -1e-08 0.4339152841013519 0.248430123421543 -5e-09
p 0.5648294343036596 0.8252076769784716 4.9999999999999945e-08 1.1296588686073192 1.6504153539569433 9.999999999999989e-08
p 0.031043171042630005 0.9995180446253124 9.999999999999948e-08 0.015521585521315003 0.4997590223126562 4.999999999999974e-08
p 0.9465642011280977 -0.3225154463630009 -1.9999999999999997e-08 0.47328210056404885 -0.16125772318150045 -9.999999999999999e-09
case 34 6 40
s 0.9992001066609779 0.03998933418663416 -1e-09 0.9987502603949663 0.04997916927067833 0.0 4.998000226655086e-09 -9.987669064268379e-08 0.999999999999995 1.0 1.0 0.000999200106660978 3.998933418663416e-05 -1.0000000000000002e-12 0.0009987502603949663 4.997916927067833e-05 0.0 0.001 0.0
s 0.9987502603949663 0.04997916927067833 0.0 0.8775825618903728 0.479425538604203 0.0 0.0 0.0 1.0 1.0 1.0 0.0009987502603949663 4.997916927067833e-05 0.0 0.8775825618903728 0.479425538604203 0.0 0.001 1.0
s 0.8775825618903728 0.479425538604203 0.0 -0.3722130460563617 0.813300343259146 0.4472135954999579 0.21483604456352498 -0.3932547417548017 0.8939777301721019 1.0 1.0 0.8775825618903728 0.479425538604203 0.0 -0.3722130460563617 0.813300343259146 0.4472135954999579 1.0 2.0
s -0.3722130460563617 0.813300343259146 0.4472135954999579 -0.8375923243065936 -0.31375005699231057 -0.4472135954999579 -0.22573907030675272 -0.5466923892662394 0.8063307656634549 1.0 1.0 -0.3722130460563617 0.813300343259146 0.4472135954999579 -0.8375923243065936 -0.31375005699231057 -0.4472135954999579 1.0 3.0
s -0.8375923243065936 -0.31375005699231057 -0.4472135954999579 0.2751927418019831 -0.9302931932717461 0.24253562503633297 -0.4926817704433339 0.08016495448787829 0.8665092343101592 1.0 1.0 -0.8375923243065936 -0.31375005699231057 -0.4472135954999579 0.2751927418019831 -0.9302931932717461 0.24253562503633297 1.0 4.0
s 0.2751927418019831 -0.9302931932717461 0.24253562503633297 0.9992001066609779 0.03998933418663416 -1e-09 -0.009985199920887065 0.24949687203445364 0.9683241227128255 1.0 1.0 0.2751927418019831 -0.9302931932717461 0.24253562503633297 0.000999200106660978 3.998933418663416e-05 -1.0000000000000002e-12 0.001 5.0
p 0.21474122865144263 0.9766709807899837 -2e-08 0.10737061432572131 0.48833549039499186 -1e-08
p 0.583407531238816 0.8121795691186939 -4.999999999999993e-08 0.583407531238816 0.8121795691186939 -4.999999999999993e-08
p 0.8887480689396315 -0.45839597506530855 2.9999999999999984e-08 1.777496137879263 -0.9167919501306171 5.999999999999997e-08
p 0.19509867566695516 0.9807836187212755 -9.999999999995e-07 0.09754933783347758 0.49039180936063775 -4.9999999999975e-07
p 0.9999485752381708 -0.010141345036159747 9.99999999999995e-08 0.4999742876190854 -0.005070672518079873 4.999999999999975e-08
p 0.005207819451449763 0.999986439216332 4.9999999999999945e-08 0.0026039097257248814 0.499993219608166 2.4999999999999972e-08
p 0.9800044734440263 0.19897545584743456 4.9999999999999945e-08 1.9600089468880526 0.3979509116948691 9.999999999999989e-08
p 0.422055494814477 0.906569996909729 -2.9999999999999984e-08 0.2110277474072385 0.4532849984548645 -1.4999999999999992e-08
p -0.011909913796037742 0.9999290744614682 4.999999999999993e-08 -0.011909913796037742 0.9999290744614682 4.999999999999993e-08
p -0.011218232600239703 0.9999370736488001 2.9999999999999984e-08 -0.022436465200479407 1.9998741472976003 5.999999999999997e-08
p 0.6281920083113427 0.7780583530132955 -1e-08 1.2563840166226854 1.556116706026591 -2e-08
p 0.3481810691180639 0.9374273001720146 -9.99999999999995e-08 0.17409053455903195 0.4687136500860073 -4.999999999999975e-08
p 0.029167664112640143 0.9995745331740962 1e-08 0.014583832056320072 0.4997872665870481 5e-09
p 0.9328391618839784 -0.36029307245017483 -9.99999999999995e-08 1.8656783237679568 -0.7205861449003497 -1.99999999999999e-07
p 0.2787437968473843 0.9603655011083512 9.99999999999995e-08 0.13937189842369216 0.4801827505541756 4.999999999999975e-08
p 0.8591101751585083 0.5117906866474881 -9.99999999999995e-08 0.42955508757925415 0.25589534332374403 -4.999999999999975e-08
p 0.7960333291591166 0.6052527892276525 -1.9999999999999997e-08 1.5920666583182332 1.210505578455305 -3.9999999999999994e-08
p 0.41002889924907926 0.9120725309867553 -4.999999999999993e-08 0.20501444962453963 0.45603626549337767 -2.4999999999999966e-08
p 0.9819788260771838 -0.18899096575252933 -4.9999999999999945e-08 0.9819788260771838 -0.18899096575252933 -4.9999999999999945e-08
p 0.3123529590357292 0.9499661199125061 -4.9999999999999945e-08 0.6247059180714584 1.8999322398250122 -9.999999999999989e-08
p 0.17212660897197932 0.9850748349657539 9.999999999995e-07 0.08606330448598966 0.49253741748287694 4.9999999999975e-07
p 0.9988968080507611 -0.046959204273501656 1.9999999999999997e-08 1.9977936161015222 -0.09391840854700331 3.9999999999999994e-08
p 0.6126725450983245 0.7903368601316398 4.9999999999999945e-08 0.30633627254916224 0.3951684300658199 2.4999999999999972e-08
p 0.9053587063219525 -0.424647633794232 -1.9999999999999997e-08 0.45267935316097624 -0.212323816897116 -9.999999999999999e-09
p 0.5189168128303078 0.854824743068446 1.9999999999999997e-08 1.0378336256606155 1.709649486136892 3.9999999999999994e-08
p 0.9481214163178406 -0.31790844581333705 1.9999999999999997e-08 0.9481214163178406 -0.31790844581333705 1.9999999999999997e-08
p 0.6688532352938326 0.743394477809032 -9.99999999999995e-08 0.6688532352938326 0.743394477809032 -9.99999999999995e-08
p 0.9249703830324031 0.38003919602179054 1.9999999999999997e-08 1.8499407660648062 0.7600783920435811 3.9999999999999994e-08
p 0.7514374041313037 0.6598043859148007 1.9999999999999997e-08 0.7514374041313037 0.6598043859148007 1.9999999999999997e-08
p 0.8795758286146185 -0.47575872216587617 -1e-08 0.8795758286146185 -0.47575872216587617 -1e-08
p 0.15516706945889833 0.9878882429483291 -1.9999999999999997e-08 0.31033413891779665 1.9757764858966582 -3.9999999999999994e-08
p 0.9947371013207226 -0.10246023255900996 -2e-08 1.9894742026414451 -0.20492046511801992 -4e-08
p 0.7438127672422702 0.6683880364633962 -4.9999999999999945e-08 0.3719063836211351 0.3341940182316981 -2.4999999999999972e-08
p 0.9901134573734192 -0.1402688188018079 1e-08 0.4950567286867096 -0.07013440940090394 5e-09
p 0.9288631031639639 -0.37042318445341843 -2e-08 1.8577262063279278 -0.7408463689068369 -4e-08
p 0.9672337999822765 0.25388732967959543 9.99999999999995e-08 0.48361689999113827 0.12694366483979772 4.999999999999975e-08
p 0.19491792593670965 0.9808195563652526 -1.9999999999999997e-08 0.3898358518734193 1.9616391127305053 -3.9999999999999994e-08
p 0.9510467016353151 -0.3090471991599105 4.999999999999993e-08 0.9510467016353151 -0.3090471991599105 4.999999999999993e-08
p 0.9981467124045196 0.06085343471035168 4.9999999999999945e-08 1.9962934248090392 0.12170686942070336 9.999999999999989e-08
p 0.5572867881928516 0.8303200802730812 9.999999999995002e-07 1.1145735763857032 1.6606401605461625 1.9999999999990004e-06
case 35 6 40
s 0.9987502603949663 0.04997916927067833 0.0 0.9992001066609331 0.03998933418663237 -2.9999999999998654e-07 -1.499400067321782e-06 2.996300717932151e-05 -0.999999999549985 1.0 1.0 0.0009987502603949663 4.997916927067833e-05 0.0 0.0009992001066609331 3.998933418663237e-05 -2.9999999999998656e-10 0.001 0.0
s 0.8775825618903728 0.479425538604203 0.0 0.9987502603949663 0.04997916927067833 0.0 0.0 0.0 -1.0 1.0 1.0 1.7551651237807455 0.958851077208406 0.0 0.0009987502603949663 4.997916927067833e-05 0.0 0.001 1.0
s -0.3722130460563617 0.813300343259146 0.4472135954999579 0.8775825618903728 0.479425538604203 0.0 -0.21483604456352498 0.3932547417548017 -0.8939777301721019 1.0 1.0 -0.7444260921127234 1.626600686518292 0.8944271909999159 1.7551651237807455 0.958851077208406 0.0 2.0 2.0
s -0.8375923243065936 -0.31375005699231057 -0.4472135954999579 -0.3722130460563617 0.813300343259146 0.4472135954999579 0.22573907030675272 0.5466923892662394 -0.8063307656634549 1.0 1.0 -1.6751846486131872 -0.6275001139846211 -0.8944271909999159 -0.7444260921127234 1.626600686518292 0.8944271909999159 2.0 3.0
s 0.2751927418019831 -0.9302931932717461 0.24253562503633297 -0.8375923243065936 -0.31375005699231057 -0.4472135954999579 0.4926817704433339 -0.08016495448787829 -0.8665092343101592 1.0 1.0 0.5503854836039662 -1.8605863865434922 0.48507125007266594 -1.6751846486131872 -0.6275001139846211 -0.8944271909999159 2.0 4.0
s 0.9992001066609331 0.03998933418663237 -2.9999999999998654e-07 0.2751927418019831 -0.9302931932717461 0.24253562503633297 0.009984913368003575 -0.24949695218671675 -0.9683241050157599 1.0 1.0 0.0009992001066609331 3.998933418663237e-05 -2.9999999999998656e-10 0.5503854836039662 -1.8605863865434922 0.48507125007266594 0.001 5.0
p 0.22974463487056757 0.9732509454129441 -9.999999999995e-07 0.45948926974113513 1.9465018908258882 -1.999999999999e-06
p 0.156044788630623 0.98774998048151 -2.9999999999999984e-08 0.156044788630623 0.98774998048151 -2.9999999999999984e-08
p 0.36896589090257803 0.9294429360377455 -4.9999999999999945e-08 0.18448294545128902 0.46472146801887276 -2.4999999999999972e-08
p 0.9999319901787004 -0.011662547631361719 9.99999999999995e-08 0.9999319901787004 -0.011662547631361719 9.99999999999995e-08
p 0.9710601359787329 -0.23883511532637905 -1e-08 0.9710601359787329 -0.23883511532637905 -1e-08
p 0.8384129814318778 0.54503547826403 -9.99999999999995e-08 0.4192064907159389 0.272517739132015 -4.999999999999975e-08
p 0.3888719331436058 0.9212918210931621 -1e-08 0.1944359665718029 0.46064591054658105 -5e-09
p 0.7991721032262913 0.601102278672162 -1.9999999999999997e-08 1.5983442064525826 1.202204557344324 -3.9999999999999994e-08
p 0.303740950527098 0.9527546562325924 -9.99999999999995e-08 0.303740950527098 0.9527546562325924 -9.99999999999995e-08
p 0.6643391369038824 0.7474312752205414 -1e-08 1.3286782738077647 1.4948625504410828 -2e-08
p 0.10029728120516612 0.9949575143607144 -2.999999999999999e-08 0.10029728120516612 0.9949575143607144 -2.999999999999999e-08
p 0.27069980855681186 0.9626638113315067 4.999999999999993e-08 0.13534990427840593 0.48133190566575335 2.4999999999999966e-08
p 0.9419921348718135 -0.3356349472859502 1.9999999999999997e-08 0.9419921348718135 -0.3356349472859502 1.9999999999999997e-08
p 0.5957117401311542 0.8031983084325515 9.999999999995e-07 0.5957117401311542 0.8031983084325515 9.999999999995e-07
p 0.6621118241729149 0.7494050522183681 -1e-08 0.6621118241729149 0.7494050522183681 -1e-08
p 0.9416787725972394 0.33651313382950526 -4.9999999999999945e-08 0.4708393862986197 0.16825656691475263 -2.4999999999999972e-08
p 0.9266419124799615 -0.37594516360165986 1.9999999999999997e-08 0.46332095623998076 -0.18797258180082993 9.999999999999999e-09
p 0.10728762456395485 0.9942280249592765 -9.999999999995e-07 0.2145752491279097 1.988456049918553 -1.999999999999e-06
p 0.0350998710324447 0.9993838096814974 -4.9999999999999945e-08 0.0701997420648894 1.9987676193629949 -9.999999999999989e-08
p 0.991179165566979 0.13252872045314257 -9.999999999995e-07 0.991179165566979 0.13252872045314257 -9.999999999995e-07
p 0.9997436480337016 -0.022641515326141406 -4.9999999999999945e-08 0.4998718240168508 -0.011320757663070703 -2.4999999999999972e-08
p 0.7554358130590485 0.6552226586037863 1.9999999999999997e-08 1.510871626118097 1.3104453172075725 3.9999999999999994e-08
p 0.6864782438324786 0.7271503426009478 -1.9999999999999997e-08 0.3432391219162393 0.3635751713004739 -9.999999999999999e-09
p 0.5367445168130046 0.8437448214188764 -4.999999999999993e-08 0.5367445168130046 0.8437448214188764 -4.999999999999993e-08
p 0.004967695953977325 0.9999876609223267 -4.999999999999993e-08 0.0024838479769886627 0.49999383046116336 -2.4999999999999966e-08
p 0.9857838155120109 0.16801865692410956 -2e-08 0.49289190775600544 0.08400932846205478 -1e-08
p 0.942803001703597 0.33335041619694683 9.99999999999995e-08 1.885606003407194 0.6667008323938937 1.99999999999999e-07
p 0.6684384142394 0.7437674948323004 1.9999999999999997e-08 0.3342192071197 0.3718837474161502 9.999999999999999e-09
p 0.35707949124450256 0.934073999709105 4.9999999999999945e-08 0.35707949124450256 0.934073999709105 4.9999999999999945e-08
p 0.43597232083124965 0.8999600743749714 9.99999999999995e-08 0.43597232083124965 0.8999600743749714 9.99999999999995e-08
p 0.4347759833850404 0.9005386411873514 9.99999999999995e-08 0.2173879916925202 0.4502693205936757 4.999999999999975e-08
p 0.46806631030702506 0.8836933456553618 2.9999999999999984e-08 0.9361326206140501 1.7673866913107237 5.999999999999997e-08
p 0.8937912857753652 0.44848315182626125 -4.9999999999999945e-08 0.4468956428876826 0.22424157591313063 -2.4999999999999972e-08
p 0.28268282034762976 0.9592134397934118 1.9999999999999997e-08 0.28268282034762976 0.9592134397934118 1.9999999999999997e-08
p 0.9962228936458724 -0.0868328634552845 2.9999999999999984e-08 1.9924457872917447 -0.173665726910569 5.999999999999997e-08
p 0.8553439128548521 0.5180606052781385 -9.999999999995e-07 0.42767195642742606 0.25903030263906923 -4.9999999999975e-07
p 0.9849019010521035 -0.17311338857509695 -1e-08 0.9849019010521035 -0.17311338857509695 -1e-08
p 0.5756299825659776 0.8177102929345403 1.9999999999999997e-08 0.5756299825659776 0.8177102929345403 1.9999999999999997e-08
p 0.9941984763205227 0.10756109743745954 -1.9999999999999997e-08 0.49709923816026136 0.05378054871872977 -9.999999999999999e-09
p 0.9900133406102859 -0.14097370468871528 2.9999999999999984e-08 1.9800266812205718 -0.28194740937743057 5.999999999999997e-08
case 36 6 40
s 0.9987502603949663 0.04997916927067833 0.0 0.9989876708477974 0.04498481403765821 -2.999999999999865e-07 -2.998762645671645e-06 5.992526520412499e-05 -0.9999999981999851 1.0 1.0 0.0009987502603949663 4.997916927067833e-05 0.0 0.0009989876708477975 4.4984814037658206e-05 -2.999999999999865e-10 0.001 0.0
s 0.8775825618903728 0.479425538604203 0.0 0.9987502603949663 0.04997916927067833 0.0 0.0 0.0 -1.0 1.0 1.0 1.7551651237807455 0.958851077208406 0.0 0.0009987502603949663 4.997916927067833e-05 0.0 0.001 1.0
s -0.39859637855648306 0.8709489764975944 -0.2873478855663454 0.8775825618903728 0.479425538604203 0.0 0.13807921244038343 -0.25275230299584717 -0.9576274872945841 1.0 1.0 -0.7971927571129661 1.7418979529951888 -0.5746957711326908 1.7551651237807455 0.958851077208406 0.0 2.0 2.0
s -0.8969628300582488 -0.3359893958958339 0.2873478855663454 -0.39859637855648306 0.8709489764975944 -0.2873478855663454 -0.1537435140353627 -0.3723343456140114 -0.9152759512672909 1.0 1.0 -1.7939256601164977 -0.6719787917916678 0.5746957711326908 -0.7971927571129661 1.7418979529951888 -0.5746957711326908 2.0 3.0
s 0.2805238471386536 -0.9483150748622418 -0.14834045293024462 -0.8969628300582488 -0.3359893958958339 0.2873478855663454 -0.3224329819611792 0.05246353097466939 -0.9451373180979005 1.0 1.0 0.5610476942773072 -1.8966301497244835 -0.29668090586048923 -1.7939256601164977 -0.6719787917916678 0.5746957711326908 2.0 4.0
s 0.9989876708477974 0.04498481403765821 -2.999999999999865e-07 0.2805238471386536 -0.9483150748622418 -0.14834045293024462 -0.006870056018490832 0.1525582560723864 -0.988270601016976 1.0 1.0 0.0009989876708477975 4.4984814037658206e-05 -2.999999999999865e-10 0.5610476942773072 -1.8966301497244835 -0.29668090586048923 0.001 5.0
p 0.9977098562684666 -0.06763906197422735 -4.9999999999999945e-08 0.9977098562684666 -0.06763906197422735 -4.9999999999999945e-08
p 0.633655043933836 0.7736157219816622 -1e-08 0.316827521966918 0.3868078609908311 -5e-09
p 0.9856186116818474 -0.16898506533521626 -1.9999999999999997e-08 0.9856186116818474 -0.16898506533521626 -1.9999999999999997e-08
p 0.9927669635785988 -0.12005730309285255 -9.999999999995e-07 0.9927669635785988 -0.12005730309285255 -9.999999999995e-07
p 0.9692989698478197 0.24588515012492043 2.9999999999999984e-08 1.9385979396956394 0.49177030024984086 5.999999999999997e-08
p 0.9760913532218717 -0.21736069139909608 4.9999999999999945e-08 0.48804567661093584 -0.10868034569954804 2.4999999999999972e-08
p 0.999200255010074 0.039985627265337206 -2.999999999999999e-08 0.999200255010074 0.039985627265337206 -2.999999999999999e-08
p 0.6810241294143912 0.732260974759251 4.9999999999999945e-08 0.6810241294143912 0.732260974759251 4.9999999999999945e-08
p 0.5594585603516585 0.8288583227845693 1.9999999999999997e-08 0.5594585603516585 0.8288583227845693 1.9999999999999997e-08
p 0.9512983192905107 0.30827180817429384 -2.9999999999999984e-08 0.47564915964525534 0.15413590408714692 -1.4999999999999992e-08
p 0.233730770214946 0.9723013560896272 -9.999999999995e-07 0.467461540429892 1.9446027121792544 -1.999999999999e-06
p 0.5689641848829213 0.8223623023464247 -1.9999999999999997e-08 0.5689641848829213 0.8223623023464247 -1.9999999999999997e-08
p 0.9660766049125284 0.2582556745565942 2.9999999999999984e-08 0.4830383024562642 0.1291278372782971 1.4999999999999992e-08
p 0.042234200161907966 0.9991077381026948 2.9999999999999984e-08 0.021117100080953983 0.4995538690513474 1.4999999999999992e-08
p 0.9253555277879149 -0.3791004447271822 4.9999999999999945e-08 1.8507110555758297 -0.7582008894543644 9.999999999999989e-08
p 0.13866189520134573 0.9903397794788268 9.999999999995002e-07 0.06933094760067286 0.4951698897394134 4.999999999997501e-07
p 0.8917351856814657 -0.4525575749201854 -4.999999999999993e-08 0.8917351856814657 -0.4525575749201854 -4.999999999999993e-08
p 0.44022451496928405 0.8978877304095753 -1.9999999999999997e-08 0.22011225748464203 0.44894386520478763 -9.999999999999999e-09
p 0.9604585423013936 -0.2784230387742393 -2.999999999999999e-08 0.4802292711506968 -0.13921151938711965 -1.4999999999999995e-08
p 0.9015833990434909 -0.43260533349599944 -1.9999999999999997e-08 1.8031667980869819 -0.8652106669919989 -3.9999999999999994e-08
p 0.9950571413719983 0.09930400497756708 -4.9999999999999945e-08 0.9950571413719983 0.09930400497756708 -4.9999999999999945e-08
p 0.9638654026199461 -0.2663897250876747 4.9999999999999945e-08 0.9638654026199461 -0.2663897250876747 4.9999999999999945e-08
p 0.9876709630859538 0.15654414290181365 -2.9999999999999984e-08 0.4938354815429769 0.07827207145090682 -1.4999999999999992e-08
p 0.9923547992334356 0.12341779627900862 -2.9999999999999984e-08 1.9847095984668712 0.24683559255801724 -5.999999999999997e-08
p 0.5238401367110258 0.8518165947964175 9.99999999999995e-08 0.2619200683555129 0.42590829739820874 4.999999999999975e-08
p 0.9875853512770323 0.15708333438980127 4.999999999999993e-08 0.49379267563851614 0.07854166719490063 2.4999999999999966e-08
p 0.9227611719273927 0.38537231294318974 2.9999999999999984e-08 0.46138058596369635 0.19268615647159487 1.4999999999999992e-08
p 0.5782732180745839 0.8158431744254925 -9.999999999995e-07 0.5782732180745839 0.8158431744254925 -9.999999999995e-07
p 0.4169447078953018 0.9089318514377736 4.999999999999993e-08 0.2084723539476509 0.4544659257188868 2.4999999999999966e-08
p 0.88561362182619 0.464422773812716 2.9999999999999984e-08 1.77122724365238 0.928845547625432 5.999999999999997e-08
p 0.999835674288464 -0.01812800099653128 4.9999999999999945e-08 1.999671348576928 -0.03625600199306256 9.999999999999989e-08
p 0.9226379686647769 0.3856671865457729 4.9999999999999945e-08 0.9226379686647769 0.3856671865457729 4.9999999999999945e-08
p 0.012516254005626138 0.9999216686249311 -1e-08 0.006258127002813069 0.4999608343124656 -5e-09
p 0.7402944798604074 0.6722827404360509 -4.9999999999999945e-08 1.4805889597208148 1.3445654808721017 -9.999999999999989e-08
p 0.9789243059678273 -0.20422341488038903 1e-08 1.9578486119356546 -0.40844682976077806 2e-08
p 0.5666140079736649 0.823983352967775 4.999999999999993e-08 0.28330700398683245 0.4119916764838875 2.4999999999999966e-08
p 0.9185190043998407 -0.39537683108183735 -9.99999999999995e-08 0.9185190043998407 -0.39537683108183735 -9.99999999999995e-08
p 0.36708411629318805 0.9301877507069416 -9.99999999999995e-08 0.36708411629318805 0.9301877507069416 -9.99999999999995e-08
p 0.7671711499619064 0.6414424577981382 -9.99999999999995e-08 1.5343422999238128 1.2828849155962765 -1.99999999999999e-07
p 0.9644512876535906 0.26426069277009595 1e-08 0.9644512876535906 0.26426069277009595 1e-08
case 37 6 40
s 0.9992001066609768 0.03998933418663412 -4.9999999999999945e-08 0.9987502603949663 0.04997916927067833 0.0 2.4990001132963173e-07 -4.99383453207179e-06 0.9999999999874996 1.0 1.0 0.09992001066609768 0.003998933418663412 -4.999999999999995e-09 0.09987502603949663 0.004997916927067834 0.0 0.1 0.0
s 0.9987502603949663 0.04997916927067833 0.0 0.8775825618903728 0.479425538604203 0.0 0.0 0.0 1.0 1.0 1.0 0.09987502603949663 0.004997916927067834 0.0 1.7551651237807455 0.958851077208406 0.0 0.1 1.0
s 0.8775825618903728 0.479425538604203 0.0 -0.39859637855648306 0.8709489764975944 -0.2873478855663454 -0.13807921244038343 0.25275230299584717 0.9576274872945841 1.0 1.0 1.7551651237807455 0.958851077208406 0.0 -0.7971927571129661 1.7418979529951888 -0.5746957711326908 2.0 2.0
s -0.39859637855648306 0.8709489764975944 -0.2873478855663454 -0.8969628300582488 -0.3359893958958339 0.2873478855663454 0.1537435140353627 0.3723343456140114 0.9152759512672909 1.0 1.0 -0.7971927571129661 1.7418979529951888 -0.5746957711326908 -1.7939256601164977 -0.6719787917916678 0.5746957711326908 2.0 3.0
s -0.8969628300582488 -0.3359893958958339 0.2873478855663454 0.2805238471386536 -0.9483150748622418 -0.14834045293024462 0.3224329819611792 -0.05246353097466939 0.9451373180979005 1.0 1.0 -1.7939256601164977 -0.6719787917916678 0.5746957711326908 0.5610476942773072 -1.8966301497244835 -0.29668090586048923 2.0 4.0
s 0.2805238471386536 -0.9483150748622418 -0.14834045293024462 0.9992001066609768 0.03998933418663412 -4.9999999999999945e-08 0.0061144016835014345 -0.15277727240275324 0.9882417311210997 1.0 1.0 0.5610476942773072 -1.8966301497244835 -0.29668090586048923 0.09992001066609768 0.003998933418663412 -4.999999999999995e-09 0.1 5.0
p 0.9989792687840916 0.04517101437427266 2.9999999999999984e-08 0.9989792687840916 0.04517101437427266 2.9999999999999984e-08
p 0.8755928518969157 0.48304985012628204 4.9999999999999945e-08 0.43779642594845786 0.24152492506314102 2.4999999999999972e-08
p 0.6110079888068588 0.7916244296471575 9.999999999999948e-08 0.3055039944034294 0.39581221482357876 4.999999999999974e-08
p 0.764458271815228 0.6446732122969475 -9.99999999999995e-08 0.764458271815228 0.6446732122969475 -9.99999999999995e-08
p 0.9354487349145794 -0.3534623945297482 9.99999999999995e-08 1.8708974698291587 -0.7069247890594964 1.99999999999999e-07
p 0.6391532916023887 0.7690793651072895 -1.9999999999999997e-08 1.2783065832047773 1.538158730214579 -3.9999999999999994e-08
p 0.7065712116482663 0.7076419453861535 2.9999999999999984e-08 1.4131424232965326 1.415283890772307 5.999999999999997e-08
p 0.10027316583478343 0.9949599450296818 4.999999999999993e-08 0.05013658291739172 0.4974799725148409 2.4999999999999966e-08
p 0.44886051378064334 0.8936018348059592 1e-08 0.22443025689032167 0.4468009174029796 5e-09
p 0.9516178529696634 0.3072840085481301 -2.9999999999999984e-08 0.4758089264848317 0.15364200427406505 -1.4999999999999992e-08
p 0.14741882968215958 0.9890741573083092 1.9999999999999997e-08 0.14741882968215958 0.9890741573083092 1.9999999999999997e-08
p 0.9074765571627458 -0.42010272339042254 -1e-08 0.4537382785813729 -0.21005136169521127 -5e-09
p 0.9621084887380582 0.2726669321684607 9.99999999999995e-08 0.9621084887380582 0.2726669321684607 9.99999999999995e-08
p 0.825870611791041 0.5638596745466833 -1e-08 0.825870611791041 0.5638596745466833 -1e-08
p 0.6767934775193661 0.7361729340224625 4.9999999999999945e-08 0.6767934775193661 0.7361729340224625 4.9999999999999945e-08
p 0.7778623270908839 0.6284347222208144 -4.999999999999993e-08 0.38893116354544194 0.3142173611104072 -2.4999999999999966e-08
p 0.9752728424526855 0.22100425962921677 2.9999999999999984e-08 0.9752728424526855 0.22100425962921677 2.9999999999999984e-08
p 0.8564030604342392 0.5163078520406854 -4.999999999999993e-08 0.4282015302171196 0.2581539260203427 -2.4999999999999966e-08
p 0.29763793623824614 0.954678825004428 -4.9999999999999945e-08 0.5952758724764923 1.909357650008856 -9.999999999999989e-08
p 0.1333565185732821 0.9910681303285934 9.999999999995e-07 0.1333565185732821 0.9910681303285934 9.999999999995e-07
p 0.9950402849725801 -0.09947276653277652 -4.9999999999999945e-08 0.9950402849725801 -0.09947276653277652 -4.9999999999999945e-08
p 0.46832707401584506 0.8835551775320867 -1e-08 0.46832707401584506 0.8835551775320867 -1e-08
p 0.06038469075370692 0.9981751795759998 9.999999999995002e-07 0.06038469075370692 0.9981751795759998 9.999999999995002e-07
p 0.9751779113424756 -0.2214227658320773 9.999999999995e-07 0.4875889556712378 -0.11071138291603864 4.9999999999975e-07
p 0.9225142584901151 -0.38596300714243587 -2.9999999999999984e-08 0.9225142584901151 -0.38596300714243587 -2.9999999999999984e-08
p 0.9151873625354352 -0.40302864843015007 1.9999999999999997e-08 0.4575936812677176 -0.20151432421507504 9.999999999999999e-09
p 0.9861289377139141 0.1659810778469248 1.9999999999999997e-08 0.9861289377139141 0.1659810778469248 1.9999999999999997e-08
p 0.9966501577396454 -0.08178302438488777 2.9999999999999984e-08 0.9966501577396454 -0.08178302438488777 2.9999999999999984e-08
p 0.41115875564809323 0.9115637540259656 -1.9999999999999997e-08 0.20557937782404662 0.4557818770129828 -9.999999999999999e-09
p 0.7611977993666701 0.6485197839991766 9.999999999995e-07 0.38059889968333505 0.3242598919995883 4.9999999999975e-07
p 0.48139801919465164 0.8765021090194042 -4.9999999999999945e-08 0.9627960383893033 1.7530042180388083 -9.999999999999989e-08
p 0.46731197283341347 0.8840924838762871 1e-08 0.9346239456668269 1.7681849677525743 2e-08
p 0.04702363928430549 0.9988937768093511 -9.99999999999995e-08 0.09404727856861098 1.9977875536187022 -1.99999999999999e-07
p 0.9979595271212517 0.06384968463450276 -4.9999999999999945e-08 0.9979595271212517 0.06384968463450276 -4.9999999999999945e-08
p 0.6538454292212901 0.756628148225016 9.999999999999948e-08 1.3076908584425802 1.513256296450032 1.9999999999999896e-07
p 0.9757999463378342 0.21866518864940304 2.9999999999999984e-08 0.4878999731689171 0.10933259432470152 1.4999999999999992e-08
p 0.9999993843645063 -0.0011096263371140433 1.9999999999999997e-08 1.9999987687290126 -0.0022192526742280867 3.9999999999999994e-08
p 0.47124376710563026 0.882003011312372 4.9999999999999945e-08 0.9424875342112605 1.764006022624744 9.999999999999989e-08
p 0.9998924831558446 -0.014663632818620298 9.999999999995002e-07 0.9998924831558446 -0.014663632818620298 9.999999999995002e-07
p 0.2313759140970913 0.9728644234299688 9.99999999999995e-08 0.4627518281941826 1.9457288468599376 1.99999999999999e-07
case 38 6 40
s 0.9987502603949663 0.04997916927067833 0.0 0.9553364891255905 -0.29552020666133477 1.7999999999999709e-07 2.6235952149940874e-08 -5.242817042346508e-07 -0.9999999999998622 1.0 1.0 0.9987502603949663 0.04997916927067833 0.0 0.9553364891255905 -0.29552020666133477 1.7999999999999709e-07 1.0 0.0
s 0.8775825618903728 0.479425538604203 0.0 0.9987502603949663 0.04997916927067833 0.0 0.0 0.0 -1.0 1.0 1.0 0.4387912809451864 0.2397127693021015 0.0 0.9987502603949663 0.04997916927067833 0.0 0.5 1.0
s -0.4161468365471424 0.9092974268256817 0.0 0.8775825618903728 0.479425538604203 0.0 0.0 0.0 -1.0 1.0 1.0 -0.2080734182735712 0.45464871341284085 0.0 0.4387912809451864 0.2397127693021015 0.0 0.5 2.0
s -0.9364566872907963 -0.35078322768961984 -0.0 -0.4161468365471424 0.9092974268256817 0.0 0.0 0.0 -1.0 1.0 1.0 -0.46822834364539817 -0.17539161384480992 -0.0 -0.2080734182735712 0.45464871341284085 0.0 0.5 3.0
s 0.2836621854632263 -0.9589242746631386 0.0 -0.9364566872907963 -0.35078322768961984 -0.0 0.0 0.0 -1.0 1.0 1.0 0.14183109273161315 -0.4794621373315693 0.0 -0.46822834364539817 -0.17539161384480992 -0.0 0.5 4.0
s 0.9553364891255905 -0.29552020666133477 1.7999999999999709e-07 0.2836621854632263 -0.9589242746631386 0.0 2.073929132420938e-07 6.134950232697352e-08 -0.9999999999999766 1.0 1.0 0.9553364891255905 -0.29552020666133477 1.7999999999999709e-07 0.14183109273161315 -0.4794621373315693 0.0 0.5 5.0
p 0.061492972969686845 0.9981075163905674 -4.999999999999993e-08 0.030746486484843422 0.4990537581952837 -2.4999999999999966e-08
p 0.9997264313386871 0.023389366874979632 2.9999999999999984e-08 1.9994528626773742 0.046778733749959264 5.999999999999997e-08
p 0.7117925421546838 0.7023897614095558 -1e-08 0.3558962710773419 0.3511948807047779 -5e-09
p 0.05423366666616944 0.998528271707888 -2.9999999999999984e-08 0.10846733333233888 1.997056543415776 -5.999999999999997e-08
p 0.9741874298401756 -0.22574067320798255 9.999999999995002e-07 0.9741874298401756 -0.22574067320798255 9.999999999995002e-07
p 0.9448422941119217 -0.3275256314509004 9.99999999999995e-08 0.47242114705596083 -0.1637628157254502 4.999999999999975e-08
p 0.6242600947856789 0.7812165730821224 1e-08 0.31213004739283945 0.3906082865410612 5e-09
p 0.9377018308307169 -0.34744104025965583 -9.99999999999995e-08 0.9377018308307169 -0.34744104025965583 -9.99999999999995e-08
p 0.921390670085399 -0.3886376629710116 9.99999999999995e-08 0.921390670085399 -0.3886376629710116 9.99999999999995e-08
p 0.8985567441282135 0.43885735447945284 9.999999999995e-07 0.8985567441282135 0.43885735447945284 9.999999999995e-07
p 0.9695571054031198 0.24486530861337577 -1e-08 0.4847785527015599 0.12243265430668789 -5e-09
p 0.9911992196411403 -0.1323786500262959 9.99999999999995e-08 1.9823984392822807 -0.2647573000525918 1.99999999999999e-07
p 0.9464314188984287 0.32290489206869744 9.99999999999995e-08 0.4732157094492144 0.16145244603434872 4.999999999999975e-08
p 0.8669527002818742 0.49839042474145306 -2.9999999999999984e-08 1.7339054005637484 0.9967808494829061 -5.999999999999997e-08
p 0.960017747703567 -0.2799391435547389 9.99999999999995e-08 1.920035495407134 -0.5598782871094778 1.99999999999999e-07
p 0.1511702271411343 0.9885077452534694 -1e-08 0.07558511357056714 0.4942538726267347 -5e-09
p 0.17803572925940575 0.9840240236432553 9.99999999999995e-08 0.3560714585188115 1.9680480472865105 1.99999999999999e-07
p 0.9844215830627273 0.17582419287535853 -4.999999999999993e-08 0.9844215830627273 0.17582419287535853 -4.999999999999993e-08
p 0.9943851206216918 0.10582169856023703 -9.99999999999995e-08 1.9887702412433836 0.21164339712047406 -1.99999999999999e-07
p 0.8918149604648082 0.4524003495701036 -1.9999999999999997e-08 1.7836299209296165 0.9048006991402072 -3.9999999999999994e-08
p 0.997817202730332 0.06603658028256397 -1e-08 0.498908601365166 0.033018290141281985 -5e-09
p 0.7692440705246607 0.6389550531630909 4.999999999999993e-08 0.7692440705246607 0.6389550531630909 4.999999999999993e-08
p 0.749073498285321 0.6624869011275555 -9.999999999995002e-07 1.498146996570642 1.324973802255111 -1.9999999999990004e-06
p 0.9987004081825245 0.05096562268881742 -1e-08 0.9987004081825245 0.05096562268881742 -1e-08
p 0.9994124248488556 -0.03427542935876856 4.999999999999993e-08 0.9994124248488556 -0.03427542935876856 4.999999999999993e-08
p 0.6091516626451287 0.7930537509505107 2.9999999999999984e-08 1.2183033252902573 1.5861075019010213 5.999999999999997e-08
p 0.999472917127567 0.03246364009951888 -1.9999999999999997e-08 0.4997364585637835 0.01623182004975944 -9.999999999999999e-09
p 0.14420411529896066 0.9895479640375406 4.9999999999999945e-08 0.07210205764948033 0.4947739820187703 2.4999999999999972e-08
p 0.999970796309976 0.007642416318805326 -4.999999999999993e-08 0.999970796309976 0.007642416318805326 -4.999999999999993e-08
p 0.9378838847426144 0.3469493028384729 -1e-08 0.4689419423713072 0.17347465141923646 -5e-09
p 0.9161583214565535 0.40081657903074336 -4.9999999999999945e-08 1.832316642913107 0.8016331580614867 -9.999999999999989e-08
p 0.6991477326174563 0.714977235984384 1.9999999999999997e-08 0.6991477326174563 0.714977235984384 1.9999999999999997e-08
p -0.02134882343810941 0.9997720878969408 1e-08 -0.02134882343810941 0.9997720878969408 1e-08
p 0.8814842297585188 -0.4722134609337402 -9.99999999999995e-08 0.8814842297585188 -0.4722134609337402 -9.99999999999995e-08
p 0.026841774591751542 0.9996396946584132 2e-08 0.053683549183503085 1.9992793893168264 4e-08
p 0.9108075761190226 0.4128311510583839 1.9999999999999997e-08 0.9108075761190226 0.4128311510583839 1.9999999999999997e-08
p 0.9806296265108632 0.19587122200100057 -9.999999999995002e-07 0.9806296265108632 0.19587122200100057 -9.999999999995002e-07
p 0.9971018303271776 0.07607851180321186 2.9999999999999984e-08 1.9942036606543552 0.15215702360642372 5.999999999999997e-08
p 0.7134583148030588 0.7006976759190654 -1e-08 1.4269166296061175 1.4013953518381308 -2e-08
p 0.7343093992009367 0.678814927830229 1.9999999999999997e-08 0.7343093992009367 0.678814927830229 1.9999999999999997e-08
case 39 6 40
s 0.9987502603949663 0.04997916927067833 0.0 0.9995500337489862 0.02999550020249562 4.999999999999993e-08 1.2495625342659365e-07 -2.4970421171247283e-06 -0.9999999999968745 1.0 1.0 0.009987502603949663 0.0004997916927067833 0.0 0.009995500337489862 0.0002999550020249562 4.999999999999993e-10 0.01 0.0
s 0.8775825618903728 0.479425538604203 0.0 0.9987502603949663 0.04997916927067833 0.0 0.0 0.0 -1.0 1.0 1.0 1.7551651237807455 0.958851077208406 0.0 0.009987502603949663 0.0004997916927067833 0.0 0.01 1.0
s -0.4161468365471424 0.9092974268256817 0.0 0.8775825618903728 0.479425538604203 0.0 0.0 0.0 -1.0 1.0 1.0 -0.8322936730942848 1.8185948536513634 0.0 1.7551651237807455 0.958851077208406 0.0 2.0 2.0
s -0.9364566872907963 -0.35078322768961984 -0.0 -0.4161468365471424 0.9092974268256817 0.0 0.0 0.0 -1.0 1.0 1.0 -1.8729133745815927 -0.7015664553792397 -0.0 -0.8322936730942848 1.8185948536513634 0.0 2.0 3.0
s 0.2836621854632263 -0.9589242746631386 0.0 -0.9364566872907963 -0.35078322768961984 -0.0 0.0 0.0 -1.0 1.0 1.0 0.5673243709264526 -1.9178485493262771 0.0 -1.8729133745815927 -0.7015664553792397 -0.0 2.0 4.0
s 0.9995500337489862 0.02999550020249562 4.999999999999993e-08 0.2836621854632263 -0.9589242746631386 0.0 4.95823632858418e-08 1.4667103442588626e-08 -0.9999999999999987 1.0 1.0 0.009995500337489862 0.0002999550020249562 4.999999999999993e-10 0.5673243709264526 -1.9178485493262771 0.0 0.01 5.0
p 0.4161659926845253 0.9092886596306444 9.99999999999995e-08 0.8323319853690506 1.8185773192612888 1.99999999999999e-07
p 0.9557006506420859 -0.2943403919992826 4.9999999999999945e-08 0.47785032532104293 -0.1471701959996413 2.4999999999999972e-08
p 0.29611212351587407 0.9551531868275998 -1e-08 0.29611212351587407 0.9551531868275998 -1e-08
p 0.7583469560156528 0.6518511289411045 2.9999999999999984e-08 0.7583469560156528 0.6518511289411045 2.9999999999999984e-08
p 0.7183501559180212 0.6956817185261913 -9.999999999995002e-07 0.3591750779590106 0.34784085926309566 -4.999999999997501e-07
p 0.9188458677989132 0.39461661296611994 -9.99999999999995e-08 0.4594229338994566 0.19730830648305997 -4.999999999999975e-08
p 0.8779952215850139 0.47866939621609544 -2.9999999999999984e-08 1.7559904431700277 0.9573387924321909 -5.999999999999997e-08
p 0.3081516991751803 0.9513372326864115 9.99999999999995e-08 0.6163033983503606 1.902674465372823 1.99999999999999e-07
p 0.9705587180542573 -0.24086464001358596 4.9999999999999945e-08 0.9705587180542573 -0.24086464001358596 4.9999999999999945e-08
p 0.9570168027631232 0.2900324796105591 1e-08 1.9140336055262464 0.5800649592211182 2e-08
p 0.9752824075594932 0.22096204539457934 -4.9999999999999945e-08 0.9752824075594932 0.22096204539457934 -4.9999999999999945e-08
p 0.4824404930070138 0.8759287475052691 9.999999999995e-07 0.4824404930070138 0.8759287475052691 9.999999999995e-07
p 0.9167659765004429 -0.39942476679743677 -4.999999999999993e-08 0.9167659765004429 -0.39942476679743677 -4.999999999999993e-08
p 0.9003167054048062 0.4352353730661551 9.999999999995e-07 1.8006334108096125 0.8704707461323102 1.999999999999e-06
p 0.9746915537472245 -0.22355396452270565 -4.9999999999999945e-08 0.48734577687361225 -0.11177698226135283 -2.4999999999999972e-08
p 0.9625009990104377 -0.27127813568901804 -9.999999999995e-07 0.48125049950521886 -0.13563906784450902 -4.9999999999975e-07
p 0.9397428975883129 0.3418819773435265 -4.9999999999999945e-08 0.46987144879415643 0.17094098867176324 -2.4999999999999972e-08
p 0.38023072767853716 0.9248916659420443 1e-08 0.38023072767853716 0.9248916659420443 1e-08
p 0.4933691043919113 0.8698200542822193 1.9999999999999997e-08 0.9867382087838226 1.7396401085644386 3.9999999999999994e-08
p 0.994700007128246 -0.10281972485406268 -4.9999999999999945e-08 0.497350003564123 -0.05140986242703134 -2.4999999999999972e-08
p 0.7958661365143607 0.6054726193228748 4.9999999999999945e-08 0.7958661365143607 0.6054726193228748 4.9999999999999945e-08
p 0.006531961000279829 0.9999786665151862 2.9999999999999984e-08 0.013063922000559659 1.9999573330303724 5.999999999999997e-08
p 0.9913685623373413 0.1311044377936617 2.9999999999999984e-08 1.9827371246746825 0.2622088755873234 5.999999999999997e-08
p 0.8257570110287183 0.5640260266485194 2.9999999999999984e-08 0.8257570110287183 0.5640260266485194 2.9999999999999984e-08
p 0.949949121556616 -0.31240465178004817 -1.9999999999999997e-08 1.899898243113232 -0.6248093035600963 -3.9999999999999994e-08
p 0.6797155295701635 0.7334758338630873 -2.9999999999999984e-08 0.33985776478508173 0.3667379169315437 -1.4999999999999992e-08
p 0.9279471862136311 0.3727117111095432 2.9999999999999984e-08 0.9279471862136311 0.3727117111095432 2.9999999999999984e-08
p 0.9967125205404843 -0.08101945073767262 1.9999999999999997e-08 0.49835626027024216 -0.04050972536883631 9.999999999999999e-09
p 0.08913818497444485 0.9960192688796043 1e-08 0.04456909248722243 0.4980096344398022 5e-09
p 0.9894678482045898 0.14475281472004814 -4.9999999999999945e-08 0.4947339241022949 0.07237640736002407 -2.4999999999999972e-08
p 0.9527803550421315 0.3036603284029378 -9.99999999999995e-08 0.47639017752106577 0.1518301642014689 -4.999999999999975e-08
p 0.5018711843631274 0.8649423762921732 1.9999999999999997e-08 0.5018711843631274 0.8649423762921732 1.9999999999999997e-08
p 0.7890062652231792 0.6143851507308504 1.9999999999999997e-08 1.5780125304463584 1.2287703014617009 3.9999999999999994e-08
p 0.2719102869016204 0.9623226048872949 -9.99999999999995e-08 0.2719102869016204 0.9623226048872949 -9.99999999999995e-08
p 0.39295291321047904 0.9195585941088191 9.99999999999995e-08 0.19647645660523952 0.45977929705440956 4.999999999999975e-08
p 0.9139166149897086 0.4059019842840784 1.9999999999999997e-08 1.827833229979417 0.8118039685681568 3.9999999999999994e-08
p 0.9654936514071845 -0.2604265906016921 2.9999999999999984e-08 0.9654936514071845 -0.2604265906016921 2.9999999999999984e-08
p 0.8812679168893369 0.4726170317090983 9.99999999999995e-08 1.7625358337786738 0.9452340634181966 1.99999999999999e-07
p 0.25921400074744333 0.9658199116892884 9.999999999995002e-07 0.25921400074744333 0.9658199116892884 9.999999999995002e-07
p 0.9387112615785358 -0.3447044638318802 -9.99999999999995e-08 0.4693556307892679 -0.1723522319159401 -4.999999999999975e-08
case 40 6 40
s 0.9553364891255631 -0.2955202066613263 2.9999999999998654e-07 0.9987502603949663 0.04997916927067833 0.0 -4.372658691655742e-08 8.738028403908707e-07 0.9999999999996173 1.0 1.0 0.09553364891255632 -0.02955202066613263 2.9999999999998654e-08 0.09987502603949663 0.004997916927067834 0.0 0.1 0.0
s 0.9987502603949663 0.04997916927067833 0.0 0.8775825618903728 0.479425538604203 0.0 0.0 0.0 1.0 1.0 1.0 0.09987502603949663 0.004997916927067834 0.0 0.8775825618903728 0.479425538604203 0.0 0.1 1.0
s 0.8775825618903728 0.479425538604203 0.0 -0.39859637855648306 0.8709489764975944 -0.2873478855663454 -0.13807921244038343 0.25275230299584717 0.9576274872945841 1.0 1.0 0.8775825618903728 0.479425538604203 0.0 -0.39859637855648306 0.8709489764975944 -0.2873478855663454 1.0 2.0
s -0.39859637855648306 0.8709489764975944 -0.2873478855663454 -0.8969628300582488 -0.3359893958958339 0.2873478855663454 0.1537435140353627 0.3723343456140114 0.9152759512672909 1.0 1.0 -0.39859637855648306 0.8709489764975944 -0.2873478855663454 -0.8969628300582488 -0.3359893958958339 0.2873478855663454 1.0 3.0
s -0.8969628300582488 -0.3359893958958339 0.2873478855663454 0.2805238471386536 -0.9483150748622418 -0.14834045293024462 0.3224329819611792 -0.05246353097466939 0.9451373180979005 1.0 1.0 -0.8969628300582488 -0.3359893958958339 0.2873478855663454 0.2805238471386536 -0.9483150748622418 -0.14834045293024462 1.0 4.0
s 0.2805238471386536 -0.9483150748622418 -0.14834045293024462 0.9553364891255631 -0.2955202066613263 2.9999999999998654e-07 -0.05241756889124394 -0.16945075112015573 0.9841437097377326 1.0 1.0 0.2805238471386536 -0.9483150748622418 -0.14834045293024462 0.09553364891255632 -0.02955202066613263 2.9999999999998654e-08 0.1 5.0
p 0.9691873799687896 0.24632462830424248 9.99999999999995e-08 0.9691873799687896 0.24632462830424248 9.99999999999995e-08
p 0.5011057937839162 0.8653860314542804 -4.999999999999993e-08 0.5011057937839162 0.8653860314542804 -4.999999999999993e-08
p 0.005914014414868431 0.9999825120633365 9.999999999995002e-07 0.0029570072074342154 0.4999912560316683 4.999999999997501e-07
p 0.06721796301046946 0.9977383151151011 -4.9999999999999945e-08 0.13443592602093893 1.9954766302302023 -9.999999999999989e-08
p 0.5245372621581998 0.8513874914559052 -2.9999999999999984e-08 0.2622686310790999 0.4256937457279526 -1.4999999999999992e-08
p 0.9686218201445465 0.2485392716249406 -9.99999999999995e-08 0.4843109100722732 0.1242696358124703 -4.999999999999975e-08
p 0.46131962270873794 0.8872340196948407 4.999999999999993e-08 0.9226392454174759 1.7744680393896815 9.999999999999986e-08
p 0.965632989596524 0.25990946385785657 2.9999999999999984e-08 1.931265979193048 0.5198189277157131 5.999999999999997e-08
p 0.935426284292443 -0.35352180506134834 -9.999999999995002e-07 0.4677131421462215 -0.17676090253067417 -4.999999999997501e-07
p 0.1804481753894101 0.9835844935736999 2.9999999999999984e-08 0.1804481753894101 0.9835844935736999 2.9999999999999984e-08
p 0.6333737653584808 0.773846026904332 1e-08 1.2667475307169616 1.547692053808664 2e-08
p 0.9923224163762776 -0.12367789599255602 1e-08 0.9923224163762776 -0.12367789599255602 1e-08
p 0.9357062224018551 -0.35278019411306194 -1.9999999999999997e-08 0.46785311120092754 -0.17639009705653097 -9.999999999999999e-09
p 0.9133287984949096 0.40722291909939834 9.99999999999995e-08 1.826657596989819 0.8144458381987967 1.99999999999999e-07
p 0.1474806154434634 0.9890649463343735 -9.999999999995e-07 0.0737403077217317 0.49453247316718674 -4.9999999999975e-07
p 0.959251486774968 0.2825536853768022 1.9999999999999997e-08 1.918502973549936 0.5651073707536044 3.9999999999999994e-08
p 0.9759581003939585 -0.21795822139670704 -9.999999999995e-07 0.48797905019697924 -0.10897911069835352 -4.9999999999975e-07
p 0.9931688996558811 -0.11668563217605472 2.9999999999999984e-08 0.49658444982794053 -0.05834281608802736 1.4999999999999992e-08
p 0.10857909005268289 0.9940878136278157 1.9999999999999997e-08 0.21715818010536578 1.9881756272556315 3.9999999999999994e-08
p 0.5729807471508273 0.8195688277347302 -1e-08 1.1459614943016545 1.6391376554694603 -2e-08
p 0.9952510764135081 -0.09734112644587171 -4.9999999999999945e-08 0.49762553820675404 -0.04867056322293586 -2.4999999999999972e-08
p 0.28381242185332833 0.9588798199992257 -2.9999999999999984e-08 0.14190621092666417 0.47943990999961283 -1.4999999999999992e-08
p 0.21208256456838748 0.9772517514980907 9.99999999999995e-08 0.21208256456838748 0.9772517514980907 9.99999999999995e-08
p 0.8856683717453575 -0.464318355538444 4.9999999999999945e-08 0.44283418587267875 -0.232159177769222 2.4999999999999972e-08
p 0.8989203660585081 -0.4381120581372267 -2.9999999999999984e-08 0.44946018302925406 -0.21905602906861335 -1.4999999999999992e-08
p 0.21802702860384487 0.9759427313106944 1e-08 0.10901351430192244 0.4879713656553472 5e-09
p 0.11643618173861278 0.9931981753814961 9.999999999995002e-07 0.05821809086930639 0.49659908769074806 4.999999999997501e-07
p 0.4011282167964884 0.9160219176901114 -9.999999999995e-07 0.8022564335929768 1.8320438353802229 -1.999999999999e-06
p 0.8272722605999269 0.5618012164830876 9.99999999999995e-08 0.8272722605999269 0.5618012164830876 9.99999999999995e-08
p 0.9079656804125409 -0.41904453604956077 1e-08 0.9079656804125409 -0.41904453604956077 1e-08
p 0.9736546470268251 -0.22802769200706433 -9.999999999995e-07 1.9473092940536503 -0.45605538401412865 -1.999999999999e-06
p 0.14974280013769586 0.9887249839095408 1.9999999999999997e-08 0.14974280013769586 0.9887249839095408 1.9999999999999997e-08
p 0.9894866795521584 -0.14462403323387954 9.99999999999995e-08 0.9894866795521584 -0.14462403323387954 9.99999999999995e-08
p 0.34668001845926527 0.9379834565711077 -1.9999999999999997e-08 0.34668001845926527 0.9379834565711077 -1.9999999999999997e-08
p 0.47425538210743046 0.8803873196162784 9.999999999995e-07 0.47425538210743046 0.8803873196162784 9.999999999995e-07
p 0.7348771079304808 0.6782002921259563 1e-08 0.7348771079304808 0.6782002921259563 1e-08
p 0.9898908643474901 0.14183115553847458 2e-08 0.9898908643474901 0.14183115553847458 2e-08
p 0.9860461756490376 0.16647203815628142 2.9999999999999984e-08 1.9720923512980753 0.33294407631256284 5.999999999999997e-08
p 0.8132893512730835 0.5818594599263699 -1e-08 0.8132893512730835 0.5818594599263699 -1e-08
p 0.923578023193439 -0.3834105307292658 4.9999999999999945e-08 0.923578023193439 -0.3834105307292658 4.9999999999999945e-08
case 41 6 40
s 0.9987502603949663 0.04997916927067833 0.0 0.9553364891255905 -0.29552020666133477 -1.7999999999999709e-07 -2.6235952149940874e-08 5.242817042346508e-07 -0.9999999999998622 1.0 1.0 0.9987502603949663 0.04997916927067833 0.0 0.9553364891255905 -0.29552020666133477 -1.7999999999999709e-07 1.0 0.0
s 0.8775825618903728 0.479425538604203 0.0 0.9987502603949663 0.04997916927067833 0.0 0.0 0.0 -1.0 1.0 1.0 1.7551651237807455 0.958851077208406 0.0 0.9987502603949663 0.04997916927067833 0.0 1.0 1.0
s -0.39859637855648306 0.8709489764975944 -0.2873478855663454 0.8775825618903728 0.479425538604203 0.0 0.13807921244038343 -0.25275230299584717 -0.9576274872945841 1.0 1.0 -0.7971927571129661 1.7418979529951888 -0.5746957711326908 1.7551651237807455 0.958851077208406 0.0 2.0 2.0
s -0.8969628300582488 -0.3359893958958339 0.2873478855663454 -0.39859637855648306 0.8709489764975944 -0.2873478855663454 -0.1537435140353627 -0.3723343456140114 -0.9152759512672909 1.0 1.0 -1.7939256601164977 -0.6719787917916678 0.5746957711326908 -0.7971927571129661 1.7418979529951888 -0.5746957711326908 2.0 3.0
s 0.2805238471386536 -0.9483150748622418 -0.14834045293024462 -0.8969628300582488 -0.3359893958958339 0.2873478855663454 -0.3224329819611792 0.05246353097466939 -0.9451373180979005 1.0 1.0 0.5610476942773072 -1.8966301497244835 -0.29668090586048923 -1.7939256601164977 -0.6719787917916678 0.5746957711326908 2.0 4.0
s 0.9553364891255905 -0.29552020666133477 -1.7999999999999709e-07 0.2805238471386536 -0.9483150748622418 -0.14834045293024462 0.05241702753825758 0.16945059957291875 -0.9841437646647119 1.0 1.0 0.9553364891255905 -0.29552020666133477 -1.7999999999999709e-07 0.5610476942773072 -1.8966301497244835 -0.29668090586048923 1.0 5.0
p 0.9048430336753627 0.4257453281107929 9.999999999995002e-07 1.8096860673507253 0.8514906562215858 1.9999999999990004e-06
p 0.991344211666271 -0.13128843816489996 -2.9999999999999984e-08 0.4956721058331355 -0.06564421908244998 -1.4999999999999992e-08
p 0.9363545885496491 -0.3510556715123931 -9.999999999995e-07 0.4681772942748246 -0.17552783575619654 -4.9999999999975e-07
p 0.3713830620796449 0.9284797365588205 -9.99999999999995e-08 0.3713830620796449 0.9284797365588205 -9.99999999999995e-08
p 0.6693340231563139 0.7429616177470966 -1.9999999999999997e-08 1.3386680463126277 1.4859232354941931 -3.9999999999999994e-08
p 0.9821433288484066 -0.18813421166436112 -1e-08 1.9642866576968132 -0.37626842332872223 -2e-08
p 0.9463347513699455 0.32318808509841973 1e-08 0.9463347513699455 0.32318808509841973 1e-08
p 0.9706568238091002 0.2404689801031087 9.999999999995e-07 0.9706568238091002 0.2404689801031087 9.999999999995e-07
p 0.7819795708336267 0.6233040596681965 4.999999999999993e-08 1.5639591416672534 1.246608119336393 9.999999999999986e-08
p 0.9951371749226973 -0.09849874662589399 -2.9999999999999984e-08 0.9951371749226973 -0.09849874662589399 -2.9999999999999984e-08
p 0.5080355836321514 0.861336081772695 1.9999999999999997e-08 0.5080355836321514 0.861336081772695 1.9999999999999997e-08
p 0.7412169189254316 0.6712655801526624 -9.999999999995002e-07 0.3706084594627158 0.3356327900763312 -4.999999999997501e-07
p 0.6362480869807337 0.7714845246752237 -2.9999999999999984e-08 1.2724961739614673 1.5429690493504473 -5.999999999999997e-08
p 0.9247533094248475 0.3805670988246222 4.999999999999993e-08 0.46237665471242373 0.1902835494123111 2.4999999999999966e-08
p 0.991722799291051 -0.12839738847154136 -9.99999999999995e-08 1.983445598582102 -0.2567947769430827 -1.99999999999999e-07
p 0.1486261987850339 0.9888934487773249 1e-08 0.07431309939251694 0.49444672438866244 5e-09
p 0.9419735589355801 0.3356870778958211 -4.9999999999999945e-08 0.47098677946779005 0.16784353894791054 -2.4999999999999972e-08
p 0.6408567433885416 0.767660494263858 -4.9999999999999945e-08 1.2817134867770832 1.535320988527716 -9.999999999999989e-08
p 0.9585172246601543 0.28503461198560687 9.99999999999995e-08 1.9170344493203086 0.5700692239712137 1.99999999999999e-07
p 0.8897826429401114 -0.45638453996877226 -4.9999999999999945e-08 0.8897826429401114 -0.45638453996877226 -4.9999999999999945e-08
p 0.7050615586292557 0.7091461052161845 2.9999999999999984e-08 0.35253077931462784 0.35457305260809224 1.4999999999999992e-08
p 0.9468990840703139 0.3215309076695436 1e-08 0.47344954203515693 0.1607654538347718 5e-09
p 0.2822149310931453 0.9593512040270189 1.9999999999999997e-08 0.2822149310931453 0.9593512040270189 1.9999999999999997e-08
p 0.7744672170415263 0.6326140448393106 2e-08 0.7744672170415263 0.6326140448393106 2e-08
p 0.9944899569843463 0.10483189141321804 1.9999999999999997e-08 1.9889799139686926 0.20966378282643608 3.9999999999999994e-08
p 0.9823415723130512 0.18709632627478806 1.9999999999999997e-08 0.9823415723130512 0.18709632627478806 1.9999999999999997e-08
p 0.6377747162343341 0.7702229620909871 -1.9999999999999997e-08 1.2755494324686683 1.5404459241819741 -3.9999999999999994e-08
p 0.5649729022464146 0.8251094592399625 1e-08 0.2824864511232073 0.41255472961998124 5e-09
p 0.9813232020631585 0.1923662472797648 9.99999999999995e-08 0.49066160103157924 0.0961831236398824 4.999999999999975e-08
p 0.06403042287627048 0.99794794701241 4.9999999999999945e-08 0.06403042287627048 0.99794794701241 4.9999999999999945e-08
p 0.749875080569222 0.6615794461289612 -9.999999999995002e-07 0.374937540284611 0.3307897230644806 -4.999999999997501e-07
p 0.8802058715953011 -0.4745920602034514 -9.999999999995e-07 0.8802058715953011 -0.4745920602034514 -9.999999999995e-07
p 0.8066446069877476 0.5910367822881922 4.9999999999999945e-08 0.8066446069877476 0.5910367822881922 4.9999999999999945e-08
p 0.9789591971793419 0.20405609586086235 -2.9999999999999984e-08 1.9579183943586838 0.4081121917217247 -5.999999999999997e-08
p 0.9102558073209476 0.41404633223648746 4.9999999999999945e-08 0.9102558073209476 0.41404633223648746 4.9999999999999945e-08
p 0.8844034743789019 0.46672314545833743 4.999999999999993e-08 1.7688069487578038 0.9334462909166749 9.999999999999986e-08
p 0.9942483115462792 -0.10709946305828054 -2.9999999999999984e-08 0.9942483115462792 -0.10709946305828054 -2.9999999999999984e-08
p 0.4890700784061388 0.8722444946274023 2.9999999999999984e-08 0.4890700784061388 0.8722444946274023 2.9999999999999984e-08
p 0.648168155905239 0.7614972368107459 1.9999999999999997e-08 1.296336311810478 1.5229944736214918 3.9999999999999994e-08
p 0.23320169312064132 0.9724283882763122 -1e-08 0.11660084656032066 0.4862141941381561 -5e-09
case 42 6 40
s 0.9987502603949663 0.04997916927067833 0.0 0.9989876708477974 0.04498481403765821 2.999999999999865e-07 2.998762645671645e-06 -5.992526520412499e-05 -0.9999999981999851 1.0 1.0 0.0009987502603949663 4.997916927067833e-05 0.0 0.0009989876708477975 4.4984814037658206e-05 2.999999999999865e-10 0.001 0.0
s 0.8775825618903728 0.479425538604203 0.0 0.9987502603949663 0.04997916927067833 0.0 0.0 0.0 -1.0 1.0 1.0 1.7551651237807455 0.958851077208406 0.0 0.0009987502603949663 4.997916927067833e-05 0.0 0.001 1.0
s -0.39859637855648306 0.8709489764975944 0.2873478855663454 0.8775825618903728 0.479425538604203 0.0 -0.13807921244038343 0.25275230299584717 -0.9576274872945841 1.0 1.0 -0.7971927571129661 1.7418979529951888 0.5746957711326908 1.7551651237807455 0.958851077208406 0.0 2.0 2.0
s -0.8969628300582488 -0.3359893958958339 -0.2873478855663454 -0.39859637855648306 0.8709489764975944 0.2873478855663454 0.1537435140353627 0.3723343456140114 -0.9152759512672909 1.0 1.0 -1.7939256601164977 -0.6719787917916678 -0.5746957711326908 -0.7971927571129661 1.7418979529951888 0.5746957711326908 2.0 3.0
s 0.2805238471386536 -0.9483150748622418 0.14834045293024462 -0.8969628300582488 -0.3359893958958339 -0.2873478855663454 0.3224329819611792 -0.05246353097466939 -0.9451373180979005 1.0 1.0 0.5610476942773072 -1.8966301497244835 0.29668090586048923 -1.7939256601164977 -0.6719787917916678 -0.5746957711326908 2.0 4.0
s 0.9989876708477974 0.04498481403765821 2.999999999999865e-07 0.2805238471386536 -0.9483150748622418 0.14834045293024462 0.006870056018490832 -0.1525582560723864 -0.988270601016976 1.0 1.0 0.0009989876708477975 4.4984814037658206e-05 2.999999999999865e-10 0.5610476942773072 -1.8966301497244835 0.29668090586048923 0.001 5.0
p 0.9246943219004201 -0.38071040312174287 -4.9999999999999945e-08 1.8493886438008402 -0.7614208062434857 -9.999999999999989e-08
p 0.5580939908506275 0.8297777397450595 1e-08 1.116187981701255 1.659555479490119 2e-08
p -0.01153328540390063 0.9999334894520696 -1e-08 -0.005766642701950315 0.4999667447260348 -5e-09
p 0.9895036004886721 -0.14450821644444228 1.9999999999999997e-08 0.49475180024433607 -0.07225410822222114 9.999999999999999e-09
p 0.17822733420698353 0.9839893380217453 9.999999999995002e-07 0.35645466841396706 1.9679786760434905 1.9999999999990004e-06
p 0.7068914289841249 0.7073220678225529 9.99999999999995e-08 1.4137828579682499 1.4146441356451058 1.99999999999999e-07
p 0.9366207337910892 0.35034497432051365 9.999999999995e-07 1.8732414675821785 0.7006899486410273 1.999999999999e-06
p 0.2222411072942298 0.9749917385437811 9.99999999999995e-08 0.4444822145884596 1.9499834770875621 1.99999999999999e-07
p 0.9628630488122844 -0.2699902761802943 -2.9999999999999984e-08 0.4814315244061422 -0.13499513809014715 -1.4999999999999992e-08
p 0.9079784588262694 -0.4190168472835702 -9.99999999999995e-08 0.9079784588262694 -0.4190168472835702 -9.99999999999995e-08
p 0.9705652595365125 0.2408382797248389 -4.9999999999999945e-08 0.9705652595365125 0.2408382797248389 -4.9999999999999945e-08
p 0.913343365387849 0.40719024657031755 -4.9999999999999945e-08 1.826686730775698 0.8143804931406351 -9.999999999999989e-08
p 0.6404436351369973 0.7680051759021589 4.999999999999993e-08 1.2808872702739946 1.5360103518043178 9.999999999999986e-08
p 0.560639006822171 0.8280603263225746 -2.9999999999999984e-08 1.121278013644342 1.6561206526451493 -5.999999999999997e-08
p 0.921373730449657 -0.38867782138588847 4.9999999999999945e-08 0.921373730449657 -0.38867782138588847 4.9999999999999945e-08
p 0.9961918266357637 -0.08718855741489719 -9.99999999999995e-08 0.49809591331788183 -0.04359427870744859 -4.999999999999975e-08
p 0.9996955331670182 -0.024674702954872126 1e-08 0.9996955331670182 -0.024674702954872126 1e-08
p 0.8996263121979611 0.4366606215370087 9.99999999999995e-08 0.44981315609898054 0.21833031076850434 4.999999999999975e-08
p 0.9200753722596037 -0.39174138071097625 -9.99999999999995e-08 0.46003768612980184 -0.19587069035548813 -4.999999999999975e-08
p 0.08708609761797277 0.9962007887979527 -9.99999999999995e-08 0.043543048808986386 0.49810039439897635 -4.999999999999975e-08
p 0.1974738684084187 0.9803081511931921 -2e-08 0.1974738684084187 0.9803081511931921 -2e-08
p 0.9980257726283922 -0.06280570968073478 -9.999999999995e-07 0.9980257726283922 -0.06280570968073478 -9.999999999995e-07
p 0.9085289869191876 -0.41782182796928485 1e-08 0.9085289869191876 -0.41782182796928485 1e-08
p 0.018680541925230564 0.9998255034521668 2.9999999999999984e-08 0.03736108385046113 1.9996510069043336 5.999999999999997e-08
p 0.9219505740125745 0.38730755102099845 -2.9999999999999984e-08 0.9219505740125745 0.38730755102099845 -2.9999999999999984e-08
p 0.6472792729217487 0.7622529388896392 1.9999999999999997e-08 1.2945585458434974 1.5245058777792784 3.9999999999999994e-08
p 0.7714467820215054 0.6362938491826428 9.999999999995e-07 1.5428935640430108 1.2725876983652855 1.999999999999e-06
p 0.8782750352213671 -0.4781557931332695 1.9999999999999997e-08 0.8782750352213671 -0.4781557931332695 1.9999999999999997e-08
p 0.9558376252027672 -0.2938952776870226 4.9999999999999945e-08 1.9116752504055343 -0.5877905553740452 9.999999999999989e-08
p 0.9945247561613629 0.1045012410509175 -9.999999999995002e-07 1.9890495123227259 0.209002482101835 -1.9999999999990004e-06
p 0.3069814609678797 0.9517154945791447 -2e-08 0.15349073048393985 0.47585774728957236 -1e-08
p 0.3749666005152445 0.9270383209431211 -9.999999999995002e-07 0.3749666005152445 0.9270383209431211 -9.999999999995002e-07
p 0.9667209079427349 -0.25583331711365226 9.999999999995002e-07 1.9334418158854698 -0.5116666342273045 1.9999999999990004e-06
p 0.9686699220927864 -0.24835173048069384 -1e-08 0.9686699220927864 -0.24835173048069384 -1e-08
p 0.7805816648319396 0.625053809306205 1.0000000000000002e-08 0.7805816648319396 0.625053809306205 1.0000000000000002e-08
p 0.19040355643968462 0.9817059059082408 -1e-08 0.38080711287936925 1.9634118118164816 -2e-08
p 0.9135303617819993 0.4067705472406385 -2.9999999999999984e-08 0.45676518089099966 0.20338527362031925 -1.4999999999999992e-08
p 0.9727712464290201 -0.2317673448113878 9.99999999999995e-08 1.9455424928580403 -0.4635346896227756 1.99999999999999e-07
p 0.9705851906108548 -0.24075794434637152 9.999999999995e-07 0.9705851906108548 -0.24075794434637152 9.999999999995e-07
p 0.919482798204727 0.39313023771468575 -1e-08 0.919482798204727 0.39313023771468575 -1e-08
case 43 6 40
s 0.9987502603949663 0.04997916927067833 0.0 0.9950041652780207 -0.09983341664682764 9.999999999999948e-08 3.344472287185254e-08 -6.683369524650535e-07 -0.9999999999997762 1.0 1.0 0.9987502603949663 0.04997916927067833 0.0 0.9950041652780207 -0.09983341664682764 9.999999999999948e-08 1.0 0.0
s 0.8775825618903728 0.479425538604203 0.0 0.9987502603949663 0.04997916927067833 0.0 0.0 0.0 -1.0 1.0 1.0 0.4387912809451864 0.2397127693021015 0.0 0.9987502603949663 0.04997916927067833 0.0 0.5 1.0
s -0.3722130460563617 0.813300343259146 0.4472135954999579 0.8775825618903728 0.479425538604203 0.0 -0.21483604456352498 0.3932547417548017 -0.8939777301721019 1.0 1.0 -0.18610652302818084 0.406650171629573 0.22360679774997896 0.4387912809451864 0.2397127693021015 0.0 0.5 2.0
s -0.8375923243065936 -0.31375005699231057 -0.4472135954999579 -0.3722130460563617 0.813300343259146 0.4472135954999579 0.22573907030675272 0.5466923892662394 -0.8063307656634549 1.0 1.0 -0.4187961621532968 -0.15687502849615528 -0.22360679774997896 -0.18610652302818084 0.406650171629573 0.22360679774997896 0.5 3.0
s 0.2751927418019831 -0.9302931932717461 0.24253562503633297 -0.8375923243065936 -0.31375005699231057 -0.4472135954999579 0.4926817704433339 -0.08016495448787829 -0.8665092343101592 1.0 1.0 0.13759637090099155 -0.46514659663587304 0.12126781251816648 -0.4187961621532968 -0.15687502849615528 -0.22360679774997896 0.5 4.0
s 0.9950041652780207 -0.09983341664682764 9.999999999999948e-08 0.2751927418019831 -0.9302931932717461 0.24253562503633297 -0.026025977292043628 -0.25939262846974276 -0.9654212100433427 1.0 1.0 0.9950041652780207 -0.09983341664682764 9.999999999999948e-08 0.13759637090099155 -0.46514659663587304 0.12126781251816648 0.5 5.0
p 0.4729437542156092 0.8810926201872552 4.999999999999993e-08 0.2364718771078046 0.4405463100936276 2.4999999999999966e-08
p 0.7401835203864209 0.6724049049109881 9.99999999999995e-08 0.37009176019321044 0.33620245245549407 4.999999999999975e-08
p 0.9325201955418075 -0.3611178269023395 2.9999999999999984e-08 0.9325201955418075 -0.3611178269023395 2.9999999999999984e-08
p -0.008879547169075925 0.999960576043412 9.999999999995002e-07 -0.0044397735845379625 0.499980288021706 4.999999999997501e-07
p 0.9942270955697835 0.10729623681594173 -9.99999999999995e-08 0.49711354778489175 0.05364811840797087 -4.999999999999975e-08
p 0.9487409622147879 -0.3160547209199032 1.9999999999999997e-08 1.8974819244295758 -0.6321094418398064 3.9999999999999994e-08
p 0.9887624879276107 -0.149494957999256 4.9999999999999945e-08 0.49438124396380534 -0.074747478999628 2.4999999999999972e-08
p 0.456390896528021 0.8897793825248752 -2.9999999999999984e-08 0.912781793056042 1.7795587650497504 -5.999999999999997e-08
p 0.9842117059305042 -0.1769952482677335 9.999999999999948e-08 0.9842117059305042 -0.1769952482677335 9.999999999999948e-08
p 0.9821147076102535 0.1882835656546426 1e-08 0.4910573538051268 0.0941417828273213 5e-09
p 0.6767690895334899 0.7361953541363944 1e-08 0.33838454476674495 0.3680976770681972 5e-09
p 0.6877375896740517 0.7259593705913063 -1e-08 1.3754751793481035 1.4519187411826127 -2e-08
p 0.8820477323518114 -0.47116005545146455 1e-08 1.7640954647036229 -0.9423201109029291 2e-08
p 0.39673308454754447 0.9179340170324831 -1e-08 0.7934661690950889 1.8358680340649662 -2e-08
p 0.5040411870666834 0.8636796175315292 9.999999999995e-07 0.5040411870666834 0.8636796175315292 9.999999999995e-07
p 0.942109945383732 0.3353041168984673 -1.9999999999999997e-08 1.884219890767464 0.6706082337969346 -3.9999999999999994e-08
p 0.017807128317522347 0.9998414405199824 -9.99999999999995e-08 0.008903564158761174 0.4999207202599912 -4.999999999999975e-08
p 0.850212518956939 0.5264396191481944 2.9999999999999984e-08 0.850212518956939 0.5264396191481944 2.9999999999999984e-08
p 0.675627084625074 0.7372435435600796 -1e-08 0.337813542312537 0.3686217717800398 -5e-09
p 0.953476473683604 -0.30146743461256104 2.9999999999999984e-08 1.906952947367208 -0.6029348692251221 5.999999999999997e-08
p 0.8480242861771039 0.5299573662605441 2.9999999999999984e-08 0.42401214308855195 0.26497868313027206 1.4999999999999992e-08
p 0.7903830649172433 0.6126129370916222 -2.9999999999999984e-08 0.7903830649172433 0.6126129370916222 -2.9999999999999984e-08
p 0.9998901354463262 0.014822855228547831 -2.9999999999999984e-08 0.9998901354463262 0.014822855228547831 -2.9999999999999984e-08
p 0.4561792137126832 0.88988792832383 1e-08 0.4561792137126832 0.88988792832383 1e-08
p 0.9555290721295104 0.29489691811769836 -1.9999999999999997e-08 0.9555290721295104 0.29489691811769836 -1.9999999999999997e-08
p 0.9161752403670348 0.4007779047532484 4.9999999999999945e-08 1.8323504807340696 0.8015558095064969 9.999999999999989e-08
p 0.843966035011006 0.5363966179496281 4.9999999999999945e-08 0.421983017505503 0.26819830897481406 2.4999999999999972e-08
p 0.20594056392224053 0.9785645017735873 1.9999999999999997e-08 0.41188112784448105 1.9571290035471747 3.9999999999999994e-08
p 0.9801378694727956 -0.19831731347849652 -2.9999999999999984e-08 1.9602757389455912 -0.39663462695699303 -5.999999999999997e-08
p 0.389893127412049 0.9208601138049425 -1e-08 0.1949465637060245 0.46043005690247124 -5e-09
p 0.9853599767542577 0.17048670391220486 2.9999999999999984e-08 1.9707199535085154 0.3409734078244097 5.999999999999997e-08
p 0.9993581179237205 0.035823904588368254 -4.999999999999993e-08 1.998716235847441 0.07164780917673651 -9.999999999999986e-08
p 0.9768261023307525 0.21403449676234437 9.999999999995e-07 1.953652204661505 0.42806899352468875 1.999999999999e-06
p 0.4846028785488217 0.8747342739953632 -2.9999999999999984e-08 0.9692057570976434 1.7494685479907264 -5.999999999999997e-08
p 0.0769997306302501 0.9970311135982008 -1.9999999999999997e-08 0.1539994612605002 1.9940622271964017 -3.9999999999999994e-08
p 0.9527208754215806 0.30384689160157136 1e-08 1.9054417508431611 0.6076937832031427 2e-08
p 0.5474885042100778 0.8368132036230136 1.9999999999999997e-08 1.0949770084201556 1.6736264072460272 3.9999999999999994e-08
p 0.9693329868653056 -0.24575101337488928 1.9999999999999997e-08 0.4846664934326528 -0.12287550668744464 9.999999999999999e-09
p 0.5119723881575972 0.8590019055649447 1.9999999999999997e-08 0.5119723881575972 0.8590019055649447 1.9999999999999997e-08
p 0.21834169859223349 0.975872380312025 2.9999999999999984e-08 0.43668339718446697 1.95174476062405 5.999999999999997e-08
case 44 6 40
s 0.9987502603949663 0.04997916927067833 0.0 0.955336489125606 -0.29552020666133955 -1e-09 -1.4575528972191382e-10 2.91267613463735e-09 -1.0 1.0 1.0 0.0009987502603949663 4.997916927067833e-05 0.0 0.000955336489125606 -0.00029552020666133953 -1.0000000000000002e-12 0.001 0.0
s 0.8775825618903728 0.479425538604203 0.0 0.9987502603949663 0.04997916927067833 0.0 0.0 0.0 -1.0 1.0 1.0 0.8775825618903728 0.479425538604203 0.0 0.0009987502603949663 4.997916927067833e-05 0.0 0.001 1.0
s -0.39859637855648306 0.8709489764975944 0.2873478855663454 0.8775825618903728 0.479425538604203 0.0 -0.13807921244038343 0.25275230299584717 -0.9576274872945841 1.0 1.0 -0.39859637855648306 0.8709489764975944 0.2873478855663454 0.8775825618903728 0.479425538604203 0.0 1.0 2.0
s -0.8969628300582488 -0.3359893958958339 -0.2873478855663454 -0.39859637855648306 0.8709489764975944 0.2873478855663454 0.1537435140353627 0.3723343456140114 -0.9152759512672909 1.0 1.0 -0.8969628300582488 -0.3359893958958339 -0.2873478855663454 -0.39859637855648306 0.8709489764975944 0.2873478855663454 1.0 3.0
s 0.2805238471386536 -0.9483150748622418 0.14834045293024462 -0.8969628300582488 -0.3359893958958339 -0.2873478855663454 0.3224329819611792 -0.05246353097466939 -0.9451373180979005 1.0 1.0 0.2805238471386536 -0.9483150748622418 0.14834045293024462 -0.8969628300582488 -0.3359893958958339 -0.2873478855663454 1.0 4.0
s 0.955336489125606 -0.29552020666133955 -1e-09 0.2805238471386536 -0.9483150748622418 0.14834045293024462 -0.052417231673455245 -0.1694506567188644 -0.9841437439526998 1.0 1.0 0.000955336489125606 -0.00029552020666133953 -1.0000000000000002e-12 0.2805238471386536 -0.9483150748622418 0.14834045293024462 0.001 5.0
p 0.9582998422561 -0.28576461000609193 -2e-08 0.47914992112805 -0.14288230500304597 -1e-08
p 0.958042804566905 0.28662516396431303 9.99999999999995e-08 1.91608560913381 0.5732503279286261 1.99999999999999e-07
p 0.985811626063859 0.16785540776909064 -4.999999999999993e-08 0.4929058130319295 0.08392770388454532 -2.4999999999999966e-08
p 0.7333915226440726 0.6798064978461208 -2.9999999999999984e-08 1.4667830452881452 1.3596129956922416 -5.999999999999997e-08
p 0.21744236079696705 0.9760731631035868 1.9999999999999997e-08 0.10872118039848352 0.4880365815517934 9.999999999999999e-09
p 0.5016976744839565 0.8650430298068343 4.9999999999999945e-08 0.5016976744839565 0.8650430298068343 4.9999999999999945e-08
p 0.11785839326271094 0.9930304119902529 -2.9999999999999984e-08 0.05892919663135547 0.49651520599512644 -1.4999999999999992e-08
p 0.8251813876056526 0.5648678407815493 -1e-08 0.8251813876056526 0.5648678407815493 -1e-08
p 0.32768843998096564 0.9447858415021048 2.9999999999999984e-08 0.32768843998096564 0.9447858415021048 2.9999999999999984e-08
p 0.830410225562985 0.5571524542532604 -2.9999999999999984e-08 1.66082045112597 1.1143049085065209 -5.999999999999997e-08
p 0.7989355379497214 0.6014166660485797 1.9999999999999997e-08 1.5978710758994428 1.2028333320971594 3.9999999999999994e-08
p 0.9583704652600805 -0.28552767171707993 9.999999999995e-07 1.916740930520161 -0.5710553434341599 1.999999999999e-06
p 0.9994632835649058 -0.03275888895637273 -2.9999999999999984e-08 0.9994632835649058 -0.03275888895637273 -2.9999999999999984e-08
p 0.13316389858907274 0.9910940299046092 -2.9999999999999984e-08 0.13316389858907274 0.9910940299046092 -2.9999999999999984e-08
p 0.9092002840751885 0.41635903189146334 -1e-08 1.818400568150377 0.8327180637829267 -2e-08
p 0.9353718478647037 0.353665811497464 9.99999999999995e-08 0.9353718478647037 0.353665811497464 9.99999999999995e-08
p 0.7009564482456448 0.7132040785517496 1.9999999999999997e-08 0.3504782241228224 0.3566020392758748 9.999999999999999e-09
p 0.9999975233800948 0.0022255861416833893 -4.999999999999993e-08 1.9999950467601897 0.004451172283366779 -9.999999999999986e-08
p 0.06792360682542185 0.9976905249804798 -2e-08 0.1358472136508437 1.9953810499609597 -4e-08
p 0.9596574378592255 -0.28117183707026255 -1.9999999999999997e-08 0.9596574378592255 -0.28117183707026255 -1.9999999999999997e-08
p 0.7961301193829495 0.6051254688172444 2.9999999999999984e-08 0.39806505969147477 0.3025627344086222 1.4999999999999992e-08
p 0.0029511474913306887 0.9999956453547605 -1.9999999999999997e-08 0.0029511474913306887 0.9999956453547605 -1.9999999999999997e-08
p 0.5884534838850527 0.8085310738020797 -1e-08 0.29422674194252635 0.40426553690103983 -5e-09
p 0.7621285427397059 0.6474257365454759 1.9999999999999997e-08 0.7621285427397059 0.6474257365454759 1.9999999999999997e-08
p 0.8886022212283576 -0.4586786374227812 -9.99999999999995e-08 0.4443011106141788 -0.2293393187113906 -4.999999999999975e-08
p 0.7042533973417976 0.7099486969715038 9.999999999995e-07 0.3521266986708988 0.3549743484857519 4.9999999999975e-07
p 0.5341763752636194 0.845373053811281 -9.99999999999995e-08 0.2670881876318097 0.4226865269056405 -4.999999999999975e-08
p 0.7504686455087491 0.6609060539193625 9.999999999995e-07 0.37523432275437457 0.33045302695968126 4.9999999999975e-07
p 0.9706434677962312 0.24052288544857167 -1e-08 0.4853217338981156 0.12026144272428584 -5e-09
p 0.49887272323097664 0.8666752598379103 -9.999999999995e-07 0.49887272323097664 0.8666752598379103 -9.999999999995e-07
p 0.9533395340513291 -0.30190020340137996 -9.999999999995e-07 0.47666976702566455 -0.15095010170068998 -4.9999999999975e-07
p 0.9543843433952107 0.2985808518326196 -9.999999999995002e-07 0.47719217169760536 0.1492904259163098 -4.999999999997501e-07
p 0.9130357668212561 -0.4078795024331466 9.99999999999995e-08 0.45651788341062804 -0.2039397512165733 4.999999999999975e-08
p 0.9994453271888415 -0.03330222153834969 -9.999999999995e-07 1.998890654377683 -0.06660444307669938 -1.999999999999e-06
p 0.9687502727790297 -0.24803812003509781 -9.99999999999995e-08 0.48437513638951485 -0.12401906001754891 -4.999999999999975e-08
p 0.9110366447169745 -0.41232539575296234 -1e-08 0.45551832235848727 -0.20616269787648117 -5e-09
p 0.4553963324303548 0.8902888185353003 2.9999999999999984e-08 0.9107926648607096 1.7805776370706006 5.999999999999997e-08
p 0.41650034807889674 0.9091355564766774 -1e-08 0.20825017403944837 0.4545677782383387 -5e-09
p 0.3703713416178677 0.9288837759957812 -2e-08 0.7407426832357354 1.8577675519915624 -4e-08
p 0.9111839505119768 0.41199976738996663 2.9999999999999984e-08 1.8223679010239535 0.8239995347799333 5.999999999999997e-08
case 45 6 40
s 0.9987502603949663 0.04997916927067833 0.0 0.9995500337489713 0.029995500202495175 -1.7999999999999709e-07 -4.4984251231892206e-07 8.989351621313002e-06 -0.9999999999594946 1.0 1.0 0.0009987502603949663 4.997916927067833e-05 0.0 0.0009995500337489714 2.9995500202495177e-05 -1.7999999999999708e-10 0.001 0.0
s 0.8775825618903728 0.479425538604203 0.0 0.9987502603949663 0.04997916927067833 0.0 0.0 0.0 -1.0 1.0 1.0 0.8775825618903728 0.479425538604203 0.0 0.0009987502603949663 4.997916927067833e-05 0.0 0.001 1.0
s -0.4161468365471424 0.9092974268256817 0.0 0.8775825618903728 0.479425538604203 0.0 0.0 0.0 -1.0 1.0 1.0 -0.4161468365471424 0.9092974268256817 0.0 0.8775825618903728 0.479425538604203 0.0 1.0 2.0
s -0.9364566872907963 -0.35078322768961984 -0.0 -0.4161468365471424 0.9092974268256817 0.0 0.0 0.0 -1.0 1.0 1.0 -0.9364566872907963 -0.35078322768961984 -0.0 -0.4161468365471424 0.9092974268256817 0.0 1.0 3.0
s 0.2836621854632263 -0.9589242746631386 0.0 -0.9364566872907963 -0.35078322768961984 -0.0 0.0 0.0 -1.0 1.0 1.0 0.2836621854632263 -0.9589242746631386 0.0 -0.9364566872907963 -0.35078322768961984 -0.0 1.0 4.0
s 0.9995500337489713 0.029995500202495175 -1.7999999999999709e-07 0.2836621854632263 -0.9589242746631386 0.0 -1.7849650782902765e-07 -5.2801572393318215e-08 -0.9999999999999827 1.0 1.0 0.0009995500337489714 2.9995500202495177e-05 -1.7999999999999708e-10 0.2836621854632263 -0.9589242746631386 0.0 0.001 5.0
p 0.9930294452094318 0.11786653870818338 1.9999999999999997e-08 0.9930294452094318 0.11786653870818338 1.9999999999999997e-08
p 0.7914201925535185 0.6112725078216351 -2.9999999999999984e-08 1.582840385107037 1.2225450156432702 -5.999999999999997e-08
p 0.4502665460783697 0.8928941916501939 -4.9999999999999945e-08 0.4502665460783697 0.8928941916501939 -4.9999999999999945e-08
p 0.15955386321271728 0.987189224380967 4.9999999999999945e-08 0.31910772642543456 1.974378448761934 9.999999999999989e-08
p 0.9423710642972912 -0.334569540118628 -1.9999999999999997e-08 0.4711855321486456 -0.167284770059314 -9.999999999999999e-09
p 0.912707529718776 -0.40861346673187343 9.99999999999995e-08 1.825415059437552 -0.8172269334637469 1.99999999999999e-07
p -0.016089246627287147 0.9998705596940866 -1.9999999999999997e-08 -0.016089246627287147 0.9998705596940866 -1.9999999999999997e-08
p 0.17711698626388228 0.9841898054622389 9.999999999995e-07 0.17711698626388228 0.9841898054622389 9.999999999995e-07
p 0.45335218554703116 0.8913314736161458 -9.999999999995e-07 0.9067043710940623 1.7826629472322917 -1.999999999999e-06
p 0.22931109126427848 0.9733531853459853 -9.99999999999995e-08 0.45862218252855697 1.9467063706919705 -1.99999999999999e-07
p 0.9406342300859503 -0.33942192797550813 2.999999999999999e-08 0.9406342300859503 -0.33942192797550813 2.999999999999999e-08
p 0.9505943904375035 0.31043566945303036 2e-08 0.9505943904375035 0.31043566945303036 2e-08
p 0.0366826057766554 0.9993269667298246 4.999999999999993e-08 0.0183413028883277 0.4996634833649123 2.4999999999999966e-08
p 0.852227767928785 0.5231709391500264 1.9999999999999997e-08 1.70445553585757 1.0463418783000529 3.9999999999999994e-08
p 0.6625359305647206 0.7490301333789847 9.999999999995e-07 1.3250718611294412 1.4980602667579694 1.999999999999e-06
p 0.4944821616748508 0.869187777057039 9.99999999999995e-08 0.2472410808374254 0.4345938885285195 4.999999999999975e-08
p 0.9950620197435525 -0.09925511001394868 2.9999999999999984e-08 0.9950620197435525 -0.09925511001394868 2.9999999999999984e-08
p 0.10962648420476846 0.993972853734396 4.999999999999993e-08 0.10962648420476846 0.993972853734396 4.999999999999993e-08
p 0.971495609021988 -0.23705754923856837 1.9999999999999997e-08 0.485747804510994 -0.11852877461928418 9.999999999999999e-09
p 0.9066583625663399 -0.4218656345194767 -4.999999999999993e-08 0.9066583625663399 -0.4218656345194767 -4.999999999999993e-08
p 0.9809499769644595 0.19426050214190824 9.999999999995e-07 0.9809499769644595 0.19426050214190824 9.999999999995e-07
p 0.9538209225550585 -0.3003758440607653 -9.999999999995e-07 0.9538209225550585 -0.3003758440607653 -9.999999999995e-07
p 0.9496555679894318 -0.31329587004405235 -9.99999999999995e-08 1.8993111359788637 -0.6265917400881047 -1.99999999999999e-07
p 0.6029147536618029 0.7978056153073427 9.999999999995002e-07 0.30145737683090146 0.39890280765367137 4.999999999997501e-07
p 0.9963041040291805 0.08589605517490957 2.9999999999999984e-08 0.49815205201459023 0.042948027587454786 1.4999999999999992e-08
p -0.010585996097877618 0.9999439667734453 -4.999999999999993e-08 -0.010585996097877618 0.9999439667734453 -4.999999999999993e-08
p 0.08435119831537016 0.9964360869332016 -9.999999999999948e-08 0.08435119831537016 0.9964360869332016 -9.999999999999948e-08
p 0.177845708803975 0.9840583843751405 9.999999999995e-07 0.35569141760795 1.968116768750281 1.999999999999e-06
p 0.7905035840574213 0.6124574136969618 1e-08 0.7905035840574213 0.6124574136969618 1e-08
p 0.943558294485049 -0.33120649889225384 2.9999999999999984e-08 0.4717791472425245 -0.16560324944612692 1.4999999999999992e-08
p 0.9882766700105469 0.1526735848562672 2.9999999999999984e-08 0.9882766700105469 0.1526735848562672 2.9999999999999984e-08
p 0.9667216618474079 0.2558304683085769 -1e-08 0.48336083092370397 0.12791523415428846 -5e-09
p 0.9093311532099101 0.41607313516007555 1.9999999999999997e-08 1.8186623064198202 0.8321462703201511 3.9999999999999994e-08
p 0.8786330553339721 -0.4774975958834653 1e-08 0.43931652766698603 -0.23874879794173265 5e-09
p 0.9822719551809509 0.18746147888294892 9.99999999999995e-08 1.9645439103619018 0.37492295776589785 1.99999999999999e-07
p 0.9497226603925145 0.3130924277860368 -9.99999999999995e-08 1.899445320785029 0.6261848555720736 -1.99999999999999e-07
p 0.7670853240498029 0.6415450924349794 -4.999999999999993e-08 0.7670853240498029 0.6415450924349794 -4.999999999999993e-08
p 0.8361374069859081 0.5485200421487639 2e-08 1.6722748139718162 1.0970400842975279 4e-08
p 0.6806953868645568 0.7325665773848147 9.99999999999995e-08 1.3613907737291135 1.4651331547696294 1.99999999999999e-07
p 0.8660887576896018 0.49989025175900503 -2.9999999999999984e-08 1.7321775153792036 0.9997805035180101 -5.999999999999997e-08
case 46 6 40
s 0.9992001066609617 0.039989334186633516 1.7999999999999709e-07 0.9987502603949663 0.04997916927067833 0.0 -8.996400406521739e-07 1.797780431277068e-05 0.9999999998379946 1.0 1.0 0.009992001066609617 0.00039989334186633517 1.7999999999999708e-09 0.009987502603949663 0.0004997916927067833 0.0 0.01 0.0
s 0.9987502603949663 0.04997916927067833 0.0 0.8775825618903728 0.479425538604203 0.0 0.0 0.0 1.0 1.0 1.0 0.009987502603949663 0.0004997916927067833 0.0 0.4387912809451864 0.2397127693021015 0.0 0.01 1.0
s 0.8775825618903728 0.479425538604203 0.0 -0.39859637855648306 0.8709489764975944 0.2873478855663454 0.13807921244038343 -0.25275230299584717 0.9576274872945841 1.0 1.0 0.4387912809451864 0.2397127693021015 0.0 -0.19929818927824153 0.4354744882487972 0.1436739427831727 0.5 2.0
s -0.39859637855648306 0.8709489764975944 0.2873478855663454 -0.8969628300582488 -0.3359893958958339 -0.2873478855663454 -0.1537435140353627 -0.3723343456140114 0.9152759512672909 1.0 1.0 -0.19929818927824153 0.4354744882487972 0.1436739427831727 -0.4484814150291244 -0.16799469794791694 -0.1436739427831727 0.5 3.0
s -0.8969628300582488 -0.3359893958958339 -0.2873478855663454 0.2805238471386536 -0.9483150748622418 0.14834045293024462 -0.3224329819611792 0.05246353097466939 0.9451373180979005 1.0 1.0 -0.4484814150291244 -0.16799469794791694 -0.1436739427831727 0.1402619235693268 -0.4741575374311209 0.07417022646512231 0.5 4.0
s 0.2805238471386536 -0.9483150748622418 0.14834045293024462 0.9992001066609617 0.039989334186633516 1.7999999999999709e-07 -0.006114528783776261 0.15277723557248848 0.9882417360284783 1.0 1.0 0.1402619235693268 -0.4741575374311209 0.07417022646512231 0.009992001066609617 0.00039989334186633517 1.7999999999999708e-09 0.01 5.0
p 0.029115080913269895 0.9995760661712613 9.999999999995e-07 0.014557540456634948 0.49978803308563063 4.9999999999975e-07
p 0.8375466090419122 0.546365882611089 -9.999999999995e-07 1.6750932180838245 1.092731765222178 -1.999999999999e-06
p 0.9955633532445766 -0.09409362186892503 -4.9999999999999945e-08 1.9911267064891531 -0.18818724373785006 -9.999999999999989e-08
p 0.74257115455023 0.6697671837511435 -1.9999999999999997e-08 1.48514230910046 1.339534367502287 -3.9999999999999994e-08
p 0.1118199687884426 0.9937284813167788 -2e-08 0.2236399375768852 1.9874569626335576 -4e-08
p 0.8303253252851359 0.5572789733958505 -9.999999999995e-07 0.8303253252851359 0.5572789733958505 -9.999999999995e-07
p 0.8512752040399862 0.5247194745639607 2.9999999999999984e-08 0.4256376020199931 0.26235973728198037 1.4999999999999992e-08
p 0.22801553334444313 0.9736574944782415 4.9999999999999945e-08 0.22801553334444313 0.9736574944782415 4.9999999999999945e-08
p 0.9666937624526958 -0.2559358701590133 9.999999999995002e-07 0.4833468812263479 -0.12796793507950666 4.999999999997501e-07
p 0.6689043254266498 0.7433485073809718 -1e-08 0.3344521627133249 0.3716742536904859 -5e-09
p 0.8667167210860109 0.4988006870383241 -9.99999999999995e-08 0.43335836054300547 0.24940034351916204 -4.999999999999975e-08
p 0.12231542036223718 0.9924912785216852 -1e-08 0.06115771018111859 0.4962456392608426 -5e-09
p 0.9251679057351384 -0.3795580933107039 -2.9999999999999984e-08 0.4625839528675692 -0.18977904665535195 -1.4999999999999992e-08
p 0.9849394005779227 -0.1728999051133417 9.999999999995002e-07 0.49246970028896137 -0.08644995255667084 4.999999999997501e-07
p 0.6836768345186087 0.7297848901851933 1.9999999999999997e-08 0.34183841725930436 0.36489244509259666 9.999999999999999e-09
p 0.8959161602927121 -0.4442231800855998 9.999999999995e-07 0.8959161602927121 -0.4442231800855998 9.999999999995e-07
p 0.7065238398753869 0.707689242314547 -2.9999999999999984e-08 0.35326191993769346 0.3538446211572735 -1.4999999999999992e-08
p 0.9844579003746432 0.17562073451030616 -9.99999999999995e-08 1.9689158007492864 0.3512414690206123 -1.99999999999999e-07
p 0.9299130813115947 -0.36777936484470336 4.9999999999999945e-08 0.46495654065579733 -0.18388968242235168 2.4999999999999972e-08
p 0.14200036065477403 0.9898666059489603 9.999999999995e-07 0.14200036065477403 0.9898666059489603 9.999999999995e-07
p 0.5869532497962261 0.809620826408047 1e-08 0.5869532497962261 0.809620826408047 1e-08
p 0.692206312501263 0.7216996750265315 4.999999999999993e-08 0.692206312501263 0.7216996750265315 4.999999999999993e-08
p 0.8338329259177824 0.5520168943568576 -1e-08 0.4169164629588912 0.2760084471784288 -5e-09
p 0.9178245320194511 -0.39698630760175535 -1e-08 0.9178245320194511 -0.39698630760175535 -1e-08
p 0.9335426244454931 -0.3584664117367485 -2.9999999999999984e-08 0.46677131222274654 -0.17923320586837424 -1.4999999999999992e-08
p 0.19430473230996706 0.9809412168937303 -9.999999999995002e-07 0.09715236615498353 0.49047060844686513 -4.999999999997501e-07
p 0.27337692497499655 0.9619069897298881 1e-08 0.27337692497499655 0.9619069897298881 1e-08
p 0.2478272079627557 0.9688042500904789 -9.99999999999995e-08 0.4956544159255114 1.9376085001809578 -1.99999999999999e-07
p 0.963566871475609 -0.2674675385812399 1e-08 1.927133742951218 -0.5349350771624798 2e-08
p 0.07025644976495757 0.9975289626198449 -9.999999999995e-07 0.035128224882478784 0.49876448130992246 -4.9999999999975e-07
p 0.8889271777966412 -0.458048548272439 9.99999999999995e-08 0.4444635888983206 -0.2290242741362195 4.999999999999975e-08
p 0.9996673303359901 -0.02579202704140775 9.99999999999995e-08 1.9993346606719802 -0.0515840540828155 1.99999999999999e-07
p 0.0014654406227993617 0.9999989262413091 9.99999999999995e-08 0.0029308812455987234 1.9999978524826183 1.99999999999999e-07
p 0.5588813142916563 0.8292476569364733 9.999999999995e-07 0.5588813142916563 0.8292476569364733 9.999999999995e-07
p 0.9601995323099919 0.27931498017770606 1.9999999999999997e-08 0.48009976615499594 0.13965749008885303 9.999999999999999e-09
p 0.9480627815640141 -0.31808326301945583 2e-08 1.8961255631280283 -0.6361665260389117 4e-08
p 0.9912600656415623 0.13192225841110164 1e-08 0.49563003282078116 0.06596112920555082 5e-09
p 0.10705088534196025 0.9942535430902434 -1e-08 0.10705088534196025 0.9942535430902434 -1e-08
p 0.042428323216098955 0.9990995132563472 1.9999999999999997e-08 0.021214161608049478 0.4995497566281736 9.999999999999999e-09
p 0.746543133488235 0.6653370197438041 -1.9999999999999997e-08 0.3732715667441175 0.33266850987190205 -9.999999999999999e-09
case 47 6 40
s 0.9989876708478376 0.04498481403766001 9.99999999999995e-08 0.9987502603949663 0.04997916927067833 0.0 -9.995875501565667e-07 1.9975088433335373e-05 0.9999999997999984 1.0 1.0 0.009989876708478377 0.00044984814037660013 9.99999999999995e-10 0.009987502603949663 0.0004997916927067833 0.0 0.01 0.0
s 0.9987502603949663 0.04997916927067833 0.0 0.8775825618903728 0.479425538604203 0.0 0.0 0.0 1.0 1.0 1.0 0.009987502603949663 0.0004997916927067833 0.0 1.7551651237807455 0.958851077208406 0.0 0.01 1.0
s 0.8775825618903728 0.479425538604203 0.0 -0.39859637855648306 0.8709489764975944 0.2873478855663454 0.13807921244038343 -0.25275230299584717 0.9576274872945841 1.0 1.0 1.7551651237807455 0.958851077208406 0.0 -0.7971927571129661 1.7418979529951888 0.5746957711326908 2.0 2.0
s -0.39859637855648306 0.8709489764975944 0.2873478855663454 -0.8969628300582488 -0.3359893958958339 -0.2873478855663454 -0.1537435140353627 -0.3723343456140114 0.9152759512672909 1.0 1.0 -0.7971927571129661 1.7418979529951888 0.5746957711326908 -1.7939256601164977 -0.6719787917916678 -0.5746957711326908 2.0 3.0
s -0.8969628300582488 -0.3359893958958339 -0.2873478855663454 0.2805238471386536 -0.9483150748622418 0.14834045293024462 -0.3224329819611792 0.05246353097466939 0.9451373180979005 1.0 1.0 -1.7939256601164977 -0.6719787917916678 -0.5746957711326908 0.5610476942773072 -1.8966301497244835 0.29668090586048923 2.0 4.0
s 0.2805238471386536 -0.9483150748622418 0.14834045293024462 0.9989876708478376 0.04498481403766001 9.99999999999995e-08 -0.0068698607136468935 0.15255831269126646 0.9882705936344403 1.0 1.0 0.5610476942773072 -1.8966301497244835 0.29668090586048923 0.009989876708478377 0.00044984814037660013 9.99999999999995e-10 0.01 5.0
p 0.8840939178489877 -0.4673092599354599 -9.999999999995e-07 0.8840939178489877 -0.4673092599354599 -9.999999999995e-07
p 0.9953214883014992 -0.09661850198222137 -1e-08 1.9906429766029985 -0.19323700396444274 -2e-08
p 0.9793351072942338 0.20224427710316512 -9.99999999999995e-08 0.4896675536471169 0.10112213855158256 -4.999999999999975e-08
p 0.493271016168213 0.8698756834217046 -2.9999999999999984e-08 0.493271016168213 0.8698756834217046 -2.9999999999999984e-08
p 0.841908175044539 0.5396208157522874 -9.99999999999995e-08 0.4209540875222695 0.2698104078761437 -4.999999999999975e-08
p 0.9213815328277013 -0.3886593250702671 -1e-08 1.8427630656554026 -0.7773186501405343 -2e-08
p 0.005265542739922868 0.9999861369332347 -9.999999999995e-07 0.005265542739922868 0.9999861369332347 -9.999999999995e-07
p 0.9821104775073997 0.18830562915162027 1.0000000000000002e-08 1.9642209550147993 0.37661125830324055 2.0000000000000004e-08
p -0.028018130885046816 0.9996074151089058 -9.999999999995e-07 -0.05603626177009363 1.9992148302178117 -1.999999999999e-06
p 0.9297976679678057 0.3680710483610738 -9.999999999999948e-08 1.8595953359356114 0.7361420967221476 -1.9999999999999896e-07
p 0.9321600431402473 0.3620464804024098 -9.999999999995e-07 0.4660800215701236 0.1810232402012049 -4.9999999999975e-07
p 0.9162856289163526 -0.4005254626616942 9.999999999995e-07 0.9162856289163526 -0.4005254626616942 9.999999999995e-07
p 0.9702575923691189 -0.2420747910255796 -4.999999999999993e-08 0.9702575923691189 -0.2420747910255796 -4.999999999999993e-08
p 0.9692017397169894 -0.24626812162673467 -2.9999999999999984e-08 0.4846008698584947 -0.12313406081336734 -1.4999999999999992e-08
p 0.9880261235073887 -0.1542866788350912 -9.999999999995002e-07 1.9760522470147774 -0.3085733576701824 -1.9999999999990004e-06
p 0.3862620565207957 0.9223890847643014 -1e-08 0.3862620565207957 0.9223890847643014 -1e-08
p 0.7753348698435557 0.6315503460569677 2.9999999999999984e-08 0.38766743492177785 0.31577517302848385 1.4999999999999992e-08
p 0.791836935676289 0.6107325661030218 4.999999999999993e-08 0.791836935676289 0.6107325661030218 4.999999999999993e-08
p 0.07117026312566793 0.9974641816359238 1e-08 0.035585131562833966 0.4987320908179619 5e-09
p 0.8927941677799558 -0.4504648421110059 -4.999999999999993e-08 0.8927941677799558 -0.4504648421110059 -4.999999999999993e-08
p 0.7876838630516125 0.6160796473566456 9.999999999995002e-07 0.7876838630516125 0.6160796473566456 9.999999999995002e-07
p 0.9814134767688196 -0.1919051526549966 9.999999999995e-07 1.9628269535376393 -0.3838103053099932 1.999999999999e-06
p 0.10467672950313779 0.9945063007847296 1e-08 0.20935345900627558 1.9890126015694591 2e-08
p 0.9687639381931367 0.2479847415780351 -9.999999999995002e-07 0.48438196909656833 0.12399237078901755 -4.999999999997501e-07
p 0.9869349909353056 -0.1611189736422316 4.9999999999999945e-08 0.4934674954676528 -0.0805594868211158 2.4999999999999972e-08
p 0.9999979504268492 0.0020246338183645225 4.9999999999999945e-08 1.9999959008536985 0.004049267636729045 9.999999999999989e-08
p 0.6950206658725955 0.7189897593220672 -9.99999999999995e-08 1.390041331745191 1.4379795186441344 -1.99999999999999e-07
p 0.9837102895899252 0.17976113638355007 -9.999999999995e-07 1.9674205791798505 0.35952227276710014 -1.999999999999e-06
p 0.7616745837395548 0.6479597429510379 2.9999999999999984e-08 0.3808372918697774 0.32397987147551893 1.4999999999999992e-08
p 0.9888110004116794 -0.14917374254490284 2.9999999999999984e-08 0.4944055002058397 -0.07458687127245142 1.4999999999999992e-08
p 0.9744180471146918 -0.22474311882054937 4.999999999999993e-08 0.9744180471146918 -0.22474311882054937 4.999999999999993e-08
p 0.2812886185580302 0.9596232141156823 4.9999999999999945e-08 0.2812886185580302 0.9596232141156823 4.9999999999999945e-08
p 0.9989249803616368 -0.04635605256601566 -1.9999999999999997e-08 1.9978499607232736 -0.09271210513203132 -3.9999999999999994e-08
p 0.9909982806742241 -0.13387459692089326 -1e-08 0.9909982806742241 -0.13387459692089326 -1e-08
p 0.9790714322447036 0.20351690485631638 -9.99999999999995e-08 1.9581428644894072 0.40703380971263275 -1.99999999999999e-07
p 0.9850235877208872 -0.17241963818681305 -9.999999999995e-07 1.9700471754417743 -0.3448392763736261 -1.999999999999e-06
p 0.924474700826049 -0.3812433967068605 -4.999999999999993e-08 1.848949401652098 -0.762486793413721 -9.999999999999986e-08
p 0.3495547778364773 0.9369159286145641 1e-08 0.17477738891823866 0.46845796430728204 5e-09
p 0.8933192264123515 -0.4494226960468702 -1.9999999999999997e-08 0.44665961320617575 -0.2247113480234351 -9.999999999999999e-09
p 0.1501731835161556 0.9886597063462347 1e-08 0.0750865917580778 0.49432985317311734 5e-09
case 48 6 40
s 0.9989876708478425 0.044984814037660234 3e-09 0.9987502603949663 0.04997916927067833 0.0 -2.998762651068916e-08 5.992526531198045e-07 0.9999999999998199 1.0 1.0 0.0009989876708478426 4.498481403766023e-05 3e-12 0.0009987502603949663 4.997916927067833e-05 0.0 0.001 0.0
s 0.9987502603949663 0.04997916927067833 0.0 0.8775825618903728 0.479425538604203 0.0 0.0 0.0 1.0 1.0 1.0 0.0009987502603949663 4.997916927067833e-05 0.0 1.7551651237807455 0.958851077208406 0.0 0.001 1.0
s 0.8775825618903728 0.479425538604203 0.0 -0.39859637855648306 0.8709489764975944 -0.2873478855663454 -0.13807921244038343 0.25275230299584717 0.9576274872945841 1.0 1.0 1.7551651237807455 0.958851077208406 0.0 -0.7971927571129661 1.7418979529951888 -0.5746957711326908 2.0 2.0
s -0.39859637855648306 0.8709489764975944 -0.2873478855663454 -0.8969628300582488 -0.3359893958958339 0.2873478855663454 0.1537435140353627 0.3723343456140114 0.9152759512672909 1.0 1.0 -0.7971927571129661 1.7418979529951888 -0.5746957711326908 -1.7939256601164977 -0.6719787917916678 0.5746957711326908 2.0 3.0
s -0.8969628300582488 -0.3359893958958339 0.2873478855663454 0.2805238471386536 -0.9483150748622418 -0.14834045293024462 0.3224329819611792 -0.05246353097466939 0.9451373180979005 1.0 1.0 -1.7939256601164977 -0.6719787917916678 0.5746957711326908 0.5610476942773072 -1.8966301497244835 -0.29668090586048923 2.0 4.0
s 0.2805238471386536 -0.9483150748622418 -0.14834045293024462 0.9989876708478425 0.044984814037660234 3e-09 0.006869760131653292 -0.1525583418499869 0.9882705898324183 1.0 1.0 0.5610476942773072 -1.8966301497244835 -0.29668090586048923 0.0009989876708478426 4.498481403766023e-05 3e-12 0.001 5.0
p 0.9988114763500325 -0.04874048329128479 1.9999999999999997e-08 0.9988114763500325 -0.04874048329128479 1.9999999999999997e-08
p 0.9866976311024876 -0.16256624734470426 -9.999999999995002e-07 1.9733952622049753 -0.3251324946894085 -1.9999999999990004e-06
p 0.853532041964873 0.521040356728022 -9.99999999999995e-08 0.4267660209824365 0.260520178364011 -4.999999999999975e-08
p 0.8903902478430724 -0.4551979860961065 -2.9999999999999984e-08 0.8903902478430724 -0.4551979860961065 -2.9999999999999984e-08
p 0.9344690193501584 0.35604445210500457 1.9999999999999997e-08 0.4672345096750792 0.17802222605250229 9.999999999999999e-09
p 0.8906920896196097 0.4546070847314783 -9.999999999995002e-07 0.44534604480980483 0.22730354236573916 -4.999999999997501e-07
p 0.6537270553906425 0.7567304256142193 4.9999999999999945e-08 1.307454110781285 1.5134608512284387 9.999999999999989e-08
p 0.9079623690325703 0.4190517109137757 9.999999999995e-07 0.9079623690325703 0.4190517109137757 9.999999999995e-07
p 0.3982980052453045 0.9172560705809532 2.9999999999999984e-08 0.3982980052453045 0.9172560705809532 2.9999999999999984e-08
p 0.878798733916303 0.4771926081438112 9.99999999999995e-08 0.4393993669581515 0.2385963040719056 4.999999999999975e-08
p 0.8556981575061273 0.5174752779028351 4.999999999999993e-08 0.42784907875306366 0.25873763895141755 2.4999999999999966e-08
p 0.9675760350135024 -0.2525799209508689 4.9999999999999945e-08 1.9351520700270048 -0.5051598419017378 9.999999999999989e-08
p 0.207955878302858 0.9781382073507234 1e-08 0.103977939151429 0.4890691036753617 5e-09
p 0.8169802926057914 0.5766655889618834 -9.999999999995002e-07 0.8169802926057914 0.5766655889618834 -9.999999999995002e-07
p 0.6833911896333039 0.7300523830045195 9.999999999995e-07 0.34169559481665196 0.36502619150225973 4.9999999999975e-07
p 0.7018916517561826 0.7122837280143199 -9.999999999995e-07 0.3509458258780913 0.35614186400715997 -4.9999999999975e-07
p 0.5264231023440037 0.8502227457075616 9.99999999999995e-08 0.26321155117200185 0.4251113728537808 4.999999999999975e-08
p 0.2507010817604593 0.9680645472302586 -9.99999999999995e-08 0.5014021635209186 1.9361290944605172 -1.99999999999999e-07
p 0.9096938850154708 -0.4152794668237998 -1e-08 0.4548469425077354 -0.2076397334118999 -5e-09
p 0.08544295693508967 0.9963430639645092 -4.9999999999999945e-08 0.042721478467544836 0.4981715319822546 -2.4999999999999972e-08
p 0.9647989711760148 -0.2629884887551185 -4.9999999999999945e-08 0.4823994855880074 -0.13149424437755924 -2.4999999999999972e-08
p 0.9310200518442463 -0.3649680301943264 -9.999999999999948e-08 0.46551002592212315 -0.1824840150971632 -4.999999999999974e-08
p 0.9933696569806144 -0.11496401432716025 -2.9999999999999984e-08 1.9867393139612288 -0.2299280286543205 -5.999999999999997e-08
p 0.985566810172373 -0.16928692414552085 -4.9999999999999945e-08 0.985566810172373 -0.16928692414552085 -4.9999999999999945e-08
p 0.20482203338215416 0.9787992310178829 -2.9999999999999984e-08 0.10241101669107708 0.48939961550894145 -1.4999999999999992e-08
p 0.6319939138209638 0.7749733497954946 9.999999999999948e-08 0.3159969569104819 0.3874866748977473 4.999999999999974e-08
p 0.9999432170155824 0.010656582169144486 -9.999999999995e-07 0.4999716085077912 0.005328291084572243 -4.9999999999975e-07
p 0.970021811527306 -0.24301787004309755 9.999999999995002e-07 0.970021811527306 -0.24301787004309755 9.999999999995002e-07
p 0.10243195165490204 0.9947400139132674 1.9999999999999997e-08 0.20486390330980409 1.9894800278265348 3.9999999999999994e-08
p 0.96662432207045 0.25619800932450776 4.9999999999999945e-08 0.96662432207045 0.25619800932450776 4.9999999999999945e-08
p 0.829694156329656 0.5582182431203949 -1e-08 1.659388312659312 1.1164364862407898 -2e-08
p 0.9162451200424259 0.4006181224039058 9.99999999999995e-08 0.9162451200424259 0.4006181224039058 9.99999999999995e-08
p 0.7264485679321218 0.6872208365215424 -2.9999999999999984e-08 0.7264485679321218 0.6872208365215424 -2.9999999999999984e-08
p 0.8808622771052547 0.47337263204894225 4.9999999999999945e-08 0.8808622771052547 0.47337263204894225 4.9999999999999945e-08
p 0.9798839775659078 0.19956800973256072 9.999999999995e-07 0.4899419887829539 0.09978400486628036 4.9999999999975e-07
p 0.9908762787522438 -0.13477462745674118 -4.9999999999999945e-08 0.4954381393761219 -0.06738731372837059 -2.4999999999999972e-08
p 0.9490804888491507 -0.31503368976326157 -4.9999999999999945e-08 0.4745402444245754 -0.15751684488163079 -2.4999999999999972e-08
p 0.2864410098671057 0.9580978801074098 1e-08 0.2864410098671057 0.9580978801074098 1e-08
p 0.47894418565605007 0.8778453548468848 9.999999999999948e-08 0.47894418565605007 0.8778453548468848 9.999999999999948e-08
p 0.9908254375421262 0.13514789054754808 4.9999999999999945e-08 1.9816508750842523 0.27029578109509617 9.999999999999989e-08
case 49 6 40
s 0.9987502603949663 0.04997916927067833 0.0 0.9553364891256013 -0.2955202066613381 9.99999999999995e-08 1.457552897219076e-08 -2.9126761346372254e-07 -0.9999999999999575 1.0 1.0 0.9987502603949663 0.04997916927067833 0.0 0.9553364891256013 -0.2955202066613381 9.99999999999995e-08 1.0 0.0
s 0.8775825618903728 0.479425538604203 0.0 0.9987502603949663 0.04997916927067833 0.0 0.0 0.0 -1.0 1.0 1.0 0.4387912809451864 0.2397127693021015 0.0 0.9987502603949663 0.04997916927067833 0.0 0.5 1.0
s -0.3722130460563617 0.813300343259146 0.4472135954999579 0.8775825618903728 0.479425538604203 0.0 -0.21483604456352498 0.3932547417548017 -0.8939777301721019 1.0 1.0 -0.18610652302818084 0.406650171629573 0.22360679774997896 0.4387912809451864 0.2397127693021015 0.0 0.5 2.0
s -0.8375923243065936 -0.31375005699231057 -0.4472135954999579 -0.3722130460563617 0.813300343259146 0.4472135954999579 0.22573907030675272 0.5466923892662394 -0.8063307656634549 1.0 1.0 -0.4187961621532968 -0.15687502849615528 -0.22360679774997896 -0.18610652302818084 0.406650171629573 0.22360679774997896 0.5 3.0
s 0.2751927418019831 -0.9302931932717461 0.24253562503633297 -0.8375923243065936 -0.31375005699231057 -0.4472135954999579 0.4926817704433339 -0.08016495448787829 -0.8665092343101592 1.0 1.0 0.13759637090099155 -0.46514659663587304 0.12126781251816648 -0.4187961621532968 -0.15687502849615528 -0.22360679774997896 0.5 4.0
s 0.9553364891256013 -0.2955202066613381 9.99999999999995e-08 0.2751927418019831 -0.9302931932717461 0.24253562503633297 -0.08501675619387715 -0.27483638452066717 -0.9577249672582828 1.0 1.0 0.9553364891256013 -0.2955202066613381 9.99999999999995e-08 0.13759637090099155 -0.46514659663587304 0.12126781251816648 0.5 5.0
p 0.6551597567490516 0.7554903660110587 9.999999999995e-07 1.3103195134981032 1.5109807320221174 1.999999999999e-06
p 0.5512335243808781 0.8343510062309664 9.99999999999995e-08 0.27561676219043907 0.4171755031154832 4.999999999999975e-08
p 0.4462497675468364 0.8949084561922436 9.99999999999995e-08 0.4462497675468364 0.8949084561922436 9.99999999999995e-08
p 0.9988361105476282 -0.04823302048479361 9.999999999995002e-07 0.9988361105476282 -0.04823302048479361 9.999999999995002e-07
p 0.5235439264651655 0.8519986837204782 9.999999999999948e-08 0.2617719632325827 0.4259993418602391 4.999999999999974e-08
p 0.730970384472448 0.6824091859164862 -9.999999999995e-07 0.365485192236224 0.3412045929582431 -4.9999999999975e-07
p 0.10488689773436345 0.994484157080273 1e-08 0.10488689773436345 0.994484157080273 1e-08
p 0.8602108554825545 0.509938510126438 -1.9999999999999997e-08 0.8602108554825545 0.509938510126438 -1.9999999999999997e-08
p 0.9716144451420993 0.23657001076047157 -2.9999999999999984e-08 0.48580722257104964 0.11828500538023579 -1.4999999999999992e-08
p 0.8250951316162283 0.5649938263230837 2e-08 1.6501902632324565 1.1299876526461674 4e-08
p 0.9852809846091559 -0.17094262595272197 1e-08 0.49264049230457796 -0.08547131297636099 5e-09
p 0.5900772808847662 0.8073467672466648 -1.9999999999999997e-08 1.1801545617695324 1.6146935344933295 -3.9999999999999994e-08
p 0.662584056770258 0.7489875617884902 1e-08 0.331292028385129 0.3744937808942451 5e-09
p 0.9297747675675289 0.36812889263780696 9.99999999999995e-08 0.46488738378376443 0.18406444631890348 4.999999999999975e-08
p 0.9821497502062552 0.18810068625550158 -1e-08 1.9642995004125103 0.37620137251100316 -2e-08
p 0.9898792925407442 -0.1419118959038842 2.9999999999999984e-08 1.9797585850814885 -0.2838237918077684 5.999999999999997e-08
p 0.7495953305778309 0.6618963970108255 -1e-08 1.4991906611556618 1.323792794021651 -2e-08
p 0.9852866357112774 -0.17091005087104377 9.99999999999995e-08 1.9705732714225548 -0.34182010174208755 1.99999999999999e-07
p 0.9999322233829915 0.011642535821128654 -2.9999999999999984e-08 1.999864446765983 0.023285071642257307 -5.999999999999997e-08
p 0.660620748705055 0.75071980550693 -9.99999999999995e-08 0.3303103743525275 0.375359902753465 -4.999999999999975e-08
p 0.470156721029999 0.8825829466233297 1.9999999999999997e-08 0.940313442059998 1.7651658932466594 3.9999999999999994e-08
p 0.9997171152440126 0.02378422771899863 -1.9999999999999997e-08 0.4998585576220063 0.011892113859499315 -9.999999999999999e-09
p 0.897451089414356 -0.44111397859168505 1e-08 0.448725544707178 -0.22055698929584253 5e-09
p 0.16461888914388942 0.9863572483319734 9.99999999999995e-08 0.32923777828777884 1.9727144966639467 1.99999999999999e-07
p 0.8546186125046036 0.5192562249609567 4.999999999999993e-08 0.8546186125046036 0.5192562249609567 4.999999999999993e-08
p 0.998697104509549 0.051030318872628926 -2.9999999999999984e-08 0.998697104509549 0.051030318872628926 -2.9999999999999984e-08
p 0.9689303914853478 -0.24733357324886315 -1e-08 1.9378607829706955 -0.4946671464977263 -2e-08
p 0.9576339229879028 0.28798831494141736 4.9999999999999945e-08 0.4788169614939514 0.14399415747070868 2.4999999999999972e-08
p 0.821319968983513 0.570467797994699 1.9999999999999997e-08 1.642639937967026 1.140935595989398 3.9999999999999994e-08
p 0.03913421350618621 0.9992339632599825 -9.999999999995e-07 0.019567106753093106 0.49961698162999124 -4.9999999999975e-07
p 0.3905514421133804 0.9205811050978392 -1e-08 0.3905514421133804 0.9205811050978392 -1e-08
p 0.977477869619218 -0.21103794541426463 -2.9999999999999984e-08 0.488738934809609 -0.10551897270713231 -1.4999999999999992e-08
p -0.011960092582068807 0.9999284755348397 1e-08 -0.023920185164137613 1.9998569510696793 2e-08
p -0.023601308268362108 0.9997214503290512 -2e-08 -0.011800654134181054 0.4998607251645256 -1e-08
p 0.3531266560245549 0.9355755259758112 1e-08 0.3531266560245549 0.9355755259758112 1e-08
p 0.7218953970225758 0.6920021934622879 -9.999999999995e-07 0.3609476985112879 0.34600109673114393 -4.9999999999975e-07
p 0.9646938408264728 0.26337386634109744 9.99999999999995e-08 0.9646938408264728 0.26337386634109744 9.99999999999995e-08
p 0.8859386913694427 0.46380236645968054 -9.999999999995002e-07 0.8859386913694427 0.46380236645968054 -9.999999999995002e-07
p 0.5988918530678032 0.8008299122341791 9.99999999999995e-08 1.1977837061356065 1.6016598244683582 1.99999999999999e-07
p 0.9495012845012428 -0.3137631443150866 2e-08 0.4747506422506214 -0.1568815721575433 1e-08
case 50 6 40
s 0.9987502603949663 0.04997916927067833 0.0 0.9992001066609779 0.03998933418663416 -3e-09 -1.499400067996466e-08 2.996300719280394e-07 -0.999999999999955 1.0 1.0 0.09987502603949663 0.004997916927067834 0.0 0.09992001066609779 0.003998933418663416 -3e-10 0.1 0.0
s 0.8775825618903728 0.479425538604203 0.0 0.9987502603949663 0.04997916927067833 0.0 0.0 0.0 -1.0 1.0 1.0 1.7551651237807455 0.958851077208406 0.0 0.09987502603949663 0.004997916927067834 0.0 0.1 1.0
s -0.39859637855648306 0.8709489764975944 -0.2873478855663454 0.8775825618903728 0.479425538604203 0.0 0.13807921244038343 -0.25275230299584717 -0.9576274872945841 1.0 1.0 -0.7971927571129661 1.7418979529951888 -0.5746957711326908 1.7551651237807455 0.958851077208406 0.0 2.0 2.0
s -0.8969628300582488 -0.3359893958958339 0.2873478855663454 -0.39859637855648306 0.8709489764975944 -0.2873478855663454 -0.1537435140353627 -0.3723343456140114 -0.9152759512672909 1.0 1.0 -1.7939256601164977 -0.6719787917916678 0.5746957711326908 -0.7971927571129661 1.7418979529951888 -0.5746957711326908 2.0 3.0
s 0.2805238471386536 -0.9483150748622418 -0.14834045293024462 -0.8969628300582488 -0.3359893958958339 0.2873478855663454 -0.3224329819611792 0.05246353097466939 -0.9451373180979005 1.0 1.0 0.5610476942773072 -1.8966301497244835 -0.29668090586048923 -1.7939256601164977 -0.6719787917916678 0.5746957711326908 2.0 4.0
s 0.9992001066609779 0.03998933418663416 -3e-09 0.2805238471386536 -0.9483150748622418 -0.14834045293024462 -0.006114355731863897 0.15277728571830973 -0.9882417293468891 1.0 1.0 0.09992001066609779 0.003998933418663416 -3e-10 0.5610476942773072 -1.8966301497244835 -0.29668090586048923 0.1 5.0
p 0.9585644424675968 0.28487577930876407 9.99999999999995e-08 1.9171288849351935 0.5697515586175281 1.99999999999999e-07
p 0.9962906854891771 -0.08605155435844973 1.9999999999999997e-08 0.9962906854891771 -0.08605155435844973 1.9999999999999997e-08
p 0.9974108138462656 -0.07191431305053364 -9.999999999995e-07 0.4987054069231328 -0.03595715652526682 -4.9999999999975e-07
p 0.9987208239723906 0.050563976939191395 -4.9999999999999945e-08 0.4993604119861953 0.025281988469595697 -2.4999999999999972e-08
p 0.3263945033013157 0.9452336368404834 1.9999999999999997e-08 0.3263945033013157 0.9452336368404834 1.9999999999999997e-08
p 0.17297922472987987 0.9849254732272118 -4.999999999999993e-08 0.08648961236493993 0.4924627366136059 -2.4999999999999966e-08
p 0.9873811131831347 0.15836204510309082 -1.9999999999999997e-08 0.9873811131831347 0.15836204510309082 -1.9999999999999997e-08
p 0.9435065583289867 0.3313538507248566 -1e-08 0.9435065583289867 0.3313538507248566 -1e-08
p 0.6593858377878077 0.7518047066385465 -9.999999999995e-07 0.6593858377878077 0.7518047066385465 -9.999999999995e-07
p 0.9267740450121588 -0.37561931458831943 -4.9999999999999945e-08 0.9267740450121588 -0.37561931458831943 -4.9999999999999945e-08
p 0.5512340861823024 0.8343506350634373 2.9999999999999984e-08 1.1024681723646048 1.6687012701268746 5.999999999999997e-08
p 0.8908807372229203 0.45423728605778946 -1e-08 1.7817614744458405 0.9084745721155789 -2e-08
p 0.987612302229154 -0.15691379953856752 -1.9999999999999997e-08 0.493806151114577 -0.07845689976928376 -9.999999999999999e-09
p 0.8036423332819169 0.5951125945198911 -9.999999999995e-07 0.40182116664095846 0.29755629725994553 -4.9999999999975e-07
p 0.9945285018651351 -0.104465587529484 -9.99999999999995e-08 0.49726425093256754 -0.052232793764742 -4.999999999999975e-08
p 0.9933810979447546 0.1148651132636632 -9.999999999995002e-07 1.9867621958895092 0.2297302265273264 -1.9999999999990004e-06
p 0.9989775009673303 0.045210093575056946 4.9999999999999945e-08 1.9979550019346606 0.09042018715011389 9.999999999999989e-08
p 0.7898452968705536 0.6133061283001068 9.999999999995e-07 0.3949226484352768 0.3066530641500534 4.9999999999975e-07
p 0.5730903766804347 0.8194921721140948 -1.9999999999999997e-08 0.5730903766804347 0.8194921721140948 -1.9999999999999997e-08
p 0.9918371331745336 0.12751118090627453 -9.99999999999995e-08 1.9836742663490672 0.25502236181254906 -1.99999999999999e-07
p 0.369471150177939 0.9292422015740466 9.99999999999995e-08 0.369471150177939 0.9292422015740466 9.99999999999995e-08
p 0.9398185284768176 0.3416740164713429 9.99999999999995e-08 0.4699092642384088 0.17083700823567144 4.999999999999975e-08
p 0.9380606280014209 0.3464711505934914 4.9999999999999945e-08 1.8761212560028417 0.6929423011869827 9.999999999999989e-08
p 0.4521972666523176 0.8919179514014576 1e-08 0.9043945333046352 1.7838359028029152 2e-08
p 0.994883617464836 -0.10102765809460763 2.9999999999999984e-08 0.497441808732418 -0.05051382904730382 1.4999999999999992e-08
p 0.5690423869372009 0.8223081915369752 4.9999999999999945e-08 0.28452119346860044 0.4111540957684876 2.4999999999999972e-08
p 0.6177197266998549 0.7863983336998215 2.9999999999999984e-08 1.2354394533997097 1.572796667399643 5.999999999999997e-08
p 0.31269586802898663 0.9498533013668993 2.9999999999999984e-08 0.15634793401449332 0.47492665068344964 1.4999999999999992e-08
p 0.37541127809490127 0.9268583345253701 9.99999999999995e-08 0.7508225561898025 1.8537166690507403 1.99999999999999e-07
p 0.9924645200677302 -0.12253234840942952 1e-08 0.4962322600338651 -0.06126617420471476 5e-09
p 0.5338791521541677 0.84556079077447 1e-08 1.0677583043083354 1.69112158154894 2e-08
p 0.9912535700269098 -0.13197105708793 1.9999999999999997e-08 1.9825071400538197 -0.26394211417586 3.9999999999999994e-08
p 0.9398940567711863 0.34146619458768146 9.99999999999995e-08 0.46994702838559316 0.17073309729384073 4.999999999999975e-08
p 0.7529890650062264 0.6580330295517453 2.9999999999999984e-08 0.3764945325031132 0.3290165147758726 1.4999999999999992e-08
p 0.3564149109586004 0.9343277857611714 -9.999999999995002e-07 0.3564149109586004 0.9343277857611714 -9.999999999995002e-07
p 0.9412731846049179 -0.3376459565043178 -1.9999999999999997e-08 1.8825463692098359 -0.6752919130086356 -3.9999999999999994e-08
p 0.024623969302432307 0.9996967840979548 -1e-08 0.024623969302432307 0.9996967840979548 -1e-08
p 0.7488160309960837 0.6627779052769204 9.99999999999995e-08 0.37440801549804187 0.3313889526384602 4.999999999999975e-08
p 0.9853586933932187 0.1704941211696427 -9.999999999995e-07 1.9707173867864374 0.3409882423392854 -1.999999999999e-06
p 0.9906322899169941 0.13655645782533538 9.99999999999995e-08 0.4953161449584971 0.06827822891266769 4.999999999999975e-08
case 51 6 40
s 0.9987502603949663 0.04997916927067833 0.0 0.9989876708477974 0.04498481403765821 2.999999999999865e-07 2.998762645671645e-06 -5.992526520412499e-05 -0.9999999981999851 1.0 1.0 0.0009987502603949663 4.997916927067833e-05 0.0 0.0009989876708477975 4.4984814037658206e-05 2.999999999999865e-10 0.001 0.0
s 0.8775825618903728 0.479425538604203 0.0 0.9987502603949663 0.04997916927067833 0.0 0.0 0.0 -1.0 1.0 1.0 0.8775825618903728 0.479425538604203 0.0 0.0009987502603949663 4.997916927067833e-05 0.0 0.001 1.0
s -0.39859637855648306 0.8709489764975944 -0.2873478855663454 0.8775825618903728 0.479425538604203 0.0 0.13807921244038343 -0.25275230299584717 -0.9576274872945841 1.0 1.0 -0.39859637855648306 0.8709489764975944 -0.2873478855663454 0.8775825618903728 0.479425538604203 0.0 1.0 2.0
s -0.8969628300582488 -0.3359893958958339 0.2873478855663454 -0.39859637855648306 0.8709489764975944 -0.2873478855663454 -0.1537435140353627 -0.3723343456140114 -0.9152759512672909 1.0 1.0 -0.8969628300582488 -0.3359893958958339 0.2873478855663454 -0.39859637855648306 0.8709489764975944 -0.2873478855663454 1.0 3.0
s 0.2805238471386536 -0.9483150748622418 -0.14834045293024462 -0.8969628300582488 -0.3359893958958339 0.2873478855663454 -0.3224329819611792 0.05246353097466939 -0.9451373180979005 1.0 1.0 0.2805238471386536 -0.9483150748622418 -0.14834045293024462 -0.8969628300582488 -0.3359893958958339 0.2873478855663454 1.0 4.0
s 0.9989876708477974 0.04498481403765821 2.999999999999865e-07 0.2805238471386536 -0.9483150748622418 -0.14834045293024462 -0.006869470103966919 0.1525584259290051 -0.9882705788692462 1.0 1.0 0.0009989876708477975 4.4984814037658206e-05 2.999999999999865e-10 0.2805238471386536 -0.9483150748622418 -0.14834045293024462 0.001 5.0
p 0.9861031731482802 0.1661340781022462 -9.99999999999995e-08 1.9722063462965604 0.3322681562044924 -1.99999999999999e-07
p -0.014043417031227124 0.9999013863567182 -1e-08 -0.007021708515613562 0.4999506931783591 -5e-09
p 0.8879741132200779 0.4598934379299339 4.9999999999999945e-08 0.44398705661003895 0.22994671896496696 2.4999999999999972e-08
p 0.9804091829634198 0.19697165775816433 9.999999999995e-07 0.4902045914817099 0.09848582887908217 4.9999999999975e-07
p 0.7930595870329191 0.6091440645817505 -1e-08 0.39652979351645956 0.30457203229087526 -5e-09
p 0.9999042226415172 -0.013839997964675419 -2.9999999999999984e-08 0.4999521113207586 -0.0069199989823377096 -1.4999999999999992e-08
p 0.21189945520765405 0.977291471815189 -2.9999999999999984e-08 0.4237989104153081 1.954582943630378 -5.999999999999997e-08
p 0.22292084493198727 0.9748365488094958 1.9999999999999997e-08 0.22292084493198727 0.9748365488094958 1.9999999999999997e-08
p 0.9276137633635475 -0.3735407688840862 4.9999999999999945e-08 0.46380688168177375 -0.1867703844420431 2.4999999999999972e-08
p 0.9810040851651654 0.19398707402622153 -4.9999999999999945e-08 0.9810040851651654 0.19398707402622153 -4.9999999999999945e-08
p 0.9243569186919293 -0.3815288807762263 -4.9999999999999945e-08 0.9243569186919293 -0.3815288807762263 -4.9999999999999945e-08
p 0.6809337384832174 0.732345030566378 -1.9999999999999997e-08 0.6809337384832174 0.732345030566378 -1.9999999999999997e-08
p 0.9999864473444392 0.005206258488267193 -1.9999999999999997e-08 0.9999864473444392 0.005206258488267193 -1.9999999999999997e-08
p 0.8039734453934573 0.5946651991685438 -9.99999999999995e-08 1.6079468907869146 1.1893303983370875 -1.99999999999999e-07
p 0.44739859517224945 0.8943346672459347 -2.9999999999999984e-08 0.22369929758612472 0.44716733362296734 -1.4999999999999992e-08
p 0.7014467326188614 0.7127218821520224 4.9999999999999945e-08 0.3507233663094307 0.3563609410760112 2.4999999999999972e-08
p 0.4712339319706577 0.8820082660380645 1.9999999999999997e-08 0.9424678639413154 1.764016532076129 3.9999999999999994e-08
p 0.07360319202734893 0.9972876065225043 -1e-08 0.14720638405469785 1.9945752130450085 -2e-08
p 0.32842370160751094 0.9445305035955274 1e-08 0.32842370160751094 0.9445305035955274 1e-08
p 0.8211568921352089 0.5707025131352018 9.99999999999995e-08 0.41057844606760446 0.2853512565676009 4.999999999999975e-08
p 0.5006901259495811 0.865626592577071 4.9999999999999945e-08 0.5006901259495811 0.865626592577071 4.9999999999999945e-08
p 0.9632511226564627 -0.26860244731026606 -1e-08 1.9265022453129255 -0.5372048946205321 -2e-08
p 0.9647652414470962 0.26311219830050875 9.999999999995e-07 1.9295304828941924 0.5262243966010175 1.999999999999e-06
p 0.965350757495028 0.26095577212195564 9.99999999999995e-08 0.965350757495028 0.26095577212195564 9.99999999999995e-08
p 0.9828457157249041 0.18442965889788798 9.99999999999995e-08 0.9828457157249041 0.18442965889788798 9.99999999999995e-08
p 0.9111593474831146 0.4120541754358706 -9.99999999999995e-08 0.4555796737415573 0.2060270877179353 -4.999999999999975e-08
p 0.9992782637606359 0.03798620243626098 1.9999999999999997e-08 1.9985565275212718 0.07597240487252196 3.9999999999999994e-08
p 0.8622474471244952 0.5064872554440842 9.99999999999995e-08 0.4311237235622476 0.2532436277220421 4.999999999999975e-08
p 0.9431524536872091 0.3323604204832397 -2.9999999999999984e-08 1.8863049073744182 0.6647208409664794 -5.999999999999997e-08
p 0.22826265111223423 0.9735995902357456 4.999999999999993e-08 0.11413132555611712 0.4867997951178728 2.4999999999999966e-08
p 0.4180003857343587 0.9084468490373707 1e-08 0.20900019286717936 0.45422342451868536 5e-09
p 0.38969948030964213 0.9209420801800648 9.99999999999995e-08 0.38969948030964213 0.9209420801800648 9.99999999999995e-08
p 0.08817801464659034 0.9961047323113082 4.999999999999993e-08 0.17635602929318067 1.9922094646226165 9.999999999999986e-08
p 0.9382649644027884 -0.34591741293874373 2.9999999999999984e-08 0.4691324822013942 -0.17295870646937186 1.4999999999999992e-08
p 0.5913198559140698 0.8064371196824728 -2.9999999999999984e-08 0.5913198559140698 0.8064371196824728 -2.9999999999999984e-08
p 0.43486109876690004 0.9004975429051677 9.999999999995e-07 0.43486109876690004 0.9004975429051677 9.999999999995e-07
p 0.9371347508616974 0.3489677044188822 1e-08 0.9371347508616974 0.3489677044188822 1e-08
p 0.9387753545221476 0.3445298735114469 -4.999999999999993e-08 0.9387753545221476 0.3445298735114469 -4.999999999999993e-08
p 0.5500933753956767 0.8351031543143583 2e-08 1.1001867507913534 1.6702063086287167 4e-08
p 0.9196648439541635 0.3927041822972662 -9.999999999995002e-07 1.839329687908327 0.7854083645945324 -1.9999999999990004e-06
case 52 6 40
s 0.9989876708478376 0.04498481403766001 -9.99999999999995e-08 0.9987502603949663 0.04997916927067833 0.0 9.995875501565667e-07 -1.9975088433335373e-05 0.9999999997999984 1.0 1.0 0.009989876708478377 0.00044984814037660013 -9.99999999999995e-10 0.009987502603949663 0.0004997916927067833 0.0 0.01 0.0
s 0.9987502603949663 0.04997916927067833 0.0 0.8775825618903728 0.479425538604203 0.0 0.0 0.0 1.0 1.0 1.0 0.009987502603949663 0.0004997916927067833 0.0 0.4387912809451864 0.2397127693021015 0.0 0.01 1.0
s 0.8775825618903728 0.479425538604203 0.0 -0.39859637855648306 0.8709489764975944 0.2873478855663454 0.13807921244038343 -0.25275230299584717 0.9576274872945841 1.0 1.0 0.4387912809451864 0.2397127693021015 0.0 -0.19929818927824153 0.4354744882487972 0.1436739427831727 0.5 2.0
s -0.39859637855648306 0.8709489764975944 0.2873478855663454 -0.8969628300582488 -0.3359893958958339 -0.2873478855663454 -0.1537435140353627 -0.3723343456140114 0.9152759512672909 1.0 1.0 -0.19929818927824153 0.4354744882487972 0.1436739427831727 -0.4484814150291244 -0.16799469794791694 -0.1436739427831727 0.5 3.0
s -0.8969628300582488 -0.3359893958958339 -0.2873478855663454 0.2805238471386536 -0.9483150748622418 0.14834045293024462 -0.3224329819611792 0.05246353097466939 0.9451373180979005 1.0 1.0 -0.4484814150291244 -0.16799469794791694 -0.1436739427831727 0.1402619235693268 -0.4741575374311209 0.07417022646512231 0.5 4.0
s 0.2805238471386536 -0.9483150748622418 0.14834045293024462 0.9989876708478376 0.04498481403766001 -9.99999999999995e-08 -0.006869665408805589 0.15255836931013939 0.9882705862518636 1.0 1.0 0.1402619235693268 -0.4741575374311209 0.07417022646512231 0.009989876708478377 0.00044984814037660013 -9.99999999999995e-10 0.01 5.0
p 0.0032984434332126804 0.9999945601201627 -9.999999999995e-07 0.0016492217166063402 0.4999972800600814 -4.9999999999975e-07
p 0.7846632288829747 0.6199222670939758 -9.99999999999995e-08 0.7846632288829747 0.6199222670939758 -9.99999999999995e-08
p 0.7805156054591221 0.625136296846358 -4.9999999999999945e-08 0.7805156054591221 0.625136296846358 -4.9999999999999945e-08
p 0.05602574529263571 0.9984293244213156 1e-08 0.028012872646317855 0.4992146622106578 5e-09
p 0.7054125710595425 0.7087969417189707 -9.999999999995e-07 1.410825142119085 1.4175938834379413 -1.999999999999e-06
p 0.9060425468003558 0.42318660586969814 9.99999999999995e-08 0.4530212734001779 0.21159330293484907 4.999999999999975e-08
p 0.9849067353596588 0.17308588227287441 9.999999999995002e-07 0.9849067353596588 0.17308588227287441 9.999999999995002e-07
p 0.9994612597425985 -0.032820576986638664 -4.9999999999999945e-08 0.9994612597425985 -0.032820576986638664 -4.9999999999999945e-08
p 0.9968905637763951 0.0787985015947089 9.99999999999995e-08 0.9968905637763951 0.0787985015947089 9.99999999999995e-08
p 0.9649751543013264 -0.26234128836523496 1e-08 1.9299503086026528 -0.5246825767304699 2e-08
p 0.42298383862228595 0.9061372259566185 2e-08 0.21149191931114297 0.45306861297830925 1e-08
p 0.7181740094708599 0.6958635585512071 -9.999999999995e-07 0.3590870047354299 0.34793177927560354 -4.9999999999975e-07
p 0.9950382469903298 -0.09949315065074207 1e-08 1.9900764939806597 -0.19898630130148415 2e-08
p 0.4530483534618371 0.8914859446028965 -9.999999999995002e-07 0.9060967069236742 1.782971889205793 -1.9999999999990004e-06
p 0.9548746033137983 -0.29700924555696145 -2.9999999999999984e-08 0.9548746033137983 -0.29700924555696145 -2.9999999999999984e-08
p 0.02235612830258846 0.999750070531289 2.9999999999999984e-08 0.04471225660517692 1.999500141062578 5.999999999999997e-08
p 0.9904927164381847 0.13756517976182492 4.999999999999993e-08 0.49524635821909235 0.06878258988091246 2.4999999999999966e-08
p 0.7724665016635299 0.6350555123827346 9.999999999999948e-08 1.5449330033270599 1.2701110247654692 1.9999999999999896e-07
p 0.9934744698504859 0.11405471386701295 -9.99999999999995e-08 0.9934744698504859 0.11405471386701295 -9.99999999999995e-08
p 0.599007517133836 0.8007434011074691 -1e-08 0.299503758566918 0.40037170055373456 -5e-09
p 0.9919275487040283 -0.12680590727965996 9.999999999995002e-07 0.9919275487040283 -0.12680590727965996 9.999999999995002e-07
p -0.015280582732419197 0.9998832450798227 -2.9999999999999984e-08 -0.015280582732419197 0.9998832450798227 -2.9999999999999984e-08
p 0.9999155369134448 -0.01299688574609365 -1.9999999999999997e-08 0.4999577684567224 -0.006498442873046825 -9.999999999999999e-09
p 0.7773337559430891 0.629088413397831 -9.99999999999995e-08 0.38866687797154453 0.3145442066989155 -4.999999999999975e-08
p 0.1252716449262034 0.992122479826701 -1.9999999999999997e-08 0.2505432898524068 1.984244959653402 -3.9999999999999994e-08
p 0.6147034542313662 0.7887583047772153 9.999999999995e-07 1.2294069084627324 1.5775166095544306 1.999999999999e-06
p 0.9999966815169007 0.002576228675065723 -9.999999999995e-07 0.49999834075845034 0.0012881143375328614 -4.9999999999975e-07
p 0.9752612022562585 -0.22105562054305486 4.9999999999999945e-08 0.4876306011281292 -0.11052781027152743 2.4999999999999972e-08
p 0.7210861740840157 0.692845386464308 -1.9999999999999997e-08 0.7210861740840157 0.692845386464308 -1.9999999999999997e-08
p 0.1723828010399853 0.9850300350271599 2.9999999999999984e-08 0.08619140051999265 0.49251501751357996 1.4999999999999992e-08
p 0.8830962150563206 0.4691919382856028 9.999999999995002e-07 1.7661924301126413 0.9383838765712056 1.9999999999990004e-06
p 0.024029942067648774 0.9997112392507227 -9.99999999999995e-08 0.024029942067648774 0.9997112392507227 -9.99999999999995e-08
p 0.7537613470942606 0.6571482569600604 -9.999999999995e-07 0.3768806735471303 0.3285741284800302 -4.9999999999975e-07
p 0.6698308330283604 0.7425137406974519 9.99999999999995e-08 0.3349154165141802 0.37125687034872595 4.999999999999975e-08
p 0.9746874001853421 -0.223572073211144 9.99999999999995e-08 1.9493748003706841 -0.447144146422288 1.99999999999999e-07
p 0.8868811615762754 -0.461997624713716 2.9999999999999984e-08 1.7737623231525508 -0.923995249427432 5.999999999999997e-08
p 0.9098180736996362 -0.4150073165252406 4.9999999999999945e-08 0.4549090368498181 -0.2075036582626203 2.4999999999999972e-08
p 0.9832352894965813 0.1823413433305071 9.999999999995e-07 1.9664705789931627 0.3646826866610142 1.999999999999e-06
p 0.9983856727361188 -0.05679831400884555 9.999999999995e-07 1.9967713454722376 -0.1135966280176911 1.999999999999e-06
p 0.8599880829418064 0.510314116204007 9.999999999995e-07 0.4299940414709032 0.2551570581020035 4.9999999999975e-07
case 53 6 40
s 0.9987502603949663 0.04997916927067833 0.0 0.9992001066609779 0.03998933418663416 -1e-09 -4.998000226655086e-09 9.987669064268379e-08 -0.999999999999995 1.0 1.0 0.0009987502603949663 4.997916927067833e-05 0.0 0.000999200106660978 3.998933418663416e-05 -1.0000000000000002e-12 0.001 0.0
s 0.8775825618903728 0.479425538604203 0.0 0.9987502603949663 0.04997916927067833 0.0 0.0 0.0 -1.0 1.0 1.0 0.4387912809451864 0.2397127693021015 0.0 0.0009987502603949663 4.997916927067833e-05 0.0 0.001 1.0
s -0.3722130460563617 0.813300343259146 0.4472135954999579 0.8775825618903728 0.479425538604203 0.0 -0.21483604456352498 0.3932547417548017 -0.8939777301721019 1.0 1.0 -0.18610652302818084 0.406650171629573 0.22360679774997896 0.4387912809451864 0.2397127693021015 0.0 0.5 2.0
s -0.8375923243065936 -0.31375005699231057 -0.4472135954999579 -0.3722130460563617 0.813300343259146 0.4472135954999579 0.22573907030675272 0.5466923892662394 -0.8063307656634549 1.0 1.0 -0.4187961621532968 -0.15687502849615528 -0.22360679774997896 -0.18610652302818084 0.406650171629573 0.22360679774997896 0.5 3.0
s 0.2751927418019831 -0.9302931932717461 0.24253562503633297 -0.8375923243065936 -0.31375005699231057 -0.4472135954999579 0.4926817704433339 -0.08016495448787829 -0.8665092343101592 1.0 1.0 0.13759637090099155 -0.46514659663587304 0.12126781251816648 -0.4187961621532968 -0.15687502849615528 -0.22360679774997896 0.5 4.0
s 0.9992001066609779 0.03998933418663416 -1e-09 0.2751927418019831 -0.9302931932717461 0.24253562503633297 0.009985199920887065 -0.24949687203445364 -0.9683241227128255 1.0 1.0 0.000999200106660978 3.998933418663416e-05 -1.0000000000000002e-12 0.13759637090099155 -0.46514659663587304 0.12126781251816648 0.001 5.0
p 0.272993160443627 0.9620159740622812 1.9999999999999997e-08 0.1364965802218135 0.4810079870311406 9.999999999999999e-09
p 0.950051922835304 -0.31209188377293734 -2.9999999999999984e-08 0.475025961417652 -0.15604594188646867 -1.4999999999999992e-08
p 0.9695297569991113 -0.24497357060149025 -2.9999999999999984e-08 0.9695297569991113 -0.24497357060149025 -2.9999999999999984e-08
p 0.9999979996282875 0.002000184847123847 2.9999999999999984e-08 0.49999899981414375 0.0010000924235619236 1.4999999999999992e-08
p 0.9773266125231682 0.2117373194620849 -9.999999999995e-07 0.9773266125231682 0.2117373194620849 -9.999999999995e-07
p 0.14379431068277904 0.9896075970884947 1e-08 0.07189715534138952 0.49480379854424733 5e-09
p 0.9470043685372516 0.32122068110779994 4.999999999999993e-08 1.8940087370745031 0.6424413622155999 9.999999999999986e-08
p 0.8897389822886381 -0.4564696522179501 -4.9999999999999945e-08 0.8897389822886381 -0.4564696522179501 -4.9999999999999945e-08
p 0.5870769101909942 0.8095311615500623 4.9999999999999945e-08 1.1741538203819883 1.6190623231001247 9.999999999999989e-08
p 0.9995592449266204 0.02968696484527219 1e-08 0.9995592449266204 0.02968696484527219 1e-08
p 0.9378381030244343 0.34707303628419445 -2.9999999999999984e-08 0.46891905151221713 0.17353651814209722 -1.4999999999999992e-08
p 0.9902546570811528 0.139268496542068 1.9999999999999997e-08 0.9902546570811528 0.139268496542068 1.9999999999999997e-08
p 0.905618771236666 -0.4240927271055132 -1e-08 0.452809385618333 -0.2120463635527566 -5e-09
p 0.940146228357241 0.3407712859171744 -9.99999999999995e-08 0.940146228357241 0.3407712859171744 -9.99999999999995e-08
p 0.3243841694336078 0.9459254255071372 9.99999999999995e-08 0.1621920847168039 0.4729627127535686 4.999999999999975e-08
p 0.5922892588870401 0.8057254084407667 -1.9999999999999997e-08 0.29614462944352005 0.40286270422038334 -9.999999999999999e-09
p 0.6812673460341696 0.7320347008356626 2.9999999999999984e-08 0.6812673460341696 0.7320347008356626 2.9999999999999984e-08
p 0.9940767539882099 0.1086802980271218 -9.999999999995e-07 0.49703837699410497 0.0543401490135609 -4.9999999999975e-07
p 0.04949340952395409 0.9987744502207163 1e-08 0.024746704761977045 0.49938722511035816 5e-09
p 0.10537998869185941 0.9944320278346345 1.9999999999999997e-08 0.10537998869185941 0.9944320278346345 1.9999999999999997e-08
p 0.14048734708245647 0.9900824739938201 -9.99999999999995e-08 0.07024367354122824 0.49504123699691005 -4.999999999999975e-08
p 0.42399087576311845 0.905666460276422 2e-08 0.42399087576311845 0.905666460276422 2e-08
p 0.7765995613300403 0.6299945407239489 -9.99999999999995e-08 0.7765995613300403 0.6299945407239489 -9.99999999999995e-08
p 0.9328009548744993 -0.3603919790800314 1.9999999999999997e-08 0.46640047743724966 -0.1801959895400157 9.999999999999999e-09
p 0.9731875840743422 -0.23001288269039236 -2.9999999999999984e-08 1.9463751681486845 -0.4600257653807847 -5.999999999999997e-08
p 0.1282204112773365 0.9917456963011585 -2.9999999999999984e-08 0.1282204112773365 0.9917456963011585 -2.9999999999999984e-08
p 0.933691919074342 0.3580773662971074 9.999999999995002e-07 0.466845959537171 0.1790386831485537 4.999999999997501e-07
p 0.8984476135405773 0.4390807280253153 -1.9999999999999997e-08 1.7968952270811547 0.8781614560506306 -3.9999999999999994e-08
p 0.8877242038701089 -0.4603756486426835 -9.99999999999995e-08 0.44386210193505443 -0.23018782432134174 -4.999999999999975e-08
p 0.0880364574869726 0.9961172532152747 -2.9999999999999984e-08 0.0880364574869726 0.9961172532152747 -2.9999999999999984e-08
p 0.5635604828505033 0.826074804220724 -9.999999999995e-07 0.5635604828505033 0.826074804220724 -9.999999999995e-07
p 0.19144598816976474 0.981503150078334 -9.99999999999995e-08 0.19144598816976474 0.981503150078334 -9.99999999999995e-08
p 0.9517777303234318 -0.3067884483815781 -1.9999999999999997e-08 1.9035554606468637 -0.6135768967631562 -3.9999999999999994e-08
p 0.756695420035394 0.6537675743698659 1.9999999999999997e-08 0.756695420035394 0.6537675743698659 1.9999999999999997e-08
p 0.8746886945333695 0.48468514280459424 1e-08 0.8746886945333695 0.48468514280459424 1e-08
p 0.97256961089333 -0.23261202025431602 4.9999999999999945e-08 0.97256961089333 -0.23261202025431602 4.9999999999999945e-08
p 0.787964199218813 0.6157210575816409 -1.9999999999999997e-08 0.787964199218813 0.6157210575816409 -1.9999999999999997e-08
p 0.22742993113886742 0.9737944477260935 4.999999999999993e-08 0.22742993113886742 0.9737944477260935 4.999999999999993e-08
p 0.999258035613761 -0.03851464995719401 -4.9999999999999945e-08 1.998516071227522 -0.07702929991438802 -9.999999999999989e-08
p 0.6993753488021228 0.7147545882937089 9.999999999995002e-07 0.6993753488021228 0.7147545882937089 9.999999999995002e-07
case 54 6 40
s 0.9999999999999951 0.0 -9.99999999999995e-08 0.9987502603949663 0.04997916927067833 0.0 9.999999999979983e-08 -1.9983330554854013e-06 0.9999999999979984 1.0 1.0 0.009999999999999952 0.0 -9.99999999999995e-10 0.009987502603949663 0.0004997916927067833 0.0 0.01 0.0
s 0.9987502603949663 0.04997916927067833 0.0 0.8775825618903728 0.479425538604203 0.0 0.0 0.0 1.0 1.0 1.0 0.009987502603949663 0.0004997916927067833 0.0 0.8775825618903728 0.479425538604203 0.0 0.01 1.0
s 0.8775825618903728 0.479425538604203 0.0 -0.3722130460563617 0.813300343259146 0.4472135954999579 0.21483604456352498 -0.3932547417548017 0.8939777301721019 1.0 1.0 0.8775825618903728 0.479425538604203 0.0 -0.3722130460563617 0.813300343259146 0.4472135954999579 1.0 2.0
s -0.3722130460563617 0.813300343259146 0.4472135954999579 -0.8375923243065936 -0.31375005699231057 -0.4472135954999579 -0.22573907030675272 -0.5466923892662394 0.8063307656634549 1.0 1.0 -0.3722130460563617 0.813300343259146 0.4472135954999579 -0.8375923243065936 -0.31375005699231057 -0.4472135954999579 1.0 3.0
s -0.8375923243065936 -0.31375005699231057 -0.4472135954999579 0.2751927418019831 -0.9302931932717461 0.24253562503633297 -0.4926817704433339 0.08016495448787829 0.8665092343101592 1.0 1.0 -0.8375923243065936 -0.31375005699231057 -0.4472135954999579 0.2751927418019831 -0.9302931932717461 0.24253562503633297 1.0 4.0
s 0.2751927418019831 -0.9302931932717461 0.24253562503633297 0.9999999999999951 0.0 -9.99999999999995e-08 9.676552501747784e-08 0.2522762708008378 0.9676552501747784 1.0 1.0 0.2751927418019831 -0.9302931932717461 0.24253562503633297 0.009999999999999952 0.0 -9.99999999999995e-10 0.01 5.0
p 0.34674818002569585 0.9379582611443154 -1e-08 0.6934963600513917 1.8759165222886307 -2e-08
p 0.5782271841843908 0.8158758014981128 4.999999999999993e-08 0.2891135920921954 0.4079379007490564 2.4999999999999966e-08
p 0.28531103342132913 0.9584349817322252 -4.9999999999999945e-08 0.28531103342132913 0.9584349817322252 -4.9999999999999945e-08
p 0.9020789695800695 0.43157100532978054 4.999999999999993e-08 0.9020789695800695 0.43157100532978054 4.999999999999993e-08
p 0.9931692543621833 -0.11668261305209476 9.999999999995e-07 0.49658462718109164 -0.05834130652604738 4.9999999999975e-07
p 0.9580144908268003 -0.28671978544541354 -4.999999999999993e-08 0.4790072454134002 -0.14335989272270677 -2.4999999999999966e-08
p 0.9925366706774171 -0.12194653484043226 -9.999999999995002e-07 1.9850733413548343 -0.24389306968086452 -1.9999999999990004e-06
p 0.7274879780925574 0.6861204280086713 1.9999999999999997e-08 0.3637439890462787 0.3430602140043357 9.999999999999999e-09
p 0.9992438463146818 0.03888104425346924 1.9999999999999997e-08 0.4996219231573409 0.01944052212673462 9.999999999999999e-09
p 0.9971914939232939 -0.07489408819811527 -4.9999999999999945e-08 0.49859574696164694 -0.037447044099057636 -2.4999999999999972e-08
p 0.9847113027356074 0.17419428884077434 -1e-08 0.4923556513678037 0.08709714442038717 -5e-09
p 0.9854911071630407 0.1697270682671505 4.9999999999999945e-08 0.9854911071630407 0.1697270682671505 4.9999999999999945e-08
p 0.49166155941005374 0.8707863750647827 9.99999999999995e-08 0.49166155941005374 0.8707863750647827 9.99999999999995e-08
p 0.9889584320472312 -0.1481931836579524 4.9999999999999945e-08 1.9779168640944624 -0.2963863673159048 9.999999999999989e-08
p 0.9043984616502437 -0.4266889060717089 -2.9999999999999984e-08 0.45219923082512187 -0.21334445303585445 -1.4999999999999992e-08
p 0.5317773364152015 0.8468842096031504 2.9999999999999984e-08 0.5317773364152015 0.8468842096031504 2.9999999999999984e-08
p 0.515862268611615 0.8566715355501653 9.999999999995e-07 0.515862268611615 0.8566715355501653 9.999999999995e-07
p 0.4213545516280966 0.9068959928361602 -2.9999999999999984e-08 0.4213545516280966 0.9068959928361602 -2.9999999999999984e-08
p 0.901080308580724 0.43365225410121794 9.999999999995e-07 0.901080308580724 0.43365225410121794 9.999999999995e-07
p 0.9968011158915154 0.07992205801541823 9.99999999999995e-08 1.9936022317830309 0.15984411603083645 1.99999999999999e-07
p 0.21984593098698116 0.9755346055509602 -9.999999999995e-07 0.10992296549349058 0.4877673027754801 -4.9999999999975e-07
p 0.9608188086890135 -0.27717723007026396 -2.9999999999999984e-08 0.9608188086890135 -0.27717723007026396 -2.9999999999999984e-08
p 0.8771415358562258 0.4802319502862974 1.9999999999999997e-08 0.4385707679281129 0.2401159751431487 9.999999999999999e-09
p 0.3677281480748786 0.9299333358437153 1e-08 0.7354562961497572 1.8598666716874306 2e-08
p -0.0193075672761739 0.9998135915483828 9.999999999995002e-07 -0.0193075672761739 0.9998135915483828 9.999999999995002e-07
p 0.17393903543497088 0.9847564226507746 -2.9999999999999984e-08 0.08696951771748544 0.4923782113253873 -1.4999999999999992e-08
p 0.337276118400834 0.9414057679637758 9.999999999995e-07 0.674552236801668 1.8828115359275517 1.999999999999e-06
p 0.9995266385965705 0.030765219564316663 9.999999999995e-07 0.49976331929828527 0.015382609782158331 4.9999999999975e-07
p 0.7676734101367769 0.6408412715867877 -2.9999999999999984e-08 0.7676734101367769 0.6408412715867877 -2.9999999999999984e-08
p 0.28991286982139647 0.957053043416044 -9.99999999999995e-08 0.14495643491069823 0.478526521708022 -4.999999999999975e-08
p 0.8253269634436945 0.5646551189999085 9.99999999999995e-08 1.650653926887389 1.129310237999817 1.99999999999999e-07
p 0.9877165094427086 0.15625651018214276 -9.99999999999995e-08 0.4938582547213543 0.07812825509107138 -4.999999999999975e-08
p 0.16718625193224493 0.9859253304205384 -2e-08 0.33437250386448986 1.9718506608410769 -4e-08
p 0.3117819524940752 0.9501536792008866 2.9999999999999984e-08 0.1558909762470376 0.4750768396004433 1.4999999999999992e-08
p 0.5451531855562375 0.838336450524422 -1e-08 0.5451531855562375 0.838336450524422 -1e-08
p 0.27967850178502857 0.9600937119048703 -9.99999999999995e-08 0.5593570035700571 1.9201874238097405 -1.99999999999999e-07
p 0.5214179707511745 0.853301412033125 -4.9999999999999945e-08 1.042835941502349 1.70660282406625 -9.999999999999989e-08
p 0.9431861991889982 0.332264644008976 -9.999999999995e-07 0.9431861991889982 0.332264644008976 -9.999999999995e-07
p 0.866494323423699 0.49918692638580403 1e-08 0.866494323423699 0.49918692638580403 1e-08
p 0.9344168494402346 -0.35618134634226006 2.9999999999999984e-08 0.4672084247201173 -0.17809067317113003 1.4999999999999992e-08
case 55 6 40
s 0.9987502603949663 0.04997916927067833 0.0 0.9553364891256049 -0.2955202066613392 -4.9999999999999945e-08 -7.287764486095613e-09 1.4563380673186593e-07 -0.9999999999999893 1.0 1.0 0.0009987502603949663 4.997916927067833e-05 0.0 0.0009553364891256049 -0.0002955202066613392 -4.9999999999999944e-11 0.001 0.0
s 0.8775825618903728 0.479425538604203 0.0 0.9987502603949663 0.04997916927067833 0.0 0.0 0.0 -1.0 1.0 1.0 0.8775825618903728 0.479425538604203 0.0 0.0009987502603949663 4.997916927067833e-05 0.0 0.001 1.0
s -0.3722130460563617 0.813300343259146 0.4472135954999579 0.8775825618903728 0.479425538604203 0.0 -0.21483604456352498 0.3932547417548017 -0.8939777301721019 1.0 1.0 -0.3722130460563617 0.813300343259146 0.4472135954999579 0.8775825618903728 0.479425538604203 0.0 1.0 2.0
s -0.8375923243065936 -0.31375005699231057 -0.4472135954999579 -0.3722130460563617 0.813300343259146 0.4472135954999579 0.22573907030675272 0.5466923892662394 -0.8063307656634549 1.0 1.0 -0.8375923243065936 -0.31375005699231057 -0.4472135954999579 -0.3722130460563617 0.813300343259146 0.4472135954999579 1.0 3.0
s 0.2751927418019831 -0.9302931932717461 0.24253562503633297 -0.8375923243065936 -0.31375005699231057 -0.4472135954999579 0.4926817704433339 -0.08016495448787829 -0.8665092343101592 1.0 1.0 0.2751927418019831 -0.9302931932717461 0.24253562503633297 -0.8375923243065936 -0.31375005699231057 -0.4472135954999579 1.0 4.0
s 0.9553364891256049 -0.2955202066613392 -4.9999999999999945e-08 0.2751927418019831 -0.9302931932717461 0.24253562503633297 -0.0850169193745907 -0.2748364259179927 -0.9577249408930928 1.0 1.0 0.0009553364891256049 -0.0002955202066613392 -4.9999999999999944e-11 0.2751927418019831 -0.9302931932717461 0.24253562503633297 0.001 5.0
p 0.24026979715630786 0.9707061473867701 2.9999999999999984e-08 0.12013489857815393 0.48535307369338504 1.4999999999999992e-08
p 0.9985829704744272 -0.0532170186920214 -4.9999999999999945e-08 0.9985829704744272 -0.0532170186920214 -4.9999999999999945e-08
p 0.9388396391596773 0.3443546601144303 -4.9999999999999945e-08 0.9388396391596773 0.3443546601144303 -4.9999999999999945e-08
p 0.8940439671703334 -0.4479792235878016 -4.9999999999999945e-08 1.7880879343406668 -0.8959584471756032 -9.999999999999989e-08
p 0.9231383434767616 0.38446794249061994 9.99999999999995e-08 1.8462766869535232 0.7689358849812399 1.99999999999999e-07
p 0.9640854866730719 0.2655921203393342 4.999999999999993e-08 0.48204274333653596 0.1327960601696671 2.4999999999999966e-08
p 0.6378826385436259 0.7701335854542505 -4.999999999999993e-08 1.2757652770872518 1.540267170908501 -9.999999999999986e-08
p 0.8301399067121731 0.5575551410254452 1.9999999999999997e-08 0.8301399067121731 0.5575551410254452 1.9999999999999997e-08
p 0.51761883421553 0.8556113267508536 -9.999999999995002e-07 0.258809417107765 0.4278056633754268 -4.999999999997501e-07
p 0.9832697641636393 0.1821553482102054 1e-08 1.9665395283272786 0.3643106964204108 2e-08
p 0.1318999887802648 0.9912630291500665 1.9999999999999997e-08 0.1318999887802648 0.9912630291500665 1.9999999999999997e-08
p 0.9738767848078387 -0.22707709706693396 2.9999999999999984e-08 0.9738767848078387 -0.22707709706693396 2.9999999999999984e-08
p 0.999889339739141 0.014876433578731967 4.9999999999999945e-08 0.4999446698695705 0.007438216789365983 2.4999999999999972e-08
p 0.998937406396018 0.04608750483370446 -9.999999999995e-07 0.998937406396018 0.04608750483370446 -9.999999999995e-07
p 0.9674763902279075 -0.25296132975333885 -9.999999999995e-07 0.9674763902279075 -0.25296132975333885 -9.999999999995e-07
p 0.9562839406411288 -0.29243977990669134 -1e-08 0.9562839406411288 -0.29243977990669134 -1e-08
p 0.9633740166951821 0.26816133941450515 -9.99999999999995e-08 0.48168700834759104 0.13408066970725258 -4.999999999999975e-08
p 0.9211243829625982 0.3892683792857704 4.9999999999999945e-08 1.8422487659251965 0.7785367585715408 9.999999999999989e-08
p 0.47363815449350805 0.8807195345891811 -9.999999999995e-07 0.23681907724675402 0.44035976729459053 -4.9999999999975e-07
p 0.7770702255622082 0.6294139055857412 -4.999999999999993e-08 0.7770702255622082 0.6294139055857412 -4.999999999999993e-08
p 0.19541007852452497 0.9807216226896591 2.9999999999999984e-08 0.19541007852452497 0.9807216226896591 2.9999999999999984e-08
p 0.9529708054148092 0.3030621124902437 2.9999999999999984e-08 0.9529708054148092 0.3030621124902437 2.9999999999999984e-08
p 0.9662557323919472 0.2575846649544416 9.99999999999995e-08 0.4831278661959736 0.1287923324772208 4.999999999999975e-08
p 0.4867196702075051 0.8735582193724107 -1.9999999999999997e-08 0.9734393404150102 1.7471164387448215 -3.9999999999999994e-08
p 0.5378023264991297 0.8430709683129431 1e-08 0.26890116324956487 0.4215354841564716 5e-09
p 0.9750274027307932 -0.2220845873176115 9.99999999999995e-08 0.9750274027307932 -0.2220845873176115 9.99999999999995e-08
p 0.46163003079265846 0.8870725532166851 -1.9999999999999997e-08 0.46163003079265846 0.8870725532166851 -1.9999999999999997e-08
p 0.8889153012359375 0.4580715961818877 -1e-08 0.44445765061796877 0.22903579809094385 -5e-09
p 0.9565015590717674 0.2917272141783799 9.999999999995e-07 0.4782507795358837 0.14586360708918994 4.9999999999975e-07
p 0.8421781540668304 0.5391993664801409 2.9999999999999984e-08 1.6843563081336608 1.0783987329602818 5.999999999999997e-08
p 0.33907675560667533 0.9407587117886559 -9.999999999995002e-07 0.6781535112133507 1.8815174235773118 -1.9999999999990004e-06
p 0.5450742427387866 0.8383877801487379 -9.99999999999995e-08 0.2725371213693933 0.41919389007436897 -4.999999999999975e-08
p 0.8423549321116173 0.5389231562534984 9.999999999995e-07 0.42117746605580864 0.2694615781267492 4.9999999999975e-07
p 0.8238683812940779 0.5667811661513419 -2.9999999999999984e-08 0.41193419064703896 0.28339058307567094 -1.4999999999999992e-08
p 0.030923256097289874 0.9995217617602637 1e-08 0.06184651219457975 1.9990435235205275 2e-08
p 0.12203597785285425 0.9925256773048734 -1e-08 0.2440719557057085 1.9850513546097468 -2e-08
p 0.6017443768741789 0.7986887409374843 4.9999999999999945e-08 1.2034887537483578 1.5973774818749686 9.999999999999989e-08
p 0.7280956667604986 0.6854755284068017 2.9999999999999984e-08 0.3640478333802493 0.34273776420340085 1.4999999999999992e-08
p 0.8997007859726194 -0.43650715426009973 1.9999999999999997e-08 0.4498503929863097 -0.21825357713004986 9.999999999999999e-09
p 0.5122621109480988 0.8588291621073414 9.999999999995002e-07 1.0245242218961976 1.7176583242146828 1.9999999999990004e-06
case 56 6 40
s 0.9989876708478425 0.044984814037660234 -1e-09 0.9987502603949663 0.04997916927067833 0.0 9.995875503564653e-09 -1.9975088437330013e-07 0.99999999999998 1.0 1.0 0.009989876708478425 0.00044984814037660236 -1.0000000000000001e-11 0.009987502603949663 0.0004997916927067833 0.0 0.01 0.0
s 0.9987502603949663 0.04997916927067833 0.0 0.8775825618903728 0.479425538604203 0.0 0.0 0.0 1.0 1.0 1.0 0.009987502603949663 0.0004997916927067833 0.0 1.7551651237807455 0.958851077208406 0.0 0.01 1.0
s 0.8775825618903728 0.479425538604203 0.0 -0.39859637855648306 0.8709489764975944 -0.2873478855663454 -0.13807921244038343 0.25275230299584717 0.9576274872945841 1.0 1.0 1.7551651237807455 0.958851077208406 0.0 -0.7971927571129661 1.7418979529951888 -0.5746957711326908 2.0 2.0
s -0.39859637855648306 0.8709489764975944 -0.2873478855663454 -0.8969628300582488 -0.3359893958958339 0.2873478855663454 0.1537435140353627 0.3723343456140114 0.9152759512672909 1.0 1.0 -0.7971927571129661 1.7418979529951888 -0.5746957711326908 -1.7939256601164977 -0.6719787917916678 0.5746957711326908 2.0 3.0
s -0.8969628300582488 -0.3359893958958339 0.2873478855663454 0.2805238471386536 -0.9483150748622418 -0.14834045293024462 0.3224329819611792 -0.05246353097466939 0.9451373180979005 1.0 1.0 -1.7939256601164977 -0.6719787917916678 0.5746957711326908 0.5610476942773072 -1.8966301497244835 -0.29668090586048923 2.0 4.0
s 0.2805238471386536 -0.9483150748622418 -0.14834045293024462 0.9989876708478425 0.044984814037660234 -1e-09 0.0068697640377501186 -0.15255834071760946 0.9882705899800699 1.0 1.0 0.5610476942773072 -1.8966301497244835 -0.29668090586048923 0.009989876708478425 0.00044984814037660236 -1.0000000000000001e-11 0.01 5.0
p 0.9233902344102404 -0.38386257305942306 1.9999999999999997e-08 0.9233902344102404 -0.38386257305942306 1.9999999999999997e-08
p 0.7653172443654753 0.6436532571787664 2e-08 1.5306344887309506 1.2873065143575328 4e-08
p 0.8864032684350307 0.46291386424225 4.999999999999993e-08 0.44320163421751535 0.231456932121125 2.4999999999999966e-08
p 0.8541758140148177 0.5199843062556049 -2.9999999999999984e-08 1.7083516280296354 1.0399686125112098 -5.999999999999997e-08
p 0.4209302977590727 0.9070929855463872 -9.999999999995e-07 0.8418605955181454 1.8141859710927744 -1.999999999999e-06
p 0.9779824341539315 0.20868722645468973 -9.999999999995e-07 0.9779824341539315 0.20868722645468973 -9.999999999995e-07
p 0.9999918616518798 -0.004034430444054353 -9.999999999995002e-07 0.9999918616518798 -0.004034430444054353 -9.999999999995002e-07
p 0.8742752126669742 0.48543058465255057 1e-08 0.8742752126669742 0.48543058465255057 1e-08
p 0.9952416373662258 -0.09743758644687857 -2.9999999999999984e-08 0.4976208186831129 -0.048718793223439284 -1.4999999999999992e-08
p 0.4492242239239231 0.8934190487329836 9.999999999995002e-07 0.4492242239239231 0.8934190487329836 9.999999999995002e-07
p 0.5983543487670758 0.8012315977989934 -1.9999999999999997e-08 1.1967086975341517 1.602463195597987 -3.9999999999999994e-08
p 0.9178692982867787 0.39688279285267136 2e-08 1.8357385965735573 0.7937655857053427 4e-08
p 0.7669464490281481 0.6417111065916759 -2.9999999999999984e-08 1.5338928980562963 1.2834222131833517 -5.999999999999997e-08
p 0.6130919609418697 0.790011548920301 -9.999999999995002e-07 1.2261839218837394 1.580023097840602 -1.9999999999990004e-06
p 0.9993863295409985 0.0350280505676494 -2.9999999999999984e-08 0.49969316477049924 0.0175140252838247 -1.4999999999999992e-08
p 0.8273857601595358 0.5616340480110039 -1.9999999999999997e-08 0.8273857601595358 0.5616340480110039 -1.9999999999999997e-08
p 0.9967332024693281 0.08076461536611576 -2.9999999999999984e-08 0.9967332024693281 0.08076461536611576 -2.9999999999999984e-08
p 0.9999463026239347 0.01036300481099308 9.99999999999995e-08 1.9998926052478694 0.02072600962198616 1.99999999999999e-07
p 0.8568846913999028 0.5155081237424806 2.9999999999999984e-08 1.7137693827998055 1.0310162474849611 5.999999999999997e-08
p 0.232310052664281 0.9726417837164507 -1e-08 0.232310052664281 0.9726417837164507 -1e-08
p 0.5891985932068724 0.8079882534808546 -2.9999999999999984e-08 0.2945992966034362 0.4039941267404273 -1.4999999999999992e-08
p 0.34290959217066025 0.9393684110067475 9.99999999999995e-08 0.17145479608533012 0.46968420550337375 4.999999999999975e-08
p 0.6230394685913567 0.7821903991844951 9.999999999995e-07 0.6230394685913567 0.7821903991844951 9.999999999995e-07
p 0.9759034010777488 0.21820300585664015 9.99999999999995e-08 0.4879517005388744 0.10910150292832008 4.999999999999975e-08
p 0.6718168715255806 0.7407172815140615 1.9999999999999997e-08 0.3359084357627903 0.37035864075703073 9.999999999999999e-09
p 0.8048594657963378 0.5934654499783656 -9.99999999999995e-08 0.4024297328981689 0.2967327249891828 -4.999999999999975e-08
p 0.032711006175969365 0.999464851845703 -4.999999999999993e-08 0.06542201235193873 1.998929703691406 -9.999999999999986e-08
p 0.2974753718005898 0.9547294921453405 2.9999999999999984e-08 0.1487376859002949 0.47736474607267027 1.4999999999999992e-08
p 0.9999005794751912 -0.014100750518132624 -4.9999999999999945e-08 0.4999502897375956 -0.007050375259066312 -2.4999999999999972e-08
p 0.8423394896069591 0.538947292644362 1e-08 0.4211697448034796 0.269473646322181 5e-09
p 0.6964529996471661 0.7176024103098206 1.9999999999999997e-08 1.3929059992943322 1.4352048206196413 3.9999999999999994e-08
p 0.9508607831616053 -0.30961875111869264 9.999999999995002e-07 0.9508607831616053 -0.30961875111869264 9.999999999995002e-07
p 0.37159219168518004 0.9283960593833881 2.9999999999999984e-08 0.37159219168518004 0.9283960593833881 2.9999999999999984e-08
p 0.29943622619329646 0.954116317040075 -9.999999999995e-07 0.5988724523865929 1.90823263408015 -1.999999999999e-06
p 0.43617851155199516 0.8998601591693475 -4.999999999999993e-08 0.43617851155199516 0.8998601591693475 -4.999999999999993e-08
p 0.6775391389726262 0.7354867199074516 -9.999999999999948e-08 0.3387695694863131 0.3677433599537258 -4.999999999999974e-08
p 0.9786969230339428 0.20531033301783094 -1e-08 1.9573938460678857 0.4106206660356619 -2e-08
p 0.5945534801647913 0.8040560672141791 -4.999999999999993e-08 0.5945534801647913 0.8040560672141791 -4.999999999999993e-08
p 0.980784468629117 0.19509440303581185 2.9999999999999984e-08 0.980784468629117 0.19509440303581185 2.9999999999999984e-08
p 0.6469516890726847 0.7625309908495524 1e-08 0.32347584453634237 0.3812654954247762 5e-09
case 57 6 40
s 0.999200106660973 0.03998933418663397 -9.99999999999995e-08 0.9987502603949663 0.04997916927067833 0.0 4.998000226405202e-07 -9.987669063769027e-06 0.9999999999499983 1.0 1.0 0.00999200106660973 0.00039989334186633967 -9.99999999999995e-10 0.009987502603949663 0.0004997916927067833 0.0 0.01 0.0
s 0.9987502603949663 0.04997916927067833 0.0 0.8775825618903728 0.479425538604203 0.0 0.0 0.0 1.0 1.0 1.0 0.009987502603949663 0.0004997916927067833 0.0 0.8775825618903728 0.479425538604203 0.0 0.01 1.0
s 0.8775825618903728 0.479425538604203 0.0 -0.3722130460563617 0.813300343259146 0.4472135954999579 0.21483604456352498 -0.3932547417548017 0.8939777301721019 1.0 1.0 0.8775825618903728 0.479425538604203 0.0 -0.3722130460563617 0.813300343259146 0.4472135954999579 1.0 2.0
s -0.3722130460563617 0.813300343259146 0.4472135954999579 -0.8375923243065936 -0.31375005699231057 -0.4472135954999579 -0.22573907030675272 -0.5466923892662394 0.8063307656634549 1.0 1.0 -0.3722130460563617 0.813300343259146 0.4472135954999579 -0.8375923243065936 -0.31375005699231057 -0.4472135954999579 1.0 3.0
s -0.8375923243065936 -0.31375005699231057 -0.4472135954999579 0.2751927418019831 -0.9302931932717461 0.24253562503633297 -0.4926817704433339 0.08016495448787829 0.8665092343101592 1.0 1.0 -0.8375923243065936 -0.31375005699231057 -0.4472135954999579 0.2751927418019831 -0.9302931932717461 0.24253562503633297 1.0 4.0
s 0.2751927418019831 -0.9302931932717461 0.24253562503633297 0.999200106660973 0.03998933418663397 -9.99999999999995e-08 -0.00998510504217207 0.24949689857316562 0.9683241168532716 1.0 1.0 0.2751927418019831 -0.9302931932717461 0.24253562503633297 0.00999200106660973 0.00039989334186633967 -9.99999999999995e-10 0.01 5.0
p 0.993604105216567 0.11291980382898062 9.99999999999995e-08 0.993604105216567 0.11291980382898062 9.99999999999995e-08
p 0.16131197565726826 0.9869034636222224 -9.99999999999995e-08 0.16131197565726826 0.9869034636222224 -9.99999999999995e-08
p 0.9997874944822793 -0.020614700503433232 1e-08 1.9995749889645587 -0.041229401006866465 2e-08
p 0.46231867780996283 0.8867138434399497 1e-08 0.9246373556199257 1.7734276868798995 2e-08
p 0.9635578312348453 0.2675001044224072 4.999999999999993e-08 0.48177891561742264 0.1337500522112036 2.4999999999999966e-08
p 0.7049266816379106 0.709280179840776 1.9999999999999997e-08 0.3524633408189553 0.354640089920388 9.999999999999999e-09
p 0.8879660130735421 0.4599090775645527 1.9999999999999997e-08 0.8879660130735421 0.4599090775645527 1.9999999999999997e-08
p 0.9991772964345708 0.04055527449915095 -1.9999999999999997e-08 0.4995886482172854 0.020277637249575476 -9.999999999999999e-09
p 0.8896367837753584 -0.4566688000661264 1.9999999999999997e-08 0.4448183918876792 -0.2283344000330632 9.999999999999999e-09
p -0.027037809316798087 0.999634411606237 2.9999999999999984e-08 -0.027037809316798087 0.999634411606237 2.9999999999999984e-08
p 0.8811864097869729 0.4727689829142192 9.999999999995002e-07 0.8811864097869729 0.4727689829142192 9.999999999995002e-07
p 0.7561973603984314 0.6543436040227223 9.999999999995002e-07 1.5123947207968629 1.3086872080454446 1.9999999999990004e-06
p 0.9758660406196503 0.21837003174732228 -1.9999999999999997e-08 1.9517320812393006 0.43674006349464456 -3.9999999999999994e-08
p 0.9939061371426725 0.11022971718248738 -1e-08 0.9939061371426725 0.11022971718248738 -1e-08
p 0.9046658250000928 -0.4261217491244623 9.999999999999948e-08 0.4523329125000464 -0.21306087456223116 4.999999999999974e-08
p -0.005324169960707412 0.9999858265066659 -9.99999999999995e-08 -0.002662084980353706 0.49999291325333295 -4.999999999999975e-08
p 0.3513483857189652 0.9362447926972285 2.9999999999999984e-08 0.1756741928594826 0.46812239634861424 1.4999999999999992e-08
p 0.9711699778327868 -0.23838807469387913 9.99999999999995e-08 0.9711699778327868 -0.23838807469387913 9.99999999999995e-08
p 0.9754019181708018 -0.22043388584271892 9.999999999995002e-07 1.9508038363416036 -0.44086777168543784 1.9999999999990004e-06
p 0.9238615373222845 -0.3827268737056554 1.9999999999999997e-08 0.46193076866114224 -0.1913634368528277 9.999999999999999e-09
p 0.23698396710344524 0.9715135610663976 2e-08 0.11849198355172262 0.4857567805331988 1e-08
p 0.5334571469541479 0.8458270936565764 -9.99999999999995e-08 1.0669142939082958 1.6916541873131528 -1.99999999999999e-07
p 0.7013033478626749 0.7128629701959567 4.999999999999993e-08 1.4026066957253498 1.4257259403919134 9.999999999999986e-08
p 0.7721767649693677 0.6354077774480256 4.9999999999999945e-08 1.5443535299387354 1.2708155548960511 9.999999999999989e-08
p 0.9913775982921862 -0.13103609275468514 4.9999999999999945e-08 1.9827551965843724 -0.2620721855093703 9.999999999999989e-08
p 0.9669145774521758 -0.2551003722272281 9.999999999999948e-08 1.9338291549043516 -0.5102007444544562 1.9999999999999896e-07
p 0.9954332541890766 -0.09546013018294534 -1.9999999999999997e-08 0.4977166270945383 -0.04773006509147267 -9.999999999999999e-09
p 0.8844498188859571 0.46663531571517036 2.9999999999999984e-08 0.8844498188859571 0.46663531571517036 2.9999999999999984e-08
p 0.9719567841617514 -0.23515954099705638 -1.9999999999999997e-08 0.9719567841617514 -0.23515954099705638 -1.9999999999999997e-08
p 0.9648643795398779 -0.26274841406776644 1e-08 0.48243218976993896 -0.13137420703388322 5e-09
p 0.7077384731955245 0.7064745243523417 -1.9999999999999997e-08 1.415476946391049 1.4129490487046834 -3.9999999999999994e-08
p 0.955459231470513 0.2951231217606925 1e-08 0.955459231470513 0.2951231217606925 1e-08
p 0.9066994712166294 0.4217772740374765 9.999999999995e-07 0.9066994712166294 0.4217772740374765 9.999999999995e-07
p 0.2093181320793798 0.9778475952738221 4.999999999999993e-08 0.4186362641587596 1.9556951905476443 9.999999999999986e-08
p 0.895264464212982 -0.44553511547064545 2.9999999999999984e-08 0.447632232106491 -0.22276755773532272 1.4999999999999992e-08
p 0.9836017732881636 -0.18035396193147427 -1.9999999999999997e-08 1.9672035465763271 -0.36070792386294853 -3.9999999999999994e-08
p 0.9982196327608482 0.05964532480250986 1.9999999999999997e-08 0.9982196327608482 0.05964532480250986 1.9999999999999997e-08
p 0.9604022012345944 0.27861732154289304 9.99999999999995e-08 0.9604022012345944 0.27861732154289304 9.99999999999995e-08
p 0.4451736534426761 0.8954442574948428 -9.99999999999995e-08 0.4451736534426761 0.8954442574948428 -9.99999999999995e-08
p 0.8785822829556943 -0.4775910092080464 1e-08 0.8785822829556943 -0.4775910092080464 1e-08
case 58 6 40
s 0.9987502603949663 0.04997916927067833 0.0 0.9995500337489875 0.02999550020249566 1e-08 2.499125068539371e-08 -4.994084234264441e-07 -0.9999999999998749 1.0 1.0 0.0009987502603949663 4.997916927067833e-05 0.0 0.0009995500337489876 2.999550020249566e-05 1.0000000000000001e-11 0.001 0.0
s 0.8775825618903728 0.479425538604203 0.0 0.9987502603949663 0.04997916927067833 0.0 0.0 0.0 -1.0 1.0 1.0 1.7551651237807455 0.958851077208406 0.0 0.0009987502603949663 4.997916927067833e-05 0.0 0.001 1.0
s -0.39859637855648306 0.8709489764975944 0.2873478855663454 0.8775825618903728 0.479425538604203 0.0 -0.13807921244038343 0.25275230299584717 -0.9576274872945841 1.0 1.0 -0.7971927571129661 1.7418979529951888 0.5746957711326908 1.7551651237807455 0.958851077208406 0.0 2.0 2.0
s -0.8969628300582488 -0.3359893958958339 -0.2873478855663454 -0.39859637855648306 0.8709489764975944 0.2873478855663454 0.1537435140353627 0.3723343456140114 -0.9152759512672909 1.0 1.0 -1.7939256601164977 -0.6719787917916678 -0.5746957711326908 -0.7971927571129661 1.7418979529951888 0.5746957711326908 2.0 3.0
s 0.2805238471386536 -0.9483150748622418 0.14834045293024462 -0.8969628300582488 -0.3359893958958339 -0.2873478855663454 0.3224329819611792 -0.05246353097466939 -0.9451373180979005 1.0 1.0 0.5610476942773072 -1.8966301497244835 0.29668090586048923 -1.7939256601164977 -0.6719787917916678 -0.5746957711326908 2.0 4.0
s 0.9995500337489875 0.02999550020249566 1e-08 0.2805238471386536 -0.9483150748622418 0.14834045293024462 0.004597885096102615 -0.15321652548342946 -0.9881819446698207 1.0 1.0 0.0009995500337489876 2.999550020249566e-05 1.0000000000000001e-11 0.5610476942773072 -1.8966301497244835 0.29668090586048923 0.001 5.0
p 0.9527907651774645 0.30362766308841477 9.99999999999995e-08 0.47639538258873226 0.15181383154420738 4.999999999999975e-08
p 0.6725013108385256 0.7400959308903508 9.99999999999995e-08 1.3450026216770512 1.4801918617807015 1.99999999999999e-07
p 0.9994547077068883 0.03301949791454717 -9.99999999999995e-08 0.49972735385344413 0.016509748957273584 -4.999999999999975e-08
p 0.9576203068200204 -0.2880335882582618 -9.999999999995e-07 1.9152406136400408 -0.5760671765165236 -1.999999999999e-06
p 0.99987626796723 0.015730503994293595 9.99999999999995e-08 0.499938133983615 0.007865251997146798 4.999999999999975e-08
p 0.9036685090854476 0.428232677041681 -9.999999999995002e-07 0.4518342545427238 0.2141163385208405 -4.999999999997501e-07
p 0.025670283230785285 0.9996704639819319 9.999999999995e-07 0.012835141615392643 0.49983523199096597 4.9999999999975e-07
p 0.5608220440024385 0.8279363713238624 4.9999999999999945e-08 0.5608220440024385 0.8279363713238624 4.9999999999999945e-08
p 0.9241211290041598 -0.3820996452865105 1e-08 0.4620605645020799 -0.19104982264325526 5e-09
p 0.9173670699472616 0.39804228290016574 -1.9999999999999997e-08 1.8347341398945232 0.7960845658003315 -3.9999999999999994e-08
p 0.957823398452322 -0.2873575079534935 -4.9999999999999945e-08 0.957823398452322 -0.2873575079534935 -4.9999999999999945e-08
p 0.5864481295835333 0.8099867846502022 4.9999999999999945e-08 0.29322406479176666 0.4049933923251011 2.4999999999999972e-08
p 0.4635183176390302 0.8860873372377478 -2.9999999999999984e-08 0.4635183176390302 0.8860873372377478 -2.9999999999999984e-08
p 0.9931971385643218 0.11644502543106972 2.9999999999999984e-08 0.4965985692821609 0.05822251271553486 1.4999999999999992e-08
p 0.9478886378481445 -0.318601836527018 -1.9999999999999997e-08 0.9478886378481445 -0.318601836527018 -1.9999999999999997e-08
p 0.9254093035046319 0.378969155719924 -1e-08 0.46270465175231595 0.189484577859962 -5e-09
p 0.18210962890821641 0.9832782327799744 -4.9999999999999945e-08 0.09105481445410821 0.4916391163899872 -2.4999999999999972e-08
p 0.9576958739352307 0.2877822319870223 4.9999999999999945e-08 1.9153917478704614 0.5755644639740446 9.999999999999989e-08
p 0.2626993251655654 0.9648777459126902 4.999999999999993e-08 0.5253986503311308 1.9297554918253803 9.999999999999986e-08
p 0.8836936163927424 0.4680657991636587 -4.9999999999999945e-08 1.7673872327854847 0.9361315983273174 -9.999999999999989e-08
p 0.5295982125548354 0.8482486270296719 9.999999999995e-07 0.2647991062774177 0.4241243135148359 4.9999999999975e-07
p 0.943579155007081 -0.33114706436132463 9.999999999995002e-07 1.887158310014162 -0.6622941287226493 1.9999999999990004e-06
p 0.998627206611887 -0.05238036096228304 1.9999999999999997e-08 0.4993136033059435 -0.02619018048114152 9.999999999999999e-09
p 0.9352201569547723 -0.3540667423304418 9.999999999995002e-07 1.8704403139095447 -0.7081334846608835 1.9999999999990004e-06
p 0.8806558344725182 -0.4737565843431761 9.999999999995002e-07 1.7613116689450363 -0.9475131686863522 1.9999999999990004e-06
p 0.3648608258606361 0.9310620697634999 4.9999999999999945e-08 0.18243041293031806 0.46553103488174996 2.4999999999999972e-08
p 0.665637576499493 0.74627516155362 1e-08 0.3328187882497465 0.37313758077681 5e-09
p 0.9962893719516892 -0.08606676092492753 -1e-08 0.4981446859758446 -0.043033380462463765 -5e-09
p 0.924414101098422 0.38139031147814473 9.999999999995e-07 0.924414101098422 0.38139031147814473 9.999999999995e-07
p 0.9286419425320122 -0.3709772803964701 -9.99999999999995e-08 0.9286419425320122 -0.3709772803964701 -9.99999999999995e-08
p 0.03516483385759562 0.9993815259748235 2.9999999999999984e-08 0.01758241692879781 0.4996907629874118 1.4999999999999992e-08
p 0.8742812349709367 0.4854197381418389 4.9999999999999945e-08 1.7485624699418734 0.9708394762836778 9.999999999999989e-08
p 0.8832738422206627 0.46885746197405 -2e-08 1.7665476844413255 0.9377149239481 -4e-08
p 0.9936550270724833 0.11247082810036739 1e-08 1.9873100541449666 0.22494165620073478 2e-08
p 0.8248872562539636 0.565297279729706 -4.9999999999999945e-08 1.6497745125079273 1.130594559459412 -9.999999999999989e-08
p 0.7709262874870366 0.6369243748369544 9.99999999999995e-08 0.3854631437435183 0.3184621874184772 4.999999999999975e-08
p 0.5295365472941657 0.8482871241977996 -2.9999999999999984e-08 0.26476827364708283 0.4241435620988998 -1.4999999999999992e-08
p 0.42994052120735754 0.9028572136411963 2.9999999999999984e-08 0.42994052120735754 0.9028572136411963 2.9999999999999984e-08
p 0.6707427425770308 0.7416900789947529 9.999999999995e-07 0.6707427425770308 0.7416900789947529 9.999999999995e-07
p 0.27425800355732677 0.961656148259215 1e-08 0.5485160071146535 1.92331229651843 2e-08
case 59 6 40
s 0.9987502603949663 0.04997916927067833 0.0 0.9995500337489875 0.02999550020249566 3e-09 7.497375205618966e-09 -1.498225270279503e-07 -0.9999999999999887 1.0 1.0 0.9987502603949663 0.04997916927067833 0.0 0.9995500337489875 0.02999550020249566 3e-09 1.0 0.0
s 0.8775825618903728 0.479425538604203 0.0 0.9987502603949663 0.04997916927067833 0.0 0.0 0.0 -1.0 1.0 1.0 0.8775825618903728 0.479425538604203 0.0 0.9987502603949663 0.04997916927067833 0.0 1.0 1.0
s -0.39859637855648306 0.8709489764975944 -0.2873478855663454 0.8775825618903728 0.479425538604203 0.0 0.13807921244038343 -0.25275230299584717 -0.9576274872945841 1.0 1.0 -0.39859637855648306 0.8709489764975944 -0.2873478855663454 0.8775825618903728 0.479425538604203 0.0 1.0 2.0
s -0.8969628300582488 -0.3359893958958339 0.2873478855663454 -0.39859637855648306 0.8709489764975944 -0.2873478855663454 -0.1537435140353627 -0.3723343456140114 -0.9152759512672909 1.0 1.0 -0.8969628300582488 -0.3359893958958339 0.2873478855663454 -0.39859637855648306 0.8709489764975944 -0.2873478855663454 1.0 3.0
s 0.2805238471386536 -0.9483150748622418 -0.14834045293024462 -0.8969628300582488 -0.3359893958958339 0.2873478855663454 -0.3224329819611792 0.05246353097466939 -0.9451373180979005 1.0 1.0 0.2805238471386536 -0.9483150748622418 -0.14834045293024462 -0.8969628300582488 -0.3359893958958339 0.2873478855663454 1.0 4.0
s 0.9995500337489875 0.02999550020249566 3e-09 0.2805238471386536 -0.9483150748622418 -0.14834045293024462 -0.004597872354654209 0.15321652917231923 -0.9881819441571466 1.0 1.0 0.9995500337489875 0.02999550020249566 3e-09 0.2805238471386536 -0.9483150748622418 -0.14834045293024462 1.0 5.0
p 0.9903826707730566 -0.13835521469184606 -1.9999999999999997e-08 1.9807653415461133 -0.2767104293836921 -3.9999999999999994e-08
p 0.9999895892231971 -0.004563052182646088 -1e-08 0.9999895892231971 -0.004563052182646088 -1e-08
p 0.9644518489619235 -0.2642586441990633 1e-08 0.48222592448096174 -0.13212932209953165 5e-09
p 0.9263709378275314 -0.37661238103325806 9.999999999995e-07 0.4631854689137657 -0.18830619051662903 4.9999999999975e-07
p 0.9915535518833705 0.12969793270311683 9.99999999999995e-08 1.983107103766741 0.25939586540623366 1.99999999999999e-07
p 0.6281856469889726 0.7780634890014076 4.9999999999999945e-08 0.6281856469889726 0.7780634890014076 4.9999999999999945e-08
p 0.8901229126295405 -0.4557205288462469 1.9999999999999997e-08 0.44506145631477023 -0.22786026442312346 9.999999999999999e-09
p 0.40904703754823596 0.9125132991211751 -2.9999999999999984e-08 0.8180940750964719 1.8250265982423501 -5.999999999999997e-08
p 0.9026451311965149 0.4303856028345111 -2.9999999999999984e-08 1.8052902623930298 0.8607712056690222 -5.999999999999997e-08
p 0.2943741628148176 0.9556902491221021 9.99999999999995e-08 0.1471870814074088 0.47784512456105105 4.999999999999975e-08
p 0.9883790117738759 0.15200963484229144 -9.99999999999995e-08 0.9883790117738759 0.15200963484229144 -9.99999999999995e-08
p 0.8993877740421764 -0.4371517264102352 -9.99999999999995e-08 0.8993877740421764 -0.4371517264102352 -9.99999999999995e-08
p 0.9971331289215198 -0.07566718711687392 -9.999999999995002e-07 0.4985665644607599 -0.03783359355843696 -4.999999999997501e-07
p 0.1633674789483301 0.9865652876632476 1.9999999999999997e-08 0.1633674789483301 0.9865652876632476 1.9999999999999997e-08
p 0.32577640566247035 0.9454468433040746 4.9999999999999945e-08 0.16288820283123517 0.4727234216520373 2.4999999999999972e-08
p 0.9758614031507205 0.21839075493414775 -1e-08 1.951722806301441 0.4367815098682955 -2e-08
p 0.620426804803963 0.7842643558652559 1.9999999999999997e-08 1.240853609607926 1.5685287117305118 3.9999999999999994e-08
p 0.8234414864173052 0.5674011970791554 -1.9999999999999997e-08 0.4117207432086526 0.2837005985395777 -9.999999999999999e-09
p 0.45802629776520143 0.8889386427394754 4.9999999999999945e-08 0.45802629776520143 0.8889386427394754 4.9999999999999945e-08
p 0.966599904664697 0.25629011744934227 -2.9999999999999984e-08 0.4832999523323485 0.12814505872467113 -1.4999999999999992e-08
p 0.0392441836083703 0.9992296503071312 2.9999999999999984e-08 0.0392441836083703 0.9992296503071312 2.9999999999999984e-08
p 0.7052419721218043 0.7089666852234655 9.999999999995002e-07 1.4104839442436086 1.417933370446931 1.9999999999990004e-06
p 0.7578270897226701 0.6524554406873067 2.999999999999999e-08 1.5156541794453402 1.3049108813746133 5.999999999999998e-08
p 0.8227995752276123 0.5683316452611548 9.99999999999995e-08 0.41139978761380613 0.2841658226305774 4.999999999999975e-08
p 0.6762528962587846 0.7366695462020981 -1.9999999999999997e-08 1.3525057925175692 1.4733390924041962 -3.9999999999999994e-08
p 0.9975856686938731 0.06944662422032001 -9.999999999995002e-07 0.9975856686938731 0.06944662422032001 -9.999999999995002e-07
p 0.12277866818383652 0.9924340777296004 -2.9999999999999984e-08 0.06138933409191826 0.4962170388648002 -1.4999999999999992e-08
p 0.6405568963616832 0.7679107125984622 -9.99999999999995e-08 0.6405568963616832 0.7679107125984622 -9.99999999999995e-08
p 0.005568498189395754 0.9999844957932671 -9.999999999995e-07 0.002784249094697877 0.49999224789663355 -4.9999999999975e-07
p 0.16766129811204977 0.9858446576993674 9.999999999995002e-07 0.08383064905602489 0.4929223288496837 4.999999999997501e-07
p 0.760795497606672 0.6489916877906886 9.99999999999995e-08 0.380397748803336 0.3244958438953443 4.999999999999975e-08
p 0.3490183833746354 0.9371158776088235 -1.9999999999999997e-08 0.1745091916873177 0.46855793880441177 -9.999999999999999e-09
p 0.9993028281757866 -0.037334402363950685 -2.9999999999999984e-08 0.9993028281757866 -0.037334402363950685 -2.9999999999999984e-08
p 0.4183272762166127 0.9082963668171248 -2.9999999999999984e-08 0.4183272762166127 0.9082963668171248 -2.9999999999999984e-08
p 0.2984038216601744 0.9544397095776154 -1e-08 0.2984038216601744 0.9544397095776154 -1e-08
p 0.5518225878706292 0.8339615287983967 4.999999999999993e-08 0.5518225878706292 0.8339615287983967 4.999999999999993e-08
p 0.7517297377990098 0.6594713043852871 9.999999999995e-07 0.7517297377990098 0.6594713043852871 9.999999999995e-07
p 0.9053524391395912 0.42466099531743295 -1e-08 0.9053524391395912 0.42466099531743295 -1e-08
p 0.40669047156155047 0.913566013127153 -4.9999999999999945e-08 0.40669047156155047 0.913566013127153 -4.9999999999999945e-08
p 0.9804972010128482 -0.19653304761787363 2.9999999999999984e-08 0.9804972010128482 -0.19653304761787363 2.9999999999999984e-08
case 60 6 40
s 0.999200106660973 0.03998933418663397 -9.99999999999995e-08 0.9987502603949663 0.04997916927067833 0.0 4.998000226405202e-07 -9.987669063769027e-06 0.9999999999499983 1.0 1.0 0.00999200106660973 0.00039989334186633967 -9.99999999999995e-10 0.009987502603949663 0.0004997916927067833 0.0 0.01 0.0
s 0.9987502603949663 0.04997916927067833 0.0 0.8775825618903728 0.479425538604203 0.0 0.0 0.0 1.0 1.0 1.0 0.009987502603949663 0.0004997916927067833 0.0 0.8775825618903728 0.479425538604203 0.0 0.01 1.0
s 0.8775825618903728 0.479425538604203 0.0 -0.39859637855648306 0.8709489764975944 0.2873478855663454 0.13807921244038343 -0.25275230299584717 0.9576274872945841 1.0 1.0 0.8775825618903728 0.479425538604203 0.0 -0.39859637855648306 0.8709489764975944 0.2873478855663454 1.0 2.0
s -0.39859637855648306 0.8709489764975944 0.2873478855663454 -0.8969628300582488 -0.3359893958958339 -0.2873478855663454 -0.1537435140353627 -0.3723343456140114 0.9152759512672909 1.0 1.0 -0.39859637855648306 0.8709489764975944 0.2873478855663454 -0.8969628300582488 -0.3359893958958339 -0.2873478855663454 1.0 3.0
s -0.8969628300582488 -0.3359893958958339 -0.2873478855663454 0.2805238471386536 -0.9483150748622418 0.14834045293024462 -0.3224329819611792 0.05246353097466939 0.9451373180979005 1.0 1.0 -0.8969628300582488 -0.3359893958958339 -0.2873478855663454 0.2805238471386536 -0.9483150748622418 0.14834045293024462 1.0 4.0
s 0.2805238471386536 -0.9483150748622418 0.14834045293024462 0.999200106660973 0.03998933418663397 -9.99999999999995e-08 -0.006114255029339609 0.15277731489920882 0.988241725458718 1.0 1.0 0.2805238471386536 -0.9483150748622418 0.14834045293024462 0.00999200106660973 0.00039989334186633967 -9.99999999999995e-10 0.01 5.0
p 0.6920679498127799 0.7218323578518321 1.9999999999999997e-08 1.3841358996255597 1.4436647157036642 3.9999999999999994e-08
p 0.8685034728449738 0.4956830818741136 -2.9999999999999984e-08 0.8685034728449738 0.4956830818741136 -2.9999999999999984e-08
p 0.990602439439219 -0.13677282982035419 2.9999999999999984e-08 0.4953012197196095 -0.06838641491017709 1.4999999999999992e-08
p 0.4287737753356772 0.9034118936478478 1e-08 0.2143868876678386 0.4517059468239239 5e-09
p -0.007968321141832359 0.9999682524246362 -9.999999999995002e-07 -0.003984160570916179 0.4999841262123181 -4.999999999997501e-07
p 0.6901950158487228 0.723623410412889 -2.9999999999999984e-08 0.3450975079243614 0.3618117052064445 -1.4999999999999992e-08
p 0.9747509647139879 -0.22329477555274077 2.9999999999999984e-08 1.9495019294279758 -0.44658955110548154 5.999999999999997e-08
p 0.9415950066505102 0.33674744757878217 -2.9999999999999984e-08 1.8831900133010204 0.6734948951575643 -5.999999999999997e-08
p 0.984550066175381 0.1751033043492987 -9.99999999999995e-08 0.4922750330876905 0.08755165217464934 -4.999999999999975e-08
p 0.9957964038716932 0.09159433408350824 4.9999999999999945e-08 1.9915928077433864 0.18318866816701648 9.999999999999989e-08
p 0.7875434076064849 0.6162591834087063 1.9999999999999997e-08 1.5750868152129698 1.2325183668174127 3.9999999999999994e-08
p 0.9560836367201234 -0.2930939774117228 -9.999999999995002e-07 0.9560836367201234 -0.2930939774117228 -9.999999999995002e-07
p 0.12007365135474159 0.9927649864143779 1e-08 0.12007365135474159 0.9927649864143779 1e-08
p 0.9278435141906571 0.37296972152351965 -9.999999999995e-07 0.9278435141906571 0.37296972152351965 -9.999999999995e-07
p 0.9525159149545345 0.30448880399501765 -9.99999999999995e-08 0.47625795747726724 0.15224440199750883 -4.999999999999975e-08
p 0.06126044760407768 0.9981218149902084 -1.9999999999999997e-08 0.03063022380203884 0.4990609074951042 -9.999999999999999e-09
p 0.0037705373846401995 0.9999928914981501 -9.999999999995e-07 0.0037705373846401995 0.9999928914981501 -9.999999999995e-07
p 0.9165551278795179 0.3999083614501698 -2.9999999999999984e-08 0.9165551278795179 0.3999083614501698 -2.9999999999999984e-08
p 0.8974881464951286 0.44103857756520415 -1e-08 0.8974881464951286 0.44103857756520415 -1e-08
p 0.9936053752134572 0.11290862831035064 1e-08 1.9872107504269143 0.2258172566207013 2e-08
p 0.9541943093015988 -0.2991876001699347 -9.999999999995e-07 0.4770971546507994 -0.14959380008496734 -4.9999999999975e-07
p 0.43071163817762426 0.9024896036732762 2e-08 0.43071163817762426 0.9024896036732762 2e-08
p 0.8272083699348054 0.5618952862498512 1e-08 0.8272083699348054 0.5618952862498512 1e-08
p 0.7699012277865112 0.6381630665063693 9.99999999999995e-08 0.7699012277865112 0.6381630665063693 9.99999999999995e-08
p 0.9226693131672878 -0.3855921920104248 -2.9999999999999984e-08 0.4613346565836439 -0.1927960960052124 -1.4999999999999992e-08
p 0.9798116815902602 -0.19992265659065894 9.999999999995e-07 0.9798116815902602 -0.19992265659065894 9.999999999995e-07
p 0.9883962354414421 -0.15189760289479426 2.9999999999999984e-08 1.9767924708828841 -0.3037952057895885 5.999999999999997e-08
p 0.9987765426771337 0.04945116578910944 -9.99999999999995e-08 0.9987765426771337 0.04945116578910944 -9.99999999999995e-08
p 0.9201944137323573 -0.39146167237133483 2.9999999999999984e-08 0.9201944137323573 -0.39146167237133483 2.9999999999999984e-08
p 0.2281149849332916 0.9736341990957804 4.9999999999999945e-08 0.2281149849332916 0.9736341990957804 4.9999999999999945e-08
p 0.888471683998956 0.4589314401215701 2.9999999999999984e-08 0.888471683998956 0.4589314401215701 2.9999999999999984e-08
p 0.14299539969291708 0.9897233530970474 9.999999999995e-07 0.07149769984645854 0.4948616765485237 4.9999999999975e-07
p 0.16127900896476133 0.9869088515497993 -2.999999999999999e-08 0.16127900896476133 0.9869088515497993 -2.999999999999999e-08
p 0.9872519650992667 0.15916518905412855 -9.999999999995002e-07 0.49362598254963336 0.07958259452706427 -4.999999999997501e-07
p 0.9518102896938536 0.30668741811802835 9.999999999995e-07 0.9518102896938536 0.30668741811802835 9.999999999995e-07
p 0.4032291324799604 0.9150990474912856 -1.9999999999999997e-08 0.2016145662399802 0.4575495237456428 -9.999999999999999e-09
p 0.9955626306500129 0.0941012670117972 -1.9999999999999997e-08 0.9955626306500129 0.0941012670117972 -1.9999999999999997e-08
p 0.4588182011708955 0.8885301673405925 4.9999999999999945e-08 0.4588182011708955 0.8885301673405925 4.9999999999999945e-08
p 0.9206660345029923 -0.3903511917652283 2.9999999999999984e-08 0.9206660345029923 -0.3903511917652283 2.9999999999999984e-08
p 0.6392549903127054 0.7689948357175762 -2.9999999999999984e-08 0.6392549903127054 0.7689948357175762 -2.9999999999999984e-08
case 61 6 40
s 0.9987502603949663 0.04997916927067833 0.0 0.9992001066609779 0.03998933418663416 -1e-08 -4.998000226652612e-08 9.987669064263435e-07 -0.9999999999995001 1.0 1.0 0.9987502603949663 0.04997916927067833 0.0 0.9992001066609779 0.03998933418663416 -1e-08 1.0 0.0
s 0.8775825618903728 0.479425538604203 0.0 0.9987502603949663 0.04997916927067833 0.0 0.0 0.0 -1.0 1.0 1.0 0.4387912809451864 0.2397127693021015 0.0 0.9987502603949663 0.04997916927067833 0.0 0.5 1.0
s -0.4161468365471424 0.9092974268256817 0.0 0.8775825618903728 0.479425538604203 0.0 0.0 0.0 -1.0 1.0 1.0 -0.2080734182735712 0.45464871341284085 0.0 0.4387912809451864 0.2397127693021015 0.0 0.5 2.0
s -0.9364566872907963 -0.35078322768961984 -0.0 -0.4161468365471424 0.9092974268256817 0.0 0.0 0.0 -1.0 1.0 1.0 -0.46822834364539817 -0.17539161384480992 -0.0 -0.2080734182735712 0.45464871341284085 0.0 0.5 3.0
s 0.2836621854632263 -0.9589242746631386 0.0 -0.9364566872907963 -0.35078322768961984 -0.0 0.0 0.0 -1.0 1.0 1.0 0.14183109273161315 -0.4794621373315693 0.0 -0.46822834364539817 -0.17539161384480992 -0.0 0.5 4.0
s 0.9992001066609779 0.03998933418663416 -1e-08 0.2836621854632263 -0.9589242746631386 0.0 -9.890908538832114e-09 -2.925858492139656e-09 -1.0 1.0 1.0 0.9992001066609779 0.03998933418663416 -1e-08 0.14183109273161315 -0.4794621373315693 0.0 0.5 5.0
p 0.0718926351580238 0.9974123766076072 2e-08 0.0359463175790119 0.4987061883038036 1e-08
p 0.9917047832850444 0.12853646490223322 1e-08 1.9834095665700888 0.25707292980446644 2e-08
p 0.6640248109464215 0.7477105392112433 -2.9999999999999984e-08 0.6640248109464215 0.7477105392112433 -2.9999999999999984e-08
p 0.44244600288232405 0.8967951463592195 1.9999999999999997e-08 0.8848920057646481 1.793590292718439 3.9999999999999994e-08
p 0.9099654587740091 -0.414684053029782 -9.999999999995e-07 0.9099654587740091 -0.414684053029782 -9.999999999995e-07
p 0.5637496360260374 0.8259457293796667 -2.9999999999999984e-08 0.2818748180130187 0.41297286468983335 -1.4999999999999992e-08
p 0.46069162523953555 0.8875602663673914 -2.999999999999999e-08 0.9213832504790711 1.7751205327347828 -5.999999999999998e-08
p 0.9583088474441701 0.2857344097413129 -9.99999999999995e-08 0.47915442372208505 0.14286720487065646 -4.999999999999975e-08
p 0.7824191546234345 0.6227521709944819 -9.99999999999995e-08 0.39120957731171724 0.31137608549724094 -4.999999999999975e-08
p 0.8212597002554478 0.5705545589471109 9.999999999995002e-07 0.8212597002554478 0.5705545589471109 9.999999999995002e-07
p 0.2258919395804016 0.9741523657167825 -9.999999999995e-07 0.4517838791608032 1.948304731433565 -1.999999999999e-06
p 0.9990145553088425 -0.04438376145701687 -4.9999999999999945e-08 0.9990145553088425 -0.04438376145701687 -4.9999999999999945e-08
p 0.9920404887683553 0.12591929416984873 9.99999999999995e-08 0.49602024438417763 0.06295964708492437 4.999999999999975e-08
p 0.10435284207400532 0.9945403382221698 -9.99999999999995e-08 0.10435284207400532 0.9945403382221698 -9.99999999999995e-08
p 0.8934552060619173 -0.44915230686355667 4.9999999999999945e-08 0.8934552060619173 -0.44915230686355667 4.9999999999999945e-08
p 0.041987230381982016 0.9991181474104299 2.9999999999999984e-08 0.020993615190991008 0.49955907370521496 1.4999999999999992e-08
p -0.018252337099766775 0.9998334122194528 -4.9999999999999945e-08 -0.009126168549883388 0.4999167061097264 -2.4999999999999972e-08
p 0.8763200785345072 0.481729301533834 9.999999999995002e-07 0.8763200785345072 0.481729301533834 9.999999999995002e-07
p 0.5412311722688931 0.8408738420027343 -1.9999999999999997e-08 0.27061558613444653 0.42043692100136715 -9.999999999999999e-09
p 0.2681993998735256 0.9633634215120895 2.9999999999999984e-08 0.1340996999367628 0.48168171075604477 1.4999999999999992e-08
p 0.9234106667750627 -0.3838134188457116 1.9999999999999997e-08 0.46170533338753134 -0.1919067094228558 9.999999999999999e-09
p 0.784419241135913 0.6202309683785134 9.99999999999995e-08 0.784419241135913 0.6202309683785134 9.99999999999995e-08
p 0.9571156034962538 0.2897062676988571 -1e-08 0.4785578017481269 0.14485313384942855 -5e-09
p 0.9604917872381107 0.27830833018098877 -9.99999999999995e-08 1.9209835744762214 0.5566166603619775 -1.99999999999999e-07
p 0.8756494036020759 0.48294732836027693 -9.999999999995002e-07 0.8756494036020759 0.48294732836027693 -9.999999999995002e-07
p 0.18482441494072702 0.9827715582172787 9.999999999995e-07 0.09241220747036351 0.49138577910863934 4.9999999999975e-07
p 0.7820126489414476 0.6232625585542415 2.9999999999999984e-08 0.7820126489414476 0.6232625585542415 2.9999999999999984e-08
p 0.8669626681288676 0.49837308521916834 4.999999999999993e-08 0.8669626681288676 0.49837308521916834 4.999999999999993e-08
p 0.970766925287368 -0.24002411705516005 2.999999999999999e-08 0.485383462643684 -0.12001205852758003 1.4999999999999995e-08
p 0.5954898513622565 0.8033628301854385 -9.999999999995e-07 0.5954898513622565 0.8033628301854385 -9.999999999995e-07
p 0.5015540300013619 0.8651263231392241 -9.999999999995002e-07 1.0031080600027238 1.7302526462784482 -1.9999999999990004e-06
p 0.07783609231879249 0.996966169301918 1e-08 0.038918046159396244 0.498483084650959 5e-09
p -0.010816477120859739 0.9999415002002334 1.9999999999999997e-08 -0.021632954241719477 1.9998830004004668 3.9999999999999994e-08
p 0.2015180749768272 0.9794847959292853 -9.999999999995e-07 0.2015180749768272 0.9794847959292853 -9.999999999995e-07
p 0.028059989161866347 0.9996062409810306 -9.99999999999995e-08 0.014029994580933174 0.4998031204905153 -4.999999999999975e-08
p 0.36327423659741565 0.9316822575452238 1e-08 0.7265484731948313 1.8633645150904476 2e-08
p 0.36002506555321334 0.932942630697839 1e-08 0.18001253277660667 0.4664713153489195 5e-09
p 0.055654584434419646 0.9984500824935777 1e-08 0.055654584434419646 0.9984500824935777 1e-08
p 0.43657394026360596 0.8996683803950811 2.9999999999999984e-08 0.8731478805272119 1.7993367607901622 5.999999999999997e-08
p 0.8235251446127291 0.5672797688888467 1.9999999999999997e-08 0.8235251446127291 0.5672797688888467 1.9999999999999997e-08
case 62 6 40
s 0.9987502603949663 0.04997916927067833 0.0 0.9999999999999951 0.0 -9.99999999999995e-08 -9.999999999979983e-08 1.9983330554854013e-06 -0.9999999999979984 1.0 1.0 0.9987502603949663 0.04997916927067833 0.0 0.9999999999999951 0.0 -9.99999999999995e-08 1.0 0.0
s 0.8775825618903728 0.479425538604203 0.0 0.9987502603949663 0.04997916927067833 0.0 0.0 0.0 -1.0 1.0 1.0 0.8775825618903728 0.479425538604203 0.0 0.9987502603949663 0.04997916927067833 0.0 1.0 1.0
s -0.39859637855648306 0.8709489764975944 0.2873478855663454 0.8775825618903728 0.479425538604203 0.0 -0.13807921244038343 0.25275230299584717 -0.9576274872945841 1.0 1.0 -0.39859637855648306 0.8709489764975944 0.2873478855663454 0.8775825618903728 0.479425538604203 0.0 1.0 2.0
s -0.8969628300582488 -0.3359893958958339 -0.2873478855663454 -0.39859637855648306 0.8709489764975944 0.2873478855663454 0.1537435140353627 0.3723343456140114 -0.9152759512672909 1.0 1.0 -0.8969628300582488 -0.3359893958958339 -0.2873478855663454 -0.39859637855648306 0.8709489764975944 0.2873478855663454 1.0 3.0
s 0.2805238471386536 -0.9483150748622418 0.14834045293024462 -0.8969628300582488 -0.3359893958958339 -0.2873478855663454 0.3224329819611792 -0.05246353097466939 -0.9451373180979005 1.0 1.0 0.2805238471386536 -0.9483150748622418 0.14834045293024462 -0.8969628300582488 -0.3359893958958339 -0.2873478855663454 1.0 4.0
s 0.9999999999999951 0.0 -9.99999999999995e-08 0.2805238471386536 -0.9483150748622418 0.14834045293024462 -9.879856009451416e-08 -0.1545459553823969 -0.9879856009451415 1.0 1.0 0.9999999999999951 0.0 -9.99999999999995e-08 0.2805238471386536 -0.9483150748622418 0.14834045293024462 1.0 5.0
p 0.4113766224375766 0.9114654543710647 -2e-08 0.8227532448751532 1.8229309087421295 -4e-08
p 0.9998986479034343 0.014237061525572284 -2.9999999999999984e-08 0.9998986479034343 0.014237061525572284 -2.9999999999999984e-08
p 0.7465412067714121 0.6653391816151172 -9.99999999999995e-08 0.37327060338570606 0.3326695908075586 -4.999999999999975e-08
p 0.9986625675637757 0.0517018002290714 -1.9999999999999997e-08 0.49933128378188785 0.0258509001145357 -9.999999999999999e-09
p 0.7513100305161113 0.6599494208239594 1.9999999999999997e-08 0.7513100305161113 0.6599494208239594 1.9999999999999997e-08
p 0.8882148909863374 -0.4594282396959577 4.9999999999999945e-08 1.7764297819726749 -0.9188564793919154 9.999999999999989e-08
p 0.9154567706942307 0.4024163279354984 9.999999999995e-07 1.8309135413884614 0.8048326558709968 1.999999999999e-06
p 0.8558953216760328 0.5171491064800152 4.9999999999999945e-08 0.4279476608380164 0.2585745532400076 2.4999999999999972e-08
p 0.9884346545681637 0.1516473990799542 -9.999999999995e-07 1.9768693091363274 0.3032947981599084 -1.999999999999e-06
p 0.9876373366901493 0.15675615195133077 9.999999999995e-07 1.9752746733802986 0.31351230390266155 1.999999999999e-06
p 0.05057156306704312 0.9987204398674067 -9.99999999999995e-08 0.02528578153352156 0.49936021993370333 -4.999999999999975e-08
p 0.9955805923592399 0.09391104363505343 -9.999999999995e-07 0.9955805923592399 0.09391104363505343 -9.999999999995e-07
p 0.2703052901422507 0.9627746621723611 -9.99999999999995e-08 0.2703052901422507 0.9627746621723611 -9.99999999999995e-08
p 0.786239417536899 0.6179219840005997 1.9999999999999997e-08 1.572478835073798 1.2358439680011994 3.9999999999999994e-08
p 0.9958210661303465 -0.09132581371670948 2.9999999999999984e-08 0.49791053306517324 -0.04566290685835474 1.4999999999999992e-08
p 0.4786531097441611 0.8780041005213151 1.9999999999999997e-08 0.9573062194883222 1.7560082010426301 3.9999999999999994e-08
p 0.9645377185140533 0.26394505027316634 1.9999999999999997e-08 0.9645377185140533 0.26394505027316634 1.9999999999999997e-08
p 0.8965982050856574 0.4428449600449096 1e-08 0.4482991025428287 0.2214224800224548 5e-09
p 0.9959493219932625 -0.08991633901109683 4.9999999999999945e-08 0.9959493219932625 -0.08991633901109683 4.9999999999999945e-08
p 0.16726928270064773 0.9859112470525989 1e-08 0.33453856540129545 1.9718224941051978 2e-08
p 0.9979418921154353 -0.0641247219102366 9.999999999995002e-07 0.49897094605771763 -0.0320623609551183 4.999999999997501e-07
p 0.36646786681743315 0.9304307081079548 9.99999999999995e-08 0.7329357336348663 1.8608614162159096 1.99999999999999e-07
p 0.4007103958438342 0.9162047689587058 4.9999999999999945e-08 0.8014207916876684 1.8324095379174117 9.999999999999989e-08
p 0.9868949869687129 0.16136382709896263 2e-08 0.49344749348435646 0.08068191354948132 1e-08
p 0.9502862876996664 0.3113775383838513 1e-08 0.9502862876996664 0.3113775383838513 1e-08
p 0.8304944965714816 0.5570268316378313 -1.9999999999999997e-08 0.8304944965714816 0.5570268316378313 -1.9999999999999997e-08
p 0.8798037554487602 0.4753370929122375 2.9999999999999984e-08 0.8798037554487602 0.4753370929122375 2.9999999999999984e-08
p 0.19700387451559026 0.9804027098217573 -2.9999999999999984e-08 0.3940077490311805 1.9608054196435145 -5.999999999999997e-08
p 0.9989621218051389 -0.045548646506508535 -1e-08 0.49948106090256944 -0.022774323253254267 -5e-09
p 0.46728759219892363 0.8841053705169593 -4.999999999999993e-08 0.23364379609946181 0.4420526852584796 -2.4999999999999966e-08
p 0.9989133537258382 -0.046605919668949905 9.99999999999995e-08 0.9989133537258382 -0.046605919668949905 9.99999999999995e-08
p 0.9209878753362496 0.3895912389718495 1e-08 1.8419757506724992 0.779182477943699 2e-08
p 0.8767675795507217 0.4809143493895445 -1e-08 1.7535351591014434 0.961828698779089 -2e-08
p 0.9999915924312245 -0.004100617741766305 9.999999999995002e-07 0.49999579621561224 -0.0020503088708831523 4.999999999997501e-07
p 0.9635186189927073 -0.267641310067007 -4.9999999999999945e-08 0.48175930949635365 -0.1338206550335035 -2.4999999999999972e-08
p 0.28692490260033754 0.9579530783226166 9.99999999999995e-08 0.28692490260033754 0.9579530783226166 9.99999999999995e-08
p 0.14599203720340131 0.9892857651220904 -2.9999999999999984e-08 0.14599203720340131 0.9892857651220904 -2.9999999999999984e-08
p 0.8859284385665104 -0.46382195047140945 4.9999999999999945e-08 1.7718568771330208 -0.9276439009428189 9.999999999999989e-08
p 0.8282380517290326 0.5603764178363473 9.999999999995002e-07 0.8282380517290326 0.5603764178363473 9.999999999995002e-07
p 0.963162251350062 -0.26892095041903624 4.9999999999999945e-08 1.926324502700124 -0.5378419008380725 9.999999999999989e-08
case 63 6 40
s 0.9989876708478411 0.04498481403766017 -4.999999999999993e-08 0.9987502603949663 0.04997916927067833 0.0 4.997937751532528e-07 -9.987544218165823e-06 0.9999999999499996 1.0 1.0 0.009989876708478411 0.0004498481403766017 -4.999999999999993e-10 0.009987502603949663 0.0004997916927067833 0.0 0.01 0.0
s 0.9987502603949663 0.04997916927067833 0.0 0.8775825618903728 0.479425538604203 0.0 0.0 0.0 1.0 1.0 1.0 0.009987502603949663 0.0004997916927067833 0.0 0.8775825618903728 0.479425538604203 0.0 0.01 1.0
s 0.8775825618903728 0.479425538604203 0.0 -0.4161468365471424 0.9092974268256817 0.0 0.0 -0.0 1.0 1.0 1.0 0.8775825618903728 0.479425538604203 0.0 -0.4161468365471424 0.9092974268256817 0.0 1.0 2.0
s -0.4161468365471424 0.9092974268256817 0.0 -0.9364566872907963 -0.35078322768961984 -0.0 0.0 -0.0 1.0 1.0 1.0 -0.4161468365471424 0.9092974268256817 0.0 -0.9364566872907963 -0.35078322768961984 -0.0 1.0 3.0
s -0.9364566872907963 -0.35078322768961984 -0.0 0.2836621854632263 -0.9589242746631386 0.0 -0.0 0.0 1.0 1.0 1.0 -0.9364566872907963 -0.35078322768961984 -0.0 0.2836621854632263 -0.9589242746631386 0.0 1.0 4.0
s 0.2836621854632263 -0.9589242746631386 0.0 0.9989876708478411 0.04498481403766017 -4.999999999999993e-08 4.9392728267953834e-08 1.461100695506008e-08 0.9999999999999987 1.0 1.0 0.2836621854632263 -0.9589242746631386 0.0 0.009989876708478411 0.0004498481403766017 -4.999999999999993e-10 0.01 5.0
p 0.2702568681927726 0.9627882556380879 -4.9999999999999945e-08 0.5405137363855452 1.9255765112761758 -9.999999999999989e-08
p 0.6604004941183015 0.7509135685065915 -9.999999999995002e-07 1.320800988236603 1.501827137013183 -1.9999999999990004e-06
p 0.7976130549019732 0.60316947423584 4.9999999999999945e-08 0.3988065274509866 0.30158473711792 2.4999999999999972e-08
p 0.6810453962212687 0.732241195430041 9.999999999995002e-07 0.34052269811063435 0.3661205977150205 4.999999999997501e-07
p 0.9703898311805269 -0.24154414822434878 -4.9999999999999945e-08 0.48519491559026345 -0.12077207411217439 -2.4999999999999972e-08
p 0.5054441655859271 0.8628593138369292 -9.99999999999995e-08 1.0108883311718542 1.7257186276738583 -1.99999999999999e-07
p 0.5773249942426192 0.8165144524273636 -4.9999999999999945e-08 0.5773249942426192 0.8165144524273636 -4.9999999999999945e-08
p 0.4015425887286016 0.9158403515002674 -9.999999999995002e-07 0.8030851774572032 1.8316807030005349 -1.9999999999990004e-06
p 0.9909623104691895 -0.1341405950096983 -9.99999999999995e-08 0.49548115523459474 -0.06707029750484915 -4.999999999999975e-08
p 0.8898332237746323 0.4562859124133077 1.9999999999999997e-08 0.4449166118873161 0.22814295620665384 9.999999999999999e-09
p 0.21982747219330157 0.9755387652313479 1.9999999999999997e-08 0.10991373609665078 0.48776938261567393 9.999999999999999e-09
p 0.5339912877400633 0.8454899790167233 9.99999999999995e-08 1.0679825754801267 1.6909799580334466 1.99999999999999e-07
p 0.9948349416965041 -0.10150585588872912 -9.99999999999995e-08 0.49741747084825205 -0.05075292794436456 -4.999999999999975e-08
p 0.040819815851337864 0.99916652397579 -1e-08 0.040819815851337864 0.99916652397579 -1e-08
p 0.9121963587561336 0.4097533441853173 -9.999999999995e-07 1.8243927175122672 0.8195066883706346 -1.999999999999e-06
p 0.9607591707054851 -0.27738387823431365 -9.999999999995e-07 0.48037958535274256 -0.13869193911715683 -4.9999999999975e-07
p 0.14314747241478665 0.9897013696773627 -9.999999999999948e-08 0.07157373620739332 0.49485068483868133 -4.999999999999974e-08
p 0.41208259241925493 0.9111464959187537 4.999999999999993e-08 0.8241651848385099 1.8222929918375075 9.999999999999986e-08
p 0.9003610705314773 0.43514358856751106 2.9999999999999984e-08 1.8007221410629546 0.8702871771350221 5.999999999999997e-08
p 0.6879907432315397 0.7257194617947842 -4.9999999999999945e-08 1.3759814864630795 1.4514389235895684 -9.999999999999989e-08
p 0.9207342833446136 0.39019018372183734 -9.999999999995002e-07 1.8414685666892272 0.7803803674436747 -1.9999999999990004e-06
p 0.39246055904878374 0.9197688348661888 9.99999999999995e-08 0.19623027952439187 0.4598844174330944 4.999999999999975e-08
p 0.1355519495090581 0.9907702402592106 9.999999999995e-07 0.1355519495090581 0.9907702402592106 9.999999999995e-07
p 0.9999950472572676 0.0031472942244224803 1e-08 0.9999950472572676 0.0031472942244224803 1e-08
p 0.6996140291494072 0.7145209655540783 9.999999999995e-07 0.6996140291494072 0.7145209655540783 9.999999999995e-07
p 0.9101497765246366 0.4142793553764828 9.999999999995e-07 1.8202995530492732 0.8285587107529656 1.999999999999e-06
p 0.998047519941664 -0.06245917016975066 -1e-08 0.998047519941664 -0.06245917016975066 -1e-08
p 0.6851355652421722 0.728415580036758 -4.999999999999993e-08 0.3425677826210861 0.364207790018379 -2.4999999999999966e-08
p 0.972405297815044 -0.23329795708757198 -2.9999999999999984e-08 0.486202648907522 -0.11664897854378599 -1.4999999999999992e-08
p 0.15386533834084445 0.9880918265309442 1e-08 0.3077306766816889 1.9761836530618884 2e-08
p 0.37321921317211637 0.927743185864594 -9.999999999995002e-07 0.7464384263442327 1.855486371729188 -1.9999999999990004e-06
p 0.9766449473284534 -0.21485959801180005 -9.999999999999948e-08 1.9532898946569068 -0.4297191960236001 -1.9999999999999896e-07
p 0.9844375345977417 0.1757348584519279 2.9999999999999984e-08 1.9688750691954835 0.3514697169038558 5.999999999999997e-08
p 0.2306949849273097 0.9730261167766194 -2.9999999999999984e-08 0.2306949849273097 0.9730261167766194 -2.9999999999999984e-08
p 0.9885776440691475 -0.15071244688708846 -1.9999999999999997e-08 0.49428882203457375 -0.07535622344354423 -9.999999999999999e-09
p 0.9904845150275624 -0.13762421840146463 -1.9999999999999997e-08 1.9809690300551248 -0.27524843680292926 -3.9999999999999994e-08
p 0.8762358639558075 0.48188246566732273 2.9999999999999984e-08 1.752471727911615 0.9637649313346455 5.999999999999997e-08
p 0.9770193732796281 0.21315052014077485 -1e-08 1.9540387465592561 0.4263010402815497 -2e-08
p 0.9999919820015604 0.004004489054640306 4.9999999999999945e-08 0.9999919820015604 0.004004489054640306 4.9999999999999945e-08
p 0.9664189263108702 0.25697170830296634 1e-08 0.4832094631554351 0.12848585415148317 5e-09
case 64 6 40
s 0.9995500337489862 0.02999550020249562 4.999999999999993e-08 0.9987502603949663 0.04997916927067833 0.0 -1.2495625342659365e-07 2.4970421171247283e-06 0.9999999999968745 1.0 1.0 0.09995500337489863 0.002999550020249562 4.9999999999999935e-09 0.09987502603949663 0.004997916927067834 0.0 0.1 0.0
s 0.9987502603949663 0.04997916927067833 0.0 0.8775825618903728 0.479425538604203 0.0 0.0 0.0 1.0 1.0 1.0 0.09987502603949663 0.004997916927067834 0.0 1.7551651237807455 0.958851077208406 0.0 0.1 1.0
s 0.8775825618903728 0.479425538604203 0.0 -0.4161468365471424 0.9092974268256817 0.0 0.0 -0.0 1.0 1.0 1.0 1.7551651237807455 0.958851077208406 0.0 -0.8322936730942848 1.8185948536513634 0.0 2.0 2.0
s -0.4161468365471424 0.9092974268256817 0.0 -0.9364566872907963 -0.35078322768961984 -0.0 0.0 -0.0 1.0 1.0 1.0 -0.8322936730942848 1.8185948536513634 0.0 -1.8729133745815927 -0.7015664553792397 -0.0 2.0 3.0
s -0.9364566872907963 -0.35078322768961984 -0.0 0.2836621854632263 -0.9589242746631386 0.0 -0.0 0.0 1.0 1.0 1.0 -1.8729133745815927 -0.7015664553792397 -0.0 0.5673243709264526 -1.9178485493262771 0.0 2.0 4.0
s 0.2836621854632263 -0.9589242746631386 0.0 0.9995500337489862 0.02999550020249562 4.999999999999993e-08 -4.95823632858418e-08 -1.4667103442588626e-08 0.9999999999999987 1.0 1.0 0.5673243709264526 -1.9178485493262771 0.0 0.09995500337489863 0.002999550020249562 4.9999999999999935e-09 0.1 5.0
p 0.9994458245169412 0.03328729269032539 -9.999999999995e-07 0.9994458245169412 0.03328729269032539 -9.999999999995e-07
p 0.8630244696035567 0.5051621174093511 -1.9999999999999997e-08 0.8630244696035567 0.5051621174093511 -1.9999999999999997e-08
p 0.8088707560392859 0.587986479456317 -9.999999999995e-07 0.40443537801964297 0.2939932397281585 -4.9999999999975e-07
p 0.9966348065918921 0.081969886479973 -4.9999999999999945e-08 1.9932696131837842 0.163939772959946 -9.999999999999989e-08
p 0.4530706179004 0.891474629585918 1e-08 0.4530706179004 0.891474629585918 1e-08
p 0.7118263500149302 0.7023554993195554 1e-08 1.4236527000298604 1.4047109986391109 2e-08
p 0.8649197484312575 0.5019101799860286 -4.999999999999993e-08 1.729839496862515 1.0038203599720572 -9.999999999999986e-08
p 0.9998367312807783 -0.018069609341823344 -4.999999999999993e-08 1.9996734625615566 -0.03613921868364669 -9.999999999999986e-08
p 0.9100999402264569 0.4143888256212993 1e-08 1.8201998804529138 0.8287776512425986 2e-08
p 0.2750777574340164 0.9614219819439693 4.9999999999999945e-08 0.5501555148680328 1.9228439638879387 9.999999999999989e-08
p 0.9997988962312446 -0.02005410418804319 1e-08 0.9997988962312446 -0.02005410418804319 1e-08
p 0.6627542677494586 0.7488369519327148 1e-08 0.6627542677494586 0.7488369519327148 1e-08
p 0.9754363868362877 -0.22028130932005613 9.99999999999995e-08 1.9508727736725755 -0.44056261864011226 1.99999999999999e-07
p 0.5025340951904198 0.8645573914848779 -9.99999999999995e-08 0.2512670475952099 0.43227869574243893 -4.999999999999975e-08
p 0.4700563774424895 0.8826363928740087 -4.9999999999999945e-08 0.940112754884979 1.7652727857480175 -9.999999999999989e-08
p 0.8693236211227234 0.4942433021883714 9.99999999999995e-08 1.7386472422454469 0.9884866043767429 1.99999999999999e-07
p 0.9147202530728529 -0.40408768679376456 -1.9999999999999997e-08 0.9147202530728529 -0.40408768679376456 -1.9999999999999997e-08
p 0.7925592607134245 0.6097948985170255 -1.9999999999999997e-08 0.39627963035671226 0.30489744925851275 -9.999999999999999e-09
p 0.828191193959052 0.560445667526014 1.9999999999999997e-08 0.414095596979526 0.280222833763007 9.999999999999999e-09
p 0.9988540032381925 -0.04786105112757175 2.9999999999999984e-08 1.997708006476385 -0.0957221022551435 5.999999999999997e-08
p 0.35795088938234126 0.9337404140281126 -9.999999999995002e-07 0.17897544469117063 0.4668702070140563 -4.999999999997501e-07
p 0.5519596434915869 0.8338708245019972 9.999999999995002e-07 1.1039192869831738 1.6677416490039945 1.9999999999990004e-06
p 0.9976775691567723 0.06811364034781534 -4.9999999999999945e-08 0.9976775691567723 0.06811364034781534 -4.9999999999999945e-08
p 0.14689822794678536 0.9891516115470339 -1e-08 0.29379645589357073 1.9783032230940678 -2e-08
p 0.8422753111924838 0.5390475861699062 -4.9999999999999945e-08 0.4211376555962419 0.2695237930849531 -2.4999999999999972e-08
p 0.6173357192295984 0.7866998218903285 -9.999999999995e-07 0.6173357192295984 0.7866998218903285 -9.999999999995e-07
p 0.11594672319435084 0.9932554341056947 1.9999999999999997e-08 0.23189344638870169 1.9865108682113894 3.9999999999999994e-08
p 0.6603841349823876 0.7509279554415017 9.99999999999995e-08 1.3207682699647751 1.5018559108830034 1.99999999999999e-07
p 0.11197530857868883 0.9937109893066028 2e-08 0.11197530857868883 0.9937109893066028 2e-08
p 0.866351924353814 0.4994340228382957 1e-08 0.433175962176907 0.24971701141914784 5e-09
p 0.9949601628114549 -0.10027100487280553 -2.9999999999999984e-08 0.49748008140572747 -0.05013550243640277 -1.4999999999999992e-08
p 0.9985543005639663 -0.0537522913483536 9.99999999999995e-08 0.49927715028198316 -0.0268761456741768 4.999999999999975e-08
p 0.8932877959722909 0.4494851650132253 1.9999999999999997e-08 0.8932877959722909 0.4494851650132253 1.9999999999999997e-08
p 0.9051659838835793 -0.42505828026292103 1e-08 0.45258299194178964 -0.21252914013146051 5e-09
p 0.8816690090924931 0.47186836978744473 -1.9999999999999997e-08 0.44083450454624656 0.23593418489372237 -9.999999999999999e-09
p 0.9995683286075634 0.029379524241890623 4.9999999999999945e-08 1.9991366572151268 0.058759048483781245 9.999999999999989e-08
p 0.09447601093780324 0.9955271384333426 1.9999999999999997e-08 0.09447601093780324 0.9955271384333426 1.9999999999999997e-08
p 0.12558177016724323 0.9920832722113864 9.99999999999995e-08 0.25116354033448646 1.9841665444227727 1.99999999999999e-07
p 0.8665639963818736 0.499065967758447 2.9999999999999984e-08 0.4332819981909368 0.2495329838792235 1.4999999999999992e-08
p 0.7269059186694794 0.6867370569608651 -9.99999999999995e-08 0.3634529593347397 0.34336852848043253 -4.999999999999975e-08
case 65 6 40
s 0.9989876708478425 0.044984814037660234 1e-09 0.9987502603949663 0.04997916927067833 0.0 -9.995875503564653e-09 1.9975088437330013e-07 0.99999999999998 1.0 1.0 0.9989876708478425 0.044984814037660234 1e-09 0.9987502603949663 0.04997916927067833 0.0 1.0 0.0
s 0.9987502603949663 0.04997916927067833 0.0 0.8775825618903728 0.479425538604203 0.0 0.0 0.0 1.0 1.0 1.0 0.9987502603949663 0.04997916927067833 0.0 1.7551651237807455 0.958851077208406 0.0 1.0 1.0
s 0.8775825618903728 0.479425538604203 0.0 -0.3722130460563617 0.813300343259146 0.4472135954999579 0.21483604456352498 -0.3932547417548017 0.8939777301721019 1.0 1.0 1.7551651237807455 0.958851077208406 0.0 -0.7444260921127234 1.626600686518292 0.8944271909999159 2.0 2.0
s -0.3722130460563617 0.813300343259146 0.4472135954999579 -0.8375923243065936 -0.31375005699231057 -0.4472135954999579 -0.22573907030675272 -0.5466923892662394 0.8063307656634549 1.0 1.0 -0.7444260921127234 1.626600686518292 0.8944271909999159 -1.6751846486131872 -0.6275001139846211 -0.8944271909999159 2.0 3.0
s -0.8375923243065936 -0.31375005699231057 -0.4472135954999579 0.2751927418019831 -0.9302931932717461 0.24253562503633297 -0.4926817704433339 0.08016495448787829 0.8665092343101592 1.0 1.0 -1.6751846486131872 -0.6275001139846211 -0.8944271909999159 0.5503854836039662 -1.8605863865434922 0.48507125007266594 2.0 4.0
s 0.2751927418019831 -0.9302931932717461 0.24253562503633297 0.9989876708478425 0.044984814037660234 1e-09 -0.011219390164137527 0.24915144632191416 0.9683995467161491 1.0 1.0 0.5503854836039662 -1.8605863865434922 0.48507125007266594 0.9989876708478425 0.044984814037660234 1e-09 1.0 5.0
p 0.9947815528859508 -0.10202775131216175 -1e-08 0.4973907764429754 -0.05101387565608088 -5e-09
p 0.9998942329096988 -0.014543830063819067 9.999999999995002e-07 1.9997884658193976 -0.029087660127638134 1.9999999999990004e-06
p 0.9650821266636345 0.26194749243769383 2.9999999999999984e-08 0.48254106333181723 0.13097374621884691 1.4999999999999992e-08
p 0.9784145128476845 0.2066519805107807 -2e-08 0.4892072564238423 0.10332599025539035 -1e-08
p 0.8700154801570573 0.49302440536659536 -1e-08 0.43500774007852866 0.24651220268329768 -5e-09
p 0.9619241506705044 0.273316535095883 -9.99999999999995e-08 0.9619241506705044 0.273316535095883 -9.99999999999995e-08
p 0.9956019826568001 0.09368400146154136 -4.999999999999993e-08 0.49780099132840006 0.04684200073077068 -2.4999999999999966e-08
p 0.9498310353869027 0.31276349565741196 1.9999999999999997e-08 1.8996620707738054 0.6255269913148239 3.9999999999999994e-08
p 0.9979145595297491 -0.06454867836406095 1e-08 1.9958291190594981 -0.1290973567281219 2e-08
p 0.9115473877061532 -0.411195038839341 2.9999999999999984e-08 0.9115473877061532 -0.411195038839341 2.9999999999999984e-08
p 0.5137558926012863 0.8579364095417829 -9.99999999999995e-08 0.25687794630064315 0.4289682047708914 -4.999999999999975e-08
p 0.09018854582803391 0.9959247091027633 2.9999999999999984e-08 0.04509427291401696 0.49796235455138166 1.4999999999999992e-08
p 0.39015129169595303 0.9207507640984989 9.99999999999995e-08 0.7803025833919061 1.8415015281969978 1.99999999999999e-07
p 0.9630312956406599 0.26938953880333016 2.9999999999999984e-08 0.48151564782032996 0.13469476940166508 1.4999999999999992e-08
p 0.9185228999761813 0.39536778095634695 9.999999999995e-07 0.9185228999761813 0.39536778095634695 9.999999999995e-07
p 0.4308070683307434 0.9024440535984877 -9.999999999995e-07 0.2154035341653717 0.45122202679924384 -4.9999999999975e-07
p 0.8783967636110903 -0.47793213501244347 -9.99999999999995e-08 0.8783967636110903 -0.47793213501244347 -9.99999999999995e-08
p 0.9898875815535294 0.14185406545497298 -2.9999999999999984e-08 0.4949437907767647 0.07092703272748649 -1.4999999999999992e-08
p 0.4327272557376581 0.9015248871444179 -9.999999999995e-07 0.8654545114753162 1.8030497742888358 -1.999999999999e-06
p 0.6931892974462556 0.7207555743148757 1.9999999999999997e-08 0.3465946487231278 0.36037778715743785 9.999999999999999e-09
p 0.9059978191643797 0.4232823545440894 -9.999999999995002e-07 0.9059978191643797 0.4232823545440894 -9.999999999995002e-07
p 0.6946884199168736 0.7193107807014903 9.99999999999995e-08 0.6946884199168736 0.7193107807014903 9.99999999999995e-08
p 0.9999691338160743 0.00785693420677456 1.9999999999999997e-08 1.9999382676321487 0.01571386841354912 3.9999999999999994e-08
p 0.9892484654768644 0.14624456759711812 2.9999999999999984e-08 0.4946242327384322 0.07312228379855906 1.4999999999999992e-08
p 0.7669718815348192 0.6416807094926096 1.9999999999999997e-08 0.7669718815348192 0.6416807094926096 1.9999999999999997e-08
p 0.39421059431458 0.9190201343442569 9.99999999999995e-08 0.78842118862916 1.8380402686885138 1.99999999999999e-07
p 0.6879146268506351 0.7257916134572935 9.999999999999948e-08 0.6879146268506351 0.7257916134572935 9.999999999999948e-08
p 0.8289162479945702 0.5593727324518013 9.99999999999995e-08 1.6578324959891404 1.1187454649036026 1.99999999999999e-07
p 0.24703944781490753 0.9690054237326555 -4.9999999999999945e-08 0.24703944781490753 0.9690054237326555 -4.9999999999999945e-08
p 0.8868017531367977 -0.46215003043762737 4.9999999999999945e-08 0.4434008765683988 -0.23107501521881368 2.4999999999999972e-08
p 0.8886402078317662 -0.4586050381588872 -2.9999999999999984e-08 0.8886402078317662 -0.4586050381588872 -2.9999999999999984e-08
p 0.2211678809446082 0.9752357501842679 9.999999999995002e-07 0.1105839404723041 0.48761787509213395 4.999999999997501e-07
p 0.9007487301027656 0.4343405636332571 9.999999999995002e-07 0.4503743650513828 0.21717028181662856 4.999999999997501e-07
p 0.8489933209775158 0.5284035777089027 1.9999999999999997e-08 0.4244966604887579 0.26420178885445134 9.999999999999999e-09
p 0.7250328654036337 0.6887142688260467 1.9999999999999997e-08 0.7250328654036337 0.6887142688260467 1.9999999999999997e-08
p 0.9580837507968494 -0.28648826583132453 -2.9999999999999984e-08 0.4790418753984247 -0.14324413291566226 -1.4999999999999992e-08
p 0.016516784997540224 0.9998635886026329 9.99999999999995e-08 0.03303356999508045 1.9997271772052658 1.99999999999999e-07
p 0.4031433769324931 0.915136830007112 1e-08 0.8062867538649862 1.830273660014224 2e-08
p 0.9845303283212599 -0.17521424775292274 9.99999999999995e-08 0.9845303283212599 -0.17521424775292274 9.99999999999995e-08
p 0.956739753276492 0.2909450884624747 -2e-08 1.913479506552984 0.5818901769249494 -4e-08
case 66 6 40
s 0.9987502603949663 0.04997916927067833 0.0 1.0 0.0 3e-09 2.9999999999999946e-09 -5.994999166468195e-08 -0.9999999999999982 1.0 1.0 0.09987502603949663 0.004997916927067834 0.0 0.1 0.0 3e-10 0.1 0.0
s 0.8775825618903728 0.479425538604203 0.0 0.9987502603949663 0.04997916927067833 0.0 0.0 0.0 -1.0 1.0 1.0 0.4387912809451864 0.2397127693021015 0.0 0.09987502603949663 0.004997916927067834 0.0 0.1 1.0
s -0.3722130460563617 0.813300343259146 0.4472135954999579 0.8775825618903728 0.479425538604203 0.0 -0.21483604456352498 0.3932547417548017 -0.8939777301721019 1.0 1.0 -0.18610652302818084 0.406650171629573 0.22360679774997896 0.4387912809451864 0.2397127693021015 0.0 0.5 2.0
s -0.8375923243065936 -0.31375005699231057 -0.4472135954999579 -0.3722130460563617 0.813300343259146 0.4472135954999579 0.22573907030675272 0.5466923892662394 -0.8063307656634549 1.0 1.0 -0.4187961621532968 -0.15687502849615528 -0.22360679774997896 -0.18610652302818084 0.406650171629573 0.22360679774997896 0.5 3.0
s 0.2751927418019831 -0.9302931932717461 0.24253562503633297 -0.8375923243065936 -0.31375005699231057 -0.4472135954999579 0.4926817704433339 -0.08016495448787829 -0.8665092343101592 1.0 1.0 0.13759637090099155 -0.46514659663587304 0.12126781251816648 -0.4187961621532968 -0.15687502849615528 -0.22360679774997896 0.5 4.0
s 1.0 0.0 3e-09 0.2751927418019831 -0.9302931932717461 0.24253562503633297 2.9029657721163705e-09 -0.2522762431940222 -0.9676552573721234 1.0 1.0 0.1 0.0 3e-10 0.13759637090099155 -0.46514659663587304 0.12126781251816648 0.1 5.0
p 0.6893179608569948 0.7244589352337051 -2.9999999999999984e-08 1.3786359217139896 1.4489178704674102 -5.999999999999997e-08
p 0.24172951792549152 0.9703436711616708 2.9999999999999984e-08 0.12086475896274576 0.4851718355808354 1.4999999999999992e-08
p 0.3604616348738379 0.9327740400461835 -2.9999999999999984e-08 0.18023081743691896 0.46638702002309174 -1.4999999999999992e-08
p 0.9429045134174805 0.3330631750538359 -4.9999999999999945e-08 0.9429045134174805 0.3330631750538359 -4.9999999999999945e-08
p 0.8365504426354703 0.5478899131453224 9.99999999999995e-08 0.41827522131773515 0.2739449565726612 4.999999999999975e-08
p 0.9132334087538589 0.407436794037808 1e-08 0.9132334087538589 0.407436794037808 1e-08
p 0.7454422960548465 0.6665701637880864 -4.9999999999999945e-08 1.490884592109693 1.3331403275761728 -9.999999999999989e-08
p 0.6522153103701115 0.7580337650255549 -2.9999999999999984e-08 1.304430620740223 1.5160675300511097 -5.999999999999997e-08
p 0.9268918129387806 -0.3753286121614758 -2.9999999999999984e-08 0.9268918129387806 -0.3753286121614758 -2.9999999999999984e-08
p 0.9563013093523154 0.29238297784078493 4.9999999999999945e-08 1.9126026187046308 0.5847659556815699 9.999999999999989e-08
p 0.8566282810095407 0.5159340928593874 -1.9999999999999997e-08 0.8566282810095407 0.5159340928593874 -1.9999999999999997e-08
p 0.9048389303139933 -0.425754048939321 4.999999999999993e-08 0.9048389303139933 -0.425754048939321 4.999999999999993e-08
p 0.6434307658468609 0.7655043106094911 -9.99999999999995e-08 1.2868615316937217 1.5310086212189822 -1.99999999999999e-07
p 0.4831320133583582 0.8755475187945536 9.999999999995e-07 0.4831320133583582 0.8755475187945536 9.999999999995e-07
p 0.9421445085273086 -0.33520698836962853 1e-08 1.8842890170546172 -0.6704139767392571 2e-08
p 0.9930588291661993 0.11761871371111643 -1e-08 0.4965294145830996 0.058809356855558215 -5e-09
p 0.9695428067217453 -0.24492191803536187 1e-08 0.9695428067217453 -0.24492191803536187 1e-08
p 0.795004046473827 0.6066041263379611 1e-08 1.590008092947654 1.2132082526759222 2e-08
p 0.9801917160196895 0.19805100314405544 9.99999999999995e-08 0.49009585800984473 0.09902550157202772 4.999999999999975e-08
p 0.9996109335880515 0.027892318857016134 -4.999999999999993e-08 1.999221867176103 0.05578463771403227 -9.999999999999986e-08
p 0.9387122228875433 0.34470184595027153 4.999999999999993e-08 1.8774244457750866 0.6894036919005431 9.999999999999986e-08
p 0.98849488246221 -0.15125431347905238 4.9999999999999945e-08 0.494247441231105 -0.07562715673952619 2.4999999999999972e-08
p 0.9961622084246692 -0.08752630751080613 9.99999999999995e-08 1.9923244168493384 -0.17505261502161226 1.99999999999999e-07
p 0.8949705955723369 -0.446125131617674 9.99999999999995e-08 0.44748529778616847 -0.223062565808837 4.999999999999975e-08
p 0.19465916309716005 0.9808709447334601 4.999999999999993e-08 0.19465916309716005 0.9808709447334601 4.999999999999993e-08
p 0.9999318091050039 -0.011678062338600666 -9.99999999999995e-08 0.49996590455250195 -0.005839031169300333 -4.999999999999975e-08
p 0.4863831265595686 0.8737456461683445 -2.9999999999999984e-08 0.4863831265595686 0.8737456461683445 -2.9999999999999984e-08
p 0.994475082337646 -0.10497290416827723 -9.99999999999995e-08 0.497237541168823 -0.052486452084138616 -4.999999999999975e-08
p 0.9155663222012004 -0.402167017109755 9.99999999999995e-08 1.8311326444024008 -0.80433403421951 1.99999999999999e-07
p 0.9632989026503167 0.26843104170847076 2.9999999999999984e-08 0.9632989026503167 0.26843104170847076 2.9999999999999984e-08
p 0.9604910087853138 0.27831101674667824 1.9999999999999997e-08 0.4802455043926569 0.13915550837333912 9.999999999999999e-09
p 0.9755499513373693 0.21977782519093295 1e-08 0.9755499513373693 0.21977782519093295 1e-08
p 0.9893464088454632 -0.14558050454503016 9.999999999995e-07 0.4946732044227316 -0.07279025227251508 4.9999999999975e-07
p 0.5389052891248665 0.8423663629046698 4.9999999999999945e-08 0.5389052891248665 0.8423663629046698 4.9999999999999945e-08
p 0.010704767390479193 0.9999427023360468 1e-08 0.010704767390479193 0.9999427023360468 1e-08
p 0.961462928012241 -0.2749346068743045 -9.999999999995e-07 1.922925856024482 -0.549869213748609 -1.999999999999e-06
p 0.9311249259286433 0.36470038704994234 -2.9999999999999984e-08 0.46556246296432163 0.18235019352497117 -1.4999999999999992e-08
p 0.9665440543722379 0.25650066463398385 -2.9999999999999984e-08 0.48327202718611895 0.12825033231699193 -1.4999999999999992e-08
p 0.06567571110194825 0.9978410198880646 1.9999999999999997e-08 0.03283785555097413 0.4989205099440323 9.999999999999999e-09
p 0.9878927296917156 -0.15513850141486807 -9.999999999995e-07 0.4939463648458578 -0.07756925070743403 -4.9999999999975e-07
case 67 6 40
s 0.9987502603949663 0.04997916927067833 0.0 0.9553364891255905 -0.29552020666133477 1.7999999999999709e-07 2.6235952149940874e-08 -5.242817042346508e-07 -0.9999999999998622 1.0 1.0 0.09987502603949663 0.004997916927067834 0.0 0.09553364891255905 -0.02955202066613348 1.799999999999971e-08 0.1 0.0
s 0.8775825618903728 0.479425538604203 0.0 0.9987502603949663 0.04997916927067833 0.0 0.0 0.0 -1.0 1.0 1.0 0.8775825618903728 0.479425538604203 0.0 0.09987502603949663 0.004997916927067834 0.0 0.1 1.0
s -0.4161468365471424 0.9092974268256817 0.0 0.8775825618903728 0.479425538604203 0.0 0.0 0.0 -1.0 1.0 1.0 -0.4161468365471424 0.9092974268256817 0.0 0.8775825618903728 0.479425538604203 0.0 1.0 2.0
s -0.9364566872907963 -0.35078322768961984 -0.0 -0.4161468365471424 0.9092974268256817 0.0 0.0 0.0 -1.0 1.0 1.0 -0.9364566872907963 -0.35078322768961984 -0.0 -0.4161468365471424 0.9092974268256817 0.0 1.0 3.0
s 0.2836621854632263 -0.9589242746631386 0.0 -0.9364566872907963 -0.35078322768961984 -0.0 0.0 0.0 -1.0 1.0 1.0 0.2836621854632263 -0.9589242746631386 0.0 -0.9364566872907963 -0.35078322768961984 -0.0 1.0 4.0
s 0.9553364891255905 -0.29552020666133477 1.7999999999999709e-07 0.2836621854632263 -0.9589242746631386 0.0 2.073929132420938e-07 6.134950232697352e-08 -0.9999999999999766 1.0 1.0 0.09553364891255905 -0.02955202066613348 1.799999999999971e-08 0.2836621854632263 -0.9589242746631386 0.0 0.1 5.0
p 0.29967740060919273 0.954040594295708 9.99999999999995e-08 0.14983870030459637 0.477020297147854 4.999999999999975e-08
p 0.9476590029355991 -0.3192842215880645 -9.99999999999995e-08 0.9476590029355991 -0.3192842215880645 -9.99999999999995e-08
p 0.8870386362548575 0.46169520009538945 2.9999999999999984e-08 0.8870386362548575 0.46169520009538945 2.9999999999999984e-08
p 0.6873252773502515 0.7263497526091667 4.9999999999999945e-08 0.6873252773502515 0.7263497526091667 4.9999999999999945e-08
p 0.9966143290664122 -0.08221848392846458 -9.99999999999995e-08 0.4983071645332061 -0.04110924196423229 -4.999999999999975e-08
p 0.9827485417286311 0.18494675917476613 -9.999999999995e-07 1.9654970834572623 0.36989351834953227 -1.999999999999e-06
p 0.2644024757506607 0.9644124277594719 -4.999999999999993e-08 0.2644024757506607 0.9644124277594719 -4.999999999999993e-08
p 0.9917438493130188 0.1282346963570941 -2e-08 1.9834876986260377 0.2564693927141882 -4e-08
p 0.9979685288200055 0.0637088336483515 1.9999999999999997e-08 0.49898426441000276 0.03185441682417575 9.999999999999999e-09
p 0.2699613905504814 0.9628711479798571 -4.999999999999993e-08 0.2699613905504814 0.9628711479798571 -4.999999999999993e-08
p 0.9474894637586866 -0.31978698545324913 9.999999999995e-07 0.4737447318793433 -0.15989349272662456 4.9999999999975e-07
p 0.8794923797111666 -0.47591296896595364 1.9999999999999997e-08 0.8794923797111666 -0.47591296896595364 1.9999999999999997e-08
p 0.3596229004600502 0.9330977277138236 -1e-08 0.3596229004600502 0.9330977277138236 -1e-08
p 0.991948712448689 0.12664024585962874 2.9999999999999984e-08 1.983897424897378 0.2532804917192575 5.999999999999997e-08
p 0.7994440219671446 0.6007405893902917 -1.9999999999999997e-08 0.3997220109835723 0.30037029469514587 -9.999999999999999e-09
p 0.7980063638673826 0.6026490215923018 -9.999999999995e-07 0.7980063638673826 0.6026490215923018 -9.999999999995e-07
p 0.9789647644988114 -0.20402938481940852 1.9999999999999997e-08 0.9789647644988114 -0.20402938481940852 1.9999999999999997e-08
p 0.656894895496033 0.7539821591199993 -1e-08 0.3284474477480165 0.37699107955999966 -5e-09
p 0.20829363271928342 0.9780663385315966 1.9999999999999997e-08 0.41658726543856683 1.9561326770631933 3.9999999999999994e-08
p 0.6539923094335686 0.7565011957695423 9.999999999995e-07 0.3269961547167843 0.37825059788477117 4.9999999999975e-07
p 0.9538131621035507 -0.30040048568207217 -2.9999999999999984e-08 0.47690658105177536 -0.15020024284103609 -1.4999999999999992e-08
p 0.3525373561168403 0.9357977412572376 -1.9999999999999997e-08 0.3525373561168403 0.9357977412572376 -1.9999999999999997e-08
p 0.9919660116582628 0.1265046707232554 -1e-08 0.4959830058291314 0.0632523353616277 -5e-09
p 0.9972907791643203 0.07356019163802432 -2e-08 0.49864538958216015 0.03678009581901216 -1e-08
p 0.9910770324796203 0.1332903435751801 9.999999999995e-07 0.9910770324796203 0.1332903435751801 9.999999999995e-07
p 0.3169929804063381 0.9484278835911073 -1e-08 0.15849649020316905 0.47421394179555365 -5e-09
p 0.9734227095360712 -0.229015782334873 -9.999999999995002e-07 1.9468454190721425 -0.458031564669746 -1.9999999999990004e-06
p 0.8039550494205631 0.5946900692883479 9.999999999995e-07 0.40197752471028153 0.29734503464417394 4.9999999999975e-07
p 0.4224970572412029 0.9063642957566914 -1.9999999999999997e-08 0.4224970572412029 0.9063642957566914 -1.9999999999999997e-08
p 0.6310722360708722 0.7757240700535912 1.9999999999999997e-08 0.6310722360708722 0.7757240700535912 1.9999999999999997e-08
p 0.35538052055739244 0.9347217155968652 9.99999999999995e-08 0.17769026027869622 0.4673608577984326 4.999999999999975e-08
p 0.9381342949806726 0.34627163409831 -4.999999999999993e-08 0.4690671474903363 0.173135817049155 -2.4999999999999966e-08
p 0.3297366851670245 0.9440729412789355 -4.9999999999999945e-08 0.16486834258351224 0.47203647063946774 -2.4999999999999972e-08
p 0.08973182183362341 0.9959659633493596 2.9999999999999984e-08 0.17946364366724682 1.9919319266987192 5.999999999999997e-08
p -0.005569582331167255 0.9999844897560439 -2.9999999999999984e-08 -0.0027847911655836275 0.49999224487802196 -1.4999999999999992e-08
p 0.8815375892427164 -0.47211384088177166 2.9999999999999984e-08 1.7630751784854328 -0.9442276817635433 5.999999999999997e-08
p 0.998490500641929 -0.05492467684775166 -9.999999999995e-07 0.998490500641929 -0.05492467684775166 -9.999999999995e-07
p 0.43358422050198997 0.9011130471431882 2e-08 0.43358422050198997 0.9011130471431882 2e-08
p 0.9226852383520999 0.38555408301187527 -1.9999999999999997e-08 0.9226852383520999 0.38555408301187527 -1.9999999999999997e-08
p 0.6847840091781728 0.728746087999015 1e-08 1.3695680183563457 1.45749217599803 2e-08
case 68 6 40
s 0.9553364891255631 -0.2955202066613263 -2.9999999999998654e-07 0.9987502603949663 0.04997916927067833 0.0 4.372658691655742e-08 -8.738028403908707e-07 0.9999999999996173 1.0 1.0 0.09553364891255632 -0.02955202066613263 -2.9999999999998654e-08 0.09987502603949663 0.004997916927067834 0.0 0.1 0.0
s 0.9987502603949663 0.04997916927067833 0.0 0.8775825618903728 0.479425538604203 0.0 0.0 0.0 1.0 1.0 1.0 0.09987502603949663 0.004997916927067834 0.0 0.4387912809451864 0.2397127693021015 0.0 0.1 1.0
s 0.8775825618903728 0.479425538604203 0.0 -0.39859637855648306 0.8709489764975944 -0.2873478855663454 -0.13807921244038343 0.25275230299584717 0.9576274872945841 1.0 1.0 0.4387912809451864 0.2397127693021015 0.0 -0.19929818927824153 0.4354744882487972 -0.1436739427831727 0.5 2.0
s -0.39859637855648306 0.8709489764975944 -0.2873478855663454 -0.8969628300582488 -0.3359893958958339 0.2873478855663454 0.1537435140353627 0.3723343456140114 0.9152759512672909 1.0 1.0 -0.19929818927824153 0.4354744882487972 -0.1436739427831727 -0.4484814150291244 -0.16799469794791694 0.1436739427831727 0.5 3.0
s -0.8969628300582488 -0.3359893958958339 0.2873478855663454 0.2805238471386536 -0.9483150748622418 -0.14834045293024462 0.3224329819611792 -0.05246353097466939 0.9451373180979005 1.0 1.0 -0.4484814150291244 -0.16799469794791694 0.1436739427831727 0.1402619235693268 -0.4741575374311209 -0.07417022646512231 0.5 4.0
s 0.2805238471386536 -0.9483150748622418 -0.14834045293024462 0.9553364891255631 -0.2955202066613263 -2.9999999999998654e-07 -0.052416892199998934 -0.1694505616860984 0.9841437783964087 1.0 1.0 0.1402619235693268 -0.4741575374311209 -0.07417022646512231 0.09553364891255632 -0.02955202066613263 -2.9999999999998654e-08 0.1 5.0
p 0.7186410037868621 0.6953812678496674 -1.9999999999999997e-08 1.4372820075737243 1.3907625356993347 -3.9999999999999994e-08
p 0.01094986151335405 0.9999400484693213 -9.99999999999995e-08 0.0218997230267081 1.9998800969386425 -1.99999999999999e-07
p 0.754687771714578 0.6560841159664553 -9.999999999995002e-07 0.754687771714578 0.6560841159664553 -9.999999999995002e-07
p 0.3144566293470542 0.9492718410759317 1.9999999999999997e-08 0.1572283146735271 0.4746359205379658 9.999999999999999e-09
p 0.473774526464822 0.8806461821146065 2.9999999999999984e-08 0.473774526464822 0.8806461821146065 2.9999999999999984e-08
p 0.984788702565141 0.1737561834872831 1e-08 0.4923943512825705 0.08687809174364156 5e-09
p 0.9322034799878345 -0.3619346237907755 2.9999999999999984e-08 0.46610173999391724 -0.18096731189538776 1.4999999999999992e-08
p 0.8022585947708419 0.5969766721709597 -1.9999999999999997e-08 1.6045171895416839 1.1939533443419195 -3.9999999999999994e-08
p 0.4533191644555331 0.8913482681518684 4.9999999999999945e-08 0.22665958222776655 0.4456741340759342 2.4999999999999972e-08
p 0.9942802771126169 0.10680229653362942 1.9999999999999997e-08 0.9942802771126169 0.10680229653362942 1.9999999999999997e-08
p 0.5288372763409349 0.8487232382539622 9.99999999999995e-08 0.5288372763409349 0.8487232382539622 9.99999999999995e-08
p 0.9519164694855274 -0.30635769146735836 -9.999999999995002e-07 0.4759582347427637 -0.15317884573367918 -4.999999999997501e-07
p 0.9722016934827087 0.23414497045495838 1e-08 1.9444033869654174 0.46828994090991677 2e-08
p 0.7524627633833708 0.6586347923709021 -1e-08 0.7524627633833708 0.6586347923709021 -1e-08
p 0.13838518009146622 0.9903784841822102 2e-08 0.13838518009146622 0.9903784841822102 2e-08
p 0.8975846453060675 0.44084215373620833 4.9999999999999945e-08 0.44879232265303376 0.22042107686810417 2.4999999999999972e-08
p 0.9746681771002217 -0.22365586186847092 -4.9999999999999945e-08 1.9493363542004434 -0.44731172373694184 -9.999999999999989e-08
p 0.6559261337296374 0.7548250837713861 9.99999999999995e-08 1.3118522674592747 1.5096501675427723 1.99999999999999e-07
p 0.9013972217993442 0.43299312758105457 1.9999999999999997e-08 0.4506986108996721 0.21649656379052729 9.999999999999999e-09
p 0.9199042254643739 0.39214310649658235 1.9999999999999997e-08 0.45995211273218695 0.19607155324829117 9.999999999999999e-09
p 0.8111012118996482 0.5849058249452822 2.9999999999999984e-08 0.4055506059498241 0.2924529124726411 1.4999999999999992e-08
p 0.8805975063471265 -0.47386499323670445 1.9999999999999997e-08 0.8805975063471265 -0.47386499323670445 1.9999999999999997e-08
p 0.09992024965188882 0.9949954490898457 -1.9999999999999997e-08 0.09992024965188882 0.9949954490898457 -1.9999999999999997e-08
p 0.9910037574867657 -0.13383404890427428 -9.999999999995e-07 1.9820075149735314 -0.26766809780854856 -1.999999999999e-06
p 0.9803587551495974 -0.19722249162182823 -9.99999999999995e-08 0.4901793775747987 -0.09861124581091411 -4.999999999999975e-08
p 0.03105884044263223 0.9995175578399558 9.99999999999995e-08 0.03105884044263223 0.9995175578399558 9.99999999999995e-08
p 0.011824011796005661 0.9999300939285947 -9.999999999995002e-07 0.011824011796005661 0.9999300939285947 -9.999999999995002e-07
p 0.9127930960262233 0.40842228617799675 1.9999999999999997e-08 0.45639654801311164 0.20421114308899838 9.999999999999999e-09
p 0.8543927900771644 0.5196277131400507 -9.999999999995002e-07 0.4271963950385822 0.25981385657002537 -4.999999999997501e-07
p 0.6991181318638371 0.7150061801825339 -1.9999999999999997e-08 1.3982362637276742 1.4300123603650678 -3.9999999999999994e-08
p 0.6504178224905836 0.7595766295678191 9.999999999995002e-07 0.6504178224905836 0.7595766295678191 9.999999999995002e-07
p 0.38332436716944807 0.9236137880814368 2.9999999999999984e-08 0.7666487343388961 1.8472275761628736 5.999999999999997e-08
p 0.9710350358176222 0.23893714490147702 9.999999999995002e-07 1.9420700716352444 0.47787428980295404 1.9999999999990004e-06
p 0.9996592977410672 0.026101502635593476 -1.9999999999999997e-08 0.4998296488705336 0.013050751317796738 -9.999999999999999e-09
p 0.1650529161741471 0.9862847128803175 9.999999999995002e-07 0.3301058323482942 1.972569425760635 1.9999999999990004e-06
p 0.8038152494688873 0.594879016877607 -4.9999999999999945e-08 0.8038152494688873 0.594879016877607 -4.9999999999999945e-08
p 0.7201419268396646 0.6938267832879146 1.9999999999999997e-08 0.3600709634198323 0.3469133916439573 9.999999999999999e-09
p 0.8871561494319237 -0.46146935599682265 9.999999999995e-07 0.44357807471596183 -0.23073467799841132 4.9999999999975e-07
p 0.9707601203042346 -0.24005163783425315 1.9999999999999997e-08 0.9707601203042346 -0.24005163783425315 1.9999999999999997e-08
p 0.9992213957686457 -0.03945379876716531 9.999999999995002e-07 1.9984427915372913 -0.07890759753433062 1.9999999999990004e-06
case 69 6 40
s 0.9995500337489875 0.02999550020249566 -1e-08 0.9987502603949663 0.04997916927067833 0.0 2.499125068539371e-08 -4.994084234264441e-07 0.9999999999998749 1.0 1.0 0.09995500337489877 0.002999550020249566 -1e-09 0.09987502603949663 0.004997916927067834 0.0 0.1 0.0
s 0.9987502603949663 0.04997916927067833 0.0 0.8775825618903728 0.479425538604203 0.0 0.0 0.0 1.0 1.0 1.0 0.09987502603949663 0.004997916927067834 0.0 1.7551651237807455 0.958851077208406 0.0 0.1 1.0
s 0.8775825618903728 0.479425538604203 0.0 -0.3722130460563617 0.813300343259146 0.4472135954999579 0.21483604456352498 -0.3932547417548017 0.8939777301721019 1.0 1.0 1.7551651237807455 0.958851077208406 0.0 -0.7444260921127234 1.626600686518292 0.8944271909999159 2.0 2.0
s -0.3722130460563617 0.813300343259146 0.4472135954999579 -0.8375923243065936 -0.31375005699231057 -0.4472135954999579 -0.22573907030675272 -0.5466923892662394 0.8063307656634549 1.0 1.0 -0.7444260921127234 1.626600686518292 0.8944271909999159 -1.6751846486131872 -0.6275001139846211 -0.8944271909999159 2.0 3.0
s -0.8375923243065936 -0.31375005699231057 -0.4472135954999579 0.2751927418019831 -0.9302931932717461 0.24253562503633297 -0.4926817704433339 0.08016495448787829 0.8665092343101592 1.0 1.0 -1.6751846486131872 -0.6275001139846211 -0.8944271909999159 0.5503854836039662 -1.8605863865434922 0.48507125007266594 2.0 4.0
s 0.2751927418019831 -0.9302931932717461 0.24253562503633297 0.9995500337489875 0.02999550020249566 -1e-08 -0.007507911673183996 0.2501889615886539 0.9681679166144159 1.0 1.0 0.5503854836039662 -1.8605863865434922 0.48507125007266594 0.09995500337489877 0.002999550020249566 -1e-09 0.1 5.0
p 0.9951669535425267 -0.0981974265237461 9.999999999995e-07 1.9903339070850534 -0.1963948530474922 1.999999999999e-06
p 0.9340593939108206 0.3571176957908276 -1.9999999999999997e-08 0.4670296969554103 0.1785588478954138 -9.999999999999999e-09
p 0.9583582478392783 -0.2855686761506383 -1.9999999999999997e-08 1.9167164956785565 -0.5711373523012766 -3.9999999999999994e-08
p 0.9999981366768917 0.0019304514328970029 -9.99999999999995e-08 0.4999990683384459 0.0009652257164485014 -4.999999999999975e-08
p 0.9979091915958629 -0.06463161245466961 -2.9999999999999984e-08 1.9958183831917258 -0.12926322490933922 -5.999999999999997e-08
p 0.8971155977926382 0.4417958852198121 1e-08 1.7942311955852763 0.8835917704396242 2e-08
p 0.022368083758127145 0.9997498031152537 2.9999999999999984e-08 0.011184041879063572 0.49987490155762687 1.4999999999999992e-08
p 0.9964822216968567 0.08380442614859908 1.9999999999999997e-08 0.49824111084842837 0.04190221307429954 9.999999999999999e-09
p 0.9578656911705803 0.28721649966236984 -4.9999999999999945e-08 0.47893284558529015 0.14360824983118492 -2.4999999999999972e-08
p 0.9350979761673045 -0.3543892986079137 -4.9999999999999945e-08 0.46754898808365225 -0.17719464930395684 -2.4999999999999972e-08
p 0.31145047183595115 0.9502623867086152 9.99999999999995e-08 0.31145047183595115 0.9502623867086152 9.99999999999995e-08
p 0.9833559878823834 0.18168929824249982 9.99999999999995e-08 1.9667119757647669 0.36337859648499965 1.99999999999999e-07
p 0.9781411988414013 0.20794180707377094 -2.9999999999999984e-08 0.48907059942070064 0.10397090353688547 -1.4999999999999992e-08
p 0.8276254392828002 0.5612807962615056 4.9999999999999945e-08 0.4138127196414001 0.2806403981307528 2.4999999999999972e-08
p 0.09963939479162778 0.9950236132904362 4.999999999999993e-08 0.04981969739581389 0.4975118066452181 2.4999999999999966e-08
p 0.9636659319957388 -0.267110410710224 9.999999999995002e-07 1.9273318639914776 -0.534220821420448 1.9999999999990004e-06
p 0.25959146684313383 0.9657185254214761 -1e-08 0.12979573342156692 0.48285926271073804 -5e-09
p 0.8045110436356456 0.5939376908963465 -9.999999999995e-07 0.8045110436356456 0.5939376908963465 -9.999999999995e-07
p 0.9525019269544667 -0.30453255843674165 -1.9999999999999997e-08 1.9050038539089333 -0.6090651168734833 -3.9999999999999994e-08
p 0.9008398302363659 -0.4341515867294677 -2.9999999999999984e-08 0.9008398302363659 -0.4341515867294677 -2.9999999999999984e-08
p 0.7914102922404292 0.6112853256343701 -1.9999999999999997e-08 1.5828205844808585 1.2225706512687402 -3.9999999999999994e-08
p 0.8639673110407898 0.5035478978736232 -4.9999999999999945e-08 1.7279346220815797 1.0070957957472464 -9.999999999999989e-08
p 0.4371564781273029 0.8993854644318711 -1.9999999999999997e-08 0.4371564781273029 0.8993854644318711 -1.9999999999999997e-08
p 0.9388869347260046 -0.34422568730528735 -9.99999999999995e-08 0.9388869347260046 -0.34422568730528735 -9.99999999999995e-08
p 0.9894353998329181 0.14497444449789293 2.9999999999999984e-08 0.9894353998329181 0.14497444449789293 2.9999999999999984e-08
p 0.9742131375954185 -0.22562970224793127 -1e-08 0.48710656879770925 -0.11281485112396564 -5e-09
p 0.6133235125558401 0.7898317978824136 -1.9999999999999997e-08 0.30666175627792003 0.3949158989412068 -9.999999999999999e-09
p 0.0025642416972549683 0.9999967123268546 -1e-08 0.0012821208486274841 0.4999983561634273 -5e-09
p 0.7489770577019715 0.6625959304403308 -9.99999999999995e-08 1.497954115403943 1.3251918608806617 -1.99999999999999e-07
p 0.10051781507817843 0.9949352586228458 9.999999999995e-07 0.10051781507817843 0.9949352586228458 9.999999999995e-07
p 0.20650163052925297 0.9784462563619726 2.9999999999999984e-08 0.10325081526462648 0.4892231281809863 1.4999999999999992e-08
p 0.3277646139141901 0.9447594179819968 2.999999999999999e-08 0.16388230695709505 0.4723797089909984 1.4999999999999995e-08
p 0.9776451857489495 -0.2102614819264361 2.9999999999999984e-08 0.48882259287447477 -0.10513074096321805 1.4999999999999992e-08
p 0.9972515417780122 0.07409023161907237 -9.99999999999995e-08 0.9972515417780122 0.07409023161907237 -9.99999999999995e-08
p 0.9246114674214875 -0.3809115833270015 1.9999999999999997e-08 1.849222934842975 -0.761823166654003 3.9999999999999994e-08
p 0.010228954187271783 0.9999476828795764 -2.9999999999999984e-08 0.010228954187271783 0.9999476828795764 -2.9999999999999984e-08
p 0.8371898860282768 0.5469123281952603 -2.9999999999999984e-08 0.8371898860282768 0.5469123281952603 -2.9999999999999984e-08
p 0.12155027942104565 0.9925852757182456 1e-08 0.06077513971052283 0.4962926378591228 5e-09
p 0.7685148890923913 0.6398319038953197 9.999999999995002e-07 1.5370297781847826 1.2796638077906395 1.9999999999990004e-06
p 0.9265065085932045 -0.3762787391474973 1e-08 0.46325325429660225 -0.18813936957374866 5e-09
case 70 6 40
s 0.9987502603949663 0.04997916927067833 0.0 0.9992001066609331 0.03998933418663237 -2.9999999999998654e-07 -1.499400067321782e-06 2.996300717932151e-05 -0.999999999549985 1.0 1.0 0.9987502603949663 0.04997916927067833 0.0 0.9992001066609331 0.03998933418663237 -2.9999999999998654e-07 1.0 0.0
s 0.8775825618903728 0.479425538604203 0.0 0.9987502603949663 0.04997916927067833 0.0 0.0 0.0 -1.0 1.0 1.0 1.7551651237807455 0.958851077208406 0.0 0.9987502603949663 0.04997916927067833 0.0 1.0 1.0
s -0.39859637855648306 0.8709489764975944 -0.2873478855663454 0.8775825618903728 0.479425538604203 0.0 0.13807921244038343 -0.25275230299584717 -0.9576274872945841 1.0 1.0 -0.7971927571129661 1.7418979529951888 -0.5746957711326908 1.7551651237807455 0.958851077208406 0.0 2.0 2.0
s -0.8969628300582488 -0.3359893958958339 0.2873478855663454 -0.39859637855648306 0.8709489764975944 -0.2873478855663454 -0.1537435140353627 -0.3723343456140114 -0.9152759512672909 1.0 1.0 -1.7939256601164977 -0.6719787917916678 0.5746957711326908 -0.7971927571129661 1.7418979529951888 -0.5746957711326908 2.0 3.0
s 0.2805238471386536 -0.9483150748622418 -0.14834045293024462 -0.8969628300582488 -0.3359893958958339 0.2873478855663454 -0.3224329819611792 0.05246353097466939 -0.9451373180979005 1.0 1.0 0.5610476942773072 -1.8966301497244835 -0.29668090586048923 -1.7939256601164977 -0.6719787917916678 0.5746957711326908 2.0 4.0
s 0.9992001066609331 0.03998933418663237 -2.9999999999998654e-07 0.2805238471386536 -0.9483150748622418 -0.14834045293024462 -0.006114646107107896 0.15277720157531835 -0.9882417405583511 1.0 1.0 0.9992001066609331 0.03998933418663237 -2.9999999999998654e-07 0.5610476942773072 -1.8966301497244835 -0.29668090586048923 1.0 5.0
p -0.019779976636798636 0.9998043571240561 -1.9999999999999997e-08 -0.03955995327359727 1.9996087142481123 -3.9999999999999994e-08
p 0.99994984567023 0.010015295506528524 -1e-08 0.99994984567023 0.010015295506528524 -1e-08
p 0.24945790292726938 0.9683856435672304 -9.99999999999995e-08 0.12472895146363469 0.4841928217836152 -4.999999999999975e-08
p 0.9763787626166311 0.216065989711977 9.999999999995e-07 0.4881893813083156 0.1080329948559885 4.9999999999975e-07
p 0.9003175652115988 0.43523359448858906 -2.9999999999999984e-08 0.9003175652115988 0.43523359448858906 -2.9999999999999984e-08
p 0.3711311500343055 0.9285804593432946 9.99999999999995e-08 0.18556557501715276 0.4642902296716473 4.999999999999975e-08
p 0.3535585472344042 0.9354123976495596 -9.999999999995002e-07 0.7071170944688084 1.8708247952991193 -1.9999999999990004e-06
p 0.7397044713746357 0.672931865070581 -9.999999999995e-07 0.7397044713746357 0.672931865070581 -9.999999999995e-07
p 0.23197653490484876 0.9727213821303295 2.9999999999999984e-08 0.23197653490484876 0.9727213821303295 2.9999999999999984e-08
p 0.9281244279401198 -0.37227012539260473 9.999999999995002e-07 0.9281244279401198 -0.37227012539260473 9.999999999995002e-07
p 0.13665880445548126 0.9906181762741881 -2e-08 0.13665880445548126 0.9906181762741881 -2e-08
p 0.24851147562130696 0.9686289519132288 1.9999999999999997e-08 0.4970229512426139 1.9372579038264577 3.9999999999999994e-08
p 0.9932550761912803 -0.11594978922035225 -9.99999999999995e-08 0.9932550761912803 -0.11594978922035225 -9.99999999999995e-08
p 0.9505283665423926 -0.3106377703986604 2e-08 1.9010567330847852 -0.6212755407973208 4e-08
p 0.20731926620460697 0.9782733369873579 -4.999999999999993e-08 0.20731926620460697 0.9782733369873579 -4.999999999999993e-08
p 0.5347359006162502 0.845019240368009 -2.9999999999999984e-08 0.2673679503081251 0.4225096201840045 -1.4999999999999992e-08
p 0.13787083157544738 0.9904502177296415 -1.9999999999999997e-08 0.13787083157544738 0.9904502177296415 -1.9999999999999997e-08
p 0.9760474402399865 0.21755779554169116 9.99999999999995e-08 0.9760474402399865 0.21755779554169116 9.99999999999995e-08
p 0.4250600682117323 0.905165144275803 4.9999999999999945e-08 0.21253003410586616 0.4525825721379015 2.4999999999999972e-08
p 0.88298157159408 -0.4694076524996675 -1e-08 1.76596314318816 -0.938815304999335 -2e-08
p 0.13926218210384983 0.9902555451173521 9.99999999999995e-08 0.06963109105192491 0.49512777255867607 4.999999999999975e-08
p -0.00411914191592286 0.9999915162989468 9.99999999999995e-08 -0.00823828383184572 1.9999830325978936 1.99999999999999e-07
p 0.9922441570042408 0.12430419498529824 -1.9999999999999997e-08 0.9922441570042408 0.12430419498529824 -1.9999999999999997e-08
p 0.6764752138296113 0.736465399780724 2e-08 1.3529504276592226 1.472930799561448 4e-08
p 0.37489246889145056 0.927068302105337 1.9999999999999997e-08 0.37489246889145056 0.927068302105337 1.9999999999999997e-08
p 0.9167627981887821 0.39943206162885053 1.9999999999999997e-08 1.8335255963775643 0.7988641232577011 3.9999999999999994e-08
p 0.735364815417513 0.677671445647496 -1e-08 1.470729630835026 1.355342891294992 -2e-08
p 0.91972179842355 0.39257077515341154 1.9999999999999997e-08 0.91972179842355 0.39257077515341154 1.9999999999999997e-08
p 0.007711228557683449 0.9999702680350707 -1e-08 0.0038556142788417247 0.49998513401753536 -5e-09
p 0.42624182945229916 0.9046092542225924 4.9999999999999945e-08 0.8524836589045983 1.8092185084451848 9.999999999999989e-08
p 0.9456080939056861 -0.3253080582156769 2.9999999999999984e-08 1.8912161878113722 -0.6506161164313538 5.999999999999997e-08
p 0.9354964428532643 0.353336108272109 -9.99999999999995e-08 0.9354964428532643 0.353336108272109 -9.99999999999995e-08
p 0.999280828181319 -0.03791868179743132 4.9999999999999945e-08 1.998561656362638 -0.07583736359486264 9.999999999999989e-08
p 0.9594315539079041 -0.28194164886703676 -2.9999999999999984e-08 1.9188631078158083 -0.5638832977340735 -5.999999999999997e-08
p 0.9867656130161423 -0.16215309114807547 -2.9999999999999984e-08 0.49338280650807115 -0.08107654557403773 -1.4999999999999992e-08
p 0.9999264423207737 -0.0121288889729547 -4.9999999999999945e-08 0.9999264423207737 -0.0121288889729547 -4.9999999999999945e-08
p 0.0005832557858134299 0.9999998299063284 -4.999999999999993e-08 0.0011665115716268598 1.9999996598126568 -9.999999999999986e-08
p 0.972024893768177 -0.23487785313852835 -2e-08 0.4860124468840885 -0.11743892656926418 -1e-08
p 0.8029991103980589 0.5959802250905024 9.999999999995e-07 0.8029991103980589 0.5959802250905024 9.999999999995e-07
p 0.20672227235408205 0.9783996637942823 -1e-08 0.4134445447081641 1.9567993275885647 -2e-08
case 71 6 40
s 0.9987502603949663 0.04997916927067833 0.0 0.9553364891256013 -0.2955202066613381 9.99999999999995e-08 1.457552897219076e-08 -2.9126761346372254e-07 -0.9999999999999575 1.0 1.0 0.009987502603949663 0.0004997916927067833 0.0 0.009553364891256013 -0.002955202066613381 9.99999999999995e-10 0.01 0.0
s 0.8775825618903728 0.479425538604203 0.0 0.9987502603949663 0.04997916927067833 0.0 0.0 0.0 -1.0 1.0 1.0 1.7551651237807455 0.958851077208406 0.0 0.009987502603949663 0.0004997916927067833 0.0 0.01 1.0
s -0.3722130460563617 0.813300343259146 0.4472135954999579 0.8775825618903728 0.479425538604203 0.0 -0.21483604456352498 0.3932547417548017 -0.8939777301721019 1.0 1.0 -0.7444260921127234 1.626600686518292 0.8944271909999159 1.7551651237807455 0.958851077208406 0.0 2.0 2.0
s -0.8375923243065936 -0.31375005699231057 -0.4472135954999579 -0.3722130460563617 0.813300343259146 0.4472135954999579 0.22573907030675272 0.5466923892662394 -0.8063307656634549 1.0 1.0 -1.6751846486131872 -0.6275001139846211 -0.8944271909999159 -0.7444260921127234 1.626600686518292 0.8944271909999159 2.0 3.0
s 0.2751927418019831 -0.9302931932717461 0.24253562503633297 -0.8375923243065936 -0.31375005699231057 -0.4472135954999579 0.4926817704433339 -0.08016495448787829 -0.8665092343101592 1.0 1.0 0.5503854836039662 -1.8605863865434922 0.48507125007266594 -1.6751846486131872 -0.6275001139846211 -0.8944271909999159 2.0 4.0
s 0.9553364891256013 -0.2955202066613381 9.99999999999995e-08 0.2751927418019831 -0.9302931932717461 0.24253562503633297 -0.08501675619387715 -0.27483638452066717 -0.9577249672582828 1.0 1.0 0.009553364891256013 -0.002955202066613381 9.99999999999995e-10 0.5503854836039662 -1.8605863865434922 0.48507125007266594 0.01 5.0
p 0.8843169501132611 0.46688706529777624 -9.999999999999948e-08 0.8843169501132611 0.46688706529777624 -9.999999999999948e-08
p 0.9719523875427561 0.23517771227292397 9.99999999999995e-08 1.9439047750855123 0.47035542454584794 1.99999999999999e-07
p 0.575529984677909 0.8177806776493537 9.99999999999995e-08 1.151059969355818 1.6355613552987074 1.99999999999999e-07
p 0.04325317491625529 0.9990641435161478 9.99999999999995e-08 0.08650634983251058 1.9981282870322956 1.99999999999999e-07
p 0.9601735169397501 -0.27940439754510277 9.99999999999995e-08 0.48008675846987503 -0.13970219877255138 4.999999999999975e-08
p 0.06676478111180241 0.9977687427470822 -2e-08 0.06676478111180241 0.9977687427470822 -2e-08
p 0.341775759807496 0.9397815331277843 1e-08 0.170887879903748 0.46989076656389217 5e-09
p 0.22614220047595895 0.9740942999339856 9.99999999999995e-08 0.22614220047595895 0.9740942999339856 9.99999999999995e-08
p 0.8858386197763983 -0.4639934694719799 1.9999999999999997e-08 0.44291930988819916 -0.23199673473598995 9.999999999999999e-09
p 0.05011703237754942 0.9987433519501733 9.999999999995e-07 0.05011703237754942 0.9987433519501733 9.999999999995e-07
p 0.8489643083453703 0.5284501898520493 9.999999999995e-07 0.42448215417268514 0.26422509492602464 4.9999999999975e-07
p 0.9189573208736801 -0.3943569986860364 9.99999999999995e-08 0.45947866043684005 -0.1971784993430182 4.999999999999975e-08
p 0.3925781187320916 0.919718663881935 1e-08 0.3925781187320916 0.919718663881935 1e-08
p 0.9808015358214026 -0.1950085827069622 -9.999999999995002e-07 0.4904007679107013 -0.0975042913534811 -4.999999999997501e-07
p 0.938590718927599 -0.3450325525830468 -9.999999999995002e-07 0.938590718927599 -0.3450325525830468 -9.999999999995002e-07
p 0.9901432413119104 0.14005842239702507 -1.9999999999999997e-08 0.4950716206559552 0.07002921119851253 -9.999999999999999e-09
p 0.9464636217411593 -0.3228104904128857 1e-08 0.9464636217411593 -0.3228104904128857 1e-08
p 0.9987440362008762 -0.050103394617364426 9.999999999995002e-07 0.4993720181004381 -0.025051697308682213 4.999999999997501e-07
p -0.006416442447183154 0.9999794144212779 -1e-08 -0.006416442447183154 0.9999794144212779 -1e-08
p 0.9665164284463327 -0.25660474185670273 1e-08 1.9330328568926654 -0.5132094837134055 2e-08
p 0.9992401080504327 0.03897699915795885 -1e-08 0.9992401080504327 0.03897699915795885 -1e-08
p 0.9872113635355165 -0.15941682378703131 2.9999999999999984e-08 0.49360568176775826 -0.07970841189351566 1.4999999999999992e-08
p 0.8090894288346812 0.5876855418912129 2.9999999999999984e-08 1.6181788576693623 1.1753710837824258 5.999999999999997e-08
p 0.7886350379701861 0.6148615916495056 -1.0000000000000002e-08 1.5772700759403722 1.2297231832990112 -2.0000000000000004e-08
p 0.7111075362336011 0.7030832610095159 4.999999999999993e-08 0.35555376811680056 0.35154163050475795 2.4999999999999966e-08
p 0.9251428116016857 -0.3796192541767712 1e-08 1.8502856232033713 -0.7592385083535425 2e-08
p 0.913352665714863 -0.40716938493893884 -2e-08 1.826705331429726 -0.8143387698778777 -4e-08
p 0.9903306117198086 0.13872735667726016 9.99999999999995e-08 0.9903306117198086 0.13872735667726016 9.99999999999995e-08
p 0.6565228442871819 0.7543061413836288 9.99999999999995e-08 1.3130456885743638 1.5086122827672577 1.99999999999999e-07
p 0.9983347043123468 0.05768724439230958 -2.9999999999999984e-08 0.9983347043123468 0.05768724439230958 -2.9999999999999984e-08
p 0.7044369060899626 0.7097666132880576 -4.9999999999999945e-08 0.3522184530449813 0.3548833066440288 -2.4999999999999972e-08
p 0.29664777480303195 0.9549869620599062 2.9999999999999984e-08 0.5932955496060639 1.9099739241198124 5.999999999999997e-08
p 0.9898834520754861 -0.14188287883363232 9.999999999995002e-07 1.9797669041509722 -0.28376575766726464 1.9999999999990004e-06
p 0.575897423669745 0.8175219614240024 4.9999999999999945e-08 1.15179484733949 1.6350439228480047 9.999999999999989e-08
p 0.8846826339888184 -0.4661937763619399 -1e-08 0.8846826339888184 -0.4661937763619399 -1e-08
p 0.9826470524719587 0.1854852292452675 -4.9999999999999945e-08 0.49132352623597936 0.09274261462263375 -2.4999999999999972e-08
p 0.5177764854629795 0.8555159326988627 1e-08 1.035552970925959 1.7110318653977254 2e-08
p 0.9754359080478107 -0.22028342944929627 9.999999999995e-07 1.9508718160956213 -0.44056685889859254 1.999999999999e-06
p 0.8672147173861204 0.49793436710967315 1.9999999999999997e-08 0.4336073586930602 0.24896718355483657 9.999999999999999e-09
p 0.2922391949584374 0.956345258225315 1e-08 0.5844783899168748 1.91269051645063 2e-08
case 72 6 40
s 0.9987502603949663 0.04997916927067833 0.0 0.9992001066609779 0.03998933418663416 1e-08 4.998000226652612e-08 -9.987669064263435e-07 -0.9999999999995001 1.0 1.0 0.09987502603949663 0.004997916927067834 0.0 0.09992001066609779 0.003998933418663416 1e-09 0.1 0.0
s 0.8775825618903728 0.479425538604203 0.0 0.9987502603949663 0.04997916927067833 0.0 0.0 0.0 -1.0 1.0 1.0 0.8775825618903728 0.479425538604203 0.0 0.09987502603949663 0.004997916927067834 0.0 0.1 1.0
s -0.39859637855648306 0.8709489764975944 -0.2873478855663454 0.8775825618903728 0.479425538604203 0.0 0.13807921244038343 -0.25275230299584717 -0.9576274872945841 1.0 1.0 -0.39859637855648306 0.8709489764975944 -0.2873478855663454 0.8775825618903728 0.479425538604203 0.0 1.0 2.0
s -0.8969628300582488 -0.3359893958958339 0.2873478855663454 -0.39859637855648306 0.8709489764975944 -0.2873478855663454 -0.1537435140353627 -0.3723343456140114 -0.9152759512672909 1.0 1.0 -0.8969628300582488 -0.3359893958958339 0.2873478855663454 -0.39859637855648306 0.8709489764975944 -0.2873478855663454 1.0 3.0
s 0.2805238471386536 -0.9483150748622418 -0.14834045293024462 -0.8969628300582488 -0.3359893958958339 0.2873478855663454 -0.3224329819611792 0.05246353097466939 -0.9451373180979005 1.0 1.0 0.2805238471386536 -0.9483150748622418 -0.14834045293024462 -0.8969628300582488 -0.3359893958958339 0.2873478855663454 1.0 4.0
s 0.9992001066609779 0.03998933418663416 1e-08 0.2805238471386536 -0.9483150748622418 -0.14834045293024462 -0.006114343021836519 0.15277728940133592 -0.9882417288561497 1.0 1.0 0.09992001066609779 0.003998933418663416 1e-09 0.2805238471386536 -0.9483150748622418 -0.14834045293024462 0.1 5.0
p 0.4901382789496297 0.8716446910916656 -9.99999999999995e-08 0.4901382789496297 0.8716446910916656 -9.99999999999995e-08
p 0.12605712962971566 0.9920229836397527 -1e-08 0.06302856481485783 0.49601149181987636 -5e-09
p 0.7935416881671884 0.6085158906222325 -9.999999999995002e-07 1.5870833763343768 1.217031781244465 -1.9999999999990004e-06
p 0.9991053033488224 -0.04229175830178541 2.9999999999999984e-08 0.9991053033488224 -0.04229175830178541 2.9999999999999984e-08
p 0.2638814863656926 0.9645551104796621 9.999999999995002e-07 0.5277629727313852 1.9291102209593243 1.9999999999990004e-06
p 0.6962530925404192 0.7177963716318857 4.9999999999999945e-08 1.3925061850808385 1.4355927432637714 9.999999999999989e-08
p 0.44984411631766047 0.8931070882119195 -9.99999999999995e-08 0.8996882326353209 1.786214176423839 -1.99999999999999e-07
p 0.9797438618327342 -0.200254750755333 -9.999999999995002e-07 0.9797438618327342 -0.200254750755333 -9.999999999995002e-07
p 0.9587439538733112 0.2842710518349865 1.9999999999999997e-08 0.9587439538733112 0.2842710518349865 1.9999999999999997e-08
p 0.9922189989759538 0.1245048515968512 -4.9999999999999945e-08 0.9922189989759538 0.1245048515968512 -4.9999999999999945e-08
p 0.9501864974149021 0.3116819214028945 -9.999999999995e-07 0.47509324870745107 0.15584096070144726 -4.9999999999975e-07
p 0.9951614220963593 -0.09825346798028148 -9.999999999995002e-07 1.9903228441927185 -0.19650693596056296 -1.9999999999990004e-06
p 0.601097781751562 0.7991754855933341 -9.999999999999948e-08 0.300548890875781 0.39958774279666703 -4.999999999999974e-08
p 0.5073230084621937 0.861755977690243 4.9999999999999945e-08 0.5073230084621937 0.861755977690243 4.9999999999999945e-08
p 0.9602876434604445 -0.279011902644285 4.9999999999999945e-08 0.48014382173022224 -0.1395059513221425 2.4999999999999972e-08
p 0.7064333368195197 0.7077795847790675 -9.99999999999995e-08 0.7064333368195197 0.7077795847790675 -9.99999999999995e-08
p 0.9996099229361123 0.027928515314274763 1e-08 0.9996099229361123 0.027928515314274763 1e-08
p 0.9572883596511583 -0.2891349105113279 -2.9999999999999984e-08 1.9145767193023167 -0.5782698210226558 -5.999999999999997e-08
p 0.9944478814485685 0.10523027645337096 -2.9999999999999984e-08 1.988895762897137 0.21046055290674193 -5.999999999999997e-08
p 0.89115072033765 0.4537073876869172 -2.9999999999999984e-08 0.445575360168825 0.2268536938434586 -1.4999999999999992e-08
p 0.9739869971355365 0.22660390422475135 9.999999999995e-07 0.9739869971355365 0.22660390422475135 9.999999999995e-07
p 0.672868702488548 0.739761927387033 -1e-08 1.345737404977096 1.479523854774066 -2e-08
p 0.2715066303303318 0.9624365691756875 2.999999999999999e-08 0.1357533151651659 0.48121828458784377 1.4999999999999995e-08
p 0.9982138346944835 0.05974228171514765 -4.9999999999999945e-08 0.4991069173472418 0.029871140857573825 -2.4999999999999972e-08
p 0.7619588716700225 0.6476254147911015 -1e-08 0.7619588716700225 0.6476254147911015 -1e-08
p 0.8793766079174994 -0.4761268543650017 2.9999999999999984e-08 1.7587532158349988 -0.9522537087300034 5.999999999999997e-08
p 0.963503818034325 -0.26769458835261417 -4.999999999999993e-08 1.92700763606865 -0.5353891767052283 -9.999999999999986e-08
p 0.8503235515739769 0.5262602565638199 -2.9999999999999984e-08 0.8503235515739769 0.5262602565638199 -2.9999999999999984e-08
p 0.9989398073364507 -0.04603543545590818 -9.999999999995002e-07 0.49946990366822536 -0.02301771772795409 -4.999999999997501e-07
p 0.11928153692527224 0.9928604710374679 -4.9999999999999945e-08 0.11928153692527224 0.9928604710374679 -4.9999999999999945e-08
p 0.9037212480226076 -0.428121368156811 -2.9999999999999984e-08 0.9037212480226076 -0.428121368156811 -2.9999999999999984e-08
p 0.5550464607647885 0.8318193472091656 9.999999999995002e-07 0.5550464607647885 0.8318193472091656 9.999999999995002e-07
p 0.9779473949904983 -0.20885136492562892 -1e-08 1.9558947899809966 -0.41770272985125784 -2e-08
p 0.8814925690420564 -0.47219789360355613 2e-08 1.7629851380841128 -0.9443957872071123 4e-08
p 0.7831597580333318 0.621820547583604 1e-08 1.5663195160666636 1.243641095167208 2e-08
p 0.9375706382971485 -0.3477949082477708 -4.9999999999999945e-08 1.875141276594297 -0.6955898164955416 -9.999999999999989e-08
p 0.9511867466493242 0.30861589881059553 4.999999999999993e-08 0.4755933733246621 0.15430794940529777 2.4999999999999966e-08
p 0.07041685526954111 0.9975176522217281 1e-08 0.14083371053908222 1.9950353044434561 2e-08
p 0.9444558124728674 -0.3286384309331694 1.9999999999999997e-08 0.4722279062364337 -0.1643192154665847 9.999999999999999e-09
p 0.8788312753811041 0.4771326748526259 1.9999999999999997e-08 0.8788312753811041 0.4771326748526259 1.9999999999999997e-08
case 73 6 40
s 0.9987502603949663 0.04997916927067833 0.0 0.9999999999999951 0.0 -9.99999999999995e-08 -9.999999999979983e-08 1.9983330554854013e-06 -0.9999999999979984 1.0 1.0 0.0009987502603949663 4.997916927067833e-05 0.0 0.000999999999999995 0.0 -9.999999999999951e-11 0.001 0.0
s 0.8775825618903728 0.479425538604203 0.0 0.9987502603949663 0.04997916927067833 0.0 0.0 0.0 -1.0 1.0 1.0 0.4387912809451864 0.2397127693021015 0.0 0.0009987502603949663 4.997916927067833e-05 0.0 0.001 1.0
s -0.4161468365471424 0.9092974268256817 0.0 0.8775825618903728 0.479425538604203 0.0 0.0 0.0 -1.0 1.0 1.0 -0.2080734182735712 0.45464871341284085 0.0 0.4387912809451864 0.2397127693021015 0.0 0.5 2.0
s -0.9364566872907963 -0.35078322768961984 -0.0 -0.4161468365471424 0.9092974268256817 0.0 0.0 0.0 -1.0 1.0 1.0 -0.46822834364539817 -0.17539161384480992 -0.0 -0.2080734182735712 0.45464871341284085 0.0 0.5 3.0
s 0.2836621854632263 -0.9589242746631386 0.0 -0.9364566872907963 -0.35078322768961984 -0.0 0.0 0.0 -1.0 1.0 1.0 0.14183109273161315 -0.4794621373315693 0.0 -0.46822834364539817 -0.17539161384480992 -0.0 0.5 4.0
s 0.9999999999999951 0.0 -9.99999999999995e-08 0.2836621854632263 -0.9589242746631386 0.0 -9.999999999999944e-08 -2.9581291553274393e-08 -0.9999999999999946 1.0 1.0 0.000999999999999995 0.0 -9.999999999999951e-11 0.14183109273161315 -0.4794621373315693 0.0 0.001 5.0
p 0.831683752214102 0.5552496162115481 2.9999999999999984e-08 0.415841876107051 0.27762480810577406 1.4999999999999992e-08
p 0.3795417698406711 0.9251746024109239 -1e-08 0.3795417698406711 0.9251746024109239 -1e-08
p 0.19049832516888682 0.9816875206030935 -1e-08 0.19049832516888682 0.9816875206030935 -1e-08
p 0.21632421458287024 0.9763215833853642 -9.999999999995002e-07 0.10816210729143512 0.4881607916926821 -4.999999999997501e-07
p 0.14142552646451523 0.9899488979054597 1.9999999999999997e-08 0.28285105292903046 1.9798977958109194 3.9999999999999994e-08
p 0.37693190648282454 0.9262409718179299 9.999999999995e-07 0.18846595324141227 0.46312048590896493 4.9999999999975e-07
p 0.9970973886822583 0.07613670260144298 2.9999999999999984e-08 1.9941947773645166 0.15227340520288596 5.999999999999997e-08
p 0.6011167063584291 0.7991612511482222 4.9999999999999945e-08 1.2022334127168581 1.5983225022964445 9.999999999999989e-08
p 0.5363900298408906 0.8439702221567347 1.9999999999999997e-08 1.0727800596817811 1.6879404443134693 3.9999999999999994e-08
p 0.8147155511839342 0.5798608200758674 2.9999999999999984e-08 0.4073577755919671 0.2899304100379337 1.4999999999999992e-08
p 0.2144435189197683 0.9767363908411045 -1e-08 0.10722175945988414 0.48836819542055226 -5e-09
p 0.24961182437456952 0.9683459800770585 -9.999999999995e-07 0.24961182437456952 0.9683459800770585 -9.999999999995e-07
p 0.9471144756175328 0.3208958866606502 -2.9999999999999984e-08 0.9471144756175328 0.3208958866606502 -2.9999999999999984e-08
p 0.6225659222755803 0.7825673596701781 -4.9999999999999945e-08 1.2451318445511605 1.5651347193403562 -9.999999999999989e-08
p 0.981878349393874 -0.1895122871783038 9.99999999999995e-08 0.490939174696937 -0.0947561435891519 4.999999999999975e-08
p 0.9253318967868769 0.3791581210890793 9.999999999995002e-07 0.46266594839343844 0.18957906054453966 4.999999999997501e-07
p 0.5573917158563408 0.8302496462478752 -4.9999999999999945e-08 1.1147834317126817 1.6604992924957505 -9.999999999999989e-08
p 0.7643316921970046 0.6448232814525648 -9.99999999999995e-08 0.3821658460985023 0.3224116407262824 -4.999999999999975e-08
p 0.9845294156434435 0.17521937601980528 9.99999999999995e-08 1.969058831286887 0.35043875203961056 1.99999999999999e-07
p 0.9790512349264512 0.2036140451663154 -2.999999999999999e-08 1.9581024698529024 0.4072280903326308 -5.999999999999998e-08
p 0.39903623858457166 0.9169351559931962 -9.99999999999995e-08 0.19951811929228583 0.4584675779965981 -4.999999999999975e-08
p 0.9837590013545884 -0.1794943655183162 -9.999999999995e-07 1.9675180027091768 -0.3589887310366324 -1.999999999999e-06
p 0.5405826359903501 0.8412909209457358 -1.9999999999999997e-08 1.0811652719807001 1.6825818418914715 -3.9999999999999994e-08
p 0.8806969923616225 -0.4736800688694767 -9.999999999995e-07 0.44034849618081123 -0.23684003443473836 -4.9999999999975e-07
p 0.4998752487074043 0.8660974169969049 9.999999999995e-07 0.4998752487074043 0.8660974169969049 9.999999999995e-07
p 0.9771054446831056 0.2127556109028142 2.9999999999999984e-08 0.4885527223415528 0.1063778054514071 1.4999999999999992e-08
p 0.8510909276305938 0.5250183167327543 -1.9999999999999997e-08 1.7021818552611876 1.0500366334655087 -3.9999999999999994e-08
p 0.10260217185193785 0.99472247100951 2e-08 0.2052043437038757 1.98944494201902 4e-08
p 0.9965508747985132 -0.08298405833844029 1.9999999999999997e-08 1.9931017495970265 -0.16596811667688058 3.9999999999999994e-08
p 0.975631826747352 0.21941408030849782 2.9999999999999984e-08 1.951263653494704 0.43882816061699564 5.999999999999997e-08
p 0.6603021574957852 0.7510000404836217 -9.99999999999995e-08 0.6603021574957852 0.7510000404836217 -9.99999999999995e-08
p 0.11684593878868199 0.9931500524032563 2.9999999999999984e-08 0.23369187757736398 1.9863001048065125 5.999999999999997e-08
p 0.9996988697383697 -0.024539149207413756 4.9999999999999945e-08 0.9996988697383697 -0.024539149207413756 4.9999999999999945e-08
p 0.07338036784487008 0.9973040266713811 -2.9999999999999984e-08 0.03669018392243504 0.49865201333569054 -1.4999999999999992e-08
p 0.9947281695759287 0.10254690951522026 9.999999999995002e-07 1.9894563391518574 0.20509381903044052 1.9999999999990004e-06
p 0.9406160009420831 0.3394724418442842 -4.9999999999999945e-08 1.8812320018841662 0.6789448836885684 -9.999999999999989e-08
p 0.027287811789218946 0.9996276183298237 1.9999999999999997e-08 0.05457562357843789 1.9992552366596474 3.9999999999999994e-08
p 0.9688239219218915 -0.2477502942700262 -9.999999999995e-07 0.9688239219218915 -0.2477502942700262 -9.999999999995e-07
p 0.032842968987217516 0.9994605241769705 -1e-08 0.032842968987217516 0.9994605241769705 -1e-08
p 0.9980291788048263 -0.06275155977475046 1e-08 1.9960583576096527 -0.1255031195495009 2e-08
case 74 6 40
s 0.9987502603949663 0.04997916927067833 0.0 0.9999999999999551 0.0 2.9999999999998654e-07 2.9999999999459544e-07 -5.994999166360204e-06 -0.999999999981985 1.0 1.0 0.9987502603949663 0.04997916927067833 0.0 0.9999999999999551 0.0 2.9999999999998654e-07 1.0 0.0
s 0.8775825618903728 0.479425538604203 0.0 0.9987502603949663 0.04997916927067833 0.0 0.0 0.0 -1.0 1.0 1.0 1.7551651237807455 0.958851077208406 0.0 0.9987502603949663 0.04997916927067833 0.0 1.0 1.0
s -0.39859637855648306 0.8709489764975944 -0.2873478855663454 0.8775825618903728 0.479425538604203 0.0 0.13807921244038343 -0.25275230299584717 -0.9576274872945841 1.0 1.0 -0.7971927571129661 1.7418979529951888 -0.5746957711326908 1.7551651237807455 0.958851077208406 0.0 2.0 2.0
s -0.8969628300582488 -0.3359893958958339 0.2873478855663454 -0.39859637855648306 0.8709489764975944 -0.2873478855663454 -0.1537435140353627 -0.3723343456140114 -0.9152759512672909 1.0 1.0 -1.7939256601164977 -0.6719787917916678 0.5746957711326908 -0.7971927571129661 1.7418979529951888 -0.5746957711326908 2.0 3.0
s 0.2805238471386536 -0.9483150748622418 -0.14834045293024462 -0.8969628300582488 -0.3359893958958339 0.2873478855663454 -0.3224329819611792 0.05246353097466939 -0.9451373180979005 1.0 1.0 0.5610476942773072 -1.8966301497244835 -0.29668090586048923 -1.7939256601164977 -0.6719787917916678 0.5746957711326908 2.0 4.0
s 0.9999999999999551 0.0 2.9999999999998654e-07 0.2805238471386536 -0.9483150748622418 -0.14834045293024462 2.9639567760604415e-07 0.15454601243808153 -0.987985592020147 1.0 1.0 0.9999999999999551 0.0 2.9999999999998654e-07 0.5610476942773072 -1.8966301497244835 -0.29668090586048923 1.0 5.0
p 0.9276584143717531 0.37342986790732563 -4.9999999999999945e-08 1.8553168287435062 0.7468597358146513 -9.999999999999989e-08
p 0.9999761527988545 0.006906072226645347 4.9999999999999945e-08 1.999952305597709 0.013812144453290693 9.999999999999989e-08
p 0.9357010973589052 -0.352793787362164 -2.9999999999999984e-08 0.4678505486794526 -0.176396893681082 -1.4999999999999992e-08
p 0.9973412174011597 0.0728731505615783 -4.9999999999999945e-08 1.9946824348023193 0.1457463011231566 -9.999999999999989e-08
p 0.9889671470263984 -0.14813501308760735 1.9999999999999997e-08 1.9779342940527969 -0.2962700261752147 3.9999999999999994e-08
p 0.5678619097318245 0.8231238372661325 4.999999999999993e-08 0.28393095486591224 0.41156191863306624 2.4999999999999966e-08
p 0.9798066371689494 -0.19994737747636063 1.9999999999999997e-08 0.9798066371689494 -0.19994737747636063 1.9999999999999997e-08
p -0.0059657536784514685 0.999982204733188 -2.999999999999999e-08 -0.011931507356902937 1.999964409466376 -5.999999999999998e-08
p 0.9616103328138152 0.2744185996333038 9.999999999995e-07 0.9616103328138152 0.2744185996333038 9.999999999995e-07
p 0.9343560371508566 0.3563408422279784 4.9999999999999945e-08 1.8687120743017132 0.7126816844559568 9.999999999999989e-08
p 0.13711521838781834 0.9905551054259732 9.999999999995e-07 0.06855760919390917 0.4952775527129866 4.9999999999975e-07
p 0.9833793278051102 -0.18156293026264989 9.99999999999995e-08 0.4916896639025551 -0.09078146513132494 4.999999999999975e-08
p 0.9782235996086529 0.20755382234179057 -4.9999999999999945e-08 0.9782235996086529 0.20755382234179057 -4.9999999999999945e-08
p 0.959299349144163 -0.282391144924172 1.9999999999999997e-08 0.959299349144163 -0.282391144924172 1.9999999999999997e-08
p 0.43728078584041785 0.8993250326410268 4.999999999999993e-08 0.8745615716808357 1.7986500652820536 9.999999999999986e-08
p 0.7206424174304825 0.6933069350583102 4.9999999999999945e-08 1.441284834860965 1.3866138701166204 9.999999999999989e-08
p 0.9900647943623817 -0.1406118877057483 2.9999999999999984e-08 0.9900647943623817 -0.1406118877057483 2.9999999999999984e-08
p 0.47148864106404337 0.8818721343520171 -9.999999999995002e-07 0.23574432053202168 0.44093606717600853 -4.999999999997501e-07
p 0.9900247816960753 -0.1408933342200312 -2.9999999999999984e-08 0.49501239084803766 -0.0704466671100156 -1.4999999999999992e-08
p 0.8742127734281828 0.4855430225788482 -2.9999999999999984e-08 1.7484255468563656 0.9710860451576964 -5.999999999999997e-08
p 0.8704196205361183 0.4923105566466758 1e-08 0.8704196205361183 0.4923105566466758 1e-08
p 0.3490520569204837 0.9371033355823567 -1.9999999999999997e-08 0.6981041138409674 1.8742066711647134 -3.9999999999999994e-08
p 0.9233173091901159 0.38403794936037783 -9.999999999995002e-07 0.9233173091901159 0.38403794936037783 -9.999999999995002e-07
p 0.5291065632015135 0.8485553869825367 -2e-08 0.5291065632015135 0.8485553869825367 -2e-08
p 0.9783714024814897 0.2068559856673071 9.99999999999995e-08 0.9783714024814897 0.2068559856673071 9.99999999999995e-08
p 0.8057834832340635 0.5922102482616961 -9.999999999995e-07 0.8057834832340635 0.5922102482616961 -9.999999999995e-07
p 0.5224292554330716 0.8526826332626013 -4.999999999999993e-08 0.5224292554330716 0.8526826332626013 -4.999999999999993e-08
p 0.9918510555698972 0.12740283970493288 1e-08 0.4959255277849486 0.06370141985246644 5e-09
p 0.9795008832756523 -0.20143986611943773 -1e-08 0.48975044163782616 -0.10071993305971887 -5e-09
p 0.9155163083328675 -0.40228085857465085 -9.999999999995002e-07 1.831032616665735 -0.8045617171493017 -1.9999999999990004e-06
p 0.9342515311661908 0.35661474522743325 -2.9999999999999984e-08 1.8685030623323815 0.7132294904548665 -5.999999999999997e-08
p -0.019047486855756596 0.9998185801656615 1.9999999999999997e-08 -0.019047486855756596 0.9998185801656615 1.9999999999999997e-08
p 0.6722209241405865 0.7403506123098473 -9.99999999999995e-08 1.344441848281173 1.4807012246196947 -1.99999999999999e-07
p 0.6425705201489289 0.7662265504637218 1.9999999999999997e-08 0.32128526007446445 0.3831132752318609 9.999999999999999e-09
p 0.8655134599716593 0.500885666202265 -9.999999999995e-07 0.43275672998582965 0.2504428331011325 -4.9999999999975e-07
p 0.9932783725396844 -0.11575005246182625 1.9999999999999997e-08 0.9932783725396844 -0.11575005246182625 1.9999999999999997e-08
p 0.9879096127548339 0.15503095505928502 -1e-08 1.9758192255096678 0.31006191011857004 -2e-08
p 0.26931770719103937 0.9630513862683346 -1.9999999999999997e-08 0.5386354143820787 1.9261027725366693 -3.9999999999999994e-08
p 0.9017008856203387 -0.43236039697396794 -9.99999999999995e-08 1.8034017712406774 -0.8647207939479359 -1.99999999999999e-07
p 0.45716420964165544 0.8893823055484693 9.99999999999995e-08 0.22858210482082772 0.44469115277423465 4.999999999999975e-08
case 75 6 40
s 0.9989876708478425 0.044984814037660234 -1e-09 0.9987502603949663 0.04997916927067833 0.0 9.995875503564653e-09 -1.9975088437330013e-07 0.99999999999998 1.0 1.0 0.9989876708478425 0.044984814037660234 -1e-09 0.9987502603949663 0.04997916927067833 0.0 1.0 0.0
s 0.9987502603949663 0.04997916927067833 0.0 0.8775825618903728 0.479425538604203 0.0 0.0 0.0 1.0 1.0 1.0 0.9987502603949663 0.04997916927067833 0.0 0.8775825618903728 0.479425538604203 0.0 1.0 1.0
s 0.8775825618903728 0.479425538604203 0.0 -0.39859637855648306 0.8709489764975944 -0.2873478855663454 -0.13807921244038343 0.25275230299584717 0.9576274872945841 1.0 1.0 0.8775825618903728 0.479425538604203 0.0 -0.39859637855648306 0.8709489764975944 -0.2873478855663454 1.0 2.0
s -0.39859637855648306 0.8709489764975944 -0.2873478855663454 -0.8969628300582488 -0.3359893958958339 0.2873478855663454 0.1537435140353627 0.3723343456140114 0.9152759512672909 1.0 1.0 -0.39859637855648306 0.8709489764975944 -0.2873478855663454 -0.8969628300582488 -0.3359893958958339 0.2873478855663454 1.0 3.0
s -0.8969628300582488 -0.3359893958958339 0.2873478855663454 0.2805238471386536 -0.9483150748622418 -0.14834045293024462 0.3224329819611792 -0.05246353097466939 0.9451373180979005 1.0 1.0 -0.8969628300582488 -0.3359893958958339 0.2873478855663454 0.2805238471386536 -0.9483150748622418 -0.14834045293024462 1.0 4.0
s 0.2805238471386536 -0.9483150748622418 -0.14834045293024462 0.9989876708478425 0.044984814037660234 -1e-09 0.0068697640377501186 -0.15255834071760946 0.9882705899800699 1.0 1.0 0.2805238471386536 -0.9483150748622418 -0.14834045293024462 0.9989876708478425 0.044984814037660234 -1e-09 1.0 5.0
p 0.02780201607309622 0.9996134492403905 1.9999999999999997e-08 0.05560403214619244 1.999226898480781 3.9999999999999994e-08
p 0.9871369187056689 -0.1598771519895096 2.9999999999999984e-08 0.49356845935283444 -0.0799385759947548 1.4999999999999992e-08
p 0.6195759453318234 0.7849367158989167 -2.9999999999999984e-08 0.6195759453318234 0.7849367158989167 -2.9999999999999984e-08
p 0.9043145930235501 0.42686662652947105 -1e-08 0.45215729651177505 0.21343331326473552 -5e-09
p 0.91534631412114 0.40266751200567746 -2.9999999999999984e-08 1.83069262824228 0.8053350240113549 -5.999999999999997e-08
p 0.9651631568283472 0.2616487735498479 -9.999999999995002e-07 0.9651631568283472 0.2616487735498479 -9.999999999995002e-07
p 0.5322147490409433 0.8466093909845768 9.99999999999995e-08 0.5322147490409433 0.8466093909845768 9.99999999999995e-08
p 0.08726699539908633 0.9961849584861316 1e-08 0.04363349769954317 0.4980924792430658 5e-09
p 0.9907179113474394 0.1359338814805468 9.999999999995e-07 0.4953589556737197 0.0679669407402734 4.9999999999975e-07
p 0.08136626383298891 0.9966842685172964 -4.9999999999999945e-08 0.08136626383298891 0.9966842685172964 -4.9999999999999945e-08
p 0.7179702444021063 0.6960737950484702 -1e-08 0.7179702444021063 0.6960737950484702 -1e-08
p 0.7885479285872053 0.6149733037464528 -2.9999999999999984e-08 0.7885479285872053 0.6149733037464528 -2.9999999999999984e-08
p 0.9042085397150249 0.42709122761468904 -9.999999999995e-07 0.9042085397150249 0.42709122761468904 -9.999999999995e-07
p 0.9986682758503874 0.051591421864627604 -1.9999999999999997e-08 0.4993341379251937 0.025795710932313802 -9.999999999999999e-09
p 0.17119506177197447 0.985237154610442 -9.99999999999995e-08 0.17119506177197447 0.985237154610442 -9.99999999999995e-08
p 0.3420302841237624 0.9396889297752787 9.99999999999995e-08 0.3420302841237624 0.9396889297752787 9.99999999999995e-08
p 0.9523579003032319 0.30498267119464273 -9.999999999995e-07 0.47617895015161593 0.15249133559732136 -4.9999999999975e-07
p 0.36016105519950425 0.9328901405404495 -1e-08 0.36016105519950425 0.9328901405404495 -1e-08
p 0.9951451151579346 0.09841849306558785 -1e-08 0.4975725575789673 0.049209246532793925 -5e-09
p 0.8627294818957234 0.5056657404530552 1e-08 0.8627294818957234 0.5056657404530552 1e-08
p 0.9648501083315948 0.2628008151671318 -2.9999999999999984e-08 0.4824250541657974 0.1314004075835659 -1.4999999999999992e-08
p 0.1135230406392224 0.9935353638618118 4.999999999999993e-08 0.0567615203196112 0.4967676819309059 2.4999999999999966e-08
p 0.4525647747354897 0.8917315317227563 -4.9999999999999945e-08 0.22628238736774486 0.44586576586137816 -2.4999999999999972e-08
p 0.9946310691910765 0.10348447323060414 1.9999999999999997e-08 0.9946310691910765 0.10348447323060414 1.9999999999999997e-08
p 0.9850916429885751 -0.17203038950740546 1e-08 0.49254582149428755 -0.08601519475370273 5e-09
p 0.9109923930128511 -0.41242315632456694 2.9999999999999984e-08 0.45549619650642553 -0.20621157816228347 1.4999999999999992e-08
p 0.21265289791127265 0.9771278038260589 2.9999999999999984e-08 0.4253057958225453 1.9542556076521178 5.999999999999997e-08
p 0.8374195825896438 0.5465605572078697 9.99999999999995e-08 0.8374195825896438 0.5465605572078697 9.99999999999995e-08
p 0.7045986607035667 0.7096060367096236 -1.9999999999999997e-08 0.35229933035178335 0.3548030183548118 -9.999999999999999e-09
p 0.9939266726527776 -0.11004439735115168 9.999999999995e-07 0.4969633363263888 -0.05502219867557584 4.9999999999975e-07
p -0.0003955693312116588 0.9999999217624479 -4.9999999999999945e-08 -0.0007911386624233176 1.9999998435248958 -9.999999999999989e-08
p -0.01630313780214938 0.9998670950165349 9.999999999995002e-07 -0.00815156890107469 0.49993354750826746 4.999999999997501e-07
p 0.6135485958394937 0.7896569638415046 -4.9999999999999945e-08 0.6135485958394937 0.7896569638415046 -4.9999999999999945e-08
p 0.9083250687757318 -0.4182649512373247 1.9999999999999997e-08 1.8166501375514637 -0.8365299024746494 3.9999999999999994e-08
p 0.7772386304315604 0.6292059371659423 -1.9999999999999997e-08 0.3886193152157802 0.31460296858297115 -9.999999999999999e-09
p 0.7870162523909529 0.6169322640877988 -4.999999999999993e-08 0.3935081261954764 0.3084661320438994 -2.4999999999999966e-08
p 0.7613069918211388 0.6483915978822119 1.9999999999999997e-08 0.7613069918211388 0.6483915978822119 1.9999999999999997e-08
p 0.7689759190273904 0.6392777455503831 1e-08 0.3844879595136952 0.31963887277519154 5e-09
p 0.9411379067995108 0.3380228400345676 1.9999999999999997e-08 1.8822758135990216 0.6760456800691352 3.9999999999999994e-08
p 0.7876462466365071 0.6161277385083552 4.999999999999993e-08 0.39382312331825353 0.3080638692541776 2.4999999999999966e-08
case 76 6 40
s 0.9987502603949663 0.04997916927067833 0.0 0.999200106660973 0.03998933418663397 9.99999999999995e-08 4.998000226405202e-07 -9.987669063769027e-06 -0.9999999999499983 1.0 1.0 0.09987502603949663 0.004997916927067834 0.0 0.0999200106660973 0.003998933418663397 9.99999999999995e-09 0.1 0.0
s 0.8775825618903728 0.479425538604203 0.0 0.9987502603949663 0.04997916927067833 0.0 0.0 0.0 -1.0 1.0 1.0 0.4387912809451864 0.2397127693021015 0.0 0.09987502603949663 0.004997916927067834 0.0 0.1 1.0
s -0.39859637855648306 0.8709489764975944 0.2873478855663454 0.8775825618903728 0.479425538604203 0.0 -0.13807921244038343 0.25275230299584717 -0.9576274872945841 1.0 1.0 -0.19929818927824153 0.4354744882487972 0.1436739427831727 0.4387912809451864 0.2397127693021015 0.0 0.5 2.0
s -0.8969628300582488 -0.3359893958958339 -0.2873478855663454 -0.39859637855648306 0.8709489764975944 0.2873478855663454 0.1537435140353627 0.3723343456140114 -0.9152759512672909 1.0 1.0 -0.4484814150291244 -0.16799469794791694 -0.1436739427831727 -0.19929818927824153 0.4354744882487972 0.1436739427831727 0.5 3.0
s 0.2805238471386536 -0.9483150748622418 0.14834045293024462 -0.8969628300582488 -0.3359893958958339 -0.2873478855663454 0.3224329819611792 -0.05246353097466939 -0.9451373180979005 1.0 1.0 0.1402619235693268 -0.4741575374311209 0.07417022646512231 -0.4484814150291244 -0.16799469794791694 -0.1436739427831727 0.5 4.0
s 0.999200106660973 0.03998933418663397 9.99999999999995e-08 0.2805238471386536 -0.9483150748622418 0.14834045293024462 0.0061144505682223845 -0.15277725823726715 -0.988241733008555 1.0 1.0 0.0999200106660973 0.003998933418663397 9.99999999999995e-09 0.1402619235693268 -0.4741575374311209 0.07417022646512231 0.1 5.0
p 0.6133408790471315 0.7898183120754363 -2.9999999999999984e-08 1.226681758094263 1.5796366241508726 -5.999999999999997e-08
p 0.509588405932499 0.8604183032334708 9.99999999999995e-08 0.509588405932499 0.8604183032334708 9.99999999999995e-08
p 0.8957323677797164 -0.4445936631484311 -4.9999999999999945e-08 0.4478661838898582 -0.22229683157421554 -2.4999999999999972e-08
p 0.6038796065156646 0.7970755427401321 -9.99999999999995e-08 0.3019398032578323 0.3985377713700661 -4.999999999999975e-08
p 0.7699024177334601 0.6381616309111454 9.999999999995002e-07 1.5398048354669203 1.2763232618222908 1.9999999999990004e-06
p 0.5998553066943677 0.8001084995365337 4.999999999999993e-08 0.5998553066943677 0.8001084995365337 4.999999999999993e-08
p 0.9493478333667423 0.31422713326807405 -2e-08 1.8986956667334847 0.6284542665361481 -4e-08
p 0.9864193933156781 -0.1642460973378663 9.99999999999995e-08 0.9864193933156781 -0.1642460973378663 9.99999999999995e-08
p 0.19433185068511719 0.9809358448998066 1e-08 0.09716592534255859 0.4904679224499033 5e-09
p 0.7687704666758056 0.6395247998061249 -1e-08 1.5375409333516112 1.2790495996122497 -2e-08
p 0.15086029177455945 0.9885550932374452 -2.9999999999999984e-08 0.15086029177455945 0.9885550932374452 -2.9999999999999984e-08
p 0.7527650531415148 0.6582892789411429 -4.999999999999993e-08 0.3763825265707574 0.32914463947057143 -2.4999999999999966e-08
p 0.34768289942203523 0.9376121807274513 -9.999999999995e-07 0.34768289942203523 0.9376121807274513 -9.999999999995e-07
p 0.6206124658050132 0.7841174448304358 -9.99999999999995e-08 0.3103062329025066 0.3920587224152179 -4.999999999999975e-08
p 0.17334958026746397 0.9848603571172379 -2.9999999999999984e-08 0.08667479013373199 0.4924301785586189 -1.4999999999999992e-08
p 0.6803753603745706 0.7328638134027158 4.999999999999993e-08 0.3401876801872853 0.3664319067013579 2.4999999999999966e-08
p 0.9965294544807781 -0.08324089350939479 1.9999999999999997e-08 0.9965294544807781 -0.08324089350939479 1.9999999999999997e-08
p 0.9912767812053916 0.1317965972325474 9.999999999995002e-07 0.4956383906026958 0.0658982986162737 4.999999999997501e-07
p 0.5215427745718233 0.8532251369310003 9.999999999995e-07 0.26077138728591165 0.42661256846550016 4.9999999999975e-07
p 0.6502188103494938 0.759746996484803 -9.99999999999995e-08 1.3004376206989876 1.519493992969606 -1.99999999999999e-07
p 0.9700855367746638 -0.24276336490626332 -2.9999999999999984e-08 1.9401710735493276 -0.48552672981252665 -5.999999999999997e-08
p 0.9269166452575297 0.37526728173999774 1e-08 1.8538332905150594 0.7505345634799955 2e-08
p 0.7375713676616636 0.6752691889948058 -1.9999999999999997e-08 0.3687856838308318 0.3376345944974029 -9.999999999999999e-09
p 0.9990116466148132 -0.04444918365908076 2.9999999999999984e-08 0.4995058233074066 -0.02222459182954038 1.4999999999999992e-08
p 0.8337804113722184 0.5520962104669478 9.999999999999948e-08 1.6675608227444367 1.1041924209338956 1.9999999999999896e-07
p 0.8407876887630262 0.5413649992597679 -9.999999999995e-07 0.4203938443815131 0.27068249962988394 -4.9999999999975e-07
p 0.9338611508177244 0.3576357798003376 -1e-08 0.9338611508177244 0.3576357798003376 -1e-08
p 0.07069500819430366 0.9974979778507859 -1.9999999999999997e-08 0.07069500819430366 0.9974979778507859 -1.9999999999999997e-08
p 0.9845781165048278 0.17494551294276015 -9.999999999995e-07 1.9691562330096557 0.3498910258855203 -1.999999999999e-06
p 0.919432907738862 0.39324690484079 -1e-08 0.919432907738862 0.39324690484079 -1e-08
p 0.8908586310039736 -0.4542806396554062 2.9999999999999984e-08 0.8908586310039736 -0.4542806396554062 2.9999999999999984e-08
p 0.9785805273506151 0.20586440073550782 4.9999999999999945e-08 0.9785805273506151 0.20586440073550782 4.9999999999999945e-08
p 0.8270726180358257 0.5620950849236855 1e-08 1.6541452360716513 1.124190169847371 2e-08
p 0.8979653333161659 0.4400661997488413 9.999999999995e-07 0.44898266665808295 0.22003309987442066 4.9999999999975e-07
p 0.7341360929519573 0.679002354211114 9.999999999995e-07 0.7341360929519573 0.679002354211114 9.999999999995e-07
p 0.9675475254971224 -0.25268910919031545 9.999999999995e-07 0.4837737627485612 -0.12634455459515773 4.9999999999975e-07
p 0.5891296867419222 0.808038496731043 2.9999999999999984e-08 0.2945648433709611 0.4040192483655215 1.4999999999999992e-08
p 0.30653155119317543 0.9518604982470408 -2.9999999999999984e-08 0.30653155119317543 0.9518604982470408 -2.9999999999999984e-08
p -0.006988776518360826 0.9999755782031762 1e-08 -0.006988776518360826 0.9999755782031762 1e-08
p 0.9609185424424933 -0.2768312749495498 2.9999999999999984e-08 1.9218370848849866 -0.5536625498990996 5.999999999999997e-08
case 77 6 40
s 0.9553364891255905 -0.29552020666133477 1.7999999999999709e-07 0.9987502603949663 0.04997916927067833 0.0 -2.6235952149940874e-08 5.242817042346508e-07 0.9999999999998622 1.0 1.0 0.09553364891255905 -0.02955202066613348 1.799999999999971e-08 0.09987502603949663 0.004997916927067834 0.0 0.1 0.0
s 0.9987502603949663 0.04997916927067833 0.0 0.8775825618903728 0.479425538604203 0.0 0.0 0.0 1.0 1.0 1.0 0.09987502603949663 0.004997916927067834 0.0 1.7551651237807455 0.958851077208406 0.0 0.1 1.0
s 0.8775825618903728 0.479425538604203 0.0 -0.39859637855648306 0.8709489764975944 0.2873478855663454 0.13807921244038343 -0.25275230299584717 0.9576274872945841 1.0 1.0 1.7551651237807455 0.958851077208406 0.0 -0.7971927571129661 1.7418979529951888 0.5746957711326908 2.0 2.0
s -0.39859637855648306 0.8709489764975944 0.2873478855663454 -0.8969628300582488 -0.3359893958958339 -0.2873478855663454 -0.1537435140353627 -0.3723343456140114 0.9152759512672909 1.0 1.0 -0.7971927571129661 1.7418979529951888 0.5746957711326908 -1.7939256601164977 -0.6719787917916678 -0.5746957711326908 2.0 3.0
s -0.8969628300582488 -0.3359893958958339 -0.2873478855663454 0.2805238471386536 -0.9483150748622418 0.14834045293024462 -0.3224329819611792 0.05246353097466939 0.9451373180979005 1.0 1.0 -1.7939256601164977 -0.6719787917916678 -0.5746957711326908 0.5610476942773072 -1.8966301497244835 0.29668090586048923 2.0 4.0
s 0.2805238471386536 -0.9483150748622418 0.14834045293024462 0.9553364891255905 -0.29552020666133477 1.7999999999999709e-07 0.05241702753825758 0.16945059957291875 0.9841437646647119 1.0 1.0 0.5610476942773072 -1.8966301497244835 0.29668090586048923 0.09553364891255905 -0.02955202066613348 1.799999999999971e-08 0.1 5.0
p 0.996109185282061 -0.08812769710316998 1.9999999999999997e-08 1.992218370564122 -0.17625539420633995 3.9999999999999994e-08
p 0.030385384272393956 0.9995382576082902 4.9999999999999945e-08 0.06077076854478791 1.9990765152165804 9.999999999999989e-08
p 0.8738608336801135 0.4861761443745439 9.999999999995002e-07 0.8738608336801135 0.4861761443745439 9.999999999995002e-07
p 0.8326268396439804 0.5538344029621819 2.9999999999999984e-08 0.4163134198219902 0.27691720148109095 1.4999999999999992e-08
p 0.9994746554830962 -0.032410076302686504 9.999999999995e-07 0.4997373277415481 -0.016205038151343252 4.9999999999975e-07
p 0.47373126641387237 0.8806694540075231 -1e-08 0.23686563320693618 0.44033472700376153 -5e-09
p 0.09620972187637211 0.9953610849412745 9.999999999995e-07 0.19241944375274422 1.990722169882549 1.999999999999e-06
p 0.8856188019022193 -0.46441289572672023 -2e-08 1.7712376038044386 -0.9288257914534405 -4e-08
p 0.689995181462737 0.7238139605991339 1e-08 0.689995181462737 0.7238139605991339 1e-08
p 0.9533144519857509 -0.3019793960440124 -2.9999999999999984e-08 1.9066289039715019 -0.6039587920880248 -5.999999999999997e-08
p 0.9933416158191803 0.115206051411109 -2.9999999999999984e-08 1.9866832316383607 0.230412102822218 -5.999999999999997e-08
p 0.942994696279467 -0.33280775650335337 1.9999999999999997e-08 0.4714973481397335 -0.16640387825167668 9.999999999999999e-09
p 0.9983931057282978 0.05666750774645261 -9.99999999999995e-08 0.9983931057282978 0.05666750774645261 -9.99999999999995e-08
p 0.9055294430982738 0.42428342847926587 -9.99999999999995e-08 0.4527647215491369 0.21214171423963293 -4.999999999999975e-08
p 0.9957852755931734 -0.09171523816584604 9.99999999999995e-08 0.4978926377965867 -0.04585761908292302 4.999999999999975e-08
p 0.814636984670851 0.5799711917038411 -9.999999999999948e-08 0.814636984670851 0.5799711917038411 -9.999999999999948e-08
p 0.3746144094619321 0.9271806966408856 9.99999999999995e-08 0.3746144094619321 0.9271806966408856 9.99999999999995e-08
p 0.5226656629823669 0.8525377438795322 1e-08 0.5226656629823669 0.8525377438795322 1e-08
p 0.9670524447137268 -0.25457723616459144 -4.9999999999999945e-08 1.9341048894274535 -0.5091544723291829 -9.999999999999989e-08
p 0.960106567317018 0.2796343673347957 -2.9999999999999984e-08 1.920213134634036 0.5592687346695914 -5.999999999999997e-08
p 0.5875798703640939 0.8091661732567127 4.9999999999999945e-08 1.1751597407281877 1.6183323465134254 9.999999999999989e-08
p 0.9618407392769349 0.27360992720877214 9.99999999999995e-08 0.48092036963846746 0.13680496360438607 4.999999999999975e-08
p 0.9899320016402976 -0.14154374634166408 1.9999999999999997e-08 0.9899320016402976 -0.14154374634166408 1.9999999999999997e-08
p 0.9956250861126358 -0.09343815014866456 4.9999999999999945e-08 0.4978125430563179 -0.04671907507433228 2.4999999999999972e-08
p 0.4267210830502264 0.9043832800756773 2.9999999999999984e-08 0.4267210830502264 0.9043832800756773 2.9999999999999984e-08
p 0.01752127781362552 0.9998464906293243 4.9999999999999945e-08 0.03504255562725104 1.9996929812586486 9.999999999999989e-08
p 0.6448709305490133 0.7642914908154145 -2.9999999999999984e-08 1.2897418610980267 1.528582981630829 -5.999999999999997e-08
p 0.9616486457700799 0.274284308863214 1.9999999999999997e-08 0.9616486457700799 0.274284308863214 1.9999999999999997e-08
p 0.9675223225811106 -0.25278559157367597 -1e-08 0.9675223225811106 -0.25278559157367597 -1e-08
p 0.9523511951286388 0.30500360840003726 -9.999999999999948e-08 0.4761755975643194 0.15250180420001863 -4.999999999999974e-08
p 0.8164508225444129 0.5774149758765801 -1e-08 0.40822541127220646 0.28870748793829004 -5e-09
p 0.4945414239447425 0.8691540599932247 1.9999999999999997e-08 0.4945414239447425 0.8691540599932247 1.9999999999999997e-08
p 0.9973801115224917 0.07233887709504624 9.99999999999995e-08 1.9947602230449835 0.1446777541900925 1.99999999999999e-07
p 0.798668086019838 0.6017717909418884 -2.9999999999999984e-08 1.597336172039676 1.2035435818837767 -5.999999999999997e-08
p -0.0005267216303507265 0.9999998612821525 -1e-08 -0.001053443260701453 1.999999722564305 -2e-08
p 0.9992472989080751 -0.03879221087945504 -1e-08 0.49962364945403753 -0.01939610543972752 -5e-09
p 0.977577423202173 -0.21057630836682242 1.9999999999999997e-08 1.955154846404346 -0.42115261673364485 3.9999999999999994e-08
p 0.8219299787319427 0.5695885445316694 4.999999999999993e-08 1.6438599574638855 1.1391770890633388 9.999999999999986e-08
p 0.8012680214501392 0.5983055722633531 2.9999999999999984e-08 1.6025360429002784 1.1966111445267062 5.999999999999997e-08
p 0.21321474209272537 0.9770053601461575 -9.99999999999995e-08 0.10660737104636268 0.48850268007307873 -4.999999999999975e-08
case 78 6 40
s 0.9999999999999951 0.0 -9.99999999999995e-08 0.9987502603949663 0.04997916927067833 0.0 9.999999999979983e-08 -1.9983330554854013e-06 0.9999999999979984 1.0 1.0 0.000999999999999995 0.0 -9.999999999999951e-11 0.0009987502603949663 4.997916927067833e-05 0.0 0.001 0.0
s 0.9987502603949663 0.04997916927067833 0.0 0.8775825618903728 0.479425538604203 0.0 0.0 0.0 1.0 1.0 1.0 0.0009987502603949663 4.997916927067833e-05 0.0 1.7551651237807455 0.958851077208406 0.0 0.001 1.0
s 0.8775825618903728 0.479425538604203 0.0 -0.39859637855648306 0.8709489764975944 0.2873478855663454 0.13807921244038343 -0.25275230299584717 0.9576274872945841 1.0 1.0 1.7551651237807455 0.958851077208406 0.0 -0.7971927571129661 1.7418979529951888 0.5746957711326908 2.0 2.0
s -0.39859637855648306 0.8709489764975944 0.2873478855663454 -0.8969628300582488 -0.3359893958958339 -0.2873478855663454 -0.1537435140353627 -0.3723343456140114 0.9152759512672909 1.0 1.0 -0.7971927571129661 1.7418979529951888 0.5746957711326908 -1.7939256601164977 -0.6719787917916678 -0.5746957711326908 2.0 3.0
s -0.8969628300582488 -0.3359893958958339 -0.2873478855663454 0.2805238471386536 -0.9483150748622418 0.14834045293024462 -0.3224329819611792 0.05246353097466939 0.9451373180979005 1.0 1.0 -1.7939256601164977 -0.6719787917916678 -0.5746957711326908 0.5610476942773072 -1.8966301497244835 0.29668090586048923 2.0 4.0
s 0.2805238471386536 -0.9483150748622418 0.14834045293024462 0.9999999999999951 0.0 -9.99999999999995e-08 9.879856009451416e-08 0.1545459553823969 0.9879856009451415 1.0 1.0 0.5610476942773072 -1.8966301497244835 0.29668090586048923 0.000999999999999995 0.0 -9.999999999999951e-11 0.001 5.0
p 0.1199610358191069 0.9927786006382274 -9.99999999999995e-08 0.05998051790955345 0.4963893003191137 -4.999999999999975e-08
p 0.03212498715096261 0.9994838593997152 2.9999999999999984e-08 0.016062493575481306 0.4997419296998576 1.4999999999999992e-08
p 0.9277844738009643 -0.3731165637892074 -4.9999999999999945e-08 1.8555689476019286 -0.7462331275784148 -9.999999999999989e-08
p 0.18184749491388058 0.9833267455904693 -4.999999999999993e-08 0.36369498982776116 1.9666534911809386 -9.999999999999986e-08
p 0.9586353678313657 0.2846370171671669 -9.999999999995e-07 1.9172707356627314 0.5692740343343338 -1.999999999999e-06
p 0.8219406925222575 0.5695730839637972 2.9999999999999984e-08 0.8219406925222575 0.5695730839637972 2.9999999999999984e-08
p 0.9942765069652771 0.10683738904015452 -9.99999999999995e-08 0.49713825348263857 0.05341869452007726 -4.999999999999975e-08
p 0.8836395927015457 -0.46816777997769865 -9.999999999995002e-07 0.44181979635077284 -0.23408388998884933 -4.999999999997501e-07
p 0.2685254664285714 0.9632725854498863 -9.99999999999995e-08 0.2685254664285714 0.9632725854498863 -9.99999999999995e-08
p 0.7251745677016065 0.6885650632712847 -9.999999999995002e-07 1.450349135403213 1.3771301265425695 -1.9999999999990004e-06
p 0.27512181508734124 0.9614093752725978 -9.999999999995e-07 0.27512181508734124 0.9614093752725978 -9.999999999995e-07
p 0.8325960979962226 0.5538806167410579 9.99999999999995e-08 0.4162980489981113 0.27694030837052896 4.999999999999975e-08
p 0.2673952024900381 0.9635869476520065 -2.9999999999999984e-08 0.13369760124501906 0.48179347382600324 -1.4999999999999992e-08
p 0.3500969346108261 0.9367134761367013 -1.9999999999999997e-08 0.7001938692216522 1.8734269522734026 -3.9999999999999994e-08
p 0.521052370568313 0.8535247079757803 1.9999999999999997e-08 0.2605261852841565 0.42676235398789014 9.999999999999999e-09
p 0.8139664792036374 0.580911844199991 -9.999999999995e-07 1.6279329584072748 1.161823688399982 -1.999999999999e-06
p 0.9874951034749303 -0.15764967685674539 1.9999999999999997e-08 0.9874951034749303 -0.15764967685674539 1.9999999999999997e-08
p 0.16297759814075255 0.986629769722803 -9.999999999995e-07 0.3259551962815051 1.973259539445606 -1.999999999999e-06
p 0.888983280868362 0.45793965359697864 4.9999999999999945e-08 0.888983280868362 0.45793965359697864 4.9999999999999945e-08
p 0.9978843408461681 0.06501416994016608 9.999999999995e-07 0.49894217042308403 0.03250708497008304 4.9999999999975e-07
p 0.4667356568614645 0.8843968716668423 -2e-08 0.4667356568614645 0.8843968716668423 -2e-08
p 0.9469147316899372 0.3214848222056116 -1.9999999999999997e-08 0.4734573658449686 0.1607424111028058 -9.999999999999999e-09
p 0.43534145217199804 0.9002654164304914 -9.99999999999995e-08 0.8706829043439961 1.8005308328609828 -1.99999999999999e-07
p 0.11496828648739632 0.9933691625484209 -2.9999999999999984e-08 0.22993657297479264 1.9867383250968418 -5.999999999999997e-08
p 0.9686257561445416 -0.24852393151045846 -1e-08 0.9686257561445416 -0.24852393151045846 -1e-08
p 0.46256364349401374 0.886586079135322 -9.999999999995002e-07 0.9251272869880275 1.773172158270644 -1.9999999999990004e-06
p -0.024990120828890485 0.99968769816426 2.9999999999999984e-08 -0.012495060414445243 0.49984384908213 1.4999999999999992e-08
p -0.006819073716123771 0.9999767498465411 -4.9999999999999945e-08 -0.0034095368580618853 0.49998837492327053 -2.4999999999999972e-08
p 0.9840628421210433 0.17782104137770718 4.9999999999999945e-08 0.9840628421210433 0.17782104137770718 4.9999999999999945e-08
p 0.22953276353268784 0.9733009352019791 -1e-08 0.4590655270653757 1.9466018704039583 -2e-08
p 0.5522974966804453 0.8336470926960119 1.9999999999999997e-08 1.1045949933608905 1.6672941853920238 3.9999999999999994e-08
p 0.5460393797004588 0.8377595095350083 -1.9999999999999997e-08 0.2730196898502294 0.41887975476750416 -9.999999999999999e-09
p 0.6064676242118836 0.7951081818109993 -1.9999999999999997e-08 0.3032338121059418 0.39755409090549965 -9.999999999999999e-09
p 0.19827471739765656 0.9801464872359015 -4.9999999999999945e-08 0.19827471739765656 0.9801464872359015 -4.9999999999999945e-08
p 0.819805231518787 0.572642455965699 -1.9999999999999997e-08 1.639610463037574 1.145284911931398 -3.9999999999999994e-08
p 0.4827092365197611 0.8757806762988716 1.9999999999999997e-08 0.4827092365197611 0.8757806762988716 1.9999999999999997e-08
p 0.9958423967440251 0.09109292424284926 4.9999999999999945e-08 1.9916847934880502 0.18218584848569852 9.999999999999989e-08
p 0.5907777594118264 0.8068343318081723 -4.9999999999999945e-08 0.2953888797059132 0.40341716590408616 -2.4999999999999972e-08
p 0.9419068178639984 0.33587430157920106 1.9999999999999997e-08 0.4709534089319992 0.16793715078960053 9.999999999999999e-09
p 0.7826125020541813 0.6225091739303882 9.999999999995002e-07 0.39130625102709066 0.3112545869651941 4.999999999997501e-07
case 79 6 40
s 0.9995500337489875 0.02999550020249566 -3e-09 0.9987502603949663 0.04997916927067833 0.0 7.497375205618966e-09 -1.498225270279503e-07 0.9999999999999887 1.0 1.0 0.09995500337489877 0.002999550020249566 -3e-10 0.09987502603949663 0.004997916927067834 0.0 0.1 0.0
s 0.9987502603949663 0.04997916927067833 0.0 0.8775825618903728 0.479425538604203 0.0 0.0 0.0 1.0 1.0 1.0 0.09987502603949663 0.004997916927067834 0.0 0.8775825618903728 0.479425538604203 0.0 0.1 1.0
s 0.8775825618903728 0.479425538604203 0.0 -0.4161468365471424 0.9092974268256817 0.0 0.0 -0.0 1.0 1.0 1.0 0.8775825618903728 0.479425538604203 0.0 -0.4161468365471424 0.9092974268256817 0.0 1.0 2.0
s -0.4161468365471424 0.9092974268256817 0.0 -0.9364566872907963 -0.35078322768961984 -0.0 0.0 -0.0 1.0 1.0 1.0 -0.4161468365471424 0.9092974268256817 0.0 -0.9364566872907963 -0.35078322768961984 -0.0 1.0 3.0
s -0.9364566872907963 -0.35078322768961984 -0.0 0.2836621854632263 -0.9589242746631386 0.0 -0.0 0.0 1.0 1.0 1.0 -0.9364566872907963 -0.35078322768961984 -0.0 0.2836621854632263 -0.9589242746631386 0.0 1.0 4.0
s 0.2836621854632263 -0.9589242746631386 0.0 0.9995500337489875 0.02999550020249566 -3e-09 2.9749417971505123e-09 8.800262065553187e-10 1.0 1.0 1.0 0.2836621854632263 -0.9589242746631386 0.0 0.09995500337489877 0.002999550020249566 -3e-10 0.1 5.0
p 0.08602392095397013 0.9962930718537112 2.9999999999999984e-08 0.043011960476985064 0.4981465359268556 1.4999999999999992e-08
p 0.990751439890636 0.13568929344141736 -1.9999999999999997e-08 1.981502879781272 0.2713785868828347 -3.9999999999999994e-08
p 0.9592077191746265 0.28270223111042325 9.999999999995002e-07 0.4796038595873133 0.14135111555521163 4.999999999997501e-07
p 0.6234160015930605 0.7818903305181106 -2.9999999999999984e-08 0.31170800079653027 0.3909451652590553 -1.4999999999999992e-08
p 0.9559894286435145 -0.29340111165748106 2.9999999999999984e-08 0.9559894286435145 -0.29340111165748106 2.9999999999999984e-08
p 0.9380581440183717 -0.34647787583163986 -4.999999999999993e-08 0.46902907200918587 -0.17323893791581993 -2.4999999999999966e-08
p 0.9921493451097528 -0.1250586942131083 -2.9999999999999984e-08 1.9842986902195057 -0.2501173884262166 -5.999999999999997e-08
p 0.1412408385186556 0.9899752651124907 2.9999999999999984e-08 0.1412408385186556 0.9899752651124907 2.9999999999999984e-08
p 0.3429402785224582 0.9393572086096634 -1e-08 0.3429402785224582 0.9393572086096634 -1e-08
p 0.9923458678494618 -0.12348958888140535 -1e-08 1.9846917356989235 -0.2469791777628107 -2e-08
p 0.9171269526595355 -0.3985952241377637 -1e-08 0.45856347632976774 -0.19929761206888186 -5e-09
p 0.7968041632426158 0.6042376398729435 9.99999999999995e-08 0.3984020816213079 0.30211881993647177 4.999999999999975e-08
p 0.9161555258992409 -0.40082296885816765 -9.99999999999995e-08 0.45807776294962044 -0.20041148442908382 -4.999999999999975e-08
p 0.6061697890832545 0.7953352669168915 -9.999999999995002e-07 1.212339578166509 1.590670533833783 -1.9999999999990004e-06
p 0.24208661616772775 0.9702546419736724 9.999999999995e-07 0.12104330808386388 0.4851273209868362 4.9999999999975e-07
p 0.9999282518249218 -0.011978781338413062 4.9999999999999945e-08 0.9999282518249218 -0.011978781338413062 4.9999999999999945e-08
p 0.9726968511031777 -0.23207937403819934 1e-08 1.9453937022063554 -0.4641587480763987 2e-08
p 0.2789449310149138 0.9603070995577796 9.99999999999995e-08 0.2789449310149138 0.9603070995577796 9.99999999999995e-08
p 0.48694445955592935 0.873432935781439 -1.9999999999999997e-08 0.9738889191118587 1.746865871562878 -3.9999999999999994e-08
p 0.1736035355317693 0.9848156235818256 -9.99999999999995e-08 0.08680176776588465 0.4924078117909128 -4.999999999999975e-08
p 0.2819785448258029 0.9594207107713086 -9.999999999995002e-07 0.2819785448258029 0.9594207107713086 -9.999999999995002e-07
p 0.9321678793166768 0.3620263039756086 -9.99999999999995e-08 1.8643357586333535 0.7240526079512172 -1.99999999999999e-07
p 0.9628580315699405 -0.2700081684713613 -1.9999999999999997e-08 1.925716063139881 -0.5400163369427226 -3.9999999999999994e-08
p 0.6355293199290014 0.7720767342107786 9.999999999995002e-07 0.6355293199290014 0.7720767342107786 9.999999999995002e-07
p 0.8914987951405348 0.45302306592818486 4.9999999999999945e-08 0.8914987951405348 0.45302306592818486 4.9999999999999945e-08
p 0.9152021538265173 0.4029950590656096 -9.99999999999995e-08 1.8304043076530345 0.8059901181312192 -1.99999999999999e-07
p 0.050814985834088375 0.9987080840839687 9.99999999999995e-08 0.025407492917044187 0.49935404204198436 4.999999999999975e-08
p 0.9711978305439344 0.23827457679482977 1e-08 0.9711978305439344 0.23827457679482977 1e-08
p 0.9938873723815091 -0.11039878178938102 1e-08 1.9877747447630183 -0.22079756357876204 2e-08
p 0.8165299235740865 0.5773031126783349 4.9999999999999945e-08 1.633059847148173 1.1546062253566698 9.999999999999989e-08
p 0.9996472562493828 -0.0265586722574979 9.999999999995002e-07 0.9996472562493828 -0.0265586722574979 9.999999999995002e-07
p 0.9530769803454369 0.3027280455055723 1e-08 1.9061539606908737 0.6054560910111446 2e-08
p 0.9684460832837551 -0.24922316058575505 2.9999999999999984e-08 1.9368921665675103 -0.4984463211715101 5.999999999999997e-08
p 0.9991434775847207 -0.04138008216411043 -4.9999999999999945e-08 0.49957173879236033 -0.020690041082055216 -2.4999999999999972e-08
p 0.9793855166525096 0.20200002418637658 -1e-08 0.4896927583262548 0.10100001209318829 -5e-09
p 0.029162896740387474 0.999574672275018 -1e-08 0.014581448370193737 0.499787336137509 -5e-09
p 0.9522968988115761 0.30517309270781856 -9.999999999995e-07 0.47614844940578804 0.15258654635390928 -4.9999999999975e-07
p 0.99644035905878 0.08430071671587122 1e-08 0.49822017952939 0.04215035835793561 5e-09
p 0.9928813789170666 0.11910737760417846 1e-08 1.9857627578341333 0.23821475520835692 2e-08
p 0.9267043672976292 -0.37579118620784574 2.9999999999999984e-08 1.8534087345952583 -0.7515823724156915 5.999999999999997e-08
case 80 6 40
s 0.9999999999999551 0.0 -2.9999999999998654e-07 0.9987502603949663 0.04997916927067833 0.0 2.9999999999459544e-07 -5.994999166360204e-06 0.999999999981985 1.0 1.0 0.0009999999999999551 0.0 -2.9999999999998656e-10 0.0009987502603949663 4.997916927067833e-05 0.0 0.001 0.0
s 0.9987502603949663 0.04997916927067833 0.0 0.8775825618903728 0.479425538604203 0.0 0.0 0.0 1.0 1.0 1.0 0.0009987502603949663 4.997916927067833e-05 0.0 1.7551651237807455 0.958851077208406 0.0 0.001 1.0
s 0.8775825618903728 0.479425538604203 0.0 -0.39859637855648306 0.8709489764975944 0.2873478855663454 0.13807921244038343 -0.25275230299584717 0.9576274872945841 1.0 1.0 1.7551651237807455 0.958851077208406 0.0 -0.7971927571129661 1.7418979529951888 0.5746957711326908 2.0 2.0
s -0.39859637855648306 0.8709489764975944 0.2873478855663454 -0.8969628300582488 -0.3359893958958339 -0.2873478855663454 -0.1537435140353627 -0.3723343456140114 0.9152759512672909 1.0 1.0 -0.7971927571129661 1.7418979529951888 0.5746957711326908 -1.7939256601164977 -0.6719787917916678 -0.5746957711326908 2.0 3.0
s -0.8969628300582488 -0.3359893958958339 -0.2873478855663454 0.2805238471386536 -0.9483150748622418 0.14834045293024462 -0.3224329819611792 0.05246353097466939 0.9451373180979005 1.0 1.0 -1.7939256601164977 -0.6719787917916678 -0.5746957711326908 0.5610476942773072 -1.8966301497244835 0.29668090586048923 2.0 4.0
s 0.2805238471386536 -0.9483150748622418 0.14834045293024462 0.9999999999999551 0.0 -2.9999999999998654e-07 2.9639567760604415e-07 0.15454601243808153 0.987985592020147 1.0 1.0 0.5610476942773072 -1.8966301497244835 0.29668090586048923 0.0009999999999999551 0.0 -2.9999999999998656e-10 0.001 5.0
p 0.2925396299713559 0.9562533999391701 -9.999999999995002e-07 0.14626981498567795 0.47812669996958507 -4.999999999997501e-07
p 0.9998393043873589 -0.017926667320006744 -9.999999999995e-07 0.9998393043873589 -0.017926667320006744 -9.999999999995e-07
p 0.9950659594711341 0.09921560513236583 -9.99999999999995e-08 1.9901319189422682 0.19843121026473165 -1.99999999999999e-07
p 0.9980738477923655 0.06203704016907691 -4.9999999999999945e-08 1.996147695584731 0.12407408033815381 -9.999999999999989e-08
p 0.9469627185748992 -0.32134344497629846 -2.9999999999999984e-08 1.8939254371497984 -0.6426868899525969 -5.999999999999997e-08
p 0.36404466004726116 0.9313814929936454 4.9999999999999945e-08 0.7280893200945223 1.8627629859872907 9.999999999999989e-08
p 0.8891635636565913 -0.45758950716281815 1e-08 0.44458178182829566 -0.22879475358140908 5e-09
p 0.9479822748961422 0.3183231164755934 2.9999999999999984e-08 0.4739911374480711 0.1591615582377967 1.4999999999999992e-08
p 0.3983965034243243 0.9172132936559916 2e-08 0.7967930068486486 1.8344265873119832 4e-08
p 0.6650178429660565 0.7468274690561219 2.9999999999999984e-08 1.330035685932113 1.4936549381122437 5.999999999999997e-08
p 0.04131811850245691 0.9991460419195068 -1e-08 0.04131811850245691 0.9991460419195068 -1e-08
p 0.9286619996046679 -0.37092706896403516 9.99999999999995e-08 0.46433099980233394 -0.18546353448201758 4.999999999999975e-08
p 0.9845614486725333 -0.17503929212562644 -4.9999999999999945e-08 1.9691228973450665 -0.3500785842512529 -9.999999999999989e-08
p 0.9276813853718516 0.3733727992697937 1.9999999999999997e-08 0.9276813853718516 0.3733727992697937 1.9999999999999997e-08
p 0.7661215115836044 0.6426957518833023 -9.99999999999995e-08 0.7661215115836044 0.6426957518833023 -9.99999999999995e-08
p 0.9402617025644132 -0.3404525380881607 -1.9999999999999997e-08 0.9402617025644132 -0.3404525380881607 -1.9999999999999997e-08
p 0.9963381006232163 0.08550081430326184 -2.9999999999999984e-08 0.49816905031160813 0.04275040715163092 -1.4999999999999992e-08
p 0.5556388935383881 0.8314237307098198 -2.9999999999999984e-08 1.1112777870767763 1.6628474614196396 -5.999999999999997e-08
p 0.31837449176207927 0.9479650220315288 2.9999999999999984e-08 0.31837449176207927 0.9479650220315288 2.9999999999999984e-08
p 0.586791033597106 0.8097384039861515 -1e-08 0.293395516798553 0.40486920199307574 -5e-09
p 0.5098757490705809 0.8602480575448598 9.99999999999995e-08 1.0197514981411617 1.7204961150897196 1.99999999999999e-07
p 0.7148355811520952 0.6992925653250889 -4.999999999999993e-08 0.3574177905760476 0.34964628266254444 -2.4999999999999966e-08
p 0.11425208936470793 0.9934517905141638 -2.9999999999999984e-08 0.22850417872941586 1.9869035810283275 -5.999999999999997e-08
p 0.9129855903195881 0.4079918036784467 -2.9999999999999984e-08 1.8259711806391763 0.8159836073568933 -5.999999999999997e-08
p 0.9522833325148713 -0.30521542329045326 1.9999999999999997e-08 0.9522833325148713 -0.30521542329045326 1.9999999999999997e-08
p 0.6619336853963917 0.7495624030976676 1.9999999999999997e-08 1.3238673707927835 1.4991248061953353 3.9999999999999994e-08
p 0.4277529161722559 0.903895703444336 9.999999999995e-07 0.8555058323445118 1.807791406888672 1.999999999999e-06
p 0.23319317623387878 0.972430430703377 1e-08 0.11659658811693939 0.4862152153516885 5e-09
p 0.6071145296661438 0.794614339077931 -1e-08 0.3035572648330719 0.3973071695389655 -5e-09
p 0.9848364599187075 0.17348529394385892 -2.9999999999999984e-08 0.49241822995935375 0.08674264697192946 -1.4999999999999992e-08
p 0.7508496484766862 0.6604731677989926 1.9999999999999997e-08 0.7508496484766862 0.6604731677989926 1.9999999999999997e-08
p 0.9402702271780401 -0.34042899389088055 -9.999999999995002e-07 1.8805404543560802 -0.6808579877817611 -1.9999999999990004e-06
p 0.7304138731700909 0.6830048124871934 -1.9999999999999997e-08 0.36520693658504544 0.3415024062435967 -9.999999999999999e-09
p 0.990601683282518 0.13677830630930546 -9.999999999995002e-07 0.495300841641259 0.06838915315465273 -4.999999999997501e-07
p 0.9345414253620448 0.3558543582454454 -1e-08 1.8690828507240895 0.7117087164908908 -2e-08
p 0.3436723246432471 0.9390896300536529 -1e-08 0.17183616232162355 0.46954481502682643 -5e-09
p 0.9961109618697841 0.08810761398909475 -4.9999999999999945e-08 0.9961109618697841 0.08810761398909475 -4.9999999999999945e-08
p 0.9999490753462543 0.0100919133057556 2e-08 0.49997453767312716 0.0050459566528778 1e-08
p 0.9555190544181564 -0.2949293756882006 1.9999999999999997e-08 1.9110381088363129 -0.5898587513764012 3.9999999999999994e-08
p 0.9856298079895294 -0.16891974900088144 -4.999999999999993e-08 0.9856298079895294 -0.16891974900088144 -4.999999999999993e-08
case 81 6 40
s 0.9987502603949663 0.04997916927067833 0.0 0.9950041652780245 -0.09983341664682802 -4.999999999999993e-08 -1.6722361435929075e-08 3.3416847623258276e-07 -0.9999999999999439 1.0 1.0 0.9987502603949663 0.04997916927067833 0.0 0.9950041652780245 -0.09983341664682802 -4.999999999999993e-08 1.0 0.0
s 0.8775825618903728 0.479425538604203 0.0 0.9987502603949663 0.04997916927067833 0.0 0.0 0.0 -1.0 1.0 1.0 0.8775825618903728 0.479425538604203 0.0 0.9987502603949663 0.04997916927067833 0.0 1.0 1.0
s -0.3722130460563617 0.813300343259146 0.4472135954999579 0.8775825618903728 0.479425538604203 0.0 -0.21483604456352498 0.3932547417548017 -0.8939777301721019 1.0 1.0 -0.3722130460563617 0.813300343259146 0.4472135954999579 0.8775825618903728 0.479425538604203 0.0 1.0 2.0
s -0.8375923243065936 -0.31375005699231057 -0.4472135954999579 -0.3722130460563617 0.813300343259146 0.4472135954999579 0.22573907030675272 0.5466923892662394 -0.8063307656634549 1.0 1.0 -0.8375923243065936 -0.31375005699231057 -0.4472135954999579 -0.3722130460563617 0.813300343259146 0.4472135954999579 1.0 3.0
s 0.2751927418019831 -0.9302931932717461 0.24253562503633297 -0.8375923243065936 -0.31375005699231057 -0.4472135954999579 0.4926817704433339 -0.08016495448787829 -0.8665092343101592 1.0 1.0 0.2751927418019831 -0.9302931932717461 0.24253562503633297 -0.8375923243065936 -0.31375005699231057 -0.4472135954999579 1.0 4.0
s 0.9950041652780245 -0.09983341664682802 -4.999999999999993e-08 0.2751927418019831 -0.9302931932717461 0.24253562503633297 -0.02602612688299242 -0.2593926688413589 -0.9654211951634517 1.0 1.0 0.9950041652780245 -0.09983341664682802 -4.999999999999993e-08 0.2751927418019831 -0.9302931932717461 0.24253562503633297 1.0 5.0
p 0.7245634685290194 0.6892080818397276 -1e-08 0.7245634685290194 0.6892080818397276 -1e-08
p 0.8892957769508602 0.45733250605808246 1e-08 0.4446478884754301 0.22866625302904123 5e-09
p 0.7245001183833052 0.6892746756276317 -9.999999999995e-07 0.3622500591916526 0.34463733781381584 -4.9999999999975e-07
p 0.3958546416073413 0.918313183351912 2.9999999999999984e-08 0.3958546416073413 0.918313183351912 2.9999999999999984e-08
p 0.48571378568727014 0.8741179087476305 -9.99999999999995e-08 0.24285689284363507 0.43705895437381526 -4.999999999999975e-08
p 0.9701469903407687 -0.24251766354587107 9.999999999995e-07 1.9402939806815374 -0.48503532709174213 1.999999999999e-06
p 0.7935437001427439 0.6085132668757207 2.9999999999999984e-08 0.39677185007137195 0.30425663343786036 1.4999999999999992e-08
p 0.8873277498850461 0.4611393111457005 -9.99999999999995e-08 1.7746554997700923 0.922278622291401 -1.99999999999999e-07
p 0.8482267593719995 0.5296332360089151 -2.9999999999999984e-08 1.696453518743999 1.0592664720178302 -5.999999999999997e-08
p 0.132182640239468 0.9912253778123936 -2.9999999999999984e-08 0.066091320119734 0.4956126889061968 -1.4999999999999992e-08
p 0.43916191841364133 0.8984079304048079 9.999999999995e-07 0.8783238368272827 1.7968158608096159 1.999999999999e-06
p 0.23244539084329088 0.972609448995181 -9.999999999995e-07 0.23244539084329088 0.972609448995181 -9.999999999995e-07
p 0.9874243797111282 0.15809204392407897 2.9999999999999984e-08 1.9748487594222564 0.31618408784815794 5.999999999999997e-08
p 0.9999927373952964 -0.0038111883529654677 1e-08 0.9999927373952964 -0.0038111883529654677 1e-08
p 0.09856710717322978 0.9951304062199587 2.9999999999999984e-08 0.19713421434645956 1.9902608124399175 5.999999999999997e-08
p 0.9947205434396781 0.10262085781686482 -4.9999999999999945e-08 0.9947205434396781 0.10262085781686482 -4.9999999999999945e-08
p 0.8469752647085314 0.5316322986537887 4.9999999999999945e-08 0.8469752647085314 0.5316322986537887 4.9999999999999945e-08
p 0.9999729486957616 -0.007355397793714383 -1e-08 0.9999729486957616 -0.007355397793714383 -1e-08
p 0.4634131632016541 0.8861423362933503 -2e-08 0.4634131632016541 0.8861423362933503 -2e-08
p 0.937113006463173 -0.3490260923148201 -9.999999999995002e-07 0.937113006463173 -0.3490260923148201 -9.999999999995002e-07
p 0.9996152634504727 0.02773670991375473 -4.9999999999999945e-08 1.9992305269009454 0.05547341982750946 -9.999999999999989e-08
p 0.43899505485132917 0.8984894778549594 -2.9999999999999984e-08 0.43899505485132917 0.8984894778549594 -2.9999999999999984e-08
p 0.9425484712333805 -0.33406942298812214 -1.9999999999999997e-08 0.9425484712333805 -0.33406942298812214 -1.9999999999999997e-08
p 0.9003342259524869 -0.4351991286509377 -2.9999999999999984e-08 0.9003342259524869 -0.4351991286509377 -2.9999999999999984e-08
p 0.6010788113743785 0.7991897537611216 4.9999999999999945e-08 0.30053940568718923 0.3995948768805608 2.4999999999999972e-08
p 0.8293230537845009 0.5587694269200398 -9.999999999995e-07 0.8293230537845009 0.5587694269200398 -9.999999999995e-07
p 0.6771560327190727 0.7358394575939483 -9.999999999999948e-08 1.3543120654381453 1.4716789151878966 -1.9999999999999896e-07
p 0.14534287210580538 0.9893813468663312 9.999999999995e-07 0.29068574421161075 1.9787626937326623 1.999999999999e-06
p 0.8967924844478911 -0.44245139827644286 9.999999999995002e-07 1.7935849688957821 -0.8849027965528857 1.9999999999990004e-06
p 0.9988392101713947 -0.04816878890094836 -1.9999999999999997e-08 0.4994196050856973 -0.02408439445047418 -9.999999999999999e-09
p 0.926974469334703 -0.37512442362720844 -1.9999999999999997e-08 0.4634872346673515 -0.18756221181360422 -9.999999999999999e-09
p 0.9922638758530772 -0.12414669015736267 2.9999999999999984e-08 1.9845277517061544 -0.24829338031472534 5.999999999999997e-08
p 0.4223230166173685 0.9064454035600851 -1.9999999999999997e-08 0.844646033234737 1.8128908071201701 -3.9999999999999994e-08
p 0.9258068192050884 -0.3779970019899055 -1e-08 0.4629034096025442 -0.18899850099495275 -5e-09
p 0.937872867644542 -0.3469790831393191 2.9999999999999984e-08 0.937872867644542 -0.3469790831393191 2.9999999999999984e-08
p 0.9768048322716865 -0.2141315475348793 -9.999999999995e-07 1.953609664543373 -0.4282630950697586 -1.999999999999e-06
p 0.9496710508660089 0.3132489347899692 1e-08 1.8993421017320178 0.6264978695799384 2e-08
p 0.9011976209118692 -0.43340840792810786 -9.99999999999995e-08 0.4505988104559346 -0.21670420396405393 -4.999999999999975e-08
p 0.999336947806375 0.036409679331685714 4.9999999999999945e-08 0.999336947806375 0.036409679331685714 4.9999999999999945e-08
p 0.76191483339798 0.6476772241233494 -2.9999999999999984e-08 1.52382966679596 1.2953544482466988 -5.999999999999997e-08
case 82 6 40
s 0.9987502603949663 0.04997916927067833 0.0 0.955336489125606 -0.29552020666133955 1e-08 1.4575528972191374e-09 -2.9126761346373487e-08 -0.9999999999999996 1.0 1.0 0.009987502603949663 0.0004997916927067833 0.0 0.00955336489125606 -0.0029552020666133954 1e-10 0.01 0.0
s 0.8775825618903728 0.479425538604203 0.0 0.9987502603949663 0.04997916927067833 0.0 0.0 0.0 -1.0 1.0 1.0 0.8775825618903728 0.479425538604203 0.0 0.009987502603949663 0.0004997916927067833 0.0 0.01 1.0
s -0.39859637855648306 0.8709489764975944 -0.2873478855663454 0.8775825618903728 0.479425538604203 0.0 0.13807921244038343 -0.25275230299584717 -0.9576274872945841 1.0 1.0 -0.39859637855648306 0.8709489764975944 -0.2873478855663454 0.8775825618903728 0.479425538604203 0.0 1.0 2.0
s -0.8969628300582488 -0.3359893958958339 0.2873478855663454 -0.39859637855648306 0.8709489764975944 -0.2873478855663454 -0.1537435140353627 -0.3723343456140114 -0.9152759512672909 1.0 1.0 -0.8969628300582488 -0.3359893958958339 0.2873478855663454 -0.39859637855648306 0.8709489764975944 -0.2873478855663454 1.0 3.0
s 0.2805238471386536 -0.9483150748622418 -0.14834045293024462 -0.8969628300582488 -0.3359893958958339 0.2873478855663454 -0.3224329819611792 0.05246353097466939 -0.9451373180979005 1.0 1.0 0.2805238471386536 -0.9483150748622418 -0.14834045293024462 -0.8969628300582488 -0.3359893958958339 0.2873478855663454 1.0 4.0
s 0.955336489125606 -0.29552020666133955 1e-08 0.2805238471386536 -0.9483150748622418 -0.14834045293024462 0.0524172418238239 0.1694506595603752 -0.9841437429228194 1.0 1.0 0.00955336489125606 -0.0029552020666133954 1e-10 0.2805238471386536 -0.9483150748622418 -0.14834045293024462 0.01 5.0
p 0.8787281556072748 0.47732256236536375 -1.9999999999999997e-08 1.7574563112145496 0.9546451247307275 -3.9999999999999994e-08
p 0.8823350043520045 0.4706218652964905 -1e-08 0.8823350043520045 0.4706218652964905 -1e-08
p 0.8134229885459973 0.5816726241666337 -1.9999999999999997e-08 1.6268459770919945 1.1633452483332674 -3.9999999999999994e-08
p 0.6595756423255763 0.7516381922512942 9.99999999999995e-08 0.6595756423255763 0.7516381922512942 9.99999999999995e-08
p 0.6907535867265105 0.7230902311768989 -9.999999999995e-07 0.3453767933632553 0.36154511558844943 -4.9999999999975e-07
p 0.8274621687419436 0.5615214682457647 -1e-08 0.8274621687419436 0.5615214682457647 -1e-08
p 0.9825958675906735 -0.1857561869594948 2.9999999999999984e-08 0.9825958675906735 -0.1857561869594948 2.9999999999999984e-08
p 0.9898664859861233 0.14200119690158824 -1.9999999999999997e-08 0.9898664859861233 0.14200119690158824 -1.9999999999999997e-08
p 0.8876061680613001 0.4606031810773076 9.999999999995e-07 0.8876061680613001 0.4606031810773076 9.999999999995e-07
p 0.9666649275739833 -0.25604475741242144 -1e-08 0.9666649275739833 -0.25604475741242144 -1e-08
p 0.5064861346097604 0.8622481055050591 9.999999999995e-07 0.5064861346097604 0.8622481055050591 9.999999999995e-07
p 0.37385915605986425 0.9274854885275597 9.999999999995e-07 0.18692957802993213 0.46374274426377987 4.9999999999975e-07
p 0.7075168238890861 0.7066965005671811 -1e-08 1.4150336477781722 1.4133930011343623 -2e-08
p 0.6191699999809094 0.7852569713944798 9.99999999999995e-08 1.2383399999618188 1.5705139427889596 1.99999999999999e-07
p 0.7598609619977832 0.6500856239233421 -4.9999999999999945e-08 0.7598609619977832 0.6500856239233421 -4.9999999999999945e-08
p 0.11076186760908116 0.9938469744803465 -9.99999999999995e-08 0.22152373521816232 1.987693948960693 -1.99999999999999e-07
p 0.9528035977710347 -0.303587391165331 -1.9999999999999997e-08 0.47640179888551737 -0.1517936955826655 -9.999999999999999e-09
p 0.6105728314986553 0.7919601110129884 9.99999999999995e-08 0.6105728314986553 0.7919601110129884 9.99999999999995e-08
p 0.38258276879714687 0.9239212223017169 9.999999999999948e-08 0.7651655375942937 1.8478424446034338 1.9999999999999896e-07
p 0.8374733068883774 0.5464782340125135 9.999999999999948e-08 1.6749466137767548 1.092956468025027 1.9999999999999896e-07
p 0.6580391654143161 0.7529837028646973 9.999999999995002e-07 1.3160783308286321 1.5059674057293946 1.9999999999990004e-06
p 0.8804606198597252 -0.47411928549282617 -1.9999999999999997e-08 1.7609212397194505 -0.9482385709856523 -3.9999999999999994e-08
p 0.303320995319001 0.9528884372258329 1.9999999999999997e-08 0.303320995319001 0.9528884372258329 1.9999999999999997e-08
p 0.10387534583597785 0.9945903239663284 -9.99999999999995e-08 0.051937672917988925 0.4972951619831642 -4.999999999999975e-08
p 0.9833220970434046 0.18187262978843538 1e-08 0.9833220970434046 0.18187262978843538 1e-08
p 0.9576963993736153 0.2877804834015198 -1.9999999999999997e-08 0.9576963993736153 0.2877804834015198 -1.9999999999999997e-08
p 0.9955839680236129 0.09387525027586063 4.9999999999999945e-08 0.9955839680236129 0.09387525027586063 4.9999999999999945e-08
p 0.36703514818230604 0.9302070737200309 9.99999999999995e-08 0.18351757409115302 0.46510353686001543 4.999999999999975e-08
p 0.2569936814763979 0.9664130833557695 -4.9999999999999945e-08 0.2569936814763979 0.9664130833557695 -4.9999999999999945e-08
p 0.43937561081783943 0.8983034412816421 -9.99999999999995e-08 0.8787512216356789 1.7966068825632842 -1.99999999999999e-07
p 0.9945668592872899 -0.10409977140904748 2e-08 1.9891337185745799 -0.20819954281809497 4e-08
p 0.9916732132847604 -0.12877980452104307 -9.999999999995e-07 1.9833464265695209 -0.25755960904208614 -1.999999999999e-06
p 0.9897096418520245 -0.14309026809723188 -9.999999999995002e-07 0.9897096418520245 -0.14309026809723188 -9.999999999995002e-07
p 0.30270944945298395 0.9530828868529071 -1e-08 0.6054188989059679 1.9061657737058142 -2e-08
p 0.8985351792244458 0.43890150568902364 -2.9999999999999984e-08 0.4492675896122229 0.21945075284451182 -1.4999999999999992e-08
p 0.9413448674110121 0.3374460558355122 -1.9999999999999997e-08 1.8826897348220242 0.6748921116710244 -3.9999999999999994e-08
p 0.34586639565368477 0.9382837717649858 -2.9999999999999984e-08 0.34586639565368477 0.9382837717649858 -2.9999999999999984e-08
p 0.971199912628028 0.23826609014148542 1.9999999999999997e-08 0.971199912628028 0.23826609014148542 1.9999999999999997e-08
p 0.4667051622341877 0.8844129643689992 1e-08 0.23335258111709384 0.4422064821844996 5e-09
p 0.9940539639922247 0.10888855160825896 1.9999999999999997e-08 0.49702698199611234 0.05444427580412948 9.999999999999999e-09
case 83 6 40
s 0.9992001066609331 0.03998933418663237 -2.9999999999998654e-07 0.9987502603949663 0.04997916927067833 0.0 1.499400067321782e-06 -2.996300717932151e-05 0.999999999549985 1.0 1.0 0.9992001066609331 0.03998933418663237 -2.9999999999998654e-07 0.9987502603949663 0.04997916927067833 0.0 1.0 0.0
s 0.9987502603949663 0.04997916927067833 0.0 0.8775825618903728 0.479425538604203 0.0 0.0 0.0 1.0 1.0 1.0 0.9987502603949663 0.04997916927067833 0.0 0.4387912809451864 0.2397127693021015 0.0 0.5 1.0
s 0.8775825618903728 0.479425538604203 0.0 -0.3722130460563617 0.813300343259146 0.4472135954999579 0.21483604456352498 -0.3932547417548017 0.8939777301721019 1.0 1.0 0.4387912809451864 0.2397127693021015 0.0 -0.18610652302818084 0.406650171629573 0.22360679774997896 0.5 2.0
s -0.3722130460563617 0.813300343259146 0.4472135954999579 -0.8375923243065936 -0.31375005699231057 -0.4472135954999579 -0.22573907030675272 -0.5466923892662394 0.8063307656634549 1.0 1.0 -0.18610652302818084 0.406650171629573 0.22360679774997896 -0.4187961621532968 -0.15687502849615528 -0.22360679774997896 0.5 3.0
s -0.8375923243065936 -0.31375005699231057 -0.4472135954999579 0.2751927418019831 -0.9302931932717461 0.24253562503633297 -0.4926817704433339 0.08016495448787829 0.8665092343101592 1.0 1.0 -0.4187961621532968 -0.15687502849615528 -0.22360679774997896 0.13759637090099155 -0.46514659663587304 0.12126781251816648 0.5 4.0
s 0.2751927418019831 -0.9302931932717461 0.24253562503633297 0.9992001066609331 0.03998933418663237 -2.9999999999998654e-07 -0.009984913368003575 0.24949695218671675 0.9683241050157599 1.0 1.0 0.13759637090099155 -0.46514659663587304 0.12126781251816648 0.9992001066609331 0.03998933418663237 -2.9999999999998654e-07 0.5 5.0
p -0.02351271265546272 0.9997235379556598 -9.999999999995e-07 -0.02351271265546272 0.9997235379556598 -9.999999999995e-07
p 0.9811642699078148 -0.19317524545154605 9.999999999995002e-07 0.4905821349539074 -0.09658762272577302 4.999999999997501e-07
p 0.14967409704141585 0.9887353865791579 -9.999999999995e-07 0.2993481940828317 1.9774707731583159 -1.999999999999e-06
p 0.9543971082880608 0.2985400470462679 9.999999999995002e-07 1.9087942165761216 0.5970800940925358 1.9999999999990004e-06
p 0.9747759487987759 -0.223185684226041 -2e-08 0.9747759487987759 -0.223185684226041 -2e-08
p 0.9999883002612026 -0.004837286399553749 -9.999999999995002e-07 0.4999941501306013 -0.0024186431997768746 -4.999999999997501e-07
p 0.19315059336019733 0.9811691231814235 -1.9999999999999997e-08 0.09657529668009866 0.49058456159071173 -9.999999999999999e-09
p 0.675939381481804 0.7369572257336218 -9.999999999995e-07 1.351878762963608 1.4739144514672435 -1.999999999999e-06
p 0.8875731830671316 0.4606667393030233 1.9999999999999997e-08 0.8875731830671316 0.4606667393030233 1.9999999999999997e-08
p 0.9932715493744244 0.11580858864233641 1.9999999999999997e-08 1.9865430987488488 0.23161717728467282 3.9999999999999994e-08
p 0.7684960967576375 0.6398544750701333 9.999999999995e-07 0.38424804837881876 0.31992723753506663 4.9999999999975e-07
p 0.6767481889489982 0.7362145670619742 -2.9999999999999984e-08 0.6767481889489982 0.7362145670619742 -2.9999999999999984e-08
p 0.4918486386812067 0.870680720257111 -4.9999999999999945e-08 0.4918486386812067 0.870680720257111 -4.9999999999999945e-08
p 0.9281351732603745 0.37224333460377046 1e-08 1.856270346520749 0.7444866692075409 2e-08
p 0.5009480001047485 0.8654773834081703 -1e-08 1.001896000209497 1.7309547668163405 -2e-08
p 0.9234437914885468 0.38373371491341157 -9.99999999999995e-08 1.8468875829770937 0.7674674298268231 -1.99999999999999e-07
p 0.967744967810131 -0.2519318901571737 -4.9999999999999945e-08 1.935489935620262 -0.5038637803143474 -9.999999999999989e-08
p 0.940441124128774 0.3399566031825353 -1e-08 0.470220562064387 0.16997830159126764 -5e-09
p 0.4731999509792345 0.8809550535596299 9.999999999995002e-07 0.946399901958469 1.7619101071192598 1.9999999999990004e-06
p 0.9298451527445287 0.3679510727223159 2.9999999999999984e-08 1.8596903054890574 0.7359021454446318 5.999999999999997e-08
p 0.707522922644061 0.7066903946801634 2.9999999999999984e-08 0.707522922644061 0.7066903946801634 2.9999999999999984e-08
p 0.06828795970638088 0.9976656526908896 -2.9999999999999984e-08 0.03414397985319044 0.4988328263454448 -1.4999999999999992e-08
p 0.6623705863717574 0.7491763519416068 -9.999999999995e-07 0.3311852931858787 0.3745881759708034 -4.9999999999975e-07
p 0.9218421159453407 0.3875656244668989 -9.999999999995002e-07 0.46092105797267036 0.19378281223344945 -4.999999999997501e-07
p 0.20595929598958698 0.978560559390411 9.999999999995002e-07 0.10297964799479349 0.4892802796952055 4.999999999997501e-07
p 0.946881308930053 0.3215832501840071 -1e-08 1.893762617860106 0.6431665003680141 -2e-08
p 0.9831033536399921 -0.183051348156189 -4.9999999999999945e-08 0.49155167681999606 -0.0915256740780945 -2.4999999999999972e-08
p 0.9633815660321873 0.26813421681943156 -1.9999999999999997e-08 0.9633815660321873 0.26813421681943156 -1.9999999999999997e-08
p 0.9602697716499786 0.2790734054962747 -9.99999999999995e-08 0.9602697716499786 0.2790734054962747 -9.99999999999995e-08
p 0.2615024858572082 0.9652028024671799 -4.999999999999993e-08 0.2615024858572082 0.9652028024671799 -4.999999999999993e-08
p 0.16382845520376701 0.9864888429503634 -1.9999999999999997e-08 0.08191422760188351 0.4932444214751817 -9.999999999999999e-09
p 0.8497244385943815 0.5272270653669654 2.9999999999999984e-08 0.8497244385943815 0.5272270653669654 2.9999999999999984e-08
p 0.9999994321287162 -0.0010657120825145379 4.9999999999999945e-08 0.4999997160643581 -0.0005328560412572689 2.4999999999999972e-08
p 0.1612897451096708 0.986907097006834 2.9999999999999984e-08 0.1612897451096708 0.986907097006834 2.9999999999999984e-08
p 0.9942396937616625 -0.10717943528362024 -9.999999999995002e-07 0.4971198468808313 -0.05358971764181012 -4.999999999997501e-07
p 0.9688372062817155 -0.24769834017255396 4.9999999999999945e-08 1.937674412563431 -0.4953966803451079 9.999999999999989e-08
p 0.6567536655416008 0.7541051801954876 4.9999999999999945e-08 0.3283768327708004 0.3770525900977438 2.4999999999999972e-08
p 0.9500737944952783 -0.31202529547032354 -2.9999999999999984e-08 1.9001475889905566 -0.6240505909406471 -5.999999999999997e-08
p 0.521294300461189 0.8533769696369066 -9.99999999999995e-08 0.521294300461189 0.8533769696369066 -9.99999999999995e-08
p 0.9606604216793292 0.27772568159767486 -1.9999999999999997e-08 0.9606604216793292 0.27772568159767486 -1.9999999999999997e-08
case 84 6 40
s 0.9995500337489425 0.029995500202494307 -2.999999999999865e-07 0.9987502603949663 0.04997916927067833 0.0 7.497375204775484e-07 -1.4982252701109468e-05 0.9999999998874849 1.0 1.0 0.09995500337489426 0.0029995500202494307 -2.999999999999865e-08 0.09987502603949663 0.004997916927067834 0.0 0.1 0.0
s 0.9987502603949663 0.04997916927067833 0.0 0.8775825618903728 0.479425538604203 0.0 0.0 0.0 1.0 1.0 1.0 0.09987502603949663 0.004997916927067834 0.0 1.7551651237807455 0.958851077208406 0.0 0.1 1.0
s 0.8775825618903728 0.479425538604203 0.0 -0.39859637855648306 0.8709489764975944 0.2873478855663454 0.13807921244038343 -0.25275230299584717 0.9576274872945841 1.0 1.0 1.7551651237807455 0.958851077208406 0.0 -0.7971927571129661 1.7418979529951888 0.5746957711326908 2.0 2.0
s -0.39859637855648306 0.8709489764975944 0.2873478855663454 -0.8969628300582488 -0.3359893958958339 -0.2873478855663454 -0.1537435140353627 -0.3723343456140114 0.9152759512672909 1.0 1.0 -0.7971927571129661 1.7418979529951888 0.5746957711326908 -1.7939256601164977 -0.6719787917916678 -0.5746957711326908 2.0 3.0
s -0.8969628300582488 -0.3359893958958339 -0.2873478855663454 0.2805238471386536 -0.9483150748622418 0.14834045293024462 -0.3224329819611792 0.05246353097466939 0.9451373180979005 1.0 1.0 -1.7939256601164977 -0.6719787917916678 -0.5746957711326908 0.5610476942773072 -1.8966301497244835 0.29668090586048923 2.0 4.0
s 0.2805238471386536 -0.9483150748622418 0.14834045293024462 0.9995500337489425 0.029995500202494307 -2.999999999999865e-07 -0.00459758126156709 0.1532166134492551 0.9881819324444688 1.0 1.0 0.5610476942773072 -1.8966301497244835 0.29668090586048923 0.09995500337489426 0.0029995500202494307 -2.999999999999865e-08 0.1 5.0
p 0.9323313022371637 0.3616052306988307 -1e-08 1.8646626044743273 0.7232104613976614 -2e-08
p 0.9603010312521818 0.2789658211609367 1.9999999999999997e-08 0.9603010312521818 0.2789658211609367 1.9999999999999997e-08
p 0.8312154830636354 0.555950376126581 -1.9999999999999997e-08 0.4156077415318177 0.2779751880632905 -9.999999999999999e-09
p 0.7913018642053898 0.6114256779896261 -2.9999999999999984e-08 1.5826037284107797 1.2228513559792522 -5.999999999999997e-08
p 0.7740260657762751 0.633153732910816 1.9999999999999997e-08 0.38701303288813754 0.316576866455408 9.999999999999999e-09
p 0.9630778419647692 0.26922308652208926 4.999999999999993e-08 1.9261556839295384 0.5384461730441785 9.999999999999986e-08
p 0.9212288268236402 -0.38902114162231566 9.99999999999995e-08 1.8424576536472803 -0.7780422832446313 1.99999999999999e-07
p 0.04868300679508462 0.9988142794580929 -1.9999999999999997e-08 0.09736601359016923 1.9976285589161857 -3.9999999999999994e-08
p 0.4492566589980226 0.8934027391641042 9.999999999999948e-08 0.4492566589980226 0.8934027391641042 9.999999999999948e-08
p 0.6399823831491036 0.7683895816958896 9.99999999999995e-08 0.3199911915745518 0.3841947908479448 4.999999999999975e-08
p 0.9125478651345837 0.40896991801147614 1e-08 1.8250957302691675 0.8179398360229523 2e-08
p 0.8910334758333821 0.4539376002759423 1.9999999999999997e-08 0.44551673791669105 0.22696880013797116 9.999999999999999e-09
p 0.9932889181988944 -0.11565952180114339 -2.9999999999999984e-08 0.9932889181988944 -0.11565952180114339 -2.9999999999999984e-08
p 0.7392927439527125 0.6733841687616857 4.999999999999993e-08 1.478585487905425 1.3467683375233714 9.999999999999986e-08
p 0.8526777565776917 0.522437214828379 2.9999999999999984e-08 1.7053555131553835 1.044874429656758 5.999999999999997e-08
p 0.8740912427034431 0.48576177230114564 -1.9999999999999997e-08 1.7481824854068861 0.9715235446022913 -3.9999999999999994e-08
p 0.9744143046416281 0.22475934443037546 -9.999999999995e-07 0.9744143046416281 0.22475934443037546 -9.999999999995e-07
p 0.9953575542528224 0.09624624248165549 -4.9999999999999945e-08 0.9953575542528224 0.09624624248165549 -4.9999999999999945e-08
p 0.11319773365613299 0.9935724800411457 4.9999999999999945e-08 0.11319773365613299 0.9935724800411457 4.9999999999999945e-08
p 0.4910485862357459 0.8711321862696126 9.999999999995e-07 0.24552429311787294 0.4355660931348063 4.9999999999975e-07
p 0.9999328368518499 -0.011589727538288172 9.999999999995e-07 0.9999328368518499 -0.011589727538288172 9.999999999995e-07
p 0.20607685118851274 0.9785358099754075 2.9999999999999984e-08 0.4121537023770255 1.957071619950815 5.999999999999997e-08
p 0.9668473842787384 0.25535492067581494 9.99999999999995e-08 0.9668473842787384 0.25535492067581494 9.99999999999995e-08
p 0.3165841524480178 0.9485644281849126 -9.999999999995e-07 0.1582920762240089 0.4742822140924563 -4.9999999999975e-07
p 0.9238693018562786 0.38270813041741286 -2.9999999999999984e-08 0.9238693018562786 0.38270813041741286 -2.9999999999999984e-08
p 0.9951861916480097 0.09800226503571728 -9.999999999995e-07 0.9951861916480097 0.09800226503571728 -9.999999999995e-07
p 0.7032219237333052 0.710970411466489 2.9999999999999984e-08 0.3516109618666526 0.3554852057332445 1.4999999999999992e-08
p 0.04759706676760495 0.9988666173394275 9.99999999999995e-08 0.04759706676760495 0.9988666173394275 9.99999999999995e-08
p 0.9418942582197578 -0.3359095210494221 -9.999999999995e-07 1.8837885164395156 -0.6718190420988442 -1.999999999999e-06
p 0.9885077022671777 -0.1511705082298275 -1.9999999999999997e-08 1.9770154045343553 -0.302341016459655 -3.9999999999999994e-08
p 0.5673066667283714 0.8235066155687789 -1e-08 0.2836533333641857 0.41175330778438946 -5e-09
p 0.1534881420927737 0.9881504896704291 9.999999999995002e-07 0.07674407104638685 0.49407524483521453 4.999999999997501e-07
p 0.18967876126491462 0.98184620360014 9.999999999995e-07 0.18967876126491462 0.98184620360014 9.999999999995e-07
p 0.8792870097162027 -0.47629229948040147 9.999999999999948e-08 1.7585740194324053 -0.9525845989608029 1.9999999999999896e-07
p 0.8002974867072595 0.5996031460641641 1.9999999999999997e-08 1.600594973414519 1.1992062921283282 3.9999999999999994e-08
p 0.7812309421937067 0.6242421124524788 -2e-08 0.7812309421937067 0.6242421124524788 -2e-08
p 0.4120430161402291 0.9111643939762253 2.9999999999999984e-08 0.8240860322804582 1.8223287879524506 5.999999999999997e-08
p 0.9158565941135491 0.4015055404583193 4.999999999999993e-08 0.9158565941135491 0.4015055404583193 4.999999999999993e-08
p 0.9896887785290367 0.1432344988251885 1.9999999999999997e-08 0.49484438926451835 0.07161724941259424 9.999999999999999e-09
p 0.9842428461509203 0.17682200033006684 9.99999999999995e-08 1.9684856923018406 0.3536440006601337 1.99999999999999e-07
case 85 6 40
s 0.9995500337489862 0.02999550020249562 -4.999999999999993e-08 0.9987502603949663 0.04997916927067833 0.0 1.2495625342659365e-07 -2.4970421171247283e-06 0.9999999999968745 1.0 1.0 0.09995500337489863 0.002999550020249562 -4.9999999999999935e-09 0.09987502603949663 0.004997916927067834 0.0 0.1 0.0
s 0.9987502603949663 0.04997916927067833 0.0 0.8775825618903728 0.479425538604203 0.0 0.0 0.0 1.0 1.0 1.0 0.09987502603949663 0.004997916927067834 0.0 0.8775825618903728 0.479425538604203 0.0 0.1 1.0
s 0.8775825618903728 0.479425538604203 0.0 -0.39859637855648306 0.8709489764975944 -0.2873478855663454 -0.13807921244038343 0.25275230299584717 0.9576274872945841 1.0 1.0 0.8775825618903728 0.479425538604203 0.0 -0.39859637855648306 0.8709489764975944 -0.2873478855663454 1.0 2.0
s -0.39859637855648306 0.8709489764975944 -0.2873478855663454 -0.8969628300582488 -0.3359893958958339 0.2873478855663454 0.1537435140353627 0.3723343456140114 0.9152759512672909 1.0 1.0 -0.39859637855648306 0.8709489764975944 -0.2873478855663454 -0.8969628300582488 -0.3359893958958339 0.2873478855663454 1.0 3.0
s -0.8969628300582488 -0.3359893958958339 0.2873478855663454 0.2805238471386536 -0.9483150748622418 -0.14834045293024462 0.3224329819611792 -0.05246353097466939 0.9451373180979005 1.0 1.0 -0.8969628300582488 -0.3359893958958339 0.2873478855663454 0.2805238471386536 -0.9483150748622418 -0.14834045293024462 1.0 4.0
s 0.2805238471386536 -0.9483150748622418 -0.14834045293024462 0.9995500337489862 0.02999550020249562 -4.999999999999993e-08 0.0045979243005593255 -0.15321651413299905 0.9881819462472783 1.0 1.0 0.2805238471386536 -0.9483150748622418 -0.14834045293024462 0.09995500337489863 0.002999550020249562 -4.9999999999999935e-09 0.1 5.0
p 0.34730153515211026 0.9377535090208874 -1e-08 0.17365076757605513 0.4688767545104437 -5e-09
p 0.183928382899956 0.982939647162432 2.9999999999999984e-08 0.367856765799912 1.965879294324864 5.999999999999997e-08
p 0.7999268691775292 0.6000974953854042 -2.9999999999999984e-08 0.3999634345887646 0.3000487476927021 -1.4999999999999992e-08
p 0.2315767893287558 0.9728166274505101 -1.9999999999999997e-08 0.4631535786575116 1.9456332549010202 -3.9999999999999994e-08
p 0.9719162122300157 -0.23532716886169153 2e-08 0.9719162122300157 -0.23532716886169153 2e-08
p 0.9583813592924216 0.28549110347051143 1e-08 0.9583813592924216 0.28549110347051143 1e-08
p 0.6569433587876207 0.7539399335124979 9.99999999999995e-08 1.3138867175752413 1.5078798670249958 1.99999999999999e-07
p 0.996512142418147 -0.08344788800919219 -1e-08 0.4982560712090735 -0.04172394400459609 -5e-09
p 0.7368267983161347 0.6760815552004018 -9.999999999995e-07 1.4736535966322695 1.3521631104008036 -1.999999999999e-06
p 0.3147481156634542 0.949175233392814 4.9999999999999945e-08 0.6294962313269084 1.898350466785628 9.999999999999989e-08
p 0.09175497126596252 0.9957816152389903 -9.99999999999995e-08 0.09175497126596252 0.9957816152389903 -9.99999999999995e-08
p 0.9560779561400985 0.29311250703948055 4.9999999999999945e-08 1.912155912280197 0.5862250140789611 9.999999999999989e-08
p 0.99908673796408 -0.04272809408682868 -2.9999999999999984e-08 0.99908673796408 -0.04272809408682868 -2.9999999999999984e-08
p 0.6352879770874335 0.7722753305448495 -1e-08 1.270575954174867 1.544550661089699 -2e-08
p 0.48189107296747297 0.876231130349326 -9.999999999995e-07 0.9637821459349459 1.752462260698652 -1.999999999999e-06
p 0.19676202808736612 0.9804512758433979 -1e-08 0.39352405617473224 1.9609025516867957 -2e-08
p 0.48355331453569406 0.8753149101903521 1e-08 0.9671066290713881 1.7506298203807042 2e-08
p 0.9977363473246325 -0.06724716519899102 1e-08 0.4988681736623162 -0.03362358259949551 5e-09
p 0.9190463111177412 0.3941495630098697 -2.9999999999999984e-08 0.4595231555588706 0.19707478150493485 -1.4999999999999992e-08
p 0.0394761461427445 0.9992205131424778 9.999999999995e-07 0.078952292285489 1.9984410262849557 1.999999999999e-06
p 0.9252790654509961 -0.37928702988386176 -9.99999999999995e-08 0.46263953272549807 -0.18964351494193088 -4.999999999999975e-08
p 0.805167958181826 0.5930468439476847 9.999999999995e-07 0.805167958181826 0.5930468439476847 9.999999999995e-07
p 0.8569116781794304 0.5154632632881917 -2.9999999999999984e-08 1.7138233563588607 1.0309265265763834 -5.999999999999997e-08
p 0.5921365511808108 0.8058376416839158 -9.999999999995e-07 0.5921365511808108 0.8058376416839158 -9.999999999995e-07
p 0.9999234588415664 0.012372407094744013 9.999999999995e-07 0.9999234588415664 0.012372407094744013 9.999999999995e-07
p 0.9989021232476422 -0.04684600486009861 -1e-08 0.9989021232476422 -0.04684600486009861 -1e-08
p 0.4527122321925837 0.8916566799066825 9.999999999995e-07 0.22635611609629186 0.44582833995334126 4.9999999999975e-07
p 0.9203856304432763 0.391011881243438 -1.9999999999999997e-08 0.9203856304432763 0.391011881243438 -1.9999999999999997e-08
p 0.8987863764502142 -0.4383868719607046 -4.999999999999993e-08 0.8987863764502142 -0.4383868719607046 -4.999999999999993e-08
p 0.9970469556569813 -0.07679432410761022 2.9999999999999984e-08 0.9970469556569813 -0.07679432410761022 2.9999999999999984e-08
p 0.7593328222927558 0.650702439667255 -1.9999999999999997e-08 0.3796664111463779 0.3253512198336275 -9.999999999999999e-09
p 0.9949466651177203 -0.10040484834472352 1e-08 0.49747333255886017 -0.05020242417236176 5e-09
p 0.9671632481317554 0.25415595893709153 2e-08 0.4835816240658777 0.12707797946854577 1e-08
p 0.9113499795707807 0.41163237814380926 9.99999999999995e-08 0.9113499795707807 0.41163237814380926 9.99999999999995e-08
p 0.8474889969333025 0.5308129614817023 9.99999999999995e-08 0.42374449846665124 0.26540648074085116 4.999999999999975e-08
p 0.9996791882729593 -0.025328255623256763 9.999999999995e-07 1.9993583765459186 -0.050656511246513526 1.999999999999e-06
p 0.9865231316260838 -0.16362185295877962 -9.999999999995e-07 0.9865231316260838 -0.16362185295877962 -9.999999999995e-07
p 0.9577771137207411 -0.287511739643385 2.9999999999999984e-08 1.9155542274414823 -0.57502347928677 5.999999999999997e-08
p 0.6734202381896649 0.7392598885348609 -1e-08 0.6734202381896649 0.7392598885348609 -1e-08
p 0.8462727488821081 0.5327498798681335 -9.99999999999995e-08 1.6925454977642163 1.065499759736267 -1.99999999999999e-07
case 86 6 40
s 0.9992001066609768 0.03998933418663412 4.9999999999999945e-08 0.9987502603949663 0.04997916927067833 0.0 -2.4990001132963173e-07 4.99383453207179e-06 0.9999999999874996 1.0 1.0 0.09992001066609768 0.003998933418663412 4.999999999999995e-09 0.09987502603949663 0.004997916927067834 0.0 0.1 0.0
s 0.9987502603949663 0.04997916927067833 0.0 0.8775825618903728 0.479425538604203 0.0 0.0 0.0 1.0 1.0 1.0 0.09987502603949663 0.004997916927067834 0.0 0.4387912809451864 0.2397127693021015 0.0 0.1 1.0
s 0.8775825618903728 0.479425538604203 0.0 -0.39859637855648306 0.8709489764975944 -0.2873478855663454 -0.13807921244038343 0.25275230299584717 0.9576274872945841 1.0 1.0 0.4387912809451864 0.2397127693021015 0.0 -0.19929818927824153 0.4354744882487972 -0.1436739427831727 0.5 2.0
s -0.39859637855648306 0.8709489764975944 -0.2873478855663454 -0.8969628300582488 -0.3359893958958339 0.2873478855663454 0.1537435140353627 0.3723343456140114 0.9152759512672909 1.0 1.0 -0.19929818927824153 0.4354744882487972 -0.1436739427831727 -0.4484814150291244 -0.16799469794791694 0.1436739427831727 0.5 3.0
s -0.8969628300582488 -0.3359893958958339 0.2873478855663454 0.2805238471386536 -0.9483150748622418 -0.14834045293024462 0.3224329819611792 -0.05246353097466939 0.9451373180979005 1.0 1.0 -0.4484814150291244 -0.16799469794791694 0.1436739427831727 0.1402619235693268 -0.4741575374311209 -0.07417022646512231 0.5 4.0
s 0.2805238471386536 -0.9483150748622418 -0.14834045293024462 0.9992001066609768 0.03998933418663412 4.9999999999999945e-08 0.006114303914060045 -0.15277730073372403 0.9882417273461811 1.0 1.0 0.1402619235693268 -0.4741575374311209 -0.07417022646512231 0.09992001066609768 0.003998933418663412 4.999999999999995e-09 0.1 5.0
p 0.533961098882701 0.8455090448238731 -9.999999999995e-07 1.067922197765402 1.6910180896477462 -1.999999999999e-06
p 0.7336580559522626 0.6795188422231899 4.9999999999999945e-08 0.7336580559522626 0.6795188422231899 4.9999999999999945e-08
p 0.37584139012367496 0.9266840073454928 -4.9999999999999945e-08 0.7516827802473499 1.8533680146909857 -9.999999999999989e-08
p 0.5846398038064599 0.8112929802513662 -1.9999999999999997e-08 0.29231990190322993 0.4056464901256831 -9.999999999999999e-09
p 0.7328734463751267 0.6803649841065046 1e-08 1.4657468927502535 1.3607299682130092 2e-08
p 0.9999546654878947 -0.009521920394147827 -9.999999999995e-07 0.49997733274394734 -0.0047609601970739135 -4.9999999999975e-07
p 0.33153660391754114 0.9434423566184761 9.999999999995002e-07 0.6630732078350823 1.8868847132369522 1.9999999999990004e-06
p 0.887339704810198 -0.46111630665955716 -1e-08 0.443669852405099 -0.23055815332977858 -5e-09
p 0.9029129363500931 0.4298234862960048 2.9999999999999984e-08 1.8058258727001861 0.8596469725920096 5.999999999999997e-08
p 0.9858405713547761 -0.16768532395796631 1.9999999999999997e-08 1.9716811427095522 -0.33537064791593263 3.9999999999999994e-08
p 0.6515952443928266 0.7585668312579009 1e-08 0.3257976221964133 0.37928341562895046 5e-09
p 0.19070615056039558 0.9816471688633529 9.999999999995002e-07 0.19070615056039558 0.9816471688633529 9.999999999995002e-07
p 0.7669851118800698 0.6416648955290579 -1e-08 1.5339702237601396 1.2833297910581158 -2e-08
p 0.9792858621702846 -0.20248259222314025 1e-08 0.9792858621702846 -0.20248259222314025 1e-08
p 0.8562024625762438 0.5166404388724966 9.999999999999948e-08 1.7124049251524875 1.033280877744993 1.9999999999999896e-07
p 0.9853506009188687 -0.17054088444658738 9.999999999995e-07 0.9853506009188687 -0.17054088444658738 9.999999999995e-07
p 0.4307026040275292 0.9024939151506257 -2.999999999999999e-08 0.2153513020137646 0.45124695757531286 -1.4999999999999995e-08
p 0.8453443965760942 0.5342217247336533 -1e-08 0.4226721982880471 0.26711086236682663 -5e-09
p 0.3233409871156464 0.9462825191511673 1e-08 0.6466819742312928 1.8925650383023347 2e-08
p 0.8055482195935223 0.5925302236255173 -2.9999999999999984e-08 0.8055482195935223 0.5925302236255173 -2.9999999999999984e-08
p 0.9667874258786296 0.2555818326152553 2.9999999999999984e-08 0.9667874258786296 0.2555818326152553 2.9999999999999984e-08
p 0.1327268229747542 0.9911526574968249 -9.99999999999995e-08 0.1327268229747542 0.9911526574968249 -9.99999999999995e-08
p 0.5582780328017571 0.8296539267007663 -9.999999999995002e-07 1.1165560656035143 1.6593078534015326 -1.9999999999990004e-06
p 0.5195771693082718 0.8544235279605797 -9.999999999995e-07 0.2597885846541359 0.42721176398028987 -4.9999999999975e-07
p 0.8873149841246141 0.46116387428758443 2.9999999999999984e-08 1.7746299682492281 0.9223277485751689 5.999999999999997e-08
p 0.9401791260265029 0.3406805115985378 -9.999999999995002e-07 0.47008956301325144 0.1703402557992689 -4.999999999997501e-07
p 0.8888894026014758 0.4581218505406515 -1.9999999999999997e-08 0.4444447013007379 0.22906092527032576 -9.999999999999999e-09
p 0.9222421792600227 0.38661267800438603 -2.9999999999999984e-08 0.46112108963001136 0.19330633900219302 -1.4999999999999992e-08
p 0.9119551044249454 -0.41029000415959954 -4.999999999999993e-08 0.4559775522124727 -0.20514500207979977 -2.4999999999999966e-08
p 0.14584863011628768 0.9893069175398513 -9.999999999995e-07 0.14584863011628768 0.9893069175398513 -9.999999999995e-07
p 0.9818330351043095 0.18974691348703693 -4.999999999999993e-08 1.963666070208619 0.37949382697407386 -9.999999999999986e-08
p 0.6128742771789562 0.7901804353262432 2.9999999999999984e-08 0.6128742771789562 0.7901804353262432 2.9999999999999984e-08
p 0.8843342734978787 -0.46685425211406084 1e-08 1.7686685469957575 -0.9337085042281217 2e-08
p 0.9868136548989115 -0.16186046615850755 4.999999999999993e-08 0.9868136548989115 -0.16186046615850755 4.999999999999993e-08
p 0.9971908585899489 0.07490254698360192 -9.99999999999995e-08 0.49859542929497447 0.03745127349180096 -4.999999999999975e-08
p 0.9526242131833812 -0.30414981251965967 9.999999999995002e-07 0.4763121065916906 -0.15207490625982983 4.999999999997501e-07
p 0.06939521882509672 0.9975892459345264 1e-08 0.03469760941254836 0.4987946229672632 5e-09
p 0.10239119143084657 0.9947442102959745 -9.99999999999995e-08 0.20478238286169315 1.989488420591949 -1.99999999999999e-07
p 0.7069186741693243 0.7072948381761845 9.99999999999995e-08 0.35345933708466215 0.3536474190880923 4.999999999999975e-08
p 0.9995122047477547 -0.031230634964439986 1.9999999999999997e-08 0.49975610237387735 -0.015615317482219993 9.999999999999999e-09
case 87 6 40
s 0.9950041652780258 -0.09983341664682815 1e-09 0.9987502603949663 0.04997916927067833 0.0 -3.344472287186003e-10 6.683369524652032e-09 1.0 1.0 1.0 0.000995004165278026 -9.983341664682815e-05 1.0000000000000002e-12 0.0009987502603949663 4.997916927067833e-05 0.0 0.001 0.0
s 0.9987502603949663 0.04997916927067833 0.0 0.8775825618903728 0.479425538604203 0.0 0.0 0.0 1.0 1.0 1.0 0.0009987502603949663 4.997916927067833e-05 0.0 0.8775825618903728 0.479425538604203 0.0 0.001 1.0
s 0.8775825618903728 0.479425538604203 0.0 -0.3722130460563617 0.813300343259146 0.4472135954999579 0.21483604456352498 -0.3932547417548017 0.8939777301721019 1.0 1.0 0.8775825618903728 0.479425538604203 0.0 -0.3722130460563617 0.813300343259146 0.4472135954999579 1.0 2.0
s -0.3722130460563617 0.813300343259146 0.4472135954999579 -0.8375923243065936 -0.31375005699231057 -0.4472135954999579 -0.22573907030675272 -0.5466923892662394 0.8063307656634549 1.0 1.0 -0.3722130460563617 0.813300343259146 0.4472135954999579 -0.8375923243065936 -0.31375005699231057 -0.4472135954999579 1.0 3.0
s -0.8375923243065936 -0.31375005699231057 -0.4472135954999579 0.2751927418019831 -0.9302931932717461 0.24253562503633297 -0.4926817704433339 0.08016495448787829 0.8665092343101592 1.0 1.0 -0.8375923243065936 -0.31375005699231057 -0.4472135954999579 0.2751927418019831 -0.9302931932717461 0.24253562503633297 1.0 4.0
s 0.2751927418019831 -0.9302931932717461 0.24253562503633297 0.9950041652780258 -0.09983341664682815 1e-09 0.02602607602207042 0.2593926551150103 0.9654212002226172 1.0 1.0 0.2751927418019831 -0.9302931932717461 0.24253562503633297 0.000995004165278026 -9.983341664682815e-05 1.0000000000000002e-12 0.001 5.0
p 0.2885184622795782 0.9574743322527386 9.999999999995e-07 0.2885184622795782 0.9574743322527386 9.999999999995e-07
p 0.534397015578699 0.8452335947775501 1e-08 1.068794031157398 1.6904671895551002 2e-08
p 0.448241521208287 0.8939124893773889 -1.9999999999999997e-08 0.896483042416574 1.7878249787547777 -3.9999999999999994e-08
p 0.9919936790990819 -0.126287531555843 -9.999999999995002e-07 0.49599683954954094 -0.0631437657779215 -4.999999999997501e-07
p 0.8999474747671555 -0.43599832873558114 -2e-08 1.799894949534311 -0.8719966574711623 -4e-08
p 0.018629570044435606 0.9998264545009592 2.9999999999999984e-08 0.009314785022217803 0.4999132272504796 1.4999999999999992e-08
p -0.01806813993906869 0.9998367578355686 2.9999999999999984e-08 -0.03613627987813738 1.9996735156711372 5.999999999999997e-08
p 0.4619464298177209 0.8869078283438823 -9.999999999995e-07 0.23097321490886044 0.44345391417194113 -4.9999999999975e-07
p 0.12038413273617683 0.9927273848269514 1.9999999999999997e-08 0.24076826547235367 1.9854547696539029 3.9999999999999994e-08
p 0.6218644501409831 0.7831248978610327 9.999999999995002e-07 0.6218644501409831 0.7831248978610327 9.999999999995002e-07
p 0.9800805580797375 -0.19860035164648612 4.9999999999999945e-08 0.9800805580797375 -0.19860035164648612 4.9999999999999945e-08
p 0.9669315036378455 -0.2550362077679465 1e-08 1.933863007275691 -0.510072415535893 2e-08
p 0.7167450506569976 0.6973353084124578 -1.9999999999999997e-08 0.7167450506569976 0.6973353084124578 -1.9999999999999997e-08
p 0.9464575271779316 -0.3228283588042317 -2.9999999999999984e-08 1.8929150543558633 -0.6456567176084634 -5.999999999999997e-08
p 0.9652572120621414 0.2613015778023968 -1e-08 0.4826286060310707 0.1306507889011984 -5e-09
p 0.811266491389574 0.584676560115462 -2.9999999999999984e-08 1.622532982779148 1.169353120230924 -5.999999999999997e-08
p 0.4686448600399603 0.883386662316183 -2e-08 0.23432243001998015 0.4416933311580915 -1e-08
p 0.9998543839673772 -0.01706490141244714 -9.999999999995e-07 1.9997087679347545 -0.03412980282489428 -1.999999999999e-06
p 0.7423683854564829 0.6699919255294985 9.99999999999995e-08 0.37118419272824144 0.33499596276474924 4.999999999999975e-08
p 0.9994482634571025 0.033213983088040085 -9.99999999999995e-08 1.998896526914205 0.06642796617608017 -1.99999999999999e-07
p 0.5601018788026821 0.8284237353925259 1.0000000000000002e-08 1.1202037576053643 1.6568474707850518 2.0000000000000004e-08
p 0.7491690548062877 0.6623788397289355 -4.999999999999993e-08 1.4983381096125754 1.324757679457871 -9.999999999999986e-08
p -0.02383144733844508 0.9997159907282442 1e-08 -0.01191572366922254 0.4998579953641221 5e-09
p 0.9993440293476961 0.03621478989461481 -1e-08 0.49967201467384803 0.018107394947307405 -5e-09
p 0.9358504578284683 0.3523973901467578 -1e-08 1.8717009156569366 0.7047947802935156 -2e-08
p 0.30983590975817676 0.9507900446598677 9.99999999999995e-08 0.6196718195163535 1.9015800893197354 1.99999999999999e-07
p 0.9953140176096609 -0.09669543085749167 9.999999999995002e-07 0.49765700880483044 -0.04834771542874584 4.999999999997501e-07
p 0.2591766850178574 0.9658299259927415 -9.99999999999995e-08 0.2591766850178574 0.9658299259927415 -9.99999999999995e-08
p 0.9546120311439364 -0.29785209415957975 -2.9999999999999984e-08 1.909224062287873 -0.5957041883191595 -5.999999999999997e-08
p 0.0750358391646375 0.9971808375820587 4.999999999999993e-08 0.03751791958231875 0.49859041879102933 2.4999999999999966e-08
p 0.8794975439957948 -0.4759034251876688 9.99999999999995e-08 1.7589950879915897 -0.9518068503753376 1.99999999999999e-07
p 0.7360375133983154 0.6769407498964911 2.9999999999999984e-08 0.3680187566991577 0.33847037494824556 1.4999999999999992e-08
p 0.5031788516654091 0.8641822974556239 9.999999999995002e-07 0.5031788516654091 0.8641822974556239 9.999999999995002e-07
p 0.802043936673119 0.5972650363497564 -9.999999999999948e-08 1.604087873346238 1.1945300726995127 -1.9999999999999896e-07
p 0.9835794293125101 0.18047577741422038 9.99999999999995e-08 0.49178971465625504 0.09023788870711019 4.999999999999975e-08
p 0.5397237281989808 0.8418422044652922 -9.99999999999995e-08 0.2698618640994904 0.4209211022326461 -4.999999999999975e-08
p 0.618727400134471 0.7856057562943568 9.99999999999995e-08 1.237454800268942 1.5712115125887136 1.99999999999999e-07
p 0.3734980776601494 0.9276309535495101 -9.999999999995002e-07 0.3734980776601494 0.9276309535495101 -9.999999999995002e-07
p 0.743182055969332 0.6690892553951202 -1.9999999999999997e-08 0.743182055969332 0.6690892553951202 -1.9999999999999997e-08
p -0.01434504647331237 0.9998971045270999 -1.9999999999999997e-08 -0.02869009294662474 1.9997942090541998 -3.9999999999999994e-08
case 88 6 40
s 0.9999999999999989 0.0 4.9999999999999945e-08 0.9987502603949663 0.04997916927067833 0.0 -4.999999999997498e-08 9.991665277442007e-07 0.9999999999994996 1.0 1.0 0.0999999999999999 0.0 4.999999999999995e-09 0.09987502603949663 0.004997916927067834 0.0 0.1 0.0
s 0.9987502603949663 0.04997916927067833 0.0 0.8775825618903728 0.479425538604203 0.0 0.0 0.0 1.0 1.0 1.0 0.09987502603949663 0.004997916927067834 0.0 0.8775825618903728 0.479425538604203 0.0 0.1 1.0
s 0.8775825618903728 0.479425538604203 0.0 -0.39859637855648306 0.8709489764975944 -0.2873478855663454 -0.13807921244038343 0.25275230299584717 0.9576274872945841 1.0 1.0 0.8775825618903728 0.479425538604203 0.0 -0.39859637855648306 0.8709489764975944 -0.2873478855663454 1.0 2.0
s -0.39859637855648306 0.8709489764975944 -0.2873478855663454 -0.8969628300582488 -0.3359893958958339 0.2873478855663454 0.1537435140353627 0.3723343456140114 0.9152759512672909 1.0 1.0 -0.39859637855648306 0.8709489764975944 -0.2873478855663454 -0.8969628300582488 -0.3359893958958339 0.2873478855663454 1.0 3.0
s -0.8969628300582488 -0.3359893958958339 0.2873478855663454 0.2805238471386536 -0.9483150748622418 -0.14834045293024462 0.3224329819611792 -0.05246353097466939 0.9451373180979005 1.0 1.0 -0.8969628300582488 -0.3359893958958339 0.2873478855663454 0.2805238471386536 -0.9483150748622418 -0.14834045293024462 1.0 4.0
s 0.2805238471386536 -0.9483150748622418 -0.14834045293024462 0.9999999999999989 0.0 4.9999999999999945e-08 -4.939928015881918e-08 -0.15454594111847453 0.9879856031763837 1.0 1.0 0.2805238471386536 -0.9483150748622418 -0.14834045293024462 0.0999999999999999 0.0 4.999999999999995e-09 0.1 5.0
p 0.9071454504472523 -0.4208172189120252 1.9999999999999997e-08 1.8142909008945045 -0.8416344378240505 3.9999999999999994e-08
p 0.32557311240141434 0.9455168684271349 -9.999999999995e-07 0.6511462248028287 1.8910337368542698 -1.999999999999e-06
p 0.9518765662705692 -0.30648165130224075 -4.999999999999993e-08 1.9037531325411383 -0.6129633026044815 -9.999999999999986e-08
p 0.7054731981996527 0.7087365989011385 -1.9999999999999997e-08 0.35273659909982635 0.35436829945056925 -9.999999999999999e-09
p 0.9468841953685576 0.3215747511236527 9.999999999995e-07 0.4734420976842788 0.16078737556182635 4.9999999999975e-07
p 0.2368313180079999 0.9715507844732527 2.9999999999999984e-08 0.2368313180079999 0.9715507844732527 2.9999999999999984e-08
p 0.9929411192711275 0.11860832036833634 -4.999999999999993e-08 0.49647055963556375 0.05930416018416817 -2.4999999999999966e-08
p 0.4176682302647762 0.908599608973881 -1.9999999999999997e-08 0.2088341151323881 0.4542998044869405 -9.999999999999999e-09
p 0.9800300993114929 0.19884920025864591 -4.9999999999999945e-08 1.9600601986229857 0.39769840051729183 -9.999999999999989e-08
p 0.8671162479655791 0.4981058246137018 1.9999999999999997e-08 0.43355812398278953 0.2490529123068509 9.999999999999999e-09
p 0.13647563952034655 0.9906434271812954 -9.99999999999995e-08 0.06823781976017328 0.4953217135906477 -4.999999999999975e-08
p 0.9911693481491507 -0.13260212400100468 9.99999999999995e-08 0.49558467407457535 -0.06630106200050234 4.999999999999975e-08
p -0.02181626455786559 0.9997619969771513 9.999999999995002e-07 -0.010908132278932794 0.49988099848857565 4.999999999997501e-07
p 0.31697659365422387 0.9484333603766604 -2.9999999999999984e-08 0.15848829682711194 0.4742166801883302 -1.4999999999999992e-08
p 0.11771997542523532 0.993046830409262 -1.9999999999999997e-08 0.11771997542523532 0.993046830409262 -1.9999999999999997e-08
p 0.6549646942988092 0.7556594796745804 -9.99999999999995e-08 0.3274823471494046 0.3778297398372902 -4.999999999999975e-08
p 0.8252726738626441 0.5647344630670257 -1e-08 0.8252726738626441 0.5647344630670257 -1e-08
p 0.5127309859842593 0.8585493206634135 -1.9999999999999997e-08 0.25636549299212963 0.42927466033170675 -9.999999999999999e-09
p 0.8039909275980547 0.5946415629099743 -4.999999999999993e-08 0.40199546379902734 0.29732078145498714 -2.4999999999999966e-08
p 0.6792318731719558 0.7339237443129334 9.999999999995e-07 0.6792318731719558 0.7339237443129334 9.999999999995e-07
p 0.9545525667421291 -0.29804260991677595 9.99999999999995e-08 0.47727628337106454 -0.14902130495838797 4.999999999999975e-08
p 0.9759533518897578 -0.21797948283071608 2e-08 1.9519067037795157 -0.43595896566143216 4e-08
p 0.9953169826857072 -0.09666490561428503 2.9999999999999984e-08 0.9953169826857072 -0.09666490561428503 2.9999999999999984e-08
p 0.7762211905523119 0.6304606754878149 -9.999999999995002e-07 1.5524423811046237 1.2609213509756299 -1.9999999999990004e-06
p 0.7288029497551112 0.6847234919500338 2.9999999999999984e-08 0.7288029497551112 0.6847234919500338 2.9999999999999984e-08
p 0.9875567362440147 0.15726313204012124 -2.9999999999999984e-08 0.49377836812200737 0.07863156602006062 -1.4999999999999992e-08
p 0.35239503067097316 0.935851346292991 1e-08 0.17619751533548658 0.4679256731464955 5e-09
p 0.41016139410438684 0.9120129553829511 -2.9999999999999984e-08 0.8203227882087737 1.8240259107659023 -5.999999999999997e-08
p 0.5036169939310395 0.8639270359375627 -1.9999999999999997e-08 0.25180849696551977 0.43196351796878135 -9.999999999999999e-09
p 0.898850448378995 0.43825548650060275 -9.999999999995002e-07 0.898850448378995 0.43825548650060275 -9.999999999995002e-07
p -0.006522126303199955 0.9999787307075513 9.999999999995002e-07 -0.01304425260639991 1.9999574614151026 1.9999999999990004e-06
p 0.5385828678654881 0.8425725455067862 2.9999999999999984e-08 0.5385828678654881 0.8425725455067862 2.9999999999999984e-08
p 0.8608998088215145 0.5087745268486621 -9.999999999995002e-07 0.8608998088215145 0.5087745268486621 -9.999999999995002e-07
p 0.517838966155353 0.8554781149340718 -4.9999999999999945e-08 0.2589194830776765 0.4277390574670359 -2.4999999999999972e-08
p 0.8784729688615842 -0.4777920499323052 -9.999999999995002e-07 0.4392364844307921 -0.2388960249661526 -4.999999999997501e-07
p 0.6519366644390482 0.7582734240101573 2e-08 0.3259683322195241 0.37913671200507865 1e-08
p 0.08302521369078461 0.9965474468842914 1e-08 0.041512606845392305 0.4982737234421457 5e-09
p 0.9998221034592188 0.01886163922816095 -9.99999999999995e-08 1.9996442069184377 0.0377232784563219 -1.99999999999999e-07
p 0.010939771017942782 0.9999401589145593 2.9999999999999984e-08 0.021879542035885564 1.9998803178291187 5.999999999999997e-08
p 0.5186753194639264 0.8549712936578595 1e-08 1.0373506389278528 1.709942587315719 2e-08
case 89 6 40
s 0.9987502603949663 0.04997916927067833 0.0 0.9989876708477974 0.04498481403765821 -2.999999999999865e-07 -2.998762645671645e-06 5.992526520412499e-05 -0.9999999981999851 1.0 1.0 0.0009987502603949663 4.997916927067833e-05 0.0 0.0009989876708477975 4.4984814037658206e-05 -2.999999999999865e-10 0.001 0.0
s 0.8775825618903728 0.479425538604203 0.0 0.9987502603949663 0.04997916927067833 0.0 0.0 0.0 -1.0 1.0 1.0 1.7551651237807455 0.958851077208406 0.0 0.0009987502603949663 4.997916927067833e-05 0.0 0.001 1.0
s -0.3722130460563617 0.813300343259146 0.4472135954999579 0.8775825618903728 0.479425538604203 0.0 -0.21483604456352498 0.3932547417548017 -0.8939777301721019 1.0 1.0 -0.7444260921127234 1.626600686518292 0.8944271909999159 1.7551651237807455 0.958851077208406 0.0 2.0 2.0
s -0.8375923243065936 -0.31375005699231057 -0.4472135954999579 -0.3722130460563617 0.813300343259146 0.4472135954999579 0.22573907030675272 0.5466923892662394 -0.8063307656634549 1.0 1.0 -1.6751846486131872 -0.6275001139846211 -0.8944271909999159 -0.7444260921127234 1.626600686518292 0.8944271909999159 2.0 3.0
s 0.2751927418019831 -0.9302931932717461 0.24253562503633297 -0.8375923243065936 -0.31375005699231057 -0.4472135954999579 0.4926817704433339 -0.08016495448787829 -0.8665092343101592 1.0 1.0 0.5503854836039662 -1.8605863865434922 0.48507125007266594 -1.6751846486131872 -0.6275001139846211 -0.8944271909999159 2.0 4.0
s 0.9989876708477974 0.04498481403765821 -2.999999999999865e-07 0.2751927418019831 -0.9302931932717461 0.24253562503633297 0.011219102014273216 -0.24915152701795812 -0.9683995292928498 1.0 1.0 0.0009989876708477975 4.4984814037658206e-05 -2.999999999999865e-10 0.5503854836039662 -1.8605863865434922 0.48507125007266594 0.001 5.0
p 0.9842915023758261 -0.17655095114368413 9.999999999995002e-07 1.9685830047516522 -0.35310190228736826 1.9999999999990004e-06
p 0.9417282800291308 -0.33637456293895834 -9.999999999995002e-07 1.8834565600582616 -0.6727491258779167 -1.9999999999990004e-06
p 0.9938316356194206 0.11089941407431536 -2.9999999999999984e-08 0.4969158178097103 0.05544970703715768 -1.4999999999999992e-08
p 0.4174798599149682 0.9086861760610087 9.999999999995e-07 0.2087399299574841 0.4543430880305043 4.9999999999975e-07
p 0.870349658730038 0.49243423068314984 -2.9999999999999984e-08 1.740699317460076 0.9848684613662997 -5.999999999999997e-08
p 0.6597527407022415 0.7514827483953845 1e-08 0.3298763703511208 0.37574137419769227 5e-09
p 0.9643270633991923 0.26471364678816633 2e-08 0.48216353169959614 0.13235682339408317 1e-08
p 0.9985637639473166 0.05357620116579392 -9.999999999999948e-08 0.9985637639473166 0.05357620116579392 -9.999999999999948e-08
p 0.975041660548795 0.2220219813312315 4.999999999999993e-08 1.95008332109759 0.444043962662463 9.999999999999986e-08
p 0.951057642152189 0.3090135293218024 4.9999999999999945e-08 1.902115284304378 0.6180270586436049 9.999999999999989e-08
p 0.9952017832042307 0.09784380770962678 2.9999999999999984e-08 1.9904035664084614 0.19568761541925356 5.999999999999997e-08
p 0.7659930466397731 0.6428488566525712 -1.9999999999999997e-08 0.7659930466397731 0.6428488566525712 -1.9999999999999997e-08
p 0.9999352817704407 -0.011376830387665723 9.999999999995002e-07 0.9999352817704407 -0.011376830387665723 9.999999999995002e-07
p 0.3116121844919813 0.950209369810741 -9.99999999999995e-08 0.15580609224599065 0.4751046849053705 -4.999999999999975e-08
p 0.2148228918984621 0.9766530218641529 -1e-08 0.10741144594923105 0.48832651093207646 -5e-09
p 0.983611093766815 -0.18030312315334382 -1e-08 1.96722218753363 -0.36060624630668764 -2e-08
p 0.36007655295994057 0.9329227599370096 1e-08 0.7201531059198811 1.8658455198740191 2e-08
p 0.6952169130280977 0.7188000026708974 -1.9999999999999997e-08 1.3904338260561955 1.4376000053417948 -3.9999999999999994e-08
p 0.9638725549714601 -0.26636384471768837 -2.9999999999999984e-08 1.9277451099429201 -0.5327276894353767 -5.999999999999997e-08
p 0.9732505581028859 -0.22974627560076175 1e-08 1.9465011162057717 -0.4594925512015235 2e-08
p 0.9053388421679772 0.4246899820597895 4.9999999999999945e-08 1.8106776843359544 0.849379964119579 9.999999999999989e-08
p 0.8947143306438224 -0.44663885471438364 1.9999999999999997e-08 0.4473571653219112 -0.22331942735719182 9.999999999999999e-09
p 0.6336218098786837 0.7736429422195105 -1.9999999999999997e-08 0.6336218098786837 0.7736429422195105 -1.9999999999999997e-08
p 0.9985122425301333 0.05452798838609892 -9.99999999999995e-08 1.9970244850602665 0.10905597677219785 -1.99999999999999e-07
p 0.9897673525236251 0.1426905318420753 -9.999999999995002e-07 1.9795347050472503 0.2853810636841506 -1.9999999999990004e-06
p 0.07182905599295836 0.9974169573027925 -1e-08 0.07182905599295836 0.9974169573027925 -1e-08
p 0.8616463271494819 0.507509218546627 -2e-08 0.8616463271494819 0.507509218546627 -2e-08
p 0.9913554711393049 -0.13120339111915943 9.999999999995002e-07 0.49567773556965244 -0.06560169555957972 4.999999999997501e-07
p 0.10850056243003815 0.9940963876568331 -2.9999999999999984e-08 0.10850056243003815 0.9940963876568331 -2.9999999999999984e-08
p 0.363953641331864 0.9314170639199589 -2e-08 0.181976820665932 0.46570853195997947 -1e-08
p 0.49379835909440106 0.8695764374422048 -9.999999999995e-07 0.24689917954720053 0.4347882187211024 -4.9999999999975e-07
p 0.9548866572071634 -0.29697048992739905 9.99999999999995e-08 1.9097733144143267 -0.5939409798547981 1.99999999999999e-07
p 0.9122312014688063 0.40967576822015916 1.9999999999999997e-08 1.8244624029376126 0.8193515364403183 3.9999999999999994e-08
p 0.9816514828502115 0.19068394326209218 -1e-08 0.49082574142510577 0.09534197163104609 -5e-09
p 0.9986977104775178 -0.05101845829652589 9.99999999999995e-08 0.4993488552387589 -0.025509229148262945 4.999999999999975e-08
p 0.7022282900882226 0.7119518442983139 2.999999999999999e-08 0.7022282900882226 0.7119518442983139 2.999999999999999e-08
p 0.6133093145439948 0.7898428227777807 -4.999999999999993e-08 0.6133093145439948 0.7898428227777807 -4.999999999999993e-08
p 0.9403563418033418 -0.3401910498972996 -9.99999999999995e-08 0.9403563418033418 -0.3401910498972996 -9.99999999999995e-08
p 0.8484756828108695 0.529234367439066 -1.9999999999999997e-08 0.42423784140543475 0.264617183719533 -9.999999999999999e-09
p 0.21439133345893724 0.9767478467535512 -1e-08 0.4287826669178745 1.9534956935071024 -2e-08
case 90 6 40
s 0.9995500337489862 0.02999550020249562 -4.999999999999993e-08 0.9987502603949663 0.04997916927067833 0.0 1.2495625342659365e-07 -2.4970421171247283e-06 0.9999999999968745 1.0 1.0 0.09995500337489863 0.002999550020249562 -4.9999999999999935e-09 0.09987502603949663 0.004997916927067834 0.0 0.1 0.0
s 0.9987502603949663 0.04997916927067833 0.0 0.8775825618903728 0.479425538604203 0.0 0.0 0.0 1.0 1.0 1.0 0.09987502603949663 0.004997916927067834 0.0 0.8775825618903728 0.479425538604203 0.0 0.1 1.0
s 0.8775825618903728 0.479425538604203 0.0 -0.3722130460563617 0.813300343259146 0.4472135954999579 0.21483604456352498 -0.3932547417548017 0.8939777301721019 1.0 1.0 0.8775825618903728 0.479425538604203 0.0 -0.3722130460563617 0.813300343259146 0.4472135954999579 1.0 2.0
s -0.3722130460563617 0.813300343259146 0.4472135954999579 -0.8375923243065936 -0.31375005699231057 -0.4472135954999579 -0.22573907030675272 -0.5466923892662394 0.8063307656634549 1.0 1.0 -0.3722130460563617 0.813300343259146 0.4472135954999579 -0.8375923243065936 -0.31375005699231057 -0.4472135954999579 1.0 3.0
s -0.8375923243065936 -0.31375005699231057 -0.4472135954999579 0.2751927418019831 -0.9302931932717461 0.24253562503633297 -0.4926817704433339 0.08016495448787829 0.8665092343101592 1.0 1.0 -0.8375923243065936 -0.31375005699231057 -0.4472135954999579 0.2751927418019831 -0.9302931932717461 0.24253562503633297 1.0 4.0
s 0.2751927418019831 -0.9302931932717461 0.24253562503633297 0.9995500337489862 0.02999550020249562 -4.999999999999993e-08 -0.007507873250767225 0.2501889723098807 0.9681679141418477 1.0 1.0 0.2751927418019831 -0.9302931932717461 0.24253562503633297 0.09995500337489863 0.002999550020249562 -4.9999999999999935e-09 0.1 5.0
p 0.6408644556237748 0.7676540558852293 9.999999999995e-07 0.3204322278118874 0.38382702794261464 4.9999999999975e-07
p 0.8980290870339167 0.4399360849498818 1.9999999999999997e-08 1.7960581740678334 0.8798721698997636 3.9999999999999994e-08
p 0.5891132315699076 0.8080504937120333 9.999999999995002e-07 1.1782264631398152 1.6161009874240666 1.9999999999990004e-06
p 0.73056857746446 0.6828393322162654 2e-08 1.46113715492892 1.3656786644325307 4e-08
p -0.025464881201021226 0.99967571733308 9.99999999999995e-08 -0.012732440600510613 0.49983785866654 4.999999999999975e-08
p 0.7566576650114828 0.6538112709172048 9.999999999995e-07 0.7566576650114828 0.6538112709172048 9.999999999995e-07
p 0.945386076644357 -0.32595270529018444 -9.999999999995e-07 1.890772153288714 -0.6519054105803689 -1.999999999999e-06
p 0.32317520608703926 0.9463391496549214 9.999999999995e-07 0.16158760304351963 0.4731695748274607 4.9999999999975e-07
p 0.9962824364358556 0.0861470071994704 9.99999999999995e-08 0.9962824364358556 0.0861470071994704 9.99999999999995e-08
p 0.9953698936603631 -0.09611854552871928 -2.9999999999999984e-08 1.9907397873207262 -0.19223709105743855 -5.999999999999997e-08
p 0.988235120103875 0.15294230086300528 9.99999999999995e-08 0.988235120103875 0.15294230086300528 9.99999999999995e-08
p 0.9300379277762205 0.36746353954877126 -4.9999999999999945e-08 1.860075855552441 0.7349270790975425 -9.999999999999989e-08
p 0.5752100479738425 0.8180057461350313 1.9999999999999997e-08 0.5752100479738425 0.8180057461350313 1.9999999999999997e-08
p 0.0994132919284335 0.9950462287692715 4.999999999999993e-08 0.0994132919284335 0.9950462287692715 4.999999999999993e-08
p 0.9437371894391671 0.33069641254398524 1e-08 0.47186859471958353 0.16534820627199262 5e-09
p 0.4573929135590494 0.8892647089736352 1e-08 0.2286964567795247 0.4446323544868176 5e-09
p 0.769339583393611 0.638840046822164 1.9999999999999997e-08 1.538679166787222 1.277680093644328 3.9999999999999994e-08
p 0.9952421897495725 0.0974319441583507 1e-08 0.9952421897495725 0.0974319441583507 1e-08
p -0.010792448358870515 0.9999417598332518 1.9999999999999997e-08 -0.02158489671774103 1.9998835196665037 3.9999999999999994e-08
p 0.9700369542564967 0.24295741885519634 -1e-08 0.9700369542564967 0.24295741885519634 -1e-08
p 0.9980669404393575 0.062148068369173595 1.9999999999999997e-08 1.996133880878715 0.12429613673834719 3.9999999999999994e-08
p 0.9428531039947567 0.3332086797900832 4.9999999999999945e-08 1.8857062079895135 0.6664173595801663 9.999999999999989e-08
p 0.9962155816808105 -0.08691671195089351 -9.99999999999995e-08 0.9962155816808105 -0.08691671195089351 -9.99999999999995e-08
p 0.9811479905711392 -0.193257912123186 4.999999999999993e-08 0.4905739952855696 -0.096628956061593 2.4999999999999966e-08
p 0.7529846567536145 0.6580380738928724 -9.999999999995e-07 0.37649232837680724 0.3290190369464362 -4.9999999999975e-07
p 0.9885075462131542 0.15117152866742675 -4.9999999999999945e-08 1.9770150924263084 0.3023430573348535 -9.999999999999989e-08
p 0.9894324065627937 -0.14499487178293105 -9.99999999999995e-08 1.9788648131255875 -0.2899897435658621 -1.99999999999999e-07
p 0.18852356730811673 0.9820686659136527 1.9999999999999997e-08 0.18852356730811673 0.9820686659136527 1.9999999999999997e-08
p 0.20343258360698943 0.9790889560846784 1e-08 0.10171629180349472 0.4895444780423392 5e-09
p 0.6077829787437508 0.7941031738693475 4.9999999999999945e-08 1.2155659574875015 1.588206347738695 9.999999999999989e-08
p 0.5147944864979804 0.8573136162865259 -9.999999999995e-07 0.5147944864979804 0.8573136162865259 -9.999999999995e-07
p 0.7916935068112524 0.6109184816920347 1.9999999999999997e-08 0.7916935068112524 0.6109184816920347 1.9999999999999997e-08
p 0.1178309251840964 0.9930336716699285 1.9999999999999997e-08 0.0589154625920482 0.49651683583496425 9.999999999999999e-09
p 0.3856993423649305 0.9226245267167235 -4.9999999999999945e-08 0.19284967118246524 0.46131226335836173 -2.4999999999999972e-08
p 0.9940520064927234 -0.10890642032396763 -9.99999999999995e-08 1.9881040129854468 -0.21781284064793527 -1.99999999999999e-07
p 0.9286557489254071 0.3709427179333638 -1e-08 0.46432787446270357 0.1854713589666819 -5e-09
p 0.17178156326072186 0.985135064102224 -9.99999999999995e-08 0.17178156326072186 0.985135064102224 -9.99999999999995e-08
p 0.9660869468629742 -0.2582169845323395 -4.9999999999999945e-08 0.9660869468629742 -0.2582169845323395 -4.9999999999999945e-08
p 0.48425331494322627 0.8749278410049007 -9.999999999995002e-07 0.9685066298864525 1.7498556820098015 -1.9999999999990004e-06
p 0.9382862684564915 -0.3458596224264877 9.999999999995e-07 0.9382862684564915 -0.3458596224264877 9.999999999995e-07
case 91 6 40
s 0.9553364891255631 -0.2955202066613263 2.9999999999998654e-07 0.9987502603949663 0.04997916927067833 0.0 -4.372658691655742e-08 8.738028403908707e-07 0.9999999999996173 1.0 1.0 0.09553364891255632 -0.02955202066613263 2.9999999999998654e-08 0.09987502603949663 0.004997916927067834 0.0 0.1 0.0
s 0.9987502603949663 0.04997916927067833 0.0 0.8775825618903728 0.479425538604203 0.0 0.0 0.0 1.0 1.0 1.0 0.09987502603949663 0.004997916927067834 0.0 0.8775825618903728 0.479425538604203 0.0 0.1 1.0
s 0.8775825618903728 0.479425538604203 0.0 -0.39859637855648306 0.8709489764975944 -0.2873478855663454 -0.13807921244038343 0.25275230299584717 0.9576274872945841 1.0 1.0 0.8775825618903728 0.479425538604203 0.0 -0.39859637855648306 0.8709489764975944 -0.2873478855663454 1.0 2.0
s -0.39859637855648306 0.8709489764975944 -0.2873478855663454 -0.8969628300582488 -0.3359893958958339 0.2873478855663454 0.1537435140353627 0.3723343456140114 0.9152759512672909 1.0 1.0 -0.39859637855648306 0.8709489764975944 -0.2873478855663454 -0.8969628300582488 -0.3359893958958339 0.2873478855663454 1.0 3.0
s -0.8969628300582488 -0.3359893958958339 0.2873478855663454 0.2805238471386536 -0.9483150748622418 -0.14834045293024462 0.3224329819611792 -0.05246353097466939 0.9451373180979005 1.0 1.0 -0.8969628300582488 -0.3359893958958339 0.2873478855663454 0.2805238471386536 -0.9483150748622418 -0.14834045293024462 1.0 4.0
s 0.2805238471386536 -0.9483150748622418 -0.14834045293024462 0.9553364891255631 -0.2955202066613263 2.9999999999998654e-07 -0.05241756889124394 -0.16945075112015573 0.9841437097377326 1.0 1.0 0.2805238471386536 -0.9483150748622418 -0.14834045293024462 0.09553364891255632 -0.02955202066613263 2.9999999999998654e-08 0.1 5.0
p 0.8363200579485659 0.5482415167359225 4.999999999999993e-08 1.6726401158971318 1.096483033471845 9.999999999999986e-08
p 0.006996063424794927 0.9999755272488192 4.9999999999999945e-08 0.006996063424794927 0.9999755272488192 4.9999999999999945e-08
p 0.9544282921729224 -0.29844033758840094 -1e-08 0.9544282921729224 -0.29844033758840094 -1e-08
p 0.9986246658462181 -0.052428778009095255 4.9999999999999945e-08 0.9986246658462181 -0.052428778009095255 4.9999999999999945e-08
p 0.9555115650596828 0.2949536387929374 -2.9999999999999984e-08 0.9555115650596828 0.2949536387929374 -2.9999999999999984e-08
p 0.6820470149593756 0.7313083271678199 9.999999999999948e-08 0.6820470149593756 0.7313083271678199 9.999999999999948e-08
p 0.17124148634602937 0.9852290867376989 4.9999999999999945e-08 0.17124148634602937 0.9852290867376989 4.9999999999999945e-08
p 0.9983203728789676 -0.057934731334466784 -4.9999999999999945e-08 1.9966407457579352 -0.11586946266893357 -9.999999999999989e-08
p 0.9594957498322241 -0.2817231017398035 4.9999999999999945e-08 1.9189914996644482 -0.563446203479607 9.999999999999989e-08
p 0.9928479733436916 -0.1193855176615841 -1e-08 0.4964239866718458 -0.05969275883079205 -5e-09
p 0.9601914029737593 0.2793429248348406 1.9999999999999997e-08 1.9203828059475185 0.5586858496696812 3.9999999999999994e-08
p 0.9802802492297079 -0.1976123300028156 9.999999999995e-07 0.49014012461485396 -0.0988061650014078 4.9999999999975e-07
p 0.4344859364293145 0.9006786169578687 -4.999999999999993e-08 0.868971872858629 1.8013572339157373 -9.999999999999986e-08
p 0.8835361790614034 0.4683629151518787 -9.99999999999995e-08 0.8835361790614034 0.4683629151518787 -9.99999999999995e-08
p 0.9255658113850352 -0.37858675200693276 -4.999999999999993e-08 1.8511316227700705 -0.7571735040138655 -9.999999999999986e-08
p 0.9577525518960163 0.2875935488422306 9.999999999995e-07 1.9155051037920325 0.5751870976844612 1.999999999999e-06
p 0.9388015123204614 -0.34445859034695975 -9.999999999995e-07 0.4694007561602307 -0.17222929517347987 -4.9999999999975e-07
p 0.7155048193439766 0.69860779661806 4.999999999999993e-08 1.4310096386879532 1.39721559323612 9.999999999999986e-08
p 0.9964793970152902 0.08383800643529175 9.999999999995002e-07 0.4982396985076451 0.04191900321764588 4.999999999997501e-07
p 0.04999397774466997 0.9987495192435705 4.9999999999999945e-08 0.09998795548933995 1.997499038487141 9.999999999999989e-08
p 0.46802641769135683 0.8837144744440908 -9.999999999995e-07 0.23401320884567842 0.4418572372220454 -4.9999999999975e-07
p 0.2572363358717998 0.9663485227945704 -4.9999999999999945e-08 0.2572363358717998 0.9663485227945704 -4.9999999999999945e-08
p 0.993008044097366 0.11804670413829363 -9.99999999999995e-08 0.496504022048683 0.059023352069146814 -4.999999999999975e-08
p 0.24928360924666584 0.9684305252112588 -2.9999999999999984e-08 0.24928360924666584 0.9684305252112588 -2.9999999999999984e-08
p 0.9913252235869184 0.13143173543838735 1e-08 0.9913252235869184 0.13143173543838735 1e-08
p 0.566964973744111 0.8237419004441439 -9.99999999999995e-08 0.2834824868720555 0.41187095022207193 -4.999999999999975e-08
p 0.9453970702508513 0.3259208179314509 -2.9999999999999984e-08 1.8907941405017026 0.6518416358629018 -5.999999999999997e-08
p 0.5559237906031298 0.8312332639165962 9.99999999999995e-08 1.1118475812062596 1.6624665278331925 1.99999999999999e-07
p 0.8077727372181033 0.5894940245729071 9.99999999999995e-08 0.40388636860905164 0.29474701228645356 4.999999999999975e-08
p 0.9648348966272343 0.26285665722844825 9.999999999995e-07 0.9648348966272343 0.26285665722844825 9.999999999995e-07
p 0.8966598071781053 0.4427202166056128 -4.9999999999999945e-08 1.7933196143562107 0.8854404332112256 -9.999999999999989e-08
p 0.06157477195944074 0.998102473425521 1e-08 0.03078738597972037 0.4990512367127605 5e-09
p 0.9996464561892247 -0.026588768838076295 -1e-08 0.9996464561892247 -0.026588768838076295 -1e-08
p 0.7838646266501954 0.6209317571895805 -9.99999999999995e-08 0.7838646266501954 0.6209317571895805 -9.99999999999995e-08
p 0.48793442117410907 0.8728802899782349 -9.999999999995002e-07 0.24396721058705453 0.43644014498911743 -4.999999999997501e-07
p 0.6322572383468794 0.774758533065611 1.0000000000000002e-08 0.6322572383468794 0.774758533065611 1.0000000000000002e-08
p 0.8071271352130691 0.590377665230261 -9.99999999999995e-08 0.8071271352130691 0.590377665230261 -9.99999999999995e-08
p 0.7257344773193412 0.687974903924571 2e-08 0.3628672386596706 0.3439874519622855 1e-08
p 0.30725804055222483 0.9516262378244964 -4.9999999999999945e-08 0.15362902027611242 0.4758131189122482 -2.4999999999999972e-08
p 0.9855487519991248 0.16939202292896643 -9.999999999995e-07 0.9855487519991248 0.16939202292896643 -9.999999999995e-07
case 92 6 40
s 0.9987502603949663 0.04997916927067833 0.0 0.9553364891255905 -0.29552020666133477 1.7999999999999709e-07 2.6235952149940874e-08 -5.242817042346508e-07 -0.9999999999998622 1.0 1.0 0.9987502603949663 0.04997916927067833 0.0 0.9553364891255905 -0.29552020666133477 1.7999999999999709e-07 1.0 0.0
s 0.8775825618903728 0.479425538604203 0.0 0.9987502603949663 0.04997916927067833 0.0 0.0 0.0 -1.0 1.0 1.0 0.4387912809451864 0.2397127693021015 0.0 0.9987502603949663 0.04997916927067833 0.0 0.5 1.0
s -0.3722130460563617 0.813300343259146 0.4472135954999579 0.8775825618903728 0.479425538604203 0.0 -0.21483604456352498 0.3932547417548017 -0.8939777301721019 1.0 1.0 -0.18610652302818084 0.406650171629573 0.22360679774997896 0.4387912809451864 0.2397127693021015 0.0 0.5 2.0
s -0.8375923243065936 -0.31375005699231057 -0.4472135954999579 -0.3722130460563617 0.813300343259146 0.4472135954999579 0.22573907030675272 0.5466923892662394 -0.8063307656634549 1.0 1.0 -0.4187961621532968 -0.15687502849615528 -0.22360679774997896 -0.18610652302818084 0.406650171629573 0.22360679774997896 0.5 3.0
s 0.2751927418019831 -0.9302931932717461 0.24253562503633297 -0.8375923243065936 -0.31375005699231057 -0.4472135954999579 0.4926817704433339 -0.08016495448787829 -0.8665092343101592 1.0 1.0 0.13759637090099155 -0.46514659663587304 0.12126781251816648 -0.4187961621532968 -0.15687502849615528 -0.22360679774997896 0.5 4.0
s 0.9553364891255905 -0.29552020666133477 1.7999999999999709e-07 0.2751927418019831 -0.9302931932717461 0.24253562503633297 -0.08501666916415859 -0.2748363624420894 -0.9577249813197067 1.0 1.0 0.9553364891255905 -0.29552020666133477 1.7999999999999709e-07 0.13759637090099155 -0.46514659663587304 0.12126781251816648 0.5 5.0
p 0.4640073621156212 0.8858313428088341 1.9999999999999997e-08 0.4640073621156212 0.8858313428088341 1.9999999999999997e-08
p 0.14814993095655746 0.9889649123996084 4.9999999999999945e-08 0.07407496547827873 0.4944824561998042 2.4999999999999972e-08
p 0.2729971491502505 0.9620148421702371 -9.99999999999995e-08 0.2729971491502505 0.9620148421702371 -9.99999999999995e-08
p 0.06865384407335312 0.9976405413243535 4.999999999999993e-08 0.06865384407335312 0.9976405413243535 4.999999999999993e-08
p 0.9287389188734528 -0.37073443402221207 1e-08 1.8574778377469057 -0.7414688680444241 2e-08
p 0.7359771306549191 0.6770063981624924 2.9999999999999984e-08 0.36798856532745955 0.3385031990812462 1.4999999999999992e-08
p 0.9941473639134975 0.10803248966789189 2.9999999999999984e-08 0.4970736819567487 0.054016244833945945 1.4999999999999992e-08
p 0.9719695298936053 -0.23510685434159864 -4.9999999999999945e-08 0.48598476494680265 -0.11755342717079932 -2.4999999999999972e-08
p 0.23040467517351004 0.9730949006434 -2.9999999999999984e-08 0.11520233758675502 0.4865474503217 -1.4999999999999992e-08
p 0.49026177936951404 0.871575233522292 1e-08 0.49026177936951404 0.871575233522292 1e-08
p 0.836392595471476 0.548130847735728 9.999999999995e-07 1.672785190942952 1.096261695471456 1.999999999999e-06
p 0.8746727406670817 0.4847139328861263 1e-08 0.43733637033354084 0.24235696644306315 5e-09
p 0.9772782928301635 0.21196022825511704 -9.999999999995002e-07 0.9772782928301635 0.21196022825511704 -9.999999999995002e-07
p 0.9458947822292393 0.32447351348222214 -4.9999999999999945e-08 1.8917895644584786 0.6489470269644443 -9.999999999999989e-08
p 0.29868265220568607 0.9543524890057 -4.9999999999999945e-08 0.29868265220568607 0.9543524890057 -4.9999999999999945e-08
p 0.9924725090712242 0.12246762322290872 1.9999999999999997e-08 1.9849450181424484 0.24493524644581743 3.9999999999999994e-08
p 0.9580845055109329 0.28648574187709785 -9.999999999995e-07 0.47904225275546647 0.14324287093854893 -4.9999999999975e-07
p 0.9827339280871258 -0.1850243945711975 9.99999999999995e-08 0.9827339280871258 -0.1850243945711975 9.99999999999995e-08
p 0.4968636513596742 0.8678286190011957 -9.99999999999995e-08 0.4968636513596742 0.8678286190011957 -9.99999999999995e-08
p 0.39802233498193756 0.9173757250192129 9.999999999995002e-07 0.39802233498193756 0.9173757250192129 9.999999999995002e-07
p 0.9125301908992142 -0.4090093528226997 9.999999999995e-07 0.4562650954496071 -0.20450467641134984 4.9999999999975e-07
p 0.9747637918406787 0.2232387737745826 4.999999999999993e-08 1.9495275836813575 0.4464775475491652 9.999999999999986e-08
p 0.9733408620566143 -0.22936339344124804 4.9999999999999945e-08 1.9466817241132286 -0.4587267868824961 9.999999999999989e-08
p 0.5828314813977082 0.8125930496206223 9.99999999999995e-08 1.1656629627954165 1.6251860992412446 1.99999999999999e-07
p 0.4736081103197078 0.8807356912487385 -4.9999999999999945e-08 0.9472162206394156 1.761471382497477 -9.999999999999989e-08
p 0.9995336819329026 0.030535531461792845 -2.9999999999999984e-08 0.9995336819329026 0.030535531461792845 -2.9999999999999984e-08
p 0.9340426277009015 0.3571615455750875 9.99999999999995e-08 1.868085255401803 0.714323091150175 1.99999999999999e-07
p 0.7021487965849723 0.7120302433557688 9.999999999995002e-07 1.4042975931699446 1.4240604867115376 1.9999999999990004e-06
p 0.2443369519343119 0.9696903907533824 4.9999999999999945e-08 0.12216847596715595 0.4848451953766912 2.4999999999999972e-08
p 0.998206973001806 -0.05985682125348443 -1e-08 1.996413946003612 -0.11971364250696886 -2e-08
p 0.3850614192818427 0.9228909488019973 -4.9999999999999945e-08 0.19253070964092134 0.46144547440099865 -2.4999999999999972e-08
p 0.384036696057469 0.9233178304794415 -1.9999999999999997e-08 0.1920183480287345 0.46165891523972075 -9.999999999999999e-09
p 0.9536198955758737 -0.3010134461479253 -9.99999999999995e-08 0.9536198955758737 -0.3010134461479253 -9.99999999999995e-08
p 0.5585990569988293 0.8294378177536988 -1.9999999999999997e-08 0.27929952849941464 0.4147189088768494 -9.999999999999999e-09
p 0.9954144291681779 -0.09565622929945837 1e-08 0.49770721458408895 -0.047828114649729185 5e-09
p 0.9838370529542494 -0.1790660582949696 9.999999999995e-07 0.4919185264771247 -0.0895330291474848 4.9999999999975e-07
p 0.5870757394772326 0.8095320105568777 9.999999999995002e-07 0.2935378697386163 0.40476600527843887 4.999999999997501e-07
p 0.2233238377127054 0.9747443067329346 9.999999999995e-07 0.2233238377127054 0.9747443067329346 9.999999999995e-07
p 0.9049375919285372 0.42554430405607646 -9.99999999999995e-08 0.9049375919285372 0.42554430405607646 -9.99999999999995e-08
p 0.8111152187959827 0.5848864007972276 -9.99999999999995e-08 1.6222304375919654 1.1697728015944553 -1.99999999999999e-07
case 93 6 40
s 0.9992001066609331 0.03998933418663237 -2.9999999999998654e-07 0.9987502603949663 0.04997916927067833 0.0 1.499400067321782e-06 -2.996300717932151e-05 0.999999999549985 1.0 1.0 0.09992001066609331 0.003998933418663237 -2.9999999999998654e-08 0.09987502603949663 0.004997916927067834 0.0 0.1 0.0
s 0.9987502603949663 0.04997916927067833 0.0 0.8775825618903728 0.479425538604203 0.0 0.0 0.0 1.0 1.0 1.0 0.09987502603949663 0.004997916927067834 0.0 0.8775825618903728 0.479425538604203 0.0 0.1 1.0
s 0.8775825618903728 0.479425538604203 0.0 -0.39859637855648306 0.8709489764975944 0.2873478855663454 0.13807921244038343 -0.25275230299584717 0.9576274872945841 1.0 1.0 0.8775825618903728 0.479425538604203 0.0 -0.39859637855648306 0.8709489764975944 0.2873478855663454 1.0 2.0
s -0.39859637855648306 0.8709489764975944 0.2873478855663454 -0.8969628300582488 -0.3359893958958339 -0.2873478855663454 -0.1537435140353627 -0.3723343456140114 0.9152759512672909 1.0 1.0 -0.39859637855648306 0.8709489764975944 0.2873478855663454 -0.8969628300582488 -0.3359893958958339 -0.2873478855663454 1.0 3.0
s -0.8969628300582488 -0.3359893958958339 -0.2873478855663454 0.2805238471386536 -0.9483150748622418 0.14834045293024462 -0.3224329819611792 0.05246353097466939 0.9451373180979005 1.0 1.0 -0.8969628300582488 -0.3359893958958339 -0.2873478855663454 0.2805238471386536 -0.9483150748622418 0.14834045293024462 1.0 4.0
s 0.2805238471386536 -0.9483150748622418 0.14834045293024462 0.9992001066609331 0.03998933418663237 -2.9999999999998654e-07 -0.006114059490459566 0.15277737156114324 0.9882417179088402 1.0 1.0 0.2805238471386536 -0.9483150748622418 0.14834045293024462 0.09992001066609331 0.003998933418663237 -2.9999999999998654e-08 0.1 5.0
p 0.014286107489007474 0.9998979483586374 -9.999999999995e-07 0.02857221497801495 1.9997958967172749 -1.999999999999e-06
p 0.2414246356709871 0.9704195717786861 -4.999999999999993e-08 0.12071231783549355 0.48520978588934305 -2.4999999999999966e-08
p 0.6877981176435991 0.7259020246327459 4.9999999999999945e-08 0.6877981176435991 0.7259020246327459 4.9999999999999945e-08
p 0.9269316632864194 -0.3752301848160301 -1e-08 0.9269316632864194 -0.3752301848160301 -1e-08
p 0.9590493429506308 -0.2832390470697201 -9.999999999995e-07 0.4795246714753154 -0.14161952353486004 -4.9999999999975e-07
p 0.4033415596826101 0.9150494993347624 2e-08 0.8066831193652202 1.8300989986695249 4e-08
p 0.9106070670416949 -0.41327323825009776 -2e-08 0.9106070670416949 -0.41327323825009776 -2e-08
p 0.9999962236871294 0.002748201497518644 9.99999999999995e-08 0.9999962236871294 0.002748201497518644 9.99999999999995e-08
p 0.8897897881561818 0.45637060914675054 2.9999999999999984e-08 1.7795795763123636 0.9127412182935011 5.999999999999997e-08
p 0.5757835511578387 0.8176021662251506 9.99999999999995e-08 1.1515671023156775 1.6352043324503012 1.99999999999999e-07
p 0.9661288925757975 -0.25805999870236046 2.9999999999999984e-08 0.48306444628789874 -0.12902999935118023 1.4999999999999992e-08
p 0.8788960465977145 0.4770133533507292 -1.9999999999999997e-08 0.8788960465977145 0.4770133533507292 -1.9999999999999997e-08
p 0.9748073436360007 0.2230485211637235 -1e-08 0.9748073436360007 0.2230485211637235 -1e-08
p 0.8765642764272492 0.4812848109909278 -9.999999999995e-07 0.4382821382136246 0.2406424054954639 -4.9999999999975e-07
p 0.5808246987107291 0.8140286661829472 -4.999999999999993e-08 0.29041234935536453 0.4070143330914736 -2.4999999999999966e-08
p 0.988838209118909 -0.1489932756419162 2.9999999999999984e-08 0.4944191045594545 -0.0744966378209581 1.4999999999999992e-08
p 0.9561842797943088 0.2927654745256656 2.9999999999999984e-08 0.4780921398971544 0.1463827372628328 1.4999999999999992e-08
p 0.9769023859679268 0.21368605076176989 9.999999999999948e-08 1.9538047719358536 0.42737210152353977 1.9999999999999896e-07
p 0.9462185030936923 -0.32352827450337596 1.9999999999999997e-08 0.9462185030936923 -0.32352827450337596 1.9999999999999997e-08
p 0.8927686175948704 0.4505154774674694 4.9999999999999945e-08 1.7855372351897407 0.9010309549349388 9.999999999999989e-08
p 0.9139194811662831 0.40589553082628427 2.9999999999999984e-08 0.45695974058314154 0.20294776541314213 1.4999999999999992e-08
p 0.2791410593344496 0.9602501075202445 -9.999999999995e-07 0.1395705296672248 0.48012505376012227 -4.9999999999975e-07
p 0.7930591178091501 0.609144675475188 1.9999999999999997e-08 0.7930591178091501 0.609144675475188 1.9999999999999997e-08
p 0.9413934386757793 -0.33731052995302685 9.999999999995e-07 0.47069671933788965 -0.16865526497651342 4.9999999999975e-07
p 0.9985344628021122 0.054119558354580787 4.9999999999999945e-08 0.9985344628021122 0.054119558354580787 4.9999999999999945e-08
p 0.9735992017685894 0.228264308019373 4.9999999999999945e-08 0.4867996008842947 0.1141321540096865 2.4999999999999972e-08
p 0.09527699320400099 0.9954507996711863 -1.9999999999999997e-08 0.047638496602000494 0.49772539983559316 -9.999999999999999e-09
p 0.5482231488795242 0.8363320985300152 -9.999999999995e-07 0.5482231488795242 0.8363320985300152 -9.999999999995e-07
p 0.7834859391131995 0.6214095132936953 1.9999999999999997e-08 1.566971878226399 1.2428190265873906 3.9999999999999994e-08
p 0.8282491104824498 0.5603600726185093 9.99999999999995e-08 0.4141245552412249 0.28018003630925464 4.999999999999975e-08
p 0.0015552126125908258 0.9999987906561323 -4.999999999999993e-08 0.0031104252251816515 1.9999975813122646 -9.999999999999986e-08
p 0.9424904490783682 -0.3342330824380717 2.9999999999999984e-08 0.4712452245391841 -0.16711654121903585 1.4999999999999992e-08
p 0.7489980751033566 0.6625721722887754 1e-08 0.3744990375516783 0.3312860861443877 5e-09
p 0.9378805992110454 -0.3469581842578739 9.99999999999995e-08 1.8757611984220908 -0.6939163685157478 1.99999999999999e-07
p 0.43587149209681186 0.9000089123877045 -1e-08 0.43587149209681186 0.9000089123877045 -1e-08
p 0.012610001502959873 0.9999204907696889 -9.999999999995002e-07 0.025220003005919745 1.9998409815393778 -1.9999999999990004e-06
p 0.8332764684124631 0.552856515915344 1.9999999999999997e-08 0.8332764684124631 0.552856515915344 1.9999999999999997e-08
p 0.9492624892206468 -0.3144848590291931 9.99999999999995e-08 1.8985249784412936 -0.6289697180583862 1.99999999999999e-07
p 0.31382509128140834 0.9494808118557286 4.9999999999999945e-08 0.31382509128140834 0.9494808118557286 4.9999999999999945e-08
p 0.6587170960269019 0.7523907145904201 4.9999999999999945e-08 0.32935854801345094 0.37619535729521003 2.4999999999999972e-08
case 94 6 40
s 0.9992001066609617 0.039989334186633516 1.7999999999999709e-07 0.9987502603949663 0.04997916927067833 0.0 -8.996400406521739e-07 1.797780431277068e-05 0.9999999998379946 1.0 1.0 0.009992001066609617 0.00039989334186633517 1.7999999999999708e-09 0.009987502603949663 0.0004997916927067833 0.0 0.01 0.0
s 0.9987502603949663 0.04997916927067833 0.0 0.8775825618903728 0.479425538604203 0.0 0.0 0.0 1.0 1.0 1.0 0.009987502603949663 0.0004997916927067833 0.0 1.7551651237807455 0.958851077208406 0.0 0.01 1.0
s 0.8775825618903728 0.479425538604203 0.0 -0.3722130460563617 0.813300343259146 0.4472135954999579 0.21483604456352498 -0.3932547417548017 0.8939777301721019 1.0 1.0 1.7551651237807455 0.958851077208406 0.0 -0.7444260921127234 1.626600686518292 0.8944271909999159 2.0 2.0
s -0.3722130460563617 0.813300343259146 0.4472135954999579 -0.8375923243065936 -0.31375005699231057 -0.4472135954999579 -0.22573907030675272 -0.5466923892662394 0.8063307656634549 1.0 1.0 -0.7444260921127234 1.626600686518292 0.8944271909999159 -1.6751846486131872 -0.6275001139846211 -0.8944271909999159 2.0 3.0
s -0.8375923243065936 -0.31375005699231057 -0.4472135954999579 0.2751927418019831 -0.9302931932717461 0.24253562503633297 -0.4926817704433339 0.08016495448787829 0.8665092343101592 1.0 1.0 -1.6751846486131872 -0.6275001139846211 -0.8944271909999159 0.5503854836039662 -1.8605863865434922 0.48507125007266594 2.0 4.0
s 0.2751927418019831 -0.9302931932717461 0.24253562503633297 0.9992001066609617 0.039989334186633516 1.7999999999999709e-07 -0.009985373386015173 0.24949682351417515 0.9683241334257234 1.0 1.0 0.5503854836039662 -1.8605863865434922 0.48507125007266594 0.009992001066609617 0.00039989334186633517 1.7999999999999708e-09 0.01 5.0
p 0.20146068626414643 0.979496601265149 -2.9999999999999984e-08 0.40292137252829285 1.958993202530298 -5.999999999999997e-08
p 0.9112885254257814 0.41176840994338665 -1e-08 0.4556442627128907 0.20588420497169332 -5e-09
p 0.050293604445054846 0.9987344759003386 1.9999999999999997e-08 0.050293604445054846 0.9987344759003386 1.9999999999999997e-08
p -0.024749151609539565 0.9996936928352642 1.9999999999999997e-08 -0.04949830321907913 1.9993873856705284 3.9999999999999994e-08
p 0.9482812264940924 0.3174314342954392 1e-08 0.9482812264940924 0.3174314342954392 1e-08
p 0.99089415305933 -0.13464314848083805 1e-08 0.99089415305933 -0.13464314848083805 1e-08
p 0.9745705383447723 0.22408093580307265 -2e-08 1.9491410766895445 0.4481618716061453 -4e-08
p 0.014558266489126838 0.9998940228228343 2.9999999999999984e-08 0.007279133244563419 0.4999470114114172 1.4999999999999992e-08
p 0.43296636587327475 0.9014100765037462 -2e-08 0.8659327317465495 1.8028201530074923 -4e-08
p 0.21805131291815794 0.9759373058422693 -1.9999999999999997e-08 0.10902565645907897 0.48796865292113467 -9.999999999999999e-09
p 0.5952231079582141 0.8035604841905567 4.9999999999999945e-08 0.5952231079582141 0.8035604841905567 4.9999999999999945e-08
p 0.901076512799334 0.4336601412182023 1.9999999999999997e-08 0.450538256399667 0.21683007060910114 9.999999999999999e-09
p 0.9985239880938108 -0.054312477399123385 2.9999999999999984e-08 0.9985239880938108 -0.054312477399123385 2.9999999999999984e-08
p 0.22043917826546 0.9754007221063794 -4.9999999999999945e-08 0.11021958913273 0.4877003610531897 -2.4999999999999972e-08
p 0.16661239526810037 0.9860224691877078 -4.9999999999999945e-08 0.08330619763405019 0.4930112345938539 -2.4999999999999972e-08
p 0.14031808580248775 0.9901064764941828 9.999999999995e-07 0.2806361716049755 1.9802129529883656 1.999999999999e-06
p 0.9702337475406981 0.24217034321554062 -1e-08 1.9404674950813963 0.48434068643108125 -2e-08
p 0.07472002446791351 0.9972045517061751 2.9999999999999984e-08 0.07472002446791351 0.9972045517061751 2.9999999999999984e-08
p 0.17491589618756337 0.9845833785215458 1e-08 0.08745794809378168 0.4922916892607729 5e-09
p 0.7721707214605213 0.635415121726842 -1.9999999999999997e-08 1.5443414429210427 1.270830243453684 -3.9999999999999994e-08
p 0.4893091643629469 0.8721103953459298 -1.9999999999999997e-08 0.4893091643629469 0.8721103953459298 -1.9999999999999997e-08
p 0.1618085105905152 0.9868221754199072 2.9999999999999984e-08 0.1618085105905152 0.9868221754199072 2.9999999999999984e-08
p 0.9288444630946519 -0.3704699223667224 -4.999999999999993e-08 0.4644222315473259 -0.1852349611833612 -2.4999999999999966e-08
p 0.6427166149675934 0.7661040091551529 9.999999999995002e-07 0.6427166149675934 0.7661040091551529 9.999999999995002e-07
p 0.9253850671668015 0.37902833332574787 9.999999999995e-07 1.850770134333603 0.7580566666514957 1.999999999999e-06
p 0.3493403472848496 0.9369959027439226 4.9999999999999945e-08 0.3493403472848496 0.9369959027439226 4.9999999999999945e-08
p 0.716993590820442 0.6970797592258777 -2.9999999999999984e-08 0.358496795410221 0.34853987961293886 -1.4999999999999992e-08
p 0.9891113787680547 -0.14716888391082372 -1.9999999999999997e-08 0.9891113787680547 -0.14716888391082372 -1.9999999999999997e-08
p 0.27532230702971394 0.9613519788567741 -1.9999999999999997e-08 0.5506446140594279 1.9227039577135483 -3.9999999999999994e-08
p 0.9079380330119536 -0.4191044359230569 -2.9999999999999984e-08 0.9079380330119536 -0.4191044359230569 -2.9999999999999984e-08
p 0.9141269011021306 -0.4054281794367723 -1e-08 0.9141269011021306 -0.4054281794367723 -1e-08
p 0.8545205353274239 0.519417611083539 4.9999999999999945e-08 0.42726026766371195 0.2597088055417695 2.4999999999999972e-08
p 0.9632100270543316 -0.26874977912918135 9.999999999999948e-08 0.9632100270543316 -0.26874977912918135 9.999999999999948e-08
p 0.09257887275176882 0.9957053541685924 9.99999999999995e-08 0.18515774550353764 1.9914107083371848 1.99999999999999e-07
p 0.5424883785562893 0.8400633066212142 -1e-08 1.0849767571125786 1.6801266132424284 -2e-08
p 0.8356995657734464 0.5491868860106486 1e-08 0.8356995657734464 0.5491868860106486 1e-08
p 0.9931937224648543 0.11647415874946765 -9.99999999999995e-08 0.9931937224648543 0.11647415874946765 -9.99999999999995e-08
p 0.891696384797812 -0.4526340214107997 -1e-08 1.783392769595624 -0.9052680428215995 -2e-08
p 0.96967790627168 -0.2443864932613297 2.9999999999999984e-08 0.96967790627168 -0.2443864932613297 2.9999999999999984e-08
p 0.9277090579883936 -0.3733040365791499 -1e-08 0.9277090579883936 -0.3733040365791499 -1e-08
case 95 6 40
s 0.9987502603949663 0.04997916927067833 0.0 0.9950041652780245 -0.09983341664682802 -4.999999999999993e-08 -1.6722361435929075e-08 3.3416847623258276e-07 -0.9999999999999439 1.0 1.0 0.09987502603949663 0.004997916927067834 0.0 0.09950041652780245 -0.009983341664682802 -4.9999999999999935e-09 0.1 0.0
s 0.8775825618903728 0.479425538604203 0.0 0.9987502603949663 0.04997916927067833 0.0 0.0 0.0 -1.0 1.0 1.0 0.8775825618903728 0.479425538604203 0.0 0.09987502603949663 0.004997916927067834 0.0 0.1 1.0
s -0.3722130460563617 0.813300343259146 0.4472135954999579 0.8775825618903728 0.479425538604203 0.0 -0.21483604456352498 0.3932547417548017 -0.8939777301721019 1.0 1.0 -0.3722130460563617 0.813300343259146 0.4472135954999579 0.8775825618903728 0.479425538604203 0.0 1.0 2.0
s -0.8375923243065936 -0.31375005699231057 -0.4472135954999579 -0.3722130460563617 0.813300343259146 0.4472135954999579 0.22573907030675272 0.5466923892662394 -0.8063307656634549 1.0 1.0 -0.8375923243065936 -0.31375005699231057 -0.4472135954999579 -0.3722130460563617 0.813300343259146 0.4472135954999579 1.0 3.0
s 0.2751927418019831 -0.9302931932717461 0.24253562503633297 -0.8375923243065936 -0.31375005699231057 -0.4472135954999579 0.4926817704433339 -0.08016495448787829 -0.8665092343101592 1.0 1.0 0.2751927418019831 -0.9302931932717461 0.24253562503633297 -0.8375923243065936 -0.31375005699231057 -0.4472135954999579 1.0 4.0
s 0.9950041652780245 -0.09983341664682802 -4.999999999999993e-08 0.2751927418019831 -0.9302931932717461 0.24253562503633297 -0.02602612688299242 -0.2593926688413589 -0.9654211951634517 1.0 1.0 0.09950041652780245 -0.009983341664682802 -4.9999999999999935e-09 0.2751927418019831 -0.9302931932717461 0.24253562503633297 0.1 5.0
p 0.9884882855421379 0.151297420156343 1e-08 1.9769765710842757 0.302594840312686 2e-08
p 0.9893956294348083 -0.14524561423774368 -2e-08 1.9787912588696166 -0.29049122847548736 -4e-08
p 0.15357987226961928 0.9881362369803303 -1e-08 0.15357987226961928 0.9881362369803303 -1e-08
p 0.9845769298369359 -0.174952191277713 1e-08 1.9691538596738718 -0.349904382555426 2e-08
p 0.047375419562414034 0.9988771544195427 4.9999999999999945e-08 0.047375419562414034 0.9988771544195427 4.9999999999999945e-08
p 0.9992034198420018 -0.03990646283558467 1.9999999999999997e-08 1.9984068396840036 -0.07981292567116934 3.9999999999999994e-08
p 0.8035423417097285 0.595247599810059 -9.99999999999995e-08 1.607084683419457 1.190495199620118 -1.99999999999999e-07
p 0.5824222589203079 0.8128864080018583 4.9999999999999945e-08 0.29121112946015393 0.40644320400092915 2.4999999999999972e-08
p 0.9528931339059706 -0.3033062402174667 -4.9999999999999945e-08 0.4764465669529853 -0.15165312010873336 -2.4999999999999972e-08
p 0.9202713217432346 0.39128083824404114 1.9999999999999997e-08 0.4601356608716173 0.19564041912202057 9.999999999999999e-09
p 0.5397566514759221 0.8418210957130378 1.9999999999999997e-08 0.5397566514759221 0.8418210957130378 1.9999999999999997e-08
p 0.8996667534875143 -0.4365772928923757 -2.9999999999999984e-08 0.8996667534875143 -0.4365772928923757 -2.9999999999999984e-08
p 0.06948417243585306 0.9975830540761529 -9.999999999995e-07 0.03474208621792653 0.49879152703807644 -4.9999999999975e-07
p 0.8547228799413429 0.5190845774098629 -2.9999999999999984e-08 0.8547228799413429 0.5190845774098629 -2.9999999999999984e-08
p 0.8778054232293016 -0.47901736810811596 1.9999999999999997e-08 1.755610846458603 -0.9580347362162319 3.9999999999999994e-08
p 0.6338135165060045 0.773485892757129 -1e-08 0.31690675825300224 0.3867429463785645 -5e-09
p 0.930971501900538 0.36509185508451936 2.9999999999999984e-08 0.465485750950269 0.18254592754225968 1.4999999999999992e-08
p 0.8686687876641455 0.4953933157987716 4.9999999999999945e-08 0.43433439383207273 0.2476966578993858 2.4999999999999972e-08
p 0.6686757384757459 0.7435541384283431 -1.9999999999999997e-08 1.3373514769514918 1.4871082768566861 -3.9999999999999994e-08
p 0.09440557677304848 0.9955338201558729 -4.9999999999999945e-08 0.09440557677304848 0.9955338201558729 -4.9999999999999945e-08
p 0.7548592331637505 0.6558868333084863 -1.9999999999999997e-08 0.7548592331637505 0.6558868333084863 -1.9999999999999997e-08
p 0.8787972679454944 0.4771953078683139 2e-08 0.8787972679454944 0.4771953078683139 2e-08
p 0.7554318613539305 0.6552272146754405 2e-08 1.510863722707861 1.310454429350881 4e-08
p 0.9724291921755555 0.23319834091346853 -4.9999999999999945e-08 0.48621459608777773 0.11659917045673426 -2.4999999999999972e-08
p 0.4233696019163236 0.9059570520577743 2.9999999999999984e-08 0.8467392038326472 1.8119141041155487 5.999999999999997e-08
p 0.8271620544036308 0.5619634647864257 2.9999999999999984e-08 0.4135810272018154 0.28098173239321284 1.4999999999999992e-08
p 0.9094154438510972 -0.41588886795045343 4.9999999999999945e-08 1.8188308877021944 -0.8317777359009069 9.999999999999989e-08
p 0.7400402435585172 0.6725625903318206 -4.9999999999999945e-08 1.4800804871170343 1.3451251806636413 -9.999999999999989e-08
p 0.96125373009045 -0.2756651345150415 1.9999999999999997e-08 1.9225074601809 -0.551330269030083 3.9999999999999994e-08
p 0.986579888633533 0.1632792802036927 9.99999999999995e-08 0.4932899443167665 0.08163964010184635 4.999999999999975e-08
p 0.5967136605852549 0.8024542399856474 4.9999999999999945e-08 0.29835683029262744 0.4012271199928237 2.4999999999999972e-08
p 0.9934004187682525 0.11469789880403512 -9.999999999995e-07 0.49670020938412623 0.05734894940201756 -4.9999999999975e-07
p 0.993282992451708 -0.11571040102851277 2.9999999999999984e-08 0.993282992451708 -0.11571040102851277 2.9999999999999984e-08
p 0.9924063572726113 -0.12300252861182932 -4.9999999999999945e-08 1.9848127145452226 -0.24600505722365865 -9.999999999999989e-08
p 0.19015664484817427 0.9817537626207935 -1e-08 0.09507832242408713 0.49087688131039675 -5e-09
p 0.7707696793668626 0.6371138841437249 -2e-08 0.3853848396834313 0.31855694207186247 -1e-08
p 0.990314606649501 0.1388415638655918 -2.9999999999999984e-08 0.990314606649501 0.1388415638655918 -2.9999999999999984e-08
p 0.9942669857655997 0.10692596043800189 -9.999999999995002e-07 0.9942669857655997 0.10692596043800189 -9.999999999995002e-07
p 0.5419595044034831 0.8404046023117261 -1.9999999999999997e-08 1.0839190088069661 1.6808092046234522 -3.9999999999999994e-08
p 0.645406496073767 0.7638392859926622 4.999999999999993e-08 0.645406496073767 0.7638392859926622 4.999999999999993e-08
case 96 6 40
s 0.9987502603949663 0.04997916927067833 0.0 0.9992001066609779 0.03998933418663416 -1e-08 -4.998000226652612e-08 9.987669064263435e-07 -0.9999999999995001 1.0 1.0 0.0009987502603949663 4.997916927067833e-05 0.0 0.000999200106660978 3.998933418663416e-05 -1.0000000000000001e-11 0.001 0.0
s 0.8775825618903728 0.479425538604203 0.0 0.9987502603949663 0.04997916927067833 0.0 0.0 0.0 -1.0 1.0 1.0 0.8775825618903728 0.479425538604203 0.0 0.0009987502603949663 4.997916927067833e-05 0.0 0.001 1.0
s -0.3722130460563617 0.813300343259146 0.4472135954999579 0.8775825618903728 0.479425538604203 0.0 -0.21483604456352498 0.3932547417548017 -0.8939777301721019 1.0 1.0 -0.3722130460563617 0.813300343259146 0.4472135954999579 0.8775825618903728 0.479425538604203 0.0 1.0 2.0
s -0.8375923243065936 -0.31375005699231057 -0.4472135954999579 -0.3722130460563617 0.813300343259146 0.4472135954999579 0.22573907030675272 0.5466923892662394 -0.8063307656634549 1.0 1.0 -0.8375923243065936 -0.31375005699231057 -0.4472135954999579 -0.3722130460563617 0.813300343259146 0.4472135954999579 1.0 3.0
s 0.2751927418019831 -0.9302931932717461 0.24253562503633297 -0.8375923243065936 -0.31375005699231057 -0.4472135954999579 0.4926817704433339 -0.08016495448787829 -0.8665092343101592 1.0 1.0 0.2751927418019831 -0.9302931932717461 0.24253562503633297 -0.8375923243065936 -0.31375005699231057 -0.4472135954999579 1.0 4.0
s 0.9992001066609779 0.03998933418663416 -1e-08 0.2751927418019831 -0.9302931932717461 0.24253562503633297 0.009985191295549294 -0.24949687444706392 -0.9683241221801392 1.0 1.0 0.000999200106660978 3.998933418663416e-05 -1.0000000000000001e-11 0.2751927418019831 -0.9302931932717461 0.24253562503633297 0.001 5.0
p 0.9446759264546172 -0.32800517370477694 -9.99999999999995e-08 1.8893518529092344 -0.6560103474095539 -1.99999999999999e-07
p 0.1387637971989444 0.9903255063800629 -4.9999999999999945e-08 0.0693818985994722 0.49516275319003145 -2.4999999999999972e-08
p 0.7260597943415763 0.6876315692583244 4.9999999999999945e-08 0.7260597943415763 0.6876315692583244 4.9999999999999945e-08
p 0.8284597853135395 0.5600485551434307 -1.0000000000000002e-08 0.8284597853135395 0.5600485551434307 -1.0000000000000002e-08
p 0.10220315220156888 0.9947635476232798 9.99999999999995e-08 0.20440630440313776 1.9895270952465596 1.99999999999999e-07
p 0.9531574981921517 0.3024744346884185 -1e-08 0.9531574981921517 0.3024744346884185 -1e-08
p 0.32557944894308044 0.9455146865204781 -4.9999999999999945e-08 0.16278972447154022 0.47275734326023905 -2.4999999999999972e-08
p 0.6229928158249591 0.7822275573191528 -9.999999999995e-07 0.6229928158249591 0.7822275573191528 -9.999999999995e-07
p 0.5666329081137461 0.8239703559246285 1e-08 0.28331645405687306 0.41198517796231426 5e-09
p 0.918939425667013 0.3943986966950709 9.99999999999995e-08 0.4594697128335065 0.19719934834753544 4.999999999999975e-08
p 0.29500992976226775 0.955494186974291 -1.9999999999999997e-08 0.14750496488113388 0.4777470934871455 -9.999999999999999e-09
p 0.9510072401637607 0.3091686095904737 -1.9999999999999997e-08 1.9020144803275214 0.6183372191809474 -3.9999999999999994e-08
p 0.8973261769255053 0.4413680235407362 2.9999999999999984e-08 0.8973261769255053 0.4413680235407362 2.9999999999999984e-08
p 0.9151905321625173 -0.40302145084360724 4.9999999999999945e-08 0.9151905321625173 -0.40302145084360724 4.9999999999999945e-08
p 0.41444723410445344 0.9100733432768804 9.99999999999995e-08 0.41444723410445344 0.9100733432768804 9.99999999999995e-08
p 0.22094099871755168 0.9752871756999018 -9.999999999995002e-07 0.22094099871755168 0.9752871756999018 -9.999999999995002e-07
p 0.8971218480659477 -0.4417831931193599 -2.9999999999999984e-08 1.7942436961318955 -0.8835663862387197 -5.999999999999997e-08
p 0.36835946527584634 0.9296834430824783 -2.9999999999999984e-08 0.18417973263792317 0.46484172154123915 -1.4999999999999992e-08
p 0.2686954416713321 0.9632251863531431 -1.9999999999999997e-08 0.2686954416713321 0.9632251863531431 -1.9999999999999997e-08
p 0.7381897984868132 0.674593078388739 4.999999999999993e-08 0.3690948992434066 0.3372965391943695 2.4999999999999966e-08
p 0.863746238403096 0.5039270142039418 -4.9999999999999945e-08 0.863746238403096 0.5039270142039418 -4.9999999999999945e-08
p 0.45554798028448584 0.8902112320448022 2.9999999999999984e-08 0.22777399014224292 0.4451056160224011 1.4999999999999992e-08
p 0.13189147265252005 0.9912641622905304 4.999999999999993e-08 0.2637829453050401 1.9825283245810608 9.999999999999986e-08
p 0.10404007855687745 0.9945731054346273 -1.9999999999999997e-08 0.10404007855687745 0.9945731054346273 -1.9999999999999997e-08
p 0.5703737067446245 0.8213853143643347 9.999999999995e-07 0.28518685337231225 0.41069265718216735 4.9999999999975e-07
p 0.394280364258257 0.9189902036259013 1.9999999999999997e-08 0.1971401821291285 0.45949510181295067 9.999999999999999e-09
p 0.8541346617881245 0.5200519008061462 1.9999999999999997e-08 1.708269323576249 1.0401038016122923 3.9999999999999994e-08
p 0.15523892890112806 0.9878769533467364 -1.9999999999999997e-08 0.07761946445056403 0.4939384766733682 -9.999999999999999e-09
p 0.8962711815758779 -0.4435064476155556 9.999999999999948e-08 0.8962711815758779 -0.4435064476155556 9.999999999999948e-08
p 0.981470517100416 -0.19161321473906698 4.9999999999999945e-08 0.981470517100416 -0.19161321473906698 4.9999999999999945e-08
p 0.6428939670372525 0.7659551861219451 -1.9999999999999997e-08 0.6428939670372525 0.7659551861219451 -1.9999999999999997e-08
p 0.999697922134577 0.024577723242994245 2e-08 0.999697922134577 0.024577723242994245 2e-08
p 0.6033945481409907 0.7974428000011843 -2.9999999999999984e-08 1.2067890962819814 1.5948856000023686 -5.999999999999997e-08
p 0.3748721804192397 0.9270765061998524 -2e-08 0.7497443608384794 1.8541530123997048 -4e-08
p 0.7774621530967216 0.6289297262033413 1e-08 1.5549243061934432 1.2578594524066826 2e-08
p 0.2531990985087222 0.9674141907757817 9.99999999999995e-08 0.1265995492543611 0.48370709538789086 4.999999999999975e-08
p 0.7144468096181339 0.6996897571255901 4.999999999999993e-08 1.4288936192362678 1.3993795142511802 9.999999999999986e-08
p 0.9608096260079975 0.27720905932233025 -2.9999999999999984e-08 1.921619252015995 0.5544181186446605 -5.999999999999997e-08
p 0.7907666860518155 0.6121176751496559 9.99999999999995e-08 0.3953833430259078 0.30605883757482794 4.999999999999975e-08
p 0.9791768429648752 -0.20300913822125718 4.999999999999993e-08 0.4895884214824376 -0.10150456911062859 2.4999999999999966e-08
case 97 6 40
s 1.0 0.0 1e-08 0.9987502603949663 0.04997916927067833 0.0 -9.9999999999998e-09 1.9983330554893617e-07 0.99999999999998 1.0 1.0 0.01 0.0 1e-10 0.009987502603949663 0.0004997916927067833 0.0 0.01 0.0
s 0.9987502603949663 0.04997916927067833 0.0 0.8775825618903728 0.479425538604203 0.0 0.0 0.0 1.0 1.0 1.0 0.009987502603949663 0.0004997916927067833 0.0 0.4387912809451864 0.2397127693021015 0.0 0.01 1.0
s 0.8775825618903728 0.479425538604203 0.0 -0.39859637855648306 0.8709489764975944 0.2873478855663454 0.13807921244038343 -0.25275230299584717 0.9576274872945841 1.0 1.0 0.4387912809451864 0.2397127693021015 0.0 -0.19929818927824153 0.4354744882487972 0.1436739427831727 0.5 2.0
s -0.39859637855648306 0.8709489764975944 0.2873478855663454 -0.8969628300582488 -0.3359893958958339 -0.2873478855663454 -0.1537435140353627 -0.3723343456140114 0.9152759512672909 1.0 1.0 -0.19929818927824153 0.4354744882487972 0.1436739427831727 -0.4484814150291244 -0.16799469794791694 -0.1436739427831727 0.5 3.0
s -0.8969628300582488 -0.3359893958958339 -0.2873478855663454 0.2805238471386536 -0.9483150748622418 0.14834045293024462 -0.3224329819611792 0.05246353097466939 0.9451373180979005 1.0 1.0 -0.4484814150291244 -0.16799469794791694 -0.1436739427831727 0.1402619235693268 -0.4741575374311209 0.07417022646512231 0.5 4.0
s 0.2805238471386536 -0.9483150748622418 0.14834045293024462 1.0 0.0 1e-08 -9.879856058538707e-09 0.15454592400176712 0.9879856058538707 1.0 1.0 0.1402619235693268 -0.4741575374311209 0.07417022646512231 0.01 0.0 1e-10 0.01 5.0
p 0.9694125740915094 0.24543687822385998 -9.999999999995e-07 1.9388251481830188 0.49087375644771997 -1.999999999999e-06
p 0.9509947006295719 0.3092071787240208 -4.9999999999999945e-08 0.47549735031478596 0.1546035893620104 -2.4999999999999972e-08
p 0.9692294223143934 0.2461591495762594 2e-08 0.4846147111571967 0.1230795747881297 1e-08
p 0.9461216586444493 0.3238113757172129 -4.9999999999999945e-08 1.8922433172888986 0.6476227514344258 -9.999999999999989e-08
p 0.9644558816062896 -0.26424392601350827 4.9999999999999945e-08 1.9289117632125792 -0.5284878520270165 9.999999999999989e-08
p 0.8809599011163327 -0.4731909261863535 4.9999999999999945e-08 0.8809599011163327 -0.4731909261863535 4.9999999999999945e-08
p 0.17157143396045457 0.9851716820172783 -1e-08 0.17157143396045457 0.9851716820172783 -1e-08
p 0.995043331285111 0.0994422891179913 -4.999999999999993e-08 0.995043331285111 0.0994422891179913 -4.999999999999993e-08
p 0.903755964224618 -0.4280480780571514 9.99999999999995e-08 1.807511928449236 -0.8560961561143028 1.99999999999999e-07
p 0.4437556447816734 0.8961478269372753 -1.9999999999999997e-08 0.2218778223908367 0.4480739134686377 -9.999999999999999e-09
p 0.9491511662440791 -0.31482068486283343 2.9999999999999984e-08 0.47457558312203957 -0.15741034243141672 1.4999999999999992e-08
p 0.999720807971465 0.023628502023636446 -9.999999999995e-07 0.4998604039857325 0.011814251011818223 -4.9999999999975e-07
p 0.9846580550961497 0.17449502724793645 9.99999999999995e-08 1.9693161101922994 0.3489900544958729 1.99999999999999e-07
p 0.26095168478023184 0.9653518623845704 -9.999999999995e-07 0.13047584239011592 0.4826759311922852 -4.9999999999975e-07
p 0.8120973288075727 0.5835220034785359 2.9999999999999984e-08 0.8120973288075727 0.5835220034785359 2.9999999999999984e-08
p 0.7152798221478117 0.69883816154256 -9.99999999999995e-08 0.35763991107390586 0.34941908077128 -4.999999999999975e-08
p 0.9958652830909058 -0.0908423796158443 2.9999999999999984e-08 0.9958652830909058 -0.0908423796158443 2.9999999999999984e-08
p 0.8284612912451775 0.5600463274661869 -9.99999999999995e-08 0.41423064562258877 0.28002316373309344 -4.999999999999975e-08
p 0.40312818572905046 0.9151435220066868 2.9999999999999984e-08 0.40312818572905046 0.9151435220066868 2.9999999999999984e-08
p 0.9510105729774944 0.30915835761792937 4.9999999999999945e-08 0.4755052864887472 0.15457917880896468 2.4999999999999972e-08
p 0.8347434855667186 0.5506390045237676 9.999999999995002e-07 0.4173717427833593 0.2753195022618838 4.999999999997501e-07
p 0.34928756903839875 0.9370155783738314 1e-08 0.6985751380767975 1.8740311567476629 2e-08
p 0.3597729991372469 0.9330398646852076 -1e-08 0.3597729991372469 0.9330398646852076 -1e-08
p 0.9195899531710764 0.3928795210071597 -4.9999999999999945e-08 0.4597949765855382 0.19643976050357986 -2.4999999999999972e-08
p 0.9894744140624845 -0.14470792623658538 9.99999999999995e-08 0.9894744140624845 -0.14470792623658538 9.99999999999995e-08
p 0.978652767337584 0.2055207069433364 1e-08 0.978652767337584 0.2055207069433364 1e-08
p 0.020991047755112627 0.999779663682525 9.999999999995002e-07 0.010495523877556314 0.4998898318412625 4.999999999997501e-07
p 0.6940502458606115 0.7199265630741962 9.999999999995e-07 0.6940502458606115 0.7199265630741962 9.999999999995e-07
p 0.9999991328516339 -0.0013169267178914988 1e-08 0.49999956642581694 -0.0006584633589457494 5e-09
p 0.9899642879763448 0.1413177573077382 -9.999999999995002e-07 0.9899642879763448 0.1413177573077382 -9.999999999995002e-07
p 0.9917176787909638 -0.12843693227986155 2.9999999999999984e-08 0.4958588393954819 -0.06421846613993078 1.4999999999999992e-08
p 0.7519784921950851 0.6591876419313444 9.999999999995e-07 1.5039569843901701 1.3183752838626888 1.999999999999e-06
p 0.931338955897447 -0.36415346933244186 -9.999999999995002e-07 1.862677911794894 -0.7283069386648837 -1.9999999999990004e-06
p 0.9388189876619667 0.34441095860230386 4.9999999999999945e-08 1.8776379753239334 0.6888219172046077 9.999999999999989e-08
p 0.9975473975467842 0.06999421152944182 9.99999999999995e-08 0.9975473975467842 0.06999421152944182 9.99999999999995e-08
p 0.7576642271656938 0.6526445578363534 -4.999999999999993e-08 0.7576642271656938 0.6526445578363534 -4.999999999999993e-08
p 0.8043640140117824 0.5941367965063631 -9.99999999999995e-08 0.8043640140117824 0.5941367965063631 -9.99999999999995e-08
p 0.5448158358328975 0.8385557256525658 9.999999999995e-07 0.27240791791644875 0.4192778628262829 4.9999999999975e-07
p 0.4074313115209407 0.9132358547452698 -4.999999999999993e-08 0.4074313115209407 0.9132358547452698 -4.999999999999993e-08
p 0.9950295891766275 0.09957970005468952 9.99999999999995e-08 0.49751479458831377 0.04978985002734476 4.999999999999975e-08
case 98 6 40
s 0.9987502603949663 0.04997916927067833 0.0 0.9992001066609617 0.039989334186633516 -1.7999999999999709e-07 -8.996400406521739e-07 1.797780431277068e-05 -0.9999999998379946 1.0 1.0 0.009987502603949663 0.0004997916927067833 0.0 0.009992001066609617 0.00039989334186633517 -1.7999999999999708e-09 0.01 0.0
s 0.8775825618903728 0.479425538604203 0.0 0.9987502603949663 0.04997916927067833 0.0 0.0 0.0 -1.0 1.0 1.0 0.8775825618903728 0.479425538604203 0.0 0.009987502603949663 0.0004997916927067833 0.0 0.01 1.0
s -0.39859637855648306 0.8709489764975944 -0.2873478855663454 0.8775825618903728 0.479425538604203 0.0 0.13807921244038343 -0.25275230299584717 -0.9576274872945841 1.0 1.0 -0.39859637855648306 0.8709489764975944 -0.2873478855663454 0.8775825618903728 0.479425538604203 0.0 1.0 2.0
s -0.8969628300582488 -0.3359893958958339 0.2873478855663454 -0.39859637855648306 0.8709489764975944 -0.2873478855663454 -0.1537435140353627 -0.3723343456140114 -0.9152759512672909 1.0 1.0 -0.8969628300582488 -0.3359893958958339 0.2873478855663454 -0.39859637855648306 0.8709489764975944 -0.2873478855663454 1.0 3.0
s 0.2805238471386536 -0.9483150748622418 -0.14834045293024462 -0.8969628300582488 -0.3359893958958339 0.2873478855663454 -0.3224329819611792 0.05246353097466939 -0.9451373180979005 1.0 1.0 0.2805238471386536 -0.9483150748622418 -0.14834045293024462 -0.8969628300582488 -0.3359893958958339 0.2873478855663454 1.0 4.0
s 0.9992001066609617 0.039989334186633516 -1.7999999999999709e-07 0.2805238471386536 -0.9483150748622418 -0.14834045293024462 -0.006114528783776261 0.15277723557248848 -0.9882417360284783 1.0 1.0 0.009992001066609617 0.00039989334186633517 -1.7999999999999708e-09 0.2805238471386536 -0.9483150748622418 -0.14834045293024462 0.01 5.0
p 0.42770703182285735 0.9039174159895756 -9.99999999999995e-08 0.21385351591142868 0.4519587079947878 -4.999999999999975e-08
p 0.988524671942002 0.15105950139580016 -9.99999999999995e-08 0.494262335971001 0.07552975069790008 -4.999999999999975e-08
p 0.9452716405262921 0.3262844244163829 4.9999999999999945e-08 0.9452716405262921 0.3262844244163829 4.9999999999999945e-08
p 0.2739656698298341 0.9617394718709895 1.9999999999999997e-08 0.5479313396596682 1.923478943741979 3.9999999999999994e-08
p 0.03464741059400038 0.9993995982284215 1.9999999999999997e-08 0.01732370529700019 0.49969979911421075 9.999999999999999e-09
p 0.8934340061292393 0.44919447535767554 -2.9999999999999984e-08 0.8934340061292393 0.44919447535767554 -2.9999999999999984e-08
p 0.843466664377518 0.5371815206090608 1.9999999999999997e-08 0.843466664377518 0.5371815206090608 1.9999999999999997e-08
p 0.9520453230735726 -0.3059570277240367 -9.99999999999995e-08 1.9040906461471452 -0.6119140554480734 -1.99999999999999e-07
p 0.9148653261344025 -0.40375912997354346 1.9999999999999997e-08 0.9148653261344025 -0.40375912997354346 1.9999999999999997e-08
p 0.9979305419048716 -0.06430111611348144 -9.99999999999995e-08 0.9979305419048716 -0.06430111611348144 -9.99999999999995e-08
p 0.49281983583564026 0.8701313747968941 -9.999999999995002e-07 0.24640991791782013 0.43506568739844703 -4.999999999997501e-07
p 0.9911106059261091 0.13304047060868776 9.999999999995002e-07 0.9911106059261091 0.13304047060868776 9.999999999995002e-07
p 0.8271540036506515 0.5619753146221791 -2.9999999999999984e-08 0.41357700182532575 0.28098765731108954 -1.4999999999999992e-08
p 0.25336599961029116 0.9673704927490167 -4.999999999999993e-08 0.5067319992205823 1.9347409854980333 -9.999999999999986e-08
p 0.6302419632555185 0.7763987813951209 -2.9999999999999984e-08 0.6302419632555185 0.7763987813951209 -2.9999999999999984e-08
p 0.999805402807877 -0.01972705036685894 4.9999999999999945e-08 1.999610805615754 -0.03945410073371788 9.999999999999989e-08
p 0.9995341128350796 0.03052142327923438 -1e-08 0.9995341128350796 0.03052142327923438 -1e-08
p 0.5142512257276132 0.8576395961227808 -2.9999999999999984e-08 0.5142512257276132 0.8576395961227808 -2.9999999999999984e-08
p 0.5137907719502038 0.8579155218655354 9.999999999995002e-07 0.5137907719502038 0.8579155218655354 9.999999999995002e-07
p 0.3846556179651914 0.9230601581521187 -4.9999999999999945e-08 0.1923278089825957 0.46153007907605936 -2.4999999999999972e-08
p 0.9776543675195902 0.21021878524494472 -9.99999999999995e-08 1.9553087350391805 0.42043757048988945 -1.99999999999999e-07
p 0.11087734415955876 0.9938340981029581 -4.999999999999993e-08 0.22175468831911752 1.9876681962059162 -9.999999999999986e-08
p 0.9072817430401419 0.42052329156069607 9.999999999995002e-07 0.9072817430401419 0.42052329156069607 9.999999999995002e-07
p 0.7199542790148223 0.6940214954367318 9.99999999999995e-08 1.4399085580296447 1.3880429908734635 1.99999999999999e-07
p 0.5410603054982912 0.8409837964040052 -4.999999999999993e-08 0.5410603054982912 0.8409837964040052 -4.999999999999993e-08
p 0.2390390789443224 0.9710099478056082 -1e-08 0.2390390789443224 0.9710099478056082 -1e-08
p 0.9658092573972843 -0.25925369491234973 2.999999999999999e-08 1.9316185147945686 -0.5185073898246995 5.999999999999998e-08
p 0.9854175098459231 -0.17015384594260557 1e-08 0.9854175098459231 -0.17015384594260557 1e-08
p 0.055633115257811956 0.9984512789749477 4.9999999999999945e-08 0.055633115257811956 0.9984512789749477 4.9999999999999945e-08
p 0.3562619224825386 0.9343861314194702 -4.9999999999999945e-08 0.7125238449650771 1.8687722628389405 -9.999999999999989e-08
p 0.8491221852082426 0.5281964734709786 -2.9999999999999984e-08 1.6982443704164851 1.0563929469419573 -5.999999999999997e-08
p 0.9998394324430858 0.017919523762841227 2.9999999999999984e-08 0.4999197162215429 0.008959761881420614 1.4999999999999992e-08
p 0.9148420535537158 -0.40381185848067647 -4.9999999999999945e-08 0.4574210267768579 -0.20190592924033823 -2.4999999999999972e-08
p 0.9874425847764059 -0.15797829524681822 9.999999999995002e-07 0.9874425847764059 -0.15797829524681822 9.999999999995002e-07
p 0.9822715647379197 -0.18746352473566397 9.999999999995e-07 0.49113578236895983 -0.09373176236783198 4.9999999999975e-07
p 0.5837618001090246 0.8119249723542633 9.999999999995e-07 0.2918809000545123 0.40596248617713165 4.9999999999975e-07
p 0.854990174125582 0.518644196100474 1e-08 0.427495087062791 0.259322098050237 5e-09
p 0.1325238339478731 0.9911798189207428 1e-08 0.2650476678957462 1.9823596378414856 2e-08
p 0.9432498578166087 -0.3320838835730324 1e-08 1.8864997156332175 -0.6641677671460648 2e-08
p 0.8271666070024021 0.5619567636928425 1.9999999999999997e-08 0.8271666070024021 0.5619567636928425 1.9999999999999997e-08
case 99 6 40
s 0.9987502603949663 0.04997916927067833 0.0 0.9995500337489875 0.02999550020249566 -1e-08 -2.499125068539371e-08 4.994084234264441e-07 -0.9999999999998749 1.0 1.0 0.09987502603949663 0.004997916927067834 0.0 0.09995500337489877 0.002999550020249566 -1e-09 0.1 0.0
s 0.8775825618903728 0.479425538604203 0.0 0.9987502603949663 0.04997916927067833 0.0 0.0 0.0 -1.0 1.0 1.0 0.8775825618903728 0.479425538604203 0.0 0.09987502603949663 0.004997916927067834 0.0 0.1 1.0
s -0.3722130460563617 0.813300343259146 0.4472135954999579 0.8775825618903728 0.479425538604203 0.0 -0.21483604456352498 0.3932547417548017 -0.8939777301721019 1.0 1.0 -0.3722130460563617 0.813300343259146 0.4472135954999579 0.8775825618903728 0.479425538604203 0.0 1.0 2.0
s -0.8375923243065936 -0.31375005699231057 -0.4472135954999579 -0.3722130460563617 0.813300343259146 0.4472135954999579 0.22573907030675272 0.5466923892662394 -0.8063307656634549 1.0 1.0 -0.8375923243065936 -0.31375005699231057 -0.4472135954999579 -0.3722130460563617 0.813300343259146 0.4472135954999579 1.0 3.0
s 0.2751927418019831 -0.9302931932717461 0.24253562503633297 -0.8375923243065936 -0.31375005699231057 -0.4472135954999579 0.4926817704433339 -0.08016495448787829 -0.8665092343101592 1.0 1.0 0.2751927418019831 -0.9302931932717461 0.24253562503633297 -0.8375923243065936 -0.31375005699231057 -0.4472135954999579 1.0 4.0
s 0.9995500337489875 0.02999550020249566 -1e-08 0.2751927418019831 -0.9302931932717461 0.24253562503633297 0.007507911673183996 -0.2501889615886539 -0.9681679166144159 1.0 1.0 0.09995500337489877 0.002999550020249566 -1e-09 0.2751927418019831 -0.9302931932717461 0.24253562503633297 0.1 5.0
p 0.05078718608115171 0.9987094981674893 -2e-08 0.10157437216230342 1.9974189963349787 -4e-08
p 0.9682078041403354 0.2501472526368211 -1.9999999999999997e-08 1.9364156082806707 0.5002945052736422 -3.9999999999999994e-08
p 0.3627722858075556 0.9318778185201917 -9.99999999999995e-08 0.7255445716151112 1.8637556370403834 -1.99999999999999e-07
p 0.9376165270946242 0.3476711781540335 -4.9999999999999945e-08 0.4688082635473121 0.17383558907701674 -2.4999999999999972e-08
p 0.7103022089141567 0.7038968475648026 4.999999999999993e-08 0.35515110445707837 0.3519484237824013 2.4999999999999966e-08
p 0.9984105318888709 0.05635964703029753 4.9999999999999945e-08 1.9968210637777417 0.11271929406059505 9.999999999999989e-08
p 0.1508274919103198 0.9885600981645185 -9.999999999995e-07 0.0754137459551599 0.49428004908225925 -4.9999999999975e-07
p 0.5092297084283979 0.8606306432227061 1e-08 0.25461485421419894 0.43031532161135305 5e-09
p 0.35775692708463563 0.9338147466831729 1.9999999999999997e-08 0.7155138541692713 1.8676294933663458 3.9999999999999994e-08
p 0.6815687923887609 0.7317540442264165 -9.99999999999995e-08 1.3631375847775218 1.463508088452833 -1.99999999999999e-07
p 0.00340994781109649 0.9999941861105621 -9.999999999995e-07 0.001704973905548245 0.49999709305528106 -4.9999999999975e-07
p 0.006895047904866233 0.9999762288746565 9.999999999999948e-08 0.0034475239524331164 0.49998811443732827 4.999999999999974e-08
p 0.10655871976046176 0.9943064111444776 -1.9999999999999997e-08 0.10655871976046176 0.9943064111444776 -1.9999999999999997e-08
p 0.4290440073557922 0.9032835876689408 -9.99999999999995e-08 0.4290440073557922 0.9032835876689408 -9.99999999999995e-08
p 0.9755917767955844 0.2195920878557157 4.9999999999999945e-08 0.9755917767955844 0.2195920878557157 4.9999999999999945e-08
p 0.10715710874845226 0.994242100317962 -1e-08 0.21431421749690452 1.988484200635924 -2e-08
p 0.039093085340122846 0.9992355731651018 -1.9999999999999997e-08 0.07818617068024569 1.9984711463302036 -3.9999999999999994e-08
p 0.8244903859733875 0.5658759611765213 -4.999999999999993e-08 0.41224519298669376 0.28293798058826064 -2.4999999999999966e-08
p 0.831716434146981 0.5552006602741308 -9.999999999995002e-07 0.4158582170734905 0.2776003301370654 -4.999999999997501e-07
p 0.9999038577275663 -0.01386633699037002 -1.9999999999999997e-08 0.9999038577275663 -0.01386633699037002 -1.9999999999999997e-08
p 0.9905954694786008 0.13682330155521957 -1e-08 0.4952977347393004 0.06841165077760979 -5e-09
p 0.3164097935647025 0.9486226027964612 9.99999999999995e-08 0.3164097935647025 0.9486226027964612 9.99999999999995e-08
p 0.9853433566212856 0.17058273524096226 -9.99999999999995e-08 1.9706867132425712 0.3411654704819245 -1.99999999999999e-07
p 0.9991490210183167 -0.04124601554258691 -1e-08 0.49957451050915835 -0.020623007771293455 -5e-09
p 0.8917888614703415 0.45245179473335023 4.9999999999999945e-08 0.8917888614703415 0.45245179473335023 4.9999999999999945e-08
p 0.9709967849716246 0.239092541861449 -9.999999999995e-07 1.9419935699432491 0.478185083722898 -1.999999999999e-06
p 0.9721814641958808 0.23422894926322252 -9.999999999995e-07 1.9443629283917616 0.46845789852644504 -1.999999999999e-06
p 0.7877696014174624 0.6159700115123884 1.9999999999999997e-08 1.5755392028349249 1.2319400230247768 3.9999999999999994e-08
p 0.7983762534180999 0.6021589142228797 -1.9999999999999997e-08 1.5967525068361998 1.2043178284457594 -3.9999999999999994e-08
p 0.22700842388304915 0.9738927946576735 1.9999999999999997e-08 0.11350421194152457 0.48694639732883677 9.999999999999999e-09
p 0.1629754027272406 0.9866301323727614 2.9999999999999984e-08 0.0814877013636203 0.4933150661863807 1.4999999999999992e-08
p 0.45997585402443836 0.8879314239931405 4.9999999999999945e-08 0.45997585402443836 0.8879314239931405 4.9999999999999945e-08
p 0.2099306351372007 0.9777162821754014 -4.9999999999999945e-08 0.4198612702744014 1.9554325643508028 -9.999999999999989e-08
p 0.1298593998935243 0.9915324181585257 1.9999999999999997e-08 0.1298593998935243 0.9915324181585257 1.9999999999999997e-08
p 0.9239894535042638 0.3824179517385289 -9.999999999995e-07 0.4619947267521319 0.19120897586926444 -4.9999999999975e-07
p 0.9992984330454961 -0.037451858602827334 -9.99999999999995e-08 0.9992984330454961 -0.037451858602827334 -9.99999999999995e-08
p 0.7185897730555146 0.6954342082900594 4.9999999999999945e-08 1.4371795461110293 1.3908684165801188 9.999999999999989e-08
p 0.15880123204261395 0.9873105735789262 9.999999999995002e-07 0.07940061602130698 0.4936552867894631 4.999999999997501e-07
p 0.9963078082799763 -0.08585307892176797 4.999999999999993e-08 0.49815390413998817 -0.04292653946088398 2.4999999999999966e-08
p 0.4526823269454427 0.8916718627787126 -2e-08 0.22634116347272135 0.4458359313893563 -1e-08
