case 0 6 40
s 0.9995500337489875 0.02999550020249566 1e-09 0.9987502603949663 0.04997916927067833 0.0 -2.499125068539681e-09 4.99408423426506e-08 0.9999999999999988 1.0 1.0 0.09995500337489877 0.002999550020249566 1.0000000000000002e-10 0.09987502603949663 0.004997916927067834 0.0 0.1 0.0
s 0.9987502603949663 0.04997916927067833 0.0 0.8775825618903728 0.479425538604203 0.0 0.0 0.0 1.0 1.0 1.0 0.09987502603949663 0.004997916927067834 0.0 0.8775825618903728 0.479425538604203 0.0 0.1 1.0
s 0.8775825618903728 0.479425538604203 0.0 -0.4161468365471424 0.9092974268256817 0.0 0.0 -0.0 1.0 1.0 1.0 0.8775825618903728 0.479425538604203 0.0 -0.4161468365471424 0.9092974268256817 0.0 1.0 2.0
s -0.4161468365471424 0.9092974268256817 0.0 -0.9364566872907963 -0.35078322768961984 -0.0 0.0 -0.0 1.0 1.0 1.0 -0.4161468365471424 0.9092974268256817 0.0 -0.9364566872907963 -0.35078322768961984 -0.0 1.0 3.0
s -0.9364566872907963 -0.35078322768961984 -0.0 0.2836621854632263 -0.9589242746631386 0.0 -0.0 0.0 1.0 1.0 1.0 -0.9364566872907963 -0.35078322768961984 -0.0 0.2836621854632263 -0.9589242746631386 0.0 1.0 4.0
s 0.2836621854632263 -0.9589242746631386 0.0 0.9995500337489875 0.02999550020249566 1e-09 -9.916472657168377e-10 -2.933420688517729e-10 1.0 1.0 1.0 0.2836621854632263 -0.9589242746631386 0.0 0.09995500337489877 0.002999550020249566 1.0000000000000002e-10 0.1 5.0
p 0.9985239184396478 -0.05431375796178666 1e-08 0.9985239184396478 -0.05431375796178666 1e-08
p 0.6668744911231494 0.7451700564892825 -9.999999999995e-07 1.333748982246299 1.490340112978565 -1.999999999999e-06
p 0.10560450722289268 0.994408209969226 -9.99999999999995e-08 0.05280225361144634 0.497204104984613 -4.999999999999975e-08
p 0.23928276851434024 0.9709499249148288 -2.9999999999999984e-08 0.23928276851434024 0.9709499249148288 -2.9999999999999984e-08
p 0.16377991190315916 0.9864969034198694 4.9999999999999945e-08 0.3275598238063183 1.9729938068397388 9.999999999999989e-08
p 0.9918976887579138 -0.1270392657279953 1.9999999999999997e-08 0.4959488443789569 -0.06351963286399764 9.999999999999999e-09
p 0.9833385266327973 0.18178377826318548 -1.9999999999999997e-08 1.9666770532655946 0.36356755652637096 -3.9999999999999994e-08
p 0.6086745475119989 0.793419999250752 -2e-08 0.6086745475119989 0.793419999250752 -2e-08
p 0.5042841352473695 0.863537787788011 -2.9999999999999984e-08 0.5042841352473695 0.863537787788011 -2.9999999999999984e-08
p 0.010745316553704675 0.9999422674195538 4.9999999999999945e-08 0.010745316553704675 0.9999422674195538 4.9999999999999945e-08
p 0.5387725578170796 0.8424512632450848 4.999999999999993e-08 0.5387725578170796 0.8424512632450848 4.999999999999993e-08
p 0.9962944191679207 0.08600831549828716 -4.999999999999993e-08 1.9925888383358414 0.17201663099657433 -9.999999999999986e-08
p 0.21511481700825322 0.9765887647845962 -4.9999999999999945e-08 0.43022963401650643 1.9531775295691924 -9.999999999999989e-08
p 0.5196467124442021 0.8543812347224878 -9.99999999999995e-08 0.5196467124442021 0.8543812347224878 -9.99999999999995e-08
p 0.6343266483187028 0.7730651351812212 2.9999999999999984e-08 1.2686532966374056 1.5461302703624424 5.999999999999997e-08
p 0.9980105630960419 0.06304693449105077 -4.999999999999993e-08 0.9980105630960419 0.06304693449105077 -4.999999999999993e-08
p 0.06030012966366919 0.9981802915112805 -9.999999999995002e-07 0.06030012966366919 0.9981802915112805 -9.999999999995002e-07
p 0.510566570556433 0.859838227244079 -4.999999999999993e-08 1.021133141112866 1.719676454488158 -9.999999999999986e-08
p 0.69032607259714 0.7234983852729793 -1e-08 1.38065214519428 1.4469967705459585 -2e-08
p 0.8859239120345995 -0.4638305963229578 1.9999999999999997e-08 0.44296195601729976 -0.2319152981614789 9.999999999999999e-09
p 0.760787017939741 0.6490016281446112 -1e-08 1.521574035879482 1.2980032562892223 -2e-08
p 0.9997094815990063 -0.02410295419748465 1e-08 0.9997094815990063 -0.02410295419748465 1e-08
p 0.9998999306896224 0.01414668183314787 2e-08 0.9998999306896224 0.01414668183314787 2e-08
p 0.18400923830910482 0.9829245139973379 1e-08 0.18400923830910482 0.9829245139973379 1e-08
p 0.9672942877426707 0.253656777753718 1.9999999999999997e-08 0.48364714387133534 0.126828388876859 9.999999999999999e-09
p 0.966894160107778 -0.25517774814719757 1e-08 0.483447080053889 -0.12758887407359878 5e-09
p 0.5132840002637518 0.858218815380577 -1e-08 0.5132840002637518 0.858218815380577 -1e-08
p 0.9732895914085621 -0.22958085995081087 1.9999999999999997e-08 1.9465791828171242 -0.45916171990162175 3.9999999999999994e-08
p 0.579940728187311 0.8146586719538246 4.9999999999999945e-08 0.2899703640936555 0.4073293359769123 2.4999999999999972e-08
p 0.983480449431371 -0.18101437950137675 1e-08 0.983480449431371 -0.18101437950137675 1e-08
p 0.09985520701323138 0.9950019787072512 9.999999999995002e-07 0.09985520701323138 0.9950019787072512 9.999999999995002e-07
p 0.9784151140783088 0.20664913390365314 -1e-08 0.9784151140783088 0.20664913390365314 -1e-08
p 0.7911208694718114 0.6116598481886443 9.99999999999995e-08 0.7911208694718114 0.6116598481886443 9.99999999999995e-08
p 0.46524007283218527 0.8851845426977886 9.99999999999995e-08 0.46524007283218527 0.8851845426977886 9.99999999999995e-08
p 0.05731839918301198 0.9983559491058772 -1e-08 0.02865919959150599 0.4991779745529386 -5e-09
p 0.9008069595419805 -0.4342197849485122 -1.9999999999999997e-08 0.9008069595419805 -0.4342197849485122 -1.9999999999999997e-08
p 0.8358671876541491 0.5489317303664846 -1.9999999999999997e-08 0.8358671876541491 0.5489317303664846 -1.9999999999999997e-08
p 0.9987573207105236 0.04983788044383532 4.9999999999999945e-08 1.9975146414210472 0.09967576088767063 9.999999999999989e-08
p 0.7827678073272747 0.6223138756383715 2e-08 0.7827678073272747 0.6223138756383715 2e-08
p 0.909160794435618 -0.4164452543386651 1.9999999999999997e-08 0.454580397217809 -0.20822262716933254 9.999999999999999e-09
case 1 6 40
s 0.9987502603949663 0.04997916927067833 0.0 0.9999999999999838 0.0 1.7999999999999709e-07 1.7999999999883265e-07 -3.5969994998575955e-06 -0.9999999999935147 1.0 1.0 0.009987502603949663 0.0004997916927067833 0.0 0.009999999999999839 0.0 1.7999999999999708e-09 0.01 0.0
s 0.8775825618903728 0.479425538604203 0.0 0.9987502603949663 0.04997916927067833 0.0 0.0 0.0 -1.0 1.0 1.0 0.8775825618903728 0.479425538604203 0.0 0.009987502603949663 0.0004997916927067833 0.0 0.01 1.0
s -0.39859637855648306 0.8709489764975944 -0.2873478855663454 0.8775825618903728 0.479425538604203 0.0 0.13807921244038343 -0.25275230299584717 -0.9576274872945841 1.0 1.0 -0.39859637855648306 0.8709489764975944 -0.2873478855663454 0.8775825618903728 0.479425538604203 0.0 1.0 2.0
s -0.8969628300582488 -0.3359893958958339 0.2873478855663454 -0.39859637855648306 0.8709489764975944 -0.2873478855663454 -0.1537435140353627 -0.3723343456140114 -0.9152759512672909 1.0 1.0 -0.8969628300582488 -0.3359893958958339 0.2873478855663454 -0.39859637855648306 0.8709489764975944 -0.2873478855663454 1.0 3.0
s 0.2805238471386536 -0.9483150748622418 -0.14834045293024462 -0.8969628300582488 -0.3359893958958339 0.2873478855663454 -0.3224329819611792 0.05246353097466939 -0.9451373180979005 1.0 1.0 0.2805238471386536 -0.9483150748622418 -0.14834045293024462 -0.8969628300582488 -0.3359893958958339 0.2873478855663454 1.0 4.0
s 0.9999999999999838 0.0 1.7999999999999709e-07 0.2805238471386536 -0.9483150748622418 -0.14834045293024462 1.7783740752752677e-07 0.15454597820467164 -0.9879855973751487 1.0 1.0 0.009999999999999839 0.0 1.7999999999999708e-09 0.2805238471386536 -0.9483150748622418 -0.14834045293024462 0.01 5.0
p 0.9408893334920737 -0.3387141303826005 1e-08 1.8817786669841474 -0.677428260765201 2e-08
p 0.3972064069274494 0.9177293012080282 -9.99999999999995e-08 0.3972064069274494 0.9177293012080282 -9.99999999999995e-08
p 0.5917427575011442 0.8061268566081526 2.9999999999999984e-08 0.2958713787505721 0.4030634283040763 1.4999999999999992e-08
p 0.910852586471977 -0.4127318326920126 4.9999999999999945e-08 0.4554262932359885 -0.2063659163460063 2.4999999999999972e-08
p 0.8389900066376039 0.5441468264744665 1e-08 0.41949500331880196 0.2720734132372333 5e-09
p 0.9581075053946437 -0.2864088128994154 1.9999999999999997e-08 0.47905375269732187 -0.1432044064497077 9.999999999999999e-09
p 0.9990515278571935 -0.04354359523738908 -9.99999999999995e-08 0.9990515278571935 -0.04354359523738908 -9.99999999999995e-08
p 0.9887075150707786 0.14985809835162892 -9.999999999995002e-07 0.4943537575353893 0.07492904917581446 -4.999999999997501e-07
p 0.5915294476093065 0.8062833947260902 -1.9999999999999997e-08 0.5915294476093065 0.8062833947260902 -1.9999999999999997e-08
p 0.8396527279035824 0.5431236475463601 9.99999999999995e-08 0.8396527279035824 0.5431236475463601 9.99999999999995e-08
p 0.11985807833162027 0.9927910359479689 9.99999999999995e-08 0.05992903916581013 0.49639551797398446 4.999999999999975e-08
p 0.627145403883296 0.7789022033529339 -4.9999999999999945e-08 0.313572701941648 0.38945110167646696 -2.4999999999999972e-08
p 0.8307512739433018 0.5566438006854842 -1e-08 0.8307512739433018 0.5566438006854842 -1e-08
p 0.5818222816792225 0.8133159487810273 -2.9999999999999984e-08 0.2909111408396112 0.40665797439051365 -1.4999999999999992e-08
p 0.23251972183568384 0.9725916815177138 4.9999999999999945e-08 0.11625986091784192 0.4862958407588569 2.4999999999999972e-08
p 0.9898729955842784 0.14195581218114003 9.999999999995e-07 0.9898729955842784 0.14195581218114003 9.999999999995e-07
p 0.9308663507333748 -0.36535987337326736 -9.999999999995002e-07 0.9308663507333748 -0.36535987337326736 -9.999999999995002e-07
p 0.9980361563948497 -0.0626404863373957 9.99999999999995e-08 0.49901807819742483 -0.03132024316869785 4.999999999999975e-08
p 0.995284199379694 0.09700186835891639 -2.9999999999999984e-08 1.990568398759388 0.19400373671783278 -5.999999999999997e-08
p 0.943004935893384 -0.3327787416297992 4.9999999999999945e-08 0.471502467946692 -0.1663893708148996 2.4999999999999972e-08
p 0.7646741771467988 0.6444171031287605 -4.999999999999993e-08 0.3823370885733994 0.3222085515643803 -2.4999999999999966e-08
p 0.4691051646396352 0.8831423127154641 4.9999999999999945e-08 0.4691051646396352 0.8831423127154641 4.9999999999999945e-08
p 0.9703110391234431 -0.24186047084049125 -1e-08 1.9406220782468862 -0.4837209416809825 -2e-08
p 0.9488196133688935 0.31581852587602155 2e-08 0.47440980668444677 0.15790926293801077 1e-08
p 0.6980095996043051 0.7160884015680156 4.9999999999999945e-08 1.3960191992086102 1.4321768031360311 9.999999999999989e-08
p 0.5552045320828988 0.8317138495628221 -2.9999999999999984e-08 0.5552045320828988 0.8317138495628221 -2.9999999999999984e-08
p 0.9794822109915692 -0.2015306387402824 -2.9999999999999984e-08 0.9794822109915692 -0.2015306387402824 -2.9999999999999984e-08
p 0.8223667862898143 0.5689577038826003 -4.9999999999999945e-08 0.8223667862898143 0.5689577038826003 -4.9999999999999945e-08
p 0.3099920041540246 0.950739163682958 -2.9999999999999984e-08 0.1549960020770123 0.475369581841479 -1.4999999999999992e-08
p 0.9853194718855772 -0.17072064410351023 -9.99999999999995e-08 1.9706389437711544 -0.34144128820702047 -1.99999999999999e-07
p 0.9218096743220513 0.38764277927658347 9.999999999995002e-07 1.8436193486441026 0.7752855585531669 1.9999999999990004e-06
p 0.5162054068443931 0.8564648141894707 9.99999999999995e-08 0.25810270342219654 0.42823240709473537 4.999999999999975e-08
p 0.9694739400275664 0.24519437107612582 9.99999999999995e-08 0.9694739400275664 0.24519437107612582 9.99999999999995e-08
p 0.18352017168410348 0.9830159442171003 1e-08 0.09176008584205174 0.49150797210855013 5e-09
p 0.025572746977015934 0.9996729638296953 4.9999999999999945e-08 0.05114549395403187 1.9993459276593906 9.999999999999989e-08
p 0.6148994387092527 0.788605528939562 -9.999999999995002e-07 0.6148994387092527 0.788605528939562 -9.999999999995002e-07
p 0.9905362647670927 -0.1372512593066279 2.9999999999999984e-08 0.49526813238354633 -0.06862562965331395 1.4999999999999992e-08
p 0.8045518691747979 0.5938823871839745 4.999999999999993e-08 0.8045518691747979 0.5938823871839745 4.999999999999993e-08
p 0.8339037266189642 0.5519099335308287 -9.999999999995e-07 0.4169518633094821 0.27595496676541437 -4.9999999999975e-07
p 0.1903448058373759 0.9817172988649683 4.9999999999999945e-08 0.1903448058373759 0.9817172988649683 4.9999999999999945e-08
case 2 6 40
s 0.9987502603949663 0.04997916927067833 0.0 0.9989876708477974 0.04498481403765821 2.999999999999865e-07 2.998762645671645e-06 -5.992526520412499e-05 -0.9999999981999851 1.0 1.0 0.9987502603949663 0.04997916927067833 0.0 0.9989876708477974 0.04498481403765821 2.999999999999865e-07 1.0 0.0
s 0.8775825618903728 0.479425538604203 0.0 0.9987502603949663 0.04997916927067833 0.0 0.0 0.0 -1.0 1.0 1.0 0.4387912809451864 0.2397127693021015 0.0 0.9987502603949663 0.04997916927067833 0.0 0.5 1.0
s -0.39859637855648306 0.8709489764975944 0.2873478855663454 0.8775825618903728 0.479425538604203 0.0 -0.13807921244038343 0.25275230299584717 -0.9576274872945841 1.0 1.0 -0.19929818927824153 0.4354744882487972 0.1436739427831727 0.4387912809451864 0.2397127693021015 0.0 0.5 2.0
s -0.8969628300582488 -0.3359893958958339 -0.2873478855663454 -0.39859637855648306 0.8709489764975944 0.2873478855663454 0.1537435140353627 0.3723343456140114 -0.9152759512672909 1.0 1.0 -0.4484814150291244 -0.16799469794791694 -0.1436739427831727 -0.19929818927824153 0.4354744882487972 0.1436739427831727 0.5 3.0
s 0.2805238471386536 -0.9483150748622418 0.14834045293024462 -0.8969628300582488 -0.3359893958958339 -0.2873478855663454 0.3224329819611792 -0.05246353097466939 -0.9451373180979005 1.0 1.0 0.1402619235693268 -0.4741575374311209 0.07417022646512231 -0.4484814150291244 -0.16799469794791694 -0.1436739427831727 0.5 4.0
s 0.9989876708477974 0.04498481403765821 2.999999999999865e-07 0.2805238471386536 -0.9483150748622418 0.14834045293024462 0.006870056018490832 -0.1525582560723864 -0.988270601016976 1.0 1.0 0.9989876708477974 0.04498481403765821 2.999999999999865e-07 0.1402619235693268 -0.4741575374311209 0.07417022646512231 0.5 5.0
p 0.9538986363770373 0.3001289581447101 9.999999999995002e-07 0.9538986363770373 0.3001289581447101 9.999999999995002e-07
p 0.8411662124303098 0.5407766665321687 -4.999999999999993e-08 0.8411662124303098 0.5407766665321687 -4.999999999999993e-08
p 0.9994616305414808 0.03280928335646169 -9.999999999995002e-07 1.9989232610829617 0.06561856671292338 -1.9999999999990004e-06
p 0.6519448785250662 0.7582663617522115 -2.9999999999999984e-08 1.3038897570501324 1.516532723504423 -5.999999999999997e-08
p 0.48381579103696554 0.8751698579945925 9.999999999995e-07 0.9676315820739311 1.750339715989185 1.999999999999e-06
p 0.9996218341789338 -0.02749888420889845 9.99999999999995e-08 0.9996218341789338 -0.02749888420889845 9.99999999999995e-08
p 0.34907768462608546 0.9370937893808117 4.9999999999999945e-08 0.34907768462608546 0.9370937893808117 4.9999999999999945e-08
p 0.8890399081016659 0.4578297082994745 -9.999999999995002e-07 1.7780798162033318 0.915659416598949 -1.9999999999990004e-06
p 0.9918796376992383 -0.12718012548204125 1e-08 0.9918796376992383 -0.12718012548204125 1e-08
p 0.08989273154095027 0.9959514530413149 -9.999999999995e-07 0.04494636577047514 0.49797572652065747 -4.9999999999975e-07
p 0.21136265282864833 0.977407708681099 -1e-08 0.42272530565729666 1.954815417362198 -2e-08
p 0.444033024906584 0.8960104200244038 -1.9999999999999997e-08 0.888066049813168 1.7920208400488076 -3.9999999999999994e-08
p 0.13546547578832344 0.9907820672930214 9.99999999999995e-08 0.13546547578832344 0.9907820672930214 9.99999999999995e-08
p 0.37277575206965746 0.927921461476617 1.9999999999999997e-08 0.7455515041393149 1.855842922953234 3.9999999999999994e-08
p 0.6016257986782836 0.7987780657759169 -4.9999999999999945e-08 1.2032515973565672 1.5975561315518338 -9.999999999999989e-08
p 0.7720101247411489 0.6356102322155878 4.9999999999999945e-08 0.38600506237057447 0.3178051161077939 2.4999999999999972e-08
p 0.9723980333821886 0.2333282337704761 4.9999999999999945e-08 1.944796066764377 0.4666564675409522 9.999999999999989e-08
p 0.8685630515209599 0.49557867743840456 -9.999999999995e-07 0.8685630515209599 0.49557867743840456 -9.999999999995e-07
p 0.9981652868542017 0.060547998474429356 -9.99999999999995e-08 0.49908264342710085 0.030273999237214678 -4.999999999999975e-08
p -0.0020861620556148768 0.9999978239615664 -9.99999999999995e-08 -0.0010430810278074384 0.4999989119807832 -4.999999999999975e-08
p 0.4578590905682729 0.8890247764736323 -4.9999999999999945e-08 0.9157181811365458 1.7780495529472646 -9.999999999999989e-08
p 0.6874842061290284 0.7261993296073328 9.999999999995e-07 0.3437421030645142 0.3630996648036664 4.9999999999975e-07
p 0.9874489355820186 -0.15793859445346517 -4.9999999999999945e-08 1.9748978711640373 -0.31587718890693034 -9.999999999999989e-08
p 0.9929136420236196 0.11883812302199669 -1e-08 1.9858272840472393 0.23767624604399337 -2e-08
p 0.8862905146333688 0.46312970501892686 -1e-08 0.4431452573166844 0.23156485250946343 -5e-09
p 0.8081460381854655 0.5889821567459695 -4.9999999999999945e-08 0.40407301909273274 0.29449107837298477 -2.4999999999999972e-08
p 0.2403821647097899 0.9706783271967261 -2.9999999999999984e-08 0.4807643294195798 1.9413566543934522 -5.999999999999997e-08
p 0.9759208035425876 -0.21812515951120898 -9.999999999995002e-07 0.4879604017712938 -0.10906257975560449 -4.999999999997501e-07
p 0.9991280220955298 0.04175159234656502 -2.9999999999999984e-08 0.9991280220955298 0.04175159234656502 -2.9999999999999984e-08
p 0.6545210519481452 0.7560437768784902 -2.9999999999999984e-08 1.3090421038962905 1.5120875537569805 -5.999999999999997e-08
p 0.3005948747130824 0.9537519181088059 1e-08 0.3005948747130824 0.9537519181088059 1e-08
p 0.7303215278518442 0.6831035543430788 1.9999999999999997e-08 0.7303215278518442 0.6831035543430788 1.9999999999999997e-08
p 0.9155348735457584 -0.40223860496171937 4.9999999999999945e-08 1.8310697470915167 -0.8044772099234387 9.999999999999989e-08
p 0.9965805091101555 0.08262740986950527 1e-08 1.993161018220311 0.16525481973901054 2e-08
p 0.34449606787590786 0.9387877604751967 -4.999999999999993e-08 0.17224803393795393 0.46939388023759837 -2.4999999999999966e-08
p 0.9858169349520648 0.16782422578911652 -1e-08 0.9858169349520648 0.16782422578911652 -1e-08
p 0.9659591393849708 0.258694686916148 -4.999999999999993e-08 0.9659591393849708 0.258694686916148 -4.999999999999993e-08
p 0.8923688136359523 0.4513068805701536 -2e-08 1.7847376272719047 0.9026137611403072 -4e-08
p 0.9989143518385217 -0.04658452201134138 -2.9999999999999984e-08 0.49945717591926087 -0.02329226100567069 -1.4999999999999992e-08
p 0.9579758666567115 -0.28684880843978056 -1.9999999999999997e-08 0.47898793332835576 -0.14342440421989028 -9.999999999999999e-09
case 3 6 40
s 0.9987502603949663 0.04997916927067833 0.0 0.9553364891255631 -0.2955202066613263 -2.9999999999998654e-07 -4.372658691655742e-08 8.738028403908707e-07 -0.9999999999996173 1.0 1.0 0.0009987502603949663 4.997916927067833e-05 0.0 0.0009553364891255632 -0.0002955202066613263 -2.9999999999998656e-10 0.001 0.0
s 0.8775825618903728 0.479425538604203 0.0 0.9987502603949663 0.04997916927067833 0.0 0.0 0.0 -1.0 1.0 1.0 0.4387912809451864 0.2397127693021015 0.0 0.0009987502603949663 4.997916927067833e-05 0.0 0.001 1.0
s -0.39859637855648306 0.8709489764975944 -0.2873478855663454 0.8775825618903728 0.479425538604203 0.0 0.13807921244038343 -0.25275230299584717 -0.9576274872945841 1.0 1.0 -0.19929818927824153 0.4354744882487972 -0.1436739427831727 0.4387912809451864 0.2397127693021015 0.0 0.5 2.0
s -0.8969628300582488 -0.3359893958958339 0.2873478855663454 -0.39859637855648306 0.8709489764975944 -0.2873478855663454 -0.1537435140353627 -0.3723343456140114 -0.9152759512672909 1.0 1.0 -0.4484814150291244 -0.16799469794791694 0.1436739427831727 -0.19929818927824153 0.4354744882487972 -0.1436739427831727 0.5 3.0
s 0.2805238471386536 -0.9483150748622418 -0.14834045293024462 -0.8969628300582488 -0.3359893958958339 0.2873478855663454 -0.3224329819611792 0.05246353097466939 -0.9451373180979005 1.0 1.0 0.1402619235693268 -0.4741575374311209 -0.07417022646512231 -0.4484814150291244 -0.16799469794791694 0.1436739427831727 0.5 4.0
s 0.9553364891255631 -0.2955202066613263 -2.9999999999998654e-07 0.2805238471386536 -0.9483150748622418 -0.14834045293024462 0.052416892199998934 0.1694505616860984 -0.9841437783964087 1.0 1.0 0.0009553364891255632 -0.0002955202066613263 -2.9999999999998656e-10 0.1402619235693268 -0.4741575374311209 -0.07417022646512231 0.001 5.0
p 0.9999465568943002 -0.010338440657280765 -9.99999999999995e-08 0.9999465568943002 -0.010338440657280765 -9.99999999999995e-08
p 0.36437410630180234 0.9312526567241369 -9.999999999995002e-07 0.36437410630180234 0.9312526567241369 -9.999999999995002e-07
p 0.22386231513331767 0.9746207795153669 -9.99999999999995e-08 0.44772463026663534 1.9492415590307337 -1.99999999999999e-07
p 0.94315685752697 0.33234792326544005 -9.999999999995e-07 1.88631371505394 0.6646958465308801 -1.999999999999e-06
p 0.691508545702287 0.7223682794944057 9.999999999995e-07 0.691508545702287 0.7223682794944057 9.999999999995e-07
p 0.9890635823663424 0.14748976248084186 4.9999999999999945e-08 0.9890635823663424 0.14748976248084186 4.9999999999999945e-08
p 0.05956521867551419 0.9982244160128209 -2.9999999999999984e-08 0.05956521867551419 0.9982244160128209 -2.9999999999999984e-08
p 0.9505372618633382 -0.31061055006124183 -1.9999999999999997e-08 0.9505372618633382 -0.31061055006124183 -1.9999999999999997e-08
p 0.9729358210752127 -0.23107550296104867 1e-08 0.9729358210752127 -0.23107550296104867 1e-08
p 0.9889021690250064 -0.14856816650156843 -1e-08 0.4944510845125032 -0.07428408325078421 -5e-09
p 0.8023098302171385 0.5969078122599384 -1.9999999999999997e-08 1.604619660434277 1.1938156245198768 -3.9999999999999994e-08
p 0.9952241261852887 0.09761628274897928 9.999999999995e-07 0.9952241261852887 0.09761628274897928 9.999999999995e-07
p 0.9865271859816135 0.1635974062117011 4.999999999999993e-08 0.49326359299080674 0.08179870310585055 2.4999999999999966e-08
p 0.41200104439323754 0.9111833731027364 -2.9999999999999984e-08 0.20600052219661877 0.4555916865513682 -1.4999999999999992e-08
p 0.9276093976758555 0.3735516100131757 2.9999999999999984e-08 0.9276093976758555 0.3735516100131757 2.9999999999999984e-08
p 0.994364209821787 -0.10601800896306904 9.999999999995002e-07 1.988728419643574 -0.21203601792613808 1.9999999999990004e-06
p 0.7093152723143548 0.704891370681761 -2.9999999999999984e-08 1.4186305446287095 1.409782741363522 -5.999999999999997e-08
p 0.4424973049951784 0.8967698339440305 1e-08 0.2212486524975892 0.44838491697201527 5e-09
p 0.2802617327273513 0.9599236225703899 -4.9999999999999945e-08 0.2802617327273513 0.9599236225703899 -4.9999999999999945e-08
p 0.9756494003950225 -0.21933592389032713 9.99999999999995e-08 0.9756494003950225 -0.21933592389032713 9.99999999999995e-08
p 0.6515151867744118 0.7586355919684387 -9.999999999995e-07 0.3257575933872059 0.37931779598421933 -4.9999999999975e-07
p -0.023639053196259623 0.9997205585382258 -4.9999999999999945e-08 -0.023639053196259623 0.9997205585382258 -4.9999999999999945e-08
p 0.6960464607914321 0.7179967440174924 2.9999999999999984e-08 1.3920929215828641 1.4359934880349847 5.999999999999997e-08
p 0.8408752952854442 0.5412289143953941 -9.999999999995e-07 0.8408752952854442 0.5412289143953941 -9.999999999995e-07
p 0.30042144256871023 0.9538065615442854 4.9999999999999945e-08 0.30042144256871023 0.9538065615442854 4.9999999999999945e-08
p 0.9521529095719147 0.30562204893255784 4.999999999999993e-08 0.47607645478595734 0.15281102446627892 2.4999999999999966e-08
p 0.9014036864690337 0.4329796692917878 9.999999999999948e-08 0.45070184323451684 0.2164898346458939 4.999999999999974e-08
p 0.1021107496636794 0.9947730368290656 9.999999999995e-07 0.0510553748318397 0.4973865184145328 4.9999999999975e-07
p 0.9478110716616135 0.3188325147089953 4.9999999999999945e-08 0.9478110716616135 0.3188325147089953 4.9999999999999945e-08
p 0.9617476945681589 -0.27393680291780886 2.9999999999999984e-08 0.48087384728407945 -0.13696840145890443 1.4999999999999992e-08
p 0.9014772805827608 -0.43282642316881276 4.9999999999999945e-08 0.9014772805827608 -0.43282642316881276 4.9999999999999945e-08
p 0.030632411339008018 0.9995307175742814 -9.999999999995e-07 0.015316205669504009 0.4997653587871407 -4.9999999999975e-07
p 0.26531148169088764 0.9641627547686039 4.999999999999993e-08 0.13265574084544382 0.48208137738430196 2.4999999999999966e-08
p 0.8722194915026437 0.4891146681943407 9.99999999999995e-08 0.43610974575132183 0.24455733409717034 4.999999999999975e-08
p 0.572634710918772 0.8198106414599439 9.99999999999995e-08 0.286317355459386 0.40990532072997193 4.999999999999975e-08
p 0.9967354202068918 -0.08073724112818612 -1e-08 1.9934708404137835 -0.16147448225637223 -2e-08
p 0.8197635042718376 0.572702188806675 1.9999999999999997e-08 0.8197635042718376 0.572702188806675 1.9999999999999997e-08
p 0.8610750776598489 0.5084778369143385 1.9999999999999997e-08 0.43053753882992446 0.2542389184571692 9.999999999999999e-09
p 0.9630457144342109 -0.26933798824135413 1.9999999999999997e-08 1.9260914288684219 -0.5386759764827083 3.9999999999999994e-08
p 0.9988460944976922 -0.04802582124966761 -4.9999999999999945e-08 1.9976921889953845 -0.09605164249933522 -9.999999999999989e-08
case 4 6 40
s 0.9987502603949663 0.04997916927067833 0.0 0.9553364891255631 -0.2955202066613263 -2.9999999999998654e-07 -4.372658691655742e-08 8.738028403908707e-07 -0.9999999999996173 1.0 1.0 0.0009987502603949663 4.997916927067833e-05 0.0 0.0009553364891255632 -0.0002955202066613263 -2.9999999999998656e-10 0.001 0.0
s 0.8775825618903728 0.479425538604203 0.0 0.9987502603949663 0.04997916927067833 0.0 0.0 0.0 -1.0 1.0 1.0 1.7551651237807455 0.958851077208406 0.0 0.0009987502603949663 4.997916927067833e-05 0.0 0.001 1.0
s -0.39859637855648306 0.8709489764975944 0.2873478855663454 0.8775825618903728 0.479425538604203 0.0 -0.13807921244038343 0.25275230299584717 -0.9576274872945841 1.0 1.0 -0.7971927571129661 1.7418979529951888 0.5746957711326908 1.7551651237807455 0.958851077208406 0.0 2.0 2.0
s -0.8969628300582488 -0.3359893958958339 -0.2873478855663454 -0.39859637855648306 0.8709489764975944 0.2873478855663454 0.1537435140353627 0.3723343456140114 -0.9152759512672909 1.0 1.0 -1.7939256601164977 -0.6719787917916678 -0.5746957711326908 -0.7971927571129661 1.7418979529951888 0.5746957711326908 2.0 3.0
s 0.2805238471386536 -0.9483150748622418 0.14834045293024462 -0.8969628300582488 -0.3359893958958339 -0.2873478855663454 0.3224329819611792 -0.05246353097466939 -0.9451373180979005 1.0 1.0 0.5610476942773072 -1.8966301497244835 0.29668090586048923 -1.7939256601164977 -0.6719787917916678 -0.5746957711326908 2.0 4.0
s 0.9553364891255631 -0.2955202066613263 -2.9999999999998654e-07 0.2805238471386536 -0.9483150748622418 0.14834045293024462 -0.05241756889124394 -0.16945075112015573 -0.9841437097377326 1.0 1.0 0.0009553364891255632 -0.0002955202066613263 -2.9999999999998656e-10 0.5610476942773072 -1.8966301497244835 0.29668090586048923 0.001 5.0
p 0.9834685737989397 -0.18107888985157547 1.9999999999999997e-08 0.9834685737989397 -0.18107888985157547 1.9999999999999997e-08
p 0.9971113994937286 -0.07595299203887246 -2.9999999999999984e-08 0.4985556997468643 -0.03797649601943623 -1.4999999999999992e-08
p 0.9217478864894794 0.3877896772119851 -4.9999999999999945e-08 0.9217478864894794 0.3877896772119851 -4.9999999999999945e-08
p 0.35847716222588244 0.9335384963473486 9.99999999999995e-08 0.35847716222588244 0.9335384963473486 9.99999999999995e-08
p 0.9974105210083966 0.07191837443761331 -9.999999999999948e-08 0.9974105210083966 0.07191837443761331 -9.999999999999948e-08
p 0.9998217074320936 -0.01888262022531076 9.999999999995002e-07 1.9996434148641873 -0.03776524045062152 1.9999999999990004e-06
p 0.7968284402722372 0.6042056245793428 1e-08 1.5936568805444744 1.2084112491586856 2e-08
p 0.7908363683850266 0.6120276451595811 1.9999999999999997e-08 0.3954181841925133 0.30601382257979054 9.999999999999999e-09
p 0.9485747628140753 0.3165531856611474 1e-08 1.8971495256281505 0.6331063713222947 2e-08
p 0.9001767310006856 -0.4355248017793228 -2.9999999999999984e-08 1.8003534620013713 -0.8710496035586456 -5.999999999999997e-08
p 0.9212019991283058 -0.3890846653390657 2e-08 1.8424039982566116 -0.7781693306781314 4e-08
p 0.9878062522990481 0.15568817526681247 9.999999999995002e-07 0.49390312614952403 0.07784408763340624 4.999999999997501e-07
p 0.9790360844289712 -0.2036868807385215 9.999999999995002e-07 0.4895180422144856 -0.10184344036926075 4.999999999997501e-07
p 0.017045448651215614 0.9998547157863867 -4.999999999999993e-08 0.008522724325607807 0.49992735789319337 -2.4999999999999966e-08
p 0.9857296917291114 -0.1683358988559186 -2.9999999999999984e-08 1.9714593834582228 -0.3366717977118372 -5.999999999999997e-08
p 0.7682080564777631 0.640200267074808 -4.9999999999999945e-08 1.5364161129555263 1.280400534149616 -9.999999999999989e-08
p 0.5293459958433082 0.8484060447006812 -4.9999999999999945e-08 1.0586919916866164 1.6968120894013623 -9.999999999999989e-08
p 0.25748139396628905 0.9662832564834066 -9.999999999995002e-07 0.12874069698314453 0.4831416282417033 -4.999999999997501e-07
p 0.998761608274442 -0.049751882748787134 -2.9999999999999984e-08 1.997523216548884 -0.09950376549757427 -5.999999999999997e-08
p 0.5160398673163669 0.8565645657742892 9.99999999999995e-08 0.5160398673163669 0.8565645657742892 9.99999999999995e-08
p 0.43425891146606377 0.9007880981736547 9.999999999995002e-07 0.43425891146606377 0.9007880981736547 9.999999999995002e-07
p 0.23844319479826015 0.9711564461271924 -2.999999999999999e-08 0.23844319479826015 0.9711564461271924 -2.999999999999999e-08
p 0.7062276188060617 0.7079848518404263 9.99999999999995e-08 1.4124552376121233 1.4159697036808525 1.99999999999999e-07
p 0.877668019318161 0.47926907668462787 -1.9999999999999997e-08 1.755336038636322 0.9585381533692557 -3.9999999999999994e-08
p 0.978179126645935 0.20776331773004555 1e-08 0.978179126645935 0.20776331773004555 1e-08
p 0.7174552485394688 0.6966045982787986 4.999999999999993e-08 1.4349104970789377 1.3932091965575972 9.999999999999986e-08
p 0.6421745913875676 0.7665584088484065 9.99999999999995e-08 1.2843491827751352 1.533116817696813 1.99999999999999e-07
p 0.10898251796597494 0.9940436664341238 -1.9999999999999997e-08 0.05449125898298747 0.4970218332170619 -9.999999999999999e-09
p 0.8899840134035479 -0.45599172787026904 1e-08 0.8899840134035479 -0.45599172787026904 1e-08
p 0.929767498090326 -0.3681472524613566 -9.99999999999995e-08 1.859534996180652 -0.7362945049227132 -1.99999999999999e-07
p 0.6250905622509306 0.7805522333481681 4.9999999999999945e-08 0.6250905622509306 0.7805522333481681 4.9999999999999945e-08
p 0.8831113034596322 0.46916353833266894 9.999999999995002e-07 0.8831113034596322 0.46916353833266894 9.999999999995002e-07
p 0.7534039091952347 0.6575580199566715 2e-08 0.37670195459761735 0.32877900997833576 1e-08
p 0.9873516581091177 -0.15854558722706075 4.9999999999999945e-08 1.9747033162182355 -0.3170911744541215 9.999999999999989e-08
p 0.7416953817190742 0.6707368789149705 2.9999999999999984e-08 0.7416953817190742 0.6707368789149705 2.9999999999999984e-08
p 0.8749406865781704 0.4842301053942427 1.9999999999999997e-08 1.7498813731563407 0.9684602107884854 3.9999999999999994e-08
p 0.991747397420195 0.1282072529550073 1.9999999999999997e-08 1.98349479484039 0.2564145059100146 3.9999999999999994e-08
p 0.5589735797969356 0.8291854660382066 -2.9999999999999984e-08 1.1179471595938713 1.6583709320764133 -5.999999999999997e-08
p 0.9379252349098635 0.3468375033330127 9.999999999995002e-07 1.875850469819727 0.6936750066660254 1.9999999999990004e-06
p 0.9323196889158892 -0.36163517204328993 9.999999999995002e-07 0.4661598444579446 -0.18081758602164497 4.999999999997501e-07
case 5 6 40
s 0.9950041652780097 -0.09983341664682653 -1.7999999999999709e-07 0.9987502603949663 0.04997916927067833 0.0 6.020050116930438e-08 -1.203006514436493e-06 0.9999999999992746 1.0 1.0 0.9950041652780097 -0.09983341664682653 -1.7999999999999709e-07 0.9987502603949663 0.04997916927067833 0.0 1.0 0.0
s 0.9987502603949663 0.04997916927067833 0.0 0.8775825618903728 0.479425538604203 0.0 0.0 0.0 1.0 1.0 1.0 0.9987502603949663 0.04997916927067833 0.0 0.8775825618903728 0.479425538604203 0.0 1.0 1.0
s 0.8775825618903728 0.479425538604203 0.0 -0.3722130460563617 0.813300343259146 0.4472135954999579 0.21483604456352498 -0.3932547417548017 0.8939777301721019 1.0 1.0 0.8775825618903728 0.479425538604203 0.0 -0.3722130460563617 0.813300343259146 0.4472135954999579 1.0 2.0
s -0.3722130460563617 0.813300343259146 0.4472135954999579 -0.8375923243065936 -0.31375005699231057 -0.4472135954999579 -0.22573907030675272 -0.5466923892662394 0.8063307656634549 1.0 1.0 -0.3722130460563617 0.813300343259146 0.4472135954999579 -0.8375923243065936 -0.31375005699231057 -0.4472135954999579 1.0 3.0
s -0.8375923243065936 -0.31375005699231057 -0.4472135954999579 0.2751927418019831 -0.9302931932717461 0.24253562503633297 -0.4926817704433339 0.08016495448787829 0.8665092343101592 1.0 1.0 -0.8375923243065936 -0.31375005699231057 -0.4472135954999579 0.2751927418019831 -0.9302931932717461 0.24253562503633297 1.0 4.0
s 0.2751927418019831 -0.9302931932717461 0.24253562503633297 0.9950041652780097 -0.09983341664682653 -1.7999999999999709e-07 0.02602625652847713 0.2593927038300868 0.9654211822675276 1.0 1.0 0.2751927418019831 -0.9302931932717461 0.24253562503633297 0.9950041652780097 -0.09983341664682653 -1.7999999999999709e-07 1.0 5.0
p 0.8790154492201816 0.47679328857717784 -4.9999999999999945e-08 0.4395077246100908 0.23839664428858892 -2.4999999999999972e-08
p 0.9999860668125612 0.0052788427466493055 1e-08 1.9999721336251224 0.010557685493298611 2e-08
p 0.08484916457557493 0.9963938073220984 9.999999999995e-07 0.04242458228778746 0.4981969036610492 4.9999999999975e-07
p 0.9513498692498497 0.3081126843839627 -4.999999999999993e-08 0.47567493462492483 0.15405634219198136 -2.4999999999999966e-08
p 0.8360082386094428 0.5487168896408574 -1e-08 1.6720164772188857 1.0974337792817148 -2e-08
p 0.9667597055683889 0.25568666701515624 4.999999999999993e-08 1.9335194111367777 0.5113733340303125 9.999999999999986e-08
p 0.8931878633359687 0.4496837119446593 9.999999999995002e-07 0.8931878633359687 0.4496837119446593 9.999999999995002e-07
p 0.9013170986401128 -0.4331598869920517 4.9999999999999945e-08 0.4506585493200564 -0.21657994349602586 2.4999999999999972e-08
p 0.6503926576388204 0.7595981772552591 -2e-08 0.3251963288194102 0.37979908862762957 -1e-08
p 0.8085234505561235 0.5884639580304046 9.99999999999995e-08 1.617046901112247 1.1769279160608093 1.99999999999999e-07
p 0.9927900365889415 0.11986635578730277 1e-08 1.985580073177883 0.23973271157460554 2e-08
p 0.6160776117337287 0.7876854551916411 4.9999999999999945e-08 0.30803880586686433 0.39384272759582056 2.4999999999999972e-08
p 0.9884521207628871 0.1515335110077992 -9.999999999995e-07 0.9884521207628871 0.1515335110077992 -9.999999999995e-07
p 0.9205840186232779 -0.39054457447954194 -9.99999999999995e-08 0.9205840186232779 -0.39054457447954194 -9.99999999999995e-08
p 0.5887405436066341 0.808322072143131 -1e-08 0.29437027180331704 0.4041610360715655 -5e-09
p 0.7115694659476209 0.7026157521227492 -2.9999999999999984e-08 1.4231389318952419 1.4052315042454984 -5.999999999999997e-08
p 0.9969098352368995 0.07855431501792651 -4.9999999999999945e-08 1.993819670473799 0.15710863003585301 -9.999999999999989e-08
p 0.7245300829356423 0.6892431783639726 1.9999999999999997e-08 0.3622650414678211 0.3446215891819863 9.999999999999999e-09
p 0.9770139567927004 0.21317534620887 9.999999999995002e-07 0.9770139567927004 0.21317534620887 9.999999999995002e-07
p 0.6120290292754613 0.7908352972168899 9.99999999999995e-08 1.2240580585509226 1.5816705944337799 1.99999999999999e-07
p 0.9431307487614389 -0.3324220070041663 -9.99999999999995e-08 0.9431307487614389 -0.3324220070041663 -9.99999999999995e-08
p 0.9283812650901604 0.37162915201796665 1.9999999999999997e-08 1.8567625301803208 0.7432583040359333 3.9999999999999994e-08
p 0.9188924051818883 -0.39450823527403683 -9.99999999999995e-08 1.8377848103637766 -0.7890164705480737 -1.99999999999999e-07
p 0.9929221937329474 -0.11876665016978084 1e-08 0.4964610968664737 -0.05938332508489042 5e-09
p 0.7722415647372267 0.6353290216039239 -1.9999999999999997e-08 0.38612078236861336 0.31766451080196195 -9.999999999999999e-09
p 0.1608237443224035 0.9869831423393827 1e-08 0.08041187216120176 0.49349157116969133 5e-09
p 0.9999504762748123 -0.009952135337487983 1.9999999999999997e-08 0.49997523813740613 -0.004976067668743991 9.999999999999999e-09
p 0.5787982483891485 0.8154707767061021 -1e-08 1.157596496778297 1.6309415534122043 -2e-08
p 0.6460088879818047 0.7633298871710135 -1e-08 0.6460088879818047 0.7633298871710135 -1e-08
p 0.1491295860488744 0.9888176609288949 1.9999999999999997e-08 0.1491295860488744 0.9888176609288949 1.9999999999999997e-08
p 0.9741670848664085 -0.22582845427864917 -9.999999999995002e-07 0.48708354243320423 -0.11291422713932459 -4.999999999997501e-07
p 0.02603937047162172 0.99966091810445 9.99999999999995e-08 0.05207874094324344 1.9993218362089 1.99999999999999e-07
p 0.3456128436274513 0.9383771961848523 -4.9999999999999945e-08 0.17280642181372566 0.46918859809242613 -2.4999999999999972e-08
p 0.8573174680561303 0.5147880718954408 -1.9999999999999997e-08 0.42865873402806515 0.2573940359477204 -9.999999999999999e-09
p 0.8997364181455904 -0.4364337038560881 9.999999999995002e-07 0.4498682090727952 -0.21821685192804405 4.999999999997501e-07
p 0.6678653547300994 0.7442821158345998 -9.99999999999995e-08 0.6678653547300994 0.7442821158345998 -9.99999999999995e-08
p 0.8837074364642167 0.4680397063688533 -2e-08 0.8837074364642167 0.4680397063688533 -2e-08
p 0.9978378112776735 0.06572444282442994 -1.9999999999999997e-08 1.995675622555347 0.13144888564885987 -3.9999999999999994e-08
p 0.07057878303409762 0.9975062081939258 4.9999999999999945e-08 0.07057878303409762 0.9975062081939258 4.9999999999999945e-08
p 0.9909390759776826 0.13431212789802943 -1e-08 1.9818781519553652 0.26862425579605886 -2e-08
case 6 6 40
s 0.9989876708478262 0.044984814037659505 -1.7999999999999709e-07 0.9987502603949663 0.04997916927067833 0.0 1.7992575894757457e-06 -3.595515916389562e-05 0.9999999993519947 1.0 1.0 0.0009989876708478263 4.498481403765951e-05 -1.7999999999999708e-10 0.0009987502603949663 4.997916927067833e-05 0.0 0.001 0.0
s 0.9987502603949663 0.04997916927067833 0.0 0.8775825618903728 0.479425538604203 0.0 0.0 0.0 1.0 1.0 1.0 0.0009987502603949663 4.997916927067833e-05 0.0 0.4387912809451864 0.2397127693021015 0.0 0.001 1.0
s 0.8775825618903728 0.479425538604203 0.0 -0.3722130460563617 0.813300343259146 0.4472135954999579 0.21483604456352498 -0.3932547417548017 0.8939777301721019 1.0 1.0 0.4387912809451864 0.2397127693021015 0.0 -0.18610652302818084 0.406650171629573 0.22360679774997896 0.5 2.0
s -0.3722130460563617 0.813300343259146 0.4472135954999579 -0.8375923243065936 -0.31375005699231057 -0.4472135954999579 -0.22573907030675272 -0.5466923892662394 0.8063307656634549 1.0 1.0 -0.18610652302818084 0.406650171629573 0.22360679774997896 -0.4187961621532968 -0.15687502849615528 -0.22360679774997896 0.5 3.0
s -0.8375923243065936 -0.31375005699231057 -0.4472135954999579 0.2751927418019831 -0.9302931932717461 0.24253562503633297 -0.4926817704433339 0.08016495448787829 0.8665092343101592 1.0 1.0 -0.4187961621532968 -0.15687502849615528 -0.22360679774997896 0.13759637090099155 -0.46514659663587304 0.12126781251816648 0.5 4.0
s 0.2751927418019831 -0.9302931932717461 0.24253562503633297 0.9989876708478262 0.044984814037659505 -1.7999999999999709e-07 -0.01121921689129441 0.2491514948467808 0.968399536239026 1.0 1.0 0.13759637090099155 -0.46514659663587304 0.12126781251816648 0.0009989876708478263 4.498481403765951e-05 -1.7999999999999708e-10 0.001 5.0
p 0.28784035265161995 0.9576784070790093 4.9999999999999945e-08 0.5756807053032399 1.9153568141580186 9.999999999999989e-08
p 0.2867644828592022 0.9580011124056662 -1.9999999999999997e-08 0.2867644828592022 0.9580011124056662 -1.9999999999999997e-08
p 0.07110678182401964 0.9974687090724352 -2.9999999999999984e-08 0.03555339091200982 0.4987343545362176 -1.4999999999999992e-08
p 0.8465685879690117 0.5322796500563902 -1.9999999999999997e-08 0.42328429398450584 0.2661398250281951 -9.999999999999999e-09
p 0.9176881121124181 0.3973015591305216 -4.999999999999993e-08 0.45884405605620904 0.1986507795652608 -2.4999999999999966e-08
p 0.04806337041646015 0.9988442883774267 -4.9999999999999945e-08 0.0961267408329203 1.9976885767548533 -9.999999999999989e-08
p 0.09353887892280385 0.9956156277042185 -9.999999999995e-07 0.1870777578456077 1.991231255408437 -1.999999999999e-06
p 0.9730986744715535 0.2303887361432965 2e-08 1.946197348943107 0.460777472286593 4e-08
p 0.18737499696543514 0.9822884558581572 -1.9999999999999997e-08 0.18737499696543514 0.9822884558581572 -1.9999999999999997e-08
p 0.853788095158273 0.5206206762749707 9.999999999995e-07 0.853788095158273 0.5206206762749707 9.999999999995e-07
p 0.9985236161409186 0.05431931524662851 -2.9999999999999984e-08 0.9985236161409186 0.05431931524662851 -2.9999999999999984e-08
p 0.6536707232144414 0.756779086399927 -2.9999999999999984e-08 1.3073414464288828 1.513558172799854 -5.999999999999997e-08
p 0.8889226738138833 -0.45805728897111403 9.99999999999995e-08 0.4444613369069417 -0.22902864448555701 4.999999999999975e-08
p 0.8982929475373381 0.4393970646291131 1e-08 0.8982929475373381 0.4393970646291131 1e-08
p 0.9843261883630644 0.17635746341632444 -2.9999999999999984e-08 0.4921630941815322 0.08817873170816222 -1.4999999999999992e-08
p 0.4800651306662545 0.8772328484036556 2.9999999999999984e-08 0.960130261332509 1.7544656968073111 5.999999999999997e-08
p 0.7251669325335008 0.6885731042960876 4.9999999999999945e-08 0.7251669325335008 0.6885731042960876 4.9999999999999945e-08
p 0.21054996793370973 0.9775830967253393 9.99999999999995e-08 0.21054996793370973 0.9775830967253393 9.99999999999995e-08
p 0.9063620701411793 -0.42250183172312206 4.999999999999993e-08 1.8127241402823586 -0.8450036634462441 9.999999999999986e-08
p 0.5528313233419058 0.8332931824586334 -1e-08 0.5528313233419058 0.8332931824586334 -1e-08
p 0.8753422975854792 0.4835037353090092 9.99999999999995e-08 0.8753422975854792 0.4835037353090092 9.99999999999995e-08
p 0.6662342015991525 0.7457425753029863 9.99999999999995e-08 0.33311710079957624 0.37287128765149313 4.999999999999975e-08
p 0.4924714766607408 0.8703285843149061 2.9999999999999984e-08 0.4924714766607408 0.8703285843149061 2.9999999999999984e-08
p 0.9906685032004142 0.13629349495353285 -4.9999999999999945e-08 0.9906685032004142 0.13629349495353285 -4.9999999999999945e-08
p 0.4521526250857892 0.8919405830143787 1e-08 0.9043052501715784 1.7838811660287575 2e-08
p 0.9635977200743967 0.26735637988913524 -2.9999999999999984e-08 0.48179886003719835 0.13367818994456762 -1.4999999999999992e-08
p 0.19070200790483546 0.9816479736550442 9.99999999999995e-08 0.09535100395241773 0.4908239868275221 4.999999999999975e-08
p 0.7448196793029268 0.6672657981067852 -1.9999999999999997e-08 0.7448196793029268 0.6672657981067852 -1.9999999999999997e-08
p 0.7427507142414629 0.6695680521752714 9.99999999999995e-08 0.37137535712073144 0.3347840260876357 4.999999999999975e-08
p 0.9386666958697566 0.3448258024930143 -4.999999999999993e-08 1.8773333917395132 0.6896516049860286 -9.999999999999986e-08
p 0.9925369688799377 -0.12194410771589193 1.9999999999999997e-08 0.9925369688799377 -0.12194410771589193 1.9999999999999997e-08
p 0.7024766694893064 0.7117067716568471 9.999999999995e-07 0.3512383347446532 0.3558533858284236 4.9999999999975e-07
p -0.0150775340391676 0.9998863275229326 1.9999999999999997e-08 -0.0301550680783352 1.9997726550458652 3.9999999999999994e-08
p 0.9480440313196201 -0.3181391435806714 9.999999999995e-07 1.8960880626392402 -0.6362782871613428 1.999999999999e-06
p 0.9937636066585774 -0.11150737231651521 4.9999999999999945e-08 0.4968818033292887 -0.055753686158257605 2.4999999999999972e-08
p 0.9676320462874554 0.25236525711268565 -1e-08 0.4838160231437277 0.12618262855634282 -5e-09
p 0.765383081540677 0.6435749672658929 -4.9999999999999945e-08 0.3826915407703385 0.32178748363294646 -2.4999999999999972e-08
p 0.9427110749127211 -0.33361029545998644 4.999999999999993e-08 0.47135553745636055 -0.16680514772999322 2.4999999999999966e-08
p 0.3713136546182282 0.9285074958739176 4.9999999999999945e-08 0.3713136546182282 0.9285074958739176 4.9999999999999945e-08
p 0.9820702285884949 -0.18851542674311497 4.999999999999993e-08 1.9641404571769898 -0.37703085348622994 9.999999999999986e-08
case 7 6 40
s 0.9553364891255631 -0.2955202066613263 -2.9999999999998654e-07 0.9987502603949663 0.04997916927067833 0.0 4.372658691655742e-08 -8.738028403908707e-07 0.9999999999996173 1.0 1.0 0.09553364891255632 -0.02955202066613263 -2.9999999999998654e-08 0.09987502603949663 0.004997916927067834 0.0 0.1 0.0
s 0.9987502603949663 0.04997916927067833 0.0 0.8775825618903728 0.479425538604203 0.0 0.0 0.0 1.0 1.0 1.0 0.09987502603949663 0.004997916927067834 0.0 0.8775825618903728 0.479425538604203 0.0 0.1 1.0
s 0.8775825618903728 0.479425538604203 0.0 -0.39859637855648306 0.8709489764975944 -0.2873478855663454 -0.13807921244038343 0.25275230299584717 0.9576274872945841 1.0 1.0 0.8775825618903728 0.479425538604203 0.0 -0.39859637855648306 0.8709489764975944 -0.2873478855663454 1.0 2.0
s -0.39859637855648306 0.8709489764975944 -0.2873478855663454 -0.8969628300582488 -0.3359893958958339 0.2873478855663454 0.1537435140353627 0.3723343456140114 0.9152759512672909 1.0 1.0 -0.39859637855648306 0.8709489764975944 -0.2873478855663454 -0.8969628300582488 -0.3359893958958339 0.2873478855663454 1.0 3.0
s -0.8969628300582488 -0.3359893958958339 0.2873478855663454 0.2805238471386536 -0.9483150748622418 -0.14834045293024462 0.3224329819611792 -0.05246353097466939 0.9451373180979005 1.0 1.0 -0.8969628300582488 -0.3359893958958339 0.2873478855663454 0.2805238471386536 -0.9483150748622418 -0.14834045293024462 1.0 4.0
s 0.2805238471386536 -0.9483150748622418 -0.14834045293024462 0.9553364891255631 -0.2955202066613263 -2.9999999999998654e-07 -0.052416892199998934 -0.1694505616860984 0.9841437783964087 1.0 1.0 0.2805238471386536 -0.9483150748622418 -0.14834045293024462 0.09553364891255632 -0.02955202066613263 -2.9999999999998654e-08 0.1 5.0
p 0.15652536206011589 0.9876739396339003 -1.9999999999999997e-08 0.15652536206011589 0.9876739396339003 -1.9999999999999997e-08
p 0.1277605421517147 0.9918050432767016 -1e-08 0.1277605421517147 0.9918050432767016 -1e-08
p 0.41267843341485966 0.9108767812356712 1.9999999999999997e-08 0.8253568668297193 1.8217535624713423 3.9999999999999994e-08
p 0.9720562153920264 0.23474819300205396 2.9999999999999984e-08 0.4860281076960132 0.11737409650102698 1.4999999999999992e-08
p 0.9849524513461582 -0.17282554379255843 1.9999999999999997e-08 0.9849524513461582 -0.17282554379255843 1.9999999999999997e-08
p 0.9688766105137626 -0.2475441649471116 -1e-08 0.4844383052568813 -0.1237720824735558 -5e-09
p 0.8474119471339059 0.5309359583355814 9.999999999995e-07 0.8474119471339059 0.5309359583355814 9.999999999995e-07
p 0.9749332786252171 -0.22249742072456155 4.9999999999999945e-08 0.9749332786252171 -0.22249742072456155 4.9999999999999945e-08
p 0.7890176238167793 0.6143705635091279 1e-08 0.7890176238167793 0.6143705635091279 1e-08
p 0.6663510227896368 0.745638192708907 9.999999999995e-07 1.3327020455792735 1.491276385417814 1.999999999999e-06
p 0.46976290580835933 0.8827926213593349 -1.9999999999999997e-08 0.46976290580835933 0.8827926213593349 -1.9999999999999997e-08
p 0.6047609178820975 0.7964070769414346 -4.999999999999993e-08 0.6047609178820975 0.7964070769414346 -4.999999999999993e-08
p 0.933686223601023 -0.3580922169730317 9.999999999995002e-07 1.867372447202046 -0.7161844339460633 1.9999999999990004e-06
p 0.9667037418937956 -0.255898173906212 1e-08 0.9667037418937956 -0.255898173906212 1e-08
p 0.2002224347147814 0.9797504665147577 9.999999999995002e-07 0.2002224347147814 0.9797504665147577 9.999999999995002e-07
p 0.4268526945808858 0.904321169235818 9.999999999995e-07 0.2134263472904429 0.452160584617909 4.9999999999975e-07
p -0.012637197012108522 0.9999201474376225 1.9999999999999997e-08 -0.012637197012108522 0.9999201474376225 1.9999999999999997e-08
p -0.005953654911145817 0.9999822768395441 -1.9999999999999997e-08 -0.0029768274555729084 0.49999113841977205 -9.999999999999999e-09
p 0.9347632992356741 0.3552711280149822 9.999999999995002e-07 0.9347632992356741 0.3552711280149822 9.999999999995002e-07
p 0.9205486038558982 0.3906280429500094 -4.9999999999999945e-08 0.4602743019279491 0.1953140214750047 -2.4999999999999972e-08
p 0.8215007084772455 0.5702074937874665 1e-08 0.4107503542386228 0.28510374689373325 5e-09
p 0.5916734158766433 0.8061777526977918 4.999999999999993e-08 0.5916734158766433 0.8061777526977918 4.999999999999993e-08
p 0.445979756906094 0.8950430472491151 9.999999999995002e-07 0.891959513812188 1.7900860944982302 1.9999999999990004e-06
p 0.9979882726452347 0.06339879858933417 9.99999999999995e-08 0.49899413632261735 0.031699399294667086 4.999999999999975e-08
p 0.8362874839709573 0.5482912037900262 9.99999999999995e-08 0.41814374198547866 0.2741456018950131 4.999999999999975e-08
p 0.6296851262615465 0.7768504629367032 9.999999999999948e-08 1.259370252523093 1.5537009258734065 1.9999999999999896e-07
p 0.082973504139441 0.9965517536038064 1.9999999999999997e-08 0.0414867520697205 0.4982758768019032 9.999999999999999e-09
p 0.6030706765802326 0.7976877578652316 -9.999999999995e-07 0.6030706765802326 0.7976877578652316 -9.999999999995e-07
p 0.9621621768306703 -0.27247742195724295 1.9999999999999997e-08 0.9621621768306703 -0.27247742195724295 1.9999999999999997e-08
p 0.9623247973168831 -0.27190252751495303 1e-08 1.9246495946337663 -0.5438050550299061 2e-08
p 0.35912949404233374 0.9332877404685527 2.9999999999999984e-08 0.35912949404233374 0.9332877404685527 2.9999999999999984e-08
p 0.9254877745992262 0.378777479620122 1e-08 0.4627438872996131 0.189388739810061 5e-09
p 0.05515804728463019 0.9984776361134717 9.999999999995e-07 0.05515804728463019 0.9984776361134717 9.999999999995e-07
p 0.983323279124472 -0.18186623857081213 -1e-08 0.983323279124472 -0.18186623857081213 -1e-08
p 0.8900207749232314 0.45591997127242706 -1e-08 0.4450103874616157 0.22795998563621353 -5e-09
p 0.5838002962134916 0.81189729285239 1e-08 0.5838002962134916 0.81189729285239 1e-08
p 0.87939693610048 -0.476089307564333 -4.9999999999999945e-08 0.43969846805024 -0.2380446537821665 -2.4999999999999972e-08
p 0.9910633993207945 -0.13339167337847818 -2.9999999999999984e-08 1.982126798641589 -0.26678334675695636 -5.999999999999997e-08
p 0.9999385489952162 -0.01108594756130078 -9.99999999999995e-08 0.9999385489952162 -0.01108594756130078 -9.99999999999995e-08
p 0.776138414142267 0.6305625758738971 -4.999999999999993e-08 0.776138414142267 0.6305625758738971 -4.999999999999993e-08
case 8 6 40
s 0.9987502603949663 0.04997916927067833 0.0 0.9989876708478411 0.04498481403766017 4.999999999999993e-08 4.997937751532528e-07 -9.987544218165823e-06 -0.9999999999499996 1.0 1.0 0.9987502603949663 0.04997916927067833 0.0 0.9989876708478411 0.04498481403766017 4.999999999999993e-08 1.0 0.0
s 0.8775825618903728 0.479425538604203 0.0 0.9987502603949663 0.04997916927067833 0.0 0.0 0.0 -1.0 1.0 1.0 0.4387912809451864 0.2397127693021015 0.0 0.9987502603949663 0.04997916927067833 0.0 0.5 1.0
s -0.3722130460563617 0.813300343259146 0.4472135954999579 0.8775825618903728 0.479425538604203 0.0 -0.21483604456352498 0.3932547417548017 -0.8939777301721019 1.0 1.0 -0.18610652302818084 0.406650171629573 0.22360679774997896 0.4387912809451864 0.2397127693021015 0.0 0.5 2.0
s -0.8375923243065936 -0.31375005699231057 -0.4472135954999579 -0.3722130460563617 0.813300343259146 0.4472135954999579 0.22573907030675272 0.5466923892662394 -0.8063307656634549 1.0 1.0 -0.4187961621532968 -0.15687502849615528 -0.22360679774997896 -0.18610652302818084 0.406650171629573 0.22360679774997896 0.5 3.0
s 0.2751927418019831 -0.9302931932717461 0.24253562503633297 -0.8375923243065936 -0.31375005699231057 -0.4472135954999579 0.4926817704433339 -0.08016495448787829 -0.8665092343101592 1.0 1.0 0.13759637090099155 -0.46514659663587304 0.12126781251816648 -0.4187961621532968 -0.15687502849615528 -0.22360679774997896 0.5 4.0
s 0.9989876708478411 0.04498481403766017 4.999999999999993e-08 0.2751927418019831 -0.9302931932717461 0.24253562503633297 0.011219437072255858 -0.24915143318534644 -0.968399549552492 1.0 1.0 0.9989876708478411 0.04498481403766017 4.999999999999993e-08 0.13759637090099155 -0.46514659663587304 0.12126781251816648 0.5 5.0
p 0.7603535893674866 0.6495093680124857 2.9999999999999984e-08 1.5207071787349733 1.2990187360249714 5.999999999999997e-08
p 0.885391983307214 -0.46484517411210735 -4.999999999999993e-08 1.770783966614428 -0.9296903482242147 -9.999999999999986e-08
p 0.9518889072658412 -0.30644331975788447 -9.99999999999995e-08 1.9037778145316824 -0.6128866395157689 -1.99999999999999e-07
p 0.666108639581092 0.7458547313488241 1.9999999999999997e-08 0.666108639581092 0.7458547313488241 1.9999999999999997e-08
p 0.3521155716343183 0.935956529018115 9.999999999995002e-07 0.17605778581715914 0.4679782645090575 4.999999999997501e-07
p 0.9171035732903396 0.39864901336649633 9.99999999999995e-08 1.8342071465806793 0.7972980267329927 1.99999999999999e-07
p 0.9495929223697366 0.31348569630096895 2e-08 0.9495929223697366 0.31348569630096895 2e-08
p 0.35337568615285475 0.9354814933690557 1.9999999999999997e-08 0.7067513723057095 1.8709629867381115 3.9999999999999994e-08
p 0.9597825566642461 0.28074444593445347 2e-08 1.9195651133284921 0.5614888918689069 4e-08
p 0.9168857327811717 -0.39914978770171494 9.99999999999995e-08 0.9168857327811717 -0.39914978770171494 9.99999999999995e-08
p 0.7976179689931201 0.6031629759354342 2.9999999999999984e-08 0.39880898449656005 0.3015814879677171 1.4999999999999992e-08
p 0.5178584512772497 0.8554663198751473 1.9999999999999997e-08 1.0357169025544994 1.7109326397502946 3.9999999999999994e-08
p 0.005893206025902116 0.9999826349105948 -1.9999999999999997e-08 0.011786412051804232 1.9999652698211896 -3.9999999999999994e-08
p 0.9964569067423498 0.08410489287471372 2.9999999999999984e-08 0.4982284533711749 0.04205244643735686 1.4999999999999992e-08
p 0.655030462905726 0.7556024699969606 4.999999999999993e-08 0.327515231452863 0.3778012349984803 2.4999999999999966e-08
p 0.4136248073862626 0.9104474277599323 -2e-08 0.4136248073862626 0.9104474277599323 -2e-08
p 0.5076670161095708 0.8615533650061411 9.999999999995002e-07 0.5076670161095708 0.8615533650061411 9.999999999995002e-07
p 0.9791979981468834 0.20290707337383268 4.9999999999999945e-08 0.4895989990734417 0.10145353668691634 2.4999999999999972e-08
p 0.9633530531504461 0.26823663989976043 -9.999999999995e-07 0.9633530531504461 0.26823663989976043 -9.999999999995e-07
p 0.607051571994372 0.7946624371009121 2.9999999999999984e-08 1.214103143988744 1.5893248742018242 5.999999999999997e-08
p 0.984910972341757 0.17306177093977915 4.9999999999999945e-08 0.4924554861708785 0.08653088546988957 2.4999999999999972e-08
p 0.954067223692507 0.29959261118170416 -9.999999999995e-07 0.4770336118462535 0.14979630559085208 -4.9999999999975e-07
p 0.9263550830503905 0.3766513774124598 2.9999999999999984e-08 1.852710166100781 0.7533027548249196 5.999999999999997e-08
p 0.026850464953498007 0.9996394612718033 -1e-08 0.013425232476749004 0.4998197306359016 -5e-09
p 0.03893606950604233 0.9992417037390958 9.99999999999995e-08 0.019468034753021165 0.4996208518695479 4.999999999999975e-08
p 0.9063657129412549 -0.42249401700437167 -1.9999999999999997e-08 0.9063657129412549 -0.42249401700437167 -1.9999999999999997e-08
p 0.09557737280375049 0.9954220038797229 -9.99999999999995e-08 0.047788686401875245 0.49771100193986145 -4.999999999999975e-08
p 0.3023288007259141 0.9532037013417597 1e-08 0.15116440036295706 0.47660185067087985 5e-09
p 0.5288677632360205 0.8487042411875405 9.99999999999995e-08 0.26443388161801024 0.42435212059377025 4.999999999999975e-08
p 0.9047674708614639 -0.4259058859313278 2.9999999999999984e-08 0.45238373543073196 -0.2129529429656639 1.4999999999999992e-08
p 0.6593624674555044 0.7518252034289545 -1e-08 0.6593624674555044 0.7518252034289545 -1e-08
p 0.9619544489767242 -0.2732098792007477 9.999999999995002e-07 0.9619544489767242 -0.2732098792007477 9.999999999995002e-07
p 0.8864143021240674 -0.46289273594419533 2e-08 1.7728286042481347 -0.9257854718883907 4e-08
p 0.5364578971610395 0.8439270848678491 9.99999999999995e-08 1.072915794322079 1.6878541697356981 1.99999999999999e-07
p 0.9967297776450049 0.08080687072111194 1.9999999999999997e-08 0.49836488882250246 0.04040343536055597 9.999999999999999e-09
p 0.9989259070059916 -0.04633608001608436 9.999999999995e-07 1.9978518140119832 -0.09267216003216872 1.999999999999e-06
p 0.33327830785051893 0.9428284942216613 9.99999999999995e-08 0.16663915392525946 0.47141424711083063 4.999999999999975e-08
p 0.06391641641387322 0.9979552553660903 9.99999999999995e-08 0.12783283282774643 1.9959105107321806 1.99999999999999e-07
p 0.999969755346505 0.0077774283828338205 2.9999999999999984e-08 1.99993951069301 0.015554856765667641 5.999999999999997e-08
p 0.9976311524750492 -0.06879014181774024 1.9999999999999997e-08 0.4988155762375246 -0.03439507090887012 9.999999999999999e-09
case 9 6 40
s 0.9989876708478411 0.04498481403766017 4.999999999999993e-08 0.9987502603949663 0.04997916927067833 0.0 -4.997937751532528e-07 9.987544218165823e-06 0.9999999999499996 1.0 1.0 0.000998987670847841 4.498481403766017e-05 4.999999999999993e-11 0.0009987502603949663 4.997916927067833e-05 0.0 0.001 0.0
s 0.9987502603949663 0.04997916927067833 0.0 0.8775825618903728 0.479425538604203 0.0 0.0 0.0 1.0 1.0 1.0 0.0009987502603949663 4.997916927067833e-05 0.0 0.8775825618903728 0.479425538604203 0.0 0.001 1.0
s 0.8775825618903728 0.479425538604203 0.0 -0.3722130460563617 0.813300343259146 0.4472135954999579 0.21483604456352498 -0.3932547417548017 0.8939777301721019 1.0 1.0 0.8775825618903728 0.479425538604203 0.0 -0.3722130460563617 0.813300343259146 0.4472135954999579 1.0 2.0
s -0.3722130460563617 0.813300343259146 0.4472135954999579 -0.8375923243065936 -0.31375005699231057 -0.4472135954999579 -0.22573907030675272 -0.5466923892662394 0.8063307656634549 1.0 1.0 -0.3722130460563617 0.813300343259146 0.4472135954999579 -0.8375923243065936 -0.31375005699231057 -0.4472135954999579 1.0 3.0
s -0.8375923243065936 -0.31375005699231057 -0.4472135954999579 0.2751927418019831 -0.9302931932717461 0.24253562503633297 -0.4926817704433339 0.08016495448787829 0.8665092343101592 1.0 1.0 -0.8375923243065936 -0.31375005699231057 -0.4472135954999579 0.2751927418019831 -0.9302931932717461 0.24253562503633297 1.0 4.0
s 0.2751927418019831 -0.9302931932717461 0.24253562503633297 0.9989876708478411 0.04498481403766017 4.999999999999993e-08 -0.011219437072255858 0.24915143318534644 0.968399549552492 1.0 1.0 0.2751927418019831 -0.9302931932717461 0.24253562503633297 0.000998987670847841 4.498481403766017e-05 4.999999999999993e-11 0.001 5.0
p 0.948437871271253 -0.3169630961775271 -9.99999999999995e-08 1.896875742542506 -0.6339261923550542 -1.99999999999999e-07
p 0.9609840039388391 0.27660394822501577 -9.999999999999948e-08 1.9219680078776782 0.5532078964500315 -1.9999999999999896e-07
p 0.9168042410523722 -0.39933692990804487 2.9999999999999984e-08 0.9168042410523722 -0.39933692990804487 2.9999999999999984e-08
p 0.8514479602226486 0.5244391013575271 -1.9999999999999997e-08 0.8514479602226486 0.5244391013575271 -1.9999999999999997e-08
p 0.047238654771898474 0.998883631608473 -9.99999999999995e-08 0.09447730954379695 1.997767263216946 -1.99999999999999e-07
p 0.9235062581808129 0.38358335612989497 9.999999999995e-07 1.8470125163616258 0.7671667122597899 1.999999999999e-06
p 0.9941486267072337 -0.10802086842879655 9.99999999999995e-08 1.9882972534144674 -0.2160417368575931 1.99999999999999e-07
p 0.6726484031010682 0.7399622462028606 -1e-08 0.3363242015505341 0.3699811231014303 -5e-09
p 0.7145255536082116 0.6996093433058739 4.999999999999993e-08 0.3572627768041058 0.34980467165293694 2.4999999999999966e-08
p 0.9585630329348038 0.2848805221331004 -4.9999999999999945e-08 1.9171260658696077 0.5697610442662008 -9.999999999999989e-08
p 0.6453669870899216 0.7638726673827742 4.999999999999993e-08 0.3226834935449608 0.3819363336913871 2.4999999999999966e-08
p 0.9781025352182952 0.20812359452869078 -2.9999999999999984e-08 0.4890512676091476 0.10406179726434539 -1.4999999999999992e-08
p 0.999813852306794 0.019294059589611973 -2.9999999999999984e-08 0.999813852306794 0.019294059589611973 -2.9999999999999984e-08
p 0.1294291536749726 0.9915886718685226 9.999999999995002e-07 0.0647145768374863 0.4957943359342613 4.999999999997501e-07
p 0.966840959126655 -0.255379246915346 2.999999999999999e-08 0.966840959126655 -0.255379246915346 2.999999999999999e-08
p 0.10390885672603793 0.9945868235070718 1.9999999999999997e-08 0.051954428363018966 0.4972934117535359 9.999999999999999e-09
p 0.3034620224508182 0.9528435343381719 1e-08 0.1517310112254091 0.47642176716908596 5e-09
p 0.9516664707082951 0.30713340510210757 -4.9999999999999945e-08 1.9033329414165903 0.6142668102042151 -9.999999999999989e-08
p 0.8363665268771462 0.5481706237290174 1e-08 0.4181832634385731 0.2740853118645087 5e-09
p 0.9714813305197093 -0.23711605692498966 1.9999999999999997e-08 0.48574066525985465 -0.11855802846249483 9.999999999999999e-09
p 0.18387267059326512 0.9829500704557174 -2.9999999999999984e-08 0.09193633529663256 0.4914750352278587 -1.4999999999999992e-08
p 0.4327383786996698 0.9015195480966459 -1.9999999999999997e-08 0.2163691893498349 0.45075977404832296 -9.999999999999999e-09
p 0.5009337638026323 0.865485623382924 1e-08 1.0018675276052647 1.730971246765848 2e-08
p 0.03710290038854022 0.9993114503410626 1e-08 0.07420580077708044 1.9986229006821252 2e-08
p 0.37842203611308106 0.9256331684765989 -4.9999999999999945e-08 0.18921101805654053 0.46281658423829947 -2.4999999999999972e-08
p 0.6575117878937671 0.753444257248492 9.999999999999948e-08 0.32875589394688354 0.376722128624246 4.999999999999974e-08
p 0.3460094446389506 0.9382310292356804 2.9999999999999984e-08 0.1730047223194753 0.4691155146178402 1.4999999999999992e-08
p 0.1938490119127455 0.9810313759408775 2.9999999999999984e-08 0.09692450595637275 0.49051568797043876 1.4999999999999992e-08
p 0.05370063685389843 0.9985570797913786 -1e-08 0.05370063685389843 0.9985570797913786 -1e-08
p 0.2780217268077373 0.9605747859603873 -1e-08 0.5560434536154746 1.9211495719207745 -2e-08
p 0.690932930188997 0.7229188654202113 -2.9999999999999984e-08 0.3454664650944985 0.36145943271010567 -1.4999999999999992e-08
p 0.7433931000019983 0.668854766649247 1.9999999999999997e-08 0.7433931000019983 0.668854766649247 1.9999999999999997e-08
p 0.9090892673592865 0.41660137298399896 -4.999999999999993e-08 1.818178534718573 0.8332027459679979 -9.999999999999986e-08
p 0.23869156532592173 0.9710954312740129 9.999999999995e-07 0.23869156532592173 0.9710954312740129 9.999999999995e-07
p 0.9163375930066193 -0.4004065629367644 4.9999999999999945e-08 1.8326751860132386 -0.8008131258735288 9.999999999999989e-08
p 0.9373326703980354 0.34843574013509043 9.999999999995002e-07 1.8746653407960707 0.6968714802701809 1.9999999999990004e-06
p 0.35912894983350585 0.9332879498801434 -4.9999999999999945e-08 0.17956447491675293 0.4666439749400717 -2.4999999999999972e-08
p 0.9019903319983701 0.43175622865393515 -2.9999999999999984e-08 0.45099516599918504 0.21587811432696757 -1.4999999999999992e-08
p 0.46741965055260126 0.8840355593963874 1.9999999999999997e-08 0.23370982527630063 0.4420177796981937 9.999999999999999e-09
p 0.4719754107014441 0.8816117125431139 2.9999999999999984e-08 0.4719754107014441 0.8816117125431139 2.9999999999999984e-08
case 10 6 40
s 0.9999999999999951 0.0 9.99999999999995e-08 0.9987502603949663 0.04997916927067833 0.0 -9.999999999979983e-08 1.9983330554854013e-06 0.9999999999979984 1.0 1.0 0.000999999999999995 0.0 9.999999999999951e-11 0.0009987502603949663 4.997916927067833e-05 0.0 0.001 0.0
s 0.9987502603949663 0.04997916927067833 0.0 0.8775825618903728 0.479425538604203 0.0 0.0 0.0 1.0 1.0 1.0 0.0009987502603949663 4.997916927067833e-05 0.0 1.7551651237807455 0.958851077208406 0.0 0.001 1.0
s 0.8775825618903728 0.479425538604203 0.0 -0.39859637855648306 0.8709489764975944 0.2873478855663454 0.13807921244038343 -0.25275230299584717 0.9576274872945841 1.0 1.0 1.7551651237807455 0.958851077208406 0.0 -0.7971927571129661 1.7418979529951888 0.5746957711326908 2.0 2.0
s -0.39859637855648306 0.8709489764975944 0.2873478855663454 -0.8969628300582488 -0.3359893958958339 -0.2873478855663454 -0.1537435140353627 -0.3723343456140114 0.9152759512672909 1.0 1.0 -0.7971927571129661 1.7418979529951888 0.5746957711326908 -1.7939256601164977 -0.6719787917916678 -0.5746957711326908 2.0 3.0
s -0.8969628300582488 -0.3359893958958339 -0.2873478855663454 0.2805238471386536 -0.9483150748622418 0.14834045293024462 -0.3224329819611792 0.05246353097466939 0.9451373180979005 1.0 1.0 -1.7939256601164977 -0.6719787917916678 -0.5746957711326908 0.5610476942773072 -1.8966301497244835 0.29668090586048923 2.0 4.0
s 0.2805238471386536 -0.9483150748622418 0.14834045293024462 0.9999999999999951 0.0 9.99999999999995e-08 -9.879856098700943e-08 0.15454589832670465 0.9879856098700942 1.0 1.0 0.5610476942773072 -1.8966301497244835 0.29668090586048923 0.000999999999999995 0.0 9.999999999999951e-11 0.001 5.0
p 0.9978657530402366 -0.06529884308654742 -9.999999999995e-07 1.9957315060804732 -0.13059768617309483 -1.999999999999e-06
p 0.4489048676409449 0.8935795542693808 1.9999999999999997e-08 0.4489048676409449 0.8935795542693808 1.9999999999999997e-08
p -0.02549861245983607 0.9996748575219961 9.999999999995002e-07 -0.05099722491967214 1.9993497150439923 1.9999999999990004e-06
p 0.917253062516289 0.3983049325635813 9.99999999999995e-08 0.4586265312581445 0.19915246628179065 4.999999999999975e-08
p 0.9296319699893723 0.3684893490640923 1.9999999999999997e-08 1.8592639399787445 0.7369786981281846 3.9999999999999994e-08
p 0.9980799585340386 -0.06193865007159049 2.9999999999999984e-08 0.4990399792670193 -0.030969325035795244 1.4999999999999992e-08
p 0.09936332018346174 0.9950512200897592 -1.9999999999999997e-08 0.19872664036692347 1.9901024401795184 -3.9999999999999994e-08
p 0.4759854698808174 0.8794531439834274 4.9999999999999945e-08 0.2379927349404087 0.4397265719917137 2.4999999999999972e-08
p 0.9886933277752538 0.14995167092328385 9.99999999999995e-08 0.9886933277752538 0.14995167092328385 9.99999999999995e-08
p 0.9573820436393544 -0.2888245531753334 4.9999999999999945e-08 1.9147640872787088 -0.5776491063506668 9.999999999999989e-08
p 0.99085976955229 -0.13489594909697147 9.99999999999995e-08 1.98171953910458 -0.26979189819394295 1.99999999999999e-07
p 0.7990035237834316 0.601326341499904 1e-08 0.3995017618917158 0.300663170749952 5e-09
p 0.9796762666256958 0.2005851754500779 -1e-08 1.9593525332513917 0.4011703509001558 -2e-08
p 0.3666058301158123 0.9303763568175489 2.9999999999999984e-08 0.18330291505790616 0.46518817840877447 1.4999999999999992e-08
p 0.7677840591466628 0.6407087002064774 -2e-08 1.5355681182933256 1.2814174004129548 -4e-08
p 0.9846462373451085 0.174561700501914 1.9999999999999997e-08 0.49232311867255424 0.087280850250957 9.999999999999999e-09
p 0.9666540910875228 0.25608566571316577 -1e-08 0.9666540910875228 0.25608566571316577 -1e-08
p 0.7177380295597127 0.6963132347749404 9.999999999995002e-07 1.4354760591194253 1.392626469549881 1.9999999999990004e-06
p 0.6503088622974461 0.7596699175414288 -1e-08 0.32515443114872306 0.3798349587707144 -5e-09
p 0.8178464833308049 0.575436468868141 1.9999999999999997e-08 0.8178464833308049 0.575436468868141 1.9999999999999997e-08
p 0.29669617462099745 0.9549719262707494 -2.9999999999999984e-08 0.29669617462099745 0.9549719262707494 -2.9999999999999984e-08
p 0.5283659846897767 0.8490167172805272 -9.999999999995e-07 0.5283659846897767 0.8490167172805272 -9.999999999995e-07
p 0.515104926570539 0.8571271286237294 -1.9999999999999997e-08 1.030209853141078 1.7142542572474588 -3.9999999999999994e-08
p 0.8812056557553104 -0.4727331089154359 1e-08 0.8812056557553104 -0.4727331089154359 1e-08
p 0.0774276989053576 0.9969979696279321 -4.9999999999999945e-08 0.1548553978107152 1.9939959392558642 -9.999999999999989e-08
p 0.9959241467583341 0.0901947554111898 -1e-08 0.49796207337916704 0.0450973777055949 -5e-09
p 0.8944979929956905 -0.4470719634764419 -1.9999999999999997e-08 0.4472489964978453 -0.22353598173822095 -9.999999999999999e-09
p 0.9989132582695134 -0.04660796555723619 -1e-08 0.9989132582695134 -0.04660796555723619 -1e-08
p 0.1380027774931229 0.9904318418771595 2.9999999999999984e-08 0.06900138874656145 0.49521592093857975 1.4999999999999992e-08
p 0.9757078185803083 0.2190759063892156 -9.999999999995002e-07 0.48785390929015415 0.1095379531946078 -4.999999999997501e-07
p 0.09686605876736819 0.9952974262294042 -1.9999999999999997e-08 0.09686605876736819 0.9952974262294042 -1.9999999999999997e-08
p 0.8631136762296223 0.5050096849619584 -9.999999999999948e-08 0.8631136762296223 0.5050096849619584 -9.999999999999948e-08
p 0.7719260821020459 0.635712296381449 -9.999999999999948e-08 0.7719260821020459 0.635712296381449 -9.999999999999948e-08
p 0.35738676906591144 0.9339564750547152 -1e-08 0.17869338453295572 0.4669782375273576 -5e-09
p -0.017399192067186656 0.9998486226001411 9.99999999999995e-08 -0.008699596033593328 0.49992431130007053 4.999999999999975e-08
p 0.984954372799799 0.17281459285185352 4.999999999999993e-08 1.969908745599598 0.34562918570370704 9.999999999999986e-08
p 0.9331166250340006 0.35957386457465756 -4.9999999999999945e-08 0.9331166250340006 0.35957386457465756 -4.9999999999999945e-08
p 0.8966863127467287 -0.4426665297181086 -4.999999999999993e-08 1.7933726254934574 -0.8853330594362172 -9.999999999999986e-08
p 0.9271140057026283 0.374779429036636 9.999999999995e-07 1.8542280114052565 0.749558858073272 1.999999999999e-06
p 0.32503660063090156 0.9457014371620188 1e-08 0.6500732012618031 1.8914028743240376 2e-08
case 11 6 40
s 0.9987502603949663 0.04997916927067833 0.0 0.9989876708478262 0.044984814037659505 1.7999999999999709e-07 1.7992575894757457e-06 -3.595515916389562e-05 -0.9999999993519947 1.0 1.0 0.09987502603949663 0.004997916927067834 0.0 0.09989876708478262 0.004498481403765951 1.799999999999971e-08 0.1 0.0
s 0.8775825618903728 0.479425538604203 0.0 0.9987502603949663 0.04997916927067833 0.0 0.0 0.0 -1.0 1.0 1.0 0.8775825618903728 0.479425538604203 0.0 0.09987502603949663 0.004997916927067834 0.0 0.1 1.0
s -0.3722130460563617 0.813300343259146 0.4472135954999579 0.8775825618903728 0.479425538604203 0.0 -0.21483604456352498 0.3932547417548017 -0.8939777301721019 1.0 1.0 -0.3722130460563617 0.813300343259146 0.4472135954999579 0.8775825618903728 0.479425538604203 0.0 1.0 2.0
s -0.8375923243065936 -0.31375005699231057 -0.4472135954999579 -0.3722130460563617 0.813300343259146 0.4472135954999579 0.22573907030675272 0.5466923892662394 -0.8063307656634549 1.0 1.0 -0.8375923243065936 -0.31375005699231057 -0.4472135954999579 -0.3722130460563617 0.813300343259146 0.4472135954999579 1.0 3.0
s 0.2751927418019831 -0.9302931932717461 0.24253562503633297 -0.8375923243065936 -0.31375005699231057 -0.4472135954999579 0.4926817704433339 -0.08016495448787829 -0.8665092343101592 1.0 1.0 0.2751927418019831 -0.9302931932717461 0.24253562503633297 -0.8375923243065936 -0.31375005699231057 -0.4472135954999579 1.0 4.0
s 0.9989876708478262 0.044984814037659505 1.7999999999999709e-07 0.2751927418019831 -0.9302931932717461 0.24253562503633297 0.011219561522366922 -0.2491513983332249 -0.9683995570774723 1.0 1.0 0.09989876708478262 0.004498481403765951 1.799999999999971e-08 0.2751927418019831 -0.9302931932717461 0.24253562503633297 0.1 5.0
p 0.944800895465665 0.3276450334237909 -1.9999999999999997e-08 1.88960179093133 0.6552900668475818 -3.9999999999999994e-08
p 0.9979618552274647 0.06381328631996763 -4.999999999999993e-08 0.9979618552274647 0.06381328631996763 -4.999999999999993e-08
p 0.8780756624993914 -0.47852181865224747 -1.9999999999999997e-08 0.4390378312496957 -0.23926090932612373 -9.999999999999999e-09
p 0.9966255196445227 -0.08208272408542897 1.9999999999999997e-08 0.9966255196445227 -0.08208272408542897 1.9999999999999997e-08
p 0.4103282111326275 0.9119379140866378 9.99999999999995e-08 0.820656422265255 1.8238758281732756 1.99999999999999e-07
p 0.5725886762610516 0.8198427945756516 4.999999999999993e-08 0.2862943381305258 0.4099213972878258 2.4999999999999966e-08
p 0.9221250592750974 -0.3868919423519927 -1.9999999999999997e-08 1.8442501185501947 -0.7737838847039854 -3.9999999999999994e-08
p 0.9685856848153037 -0.2486800578471628 2.9999999999999984e-08 0.9685856848153037 -0.2486800578471628 2.9999999999999984e-08
p 0.996967945966041 -0.07781333250960858 4.9999999999999945e-08 1.993935891932082 -0.15562666501921715 9.999999999999989e-08
p 0.25908338796198094 0.9658549570624665 -4.999999999999993e-08 0.12954169398099047 0.48292747853123325 -2.4999999999999966e-08
p 0.9983136695931759 -0.058050125782870624 -2e-08 0.9983136695931759 -0.058050125782870624 -2e-08
p 0.8747294355091966 0.48461161217387433 2.9999999999999984e-08 0.8747294355091966 0.48461161217387433 2.9999999999999984e-08
p 0.8927164959453172 0.4506187500161465 -9.999999999995e-07 1.7854329918906344 0.901237500032293 -1.999999999999e-06
p 0.9973193625366931 0.07317164142209798 -9.999999999995e-07 0.9973193625366931 0.07317164142209798 -9.999999999995e-07
p 0.9042721319428363 -0.4269565685073224 -9.99999999999995e-08 0.9042721319428363 -0.4269565685073224 -9.99999999999995e-08
p 0.9869078757119022 0.16128498026106103 -9.99999999999995e-08 0.4934539378559511 0.08064249013053051 -4.999999999999975e-08
p 0.9475806121861572 -0.31951679675551803 1.9999999999999997e-08 0.9475806121861572 -0.31951679675551803 1.9999999999999997e-08
p 0.994797912737064 0.10186811480522716 9.99999999999995e-08 1.989595825474128 0.20373622961045432 1.99999999999999e-07
p 0.9960262008151419 -0.0890606944097929 9.999999999995e-07 0.49801310040757096 -0.04453034720489645 4.9999999999975e-07
p 0.8516548724718871 0.5241030225011912 -9.99999999999995e-08 0.8516548724718871 0.5241030225011912 -9.99999999999995e-08
p 0.8455923399115838 0.5338291811833183 1.9999999999999997e-08 0.4227961699557919 0.2669145905916592 9.999999999999999e-09
p 0.9685671261004652 -0.24875233111968129 -9.99999999999995e-08 0.9685671261004652 -0.24875233111968129 -9.99999999999995e-08
p 0.899525290181729 0.43686869002307344 -9.999999999995e-07 0.899525290181729 0.43686869002307344 -9.999999999995e-07
p 0.09546064868992106 0.9954332044651197 -4.999999999999993e-08 0.04773032434496053 0.49771660223255987 -2.4999999999999966e-08
p 0.2149100771096875 0.9766338406776095 -9.99999999999995e-08 0.10745503855484374 0.48831692033880475 -4.999999999999975e-08
p 0.13980129170188618 0.9901795790857756 -1.9999999999999997e-08 0.27960258340377236 1.9803591581715512 -3.9999999999999994e-08
p 0.9319391014047878 0.3626148249490561 4.9999999999999945e-08 0.9319391014047878 0.3626148249490561 4.9999999999999945e-08
p 0.9645579165552104 0.2638712292211288 4.9999999999999945e-08 0.4822789582776052 0.1319356146105644 2.4999999999999972e-08
p 0.4232571809615388 0.906009579840904 9.999999999995002e-07 0.8465143619230776 1.812019159681808 1.9999999999990004e-06
p 0.7538040783659087 0.6570992401752737 2.9999999999999984e-08 0.7538040783659087 0.6570992401752737 2.9999999999999984e-08
p 0.6045907302045038 0.796536282255733 -9.999999999995e-07 1.2091814604090076 1.593072564511466 -1.999999999999e-06
p 0.721941626542327 0.6919539636893621 1.9999999999999997e-08 0.3609708132711635 0.34597698184468106 9.999999999999999e-09
p 0.5954634488331433 0.803382400294367 -9.999999999995e-07 0.29773172441657164 0.4016912001471835 -4.9999999999975e-07
p 0.23601959245408524 0.9717482966168797 1.9999999999999997e-08 0.11800979622704262 0.48587414830843983 9.999999999999999e-09
p 0.789096403100129 0.6142693762629209 2.9999999999999984e-08 0.789096403100129 0.6142693762629209 2.9999999999999984e-08
p 0.9925122402201232 -0.12214521281336688 -9.99999999999995e-08 0.9925122402201232 -0.12214521281336688 -9.99999999999995e-08
p 0.9838941928995649 0.17875183125916227 9.99999999999995e-08 1.9677883857991298 0.35750366251832455 1.99999999999999e-07
p 0.8257942920572601 0.5639714418351752 4.9999999999999945e-08 0.8257942920572601 0.5639714418351752 4.9999999999999945e-08
p 0.40764180604240335 0.9131419155676116 1.9999999999999997e-08 0.20382090302120168 0.4565709577838058 9.999999999999999e-09
p 0.6131819526889104 0.7899417022139117 4.999999999999993e-08 0.6131819526889104 0.7899417022139117 4.999999999999993e-08
case 12 6 40
s 0.9992001066609779 0.03998933418663416 -1e-09 0.9987502603949663 0.04997916927067833 0.0 4.998000226655086e-09 -9.987669064268379e-08 0.999999999999995 1.0 1.0 0.009992001066609779 0.0003998933418663416 -1.0000000000000001e-11 0.009987502603949663 0.0004997916927067833 0.0 0.01 0.0
s 0.9987502603949663 0.04997916927067833 0.0 0.8775825618903728 0.479425538604203 0.0 0.0 0.0 1.0 1.0 1.0 0.009987502603949663 0.0004997916927067833 0.0 0.8775825618903728 0.479425538604203 0.0 0.01 1.0
s 0.8775825618903728 0.479425538604203 0.0 -0.4161468365471424 0.9092974268256817 0.0 0.0 -0.0 1.0 1.0 1.0 0.8775825618903728 0.479425538604203 0.0 -0.4161468365471424 0.9092974268256817 0.0 1.0 2.0
s -0.4161468365471424 0.9092974268256817 0.0 -0.9364566872907963 -0.35078322768961984 -0.0 0.0 -0.0 1.0 1.0 1.0 -0.4161468365471424 0.9092974268256817 0.0 -0.9364566872907963 -0.35078322768961984 -0.0 1.0 3.0
s -0.9364566872907963 -0.35078322768961984 -0.0 0.2836621854632263 -0.9589242746631386 0.0 -0.0 0.0 1.0 1.0 1.0 -0.9364566872907963 -0.35078322768961984 -0.0 0.2836621854632263 -0.9589242746631386 0.0 1.0 4.0
s 0.2836621854632263 -0.9589242746631386 0.0 0.9992001066609779 0.03998933418663416 -1e-09 9.890908538832116e-10 2.925858492139656e-10 1.0 1.0 1.0 0.2836621854632263 -0.9589242746631386 0.0 0.009992001066609779 0.0003998933418663416 -1.0000000000000001e-11 0.01 5.0
p 0.038761430591517695 0.9992484933681406 1e-08 0.07752286118303539 1.9984969867362812 2e-08
p 0.955512207585091 0.2949515573036757 4.9999999999999945e-08 0.955512207585091 0.2949515573036757 4.9999999999999945e-08
p 0.6773724363906787 0.7356402533971041 1.9999999999999997e-08 0.33868621819533934 0.3678201266985521 9.999999999999999e-09
p 0.29425608531203135 0.9557266116713704 -1e-08 0.5885121706240627 1.9114532233427408 -2e-08
p 0.9956985387604125 -0.0926521446615158 -2.9999999999999984e-08 0.9956985387604125 -0.0926521446615158 -2.9999999999999984e-08
p 0.35930549037113213 0.9332199979582305 -1.9999999999999997e-08 0.7186109807422643 1.866439995916461 -3.9999999999999994e-08
p 0.848045480854608 0.5299234495680174 9.99999999999995e-08 0.424022740427304 0.2649617247840087 4.999999999999975e-08
p 0.8234232583600108 0.5674276496539297 -2e-08 1.6468465167200217 1.1348552993078593 -4e-08
p 0.9999288673582416 0.011927289032465378 2e-08 0.9999288673582416 0.011927289032465378 2e-08
p 0.5511189441448433 0.8344266950455698 2.9999999999999984e-08 1.1022378882896866 1.6688533900911395 5.999999999999997e-08
p 0.9886244026551343 0.15040542036369206 -1e-08 1.9772488053102686 0.3008108407273841 -2e-08
p 0.6325742240594995 0.7744997424502603 4.999999999999993e-08 0.6325742240594995 0.7744997424502603 4.999999999999993e-08
p 0.9806227159105039 0.19590581675973057 9.999999999999948e-08 0.49031135795525194 0.09795290837986528 4.999999999999974e-08
p 0.09515038879349025 0.9954629091590745 -9.999999999995002e-07 0.1903007775869805 1.990925818318149 -1.9999999999990004e-06
p 0.9603655588505955 0.2787435979042095 -9.999999999995002e-07 0.9603655588505955 0.2787435979042095 -9.999999999995002e-07
p 0.10754594160256117 0.9942001158940884 9.999999999995002e-07 0.05377297080128059 0.4971000579470442 4.999999999997501e-07
p 0.8543997489823612 0.5196162708565579 4.999999999999993e-08 1.7087994979647223 1.0392325417131159 9.999999999999986e-08
p 0.6275569843833366 0.7785706335019913 -1.9999999999999997e-08 0.6275569843833366 0.7785706335019913 -1.9999999999999997e-08
p 0.9843695621389815 0.1761152041514578 -9.999999999995e-07 1.968739124277963 0.3522304083029156 -1.999999999999e-06
p 0.999636923915118 0.02694476469596399 -9.999999999995002e-07 1.999273847830236 0.05388952939192798 -1.9999999999990004e-06
p 0.4052934339254759 0.9141866507540425 4.9999999999999945e-08 0.8105868678509518 1.828373301508085 9.999999999999989e-08
p 0.6969904267653068 0.7170804313307645 1.9999999999999997e-08 1.3939808535306135 1.434160862661529 3.9999999999999994e-08
p 0.9983801138127196 -0.05689594311812545 1e-08 0.9983801138127196 -0.05689594311812545 1e-08
p 0.941416764766842 -0.3372454225277533 -9.99999999999995e-08 0.470708382383421 -0.16862271126387665 -4.999999999999975e-08
p 0.9875049360012615 0.157588074971249 1.9999999999999997e-08 0.4937524680006308 0.0787940374856245 9.999999999999999e-09
p 0.9399240229920127 0.3413837005518872 9.99999999999995e-08 0.46996201149600636 0.1706918502759436 4.999999999999975e-08
p 0.43751180153459857 0.899212668681858 2.9999999999999984e-08 0.21875590076729928 0.449606334340929 1.4999999999999992e-08
p 0.9651967209494846 -0.26152493163819446 1.9999999999999997e-08 1.9303934418989692 -0.5230498632763889 3.9999999999999994e-08
p 0.9959709819324255 -0.08967610132337005 2.9999999999999984e-08 0.49798549096621275 -0.044838050661685024 1.4999999999999992e-08
p 0.9788998739914248 0.20434049207037405 9.999999999999948e-08 0.9788998739914248 0.20434049207037405 9.999999999999948e-08
p 0.007465440359898097 0.9999721332118325 -9.99999999999995e-08 0.0037327201799490484 0.49998606660591627 -4.999999999999975e-08
p 0.9747548714541148 -0.2232777207346756 1.9999999999999997e-08 1.9495097429082295 -0.4465554414693512 3.9999999999999994e-08
p -0.0034931952713611295 0.9999938987747856 -1e-08 -0.0034931952713611295 0.9999938987747856 -1e-08
p 0.5619520668115787 0.8271697979291706 9.999999999999948e-08 0.28097603340578936 0.4135848989645853 4.999999999999974e-08
p 0.34204148074632834 0.9396848543255651 1.9999999999999997e-08 0.34204148074632834 0.9396848543255651 1.9999999999999997e-08
p 0.9069902983188071 -0.4211515152003511 9.99999999999995e-08 0.9069902983188071 -0.4211515152003511 9.99999999999995e-08
p 0.9687116677229194 -0.24818884909978903 -4.9999999999999945e-08 1.9374233354458388 -0.49637769819957805 -9.999999999999989e-08
p 0.5719340490140682 0.820299605984529 1e-08 0.5719340490140682 0.820299605984529 1e-08
p 0.3888972039248972 0.9212811540346341 9.99999999999995e-08 0.1944486019624486 0.46064057701731703 4.999999999999975e-08
p 0.9020156357124708 -0.43170336219471916 -4.9999999999999945e-08 1.8040312714249416 -0.8634067243894383 -9.999999999999989e-08
case 13 6 40
s 0.9987502603949663 0.04997916927067833 0.0 0.9999999999999989 0.0 -4.9999999999999945e-08 -4.999999999997498e-08 9.991665277442007e-07 -0.9999999999994996 1.0 1.0 0.09987502603949663 0.004997916927067834 0.0 0.0999999999999999 0.0 -4.999999999999995e-09 0.1 0.0
s 0.8775825618903728 0.479425538604203 0.0 0.9987502603949663 0.04997916927067833 0.0 0.0 0.0 -1.0 1.0 1.0 0.8775825618903728 0.479425538604203 0.0 0.09987502603949663 0.004997916927067834 0.0 0.1 1.0
s -0.4161468365471424 0.9092974268256817 0.0 0.8775825618903728 0.479425538604203 0.0 0.0 0.0 -1.0 1.0 1.0 -0.4161468365471424 0.9092974268256817 0.0 0.8775825618903728 0.479425538604203 0.0 1.0 2.0
s -0.9364566872907963 -0.35078322768961984 -0.0 -0.4161468365471424 0.9092974268256817 0.0 0.0 0.0 -1.0 1.0 1.0 -0.9364566872907963 -0.35078322768961984 -0.0 -0.4161468365471424 0.9092974268256817 0.0 1.0 3.0
s 0.2836621854632263 -0.9589242746631386 0.0 -0.9364566872907963 -0.35078322768961984 -0.0 0.0 0.0 -1.0 1.0 1.0 0.2836621854632263 -0.9589242746631386 0.0 -0.9364566872907963 -0.35078322768961984 -0.0 1.0 4.0
s 0.9999999999999989 0.0 -4.9999999999999945e-08 0.2836621854632263 -0.9589242746631386 0.0 -4.999999999999993e-08 -1.4790645776637258e-08 -0.9999999999999986 1.0 1.0 0.0999999999999999 0.0 -4.999999999999995e-09 0.2836621854632263 -0.9589242746631386 0.0 0.1 5.0
p 0.11169695819363996 0.9937423154572244 -4.999999999999993e-08 0.05584847909681998 0.4968711577286122 -2.4999999999999966e-08
p 0.9547527274149654 -0.2974007893292859 4.999999999999993e-08 0.9547527274149654 -0.2974007893292859 4.999999999999993e-08
p 0.9210057702074743 -0.38954893305531846 1e-08 1.8420115404149486 -0.7790978661106369 2e-08
p 0.1369148354465401 0.9905828222994006 -2.9999999999999984e-08 0.2738296708930802 1.9811656445988013 -5.999999999999997e-08
p 0.3858270846247361 0.9225711142074505 -1e-08 0.7716541692494722 1.845142228414901 -2e-08
p 0.9706550112220115 -0.24047629652337188 1e-08 1.941310022444023 -0.48095259304674376 2e-08
p 0.3932288412985462 0.9194406334130566 2e-08 0.3932288412985462 0.9194406334130566 2e-08
p 0.7366670910464568 0.6762555707483313 9.999999999995e-07 0.7366670910464568 0.6762555707483313 9.999999999995e-07
p 0.9725181299921781 0.23282716086512972 -1e-08 0.9725181299921781 0.23282716086512972 -1e-08
p 0.6456355104154369 0.7636457213201668 1.9999999999999997e-08 0.32281775520771844 0.3818228606600834 9.999999999999999e-09
p 0.9424742433901269 0.33427877669126244 -2.9999999999999984e-08 0.47123712169506343 0.16713938834563122 -1.4999999999999992e-08
p 0.7723506685810207 0.6351963828159292 -9.99999999999995e-08 0.7723506685810207 0.6351963828159292 -9.99999999999995e-08
p 0.9456373147585254 -0.32522310639972213 2.999999999999999e-08 0.4728186573792627 -0.16261155319986106 1.4999999999999995e-08
p 0.9401579083368565 -0.3407390605605074 -9.99999999999995e-08 1.880315816673713 -0.6814781211210148 -1.99999999999999e-07
p 0.8893666388301779 -0.45719468690691445 -1.9999999999999997e-08 0.8893666388301779 -0.45719468690691445 -1.9999999999999997e-08
p 0.9942653605768491 0.10694107142247107 4.9999999999999945e-08 0.49713268028842456 0.053470535711235535 2.4999999999999972e-08
p 0.6132921762452539 0.7898561302897886 2.9999999999999984e-08 0.6132921762452539 0.7898561302897886 2.9999999999999984e-08
p 0.9995380047517304 0.03039370094162536 2.9999999999999984e-08 1.9990760095034608 0.06078740188325072 5.999999999999997e-08
p 0.4258402574128281 0.9047983616069241 4.9999999999999945e-08 0.4258402574128281 0.9047983616069241 4.9999999999999945e-08
p 0.9524161234623512 0.30480080014322025 9.999999999995e-07 1.9048322469247023 0.6096016002864405 1.999999999999e-06
p 0.6824418842121774 0.7309398570832842 -2.9999999999999984e-08 0.6824418842121774 0.7309398570832842 -2.9999999999999984e-08
p 0.06304199773948359 0.9980108749512773 -2.9999999999999984e-08 0.06304199773948359 0.9980108749512773 -2.9999999999999984e-08
p 0.9114561520135637 -0.4113972325582967 -4.9999999999999945e-08 0.45572807600678183 -0.20569861627914834 -2.4999999999999972e-08
p 0.9385881104539704 -0.345039648320951 -9.999999999995e-07 0.4692940552269852 -0.1725198241604755 -4.9999999999975e-07
p 0.9931123873923394 -0.11716563492290857 9.999999999995002e-07 0.9931123873923394 -0.11716563492290857 9.999999999995002e-07
p 0.7840133908329211 0.6207439109606026 -2.9999999999999984e-08 0.39200669541646055 0.3103719554803013 -1.4999999999999992e-08
p 0.6846389141052284 0.7288824029236912 9.999999999995002e-07 0.3423194570526142 0.3644412014618456 4.999999999997501e-07
p 0.9968036720852547 -0.07989017034248744 -1.9999999999999997e-08 1.9936073441705093 -0.15978034068497488 -3.9999999999999994e-08
p 0.8636631923110192 0.5040693307940283 1e-08 1.7273263846220384 1.0081386615880565 2e-08
p 0.7965598143383879 0.6045597258999258 9.999999999995002e-07 1.5931196286767757 1.2091194517998516 1.9999999999990004e-06
p 0.12364701010423651 0.9923262653438552 9.999999999995002e-07 0.24729402020847302 1.9846525306877103 1.9999999999990004e-06
p 0.9919545540411279 0.1265944813847219 1.9999999999999997e-08 1.9839091080822557 0.2531889627694438 3.9999999999999994e-08
p 0.2817860973438583 0.9594772510819187 4.9999999999999945e-08 0.2817860973438583 0.9594772510819187 4.9999999999999945e-08
p 0.8695652011157241 0.4938181456847962 9.999999999995002e-07 0.43478260055786205 0.2469090728423981 4.999999999997501e-07
p 0.8630715698224085 0.5050816422760611 -1.9999999999999997e-08 0.8630715698224085 0.5050816422760611 -1.9999999999999997e-08
p 0.7312458874248372 0.6821139583121447 -1e-08 1.4624917748496744 1.3642279166242894 -2e-08
p 0.9988001827206945 0.0489713691569371 4.9999999999999945e-08 0.9988001827206945 0.0489713691569371 4.9999999999999945e-08
p 0.7017374976223919 0.7124356001988268 2.9999999999999984e-08 0.7017374976223919 0.7124356001988268 2.9999999999999984e-08
p 0.8916505977058323 -0.4527242114254891 -2.9999999999999984e-08 0.44582529885291616 -0.22636210571274454 -1.4999999999999992e-08
p 0.7115394623837273 0.702646136736456 9.99999999999995e-08 0.7115394623837273 0.702646136736456 9.99999999999995e-08
case 14 6 40
s 0.9995500337489425 0.029995500202494307 -2.999999999999865e-07 0.9987502603949663 0.04997916927067833 0.0 7.497375204775484e-07 -1.4982252701109468e-05 0.9999999998874849 1.0 1.0 0.009995500337489424 0.00029995500202494306 -2.9999999999998647e-09 0.009987502603949663 0.0004997916927067833 0.0 0.01 0.0
s 0.9987502603949663 0.04997916927067833 0.0 0.8775825618903728 0.479425538604203 0.0 0.0 0.0 1.0 1.0 1.0 0.009987502603949663 0.0004997916927067833 0.0 1.7551651237807455 0.958851077208406 0.0 0.01 1.0
s 0.8775825618903728 0.479425538604203 0.0 -0.3722130460563617 0.813300343259146 0.4472135954999579 0.21483604456352498 -0.3932547417548017 0.8939777301721019 1.0 1.0 1.7551651237807455 0.958851077208406 0.0 -0.7444260921127234 1.626600686518292 0.8944271909999159 2.0 2.0
s -0.3722130460563617 0.813300343259146 0.4472135954999579 -0.8375923243065936 -0.31375005699231057 -0.4472135954999579 -0.22573907030675272 -0.5466923892662394 0.8063307656634549 1.0 1.0 -0.7444260921127234 1.626600686518292 0.8944271909999159 -1.6751846486131872 -0.6275001139846211 -0.8944271909999159 2.0 3.0
s -0.8375923243065936 -0.31375005699231057 -0.4472135954999579 0.2751927418019831 -0.9302931932717461 0.24253562503633297 -0.4926817704433339 0.08016495448787829 0.8665092343101592 1.0 1.0 -1.6751846486131872 -0.6275001139846211 -0.8944271909999159 0.5503854836039662 -1.8605863865434922 0.48507125007266594 2.0 4.0
s 0.2751927418019831 -0.9302931932717461 0.24253562503633297 0.9995500337489425 0.029995500202494307 -2.999999999999865e-07 -0.0075076331106665815 0.25018903931753794 0.9681678986882611 1.0 1.0 0.5503854836039662 -1.8605863865434922 0.48507125007266594 0.009995500337489424 0.00029995500202494306 -2.9999999999998647e-09 0.01 5.0
p 0.9097169470426241 0.41522894439506186 -9.999999999999948e-08 1.8194338940852481 0.8304578887901237 -1.9999999999999896e-07
p 0.3913803171620587 0.9202290189611092 -2.9999999999999984e-08 0.19569015858102934 0.4601145094805546 -1.4999999999999992e-08
p 0.5340088274638695 0.8454789010913599 -9.99999999999995e-08 0.5340088274638695 0.8454789010913599 -9.99999999999995e-08
p 0.9238700647922696 -0.38270628865976003 -9.999999999995e-07 1.8477401295845393 -0.7654125773195201 -1.999999999999e-06
p 0.17530822184278386 0.9845135993749967 -9.99999999999995e-08 0.3506164436855677 1.9690271987499934 -1.99999999999999e-07
p 0.3800867070276159 0.9249508609325704 9.999999999995e-07 0.19004335351380794 0.4624754304662852 4.9999999999975e-07
p 0.31610462334839323 0.9487243367263066 9.999999999995e-07 0.31610462334839323 0.9487243367263066 9.999999999995e-07
p 0.7740336180186002 0.6331445002343736 -2.9999999999999984e-08 0.3870168090093001 0.3165722501171868 -1.4999999999999992e-08
p 0.46426438836447065 0.8856966623492284 -2.9999999999999984e-08 0.46426438836447065 0.8856966623492284 -2.9999999999999984e-08
p 0.9697120991247477 -0.2442507826211938 -9.99999999999995e-08 0.9697120991247477 -0.2442507826211938 -9.99999999999995e-08
p 0.9611650260759679 -0.27597426084396764 9.99999999999995e-08 1.9223300521519358 -0.5519485216879353 1.99999999999999e-07
p 0.9353534823250838 0.35371438068212485 9.999999999995e-07 0.4676767411625419 0.17685719034106243 4.9999999999975e-07
p 0.025696447700256916 0.9996697917690548 4.999999999999993e-08 0.025696447700256916 0.9996697917690548 4.999999999999993e-08
p 0.9970034650623409 -0.07735690436983192 -4.9999999999999945e-08 1.9940069301246819 -0.15471380873966384 -9.999999999999989e-08
p 0.26784850572067453 0.9634610412378909 -2.9999999999999984e-08 0.26784850572067453 0.9634610412378909 -2.9999999999999984e-08
p 0.9803886662248648 0.19707375050427436 -9.99999999999995e-08 0.4901943331124324 0.09853687525213718 -4.999999999999975e-08
p 0.8732470692536667 0.4872776990996831 -1.9999999999999997e-08 1.7464941385073334 0.9745553981993662 -3.9999999999999994e-08
p 0.07055574992846167 0.9975078376393954 9.99999999999995e-08 0.035277874964230835 0.4987539188196977 4.999999999999975e-08
p 0.21839581577151265 0.9758602705579758 9.99999999999995e-08 0.21839581577151265 0.9758602705579758 9.99999999999995e-08
p 0.7541945871024647 0.6566509916122433 -1.9999999999999997e-08 0.7541945871024647 0.6566509916122433 -1.9999999999999997e-08
p 0.4418417344171048 0.897093017321661 -4.999999999999993e-08 0.8836834688342096 1.794186034643322 -9.999999999999986e-08
p 0.9896527979229037 0.14348288944458612 2.9999999999999984e-08 0.49482639896145186 0.07174144472229306 1.4999999999999992e-08
p 0.7863202110190265 0.6178191691279848 -9.999999999995e-07 0.7863202110190265 0.6178191691279848 -9.999999999995e-07
p 0.3793022797289773 0.9252728141426186 9.999999999995002e-07 0.3793022797289773 0.9252728141426186 9.999999999995002e-07
p 0.9022759995213114 -0.4311589274128711 -2.9999999999999984e-08 1.8045519990426229 -0.8623178548257422 -5.999999999999997e-08
p 0.11620234866804004 0.9932255605672001 4.9999999999999945e-08 0.05810117433402002 0.49661278028360006 2.4999999999999972e-08
p 0.4604577289584422 0.8876816320294253 9.99999999999995e-08 0.9209154579168845 1.7753632640588506 1.99999999999999e-07
p 0.820168859934798 0.5721215265948695 -9.99999999999995e-08 0.410084429967399 0.28606076329743474 -4.999999999999975e-08
p 0.9954952727587287 -0.09481119087440104 4.9999999999999945e-08 0.49774763637936437 -0.04740559543720052 2.4999999999999972e-08
p 0.22068360335105353 0.9753454501929008 -4.999999999999993e-08 0.22068360335105353 0.9753454501929008 -4.999999999999993e-08
p 0.9837409770815234 0.17959312350610757 9.99999999999995e-08 1.9674819541630468 0.35918624701221513 1.99999999999999e-07
p 0.8122718657899068 0.5832790207492302 4.999999999999993e-08 1.6245437315798137 1.1665580414984604 9.999999999999986e-08
p 0.9710610369824332 -0.23883145197942654 1.9999999999999997e-08 1.9421220739648664 -0.4776629039588531 3.9999999999999994e-08
p 0.9017764429129048 0.4322027845899958 4.9999999999999945e-08 1.8035528858258096 0.8644055691799916 9.999999999999989e-08
p 0.7093910086645081 0.7048151508196685 9.999999999995002e-07 1.4187820173290162 1.409630301639337 1.9999999999990004e-06
p 0.9728669013051292 0.23136549514771254 -9.99999999999995e-08 1.9457338026102584 0.4627309902954251 -1.99999999999999e-07
p 0.7765388338705734 0.6300693925996794 2.9999999999999984e-08 1.5530776677411469 1.2601387851993588 5.999999999999997e-08
p 0.9971181142041246 -0.07586478976449072 -1e-08 1.994236228408249 -0.15172957952898145 -2e-08
p 0.9244263667713681 -0.3813605805768054 -9.99999999999995e-08 0.9244263667713681 -0.3813605805768054 -9.99999999999995e-08
p 0.6663115978459576 0.7456734235414093 2.9999999999999984e-08 1.3326231956919152 1.4913468470828186 5.999999999999997e-08
case 15 6 40
s 0.9992001066609331 0.03998933418663237 -2.9999999999998654e-07 0.9987502603949663 0.04997916927067833 0.0 1.499400067321782e-06 -2.996300717932151e-05 0.999999999549985 1.0 1.0 0.9992001066609331 0.03998933418663237 -2.9999999999998654e-07 0.9987502603949663 0.04997916927067833 0.0 1.0 0.0
s 0.9987502603949663 0.04997916927067833 0.0 0.8775825618903728 0.479425538604203 0.0 0.0 0.0 1.0 1.0 1.0 0.9987502603949663 0.04997916927067833 0.0 0.4387912809451864 0.2397127693021015 0.0 0.5 1.0
s 0.8775825618903728 0.479425538604203 0.0 -0.39859637855648306 0.8709489764975944 0.2873478855663454 0.13807921244038343 -0.25275230299584717 0.9576274872945841 1.0 1.0 0.4387912809451864 0.2397127693021015 0.0 -0.19929818927824153 0.4354744882487972 0.1436739427831727 0.5 2.0
s -0.39859637855648306 0.8709489764975944 0.2873478855663454 -0.8969628300582488 -0.3359893958958339 -0.2873478855663454 -0.1537435140353627 -0.3723343456140114 0.9152759512672909 1.0 1.0 -0.19929818927824153 0.4354744882487972 0.1436739427831727 -0.4484814150291244 -0.16799469794791694 -0.1436739427831727 0.5 3.0
s -0.8969628300582488 -0.3359893958958339 -0.2873478855663454 0.2805238471386536 -0.9483150748622418 0.14834045293024462 -0.3224329819611792 0.05246353097466939 0.9451373180979005 1.0 1.0 -0.4484814150291244 -0.16799469794791694 -0.1436739427831727 0.1402619235693268 -0.4741575374311209 0.07417022646512231 0.5 4.0
s 0.2805238471386536 -0.9483150748622418 0.14834045293024462 0.9992001066609331 0.03998933418663237 -2.9999999999998654e-07 -0.006114059490459566 0.15277737156114324 0.9882417179088402 1.0 1.0 0.1402619235693268 -0.4741575374311209 0.07417022646512231 0.9992001066609331 0.03998933418663237 -2.9999999999998654e-07 0.5 5.0
p 0.9306526873761769 0.3659037789904572 -4.999999999999993e-08 1.8613053747523538 0.7318075579809143 -9.999999999999986e-08
p 0.3306805272763695 0.9437427556703257 4.9999999999999945e-08 0.661361054552739 1.8874855113406515 9.999999999999989e-08
p 0.9754894492870065 0.22004620953273174 9.99999999999995e-08 0.9754894492870065 0.22004620953273174 9.99999999999995e-08
p 0.7416923233674657 0.6707402607997903 1e-08 0.37084616168373286 0.33537013039989516 5e-09
p 0.6056228325568803 0.7957518361183846 -1.9999999999999997e-08 0.6056228325568803 0.7957518361183846 -1.9999999999999997e-08
p 0.9127568555449771 0.40850327129124175 1e-08 1.8255137110899542 0.8170065425824835 2e-08
p 0.056185890727301305 0.9984203251552823 -1e-08 0.11237178145460261 1.9968406503105647 -2e-08
p 0.9892225817370521 0.14641954712906444 2.9999999999999984e-08 0.49461129086852607 0.07320977356453222 1.4999999999999992e-08
p 0.07735850249516997 0.9970033410634603 4.9999999999999945e-08 0.038679251247584985 0.49850167053173017 2.4999999999999972e-08
p 0.4784119016079615 0.8781355546832471 -9.999999999995e-07 0.956823803215923 1.7562711093664942 -1.999999999999e-06
p 0.5498353382876524 0.8352730695826922 9.99999999999995e-08 0.5498353382876524 0.8352730695826922 9.99999999999995e-08
p 0.9026959614840844 -0.43027898056995945 -2.9999999999999984e-08 0.9026959614840844 -0.43027898056995945 -2.9999999999999984e-08
p 3.173105213434167e-05 0.999999999496569 -4.9999999999999945e-08 6.346210426868334e-05 1.999999998993138 -9.999999999999989e-08
p 0.28466558215313875 0.958626885882831 -1.9999999999999997e-08 0.14233279107656938 0.4793134429414155 -9.999999999999999e-09
p 0.9932463773971122 0.11602428102131598 -9.999999999995e-07 0.4966231886985561 0.05801214051065799 -4.9999999999975e-07
p 0.2735214685541349 0.9618658982623238 -4.9999999999999945e-08 0.13676073427706745 0.4809329491311619 -2.4999999999999972e-08
p 0.5228229739624142 0.8524412812012901 -9.999999999995002e-07 0.2614114869812071 0.4262206406006451 -4.999999999997501e-07
p 0.9969560417290594 -0.077965703093899 -9.999999999995e-07 1.9939120834581188 -0.155931406187798 -1.999999999999e-06
p 0.9108567549453144 -0.41272263321689984 9.999999999995e-07 1.8217135098906287 -0.8254452664337997 1.999999999999e-06
p 0.9373074339250921 -0.3485036216580239 2e-08 0.46865371696254604 -0.17425181082901195 1e-08
p 0.8975921880762291 -0.4408267958093379 9.999999999995002e-07 1.7951843761524582 -0.8816535916186758 1.9999999999990004e-06
p 0.15416942662072408 0.9880444260737653 -2.9999999999999984e-08 0.07708471331036204 0.49402221303688265 -1.4999999999999992e-08
p 0.9478424696667306 -0.3187391609060187 9.999999999995e-07 0.9478424696667306 -0.3187391609060187 9.999999999995e-07
p 0.12495666985099751 0.9921621997736801 2.9999999999999984e-08 0.24991333970199503 1.9843243995473603 5.999999999999997e-08
p 0.9337894546185715 0.3578229372792508 -2e-08 0.4668947273092858 0.1789114686396254 -1e-08
p 0.9904654105460523 0.13776164383397077 -4.9999999999999945e-08 0.49523270527302615 0.06888082191698539 -2.4999999999999972e-08
p 0.9937279149683041 -0.11182500173371161 -4.9999999999999945e-08 0.9937279149683041 -0.11182500173371161 -4.9999999999999945e-08
p 0.38302098053368283 0.9237396432280113 -4.999999999999993e-08 0.19151049026684142 0.46186982161400564 -2.4999999999999966e-08
p 0.9977716682873152 -0.06672104587870108 -1e-08 0.9977716682873152 -0.06672104587870108 -1e-08
p 0.966820864523816 -0.25545531100648705 1e-08 0.483410432261908 -0.12772765550324353 5e-09
p 0.8647645823243053 0.502177475755803 9.999999999995002e-07 0.43238229116215265 0.2510887378779015 4.999999999997501e-07
p 0.148097949963662 0.9889726979121117 9.999999999995002e-07 0.148097949963662 0.9889726979121117 9.999999999995002e-07
p 0.2965095755125664 0.9550298799667776 -1e-08 0.1482547877562832 0.4775149399833888 -5e-09
p 0.9965366443785417 -0.08315477383021931 2.9999999999999984e-08 0.49826832218927086 -0.041577386915109656 1.4999999999999992e-08
p 0.9995691414811194 0.029351855114933628 -9.99999999999995e-08 1.9991382829622388 0.058703710229867256 -1.99999999999999e-07
p 0.9910721302755513 -0.13332678872259118 4.9999999999999945e-08 0.49553606513777565 -0.06666339436129559 2.4999999999999972e-08
p 0.9091866414051789 -0.41638882200458793 -4.9999999999999945e-08 0.45459332070258945 -0.20819441100229397 -2.4999999999999972e-08
p 0.9785991200267694 0.2057760002595835 1.9999999999999997e-08 1.9571982400535388 0.411552000519167 3.9999999999999994e-08
p 0.6772349301899371 0.7357668444083549 -4.999999999999993e-08 0.33861746509496854 0.36788342220417747 -2.4999999999999966e-08
p 0.8090652250869022 0.5877188626844304 -1e-08 0.4045326125434511 0.2938594313422152 -5e-09
case 16 6 40
s 0.9987502603949663 0.04997916927067833 0.0 0.9989876708478425 0.044984814037660234 -3e-09 -2.998762651068916e-08 5.992526531198045e-07 -0.9999999999998199 1.0 1.0 0.9987502603949663 0.04997916927067833 0.0 0.9989876708478425 0.044984814037660234 -3e-09 1.0 0.0
s 0.8775825618903728 0.479425538604203 0.0 0.9987502603949663 0.04997916927067833 0.0 0.0 0.0 -1.0 1.0 1.0 1.7551651237807455 0.958851077208406 0.0 0.9987502603949663 0.04997916927067833 0.0 1.0 1.0
s -0.39859637855648306 0.8709489764975944 0.2873478855663454 0.8775825618903728 0.479425538604203 0.0 -0.13807921244038343 0.25275230299584717 -0.9576274872945841 1.0 1.0 -0.7971927571129661 1.7418979529951888 0.5746957711326908 1.7551651237807455 0.958851077208406 0.0 2.0 2.0
s -0.8969628300582488 -0.3359893958958339 -0.2873478855663454 -0.39859637855648306 0.8709489764975944 0.2873478855663454 0.1537435140353627 0.3723343456140114 -0.9152759512672909 1.0 1.0 -1.7939256601164977 -0.6719787917916678 -0.5746957711326908 -0.7971927571129661 1.7418979529951888 0.5746957711326908 2.0 3.0
s 0.2805238471386536 -0.9483150748622418 0.14834045293024462 -0.8969628300582488 -0.3359893958958339 -0.2873478855663454 0.3224329819611792 -0.05246353097466939 -0.9451373180979005 1.0 1.0 0.5610476942773072 -1.8966301497244835 0.29668090586048923 -1.7939256601164977 -0.6719787917916678 -0.5746957711326908 2.0 4.0
s 0.9989876708478425 0.044984814037660234 -3e-09 0.2805238471386536 -0.9483150748622418 0.14834045293024462 0.006869760131653292 -0.1525583418499869 -0.9882705898324183 1.0 1.0 0.9989876708478425 0.044984814037660234 -3e-09 0.5610476942773072 -1.8966301497244835 0.29668090586048923 1.0 5.0
p 0.9693339702320403 -0.24574713457981406 -2.9999999999999984e-08 1.9386679404640805 -0.4914942691596281 -5.999999999999997e-08
p 0.9998229505902188 0.018816680713303207 -4.999999999999993e-08 0.4999114752951094 0.009408340356651603 -2.4999999999999966e-08
p 0.9975918493562066 -0.0693577832550994 -4.9999999999999945e-08 0.4987959246781033 -0.0346788916275497 -2.4999999999999972e-08
p 0.9916027420491701 0.1293213128628238 -4.999999999999993e-08 0.49580137102458505 0.0646606564314119 -2.4999999999999966e-08
p 0.9216782103661963 0.3879552506877109 -2.9999999999999984e-08 1.8433564207323927 0.7759105013754218 -5.999999999999997e-08
p 0.9048117228728872 -0.42581186708545116 -9.999999999995002e-07 0.9048117228728872 -0.42581186708545116 -9.999999999995002e-07
p 0.4287829123697843 0.9034075570082841 -9.99999999999995e-08 0.21439145618489214 0.45170377850414206 -4.999999999999975e-08
p 0.1237764127703955 0.9923101327920031 -9.99999999999995e-08 0.06188820638519775 0.49615506639600154 -4.999999999999975e-08
p 0.5403328848036595 0.8414513495144834 -9.99999999999995e-08 0.5403328848036595 0.8414513495144834 -9.99999999999995e-08
p 0.9719086150298046 -0.23535854356882235 -9.99999999999995e-08 1.9438172300596093 -0.4707170871376447 -1.99999999999999e-07
p 0.19020120218626313 0.9817451312264804 -2.9999999999999984e-08 0.09510060109313156 0.4908725656132402 -1.4999999999999992e-08
p 0.9778169820102407 -0.20946109350515374 9.99999999999995e-08 0.9778169820102407 -0.20946109350515374 9.99999999999995e-08
p 0.024974065828408405 0.9996880993769997 1.9999999999999997e-08 0.024974065828408405 0.9996880993769997 1.9999999999999997e-08
p 0.16474913047615217 0.9863355027612776 -9.99999999999995e-08 0.32949826095230433 1.9726710055225551 -1.99999999999999e-07
p 0.9411799786005737 -0.3379056789718414 -4.999999999999993e-08 0.47058998930028684 -0.1689528394859207 -2.4999999999999966e-08
p 0.70581294342542 0.708398255851285 4.9999999999999945e-08 0.70581294342542 0.708398255851285 4.9999999999999945e-08
p 0.9999978247970824 0.0020857615141128753 -9.99999999999995e-08 0.9999978247970824 0.0020857615141128753 -9.99999999999995e-08
p 0.3134545671273798 0.9496031983655001 -9.999999999995002e-07 0.6269091342547596 1.8992063967310002 -1.9999999999990004e-06
p 0.3920710396144641 0.9199349432947057 9.999999999995e-07 0.3920710396144641 0.9199349432947057 9.999999999995e-07
p 0.3801232864234974 0.9249358286489918 4.999999999999993e-08 0.3801232864234974 0.9249358286489918 4.999999999999993e-08
p 0.8245941508225622 0.5657247444024497 1.9999999999999997e-08 0.8245941508225622 0.5657247444024497 1.9999999999999997e-08
p 0.5688229684306111 0.8224599872247812 2.9999999999999984e-08 0.5688229684306111 0.8224599872247812 2.9999999999999984e-08
p 0.922809311127229 -0.3852570249805811 2.9999999999999984e-08 0.922809311127229 -0.3852570249805811 2.9999999999999984e-08
p 0.9255570188516397 0.3786082472074075 9.999999999995e-07 0.46277850942581983 0.18930412360370374 4.9999999999975e-07
p 0.9602895485368493 -0.27900534577476055 1.9999999999999997e-08 1.9205790970736987 -0.5580106915495211 3.9999999999999994e-08
p 0.5693037370141044 0.8221272742232647 -1.9999999999999997e-08 0.5693037370141044 0.8221272742232647 -1.9999999999999997e-08
p 0.5964158655988634 0.8026755977734458 -9.999999999995e-07 0.2982079327994317 0.4013377988867229 -4.9999999999975e-07
p 0.39626232615709744 0.9181373366052413 1e-08 0.7925246523141949 1.8362746732104827 2e-08
p 0.9822464531625151 0.18759505657041747 -2.9999999999999984e-08 1.9644929063250303 0.37519011314083495 -5.999999999999997e-08
p 0.9357217259416895 0.3527390701364051 -9.999999999999948e-08 0.4678608629708447 0.17636953506820255 -4.999999999999974e-08
p 0.7441093645529363 0.6680578220368543 -2e-08 0.7441093645529363 0.6680578220368543 -2e-08
p 0.2843621542954484 0.9587169369550385 -1.9999999999999997e-08 0.5687243085908968 1.917433873910077 -3.9999999999999994e-08
p 0.9986411357873364 -0.052114123933622164 -9.99999999999995e-08 1.9972822715746728 -0.10422824786724433 -1.99999999999999e-07
p 0.888641635347315 0.45860227204763077 -1.9999999999999997e-08 1.77728327069463 0.9172045440952615 -3.9999999999999994e-08
p 0.7028127688053113 0.71137487445383 -9.99999999999995e-08 0.7028127688053113 0.71137487445383 -9.99999999999995e-08
p 0.8107805078865242 0.5853502951492116 2.9999999999999984e-08 0.8107805078865242 0.5853502951492116 2.9999999999999984e-08
p 0.4012518944005326 0.9159677490173885 -4.9999999999999945e-08 0.2006259472002663 0.45798387450869427 -2.4999999999999972e-08
p 0.3887539732960106 0.9213416023639466 -2e-08 0.1943769866480053 0.4606708011819733 -1e-08
p 0.8346705726061177 0.5507495213119804 -1e-08 1.6693411452122353 1.1014990426239608 -2e-08
p 0.9932283463500714 -0.11617853505144728 -4.9999999999999945e-08 1.9864566927001428 -0.23235707010289455 -9.999999999999989e-08
case 17 6 40
s 0.9999999999999838 0.0 1.7999999999999709e-07 0.9987502603949663 0.04997916927067833 0.0 -1.7999999999883265e-07 3.5969994998575955e-06 0.9999999999935147 1.0 1.0 0.0009999999999999838 0.0 1.7999999999999708e-10 0.0009987502603949663 4.997916927067833e-05 0.0 0.001 0.0
s 0.9987502603949663 0.04997916927067833 0.0 0.8775825618903728 0.479425538604203 0.0 0.0 0.0 1.0 1.0 1.0 0.0009987502603949663 4.997916927067833e-05 0.0 0.8775825618903728 0.479425538604203 0.0 0.001 1.0
s 0.8775825618903728 0.479425538604203 0.0 -0.4161468365471424 0.9092974268256817 0.0 0.0 -0.0 1.0 1.0 1.0 0.8775825618903728 0.479425538604203 0.0 -0.4161468365471424 0.9092974268256817 0.0 1.0 2.0
s -0.4161468365471424 0.9092974268256817 0.0 -0.9364566872907963 -0.35078322768961984 -0.0 0.0 -0.0 1.0 1.0 1.0 -0.4161468365471424 0.9092974268256817 0.0 -0.9364566872907963 -0.35078322768961984 -0.0 1.0 3.0
s -0.9364566872907963 -0.35078322768961984 -0.0 0.2836621854632263 -0.9589242746631386 0.0 -0.0 0.0 1.0 1.0 1.0 -0.9364566872907963 -0.35078322768961984 -0.0 0.2836621854632263 -0.9589242746631386 0.0 1.0 4.0
s 0.2836621854632263 -0.9589242746631386 0.0 0.9999999999999838 0.0 1.7999999999999709e-07 -1.7999999999999685e-07 -5.3246324795893263e-08 0.9999999999999823 1.0 1.0 0.2836621854632263 -0.9589242746631386 0.0 0.0009999999999999838 0.0 1.7999999999999708e-10 0.001 5.0
p 0.011366292108218806 0.9999354016153794 1.9999999999999997e-08 0.005683146054109403 0.4999677008076897 9.999999999999999e-09
p 0.5424315078567903 0.8401000293323457 2.9999999999999984e-08 1.0848630157135806 1.6802000586646915 5.999999999999997e-08
p 0.9753498441003181 -0.22066418289671594 9.99999999999995e-08 0.48767492205015905 -0.11033209144835797 4.999999999999975e-08
p 0.31034775783853813 0.9506230952404807 -1e-08 0.6206955156770763 1.9012461904809614 -2e-08
p 0.9245863907821862 -0.38097244779689854 9.99999999999995e-08 0.9245863907821862 -0.38097244779689854 9.99999999999995e-08
p 0.2577922706465265 0.9662003649320917 2.9999999999999984e-08 0.515584541293053 1.9324007298641834 5.999999999999997e-08
p 0.11661976314825148 0.9931766362753631 2.9999999999999984e-08 0.23323952629650296 1.9863532725507262 5.999999999999997e-08
p 0.7673490965911584 0.6412295719636792 -9.99999999999995e-08 0.3836745482955792 0.3206147859818396 -4.999999999999975e-08
p 0.9937147289884127 -0.11194211625426427 4.9999999999999945e-08 1.9874294579768255 -0.22388423250852854 9.999999999999989e-08
p 0.5966462785270585 0.8025043416199142 9.999999999995002e-07 1.193292557054117 1.6050086832398285 1.9999999999990004e-06
p 0.9875231585055574 -0.15747384359063243 2.9999999999999984e-08 0.9875231585055574 -0.15747384359063243 2.9999999999999984e-08
p 0.43050133064328006 0.9025899425067644 2.9999999999999984e-08 0.43050133064328006 0.9025899425067644 2.9999999999999984e-08
p 0.9591715249612013 0.2828250089783455 4.9999999999999945e-08 0.47958576248060064 0.14141250448917275 2.4999999999999972e-08
p 0.10897839927025921 0.9940441179809333 -1.9999999999999997e-08 0.10897839927025921 0.9940441179809333 -1.9999999999999997e-08
p 0.9366858609224835 0.35017081252997867 1.9999999999999997e-08 0.9366858609224835 0.35017081252997867 1.9999999999999997e-08
p 0.9838634971732005 -0.17892070570539695 4.9999999999999945e-08 0.9838634971732005 -0.17892070570539695 4.9999999999999945e-08
p 0.281605576162764 0.9595302493793707 -1.9999999999999997e-08 0.140802788081382 0.47976512468968535 -9.999999999999999e-09
p 0.5546642353468823 0.8320742671342856 1e-08 1.1093284706937645 1.6641485342685711 2e-08
p 0.3853287537988908 0.9227793623048708 -9.99999999999995e-08 0.3853287537988908 0.9227793623048708 -9.99999999999995e-08
p 0.9999027586522646 0.01394536624074173 -4.999999999999993e-08 0.9999027586522646 0.01394536624074173 -4.999999999999993e-08
p 0.9325162767019385 0.361127946420591 1.9999999999999997e-08 0.46625813835096924 0.1805639732102955 9.999999999999999e-09
p -0.009030934033508707 0.9999592202837486 -1e-08 -0.009030934033508707 0.9999592202837486 -1e-08
p 0.9406652596645443 0.33933592391645384 -4.9999999999999945e-08 0.47033262983227214 0.16966796195822692 -2.4999999999999972e-08
p 0.982826073959558 -0.18453430127009018 2.9999999999999984e-08 0.982826073959558 -0.18453430127009018 2.9999999999999984e-08
p 0.996957470749922 -0.0779474278980234 2.9999999999999984e-08 0.498478735374961 -0.0389737139490117 1.4999999999999992e-08
p 0.5655798295724771 0.8246935530127285 -9.99999999999995e-08 1.1311596591449542 1.649387106025457 -1.99999999999999e-07
p 0.9173040419330787 0.39818751192525736 -9.99999999999995e-08 1.8346080838661574 0.7963750238505147 -1.99999999999999e-07
p 0.9997474570101024 -0.022472699033119468 1.9999999999999997e-08 0.4998737285050512 -0.011236349516559734 9.999999999999999e-09
p 0.6802002155830112 0.7330263751877043 -1e-08 0.6802002155830112 0.7330263751877043 -1e-08
p 0.9662892496663323 0.2574589015343527 2.9999999999999984e-08 0.9662892496663323 0.2574589015343527 2.9999999999999984e-08
p 0.5057250133171501 0.8626947379608609 -9.99999999999995e-08 0.5057250133171501 0.8626947379608609 -9.99999999999995e-08
p 0.991171358952261 -0.1325870928549536 -9.999999999995e-07 0.4955856794761305 -0.0662935464274768 -4.9999999999975e-07
p 0.9513957374298732 -0.30797102266327836 -4.9999999999999945e-08 0.9513957374298732 -0.30797102266327836 -4.9999999999999945e-08
p 0.9940799192346037 -0.10865134225827039 1e-08 0.49703995961730185 -0.054325671129135195 5e-09
p 0.9626116360393653 0.27088528598212125 -2.9999999999999984e-08 0.9626116360393653 0.27088528598212125 -2.9999999999999984e-08
p 0.9996262900679533 0.027336426338682458 9.99999999999995e-08 0.49981314503397667 0.013668213169341229 4.999999999999975e-08
p 0.9798266870747023 0.19984910131449993 -2e-08 1.9596533741494047 0.39969820262899985 -4e-08
p 0.18282880109005198 0.983144765277202 -9.99999999999995e-08 0.36565760218010396 1.966289530554404 -1.99999999999999e-07
p 0.7089640849745975 0.7052445860948745 -2.9999999999999984e-08 0.35448204248729875 0.35262229304743725 -1.4999999999999992e-08
p 0.6850259045645907 0.7285187094889565 -9.99999999999995e-08 0.6850259045645907 0.7285187094889565 -9.99999999999995e-08
case 18 6 40
s 0.9987502603949663 0.04997916927067833 0.0 0.9950041652780258 -0.09983341664682815 1e-09 3.344472287186003e-10 -6.683369524652032e-09 -1.0 1.0 1.0 0.0009987502603949663 4.997916927067833e-05 0.0 0.000995004165278026 -9.983341664682815e-05 1.0000000000000002e-12 0.001 0.0
s 0.8775825618903728 0.479425538604203 0.0 0.9987502603949663 0.04997916927067833 0.0 0.0 0.0 -1.0 1.0 1.0 0.4387912809451864 0.2397127693021015 0.0 0.0009987502603949663 4.997916927067833e-05 0.0 0.001 1.0
s -0.4161468365471424 0.9092974268256817 0.0 0.8775825618903728 0.479425538604203 0.0 0.0 0.0 -1.0 1.0 1.0 -0.2080734182735712 0.45464871341284085 0.0 0.4387912809451864 0.2397127693021015 0.0 0.5 2.0
s -0.9364566872907963 -0.35078322768961984 -0.0 -0.4161468365471424 0.9092974268256817 0.0 0.0 0.0 -1.0 1.0 1.0 -0.46822834364539817 -0.17539161384480992 -0.0 -0.2080734182735712 0.45464871341284085 0.0 0.5 3.0
s 0.2836621854632263 -0.9589242746631386 0.0 -0.9364566872907963 -0.35078322768961984 -0.0 0.0 0.0 -1.0 1.0 1.0 0.14183109273161315 -0.4794621373315693 0.0 -0.46822834364539817 -0.17539161384480992 -0.0 0.5 4.0
s 0.9950041652780258 -0.09983341664682815 1e-09 0.2836621854632263 -0.9589242746631386 0.0 1.0357626563581388e-09 3.0639197117724226e-10 -1.0 1.0 1.0 0.000995004165278026 -9.983341664682815e-05 1.0000000000000002e-12 0.14183109273161315 -0.4794621373315693 0.0 0.001 5.0
p 0.6768916484665901 0.7360826694306701 -2.9999999999999984e-08 0.33844582423329506 0.36804133471533507 -1.4999999999999992e-08
p 0.7523162506927165 0.6588021394490563 9.999999999995e-07 0.37615812534635823 0.32940106972452815 4.9999999999975e-07
p 0.40940541147472376 0.9123525683940406 9.99999999999995e-08 0.8188108229494475 1.824705136788081 1.99999999999999e-07
p 0.9130532173342988 0.40784043732259245 4.9999999999999945e-08 0.9130532173342988 0.40784043732259245 4.9999999999999945e-08
p 0.279757764611665 0.9600706188294038 -9.99999999999995e-08 0.1398788823058325 0.4800353094147019 -4.999999999999975e-08
p 0.07383175021501479 0.9972707118231176 -2e-08 0.07383175021501479 0.9972707118231176 -2e-08
p 0.9540467550633513 0.29965778673862176 -1.9999999999999997e-08 0.9540467550633513 0.29965778673862176 -1.9999999999999997e-08
p 0.7758638157310171 0.630900419590369 4.999999999999993e-08 0.7758638157310171 0.630900419590369 4.999999999999993e-08
p 0.9398121369099584 0.34169159678976263 -1e-08 0.9398121369099584 0.34169159678976263 -1e-08
p 0.9975886915613773 -0.06940318774277765 -1e-08 0.49879434578068865 -0.034701593871388825 -5e-09
p 0.8049307451536336 0.593368768563367 -9.99999999999995e-08 0.4024653725768168 0.2966843842816835 -4.999999999999975e-08
p -0.010084330552452482 0.9999491518458866 2.9999999999999984e-08 -0.020168661104904964 1.9998983036917732 5.999999999999997e-08
p 0.9996308067304891 0.027170760650956256 -9.999999999995e-07 0.9996308067304891 0.027170760650956256 -9.999999999995e-07
p 0.6066948579482344 0.7949348082322027 -4.999999999999993e-08 0.6066948579482344 0.7949348082322027 -4.999999999999993e-08
p 0.9166650150693991 0.39965641512156136 1.9999999999999997e-08 0.9166650150693991 0.39965641512156136 1.9999999999999997e-08
p 0.6188520962718335 0.785507532070799 -1e-08 1.237704192543667 1.571015064141598 -2e-08
p 0.8799541820381236 0.47505856219377257 -4.9999999999999945e-08 0.4399770910190618 0.23752928109688629 -2.4999999999999972e-08
p 0.1937643337436214 0.9810481043093094 2.9999999999999984e-08 0.3875286674872428 1.9620962086186189 5.999999999999997e-08
p 0.9697133526669975 0.2442458058172774 -2e-08 1.939426705333995 0.4884916116345548 -4e-08
p 0.9698695134234511 0.24362497189688012 4.999999999999993e-08 1.9397390268469021 0.48724994379376024 9.999999999999986e-08
p 0.9944875391539583 0.10485482567580726 -1.9999999999999997e-08 1.9889750783079165 0.2097096513516145 -3.9999999999999994e-08
p 0.3520374023160551 0.9359859333182117 9.999999999995e-07 0.7040748046321103 1.8719718666364233 1.999999999999e-06
p 0.9727736678679566 -0.231757181340131 2e-08 0.4863868339339783 -0.1158785906700655 1e-08
p 0.8839963154341045 -0.4674938655200915 -9.99999999999995e-08 0.44199815771705225 -0.23374693276004574 -4.999999999999975e-08
p 0.9880708718111916 0.15399984505924608 -1e-08 0.9880708718111916 0.15399984505924608 -1e-08
p 0.38575285054429576 0.9226021560222745 2.9999999999999984e-08 0.38575285054429576 0.9226021560222745 2.9999999999999984e-08
p 0.1065584470725444 0.9943064403681027 1.9999999999999997e-08 0.0532792235362722 0.49715322018405134 9.999999999999999e-09
p 0.3170087051954836 0.94842262775109 -1.9999999999999997e-08 0.6340174103909672 1.89684525550218 -3.9999999999999994e-08
p 0.9939356014174994 0.10996372235801906 4.9999999999999945e-08 0.4969678007087497 0.05498186117900953 2.4999999999999972e-08
p 0.9589363292584625 0.2836214315391304 -1e-08 0.9589363292584625 0.2836214315391304 -1e-08
p -0.01790370043876258 0.9998397159098036 4.9999999999999945e-08 -0.00895185021938129 0.4999198579549018 2.4999999999999972e-08
p 0.868224535981027 0.49617149768958974 9.999999999995002e-07 0.868224535981027 0.49617149768958974 9.999999999995002e-07
p 0.9101466387367807 0.41428624886197973 -9.99999999999995e-08 0.45507331936839035 0.20714312443098987 -4.999999999999975e-08
p 0.99977352180921 0.021281566888014757 1e-08 1.99954704361842 0.042563133776029514 2e-08
p 0.5521894810529192 0.8337186437962796 9.999999999995e-07 0.5521894810529192 0.8337186437962796 9.999999999995e-07
p 0.6946504487718302 0.7193474501387308 2.9999999999999984e-08 0.6946504487718302 0.7193474501387308 2.9999999999999984e-08
p 0.954595288900825 -0.2979057475231897 9.999999999995e-07 1.90919057780165 -0.5958114950463794 1.999999999999e-06
p 0.8153355048188075 0.5789887862315212 9.999999999999948e-08 0.4076677524094037 0.2894943931157606 4.999999999999974e-08
p 0.9339790103506728 -0.3573278721627628 -9.999999999999948e-08 0.4669895051753364 -0.1786639360813814 -4.999999999999974e-08
p 0.8053995638871353 0.5927322688106428 9.999999999995e-07 0.40269978194356765 0.2963661344053214 4.9999999999975e-07
case 19 6 40
s 0.9987502603949663 0.04997916927067833 0.0 0.9989876708478376 0.04498481403766001 9.99999999999995e-08 9.995875501565667e-07 -1.9975088433335373e-05 -0.9999999997999984 1.0 1.0 0.0009987502603949663 4.997916927067833e-05 0.0 0.0009989876708478376 4.4984814037660015e-05 9.999999999999951e-11 0.001 0.0
s 0.8775825618903728 0.479425538604203 0.0 0.9987502603949663 0.04997916927067833 0.0 0.0 0.0 -1.0 1.0 1.0 1.7551651237807455 0.958851077208406 0.0 0.0009987502603949663 4.997916927067833e-05 0.0 0.001 1.0
s -0.3722130460563617 0.813300343259146 0.4472135954999579 0.8775825618903728 0.479425538604203 0.0 -0.21483604456352498 0.3932547417548017 -0.8939777301721019 1.0 1.0 -0.7444260921127234 1.626600686518292 0.8944271909999159 1.7551651237807455 0.958851077208406 0.0 2.0 2.0
s -0.8375923243065936 -0.31375005699231057 -0.4472135954999579 -0.3722130460563617 0.813300343259146 0.4472135954999579 0.22573907030675272 0.5466923892662394 -0.8063307656634549 1.0 1.0 -1.6751846486131872 -0.6275001139846211 -0.8944271909999159 -0.7444260921127234 1.626600686518292 0.8944271909999159 2.0 3.0
s 0.2751927418019831 -0.9302931932717461 0.24253562503633297 -0.8375923243065936 -0.31375005699231057 -0.4472135954999579 0.4926817704433339 -0.08016495448787829 -0.8665092343101592 1.0 1.0 0.5503854836039662 -1.8605863865434922 0.48507125007266594 -1.6751846486131872 -0.6275001139846211 -0.8944271909999159 2.0 4.0
s 0.9989876708478376 0.04498481403766001 9.99999999999995e-08 0.2751927418019831 -0.9302931932717461 0.24253562503633297 0.011219484937682983 -0.24915141978068484 -0.968399552446717 1.0 1.0 0.0009989876708478376 4.4984814037660015e-05 9.999999999999951e-11 0.5503854836039662 -1.8605863865434922 0.48507125007266594 0.001 5.0
p 0.9993561396097574 0.03587904993561691 -1.9999999999999997e-08 0.9993561396097574 0.03587904993561691 -1.9999999999999997e-08
p 0.4461240321084657 0.8949711436550816 -1e-08 0.8922480642169314 1.7899422873101631 -2e-08
p 0.951099525991831 -0.30888459278201874 2.9999999999999984e-08 0.951099525991831 -0.30888459278201874 2.9999999999999984e-08
p -0.012848791457565071 0.9999174508718602 2.9999999999999984e-08 -0.0064243957287825355 0.4999587254359301 1.4999999999999992e-08
p 0.9869601018054028 -0.16096508144398558 1e-08 0.9869601018054028 -0.16096508144398558 1e-08
p 0.7306205694672666 0.6827837018202212 4.9999999999999945e-08 1.4612411389345332 1.3655674036404424 9.999999999999989e-08
p 0.500124921985212 0.8659532680285268 1e-08 1.000249843970424 1.7319065360570536 2e-08
p 0.7281997856935831 0.6853649189415882 9.99999999999995e-08 1.4563995713871662 1.3707298378831765 1.99999999999999e-07
p 0.9318980288191296 0.3627203659611913 2e-08 0.4659490144095648 0.18136018298059564 1e-08
p 0.9874811204584781 0.15773723954116758 -2.9999999999999984e-08 0.9874811204584781 0.15773723954116758 -2.9999999999999984e-08
p 0.9488664222597835 -0.31567786223920763 4.9999999999999945e-08 1.897732844519567 -0.6313557244784153 9.999999999999989e-08
p 0.12911177809074642 0.991630046316793 2.9999999999999984e-08 0.12911177809074642 0.991630046316793 2.9999999999999984e-08
p 0.9456679566664558 0.32513399658339 -4.999999999999993e-08 0.9456679566664558 0.32513399658339 -4.999999999999993e-08
p 0.9408913054946512 -0.338708652450111 2.9999999999999984e-08 0.9408913054946512 -0.338708652450111 2.9999999999999984e-08
p 0.45182340036906987 0.8921074009775561 -2.9999999999999984e-08 0.9036468007381397 1.7842148019551123 -5.999999999999997e-08
p 0.3433519382416605 0.9392068177487242 -9.99999999999995e-08 0.17167596912083025 0.4696034088743621 -4.999999999999975e-08
p 0.3576711747837782 0.9338475950222189 -9.99999999999995e-08 0.1788355873918891 0.46692379751110946 -4.999999999999975e-08
p 0.6154158268870128 0.7882026135562946 2.9999999999999984e-08 0.3077079134435064 0.3941013067781473 1.4999999999999992e-08
p 0.1110211578452831 0.9938180429589163 4.9999999999999945e-08 0.05551057892264155 0.49690902147945815 2.4999999999999972e-08
p 0.9856294313312325 0.16892194674956124 -9.99999999999995e-08 1.971258862662465 0.33784389349912247 -1.99999999999999e-07
p 0.8851801334112996 -0.46524846202212516 2.9999999999999984e-08 0.4425900667056498 -0.23262423101106258 1.4999999999999992e-08
p 0.9529331026324516 -0.30318064236736797 9.999999999995002e-07 1.9058662052649031 -0.6063612847347359 1.9999999999990004e-06
p -0.02732662084318695 0.999626558166745 -9.999999999995e-07 -0.0546532416863739 1.99925311633349 -1.999999999999e-06
p 0.5701979274341784 0.8215073484453852 -1e-08 1.1403958548683568 1.6430146968907704 -2e-08
p 0.9332736636488621 0.3591660740373868 -2.9999999999999984e-08 1.8665473272977242 0.7183321480747736 -5.999999999999997e-08
p 0.9768059664170082 0.21412637383594843 -4.9999999999999945e-08 0.9768059664170082 0.21412637383594843 -4.9999999999999945e-08
p 0.8976797432096955 0.44064847512612043 1e-08 0.8976797432096955 0.44064847512612043 1e-08
p 0.9400190374495396 -0.3411219858532008 9.99999999999995e-08 1.8800380748990793 -0.6822439717064016 1.99999999999999e-07
p 0.6554082411758664 0.7552748091911679 4.9999999999999945e-08 0.3277041205879332 0.3776374045955839 2.4999999999999972e-08
p 0.9675515794992926 0.2526735858937854 1e-08 0.4837757897496463 0.1263367929468927 5e-09
p 0.9587781740366795 -0.28415561404077566 -1.9999999999999997e-08 0.47938908701833977 -0.14207780702038783 -9.999999999999999e-09
p 0.8355384099620222 0.5494320389985697 -9.99999999999995e-08 0.8355384099620222 0.5494320389985697 -9.99999999999995e-08
p 0.8401529436097175 0.542349547196201 4.999999999999993e-08 0.8401529436097175 0.542349547196201 4.999999999999993e-08
p 0.7654405831111328 0.6435065762876778 -9.999999999995e-07 0.3827202915555664 0.3217532881438389 -4.9999999999975e-07
p 0.9653329926844854 0.2610214804088264 1e-08 0.9653329926844854 0.2610214804088264 1e-08
p 0.9287580904950555 0.3706864029607483 1e-08 0.9287580904950555 0.3706864029607483 1e-08
p 0.748314350853117 0.663344278868279 -2.9999999999999984e-08 1.496628701706234 1.326688557736558 -5.999999999999997e-08
p 0.9974266741231552 0.07169400077844897 -2.9999999999999984e-08 1.9948533482463104 0.14338800155689793 -5.999999999999997e-08
p 0.9423951419028866 -0.33450171377414206 1e-08 0.4711975709514433 -0.16725085688707103 5e-09
p 0.41004089472850197 0.9120671382361328 1.9999999999999997e-08 0.41004089472850197 0.9120671382361328 1.9999999999999997e-08
case 20 6 40
s 0.9999999999999838 0.0 -1.7999999999999709e-07 0.9987502603949663 0.04997916927067833 0.0 1.7999999999883265e-07 -3.5969994998575955e-06 0.9999999999935147 1.0 1.0 0.009999999999999839 0.0 -1.7999999999999708e-09 0.009987502603949663 0.0004997916927067833 0.0 0.01 0.0
s 0.9987502603949663 0.04997916927067833 0.0 0.8775825618903728 0.479425538604203 0.0 0.0 0.0 1.0 1.0 1.0 0.009987502603949663 0.0004997916927067833 0.0 1.7551651237807455 0.958851077208406 0.0 0.01 1.0
s 0.8775825618903728 0.479425538604203 0.0 -0.39859637855648306 0.8709489764975944 -0.2873478855663454 -0.13807921244038343 0.25275230299584717 0.9576274872945841 1.0 1.0 1.7551651237807455 0.958851077208406 0.0 -0.7971927571129661 1.7418979529951888 -0.5746957711326908 2.0 2.0
s -0.39859637855648306 0.8709489764975944 -0.2873478855663454 -0.8969628300582488 -0.3359893958958339 0.2873478855663454 0.1537435140353627 0.3723343456140114 0.9152759512672909 1.0 1.0 -0.7971927571129661 1.7418979529951888 -0.5746957711326908 -1.7939256601164977 -0.6719787917916678 0.5746957711326908 2.0 3.0
s -0.8969628300582488 -0.3359893958958339 0.2873478855663454 0.2805238471386536 -0.9483150748622418 -0.14834045293024462 0.3224329819611792 -0.05246353097466939 0.9451373180979005 1.0 1.0 -1.7939256601164977 -0.6719787917916678 0.5746957711326908 0.5610476942773072 -1.8966301497244835 -0.29668090586048923 2.0 4.0
s 0.2805238471386536 -0.9483150748622418 -0.14834045293024462 0.9999999999999838 0.0 -1.7999999999999709e-07 1.7783741041921147e-07 -0.1545458755044256 0.9879856134400637 1.0 1.0 0.5610476942773072 -1.8966301497244835 -0.29668090586048923 0.009999999999999839 0.0 -1.7999999999999708e-09 0.01 5.0
p 0.9149900342970178 0.4034764393829486 1e-08 0.9149900342970178 0.4034764393829486 1e-08
p 0.9950518756222728 0.09935675528415734 2.9999999999999984e-08 0.9950518756222728 0.09935675528415734 2.9999999999999984e-08
p 0.895164268407475 0.4457363935853893 2.9999999999999984e-08 0.895164268407475 0.4457363935853893 2.9999999999999984e-08
p 0.9848860314486697 -0.17320365197445806 2.9999999999999984e-08 0.49244301572433485 -0.08660182598722903 1.4999999999999992e-08
p 0.0456004676751398 0.9989597576218011 -2.9999999999999984e-08 0.0228002338375699 0.49947987881090056 -1.4999999999999992e-08
p 0.5857481800240093 0.810493102745829 1e-08 0.29287409001200465 0.4052465513729145 5e-09
p 0.9272776957725157 -0.37437424447043793 -4.999999999999993e-08 0.9272776957725157 -0.37437424447043793 -4.999999999999993e-08
p 0.9977285919542925 0.06736213177227153 1e-08 0.9977285919542925 0.06736213177227153 1e-08
p 0.6280820749463196 0.7781470986459585 -4.999999999999993e-08 1.2561641498926392 1.556294197291917 -9.999999999999986e-08
p 0.9534509596983816 0.30154811796666153 -9.999999999995002e-07 0.9534509596983816 0.30154811796666153 -9.999999999995002e-07
p 0.9964600614643774 -0.0840675080242616 9.999999999995e-07 0.4982300307321887 -0.0420337540121308 4.9999999999975e-07
p 0.023787868176908145 0.9997170286273998 2.9999999999999984e-08 0.011893934088454072 0.4998585143136999 1.4999999999999992e-08
p 0.8296542933288803 0.5582774879573388 -9.999999999995002e-07 0.8296542933288803 0.5582774879573388 -9.999999999995002e-07
p 0.8935812480848413 -0.44890149595555745 1e-08 0.8935812480848413 -0.44890149595555745 1e-08
p 0.7382484068845159 0.6745289391363961 4.9999999999999945e-08 0.7382484068845159 0.6745289391363961 4.9999999999999945e-08
p 0.1489101735736922 0.9888507269584478 -4.9999999999999945e-08 0.1489101735736922 0.9888507269584478 -4.9999999999999945e-08
p 0.7412446590543612 0.671234948004336 -9.999999999995e-07 0.3706223295271806 0.335617474002168 -4.9999999999975e-07
p 0.8793506641315006 0.47617476780221013 -1e-08 1.7587013282630013 0.9523495356044203 -2e-08
p 0.8481800731788484 0.5297079982984244 -9.999999999995002e-07 0.4240900365894242 0.2648539991492122 -4.999999999997501e-07
p 0.924258552112822 -0.38176711336403746 -1e-08 0.924258552112822 -0.38176711336403746 -1e-08
p 0.5190071031394329 0.8547699262905861 1e-08 0.25950355156971644 0.42738496314529306 5e-09
p 0.3749539045703875 0.9270434560728104 1e-08 0.3749539045703875 0.9270434560728104 1e-08
p 0.9751227496988975 -0.2216655657057532 9.99999999999995e-08 0.9751227496988975 -0.2216655657057532 9.99999999999995e-08
p 0.4337527804316546 0.9010319225575795 2.9999999999999984e-08 0.8675055608633092 1.802063845115159 5.999999999999997e-08
p 0.04647471141175424 0.9989194668236244 -2e-08 0.02323735570587712 0.4994597334118122 -1e-08
p 0.4763626733233881 0.879248885960736 -9.999999999995002e-07 0.23818133666169405 0.439624442980368 -4.999999999997501e-07
p 0.5888361570061839 0.8082524235671603 1.9999999999999997e-08 0.5888361570061839 0.8082524235671603 1.9999999999999997e-08
p 0.9915593620195466 -0.1296535058970204 2.9999999999999984e-08 0.9915593620195466 -0.1296535058970204 2.9999999999999984e-08
p 0.14549369832843825 0.9893591783299498 -9.999999999995e-07 0.2909873966568765 1.9787183566598996 -1.999999999999e-06
p 0.10567702911863354 0.9944005055895031 1e-08 0.21135405823726708 1.9888010111790062 2e-08
p 0.4817468265399217 0.8763104444879758 -2.9999999999999984e-08 0.9634936530798434 1.7526208889759516 -5.999999999999997e-08
p 0.6601831258907074 0.7511046799808762 -1e-08 0.6601831258907074 0.7511046799808762 -1e-08
p 0.883114410441709 -0.46915768998300855 1e-08 0.4415572052208545 -0.23457884499150428 5e-09
p 0.668964668118135 0.7432942034010446 -1e-08 0.668964668118135 0.7432942034010446 -1e-08
p 0.35543216416851325 0.9347020791003335 2.9999999999999984e-08 0.17771608208425663 0.46735103955016677 1.4999999999999992e-08
p 0.9551878037507071 -0.2960004384555884 2e-08 0.47759390187535355 -0.1480002192277942 1e-08
p 0.9882249950454078 0.1530077095034879 -1e-08 0.9882249950454078 0.1530077095034879 -1e-08
p 0.31471384256387613 0.9491865977238986 9.99999999999995e-08 0.31471384256387613 0.9491865977238986 9.99999999999995e-08
p 0.9988219110743538 0.04852617806682364 -4.999999999999993e-08 0.9988219110743538 0.04852617806682364 -4.999999999999993e-08
p 0.8993403961161326 0.4372491874362666 4.9999999999999945e-08 0.8993403961161326 0.4372491874362666 4.9999999999999945e-08
case 21 6 40
s 0.9989876708478411 0.04498481403766017 4.999999999999993e-08 0.9987502603949663 0.04997916927067833 0.0 -4.997937751532528e-07 9.987544218165823e-06 0.9999999999499996 1.0 1.0 0.9989876708478411 0.04498481403766017 4.999999999999993e-08 0.9987502603949663 0.04997916927067833 0.0 1.0 0.0
s 0.9987502603949663 0.04997916927067833 0.0 0.8775825618903728 0.479425538604203 0.0 0.0 0.0 1.0 1.0 1.0 0.9987502603949663 0.04997916927067833 0.0 1.7551651237807455 0.958851077208406 0.0 1.0 1.0
s 0.8775825618903728 0.479425538604203 0.0 -0.39859637855648306 0.8709489764975944 0.2873478855663454 0.13807921244038343 -0.25275230299584717 0.9576274872945841 1.0 1.0 1.7551651237807455 0.958851077208406 0.0 -0.7971927571129661 1.7418979529951888 0.5746957711326908 2.0 2.0
s -0.39859637855648306 0.8709489764975944 0.2873478855663454 -0.8969628300582488 -0.3359893958958339 -0.2873478855663454 -0.1537435140353627 -0.3723343456140114 0.9152759512672909 1.0 1.0 -0.7971927571129661 1.7418979529951888 0.5746957711326908 -1.7939256601164977 -0.6719787917916678 -0.5746957711326908 2.0 3.0
s -0.8969628300582488 -0.3359893958958339 -0.2873478855663454 0.2805238471386536 -0.9483150748622418 0.14834045293024462 -0.3224329819611792 0.05246353097466939 0.9451373180979005 1.0 1.0 -1.7939256601164977 -0.6719787917916678 -0.5746957711326908 0.5610476942773072 -1.8966301497244835 0.29668090586048923 2.0 4.0
s 0.2805238471386536 -0.9483150748622418 0.14834045293024462 0.9989876708478411 0.04498481403766017 4.999999999999993e-08 -0.0068698118874363215 0.1525583268459854 0.9882705917888 1.0 1.0 0.5610476942773072 -1.8966301497244835 0.29668090586048923 0.9989876708478411 0.04498481403766017 4.999999999999993e-08 1.0 5.0
p 0.999760930025883 -0.02186510447658303 -9.99999999999995e-08 1.999521860051766 -0.04373020895316606 -1.99999999999999e-07
p 0.9316486214608563 -0.36336049060138104 -9.99999999999995e-08 0.4658243107304281 -0.18168024530069052 -4.999999999999975e-08
p 0.331512647059404 0.9434507749955304 -1e-08 0.331512647059404 0.9434507749955304 -1e-08
p 0.9202053988479655 0.39143584906221157 -4.9999999999999945e-08 1.840410797695931 0.7828716981244231 -9.999999999999989e-08
p 0.9539299216665702 -0.3000295061309984 -1.9999999999999997e-08 0.9539299216665702 -0.3000295061309984 -1.9999999999999997e-08
p 0.02304420270951858 0.9997344471010704 9.999999999995002e-07 0.04608840541903716 1.9994688942021408 1.9999999999990004e-06
p 0.9865100565891232 -0.1637006666098675 9.999999999999948e-08 0.4932550282945616 -0.08185033330493376 4.999999999999974e-08
p 0.9350459725923121 0.3545264858059226 -9.999999999995e-07 0.9350459725923121 0.3545264858059226 -9.999999999995e-07
p 0.8785995512263031 -0.4775592409156577 -9.999999999995002e-07 0.43929977561315153 -0.23877962045782886 -4.999999999997501e-07
p 0.9815191033096801 -0.19136418117861334 1.9999999999999997e-08 1.9630382066193601 -0.3827283623572267 3.9999999999999994e-08
p 0.027241647342924884 0.9996288774585517 -9.999999999995002e-07 0.05448329468584977 1.9992577549171033 -1.9999999999990004e-06
p 0.8133743358501847 0.5817406550863281 -2.9999999999999984e-08 0.40668716792509235 0.29087032754316405 -1.4999999999999992e-08
p 0.8916357391620428 0.45275347447474695 -4.9999999999999945e-08 0.8916357391620428 0.45275347447474695 -4.9999999999999945e-08
p 0.9389569600906181 -0.34403463066583173 9.999999999999948e-08 0.46947848004530907 -0.17201731533291587 4.999999999999974e-08
p 0.606536580233053 0.795055580974809 4.9999999999999945e-08 0.3032682901165265 0.3975277904874045 2.4999999999999972e-08
p 0.9731460520611495 0.23018853437518907 2.9999999999999984e-08 0.9731460520611495 0.23018853437518907 2.9999999999999984e-08
p 0.9668686438222165 -0.2552744123357988 -1.9999999999999997e-08 1.933737287644433 -0.5105488246715976 -3.9999999999999994e-08
p 0.843841239642916 0.5365929204507799 9.99999999999995e-08 0.843841239642916 0.5365929204507799 9.99999999999995e-08
p 0.8913780660761499 0.4532605688986656 -2.9999999999999984e-08 0.44568903303807494 0.2266302844493328 -1.4999999999999992e-08
p 0.5598580571235879 0.8285885323088892 4.9999999999999945e-08 1.1197161142471759 1.6571770646177784 9.999999999999989e-08
p 0.9075297791764 -0.419987737806754 1e-08 0.4537648895882 -0.209993868903377 5e-09
p 0.5902333883433465 0.807232647558145 9.999999999995e-07 0.29511669417167324 0.4036163237790725 4.9999999999975e-07
p 0.19022265092533217 0.9817409755500376 -9.999999999995002e-07 0.19022265092533217 0.9817409755500376 -9.999999999995002e-07
p 0.977161405996516 -0.212498439125802 9.99999999999995e-08 0.488580702998258 -0.106249219562901 4.999999999999975e-08
p 0.8901741598453327 -0.4556204178300687 -9.99999999999995e-08 0.8901741598453327 -0.4556204178300687 -9.99999999999995e-08
p 0.8259033257493495 0.5638117562770071 -1.9999999999999997e-08 0.8259033257493495 0.5638117562770071 -1.9999999999999997e-08
p 0.9763609152697817 -0.21614662415488534 2.9999999999999984e-08 1.9527218305395635 -0.4322932483097707 5.999999999999997e-08
p 0.2081789554699835 0.9780907537132874 1e-08 0.10408947773499175 0.4890453768566437 5e-09
p 0.5490247260369367 0.8358061080179163 -9.99999999999995e-08 1.0980494520738735 1.6716122160358327 -1.99999999999999e-07
p 0.3883762100907772 0.9215009058245804 -4.9999999999999945e-08 0.1941881050453886 0.4607504529122902 -2.4999999999999972e-08
p 0.9539413530608034 -0.2999931581228498 -4.9999999999999945e-08 0.9539413530608034 -0.2999931581228498 -4.9999999999999945e-08
p 0.942994732058465 -0.33280765512527166 -4.9999999999999945e-08 0.942994732058465 -0.33280765512527166 -4.9999999999999945e-08
p 0.7077063188203883 0.7065067347886252 9.999999999999948e-08 0.35385315941019413 0.3532533673943126 4.999999999999974e-08
p 0.9720986051501299 -0.23457259401765537 9.999999999995e-07 1.9441972103002598 -0.46914518803531075 1.999999999999e-06
p 0.9991553645870844 0.04109206025317248 9.999999999995e-07 1.9983107291741689 0.08218412050634497 1.999999999999e-06
p 0.9978332599801941 0.06579350482606507 2.9999999999999984e-08 0.9978332599801941 0.06579350482606507 2.9999999999999984e-08
p 0.08435513353785706 0.9964357537974083 -2.9999999999999984e-08 0.04217756676892853 0.49821787689870417 -1.4999999999999992e-08
p 0.5279265511260837 0.8492900309176578 -4.999999999999993e-08 1.0558531022521673 1.6985800618353155 -9.999999999999986e-08
p 0.9117030792197908 -0.4108497235500487 1.9999999999999997e-08 0.9117030792197908 -0.4108497235500487 1.9999999999999997e-08
p 0.23788191352017898 0.9712940827674069 9.999999999995002e-07 0.23788191352017898 0.9712940827674069 9.999999999995002e-07
case 22 6 40
s 0.9989876708478262 0.044984814037659505 -1.7999999999999709e-07 0.9987502603949663 0.04997916927067833 0.0 1.7992575894757457e-06 -3.595515916389562e-05 0.9999999993519947 1.0 1.0 0.009989876708478262 0.00044984814037659504 -1.7999999999999708e-09 0.009987502603949663 0.0004997916927067833 0.0 0.01 0.0
s 0.9987502603949663 0.04997916927067833 0.0 0.8775825618903728 0.479425538604203 0.0 0.0 0.0 1.0 1.0 1.0 0.009987502603949663 0.0004997916927067833 0.0 1.7551651237807455 0.958851077208406 0.0 0.01 1.0
s 0.8775825618903728 0.479425538604203 0.0 -0.39859637855648306 0.8709489764975944 -0.2873478855663454 -0.13807921244038343 0.25275230299584717 0.9576274872945841 1.0 1.0 1.7551651237807455 0.958851077208406 0.0 -0.7971927571129661 1.7418979529951888 -0.5746957711326908 2.0 2.0
s -0.39859637855648306 0.8709489764975944 -0.2873478855663454 -0.8969628300582488 -0.3359893958958339 0.2873478855663454 0.1537435140353627 0.3723343456140114 0.9152759512672909 1.0 1.0 -0.7971927571129661 1.7418979529951888 -0.5746957711326908 -1.7939256601164977 -0.6719787917916678 0.5746957711326908 2.0 3.0
s -0.8969628300582488 -0.3359893958958339 0.2873478855663454 0.2805238471386536 -0.9483150748622418 -0.14834045293024462 0.3224329819611792 -0.05246353097466939 0.9451373180979005 1.0 1.0 -1.7939256601164977 -0.6719787917916678 0.5746957711326908 0.5610476942773072 -1.8966301497244835 -0.29668090586048923 2.0 4.0
s 0.2805238471386536 -0.9483150748622418 -0.14834045293024462 0.9989876708478262 0.044984814037659505 -1.7999999999999709e-07 0.006869938835584152 -0.1525582900437153 0.9882705965874594 1.0 1.0 0.5610476942773072 -1.8966301497244835 -0.29668090586048923 0.009989876708478262 0.00044984814037659504 -1.7999999999999708e-09 0.01 5.0
p 0.7769749510230303 0.6295315127003174 9.99999999999995e-08 0.38848747551151513 0.3147657563501587 4.999999999999975e-08
p 0.9993254352068283 0.03672430460448303 1.9999999999999997e-08 0.49966271760341413 0.018362152302241516 9.999999999999999e-09
p 0.9045369601520576 -0.4263952247843248 -1e-08 0.9045369601520576 -0.4263952247843248 -1e-08
p 0.6635658765651683 0.7481178566631664 9.99999999999995e-08 0.6635658765651683 0.7481178566631664 9.99999999999995e-08
p 0.9379185430616995 0.34685559903368846 -1e-08 1.875837086123399 0.6937111980673769 -2e-08
p 0.9988594308850891 0.04774764215032806 9.999999999995e-07 0.49942971544254455 0.02387382107516403 4.9999999999975e-07
p 0.6626188077392058 0.7489568182680985 -1e-08 1.3252376154784116 1.497913636536197 -2e-08
p 0.2648458469974389 0.9642907638918923 -9.999999999995e-07 0.2648458469974389 0.9642907638918923 -9.999999999995e-07
p 0.7093076368326381 0.7048990540005684 -4.9999999999999945e-08 0.7093076368326381 0.7048990540005684 -4.9999999999999945e-08
p 0.9545820065009302 0.29794830569185726 9.99999999999995e-08 0.9545820065009302 0.29794830569185726 9.99999999999995e-08
p 0.9528228572810757 0.30352693890777854 -1.9999999999999997e-08 1.9056457145621515 0.6070538778155571 -3.9999999999999994e-08
p 0.6437041703605128 0.7652744220607951 -1e-08 0.3218520851802564 0.38263721103039755 -5e-09
p 0.4759124505873002 0.8794926602172304 9.99999999999995e-08 0.2379562252936501 0.4397463301086152 4.999999999999975e-08
p 0.9131474087463063 0.4076295007723377 2.9999999999999984e-08 0.45657370437315314 0.20381475038616886 1.4999999999999992e-08
p 0.2848916758395073 0.9585597180339663 2e-08 0.14244583791975365 0.47927985901698317 1e-08
p 0.6656567395747198 0.7462580686724558 -9.99999999999995e-08 0.3328283697873599 0.3731290343362279 -4.999999999999975e-08
p 0.8835966819891694 0.4682487624946039 4.999999999999993e-08 0.8835966819891694 0.4682487624946039 4.999999999999993e-08
p 0.693527363266022 0.7204302855941505 9.99999999999995e-08 0.693527363266022 0.7204302855941505 9.99999999999995e-08
p 0.9995284109242014 0.030707584654932833 2.9999999999999984e-08 1.9990568218484028 0.061415169309865666 5.999999999999997e-08
p 0.9201008369268164 0.39168156694765577 2.9999999999999984e-08 1.8402016738536329 0.7833631338953115 5.999999999999997e-08
p 0.9951120893765726 -0.09875185859816593 -1e-08 0.4975560446882863 -0.049375929299082966 -5e-09
p 0.511416582408424 0.8593329268902055 -1.9999999999999997e-08 0.511416582408424 0.8593329268902055 -1.9999999999999997e-08
p 0.8852898274276417 -0.4650396987926237 4.9999999999999945e-08 0.8852898274276417 -0.4650396987926237 4.9999999999999945e-08
p 0.3232694451132035 0.9463069617498286 -9.99999999999995e-08 0.646538890226407 1.8926139234996573 -1.99999999999999e-07
p 0.03483536540087546 0.9993930644733221 9.99999999999995e-08 0.06967073080175092 1.9987861289466442 1.99999999999999e-07
p 0.6179909556808831 0.7861852063582908 1.9999999999999997e-08 0.30899547784044157 0.3930926031791454 9.999999999999999e-09
p 0.9227039672023987 -0.38550925917408596 4.9999999999999945e-08 0.46135198360119933 -0.19275462958704298 2.4999999999999972e-08
p 0.9869882027932841 0.16079268498872507 -9.999999999995002e-07 0.49349410139664207 0.08039634249436253 -4.999999999997501e-07
p 0.9164430241748981 0.4001651951896455 2e-08 0.45822151208744905 0.20008259759482275 1e-08
p 0.35003405283136696 0.9367369758146883 -1e-08 0.17501702641568348 0.46836848790734414 -5e-09
p -0.02182391025210246 0.9997618301077053 -9.999999999995e-07 -0.02182391025210246 0.9997618301077053 -9.999999999995e-07
p 0.9023203778894798 0.431066045571194 9.999999999995002e-07 1.8046407557789597 0.862132091142388 1.9999999999990004e-06
p 0.9950920492787817 0.09895359246714748 -1.9999999999999997e-08 0.49754602463939085 0.04947679623357374 -9.999999999999999e-09
p 0.9832572658757772 0.1822228007206871 1e-08 1.9665145317515544 0.3644456014413742 2e-08
p 0.9378230530283513 0.347113700692701 -1e-08 0.9378230530283513 0.347113700692701 -1e-08
p 0.8938884869464755 -0.44828938522291684 -9.999999999995e-07 0.8938884869464755 -0.44828938522291684 -9.999999999995e-07
p 0.5983111901948734 0.8012638265188277 1e-08 1.1966223803897469 1.6025276530376553 2e-08
p 0.5300338467216503 0.8479764863063423 -9.999999999995002e-07 0.26501692336082516 0.42398824315317113 -4.999999999997501e-07
p 0.9512011846722874 -0.30857139575475395 1e-08 0.9512011846722874 -0.30857139575475395 1e-08
p 0.9811445867029194 0.19327519236197255 9.999999999995e-07 0.9811445867029194 0.19327519236197255 9.999999999995e-07
case 23 6 40
s 0.9995500337489425 0.029995500202494307 -2.999999999999865e-07 0.9987502603949663 0.04997916927067833 0.0 7.497375204775484e-07 -1.4982252701109468e-05 0.9999999998874849 1.0 1.0 0.009995500337489424 0.00029995500202494306 -2.9999999999998647e-09 0.009987502603949663 0.0004997916927067833 0.0 0.01 0.0
s 0.9987502603949663 0.04997916927067833 0.0 0.8775825618903728 0.479425538604203 0.0 0.0 0.0 1.0 1.0 1.0 0.009987502603949663 0.0004997916927067833 0.0 0.8775825618903728 0.479425538604203 0.0 0.01 1.0
s 0.8775825618903728 0.479425538604203 0.0 -0.3722130460563617 0.813300343259146 0.4472135954999579 0.21483604456352498 -0.3932547417548017 0.8939777301721019 1.0 1.0 0.8775825618903728 0.479425538604203 0.0 -0.3722130460563617 0.813300343259146 0.4472135954999579 1.0 2.0
s -0.3722130460563617 0.813300343259146 0.4472135954999579 -0.8375923243065936 -0.31375005699231057 -0.4472135954999579 -0.22573907030675272 -0.5466923892662394 0.8063307656634549 1.0 1.0 -0.3722130460563617 0.813300343259146 0.4472135954999579 -0.8375923243065936 -0.31375005699231057 -0.4472135954999579 1.0 3.0
s -0.8375923243065936 -0.31375005699231057 -0.4472135954999579 0.2751927418019831 -0.9302931932717461 0.24253562503633297 -0.4926817704433339 0.08016495448787829 0.8665092343101592 1.0 1.0 -0.8375923243065936 -0.31375005699231057 -0.4472135954999579 0.2751927418019831 -0.9302931932717461 0.24253562503633297 1.0 4.0
s 0.2751927418019831 -0.9302931932717461 0.24253562503633297 0.9995500337489425 0.029995500202494307 -2.999999999999865e-07 -0.0075076331106665815 0.25018903931753794 0.9681678986882611 1.0 1.0 0.2751927418019831 -0.9302931932717461 0.24253562503633297 0.009995500337489424 0.00029995500202494306 -2.9999999999998647e-09 0.01 5.0
p 0.893846390775096 0.4483733151050967 2e-08 0.893846390775096 0.4483733151050967 2e-08
p 0.5247784282874577 0.8512388626021169 -1e-08 0.26238921414372884 0.42561943130105845 -5e-09
p 0.5374688177733258 0.843283623653005 -1.9999999999999997e-08 0.5374688177733258 0.843283623653005 -1.9999999999999997e-08
p 0.8229483080264236 0.5681162577469913 2.9999999999999984e-08 1.6458966160528472 1.1362325154939825 5.999999999999997e-08
p 0.853860430174116 0.5205020324473998 -9.999999999995002e-07 1.707720860348232 1.0410040648947996 -1.9999999999990004e-06
p 0.9209964711604397 0.389570917946934 2.999999999999999e-08 0.46049823558021985 0.194785458973467 1.4999999999999995e-08
p 0.989181610133567 -0.14669608779225835 9.99999999999995e-08 0.4945908050667835 -0.07334804389612917 4.999999999999975e-08
p 0.9458320528864639 0.32465632248976034 -4.9999999999999945e-08 0.47291602644323194 0.16232816124488017 -2.4999999999999972e-08
p 0.021880475027287426 0.9997605937486124 -4.9999999999999945e-08 0.010940237513643713 0.4998802968743062 -2.4999999999999972e-08
p 0.1656984817408816 0.9861764614655768 -1.9999999999999997e-08 0.1656984817408816 0.9861764614655768 -1.9999999999999997e-08
p 0.9135689601787855 -0.40668385141022323 -2e-08 0.9135689601787855 -0.40668385141022323 -2e-08
p 0.15230733284472892 0.9883331808457738 9.999999999995e-07 0.30461466568945783 1.9766663616915476 1.999999999999e-06
p 0.9979657774187961 -0.06375191840954927 -1e-08 0.9979657774187961 -0.06375191840954927 -1e-08
p 0.533402485062273 0.8458615660552211 1.9999999999999997e-08 0.533402485062273 0.8458615660552211 1.9999999999999997e-08
p 0.15763360036478516 0.9874976698889139 -2.9999999999999984e-08 0.3152672007295703 1.9749953397778277 -5.999999999999997e-08
p 0.9808398204346233 -0.19481593017198634 -9.999999999995002e-07 0.4904199102173116 -0.09740796508599317 -4.999999999997501e-07
p 0.8931391383515814 -0.44978047928360976 2.9999999999999984e-08 1.7862782767031629 -0.8995609585672195 5.999999999999997e-08
p 0.9405210447578073 0.3397354328984286 -9.999999999995e-07 0.47026052237890364 0.1698677164492143 -4.9999999999975e-07
p 0.1977438501654828 0.9802537272159342 -9.999999999995e-07 0.3954877003309656 1.9605074544318684 -1.999999999999e-06
p 0.458929200110916 0.8884728410511784 -4.9999999999999945e-08 0.229464600055458 0.4442364205255892 -2.4999999999999972e-08
p 0.7536310105885959 0.657297725448072 -4.999999999999993e-08 0.7536310105885959 0.657297725448072 -4.999999999999993e-08
p 0.6164488826059725 0.7873949295828925 -9.999999999995002e-07 0.6164488826059725 0.7873949295828925 -9.999999999995002e-07
p 0.9687189955417986 -0.24816024596314523 1e-08 0.4843594977708993 -0.12408012298157262 5e-09
p 0.914048772360456 -0.40560429206967674 -9.999999999995002e-07 0.914048772360456 -0.40560429206967674 -9.999999999995002e-07
p 0.8872719573844299 -0.4612466516292555 4.999999999999993e-08 0.44363597869221494 -0.23062332581462774 2.4999999999999966e-08
p 0.9912470645154986 0.13201991171564614 -1e-08 0.9912470645154986 0.13201991171564614 -1e-08
p 0.25315272620532436 0.9674263265049241 1e-08 0.12657636310266218 0.48371316325246205 5e-09
p 0.08455794627202717 0.9964185635174894 1e-08 0.16911589254405435 1.9928371270349787 2e-08
p 0.9900618986668036 -0.14063227513015578 1e-08 0.4950309493334018 -0.07031613756507789 5e-09
p 0.9838094478091773 0.17921766207994283 2.9999999999999984e-08 0.9838094478091773 0.17921766207994283 2.9999999999999984e-08
p 0.6215095388940102 0.7834065949835719 2.999999999999999e-08 0.6215095388940102 0.7834065949835719 2.999999999999999e-08
p 0.5684816564708536 0.8226959379115376 -9.99999999999995e-08 1.1369633129417072 1.6453918758230752 -1.99999999999999e-07
p 0.6002011366698488 0.7998491079823862 4.999999999999993e-08 1.2004022733396975 1.5996982159647724 9.999999999999986e-08
p -0.01256268176679887 0.9999210863992348 9.999999999995e-07 -0.02512536353359774 1.9998421727984697 1.999999999999e-06
p 0.9840111419427846 0.17810691320512226 9.999999999995e-07 1.9680222838855692 0.3562138264102445 1.999999999999e-06
p 0.4346941857941153 0.9005781281137085 -1e-08 0.8693883715882306 1.801156256227417 -2e-08
p 0.8250366296239785 0.5650792508823042 -9.999999999995e-07 1.650073259247957 1.1301585017646083 -1.999999999999e-06
p 0.9984064332359691 0.056432207754354376 -9.999999999995002e-07 0.49920321661798456 0.028216103877177188 -4.999999999997501e-07
p 0.2931870794234849 0.9560550907030024 2.9999999999999984e-08 0.5863741588469698 1.9121101814060049 5.999999999999997e-08
p 0.8812936346184694 0.4725690738717124 -9.999999999995002e-07 1.7625872692369389 0.9451381477434248 -1.9999999999990004e-06
case 24 6 40
s 1.0 0.0 -3e-09 0.9987502603949663 0.04997916927067833 0.0 2.9999999999999946e-09 -5.994999166468195e-08 0.9999999999999982 1.0 1.0 0.001 0.0 -3e-12 0.0009987502603949663 4.997916927067833e-05 0.0 0.001 0.0
s 0.9987502603949663 0.04997916927067833 0.0 0.8775825618903728 0.479425538604203 0.0 0.0 0.0 1.0 1.0 1.0 0.0009987502603949663 4.997916927067833e-05 0.0 0.4387912809451864 0.2397127693021015 0.0 0.001 1.0
s 0.8775825618903728 0.479425538604203 0.0 -0.4161468365471424 0.9092974268256817 0.0 0.0 -0.0 1.0 1.0 1.0 0.4387912809451864 0.2397127693021015 0.0 -0.2080734182735712 0.45464871341284085 0.0 0.5 2.0
s -0.4161468365471424 0.9092974268256817 0.0 -0.9364566872907963 -0.35078322768961984 -0.0 0.0 -0.0 1.0 1.0 1.0 -0.2080734182735712 0.45464871341284085 0.0 -0.46822834364539817 -0.17539161384480992 -0.0 0.5 3.0
s -0.9364566872907963 -0.35078322768961984 -0.0 0.2836621854632263 -0.9589242746631386 0.0 -0.0 0.0 1.0 1.0 1.0 -0.46822834364539817 -0.17539161384480992 -0.0 0.14183109273161315 -0.4794621373315693 0.0 0.5 4.0
s 0.2836621854632263 -0.9589242746631386 0.0 1.0 0.0 -3e-09 3e-09 8.874387465982366e-10 1.0 1.0 1.0 0.14183109273161315 -0.4794621373315693 0.0 0.001 0.0 -3e-12 0.001 5.0
p 0.9990299450196971 -0.04403599610478708 -9.999999999995e-07 0.9990299450196971 -0.04403599610478708 -9.999999999995e-07
p 0.33659899869722354 0.9416480839868068 -4.9999999999999945e-08 0.6731979973944471 1.8832961679736135 -9.999999999999989e-08
p 0.3928431503797535 0.9196054910665281 2e-08 0.3928431503797535 0.9196054910665281 2e-08
p 0.9981167378641227 -0.061343113676126555 -1e-08 0.9981167378641227 -0.061343113676126555 -1e-08
p 0.9060201504535117 0.4232345531406859 1e-08 1.8120403009070234 0.8464691062813718 2e-08
p 0.9503592937727531 -0.3111546444129575 -1e-08 0.9503592937727531 -0.3111546444129575 -1e-08
p 0.9913560112709199 -0.1311993098953305 2.9999999999999984e-08 1.9827120225418398 -0.262398619790661 5.999999999999997e-08
p 0.991169577013343 0.1326004132843859 -2.9999999999999984e-08 0.991169577013343 0.1326004132843859 -2.9999999999999984e-08
p 0.5115849850423059 0.8592326827345802 -1e-08 1.0231699700846117 1.7184653654691604 -2e-08
p 0.06568322403764992 0.9978405253746808 -2.9999999999999984e-08 0.06568322403764992 0.9978405253746808 -2.9999999999999984e-08
p 0.657290898441824 0.7536369648746928 -2.9999999999999984e-08 0.328645449220912 0.3768184824373464 -1.4999999999999992e-08
p 0.5933796341524245 0.8049227352815517 1e-08 0.5933796341524245 0.8049227352815517 1e-08
p 0.99991008634152 -0.013409669365489875 4.9999999999999945e-08 0.99991008634152 -0.013409669365489875 4.9999999999999945e-08
p 0.9170005405437412 -0.3988859594451606 1e-08 1.8340010810874825 -0.7977719188903212 2e-08
p 0.978833432341592 0.20465852469510667 -1.9999999999999997e-08 0.978833432341592 0.20465852469510667 -1.9999999999999997e-08
p 0.9735765008620589 0.22836111089497915 1.9999999999999997e-08 0.48678825043102947 0.11418055544748958 9.999999999999999e-09
p 0.9992385631291447 -0.03901658564767477 1e-08 1.9984771262582894 -0.07803317129534953 2e-08
p 0.9310150278182435 0.3649808460393445 -9.999999999995002e-07 1.862030055636487 0.729961692078689 -1.9999999999990004e-06
p 0.30964942285590225 0.950850795301243 -1.9999999999999997e-08 0.6192988457118045 1.901701590602486 -3.9999999999999994e-08
p 0.9640769532256461 -0.265623094363339 1e-08 0.9640769532256461 -0.265623094363339 1e-08
p 0.5576649332688871 0.8300661553160733 -9.999999999995e-07 0.27883246663444355 0.41503307765803665 -4.9999999999975e-07
p 0.9414230090796623 0.337227991089699 -9.999999999995e-07 0.4707115045398311 0.1686139955448495 -4.9999999999975e-07
p 0.9616951845703627 0.27412108998429124 -1e-08 0.9616951845703627 0.27412108998429124 -1e-08
p 0.5181497547683633 0.8552899108685221 -1.9999999999999997e-08 0.25907487738418167 0.42764495543426106 -9.999999999999999e-09
p 0.28986667650367187 0.957067035192789 -1.9999999999999997e-08 0.14493333825183594 0.4785335175963945 -9.999999999999999e-09
p 0.7331816726464964 0.6800328189832354 9.999999999995e-07 1.4663633452929927 1.3600656379664708 1.999999999999e-06
p 0.7540454686144005 0.6568222219612311 -1.9999999999999997e-08 1.508090937228801 1.3136444439224622 -3.9999999999999994e-08
p 0.18386556247068206 0.9829514000892094 -4.999999999999993e-08 0.18386556247068206 0.9829514000892094 -4.999999999999993e-08
p 0.38526795162088656 0.9228047493667574 -4.9999999999999945e-08 0.38526795162088656 0.9228047493667574 -4.9999999999999945e-08
p 0.8925839556923199 -0.4508812283070241 9.999999999995e-07 0.4462919778461599 -0.22544061415351205 4.9999999999975e-07
p 0.9857892078718599 -0.16798701629105448 -9.999999999995e-07 0.9857892078718599 -0.16798701629105448 -9.999999999995e-07
p 0.8806284845326549 0.4738074210369855 1.9999999999999997e-08 0.4403142422663274 0.23690371051849274 9.999999999999999e-09
p 0.98961502156384 0.14374320538794086 -2.9999999999999984e-08 0.49480751078192 0.07187160269397043 -1.4999999999999992e-08
p 0.4147272515891819 0.9099457713453483 4.999999999999993e-08 0.4147272515891819 0.9099457713453483 4.999999999999993e-08
p 0.6966638355083871 0.7173977281081539 4.9999999999999945e-08 0.6966638355083871 0.7173977281081539 4.9999999999999945e-08
p 0.8495133498750709 0.5275671221598583 -1.9999999999999997e-08 0.8495133498750709 0.5275671221598583 -1.9999999999999997e-08
p 0.725292450254343 0.6884408918738407 4.9999999999999945e-08 1.450584900508686 1.3768817837476814 9.999999999999989e-08
p 0.6074759851922859 0.7943380435398092 -9.99999999999995e-08 1.2149519703845717 1.5886760870796184 -1.99999999999999e-07
p 0.767464398719857 0.641091566546907 2.9999999999999984e-08 1.534928797439714 1.282183133093814 5.999999999999997e-08
p 0.06556332403694883 0.9978484106021395 9.999999999999948e-08 0.13112664807389765 1.995696821204279 1.9999999999999896e-07
case 25 6 40
s 0.9987502603949663 0.04997916927067833 0.0 0.9553364891256049 -0.2955202066613392 -4.9999999999999945e-08 -7.287764486095613e-09 1.4563380673186593e-07 -0.9999999999999893 1.0 1.0 0.009987502603949663 0.0004997916927067833 0.0 0.009553364891256048 -0.0029552020666133924 -4.999999999999994e-10 0.01 0.0
s 0.8775825618903728 0.479425538604203 0.0 0.9987502603949663 0.04997916927067833 0.0 0.0 0.0 -1.0 1.0 1.0 0.8775825618903728 0.479425538604203 0.0 0.009987502603949663 0.0004997916927067833 0.0 0.01 1.0
s -0.3722130460563617 0.813300343259146 0.4472135954999579 0.8775825618903728 0.479425538604203 0.0 -0.21483604456352498 0.3932547417548017 -0.8939777301721019 1.0 1.0 -0.3722130460563617 0.813300343259146 0.4472135954999579 0.8775825618903728 0.479425538604203 0.0 1.0 2.0
s -0.8375923243065936 -0.31375005699231057 -0.4472135954999579 -0.3722130460563617 0.813300343259146 0.4472135954999579 0.22573907030675272 0.5466923892662394 -0.8063307656634549 1.0 1.0 -0.8375923243065936 -0.31375005699231057 -0.4472135954999579 -0.3722130460563617 0.813300343259146 0.4472135954999579 1.0 3.0
s 0.2751927418019831 -0.9302931932717461 0.24253562503633297 -0.8375923243065936 -0.31375005699231057 -0.4472135954999579 0.4926817704433339 -0.08016495448787829 -0.8665092343101592 1.0 1.0 0.2751927418019831 -0.9302931932717461 0.24253562503633297 -0.8375923243065936 -0.31375005699231057 -0.4472135954999579 1.0 4.0
s 0.9553364891256049 -0.2955202066613392 -4.9999999999999945e-08 0.2751927418019831 -0.9302931932717461 0.24253562503633297 -0.0850169193745907 -0.2748364259179927 -0.9577249408930928 1.0 1.0 0.009553364891256048 -0.0029552020666133924 -4.999999999999994e-10 0.2751927418019831 -0.9302931932717461 0.24253562503633297 0.01 5.0
p 0.9790549365878223 0.2035962454050035 -2.9999999999999984e-08 1.9581098731756446 0.407192490810007 -5.999999999999997e-08
p 0.8625993445469534 0.5058877057086547 1e-08 0.4312996722734767 0.25294385285432736 5e-09
p 0.37996879760223917 0.9249993042422835 -2e-08 0.37996879760223917 0.9249993042422835 -2e-08
p 0.9969711003511088 -0.07777290700301567 -9.999999999995002e-07 1.9939422007022176 -0.15554581400603135 -1.9999999999990004e-06
p 0.4623642699025444 0.8866900709478396 -4.9999999999999945e-08 0.4623642699025444 0.8866900709478396 -4.9999999999999945e-08
p 0.5934663090596548 0.8048588323495621 -9.99999999999995e-08 1.1869326181193096 1.6097176646991243 -1.99999999999999e-07
p 0.6767751863830777 0.7361897493826915 -1.9999999999999997e-08 0.3383875931915388 0.3680948746913458 -9.999999999999999e-09
p 0.9817901569193684 -0.1899686494562711 -4.9999999999999945e-08 1.9635803138387369 -0.3799372989125422 -9.999999999999989e-08
p 0.08924875419207652 0.9960093673631596 2.9999999999999984e-08 0.17849750838415304 1.9920187347263192 5.999999999999997e-08
p 0.9380564462770744 -0.346482472281103 2.9999999999999984e-08 0.4690282231385372 -0.1732412361405515 1.4999999999999992e-08
p 0.9036270622132897 0.42832012845041173 4.9999999999999945e-08 0.45181353110664485 0.21416006422520587 2.4999999999999972e-08
p 0.090853378402136 0.995864279725363 4.9999999999999945e-08 0.045426689201068 0.4979321398626815 2.4999999999999972e-08
p 0.30285590217931224 0.9530363594927289 -2.9999999999999984e-08 0.15142795108965612 0.47651817974636446 -1.4999999999999992e-08
p 0.9711266176515722 0.23856465054281845 -1e-08 1.9422532353031443 0.4771293010856369 -2e-08
p 0.45769204659289875 0.8891107863959378 2.9999999999999984e-08 0.9153840931857975 1.7782215727918755 5.999999999999997e-08
p 0.9733305391312805 0.2294071960388572 1e-08 0.48666526956564027 0.1147035980194286 5e-09
p 0.09937743613054587 0.995049810405549 -1.9999999999999997e-08 0.09937743613054587 0.995049810405549 -1.9999999999999997e-08
p 0.5714428087821782 0.8206418928443359 1.9999999999999997e-08 1.1428856175643565 1.6412837856886717 3.9999999999999994e-08
p 0.9989599335885968 0.04559661264463988 -2.9999999999999984e-08 0.9989599335885968 0.04559661264463988 -2.9999999999999984e-08
p 0.8753573142297651 0.48347654795703565 1.9999999999999997e-08 0.4376786571148826 0.24173827397851783 9.999999999999999e-09
p 0.9957702075896877 0.0918786900036638 2.9999999999999984e-08 0.49788510379484385 0.0459393450018319 1.4999999999999992e-08
p 0.5994315430760478 0.800426027291384 2.9999999999999984e-08 0.5994315430760478 0.800426027291384 2.9999999999999984e-08
p 0.963441362752004 0.2679192798933137 9.99999999999995e-08 1.926882725504008 0.5358385597866274 1.99999999999999e-07
p 0.6629055957049437 0.748702992635981 -9.999999999995e-07 0.33145279785247184 0.3743514963179905 -4.9999999999975e-07
p 0.11972842342159354 0.992806680388473 -9.999999999995e-07 0.23945684684318708 1.985613360776946 -1.999999999999e-06
p 0.9714887906607391 -0.2370854901075443 9.999999999995e-07 1.9429775813214782 -0.4741709802150886 1.999999999999e-06
p 0.4928743812145371 0.8701004794513029 -9.999999999995e-07 0.24643719060726854 0.43505023972565143 -4.9999999999975e-07
p 0.9949359325446984 -0.1005111443144566 -9.99999999999995e-08 1.9898718650893967 -0.2010222886289132 -1.99999999999999e-07
p 0.590347113858224 0.8071494812977675 9.99999999999995e-08 0.295173556929112 0.40357474064888377 4.999999999999975e-08
p 0.935960826207757 -0.3521041490873019 -1e-08 0.935960826207757 -0.3521041490873019 -1e-08
p 0.9419396684405897 -0.3357821630432906 2.9999999999999984e-08 1.8838793368811795 -0.6715643260865812 5.999999999999997e-08
p 0.9978793917108797 -0.06509008832934676 4.999999999999993e-08 0.9978793917108797 -0.06509008832934676 4.999999999999993e-08
p 0.56664329314853 0.8239632141848199 -9.99999999999995e-08 1.13328658629706 1.6479264283696398 -1.99999999999999e-07
p 0.33148504867756784 0.9434604721466716 -9.99999999999995e-08 0.16574252433878392 0.4717302360733358 -4.999999999999975e-08
p 0.1342293371148478 0.9909502939389586 1e-08 0.2684586742296956 1.9819005878779172 2e-08
p 0.9473721212859769 -0.3201344464597775 -1e-08 1.8947442425719538 -0.640268892919555 -2e-08
p 0.5204626298514512 0.8538844482294494 -1e-08 0.2602313149257256 0.4269422241147247 -5e-09
p 0.3429380621828058 0.9393580177473868 -4.9999999999999945e-08 0.6858761243656116 1.8787160354947736 -9.999999999999989e-08
p 0.9975660373208415 0.06972805162911619 -2.9999999999999984e-08 1.995132074641683 0.13945610325823238 -5.999999999999997e-08
p 0.6775239634451132 0.7355006994949921 -4.9999999999999945e-08 1.3550479268902265 1.4710013989899842 -9.999999999999989e-08
case 26 6 40
s 0.9987502603949663 0.04997916927067833 0.0 0.9999999999999838 0.0 1.7999999999999709e-07 1.7999999999883265e-07 -3.5969994998575955e-06 -0.9999999999935147 1.0 1.0 0.09987502603949663 0.004997916927067834 0.0 0.09999999999999838 0.0 1.799999999999971e-08 0.1 0.0
s 0.8775825618903728 0.479425538604203 0.0 0.9987502603949663 0.04997916927067833 0.0 0.0 0.0 -1.0 1.0 1.0 1.7551651237807455 0.958851077208406 0.0 0.09987502603949663 0.004997916927067834 0.0 0.1 1.0
s -0.39859637855648306 0.8709489764975944 0.2873478855663454 0.8775825618903728 0.479425538604203 0.0 -0.13807921244038343 0.25275230299584717 -0.9576274872945841 1.0 1.0 -0.7971927571129661 1.7418979529951888 0.5746957711326908 1.7551651237807455 0.958851077208406 0.0 2.0 2.0
s -0.8969628300582488 -0.3359893958958339 -0.2873478855663454 -0.39859637855648306 0.8709489764975944 0.2873478855663454 0.1537435140353627 0.3723343456140114 -0.9152759512672909 1.0 1.0 -1.7939256601164977 -0.6719787917916678 -0.5746957711326908 -0.7971927571129661 1.7418979529951888 0.5746957711326908 2.0 3.0
s 0.2805238471386536 -0.9483150748622418 0.14834045293024462 -0.8969628300582488 -0.3359893958958339 -0.2873478855663454 0.3224329819611792 -0.05246353097466939 -0.9451373180979005 1.0 1.0 0.5610476942773072 -1.8966301497244835 0.29668090586048923 -1.7939256601164977 -0.6719787917916678 -0.5746957711326908 2.0 4.0
s 0.9999999999999838 0.0 1.7999999999999709e-07 0.2805238471386536 -0.9483150748622418 0.14834045293024462 1.7783741041921147e-07 -0.1545458755044256 -0.9879856134400637 1.0 1.0 0.09999999999999838 0.0 1.799999999999971e-08 0.5610476942773072 -1.8966301497244835 0.29668090586048923 0.1 5.0
p 0.9775338851114098 -0.2107783277734938 -4.999999999999993e-08 1.9550677702228196 -0.4215566555469876 -9.999999999999986e-08
p 0.06236458226577626 0.998053434881527 2.9999999999999984e-08 0.03118229113288813 0.4990267174407635 1.4999999999999992e-08
p 0.9447627535023477 0.3277549993435055 2.9999999999999984e-08 0.47238137675117386 0.16387749967175275 1.4999999999999992e-08
p 0.13206345209748477 0.9912412645870256 9.99999999999995e-08 0.06603172604874238 0.4956206322935128 4.999999999999975e-08
p 0.8589358908419408 0.5120831333128945 -9.99999999999995e-08 0.4294679454209704 0.25604156665644723 -4.999999999999975e-08
p 0.5141908789686221 0.8576757778936489 -1e-08 0.2570954394843111 0.42883788894682445 -5e-09
p 0.1494993571523113 0.9887618227915387 9.999999999995002e-07 0.2989987143046226 1.9775236455830774 1.9999999999990004e-06
p 0.9301942554431404 -0.3670676329242053 -4.999999999999993e-08 0.9301942554431404 -0.3670676329242053 -4.999999999999993e-08
p 0.8568940075250172 0.5154926380344493 1e-08 1.7137880150500344 1.0309852760688987 2e-08
p 0.6589753503434298 0.7521645349521301 1.0000000000000002e-08 0.6589753503434298 0.7521645349521301 1.0000000000000002e-08
p 0.9552298809520668 0.29586462197481117 4.9999999999999945e-08 0.9552298809520668 0.29586462197481117 4.9999999999999945e-08
p -0.0052047062107444374 0.9999864554244021 -9.999999999995e-07 -0.0052047062107444374 0.9999864554244021 -9.999999999995e-07
p 0.987589123293887 0.15705961782587882 1.9999999999999997e-08 1.975178246587774 0.31411923565175764 3.9999999999999994e-08
p -0.002997500778525275 0.99999550748445 1e-08 -0.0014987503892626374 0.499997753742225 5e-09
p 0.976668546168151 -0.21475230132826975 -4.9999999999999945e-08 1.953337092336302 -0.4295046026565395 -9.999999999999989e-08
p 0.9940122699368955 -0.10926850971299963 -1.9999999999999997e-08 1.988024539873791 -0.21853701942599926 -3.9999999999999994e-08
p 0.6062219621841309 0.7952955001542585 9.99999999999995e-08 1.2124439243682619 1.590591000308517 1.99999999999999e-07
p 0.30318589327769085 0.9529314320125075 1.9999999999999997e-08 0.15159294663884543 0.47646571600625376 9.999999999999999e-09
p 0.9891811628313941 -0.1466991039459031 -9.999999999995e-07 0.9891811628313941 -0.1466991039459031 -9.999999999995e-07
p 0.8746665075832247 0.48472518039829976 -1.9999999999999997e-08 0.8746665075832247 0.48472518039829976 -1.9999999999999997e-08
p 0.989790626212074 0.14252900147938155 -2.9999999999999984e-08 0.494895313106037 0.07126450073969078 -1.4999999999999992e-08
p 0.935648695000643 0.3529327408212417 2e-08 0.935648695000643 0.3529327408212417 2e-08
p 0.8133493056591612 0.5817756500436913 -2.9999999999999984e-08 0.8133493056591612 0.5817756500436913 -2.9999999999999984e-08
p 0.07976774357637484 0.996813476576598 9.99999999999995e-08 0.15953548715274968 1.993626953153196 1.99999999999999e-07
p 0.8649720082519642 0.5018201121323895 1e-08 0.8649720082519642 0.5018201121323895 1e-08
p 0.5291135952936478 0.84855100216512 -1.9999999999999997e-08 0.5291135952936478 0.84855100216512 -1.9999999999999997e-08
p 0.8736130937671677 0.4866211692873185 2.9999999999999984e-08 0.8736130937671677 0.4866211692873185 2.9999999999999984e-08
p 0.7936889364871277 0.608323821741293 -1.0000000000000002e-08 1.5873778729742554 1.216647643482586 -2.0000000000000004e-08
p 0.33870807859896507 0.9408915120734139 4.9999999999999945e-08 0.33870807859896507 0.9408915120734139 4.9999999999999945e-08
p 0.9243142014797526 -0.38163235835401427 -1.9999999999999997e-08 1.8486284029595053 -0.7632647167080285 -3.9999999999999994e-08
p 0.9538532995834654 0.30027301389524413 -4.9999999999999945e-08 0.4769266497917327 0.15013650694762207 -2.4999999999999972e-08
p 0.5603704715365111 0.8282420748965535 -9.999999999995e-07 0.28018523576825555 0.4141210374482768 -4.9999999999975e-07
p -0.015968735408842624 0.9998724916155269 -1.9999999999999997e-08 -0.015968735408842624 0.9998724916155269 -1.9999999999999997e-08
p 0.9455819227278284 0.3253841228599562 9.999999999995e-07 0.9455819227278284 0.3253841228599562 9.999999999995e-07
p 0.9941906848106399 0.10763309080273634 2.9999999999999984e-08 0.9941906848106399 0.10763309080273634 2.9999999999999984e-08
p 0.2866819093277314 0.958025825781433 -9.99999999999995e-08 0.1433409546638657 0.4790129128907165 -4.999999999999975e-08
p 0.9991214033315716 0.041909681503815605 9.999999999995002e-07 0.9991214033315716 0.041909681503815605 9.999999999995002e-07
p 0.2770743946508954 0.9608484687133757 -2.9999999999999984e-08 0.1385371973254477 0.48042423435668785 -1.4999999999999992e-08
p 0.11904051758894701 0.9928893972503412 -9.99999999999995e-08 0.11904051758894701 0.9928893972503412 -9.99999999999995e-08
p 0.8252103484038863 0.5648255313697557 -9.99999999999995e-08 1.6504206968077726 1.1296510627395113 -1.99999999999999e-07
case 27 6 40
s 0.9987502603949663 0.04997916927067833 0.0 0.955336489125606 -0.29552020666133955 -1e-08 -1.4575528972191374e-09 2.9126761346373487e-08 -0.9999999999999996 1.0 1.0 0.09987502603949663 0.004997916927067834 0.0 0.09553364891256061 -0.029552020666133955 -1e-09 0.1 0.0
s 0.8775825618903728 0.479425538604203 0.0 0.9987502603949663 0.04997916927067833 0.0 0.0 0.0 -1.0 1.0 1.0 0.8775825618903728 0.479425538604203 0.0 0.09987502603949663 0.004997916927067834 0.0 0.1 1.0
s -0.39859637855648306 0.8709489764975944 0.2873478855663454 0.8775825618903728 0.479425538604203 0.0 -0.13807921244038343 0.25275230299584717 -0.9576274872945841 1.0 1.0 -0.39859637855648306 0.8709489764975944 0.2873478855663454 0.8775825618903728 0.479425538604203 0.0 1.0 2.0
s -0.8969628300582488 -0.3359893958958339 -0.2873478855663454 -0.39859637855648306 0.8709489764975944 0.2873478855663454 0.1537435140353627 0.3723343456140114 -0.9152759512672909 1.0 1.0 -0.8969628300582488 -0.3359893958958339 -0.2873478855663454 -0.39859637855648306 0.8709489764975944 0.2873478855663454 1.0 3.0
s 0.2805238471386536 -0.9483150748622418 0.14834045293024462 -0.8969628300582488 -0.3359893958958339 -0.2873478855663454 0.3224329819611792 -0.05246353097466939 -0.9451373180979005 1.0 1.0 0.2805238471386536 -0.9483150748622418 0.14834045293024462 -0.8969628300582488 -0.3359893958958339 -0.2873478855663454 1.0 4.0
s 0.955336489125606 -0.29552020666133955 -1e-08 0.2805238471386536 -0.9483150748622418 0.14834045293024462 -0.0524172418238239 -0.1694506595603752 -0.9841437429228194 1.0 1.0 0.09553364891256061 -0.029552020666133955 -1e-09 0.2805238471386536 -0.9483150748622418 0.14834045293024462 0.1 5.0
p 0.8088003587390842 0.5880833101725707 2.9999999999999984e-08 0.4044001793695421 0.2940416550862853 1.4999999999999992e-08
p 0.9963327587045682 0.08556304069015278 1e-08 0.4981663793522841 0.04278152034507639 5e-09
p 0.5684548293525362 0.8227144747637398 -4.999999999999993e-08 0.2842274146762681 0.4113572373818699 -2.4999999999999966e-08
p 0.9725243850161308 -0.23280103210464245 9.99999999999995e-08 0.4862621925080654 -0.11640051605232123 4.999999999999975e-08
p 0.19275670152398325 0.9812465816590568 -9.999999999999948e-08 0.3855134030479665 1.9624931633181135 -1.9999999999999896e-07
p 0.04610804892317509 0.9989364583518254 9.99999999999995e-08 0.04610804892317509 0.9989364583518254 9.99999999999995e-08
p 0.908272526258854 -0.41837903633351287 -1.9999999999999997e-08 0.454136263129427 -0.20918951816675643 -9.999999999999999e-09
p 0.3423861681969048 0.9395593178865496 4.999999999999993e-08 0.6847723363938096 1.8791186357730991 9.999999999999986e-08
p 0.6741007184277582 0.7386394393851308 -1e-08 0.3370503592138791 0.3693197196925654 -5e-09
p 0.9980704735586859 0.06209130220361579 -9.999999999995002e-07 0.9980704735586859 0.06209130220361579 -9.999999999995002e-07
p 0.4198410549500305 0.907597646855942 4.9999999999999945e-08 0.4198410549500305 0.907597646855942 4.9999999999999945e-08
p 0.9740228690886747 -0.22644966436774844 -1.9999999999999997e-08 0.4870114345443374 -0.11322483218387422 -9.999999999999999e-09
p 0.8227754415515626 0.56836658309548 1e-08 0.8227754415515626 0.56836658309548 1e-08
p 0.9207143007547842 0.3902373334083103 -1e-08 0.4603571503773921 0.19511866670415515 -5e-09
p 0.9906538687896708 -0.13639982497077102 -2.9999999999999984e-08 0.4953269343948354 -0.06819991248538551 -1.4999999999999992e-08
p 0.7543486679013075 0.6564739806233855 9.99999999999995e-08 0.37717433395065375 0.32823699031169273 4.999999999999975e-08
p 0.29640730985430414 0.9550616245373564 -9.999999999995e-07 0.5928146197086083 1.9101232490747129 -1.999999999999e-06
p 0.9145797902784234 -0.4044054984965895 1e-08 1.8291595805568468 -0.808810996993179 2e-08
p 0.990901817168829 0.1345867331184717 -9.99999999999995e-08 1.981803634337658 0.2691734662369434 -1.99999999999999e-07
p 0.7914913111693156 0.611180418815488 4.9999999999999945e-08 0.3957456555846578 0.305590209407744 2.4999999999999972e-08
p 0.9988895260053398 -0.04711384973471647 4.9999999999999945e-08 0.9988895260053398 -0.04711384973471647 4.9999999999999945e-08
p 0.7164502415252056 0.6976381952118688 -2.9999999999999984e-08 1.4329004830504113 1.3952763904237375 -5.999999999999997e-08
p 0.999798533220036 -0.020072193977302026 4.9999999999999945e-08 1.999597066440072 -0.04014438795460405 9.999999999999989e-08
p 0.8903560671599468 0.45526483904588144 2e-08 0.4451780335799734 0.22763241952294072 1e-08
p 0.8591486181454576 0.5117261493599382 -2.9999999999999984e-08 0.8591486181454576 0.5117261493599382 -2.9999999999999984e-08
p 0.9999998670200403 -0.000515713003354449 1e-08 0.49999993351002014 -0.0002578565016772245 5e-09
p 0.725329232944604 0.6884021381685215 9.999999999995e-07 1.450658465889208 1.376804276337043 1.999999999999e-06
p 0.9884116672699651 0.15179715413540537 9.999999999995002e-07 1.9768233345399302 0.30359430827081074 1.9999999999990004e-06
p 0.8574668755077423 0.514539169944318 -4.9999999999999945e-08 0.8574668755077423 0.514539169944318 -4.9999999999999945e-08
p 0.776141374825803 0.6305589316499385 1.9999999999999997e-08 0.776141374825803 0.6305589316499385 1.9999999999999997e-08
p 0.9772642378983334 0.2120250205140646 9.999999999995e-07 0.4886321189491667 0.1060125102570323 4.9999999999975e-07
p 0.9294895497622072 0.3688484470386832 -2.9999999999999984e-08 1.8589790995244144 0.7376968940773664 -5.999999999999997e-08
p 0.5406874987849581 0.8412235307322684 4.9999999999999945e-08 1.0813749975699163 1.6824470614645368 9.999999999999989e-08
p 0.994206604750031 0.10748593894744253 4.9999999999999945e-08 0.4971033023750155 0.053742969473721265 2.4999999999999972e-08
p 0.8484598582056948 0.5292597368150748 -9.999999999999948e-08 0.4242299291028474 0.2646298684075374 -4.999999999999974e-08
p 0.6131732745487906 0.7899484384307076 1e-08 1.2263465490975811 1.5798968768614152 2e-08
p 0.6344760451049205 0.772942525798658 -9.99999999999995e-08 0.31723802255246025 0.386471262899329 -4.999999999999975e-08
p 0.5361266960952632 0.8441375277370251 1.9999999999999997e-08 0.5361266960952632 0.8441375277370251 1.9999999999999997e-08
p 0.8584704086650364 0.512863098152406 -2.9999999999999984e-08 1.7169408173300729 1.025726196304812 -5.999999999999997e-08
p 0.9999834456854455 -0.005753986014388598 9.99999999999995e-08 0.49999172284272275 -0.002876993007194299 4.999999999999975e-08
case 28 6 40
s 0.9987502603949663 0.04997916927067833 0.0 0.9989876708478425 0.044984814037660234 1e-09 9.995875503564653e-09 -1.9975088437330013e-07 -0.99999999999998 1.0 1.0 0.009987502603949663 0.0004997916927067833 0.0 0.009989876708478425 0.00044984814037660236 1.0000000000000001e-11 0.01 0.0
s 0.8775825618903728 0.479425538604203 0.0 0.9987502603949663 0.04997916927067833 0.0 0.0 0.0 -1.0 1.0 1.0 0.4387912809451864 0.2397127693021015 0.0 0.009987502603949663 0.0004997916927067833 0.0 0.01 1.0
s -0.4161468365471424 0.9092974268256817 0.0 0.8775825618903728 0.479425538604203 0.0 0.0 0.0 -1.0 1.0 1.0 -0.2080734182735712 0.45464871341284085 0.0 0.4387912809451864 0.2397127693021015 0.0 0.5 2.0
s -0.9364566872907963 -0.35078322768961984 -0.0 -0.4161468365471424 0.9092974268256817 0.0 0.0 0.0 -1.0 1.0 1.0 -0.46822834364539817 -0.17539161384480992 -0.0 -0.2080734182735712 0.45464871341284085 0.0 0.5 3.0
s 0.2836621854632263 -0.9589242746631386 0.0 -0.9364566872907963 -0.35078322768961984 -0.0 0.0 0.0 -1.0 1.0 1.0 0.14183109273161315 -0.4794621373315693 0.0 -0.46822834364539817 -0.17539161384480992 -0.0 0.5 4.0
s 0.9989876708478425 0.044984814037660234 1e-09 0.2836621854632263 -0.9589242746631386 0.0 9.878545653590783e-10 2.9222013910120204e-10 -1.0 1.0 1.0 0.009989876708478425 0.00044984814037660236 1.0000000000000001e-11 0.14183109273161315 -0.4794621373315693 0.0 0.01 5.0
p 0.18201680244617363 0.9832954203225299 -9.99999999999995e-08 0.09100840122308682 0.49164771016126496 -4.999999999999975e-08
p 0.5597762007155542 0.8286438348967893 -4.9999999999999945e-08 1.1195524014311085 1.6572876697935786 -9.999999999999989e-08
p 0.8562158066186127 0.5166183238101779 1.9999999999999997e-08 0.8562158066186127 0.5166183238101779 1.9999999999999997e-08
p 0.058462647278904656 0.998289596696841 -2.9999999999999984e-08 0.11692529455780931 1.996579193393682 -5.999999999999997e-08
p 0.9439302237256413 0.33014501773654065 -9.999999999995e-07 1.8878604474512826 0.6602900354730813 -1.999999999999e-06
p 0.2242957232134674 0.9745211278095245 -9.999999999995e-07 0.4485914464269348 1.949042255619049 -1.999999999999e-06
p 0.6779856310529976 0.735075155398867 -9.999999999995e-07 1.3559712621059952 1.470150310797734 -1.999999999999e-06
p 0.5135915906790294 0.8580347766750334 -9.99999999999995e-08 0.5135915906790294 0.8580347766750334 -9.99999999999995e-08
p 0.8828324190506804 0.46968810914491327 -9.999999999995002e-07 1.7656648381013609 0.9393762182898265 -1.9999999999990004e-06
p 0.856715007349852 0.515790069874887 4.9999999999999945e-08 0.428357503674926 0.2578950349374435 2.4999999999999972e-08
p 0.19110865306169705 0.9815688884250275 9.999999999995002e-07 0.3822173061233941 1.963137776850055 1.9999999999990004e-06
p 0.9803069395330344 0.19747988328782592 4.9999999999999945e-08 1.9606138790660688 0.39495976657565185 9.999999999999989e-08
p 0.6618262806454764 0.7496572378407179 1.9999999999999997e-08 0.6618262806454764 0.7496572378407179 1.9999999999999997e-08
p 0.9732240855997457 -0.2298583894673802 2.9999999999999984e-08 0.9732240855997457 -0.2298583894673802 2.9999999999999984e-08
p 0.3915063046866737 0.920175425335074 2.9999999999999984e-08 0.7830126093733474 1.840350850670148 5.999999999999997e-08
p 0.9997093160997681 0.024109817571359212 9.99999999999995e-08 0.9997093160997681 0.024109817571359212 9.99999999999995e-08
p 0.9340532438656165 0.3571337811298703 -2.9999999999999984e-08 0.46702662193280825 0.17856689056493516 -1.4999999999999992e-08
p 0.9972429330204781 -0.07420601418156032 1.9999999999999997e-08 0.9972429330204781 -0.07420601418156032 1.9999999999999997e-08
p 0.4673428088308541 0.8840761839536667 -9.999999999999948e-08 0.9346856176617082 1.7681523679073334 -1.9999999999999896e-07
p 0.9916154302768133 0.12922398553259407 4.9999999999999945e-08 1.9832308605536266 0.25844797106518813 9.999999999999989e-08
p 0.9616741045511479 0.27419503393704653 -9.99999999999995e-08 0.48083705227557394 0.13709751696852326 -4.999999999999975e-08
p 0.44695781637830134 0.8945550348515963 -1e-08 0.22347890818915067 0.44727751742579813 -5e-09
p 0.9731957039358823 0.2299785247381625 2.9999999999999984e-08 1.9463914078717646 0.459957049476325 5.999999999999997e-08
p 0.284400016207895 0.9587057060333684 -9.99999999999995e-08 0.1422000081039475 0.4793528530166842 -4.999999999999975e-08
p 0.9425927981543846 -0.3339443319888611 2.9999999999999984e-08 1.8851855963087691 -0.6678886639777222 5.999999999999997e-08
p 0.9954933412983297 0.09483146856232497 9.999999999995e-07 0.49774667064916484 0.04741573428116248 4.9999999999975e-07
p 0.9465481064695607 0.3225626793940824 9.999999999995002e-07 1.8930962129391213 0.6451253587881648 1.9999999999990004e-06
p 0.9040511106329765 0.4274243668338053 -4.9999999999999945e-08 0.45202555531648825 0.21371218341690265 -2.4999999999999972e-08
p 0.9231087263005308 -0.3845390479870825 -9.999999999995e-07 1.8462174526010615 -0.769078095974165 -1.999999999999e-06
p 0.49109180824569626 0.8711078210382296 2e-08 0.49109180824569626 0.8711078210382296 2e-08
p 0.6190325079973503 0.7853653634089743 -2e-08 0.30951625399867516 0.39268268170448717 -1e-08
p 0.3389350907050794 0.940809759881741 -1.9999999999999997e-08 0.1694675453525397 0.4704048799408705 -9.999999999999999e-09
p 0.15885991135480784 0.9873011336792548 2.9999999999999984e-08 0.07942995567740392 0.4936505668396274 1.4999999999999992e-08
p 0.9835732423248381 0.1805094927769606 -9.99999999999995e-08 1.9671464846496762 0.3610189855539212 -1.99999999999999e-07
p 0.7694465656603755 0.6387111887179158 -1.9999999999999997e-08 0.7694465656603755 0.6387111887179158 -1.9999999999999997e-08
p 0.9737743606893035 0.22751592134206486 9.99999999999995e-08 0.9737743606893035 0.22751592134206486 9.99999999999995e-08
p 0.6682190311845276 0.7439646002081083 -2.9999999999999984e-08 0.3341095155922638 0.37198230010405414 -1.4999999999999992e-08
p 0.9916267967957451 -0.1291367332582032 -9.99999999999995e-08 0.9916267967957451 -0.1291367332582032 -9.99999999999995e-08
p 0.9866751473795788 0.1627026537690047 -9.99999999999995e-08 1.9733502947591577 0.3254053075380094 -1.99999999999999e-07
p 0.9773772182875846 -0.2115036008497803 -1e-08 0.4886886091437923 -0.10575180042489014 -5e-09
case 29 6 40
s 0.9987502603949663 0.04997916927067833 0.0 0.9553364891255631 -0.2955202066613263 -2.9999999999998654e-07 -4.372658691655742e-08 8.738028403908707e-07 -0.9999999999996173 1.0 1.0 0.0009987502603949663 4.997916927067833e-05 0.0 0.0009553364891255632 -0.0002955202066613263 -2.9999999999998656e-10 0.001 0.0
s 0.8775825618903728 0.479425538604203 0.0 0.9987502603949663 0.04997916927067833 0.0 0.0 0.0 -1.0 1.0 1.0 0.4387912809451864 0.2397127693021015 0.0 0.0009987502603949663 4.997916927067833e-05 0.0 0.001 1.0
s -0.3722130460563617 0.813300343259146 0.4472135954999579 0.8775825618903728 0.479425538604203 0.0 -0.21483604456352498 0.3932547417548017 -0.8939777301721019 1.0 1.0 -0.18610652302818084 0.406650171629573 0.22360679774997896 0.4387912809451864 0.2397127693021015 0.0 0.5 2.0
s -0.8375923243065936 -0.31375005699231057 -0.4472135954999579 -0.3722130460563617 0.813300343259146 0.4472135954999579 0.22573907030675272 0.5466923892662394 -0.8063307656634549 1.0 1.0 -0.4187961621532968 -0.15687502849615528 -0.22360679774997896 -0.18610652302818084 0.406650171629573 0.22360679774997896 0.5 3.0
s 0.2751927418019831 -0.9302931932717461 0.24253562503633297 -0.8375923243065936 -0.31375005699231057 -0.4472135954999579 0.4926817704433339 -0.08016495448787829 -0.8665092343101592 1.0 1.0 0.13759637090099155 -0.46514659663587304 0.12126781251816648 -0.4187961621532968 -0.15687502849615528 -0.22360679774997896 0.5 4.0
s 0.9553364891255631 -0.2955202066613263 -2.9999999999998654e-07 0.2751927418019831 -0.9302931932717461 0.24253562503633297 -0.08501719134242113 -0.27483649491351236 -0.9577248969510509 1.0 1.0 0.0009553364891255632 -0.0002955202066613263 -2.9999999999998656e-10 0.13759637090099155 -0.46514659663587304 0.12126781251816648 0.001 5.0
p 0.14140862853476163 0.9899513118203935 -9.999999999995002e-07 0.14140862853476163 0.9899513118203935 -9.999999999995002e-07
p 0.46640009317828834 0.8845738822072929 -4.9999999999999945e-08 0.23320004658914417 0.44228694110364647 -2.4999999999999972e-08
p 0.6503569959485347 0.7596287105025704 9.999999999995002e-07 1.3007139918970694 1.5192574210051408 1.9999999999990004e-06
p 0.9045385554437249 -0.426391840583022 4.9999999999999945e-08 0.9045385554437249 -0.426391840583022 4.9999999999999945e-08
p 0.9573913354844986 -0.2887937512121723 9.999999999999948e-08 1.9147826709689972 -0.5775875024243446 1.9999999999999896e-07
p 0.9029204376266139 -0.4298077283113394 9.99999999999995e-08 1.8058408752532278 -0.8596154566226788 1.99999999999999e-07
p 0.20192291242258112 0.9794014179276954 4.9999999999999945e-08 0.20192291242258112 0.9794014179276954 4.9999999999999945e-08
p 0.996845702593609 0.07936400456537598 2.9999999999999984e-08 0.996845702593609 0.07936400456537598 2.9999999999999984e-08
p 0.8089713596178081 0.587848058020195 -1.9999999999999997e-08 0.40448567980890404 0.2939240290100975 -9.999999999999999e-09
p 0.5556931612756458 0.8313874611223513 9.99999999999995e-08 0.2778465806378229 0.41569373056117565 4.999999999999975e-08
p 0.5000494414680241 0.8659968568577583 1.9999999999999997e-08 0.25002472073401205 0.43299842842887915 9.999999999999999e-09
p 0.23100275701815917 0.9729530956058517 -9.999999999995002e-07 0.23100275701815917 0.9729530956058517 -9.999999999995002e-07
p 0.996152181196268 0.0876403554187084 -1e-08 1.992304362392536 0.1752807108374168 -2e-08
p -0.012316787993942186 0.9999241454893029 9.999999999995002e-07 -0.024633575987884373 1.9998482909786057 1.9999999999990004e-06
p 0.9999996536739034 -0.0008322566151928325 -9.999999999995002e-07 0.9999996536739034 -0.0008322566151928325 -9.999999999995002e-07
p 0.9991580629881353 0.04102639596402668 1.9999999999999997e-08 0.9991580629881353 0.04102639596402668 1.9999999999999997e-08
p 0.9949602187821383 0.10027044949035926 -2.9999999999999984e-08 1.9899204375642765 0.20054089898071853 -5.999999999999997e-08
p 0.9901398018989483 0.14008273517996825 -9.999999999999948e-08 1.9802796037978967 0.2801654703599365 -1.9999999999999896e-07
p 0.9595913991884495 0.2813971332539705 2.9999999999999984e-08 0.47979569959422474 0.14069856662698524 1.4999999999999992e-08
p 0.5335943202047906 0.8457405639114083 -1.9999999999999997e-08 0.2667971601023953 0.42287028195570414 -9.999999999999999e-09
p 0.9554697515011406 -0.29508906107368493 -9.999999999995002e-07 1.910939503002281 -0.5901781221473699 -1.9999999999990004e-06
p 0.9361973060249341 -0.35147489837918167 -9.999999999995002e-07 0.9361973060249341 -0.35147489837918167 -9.999999999995002e-07
p 0.22243808653299796 0.974946817862152 4.9999999999999945e-08 0.4448761730659959 1.949893635724304 9.999999999999989e-08
p 0.8854090854634294 0.46481259812725967 -9.999999999995e-07 0.4427045427317147 0.23240629906362983 -4.9999999999975e-07
p 0.9897947043436613 -0.14250067807994163 -2.9999999999999984e-08 0.9897947043436613 -0.14250067807994163 -2.9999999999999984e-08
p 0.9054960096554913 -0.4243547766880703 1.9999999999999997e-08 0.45274800482774563 -0.21217738834403516 9.999999999999999e-09
p 0.9057992306044766 0.42370715575303697 -9.99999999999995e-08 0.9057992306044766 0.42370715575303697 -9.99999999999995e-08
p 0.9436350684202192 0.3309877001454261 -9.99999999999995e-08 1.8872701368404383 0.6619754002908522 -1.99999999999999e-07
p -0.020610871897777022 0.9997875734172802 -1e-08 -0.010305435948888511 0.4998937867086401 -5e-09
p 0.9253522689162549 0.3791083992890939 -2e-08 0.9253522689162549 0.3791083992890939 -2e-08
p 0.7755947027424812 0.6312312231486987 1e-08 0.7755947027424812 0.6312312231486987 1e-08
p 0.9737393717239532 0.2276656231288352 -1e-08 0.4868696858619766 0.1138328115644176 -5e-09
p 0.853027014573357 0.521866757331846 -9.999999999999948e-08 0.853027014573357 0.521866757331846 -9.999999999999948e-08
p 0.6581965662059434 0.7528461198908482 -1e-08 1.3163931324118867 1.5056922397816963 -2e-08
p 0.3112436715297099 0.9503301410208481 -2.9999999999999984e-08 0.15562183576485494 0.47516507051042406 -1.4999999999999992e-08
p 0.9747527101865451 0.22328715588672884 2.9999999999999984e-08 0.48737635509327254 0.11164357794336442 1.4999999999999992e-08
p 0.49503091171490454 0.868875363009972 -9.999999999995002e-07 0.9900618234298091 1.737750726019944 -1.9999999999990004e-06
p 0.87963333066608 0.475652397850877 -9.99999999999995e-08 0.87963333066608 0.475652397850877 -9.99999999999995e-08
p 0.9637881067068225 -0.2666692433905299 2.9999999999999984e-08 0.9637881067068225 -0.2666692433905299 2.9999999999999984e-08
p 0.6497807424907367 0.7601216920258128 4.9999999999999945e-08 1.2995614849814734 1.5202433840516256 9.999999999999989e-08
case 30 6 40
s 0.9999999999999951 0.0 9.99999999999995e-08 0.9987502603949663 0.04997916927067833 0.0 -9.999999999979983e-08 1.9983330554854013e-06 0.9999999999979984 1.0 1.0 0.09999999999999952 0.0 9.99999999999995e-09 0.09987502603949663 0.004997916927067834 0.0 0.1 0.0
s 0.9987502603949663 0.04997916927067833 0.0 0.8775825618903728 0.479425538604203 0.0 0.0 0.0 1.0 1.0 1.0 0.09987502603949663 0.004997916927067834 0.0 0.4387912809451864 0.2397127693021015 0.0 0.1 1.0
s 0.8775825618903728 0.479425538604203 0.0 -0.39859637855648306 0.8709489764975944 0.2873478855663454 0.13807921244038343 -0.25275230299584717 0.9576274872945841 1.0 1.0 0.4387912809451864 0.2397127693021015 0.0 -0.19929818927824153 0.4354744882487972 0.1436739427831727 0.5 2.0
s -0.39859637855648306 0.8709489764975944 0.2873478855663454 -0.8969628300582488 -0.3359893958958339 -0.2873478855663454 -0.1537435140353627 -0.3723343456140114 0.9152759512672909 1.0 1.0 -0.19929818927824153 0.4354744882487972 0.1436739427831727 -0.4484814150291244 -0.16799469794791694 -0.1436739427831727 0.5 3.0
s -0.8969628300582488 -0.3359893958958339 -0.2873478855663454 0.2805238471386536 -0.9483150748622418 0.14834045293024462 -0.3224329819611792 0.05246353097466939 0.9451373180979005 1.0 1.0 -0.4484814150291244 -0.16799469794791694 -0.1436739427831727 0.1402619235693268 -0.4741575374311209 0.07417022646512231 0.5 4.0
s 0.2805238471386536 -0.9483150748622418 0.14834045293024462 0.9999999999999951 0.0 9.99999999999995e-08 -9.879856098700943e-08 0.15454589832670465 0.9879856098700942 1.0 1.0 0.1402619235693268 -0.4741575374311209 0.07417022646512231 0.09999999999999952 0.0 9.99999999999995e-09 0.1 5.0
p 0.7374093639851345 0.6754460969663231 -1e-08 0.36870468199256723 0.33772304848316154 -5e-09
p 0.2058651038995956 0.9785803794249139 -9.999999999995e-07 0.1029325519497978 0.48929018971245697 -4.9999999999975e-07
p 0.4591648343181161 0.8883510876475682 9.999999999995002e-07 0.4591648343181161 0.8883510876475682 9.999999999995002e-07
p 0.8397589188420533 0.5429594443650682 4.9999999999999945e-08 1.6795178376841067 1.0859188887301363 9.999999999999989e-08
p 0.9487463796541916 -0.31603845825004 -4.9999999999999945e-08 0.4743731898270958 -0.15801922912502 -2.4999999999999972e-08
p 0.3820565700190911 0.9241389383124405 -4.999999999999993e-08 0.3820565700190911 0.9241389383124405 -4.999999999999993e-08
p 0.9991108323692581 -0.04216093739951711 -4.9999999999999945e-08 1.9982216647385163 -0.08432187479903422 -9.999999999999989e-08
p 0.13553186051812585 0.9907729885213341 -9.999999999995002e-07 0.06776593025906293 0.49538649426066705 -4.999999999997501e-07
p 0.060285814958812994 0.9981811561609204 1e-08 0.12057162991762599 1.9963623123218408 2e-08
p 0.7152845224686297 0.698833350604294 -1.9999999999999997e-08 0.35764226123431486 0.349416675302147 -9.999999999999999e-09
p 0.8398418554319578 0.5428311504184371 4.999999999999993e-08 0.4199209277159789 0.27141557520921855 2.4999999999999966e-08
p 0.1853891709708868 0.982665179644993 2.9999999999999984e-08 0.1853891709708868 0.982665179644993 2.9999999999999984e-08
p 0.94055059762229 -0.3396536078291429 -9.999999999995e-07 0.470275298811145 -0.16982680391457144 -4.9999999999975e-07
p 0.652049956083084 0.7581760051413118 9.99999999999995e-08 0.326024978041542 0.3790880025706559 4.999999999999975e-08
p 0.48848033291246395 0.8725749047260801 -1.9999999999999997e-08 0.9769606658249279 1.7451498094521602 -3.9999999999999994e-08
p 0.9186175352557785 -0.39514785070983005 1.9999999999999997e-08 0.9186175352557785 -0.39514785070983005 1.9999999999999997e-08
p 0.8831209939814341 -0.46914529731122123 -9.99999999999995e-08 0.8831209939814341 -0.46914529731122123 -9.99999999999995e-08
p 0.16822446659169535 0.9857487148558395 1.9999999999999997e-08 0.16822446659169535 0.9857487148558395 1.9999999999999997e-08
p 0.9872857546945042 -0.1589554609860961 2.9999999999999984e-08 0.4936428773472521 -0.07947773049304804 1.4999999999999992e-08
p 0.6906440697988158 0.7231948346405196 -9.999999999995e-07 0.3453220348994079 0.3615974173202598 -4.9999999999975e-07
p 0.9898761810219976 -0.1419335980108509 -9.999999999995002e-07 1.9797523620439952 -0.2838671960217018 -1.9999999999990004e-06
p 0.9524414100636 0.30472177538873146 -2.9999999999999984e-08 0.9524414100636 0.30472177538873146 -2.9999999999999984e-08
p 0.9047780747610382 -0.42588335895020535 9.999999999995002e-07 0.4523890373805191 -0.21294167947510267 4.999999999997501e-07
p 0.9171640963179062 -0.3985097494733959 -9.99999999999995e-08 1.8343281926358124 -0.7970194989467918 -1.99999999999999e-07
p 0.9616662252295539 0.27422266728470945 1.9999999999999997e-08 1.9233324504591078 0.5484453345694189 3.9999999999999994e-08
p 0.3740397106125832 0.9274126885501702 -9.999999999995e-07 0.1870198553062916 0.4637063442750851 -4.9999999999975e-07
p 0.8054667965937543 0.592640902726932 -4.999999999999993e-08 0.8054667965937543 0.592640902726932 -4.999999999999993e-08
p 0.9988546146986345 -0.04784828832092551 2e-08 0.49942730734931723 -0.023924144160462756 1e-08
p 0.37529350646845666 0.9269060276007541 -1.9999999999999997e-08 0.18764675323422833 0.46345301380037707 -9.999999999999999e-09
p 0.666295744825873 0.7456875890256819 -2.9999999999999984e-08 0.666295744825873 0.7456875890256819 -2.9999999999999984e-08
p 0.13632371144777966 0.9906643456272675 -1.9999999999999997e-08 0.2726474228955593 1.981328691254535 -3.9999999999999994e-08
p 0.3514571233123537 0.9362039790948364 1e-08 0.3514571233123537 0.9362039790948364 1e-08
p 0.38414040214313666 0.9232746890505064 1e-08 0.7682808042862733 1.8465493781010127 2e-08
p 0.8982875373630166 -0.4394081248876573 9.999999999995e-07 0.8982875373630166 -0.4394081248876573 9.999999999995e-07
p 0.8963931777441173 -0.44325982323441226 2.9999999999999984e-08 1.7927863554882346 -0.8865196464688245 5.999999999999997e-08
p 0.9427581784947952 -0.3334771609588374 9.99999999999995e-08 0.4713790892473976 -0.1667385804794187 4.999999999999975e-08
p 0.15992834019477997 0.9871286268782518 -1e-08 0.07996417009738999 0.4935643134391259 -5e-09
p 0.1807832042067853 0.9835229702842364 2.9999999999999984e-08 0.09039160210339264 0.4917614851421182 1.4999999999999992e-08
p 0.9132983758807885 0.4072911447754713 -9.999999999995e-07 0.9132983758807885 0.4072911447754713 -9.999999999995e-07
p 0.2687387826288115 0.9632130951721869 1e-08 0.537477565257623 1.9264261903443738 2e-08
case 31 6 40
s 0.9999999999999838 0.0 -1.7999999999999709e-07 0.9987502603949663 0.04997916927067833 0.0 1.7999999999883265e-07 -3.5969994998575955e-06 0.9999999999935147 1.0 1.0 0.09999999999999838 0.0 -1.799999999999971e-08 0.09987502603949663 0.004997916927067834 0.0 0.1 0.0
s 0.9987502603949663 0.04997916927067833 0.0 0.8775825618903728 0.479425538604203 0.0 0.0 0.0 1.0 1.0 1.0 0.09987502603949663 0.004997916927067834 0.0 0.4387912809451864 0.2397127693021015 0.0 0.1 1.0
s 0.8775825618903728 0.479425538604203 0.0 -0.3722130460563617 0.813300343259146 0.4472135954999579 0.21483604456352498 -0.3932547417548017 0.8939777301721019 1.0 1.0 0.4387912809451864 0.2397127693021015 0.0 -0.18610652302818084 0.406650171629573 0.22360679774997896 0.5 2.0
s -0.3722130460563617 0.813300343259146 0.4472135954999579 -0.8375923243065936 -0.31375005699231057 -0.4472135954999579 -0.22573907030675272 -0.5466923892662394 0.8063307656634549 1.0 1.0 -0.18610652302818084 0.406650171629573 0.22360679774997896 -0.4187961621532968 -0.15687502849615528 -0.22360679774997896 0.5 3.0
s -0.8375923243065936 -0.31375005699231057 -0.4472135954999579 0.2751927418019831 -0.9302931932717461 0.24253562503633297 -0.4926817704433339 0.08016495448787829 0.8665092343101592 1.0 1.0 -0.4187961621532968 -0.15687502849615528 -0.22360679774997896 0.13759637090099155 -0.46514659663587304 0.12126781251816648 0.5 4.0
s 0.2751927418019831 -0.9302931932717461 0.24253562503633297 0.9999999999999838 0.0 -1.7999999999999709e-07 1.7417794402522808e-07 0.25227629224302256 0.9676552445846004 1.0 1.0 0.13759637090099155 -0.46514659663587304 0.12126781251816648 0.09999999999999838 0.0 -1.799999999999971e-08 0.1 5.0
p 0.6033040885780411 0.7975112392342939 -1e-08 0.30165204428902054 0.39875561961714695 -5e-09
p 0.9815308532529612 0.19130390511569148 1.9999999999999997e-08 0.9815308532529612 0.19130390511569148 1.9999999999999997e-08
p 0.9600987838392712 -0.2796610900185259 -4.9999999999999945e-08 0.4800493919196356 -0.13983054500926295 -2.4999999999999972e-08
p 0.37953403181183754 0.9251777768065179 1e-08 0.7590680636236751 1.8503555536130358 2e-08
p 0.4434779780537942 0.8962852687517063 -1e-08 0.2217389890268971 0.44814263437585317 -5e-09
p 0.9960823310090399 0.08843070649720587 4.999999999999993e-08 0.49804116550451993 0.044215353248602936 2.4999999999999966e-08
p 0.8132231736623762 0.5819519480322171 -1.9999999999999997e-08 1.6264463473247524 1.1639038960644341 -3.9999999999999994e-08
p 0.6293239040057893 0.7771431167081853 -1e-08 1.2586478080115786 1.5542862334163705 -2e-08
p 0.5474998402985514 0.836805786830529 1e-08 0.2737499201492757 0.4184028934152645 5e-09
p 0.9424707265026789 0.33428869212929135 1.9999999999999997e-08 0.47123536325133947 0.16714434606464568 9.999999999999999e-09
p 0.9597151711797777 0.28097471453383427 -1.9999999999999997e-08 1.9194303423595553 0.5619494290676685 -3.9999999999999994e-08
p 0.9999974279152087 -0.002268074724761372 -9.99999999999995e-08 1.9999948558304175 -0.004536149449522744 -1.99999999999999e-07
p 0.9884690824222984 0.15142282884429908 -9.99999999999995e-08 0.9884690824222984 0.15142282884429908 -9.99999999999995e-08
p 0.2303462743708702 0.9731087266505514 -4.9999999999999945e-08 0.2303462743708702 0.9731087266505514 -4.9999999999999945e-08
p 0.685267492113114 0.7282914692985243 -1e-08 1.370534984226228 1.4565829385970486 -2e-08
p 0.24583147806479969 0.9693125834278002 9.999999999995002e-07 0.24583147806479969 0.9693125834278002 9.999999999995002e-07
p 0.4476507865541775 0.8942084618797881 9.99999999999995e-08 0.895301573108355 1.7884169237595762 1.99999999999999e-07
p 0.9587580544722873 -0.284223491260847 -9.99999999999995e-08 0.4793790272361437 -0.1421117456304235 -4.999999999999975e-08
p -0.01920503002547151 0.9998155664029796 -9.99999999999995e-08 -0.01920503002547151 0.9998155664029796 -9.99999999999995e-08
p 0.41068101417986613 0.911779087604112 9.99999999999995e-08 0.20534050708993307 0.455889543802056 4.999999999999975e-08
p 0.9471452744003739 -0.3208049706301952 -2e-08 1.8942905488007478 -0.6416099412603904 -4e-08
p 0.8799333590068841 0.4750971308131229 -1.9999999999999997e-08 0.43996667950344204 0.23754856540656144 -9.999999999999999e-09
p 0.9672287959446851 0.25390639278165844 -2.9999999999999984e-08 0.9672287959446851 0.25390639278165844 -2.9999999999999984e-08
p 0.9412533300804401 0.3377013008747251 1.9999999999999997e-08 0.47062666504022005 0.16885065043736255 9.999999999999999e-09
p 0.9844136206211868 -0.1758687679364261 9.99999999999995e-08 0.4922068103105934 -0.08793438396821306 4.999999999999975e-08
p 0.4190463180536806 0.9079648579794505 -9.99999999999995e-08 0.8380926361073612 1.815929715958901 -1.99999999999999e-07
p 0.8978203898247202 0.4403618371464396 1e-08 0.4489101949123601 0.2201809185732198 5e-09
p 0.3037414072552661 0.9527545106262096 4.9999999999999945e-08 0.3037414072552661 0.9527545106262096 4.9999999999999945e-08
p 0.9094354254000995 -0.41584517194064 -9.999999999995002e-07 0.9094354254000995 -0.41584517194064 -9.999999999995002e-07
p 0.9645317904591377 -0.26396671228336305 -4.9999999999999945e-08 0.48226589522956886 -0.13198335614168152 -2.4999999999999972e-08
p 0.8812456933481686 -0.472658468616932 4.9999999999999945e-08 1.7624913866963372 -0.945316937233864 9.999999999999989e-08
p -0.023225051958640306 0.9997302621014919 -2.9999999999999984e-08 -0.04645010391728061 1.9994605242029837 -5.999999999999997e-08
p 0.3501700348137572 0.9366861516631557 -9.999999999995002e-07 0.1750850174068786 0.46834307583157786 -4.999999999997501e-07
p 0.9571019456550854 0.28975138588667665 1e-08 0.4785509728275427 0.14487569294333832 5e-09
p 0.8991332700217076 -0.43767495100824355 -4.999999999999993e-08 0.8991332700217076 -0.43767495100824355 -4.999999999999993e-08
p 0.9685142021384108 0.24895831027741927 9.99999999999995e-08 1.9370284042768215 0.49791662055483854 1.99999999999999e-07
p 0.9919615212568416 -0.12653987650465195 -1e-08 1.9839230425136831 -0.2530797530093039 -2e-08
p 0.47599420841852635 0.8794484143780239 -2e-08 0.9519884168370527 1.7588968287560478 -4e-08
p 0.5294195283820378 0.8483601611148066 -9.999999999995e-07 0.2647097641910189 0.4241800805574033 -4.9999999999975e-07
p 0.48985475224526354 0.871804061530876 9.999999999995e-07 0.24492737612263177 0.435902030765438 4.9999999999975e-07
case 32 6 40
s 0.955336489125606 -0.29552020666133955 1e-08 0.9987502603949663 0.04997916927067833 0.0 -1.4575528972191374e-09 2.9126761346373487e-08 0.9999999999999996 1.0 1.0 0.09553364891256061 -0.029552020666133955 1e-09 0.09987502603949663 0.004997916927067834 0.0 0.1 0.0
s 0.9987502603949663 0.04997916927067833 0.0 0.8775825618903728 0.479425538604203 0.0 0.0 0.0 1.0 1.0 1.0 0.09987502603949663 0.004997916927067834 0.0 0.4387912809451864 0.2397127693021015 0.0 0.1 1.0
s 0.8775825618903728 0.479425538604203 0.0 -0.3722130460563617 0.813300343259146 0.4472135954999579 0.21483604456352498 -0.3932547417548017 0.8939777301721019 1.0 1.0 0.4387912809451864 0.2397127693021015 0.0 -0.18610652302818084 0.406650171629573 0.22360679774997896 0.5 2.0
s -0.3722130460563617 0.813300343259146 0.4472135954999579 -0.8375923243065936 -0.31375005699231057 -0.4472135954999579 -0.22573907030675272 -0.5466923892662394 0.8063307656634549 1.0 1.0 -0.18610652302818084 0.406650171629573 0.22360679774997896 -0.4187961621532968 -0.15687502849615528 -0.22360679774997896 0.5 3.0
s -0.8375923243065936 -0.31375005699231057 -0.4472135954999579 0.2751927418019831 -0.9302931932717461 0.24253562503633297 -0.4926817704433339 0.08016495448787829 0.8665092343101592 1.0 1.0 -0.4187961621532968 -0.15687502849615528 -0.22360679774997896 0.13759637090099155 -0.46514659663587304 0.12126781251816648 0.5 4.0
s 0.2751927418019831 -0.9302931932717461 0.24253562503633297 0.955336489125606 -0.29552020666133955 1e-08 0.08501685410230662 0.27483640935906367 0.9577249514391719 1.0 1.0 0.13759637090099155 -0.46514659663587304 0.12126781251816648 0.09553364891256061 -0.029552020666133955 1e-09 0.1 5.0
p 0.6070394517640452 0.7946716957347901 1.9999999999999997e-08 0.3035197258820226 0.39733584786739506 9.999999999999999e-09
p 0.9918786739718936 -0.12718764137976563 9.999999999999948e-08 1.983757347943787 -0.25437528275953125 1.9999999999999896e-07
p 0.9714573582246641 -0.23721425157683068 2.9999999999999984e-08 0.9714573582246641 -0.23721425157683068 2.9999999999999984e-08
p 0.3914735902475856 0.9201893436345943 1e-08 0.3914735902475856 0.9201893436345943 1e-08
p 0.8114351404224026 0.5844424803927891 -1e-08 0.4057175702112013 0.29222124019639456 -5e-09
p 0.7370508892316496 0.6758372486648205 2e-08 0.7370508892316496 0.6758372486648205 2e-08
p 0.9712471952246163 0.23807327814628007 9.999999999995e-07 1.9424943904492327 0.47614655629256014 1.999999999999e-06
p 0.2518167928546506 0.96777492364516 4.999999999999993e-08 0.1259083964273253 0.48388746182258 2.4999999999999966e-08
p 0.9248158579809729 -0.38041507439494926 -4.9999999999999945e-08 0.46240792899048644 -0.19020753719747463 -2.4999999999999972e-08
p 0.05687990496981805 0.9983810276696085 -2.9999999999999984e-08 0.1137598099396361 1.996762055339217 -5.999999999999997e-08
p 0.9954739333099821 0.09503498356049411 9.99999999999995e-08 1.9909478666199643 0.19006996712098823 1.99999999999999e-07
p 0.3059710400849484 0.9520408198335479 2.9999999999999984e-08 0.3059710400849484 0.9520408198335479 2.9999999999999984e-08
p 0.4333305619531895 0.9012350548426993 9.99999999999995e-08 0.21666528097659474 0.45061752742134964 4.999999999999975e-08
p 0.9876890358362468 0.1564300753974617 9.99999999999995e-08 1.9753780716724936 0.3128601507949234 1.99999999999999e-07
p 0.33366136679110925 0.9426930000329311 2.9999999999999984e-08 0.16683068339555462 0.47134650001646555 1.4999999999999992e-08
p 0.1453891685942944 0.9893745446773226 -1.9999999999999997e-08 0.2907783371885888 1.978749089354645 -3.9999999999999994e-08
p 0.9930485587013512 0.11770539520841065 2.9999999999999984e-08 0.9930485587013512 0.11770539520841065 2.9999999999999984e-08
p 0.5143733776582095 0.8575663404987891 -1e-08 0.2571866888291047 0.42878317024939455 -5e-09
p 0.8421283948827915 0.5392770776995192 1e-08 0.8421283948827915 0.5392770776995192 1e-08
p 0.5864718730138903 0.8099695933574156 4.9999999999999945e-08 0.5864718730138903 0.8099695933574156 4.9999999999999945e-08
p 0.9589796469453395 0.283474931421795 2.999999999999999e-08 0.9589796469453395 0.283474931421795 2.999999999999999e-08
p 0.7339487013439294 0.6792049056032791 1.9999999999999997e-08 0.7339487013439294 0.6792049056032791 1.9999999999999997e-08
p 0.6520904273491331 0.758141196980889 9.99999999999995e-08 1.3041808546982663 1.516282393961778 1.99999999999999e-07
p -0.008943418329904473 0.9999600068340616 -9.999999999995002e-07 -0.004471709164952237 0.4999800034170308 -4.999999999997501e-07
p 0.857275852880759 0.5148573706062357 1.9999999999999997e-08 1.714551705761518 1.0297147412124714 3.9999999999999994e-08
p 0.944474313370949 0.328585257401294 9.999999999995002e-07 1.888948626741898 0.657170514802588 1.9999999999990004e-06
p 0.9803776064694739 -0.1971287618085834 -9.999999999995e-07 0.49018880323473696 -0.0985643809042917 -4.9999999999975e-07
p -0.0010748092784592645 0.9999994223923402 -2.9999999999999984e-08 -0.0005374046392296322 0.4999997111961701 -1.4999999999999992e-08
p 0.966212375797096 0.2577472499495016 2.999999999999999e-08 0.483106187898548 0.1288736249747508 1.4999999999999995e-08
p 0.8989229244904829 -0.4381068086956388 1.9999999999999997e-08 1.7978458489809659 -0.8762136173912776 3.9999999999999994e-08
p 0.7244300019744289 0.6893483678368483 -4.9999999999999945e-08 0.36221500098721443 0.34467418391842414 -2.4999999999999972e-08
p 0.5337832849840444 0.8456213128059349 9.99999999999995e-08 1.0675665699680887 1.6912426256118698 1.99999999999999e-07
p 0.6974022370662036 0.7166799283746222 2.9999999999999984e-08 0.3487011185331018 0.3583399641873111 1.4999999999999992e-08
p 0.8820079727018819 -0.47123448100739246 -9.99999999999995e-08 1.7640159454037638 -0.9424689620147849 -1.99999999999999e-07
p 0.9189843851781943 -0.39429392564260535 -1e-08 0.4594921925890971 -0.19714696282130267 -5e-09
p 0.9879834780449956 0.15455952610277243 9.999999999995e-07 1.9759669560899913 0.30911905220554486 1.999999999999e-06
p 0.9617847115237277 -0.273806809044661 -1.9999999999999997e-08 0.48089235576186384 -0.1369034045223305 -9.999999999999999e-09
p 0.9893072422883775 -0.14584642729517053 9.999999999995e-07 0.49465362114418876 -0.07292321364758526 4.9999999999975e-07
p 0.9999061577884051 -0.013699475056622437 4.9999999999999945e-08 1.9998123155768102 -0.027398950113244874 9.999999999999989e-08
p 0.6169391882351472 0.7870108245886824 1.0000000000000002e-08 1.2338783764702943 1.5740216491773649 2.0000000000000004e-08
case 33 6 40
s 0.9999999999999951 0.0 -9.99999999999995e-08 0.9987502603949663 0.04997916927067833 0.0 9.999999999979983e-08 -1.9983330554854013e-06 0.9999999999979984 1.0 1.0 0.09999999999999952 0.0 -9.99999999999995e-09 0.09987502603949663 0.004997916927067834 0.0 0.1 0.0
s 0.9987502603949663 0.04997916927067833 0.0 0.8775825618903728 0.479425538604203 0.0 0.0 0.0 1.0 1.0 1.0 0.09987502603949663 0.004997916927067834 0.0 0.8775825618903728 0.479425538604203 0.0 0.1 1.0
s 0.8775825618903728 0.479425538604203 0.0 -0.39859637855648306 0.8709489764975944 0.2873478855663454 0.13807921244038343 -0.25275230299584717 0.9576274872945841 1.0 1.0 0.8775825618903728 0.479425538604203 0.0 -0.39859637855648306 0.8709489764975944 0.2873478855663454 1.0 2.0
s -0.39859637855648306 0.8709489764975944 0.2873478855663454 -0.8969628300582488 -0.3359893958958339 -0.2873478855663454 -0.1537435140353627 -0.3723343456140114 0.9152759512672909 1.0 1.0 -0.39859637855648306 0.8709489764975944 0.2873478855663454 -0.8969628300582488 -0.3359893958958339 -0.2873478855663454 1.0 3.0
s -0.8969628300582488 -0.3359893958958339 -0.2873478855663454 0.2805238471386536 -0.9483150748622418 0.14834045293024462 -0.3224329819611792 0.05246353097466939 0.9451373180979005 1.0 1.0 -0.8969628300582488 -0.3359893958958339 -0.2873478855663454 0.2805238471386536 -0.9483150748622418 0.14834045293024462 1.0 4.0
s 0.2805238471386536 -0.9483150748622418 0.14834045293024462 0.9999999999999951 0.0 -9.99999999999995e-08 9.879856009451416e-08 0.1545459553823969 0.9879856009451415 1.0 1.0 0.2805238471386536 -0.9483150748622418 0.14834045293024462 0.09999999999999952 0.0 -9.99999999999995e-09 0.1 5.0
p 0.9096684574333447 -0.4153351629116408 1e-08 0.45483422871667234 -0.2076675814558204 5e-09
p 0.9216345777149549 0.3880588939325758 -4.999999999999993e-08 0.9216345777149549 0.3880588939325758 -4.999999999999993e-08
p 0.11557217257571285 0.9932990853343869 1e-08 0.11557217257571285 0.9932990853343869 1e-08
p 0.9072587645141736 -0.42057286433174146 -9.99999999999995e-08 0.9072587645141736 -0.42057286433174146 -9.99999999999995e-08
p 0.9957585568262648 -0.09200487218769653 -9.999999999995e-07 0.9957585568262648 -0.09200487218769653 -9.999999999995e-07
p 0.5699870383503302 0.821653683806389 -9.99999999999995e-08 0.5699870383503302 0.821653683806389 -9.99999999999995e-08
p 0.9967579056649705 -0.08045916662743223 -2.9999999999999984e-08 1.993515811329941 -0.16091833325486446 -5.999999999999997e-08
p 0.13126408210322982 0.9913474369511399 4.9999999999999945e-08 0.26252816420645964 1.9826948739022798 9.999999999999989e-08
p 0.9545511132241937 -0.29804726511486807 -1e-08 1.9091022264483875 -0.5960945302297361 -2e-08
p 0.10780226918471418 0.9941723546541749 -1e-08 0.05390113459235709 0.49708617732708743 -5e-09
p 0.916281085837112 -0.40053585574472694 -4.9999999999999945e-08 1.832562171674224 -0.8010717114894539 -9.999999999999989e-08
p 0.45589684963222266 0.890032618781702 1e-08 0.22794842481611133 0.445016309390851 5e-09
p 0.9998370843232488 -0.018050064043759827 2.9999999999999984e-08 0.4999185421616244 -0.009025032021879913 1.4999999999999992e-08
p 0.9024733674363388 0.4307456570507854 -4.9999999999999945e-08 0.9024733674363388 0.4307456570507854 -4.9999999999999945e-08
p 0.994441215926962 0.10529324795875156 4.9999999999999945e-08 0.497220607963481 0.05264662397937578 2.4999999999999972e-08
p 0.9957507799617761 0.09208900154476846 4.9999999999999945e-08 1.9915015599235522 0.1841780030895369 9.999999999999989e-08
p 0.6377927677659193 0.7702080143607233 1e-08 0.6377927677659193 0.7702080143607233 1e-08
p 0.9977852128499413 0.06651818561864511 2.9999999999999984e-08 1.9955704256998825 0.13303637123729023 5.999999999999997e-08
p 0.8629581163363523 0.5052754589807569 -9.999999999995e-07 0.8629581163363523 0.5052754589807569 -9.999999999995e-07
p 0.09709215871374562 0.9952753954139 -9.99999999999995e-08 0.09709215871374562 0.9952753954139 -9.99999999999995e-08
p 0.9716417771607087 -0.2364577274587991 9.999999999995e-07 0.9716417771607087 -0.2364577274587991 9.999999999995e-07
p -0.0038081567957329618 0.9999927489446195 -4.9999999999999945e-08 -0.0038081567957329618 0.9999927489446195 -4.9999999999999945e-08
p 0.9828980256415585 0.1841506752361134 -9.99999999999995e-08 0.49144901282077924 0.0920753376180567 -4.999999999999975e-08
p 0.9604225338992245 0.2785472246829836 -1.9999999999999997e-08 1.920845067798449 0.5570944493659672 -3.9999999999999994e-08
p 0.25623940132338296 0.9666133504196152 -2.999999999999999e-08 0.25623940132338296 0.9666133504196152 -2.999999999999999e-08
p 0.9968656100925185 0.07911356024640152 9.99999999999995e-08 0.49843280504625925 0.03955678012320076 4.999999999999975e-08
p 0.9989653698002859 -0.04547735634111788 -2.9999999999999984e-08 1.9979307396005719 -0.09095471268223576 -5.999999999999997e-08
p 0.9651821536447499 0.2615786885158697 -1e-08 0.48259107682237495 0.13078934425793484 -5e-09
p 0.2555970249473202 0.9667834094760206 2e-08 0.2555970249473202 0.9667834094760206 2e-08
p 0.6736296080548174 0.7390691112141768 9.999999999995002e-07 1.3472592161096348 1.4781382224283537 1.9999999999990004e-06
p 0.9719878108288554 -0.23503126515238237 9.999999999995002e-07 1.9439756216577109 -0.47006253030476475 1.9999999999990004e-06
p 0.696203651774337 0.7178443252231487 9.999999999995e-07 0.696203651774337 0.7178443252231487 9.999999999995e-07
p 0.1572005071959115 0.9875667068797673 -1e-08 0.314401014391823 1.9751334137595347 -2e-08
p 0.1250586963682381 0.9921493448381027 -1.9999999999999997e-08 0.2501173927364762 1.9842986896762054 -3.9999999999999994e-08
p 0.8871366541068489 0.46150683303728574 -1e-08 1.7742733082136979 0.9230136660745715 -2e-08
p 0.18895352667974133 0.9819860308351068 -2.9999999999999984e-08 0.18895352667974133 0.9819860308351068 -2.9999999999999984e-08
p 0.8979626753619268 0.4400716233249438 9.999999999995002e-07 0.8979626753619268 0.4400716233249438 9.999999999995002e-07
p 0.9897500340805045 -0.14281060898140446 -1.9999999999999997e-08 1.979500068161009 -0.2856212179628089 -3.9999999999999994e-08
p 0.09862326488239805 0.9951248422303284 1.9999999999999997e-08 0.04931163244119902 0.4975624211151642 9.999999999999999e-09
p 0.783831430606108 0.6209736615944188 4.9999999999999945e-08 0.391915715303054 0.3104868307972094 2.4999999999999972e-08
case 34 6 40
s 0.9950041652780258 -0.09983341664682815 -1e-08 0.9987502603949663 0.04997916927067833 0.0 3.344472287185995e-09 -6.683369524652017e-08 0.9999999999999978 1.0 1.0 0.000995004165278026 -9.983341664682815e-05 -1.0000000000000001e-11 0.0009987502603949663 4.997916927067833e-05 0.0 0.001 0.0
s 0.9987502603949663 0.04997916927067833 0.0 0.8775825618903728 0.479425538604203 0.0 0.0 0.0 1.0 1.0 1.0 0.0009987502603949663 4.997916927067833e-05 0.0 0.8775825618903728 0.479425538604203 0.0 0.001 1.0
s 0.8775825618903728 0.479425538604203 0.0 -0.39859637855648306 0.8709489764975944 -0.2873478855663454 -0.13807921244038343 0.25275230299584717 0.9576274872945841 1.0 1.0 0.8775825618903728 0.479425538604203 0.0 -0.39859637855648306 0.8709489764975944 -0.2873478855663454 1.0 2.0
s -0.39859637855648306 0.8709489764975944 -0.2873478855663454 -0.8969628300582488 -0.3359893958958339 0.2873478855663454 0.1537435140353627 0.3723343456140114 0.9152759512672909 1.0 1.0 -0.39859637855648306 0.8709489764975944 -0.2873478855663454 -0.8969628300582488 -0.3359893958958339 0.2873478855663454 1.0 3.0
s -0.8969628300582488 -0.3359893958958339 0.2873478855663454 0.2805238471386536 -0.9483150748622418 -0.14834045293024462 0.3224329819611792 -0.05246353097466939 0.9451373180979005 1.0 1.0 -0.8969628300582488 -0.3359893958958339 0.2873478855663454 0.2805238471386536 -0.9483150748622418 -0.14834045293024462 1.0 4.0
s 0.2805238471386536 -0.9483150748622418 -0.14834045293024462 0.9950041652780258 -0.09983341664682815 -1e-08 -0.01596673810083424 -0.15913490012780643 0.9871277256949743 1.0 1.0 0.2805238471386536 -0.9483150748622418 -0.14834045293024462 0.000995004165278026 -9.983341664682815e-05 -1.0000000000000001e-11 0.001 5.0
p 0.994189287928364 -0.10764599281205213 -2e-08 1.988378575856728 -0.21529198562410426 -4e-08
p 0.9999950615213036 -0.0031427586614726447 -9.999999999995e-07 0.4999975307606518 -0.0015713793307363224 -4.9999999999975e-07
p 0.967019737894108 0.254701445860069 -2.9999999999999984e-08 1.934039475788216 0.509402891720138 -5.999999999999997e-08
p 0.9242853982546638 -0.3817021123510028 1e-08 0.4621426991273319 -0.1908510561755014 5e-09
p 0.3451231773573455 0.9385573996569244 -4.999999999999993e-08 0.17256158867867274 0.4692786998284622 -2.4999999999999966e-08
p 0.9895182366875134 0.14440796121693558 4.9999999999999945e-08 0.4947591183437567 0.07220398060846779 2.4999999999999972e-08
p 0.41434407022699565 0.9101203170283177 -2.9999999999999984e-08 0.20717203511349783 0.4550601585141589 -1.4999999999999992e-08
p 0.583861152389129 0.8118535303432743 -1.9999999999999997e-08 0.2919305761945645 0.40592676517163717 -9.999999999999999e-09
p 0.6097298031591677 0.7926093408101387 -2e-08 0.6097298031591677 0.7926093408101387 -2e-08
p 0.9853185764414419 -0.17072581210643165 9.99999999999995e-08 1.9706371528828839 -0.3414516242128633 1.99999999999999e-07
p 0.9596278508206059 -0.2812727998392738 2.9999999999999984e-08 1.9192557016412117 -0.5625455996785476 5.999999999999997e-08
p 0.19083369272011916 0.981622382447957 -1e-08 0.09541684636005958 0.4908111912239785 -5e-09
p 0.6478951224227208 0.7617295519676506 -9.99999999999995e-08 1.2957902448454417 1.5234591039353012 -1.99999999999999e-07
p 0.008569864899102636 0.999963278033553 -4.9999999999999945e-08 0.017139729798205272 1.999926556067106 -9.999999999999989e-08
p 0.9982176115779524 -0.05967914154548406 4.9999999999999945e-08 1.9964352231559048 -0.11935828309096812 9.999999999999989e-08
p 0.9965231890414168 -0.08331586705258597 -1.9999999999999997e-08 0.9965231890414168 -0.08331586705258597 -1.9999999999999997e-08
p 0.4262430397710093 0.904608683932876 -1e-08 0.8524860795420186 1.809217367865752 -2e-08
p 0.9833786336491153 0.18156668990318223 2.9999999999999984e-08 0.49168931682455763 0.09078334495159111 1.4999999999999992e-08
p 0.9989978504900247 -0.04475818042894888 -9.999999999995e-07 0.4994989252450123 -0.02237909021447444 -4.9999999999975e-07
p 0.1592861397297837 0.987232457777794 -1e-08 0.1592861397297837 0.987232457777794 -1e-08
p 0.9938661731154469 0.11058946575893494 9.99999999999995e-08 0.9938661731154469 0.11058946575893494 9.99999999999995e-08
p 0.8991329944115609 0.4376755172048009 9.99999999999995e-08 0.44956649720578046 0.21883775860240046 4.999999999999975e-08
p 0.13232545645271318 0.9912063224044634 1e-08 0.13232545645271318 0.9912063224044634 1e-08
p 0.5775275763004762 0.8163711769847694 -9.999999999995e-07 0.5775275763004762 0.8163711769847694 -9.999999999995e-07
p 0.16710457466069975 0.9859391771947519 -4.9999999999999945e-08 0.3342091493213995 1.9718783543895038 -9.999999999999989e-08
p 0.9966376598045867 -0.08193518816257667 1e-08 0.9966376598045867 -0.08193518816257667 1e-08
p 0.721910746004008 0.6919861810787385 1e-08 0.721910746004008 0.6919861810787385 1e-08
p 0.9785741602886778 0.20589466436821363 9.99999999999995e-08 1.9571483205773557 0.41178932873642726 1.99999999999999e-07
p 0.5376932283217314 0.8431405530615594 -4.9999999999999945e-08 1.0753864566434628 1.6862811061231189 -9.999999999999989e-08
p 0.9214189842107154 0.3885705283936023 9.999999999999948e-08 0.4607094921053577 0.19428526419680114 4.999999999999974e-08
p 0.17805762746003648 0.9840200614333496 -9.99999999999995e-08 0.08902881373001824 0.4920100307166748 -4.999999999999975e-08
p 0.030509069747644228 0.9995344899817771 4.9999999999999945e-08 0.015254534873822114 0.49976724499088854 2.4999999999999972e-08
p 0.7777532874792625 0.628569665045331 1e-08 0.7777532874792625 0.628569665045331 1e-08
p 0.9927425803456865 -0.12025875921773077 -1e-08 0.9927425803456865 -0.12025875921773077 -1e-08
p 0.886750857648319 0.4622476786961405 -1.9999999999999997e-08 0.4433754288241595 0.23112383934807024 -9.999999999999999e-09
p 0.9588860688760906 0.2837913087382295 2e-08 1.9177721377521812 0.567582617476459 4e-08
p 0.018040918491149246 0.9998372493861118 9.99999999999995e-08 0.018040918491149246 0.9998372493861118 9.99999999999995e-08
p 0.5745462736875261 0.8184721005579703 -4.9999999999999945e-08 0.5745462736875261 0.8184721005579703 -4.9999999999999945e-08
p 0.9699696944318535 -0.24322580431312546 9.99999999999995e-08 0.9699696944318535 -0.24322580431312546 9.99999999999995e-08
p 0.1262819304060865 0.9919943921479155 -1e-08 0.06314096520304326 0.49599719607395776 -5e-09
case 35 6 40
s 0.9987502603949663 0.04997916927067833 0.0 0.9553364891255905 -0.29552020666133477 1.7999999999999709e-07 2.6235952149940874e-08 -5.242817042346508e-07 -0.9999999999998622 1.0 1.0 0.09987502603949663 0.004997916927067834 0.0 0.09553364891255905 -0.02955202066613348 1.799999999999971e-08 0.1 0.0
s 0.8775825618903728 0.479425538604203 0.0 0.9987502603949663 0.04997916927067833 0.0 0.0 0.0 -1.0 1.0 1.0 1.7551651237807455 0.958851077208406 0.0 0.09987502603949663 0.004997916927067834 0.0 0.1 1.0
s -0.3722130460563617 0.813300343259146 0.4472135954999579 0.8775825618903728 0.479425538604203 0.0 -0.21483604456352498 0.3932547417548017 -0.8939777301721019 1.0 1.0 -0.7444260921127234 1.626600686518292 0.8944271909999159 1.7551651237807455 0.958851077208406 0.0 2.0 2.0
s -0.8375923243065936 -0.31375005699231057 -0.4472135954999579 -0.3722130460563617 0.813300343259146 0.4472135954999579 0.22573907030675272 0.5466923892662394 -0.8063307656634549 1.0 1.0 -1.6751846486131872 -0.6275001139846211 -0.8944271909999159 -0.7444260921127234 1.626600686518292 0.8944271909999159 2.0 3.0
s 0.2751927418019831 -0.9302931932717461 0.24253562503633297 -0.8375923243065936 -0.31375005699231057 -0.4472135954999579 0.4926817704433339 -0.08016495448787829 -0.8665092343101592 1.0 1.0 0.5503854836039662 -1.8605863865434922 0.48507125007266594 -1.6751846486131872 -0.6275001139846211 -0.8944271909999159 2.0 4.0
s 0.9553364891255905 -0.29552020666133477 1.7999999999999709e-07 0.2751927418019831 -0.9302931932717461 0.24253562503633297 -0.08501666916415859 -0.2748363624420894 -0.9577249813197067 1.0 1.0 0.09553364891255905 -0.02955202066613348 1.799999999999971e-08 0.5503854836039662 -1.8605863865434922 0.48507125007266594 0.1 5.0
p 0.9862551304740959 -0.16522959060811157 9.999999999995e-07 1.9725102609481917 -0.33045918121622314 1.999999999999e-06
p 0.9867978835524016 0.16195658991375161 9.99999999999995e-08 1.9735957671048032 0.32391317982750323 1.99999999999999e-07
p 0.8661248602839311 0.4998276967097162 -2.9999999999999984e-08 1.7322497205678622 0.9996553934194324 -5.999999999999997e-08
p 0.6240105383680827 0.7814159251036388 1e-08 0.31200526918404137 0.3907079625518194 5e-09
p 0.9992016225196348 -0.03995143995063344 2e-08 0.9992016225196348 -0.03995143995063344 2e-08
p 0.38897789627351886 0.9212470874909824 9.99999999999995e-08 0.38897789627351886 0.9212470874909824 9.99999999999995e-08
p 0.9997427338332484 -0.022681846212620007 -9.99999999999995e-08 1.9994854676664968 -0.045363692425240014 -1.99999999999999e-07
p 0.3380131882926089 0.9411413733017295 -1e-08 0.3380131882926089 0.9411413733017295 -1e-08
p 0.8605643215229828 0.5093417796741972 -9.99999999999995e-08 0.4302821607614914 0.2546708898370986 -4.999999999999975e-08
p 0.8706164993708333 0.4919623065055654 9.999999999995e-07 1.7412329987416666 0.9839246130111308 1.999999999999e-06
p 0.38216503615808894 0.9240940888991144 4.9999999999999945e-08 0.19108251807904447 0.4620470444495572 2.4999999999999972e-08
p 0.46691732533578223 0.8843009732558702 -1e-08 0.9338346506715645 1.7686019465117404 -2e-08
p 0.9967699629729063 0.08030965642429724 -4.9999999999999945e-08 0.9967699629729063 0.08030965642429724 -4.9999999999999945e-08
p 0.5342362451236982 0.8453352201323046 -1e-08 0.5342362451236982 0.8453352201323046 -1e-08
p 0.054414805876613695 0.998518416905973 -9.999999999995e-07 0.10882961175322739 1.997036833811946 -1.999999999999e-06
p 0.22089327903007905 0.9752979848637735 4.9999999999999945e-08 0.11044663951503952 0.48764899243188675 2.4999999999999972e-08
p -0.015845148762301232 0.999874457749422 9.999999999995e-07 -0.007922574381150616 0.499937228874711 4.9999999999975e-07
p 0.8482024966403738 0.5296720916690197 -4.9999999999999945e-08 1.6964049932807477 1.0593441833380395 -9.999999999999989e-08
p 0.883413239493763 -0.4685947591332253 -9.99999999999995e-08 1.766826478987526 -0.9371895182664506 -1.99999999999999e-07
p 0.9910073217308996 0.13380765402528152 1e-08 1.9820146434617991 0.26761530805056305 2e-08
p 0.825886775388793 0.5638359994164076 4.9999999999999945e-08 0.825886775388793 0.5638359994164076 4.9999999999999945e-08
p 0.9453892124912198 -0.32594361000828104 2.9999999999999984e-08 1.8907784249824395 -0.6518872200165621 5.999999999999997e-08
p 0.741256551567151 0.6712218148710422 1e-08 0.3706282757835755 0.3356109074355211 5e-09
p 0.9982990037223275 0.058301793857546476 -1.9999999999999997e-08 1.996598007444655 0.11660358771509295 -3.9999999999999994e-08
p 0.9597292481058797 -0.2809266280189935 2.9999999999999984e-08 0.9597292481058797 -0.2809266280189935 2.9999999999999984e-08
p 0.2685864811491664 0.9632555746752306 9.999999999995002e-07 0.5371729622983328 1.9265111493504612 1.9999999999990004e-06
p 0.9597415300437084 0.28088466584945687 1.9999999999999997e-08 1.9194830600874169 0.5617693316989137 3.9999999999999994e-08
p 0.6414255474972277 0.7671852885821532 -9.999999999995e-07 0.32071277374861384 0.3835926442910766 -4.9999999999975e-07
p 0.8891459982142775 -0.4576236377849543 -2.9999999999999984e-08 1.778291996428555 -0.9152472755699086 -5.999999999999997e-08
p 0.30916902095827103 0.9510071064296545 -1e-08 0.15458451047913552 0.47550355321482723 -5e-09
p 0.996866748393414 -0.0790992158465503 -4.999999999999993e-08 0.498433374196707 -0.03954960792327515 -2.4999999999999966e-08
p 0.0720537101223215 0.9974007533873264 4.9999999999999945e-08 0.0720537101223215 0.9974007533873264 4.9999999999999945e-08
p 0.9958733723075125 -0.09075365738559625 1.9999999999999997e-08 1.991746744615025 -0.1815073147711925 3.9999999999999994e-08
p 0.8899843197846317 -0.45599112988794693 9.999999999995e-07 0.8899843197846317 -0.45599112988794693 9.999999999995e-07
p 0.9915633364261925 -0.1296231069499377 -4.9999999999999945e-08 1.983126672852385 -0.2592462138998754 -9.999999999999989e-08
p 0.6084730241133142 0.7935745578875357 1.9999999999999997e-08 1.2169460482266283 1.5871491157750715 3.9999999999999994e-08
p 0.08393182599119761 0.9964714991337095 2.9999999999999984e-08 0.16786365198239522 1.992942998267419 5.999999999999997e-08
p 0.8836466870081157 0.46815438963933814 -9.999999999995e-07 0.8836466870081157 0.46815438963933814 -9.999999999995e-07
p 0.3685451226726291 0.9296098604007037 2.9999999999999984e-08 0.18427256133631456 0.46480493020035185 1.4999999999999992e-08
p 0.5809237397688537 0.8139579894398533 2.9999999999999984e-08 0.29046186988442685 0.40697899471992666 1.4999999999999992e-08
case 36 6 40
s 0.9987502603949663 0.04997916927067833 0.0 0.9989876708478411 0.04498481403766017 -4.999999999999993e-08 -4.997937751532528e-07 9.987544218165823e-06 -0.9999999999499996 1.0 1.0 0.0009987502603949663 4.997916927067833e-05 0.0 0.000998987670847841 4.498481403766017e-05 -4.999999999999993e-11 0.001 0.0
s 0.8775825618903728 0.479425538604203 0.0 0.9987502603949663 0.04997916927067833 0.0 0.0 0.0 -1.0 1.0 1.0 0.8775825618903728 0.479425538604203 0.0 0.0009987502603949663 4.997916927067833e-05 0.0 0.001 1.0
s -0.39859637855648306 0.8709489764975944 0.2873478855663454 0.8775825618903728 0.479425538604203 0.0 -0.13807921244038343 0.25275230299584717 -0.9576274872945841 1.0 1.0 -0.39859637855648306 0.8709489764975944 0.2873478855663454 0.8775825618903728 0.479425538604203 0.0 1.0 2.0
s -0.8969628300582488 -0.3359893958958339 -0.2873478855663454 -0.39859637855648306 0.8709489764975944 0.2873478855663454 0.1537435140353627 0.3723343456140114 -0.9152759512672909 1.0 1.0 -0.8969628300582488 -0.3359893958958339 -0.2873478855663454 -0.39859637855648306 0.8709489764975944 0.2873478855663454 1.0 3.0
s 0.2805238471386536 -0.9483150748622418 0.14834045293024462 -0.8969628300582488 -0.3359893958958339 -0.2873478855663454 0.3224329819611792 -0.05246353097466939 -0.9451373180979005 1.0 1.0 0.2805238471386536 -0.9483150748622418 0.14834045293024462 -0.8969628300582488 -0.3359893958958339 -0.2873478855663454 1.0 4.0
s 0.9989876708478411 0.04498481403766017 -4.999999999999993e-08 0.2805238471386536 -0.9483150748622418 0.14834045293024462 0.006869714235015668 -0.15255835515542182 -0.9882705880975116 1.0 1.0 0.000998987670847841 4.498481403766017e-05 -4.999999999999993e-11 0.2805238471386536 -0.9483150748622418 0.14834045293024462 0.001 5.0
p 0.9832477414875508 0.1822741859359968 9.999999999995e-07 0.9832477414875508 0.1822741859359968 9.999999999995e-07
p 0.902706318244014 0.43025725212056143 -1.9999999999999997e-08 0.902706318244014 0.43025725212056143 -1.9999999999999997e-08
p 0.7744345440501608 0.6326540420971144 4.9999999999999945e-08 1.5488690881003215 1.2653080841942288 9.999999999999989e-08
p 0.6989730005141896 0.7151480577832753 -9.999999999995002e-07 0.6989730005141896 0.7151480577832753 -9.999999999995002e-07
p 0.2795448908618262 0.9601326231271631 4.999999999999993e-08 0.5590897817236524 1.9202652462543262 9.999999999999986e-08
p 0.9986843118602542 0.051280066733674766 -1.9999999999999997e-08 0.9986843118602542 0.051280066733674766 -1.9999999999999997e-08
p 0.5076377686452742 0.861570598294096 1.9999999999999997e-08 0.5076377686452742 0.861570598294096 1.9999999999999997e-08
p 0.9955656170274768 -0.09406966669814072 1e-08 1.9911312340549536 -0.18813933339628144 2e-08
p 0.9968299860348974 0.07956116478323792 -2.9999999999999984e-08 0.4984149930174487 0.03978058239161896 -1.4999999999999992e-08
p 0.9946852582661851 -0.10296230857907245 -1.9999999999999997e-08 1.9893705165323703 -0.2059246171581449 -3.9999999999999994e-08
p 0.22813567725992245 0.97362935081126 -2.9999999999999984e-08 0.22813567725992245 0.97362935081126 -2.9999999999999984e-08
p 0.7104867492137225 0.7037105791386944 -1.9999999999999997e-08 0.35524337460686123 0.3518552895693472 -9.999999999999999e-09
p 0.9985396020125165 0.05402465373961799 -9.999999999995002e-07 1.997079204025033 0.10804930747923598 -1.9999999999990004e-06
p 0.97126132203787 -0.2380156387997416 1e-08 1.94252264407574 -0.4760312775994832 2e-08
p 0.954577559583402 -0.29796255257967547 2.9999999999999984e-08 0.477288779791701 -0.14898127628983773 1.4999999999999992e-08
p 0.7861279677860266 0.6180637655328226 1e-08 0.7861279677860266 0.6180637655328226 1e-08
p 0.8605802323334937 0.5093148964214862 2.9999999999999984e-08 0.43029011616674684 0.2546574482107431 1.4999999999999992e-08
p 0.1946083059543586 0.9808810362391379 9.99999999999995e-08 0.3892166119087172 1.9617620724782758 1.99999999999999e-07
p 0.9002647869386153 0.43534275392886385 -4.9999999999999945e-08 0.45013239346930767 0.21767137696443192 -2.4999999999999972e-08
p 0.5573608491423777 0.8302703679177572 9.999999999995002e-07 1.1147216982847554 1.6605407358355144 1.9999999999990004e-06
p 0.5470199225301408 0.837119587845798 -1e-08 0.2735099612650704 0.418559793922899 -5e-09
p 0.9728486477987675 0.23144223572224157 -1e-08 1.945697295597535 0.46288447144448314 -2e-08
p 0.6103154146671481 0.7921585034698966 2.9999999999999984e-08 0.30515770733357406 0.3960792517349483 1.4999999999999992e-08
p 0.06470255558655948 0.9979045942877341 -2.9999999999999984e-08 0.12940511117311895 1.9958091885754683 -5.999999999999997e-08
p 0.633463463018632 0.7737726029140859 -4.999999999999993e-08 0.316731731509316 0.38688630145704295 -2.4999999999999966e-08
p 0.9810145100769139 0.1939343471862389 1e-08 0.9810145100769139 0.1939343471862389 1e-08
p 0.9113487152865466 0.4116351772450349 -9.99999999999995e-08 1.8226974305730932 0.8232703544900698 -1.99999999999999e-07
p 0.6875426905475187 0.7261439586436556 -1e-08 0.34377134527375935 0.3630719793218278 -5e-09
p 0.49811805025157235 0.8671092249616377 1e-08 0.9962361005031447 1.7342184499232753 2e-08
p 0.6225380421677581 0.7825895386816291 9.99999999999995e-08 1.2450760843355162 1.5651790773632581 1.99999999999999e-07
p 0.5364282612662455 0.8439459227432008 1e-08 0.26821413063312277 0.4219729613716004 5e-09
p 0.13733548127922254 0.990524591104029 1.9999999999999997e-08 0.06866774063961127 0.4952622955520145 9.999999999999999e-09
p 0.300931919873652 0.9536456257966887 -1e-08 0.300931919873652 0.9536456257966887 -1e-08
p 0.9938028687957893 0.11115690699753755 1e-08 0.49690143439789464 0.055578453498768776 5e-09
p 0.28393123809158755 0.9588446443688248 9.999999999995e-07 0.5678624761831751 1.9176892887376495 1.999999999999e-06
p 0.8780361169133521 -0.4785943766862719 2.9999999999999984e-08 0.8780361169133521 -0.4785943766862719 2.9999999999999984e-08
p 0.99945326726052 0.03306306946219473 9.99999999999995e-08 0.99945326726052 0.03306306946219473 9.99999999999995e-08
p 0.9960770833741253 0.08848979589136796 1e-08 0.9960770833741253 0.08848979589136796 1e-08
p 0.12374245681505072 0.9923143677184039 9.999999999995002e-07 0.24748491363010144 1.9846287354368077 1.9999999999990004e-06
p 0.41769561731822935 0.9085870190978645 1e-08 0.8353912346364587 1.817174038195729 2e-08
case 37 6 40
s 0.9987502603949663 0.04997916927067833 0.0 0.9989876708478262 0.044984814037659505 -1.7999999999999709e-07 -1.7992575894757457e-06 3.595515916389562e-05 -0.9999999993519947 1.0 1.0 0.009987502603949663 0.0004997916927067833 0.0 0.009989876708478262 0.00044984814037659504 -1.7999999999999708e-09 0.01 0.0
s 0.8775825618903728 0.479425538604203 0.0 0.9987502603949663 0.04997916927067833 0.0 0.0 0.0 -1.0 1.0 1.0 0.4387912809451864 0.2397127693021015 0.0 0.009987502603949663 0.0004997916927067833 0.0 0.01 1.0
s -0.39859637855648306 0.8709489764975944 0.2873478855663454 0.8775825618903728 0.479425538604203 0.0 -0.13807921244038343 0.25275230299584717 -0.9576274872945841 1.0 1.0 -0.19929818927824153 0.4354744882487972 0.1436739427831727 0.4387912809451864 0.2397127693021015 0.0 0.5 2.0
s -0.8969628300582488 -0.3359893958958339 -0.2873478855663454 -0.39859637855648306 0.8709489764975944 0.2873478855663454 0.1537435140353627 0.3723343456140114 -0.9152759512672909 1.0 1.0 -0.4484814150291244 -0.16799469794791694 -0.1436739427831727 -0.19929818927824153 0.4354744882487972 0.1436739427831727 0.5 3.0
s 0.2805238471386536 -0.9483150748622418 0.14834045293024462 -0.8969628300582488 -0.3359893958958339 -0.2873478855663454 0.3224329819611792 -0.05246353097466939 -0.9451373180979005 1.0 1.0 0.1402619235693268 -0.4741575374311209 0.07417022646512231 -0.4484814150291244 -0.16799469794791694 -0.1436739427831727 0.5 4.0
s 0.9989876708478262 0.044984814037659505 -1.7999999999999709e-07 0.2805238471386536 -0.9483150748622418 0.14834045293024462 0.006869587286869805 -0.15255839195768653 -0.9882705832988216 1.0 1.0 0.009989876708478262 0.00044984814037659504 -1.7999999999999708e-09 0.1402619235693268 -0.4741575374311209 0.07417022646512231 0.01 5.0
p 0.39214344183338873 0.9199040825140761 -9.999999999995002e-07 0.7842868836667775 1.8398081650281521 -1.9999999999990004e-06
p 0.9909888935479328 0.13394406617929497 1.9999999999999997e-08 0.9909888935479328 0.13394406617929497 1.9999999999999997e-08
p 0.9678921998910311 0.25136564878697976 2.9999999999999984e-08 0.4839460999455156 0.12568282439348988 1.4999999999999992e-08
p 0.9986974424638972 0.05102370445254731 -9.99999999999995e-08 0.9986974424638972 0.05102370445254731 -9.99999999999995e-08
p 0.8992014618673365 -0.43753483401398335 -2.9999999999999984e-08 0.44960073093366826 -0.21876741700699168 -1.4999999999999992e-08
p 0.3660059950961828 0.9306124926915886 2.9999999999999984e-08 0.3660059950961828 0.9306124926915886 2.9999999999999984e-08
p 0.9967566065416917 0.0804752590271626 4.9999999999999945e-08 1.9935132130833835 0.1609505180543252 9.999999999999989e-08
p 0.9408345193688218 -0.33886635590456315 1e-08 0.4704172596844109 -0.16943317795228158 5e-09
p 0.9428535892912887 -0.33320730658335346 -2.9999999999999984e-08 1.8857071785825774 -0.6664146131667069 -5.999999999999997e-08
p 0.6657936993278846 0.7461358790028056 -2.9999999999999984e-08 0.3328968496639423 0.3730679395014028 -1.4999999999999992e-08
p 0.7366686297024382 0.6762538946374587 2.9999999999999984e-08 0.7366686297024382 0.6762538946374587 2.9999999999999984e-08
p 0.37441140254615707 0.9272626928996006 -1.9999999999999997e-08 0.7488228050923141 1.8545253857992012 -3.9999999999999994e-08
p 0.9237572993269072 -0.3829783961795351 9.99999999999995e-08 0.9237572993269072 -0.3829783961795351 9.99999999999995e-08
p 0.8903081991835323 -0.455358441742959 -1e-08 0.8903081991835323 -0.455358441742959 -1e-08
p 0.9967467427937713 -0.08059733699079401 1e-08 1.9934934855875426 -0.16119467398158802 2e-08
p 0.9877941048193964 -0.1557652287387857 2.9999999999999984e-08 0.4938970524096982 -0.07788261436939285 1.4999999999999992e-08
p 0.9625714686070553 0.271027983469707 2.9999999999999984e-08 1.9251429372141107 0.542055966939414 5.999999999999997e-08
p 0.9994390629711555 0.03348969106065067 -2.9999999999999984e-08 0.49971953148557774 0.016744845530325334 -1.4999999999999992e-08
p 0.8175688985323467 0.5758307877776287 2.9999999999999984e-08 1.6351377970646934 1.1516615755552575 5.999999999999997e-08
p 0.6273690646072893 0.7787220664484681 4.999999999999993e-08 1.2547381292145785 1.5574441328969362 9.999999999999986e-08
p 0.9523231016663145 -0.3050913142530415 -4.9999999999999945e-08 0.9523231016663145 -0.3050913142530415 -4.9999999999999945e-08
p 0.9635296634342756 -0.26760154648697737 9.99999999999995e-08 0.4817648317171378 -0.13380077324348869 4.999999999999975e-08
p 0.9896716319243554 0.14335292450167672 9.999999999995002e-07 0.4948358159621777 0.07167646225083836 4.999999999997501e-07
p 0.5970109302609279 0.802233101504157 -4.9999999999999945e-08 0.5970109302609279 0.802233101504157 -4.9999999999999945e-08
p 0.09411005778995737 0.9955617997004355 2.9999999999999984e-08 0.18822011557991475 1.991123599400871 5.999999999999997e-08
p 0.3764197227901044 0.9264492389195538 1.9999999999999997e-08 0.1882098613950522 0.4632246194597769 9.999999999999999e-09
p 0.992585342988821 -0.12154973008511273 -2.9999999999999984e-08 0.4962926714944105 -0.060774865042556366 -1.4999999999999992e-08
p 0.5749299806751329 0.8182026138554505 9.999999999995e-07 0.28746499033756645 0.40910130692772523 4.9999999999975e-07
p 0.9555184950146978 -0.2949311880504442 -1.9999999999999997e-08 0.9555184950146978 -0.2949311880504442 -1.9999999999999997e-08
p 0.6035012095598281 0.7973620821557947 -1e-08 1.2070024191196562 1.5947241643115895 -2e-08
p 0.15376039738009456 0.9881081621955738 -2.9999999999999984e-08 0.07688019869004728 0.4940540810977869 -1.4999999999999992e-08
p 0.3593308538939085 0.933210232177013 -1e-08 0.17966542694695425 0.4666051160885065 -5e-09
p 0.9959250182051193 0.09018513243946107 -9.99999999999995e-08 0.4979625091025596 0.04509256621973053 -4.999999999999975e-08
p 0.6080588513206415 0.7938919531841987 1e-08 0.6080588513206415 0.7938919531841987 1e-08
p 0.026753157281035514 0.9996420702308834 9.99999999999995e-08 0.05350631456207103 1.9992841404617667 1.99999999999999e-07
p 0.9981054100004942 -0.061527152768047905 -4.999999999999993e-08 1.9962108200009885 -0.12305430553609581 -9.999999999999986e-08
p 0.6191664456437477 0.7852597739531076 4.9999999999999945e-08 1.2383328912874954 1.5705195479062153 9.999999999999989e-08
p 0.9475957951656196 0.31947176555125495 -2.9999999999999984e-08 0.4737978975828098 0.15973588277562747 -1.4999999999999992e-08
p 0.9372173053489168 -0.34874592836980217 1e-08 0.9372173053489168 -0.34874592836980217 1e-08
p 0.11144971960055175 0.9937700740115674 -4.9999999999999945e-08 0.11144971960055175 0.9937700740115674 -4.9999999999999945e-08
case 38 6 40
s 0.9992001066609779 0.03998933418663416 3e-09 0.9987502603949663 0.04997916927067833 0.0 -1.499400067996466e-08 2.996300719280394e-07 0.999999999999955 1.0 1.0 0.9992001066609779 0.03998933418663416 3e-09 0.9987502603949663 0.04997916927067833 0.0 1.0 0.0
s 0.9987502603949663 0.04997916927067833 0.0 0.8775825618903728 0.479425538604203 0.0 0.0 0.0 1.0 1.0 1.0 0.9987502603949663 0.04997916927067833 0.0 0.4387912809451864 0.2397127693021015 0.0 0.5 1.0
s 0.8775825618903728 0.479425538604203 0.0 -0.39859637855648306 0.8709489764975944 -0.2873478855663454 -0.13807921244038343 0.25275230299584717 0.9576274872945841 1.0 1.0 0.4387912809451864 0.2397127693021015 0.0 -0.19929818927824153 0.4354744882487972 -0.1436739427831727 0.5 2.0
s -0.39859637855648306 0.8709489764975944 -0.2873478855663454 -0.8969628300582488 -0.3359893958958339 0.2873478855663454 0.1537435140353627 0.3723343456140114 0.9152759512672909 1.0 1.0 -0.19929818927824153 0.4354744882487972 -0.1436739427831727 -0.4484814150291244 -0.16799469794791694 0.1436739427831727 0.5 3.0
s -0.8969628300582488 -0.3359893958958339 0.2873478855663454 0.2805238471386536 -0.9483150748622418 -0.14834045293024462 0.3224329819611792 -0.05246353097466939 0.9451373180979005 1.0 1.0 -0.4484814150291244 -0.16799469794791694 0.1436739427831727 0.1402619235693268 -0.4741575374311209 -0.07417022646512231 0.5 4.0
s 0.2805238471386536 -0.9483150748622418 -0.14834045293024462 0.9992001066609779 0.03998933418663416 3e-09 0.006114349865697413 -0.15277728741816798 0.988241729120394 1.0 1.0 0.1402619235693268 -0.4741575374311209 -0.07417022646512231 0.9992001066609779 0.03998933418663416 3e-09 0.5 5.0
p 0.46445363614871665 0.8855974366873675 9.999999999995002e-07 0.9289072722974333 1.771194873374735 1.9999999999990004e-06
p 0.7446384558861164 0.6674680292085451 2.9999999999999984e-08 0.7446384558861164 0.6674680292085451 2.9999999999999984e-08
p 0.9956364786188969 0.09331667827007217 -4.999999999999993e-08 0.9956364786188969 0.09331667827007217 -4.999999999999993e-08
p 0.22860636603708678 0.9735189414733068 -9.99999999999995e-08 0.22860636603708678 0.9735189414733068 -9.99999999999995e-08
p 0.27872818567926116 0.9603700320751093 2.9999999999999984e-08 0.13936409283963058 0.48018501603755465 1.4999999999999992e-08
p 0.9996565482653492 0.02620659287656007 -9.99999999999995e-08 0.9996565482653492 0.02620659287656007 -9.99999999999995e-08
p 0.29984320623750976 0.9539884966147182 2e-08 0.29984320623750976 0.9539884966147182 2e-08
p 0.1019075204546299 0.9947938767778924 2.999999999999999e-08 0.2038150409092598 1.9895877535557849 5.999999999999998e-08
p 0.9565489378842177 0.29157182551058514 -9.999999999995e-07 0.9565489378842177 0.29157182551058514 -9.999999999995e-07
p 0.9413900212787141 0.33732006734978315 -1e-08 1.8827800425574281 0.6746401346995663 -2e-08
p 0.7693048282178723 0.6388818993215178 -1e-08 0.7693048282178723 0.6388818993215178 -1e-08
p 0.9717614683389825 0.23596535476985278 -4.9999999999999945e-08 1.943522936677965 0.47193070953970556 -9.999999999999989e-08
p 0.9123308117428808 -0.40945389233047497 -1e-08 1.8246616234857616 -0.8189077846609499 -2e-08
p 0.5262272975145139 0.8503439488522108 -9.999999999995e-07 0.5262272975145139 0.8503439488522108 -9.999999999995e-07
p 0.31939014902524016 0.9476233073883495 -1.9999999999999997e-08 0.31939014902524016 0.9476233073883495 -1.9999999999999997e-08
p 0.9979741383282256 0.06362090244586263 -9.99999999999995e-08 0.9979741383282256 0.06362090244586263 -9.99999999999995e-08
p 0.8930813339179566 0.4498952444817819 2.9999999999999984e-08 1.7861626678359133 0.8997904889635638 5.999999999999997e-08
p 0.6665994710231469 0.7454160886583151 -9.999999999995002e-07 1.3331989420462937 1.4908321773166302 -1.9999999999990004e-06
p 0.9988828357216952 0.047255481159171664 9.999999999995e-07 0.4994414178608476 0.023627740579585832 4.9999999999975e-07
p 0.9999626634454892 -0.00864127970865457 1e-08 0.9999626634454892 -0.00864127970865457 1e-08
p 0.09112229968200404 0.9958397092407257 -9.99999999999995e-08 0.18224459936400808 1.9916794184814515 -1.99999999999999e-07
p 0.17413850882969314 0.9847211685256737 4.999999999999993e-08 0.17413850882969314 0.9847211685256737 4.999999999999993e-08
p 0.6719753428975372 0.740573520008471 -2e-08 1.3439506857950745 1.481147040016942 -4e-08
p 0.8608858905165024 0.5087980773446366 -9.99999999999995e-08 0.4304429452582512 0.2543990386723183 -4.999999999999975e-08
p 0.8150434917264362 0.579399781320615 -4.9999999999999945e-08 0.4075217458632181 0.2896998906603075 -2.4999999999999972e-08
p 0.4804722544482298 0.8770099273693744 -9.999999999995e-07 0.9609445088964595 1.7540198547387489 -1.999999999999e-06
p 0.6297527468959437 0.7767956473725972 2.9999999999999984e-08 1.2595054937918875 1.5535912947451944 5.999999999999997e-08
p 0.6901150726809476 0.7236996521061548 2.9999999999999984e-08 0.3450575363404738 0.3618498260530774 1.4999999999999992e-08
p 0.9875667248752138 -0.15720039414468204 1.9999999999999997e-08 1.9751334497504276 -0.3144007882893641 3.9999999999999994e-08
p 0.8605687868218738 0.5093342352011375 -2.9999999999999984e-08 0.8605687868218738 0.5093342352011375 -2.9999999999999984e-08
p 0.9416007812079221 0.33673130063691836 1e-08 0.9416007812079221 0.33673130063691836 1e-08
p 0.9121115993305239 -0.40994198414740757 -1.9999999999999997e-08 1.8242231986610478 -0.8198839682948151 -3.9999999999999994e-08
p 0.8698053319517511 0.4933950592662045 4.999999999999993e-08 1.7396106639035023 0.986790118532409 9.999999999999986e-08
p 0.8729476482484538 0.48781390244384476 2.9999999999999984e-08 1.7458952964969077 0.9756278048876895 5.999999999999997e-08
p 0.9543562884408902 -0.2986705119581211 -4.9999999999999945e-08 1.9087125768817803 -0.5973410239162422 -9.999999999999989e-08
p 0.983903323310995 0.17870156792143654 1e-08 0.983903323310995 0.17870156792143654 1e-08
p 0.9949229442693938 0.1006396291990441 9.999999999995002e-07 0.4974614721346969 0.05031981459952205 4.999999999997501e-07
p 0.9597651943268758 0.2808037958409633 2.9999999999999984e-08 1.9195303886537516 0.5616075916819266 5.999999999999997e-08
p 0.9118318371612029 0.4105638814353074 1.9999999999999997e-08 1.8236636743224057 0.8211277628706148 3.9999999999999994e-08
p 0.10598213361846713 0.9943680341572065 -9.99999999999995e-08 0.10598213361846713 0.9943680341572065 -9.99999999999995e-08
case 39 6 40
s 0.9999999999999951 0.0 -9.99999999999995e-08 0.9987502603949663 0.04997916927067833 0.0 9.999999999979983e-08 -1.9983330554854013e-06 0.9999999999979984 1.0 1.0 0.009999999999999952 0.0 -9.99999999999995e-10 0.009987502603949663 0.0004997916927067833 0.0 0.01 0.0
s 0.9987502603949663 0.04997916927067833 0.0 0.8775825618903728 0.479425538604203 0.0 0.0 0.0 1.0 1.0 1.0 0.009987502603949663 0.0004997916927067833 0.0 0.8775825618903728 0.479425538604203 0.0 0.01 1.0
s 0.8775825618903728 0.479425538604203 0.0 -0.39859637855648306 0.8709489764975944 0.2873478855663454 0.13807921244038343 -0.25275230299584717 0.9576274872945841 1.0 1.0 0.8775825618903728 0.479425538604203 0.0 -0.39859637855648306 0.8709489764975944 0.2873478855663454 1.0 2.0
s -0.39859637855648306 0.8709489764975944 0.2873478855663454 -0.8969628300582488 -0.3359893958958339 -0.2873478855663454 -0.1537435140353627 -0.3723343456140114 0.9152759512672909 1.0 1.0 -0.39859637855648306 0.8709489764975944 0.2873478855663454 -0.8969628300582488 -0.3359893958958339 -0.2873478855663454 1.0 3.0
s -0.8969628300582488 -0.3359893958958339 -0.2873478855663454 0.2805238471386536 -0.9483150748622418 0.14834045293024462 -0.3224329819611792 0.05246353097466939 0.9451373180979005 1.0 1.0 -0.8969628300582488 -0.3359893958958339 -0.2873478855663454 0.2805238471386536 -0.9483150748622418 0.14834045293024462 1.0 4.0
s 0.2805238471386536 -0.9483150748622418 0.14834045293024462 0.9999999999999951 0.0 -9.99999999999995e-08 9.879856009451416e-08 0.1545459553823969 0.9879856009451415 1.0 1.0 0.2805238471386536 -0.9483150748622418 0.14834045293024462 0.009999999999999952 0.0 -9.99999999999995e-10 0.01 5.0
p 0.2221581557741381 0.9750106429280828 -1.9999999999999997e-08 0.4443163115482762 1.9500212858561656 -3.9999999999999994e-08
p 0.938703831752564 -0.3447246963201999 1e-08 0.938703831752564 -0.3447246963201999 1e-08
p 0.6794736781404819 0.7336998846355671 1.9999999999999997e-08 0.33973683907024094 0.36684994231778356 9.999999999999999e-09
p 0.028760645359770954 0.9995863270765959 9.999999999999948e-08 0.028760645359770954 0.9995863270765959 9.999999999999948e-08
p 0.8720649678132424 0.48939012241042007 -4.999999999999993e-08 1.7441299356264848 0.9787802448208401 -9.999999999999986e-08
p 0.9101579417475981 0.4142614163457367 9.999999999995e-07 1.8203158834951962 0.8285228326914734 1.999999999999e-06
p 0.3688921794647458 0.929472194274659 -1.9999999999999997e-08 0.3688921794647458 0.929472194274659 -1.9999999999999997e-08
p 0.9968107722035281 -0.07980153143265002 -9.99999999999995e-08 0.9968107722035281 -0.07980153143265002 -9.99999999999995e-08
p 0.9999518554532054 0.009812582468022078 -9.999999999995e-07 0.4999759277266027 0.004906291234011039 -4.9999999999975e-07
p 0.9993148820733531 -0.037010356209033576 -2.9999999999999984e-08 1.9986297641467061 -0.07402071241806715 -5.999999999999997e-08
p 0.4488709800487507 0.8935965774722247 1.9999999999999997e-08 0.22443549002437535 0.4467982887361123 9.999999999999999e-09
p 0.9954585798459152 0.09519567117863817 -4.9999999999999945e-08 0.9954585798459152 0.09519567117863817 -4.9999999999999945e-08
p 0.3189624144583073 0.9477673650015215 -9.999999999995002e-07 0.3189624144583073 0.9477673650015215 -9.999999999995002e-07
p 0.8997996637963911 -0.436303294774291 -9.999999999995002e-07 1.7995993275927822 -0.872606589548582 -1.9999999999990004e-06
p 0.4990470242354088 0.8665749059381846 -9.99999999999995e-08 0.9980940484708176 1.7331498118763693 -1.99999999999999e-07
p 0.8917600673772004 -0.45250854382145156 -1.9999999999999997e-08 0.8917600673772004 -0.45250854382145156 -1.9999999999999997e-08
p 0.9812434331697306 0.1927727285206088 -1e-08 0.4906217165848653 0.0963863642603044 -5e-09
p 0.11318696359381926 0.9935737070154436 2.9999999999999984e-08 0.22637392718763852 1.9871474140308871 5.999999999999997e-08
p 0.5765938877184867 0.8170308982196887 -9.99999999999995e-08 0.28829694385924337 0.40851544910984433 -4.999999999999975e-08
p 0.8552788034771014 0.5181680888696035 1.9999999999999997e-08 0.4276394017385507 0.25908404443480176 9.999999999999999e-09
p 0.9358761536255453 0.3523291430964157 -2e-08 0.9358761536255453 0.3523291430964157 -2e-08
p 0.5124370526324064 0.85872479123897 9.999999999995002e-07 0.5124370526324064 0.85872479123897 9.999999999995002e-07
p 0.10199904526800518 0.9947844966445776 -9.99999999999995e-08 0.05099952263400259 0.4973922483222888 -4.999999999999975e-08
p 0.9129731342524211 0.40801967615950585 4.999999999999993e-08 0.9129731342524211 0.40801967615950585 4.999999999999993e-08
p 0.9278829845155132 0.3728715154668884 9.99999999999995e-08 0.4639414922577566 0.1864357577334442 4.999999999999975e-08
p 0.9900185237494069 0.14093730036099064 2.9999999999999984e-08 0.49500926187470345 0.07046865018049532 1.4999999999999992e-08
p 0.9825504764426557 0.1859961323289019 9.999999999995e-07 0.49127523822132785 0.09299806616445094 4.9999999999975e-07
p 0.924857576852415 0.38031363706509286 -9.999999999995e-07 0.4624287884262075 0.19015681853254643 -4.9999999999975e-07
p 0.5118885144229897 0.8590518894693292 -9.999999999995e-07 1.0237770288459793 1.7181037789386584 -1.999999999999e-06
p 0.9999356764986711 0.011342083809624526 1.9999999999999997e-08 1.9998713529973422 0.022684167619249053 3.9999999999999994e-08
p 0.34351570758541483 0.9391469313382702 -4.9999999999999945e-08 0.17175785379270742 0.4695734656691351 -2.4999999999999972e-08
p 0.22521649809566835 0.9743087441799514 -9.99999999999995e-08 0.22521649809566835 0.9743087441799514 -9.99999999999995e-08
p 0.5875686477222858 0.8091743225120313 9.999999999995002e-07 0.5875686477222858 0.8091743225120313 9.999999999995002e-07
p 0.4524326642307328 0.8917985671310976 -4.9999999999999945e-08 0.9048653284614656 1.7835971342621952 -9.999999999999989e-08
p 0.02981018850930482 0.9995555775748737 1.9999999999999997e-08 0.02981018850930482 0.9995555775748737 1.9999999999999997e-08
p 0.43162200842225124 0.9020545669999914 1e-08 0.8632440168445025 1.8041091339999829 2e-08
p 0.9789682835775411 0.20401249900004445 9.999999999995e-07 1.9579365671550821 0.4080249980000889 1.999999999999e-06
p 0.9918265901179546 0.1275931625714748 -1e-08 1.9836531802359092 0.2551863251429496 -2e-08
p 0.6766075792343269 0.7363437945163 -2.9999999999999984e-08 1.3532151584686538 1.4726875890326 -5.999999999999997e-08
p 0.9678640655797004 -0.25147395602434414 9.999999999995002e-07 1.9357281311594008 -0.5029479120486883 1.9999999999990004e-06
case 40 6 40
s 0.9999999999999989 0.0 -4.9999999999999945e-08 0.9987502603949663 0.04997916927067833 0.0 4.999999999997498e-08 -9.991665277442007e-07 0.9999999999994996 1.0 1.0 0.00999999999999999 0.0 -4.999999999999994e-10 0.009987502603949663 0.0004997916927067833 0.0 0.01 0.0
s 0.9987502603949663 0.04997916927067833 0.0 0.8775825618903728 0.479425538604203 0.0 0.0 0.0 1.0 1.0 1.0 0.009987502603949663 0.0004997916927067833 0.0 1.7551651237807455 0.958851077208406 0.0 0.01 1.0
s 0.8775825618903728 0.479425538604203 0.0 -0.39859637855648306 0.8709489764975944 0.2873478855663454 0.13807921244038343 -0.25275230299584717 0.9576274872945841 1.0 1.0 1.7551651237807455 0.958851077208406 0.0 -0.7971927571129661 1.7418979529951888 0.5746957711326908 2.0 2.0
s -0.39859637855648306 0.8709489764975944 0.2873478855663454 -0.8969628300582488 -0.3359893958958339 -0.2873478855663454 -0.1537435140353627 -0.3723343456140114 0.9152759512672909 1.0 1.0 -0.7971927571129661 1.7418979529951888 0.5746957711326908 -1.7939256601164977 -0.6719787917916678 -0.5746957711326908 2.0 3.0
s -0.8969628300582488 -0.3359893958958339 -0.2873478855663454 0.2805238471386536 -0.9483150748622418 0.14834045293024462 -0.3224329819611792 0.05246353097466939 0.9451373180979005 1.0 1.0 -1.7939256601164977 -0.6719787917916678 -0.5746957711326908 0.5610476942773072 -1.8966301497244835 0.29668090586048923 2.0 4.0
s 0.2805238471386536 -0.9483150748622418 0.14834045293024462 0.9999999999999989 0.0 -4.9999999999999945e-08 4.939928015881918e-08 0.15454594111847453 0.9879856031763837 1.0 1.0 0.5610476942773072 -1.8966301497244835 0.29668090586048923 0.00999999999999999 0.0 -4.999999999999994e-10 0.01 5.0
p 0.9564399555497459 0.2919291205549722 -1.9999999999999997e-08 1.9128799110994918 0.5838582411099444 -3.9999999999999994e-08
p 0.8446344642731201 0.5353434614918342 -1.9999999999999997e-08 1.6892689285462401 1.0706869229836684 -3.9999999999999994e-08
p 0.9732996138088174 -0.2295383666374903 9.999999999995e-07 0.4866498069044087 -0.11476918331874515 4.9999999999975e-07
p 0.7138469341382573 0.7003017596875011 2e-08 0.35692346706912864 0.35015087984375054 1e-08
p 0.9884423882788232 -0.1515969823336068 9.999999999995e-07 0.4942211941394116 -0.0757984911668034 4.9999999999975e-07
p 0.9523853400260404 0.30489697293263357 1.9999999999999997e-08 0.9523853400260404 0.30489697293263357 1.9999999999999997e-08
p 0.6219494814923088 0.7830573685697922 2.9999999999999984e-08 0.6219494814923088 0.7830573685697922 2.9999999999999984e-08
p 0.0020153850323271767 0.9999979691095223 4.9999999999999945e-08 0.0020153850323271767 0.9999979691095223 4.9999999999999945e-08
p 0.9855204872140046 -0.16955638968042785 -9.99999999999995e-08 0.4927602436070023 -0.08477819484021393 -4.999999999999975e-08
p 0.8882099409508112 -0.459437809497821 1.9999999999999997e-08 0.4441049704754056 -0.2297189047489105 9.999999999999999e-09
p 0.7389497635782137 0.6737605263798867 1e-08 0.7389497635782137 0.6737605263798867 1e-08
p 0.9681052761663823 -0.2505437571738773 -9.99999999999995e-08 0.9681052761663823 -0.2505437571738773 -9.99999999999995e-08
p 0.14280567419230714 0.9897507461065541 1e-08 0.28561134838461427 1.9795014922131082 2e-08
p 0.5723284719403041 0.8200244631756218 -9.99999999999995e-08 0.28616423597015206 0.4100122315878109 -4.999999999999975e-08
p 0.9728158507345395 0.23158005216259794 4.999999999999993e-08 0.9728158507345395 0.23158005216259794 4.999999999999993e-08
p 0.5656049658159412 0.8246763138609887 9.999999999995e-07 0.2828024829079706 0.41233815693049436 4.9999999999975e-07
p 0.9129208382800778 -0.4081366720033748 9.99999999999995e-08 0.4564604191400389 -0.2040683360016874 4.999999999999975e-08
p 0.7456229297594035 0.6663681014401902 1e-08 1.491245859518807 1.3327362028803804 2e-08
p 0.8407240902716168 0.5414637605943378 -2e-08 1.6814481805432335 1.0829275211886755 -4e-08
p 0.243328989736414 0.9699438142252651 -2.999999999999999e-08 0.486657979472828 1.9398876284505302 -5.999999999999998e-08
p 0.06983729853203338 0.9975583951497465 9.99999999999995e-08 0.06983729853203338 0.9975583951497465 9.99999999999995e-08
p 0.3634433324982638 0.9316163073189284 1.9999999999999997e-08 0.1817216662491319 0.4658081536594642 9.999999999999999e-09
p 0.9940751585032865 -0.10869489061893917 4.999999999999993e-08 0.49703757925164327 -0.05434744530946958 2.4999999999999966e-08
p 0.687642459663194 0.7260494801791062 4.9999999999999945e-08 0.343821229831597 0.3630247400895531 2.4999999999999972e-08
p 0.9837144889100368 0.1797381548488378 -1.9999999999999997e-08 1.9674289778200735 0.3594763096976756 -3.9999999999999994e-08
p 0.9157625080376437 0.40172008771357487 4.9999999999999945e-08 0.9157625080376437 0.40172008771357487 4.9999999999999945e-08
p 0.15652698147501848 0.9876736829896348 9.99999999999995e-08 0.31305396295003696 1.9753473659792695 1.99999999999999e-07
p 0.8839157278714111 0.46764621886801716 1e-08 1.7678314557428223 0.9352924377360343 2e-08
p 0.9994709730051009 0.032523439551129504 2.9999999999999984e-08 1.9989419460102018 0.06504687910225901 5.999999999999997e-08
p 0.048124207861575466 0.9988413590844613 4.9999999999999945e-08 0.024062103930787733 0.49942067954223063 2.4999999999999972e-08
p 0.9841725612965295 0.17721278055215983 2.9999999999999984e-08 0.49208628064826476 0.08860639027607992 1.4999999999999992e-08
p 0.30088199661193993 0.953661378118466 2.9999999999999984e-08 0.30088199661193993 0.953661378118466 2.9999999999999984e-08
p 0.011507794705536218 0.9999337831381713 1e-08 0.011507794705536218 0.9999337831381713 1e-08
p 0.8526519734024965 0.5224792936115534 1.9999999999999997e-08 0.8526519734024965 0.5224792936115534 1.9999999999999997e-08
p 0.9255115211153376 0.3787194532668895 4.9999999999999945e-08 0.9255115211153376 0.3787194532668895 4.9999999999999945e-08
p 0.46843639794532754 0.8834972218858453 1e-08 0.46843639794532754 0.8834972218858453 1e-08
p 0.7304719443167115 0.6829427051855544 -1e-08 0.7304719443167115 0.6829427051855544 -1e-08
p 0.1533975514602315 0.9881645567444755 1e-08 0.07669877573011576 0.4940822783722377 5e-09
p 0.7841357869509198 0.6205892906124479 1.9999999999999997e-08 1.5682715739018396 1.2411785812248959 3.9999999999999994e-08
p 0.9379776160917088 -0.3466958201520537 -9.99999999999995e-08 0.4689888080458544 -0.17334791007602685 -4.999999999999975e-08
case 41 6 40
s 0.9553364891256049 -0.2955202066613392 4.9999999999999945e-08 0.9987502603949663 0.04997916927067833 0.0 -7.287764486095613e-09 1.4563380673186593e-07 0.9999999999999893 1.0 1.0 0.0009553364891256049 -0.0002955202066613392 4.9999999999999944e-11 0.0009987502603949663 4.997916927067833e-05 0.0 0.001 0.0
s 0.9987502603949663 0.04997916927067833 0.0 0.8775825618903728 0.479425538604203 0.0 0.0 0.0 1.0 1.0 1.0 0.0009987502603949663 4.997916927067833e-05 0.0 1.7551651237807455 0.958851077208406 0.0 0.001 1.0
s 0.8775825618903728 0.479425538604203 0.0 -0.3722130460563617 0.813300343259146 0.4472135954999579 0.21483604456352498 -0.3932547417548017 0.8939777301721019 1.0 1.0 1.7551651237807455 0.958851077208406 0.0 -0.7444260921127234 1.626600686518292 0.8944271909999159 2.0 2.0
s -0.3722130460563617 0.813300343259146 0.4472135954999579 -0.8375923243065936 -0.31375005699231057 -0.4472135954999579 -0.22573907030675272 -0.5466923892662394 0.8063307656634549 1.0 1.0 -0.7444260921127234 1.626600686518292 0.8944271909999159 -1.6751846486131872 -0.6275001139846211 -0.8944271909999159 2.0 3.0
s -0.8375923243065936 -0.31375005699231057 -0.4472135954999579 0.2751927418019831 -0.9302931932717461 0.24253562503633297 -0.4926817704433339 0.08016495448787829 0.8665092343101592 1.0 1.0 -1.6751846486131872 -0.6275001139846211 -0.8944271909999159 0.5503854836039662 -1.8605863865434922 0.48507125007266594 2.0 4.0
s 0.2751927418019831 -0.9302931932717461 0.24253562503633297 0.9553364891256049 -0.2955202066613392 4.9999999999999945e-08 0.0850168105874496 0.2748363983197768 0.957724958469889 1.0 1.0 0.5503854836039662 -1.8605863865434922 0.48507125007266594 0.0009553364891256049 -0.0002955202066613392 4.9999999999999944e-11 0.001 5.0
p 0.9179057512697504 0.3967984775486357 9.999999999995e-07 1.8358115025395008 0.7935969550972714 1.999999999999e-06
p 0.7759111402641957 0.6308422167340378 -2.9999999999999984e-08 0.7759111402641957 0.6308422167340378 -2.9999999999999984e-08
p 0.7861531383918461 0.6180317491817479 -1e-08 0.39307656919592304 0.30901587459087393 -5e-09
p 0.8949958771798119 0.4460744106437154 2.9999999999999984e-08 0.8949958771798119 0.4460744106437154 2.9999999999999984e-08
p 0.21862924368223863 0.9758080004831496 9.99999999999995e-08 0.21862924368223863 0.9758080004831496 9.99999999999995e-08
p 0.004437355695028621 0.9999901548887548 -1e-08 0.0022186778475143105 0.4999950774443774 -5e-09
p 0.07740392185039766 0.9969998158887375 2.9999999999999984e-08 0.03870196092519883 0.49849990794436877 1.4999999999999992e-08
p 0.9848362713860196 0.17348636419754118 -1.9999999999999997e-08 0.9848362713860196 0.17348636419754118 -1.9999999999999997e-08
p 0.6875267151119646 0.726159084503768 -2.9999999999999984e-08 0.6875267151119646 0.726159084503768 -2.9999999999999984e-08
p 0.5439815834606041 0.8390971557904865 -9.99999999999995e-08 1.0879631669212082 1.678194311580973 -1.99999999999999e-07
p 0.8890292324300032 0.45785043833648287 -9.99999999999995e-08 0.8890292324300032 0.45785043833648287 -9.99999999999995e-08
p 0.9999624901115933 -0.008661314554905868 4.999999999999993e-08 1.9999249802231867 -0.017322629109811735 9.999999999999986e-08
p 0.9975245441472126 -0.07031915687702281 1.9999999999999997e-08 1.9950490882944252 -0.14063831375404562 3.9999999999999994e-08
p 0.9200274226606704 0.39185397988581727 -9.99999999999995e-08 0.4600137113303352 0.19592698994290864 -4.999999999999975e-08
p 0.9998674105511671 -0.01628377467614322 -1.9999999999999997e-08 1.9997348211023342 -0.03256754935228644 -3.9999999999999994e-08
p 0.5972612891254485 0.8020467271376384 -9.999999999999948e-08 0.5972612891254485 0.8020467271376384 -9.999999999999948e-08
p 0.830666054597137 0.5567709634490877 -2.9999999999999984e-08 1.661332109194274 1.1135419268981754 -5.999999999999997e-08
p 0.9616018891580538 0.2744481859416492 9.999999999995e-07 0.4808009445790269 0.1372240929708246 4.9999999999975e-07
p 0.7988082133659243 0.6015857696606027 -9.999999999995e-07 1.5976164267318487 1.2031715393212055 -1.999999999999e-06
p 0.9475409131717845 0.3196345066878425 -1.9999999999999997e-08 1.895081826343569 0.639269013375685 -3.9999999999999994e-08
p 0.874029659029429 0.4858725708834566 -1.9999999999999997e-08 1.748059318058858 0.9717451417669132 -3.9999999999999994e-08
p 0.7836958278326097 0.6211447894313858 -1e-08 0.7836958278326097 0.6211447894313858 -1e-08
p 0.9914043842581849 -0.13083327891881974 -9.999999999995002e-07 0.9914043842581849 -0.13083327891881974 -9.999999999995002e-07
p 0.9952671439467539 -0.0971767059540064 1e-08 0.49763357197337693 -0.0485883529770032 5e-09
p -0.022945860779532007 0.9997367090754864 4.999999999999993e-08 -0.022945860779532007 0.9997367090754864 4.999999999999993e-08
p 0.8840115512885518 0.4674650545103942 -4.9999999999999945e-08 1.7680231025771036 0.9349301090207884 -9.999999999999989e-08
p 0.7313930992504692 0.6819561088287084 -1e-08 0.3656965496252346 0.3409780544143542 -5e-09
p 0.27095432990776247 0.9625922039494362 4.9999999999999945e-08 0.13547716495388124 0.4812961019747181 2.4999999999999972e-08
p 0.6953326328237663 0.7186880614914717 1e-08 0.6953326328237663 0.7186880614914717 1e-08
p 0.9205142812474074 -0.39070891725115386 1e-08 0.4602571406237037 -0.19535445862557693 5e-09
p 0.8429188995423494 0.538040638608558 -9.99999999999995e-08 0.4214594497711747 0.269020319304279 -4.999999999999975e-08
p 0.9637279733660393 0.2668864802716397 -4.9999999999999945e-08 0.9637279733660393 0.2668864802716397 -4.9999999999999945e-08
p 0.9973989154271968 0.07207914750225254 1e-08 1.9947978308543937 0.14415829500450508 2e-08
p 0.8980884703914984 -0.43981484666828696 9.99999999999995e-08 0.4490442351957492 -0.21990742333414348 4.999999999999975e-08
p 0.7417848408998775 0.6706379424176232 9.999999999995e-07 0.7417848408998775 0.6706379424176232 9.999999999995e-07
p 0.8485595164390293 0.5290999405223538 -4.999999999999993e-08 1.6971190328780585 1.0581998810447075 -9.999999999999986e-08
p 0.32408086398872415 0.9460293830512413 9.99999999999995e-08 0.16204043199436208 0.47301469152562065 4.999999999999975e-08
p 0.20464965507293126 0.9788352867967764 -4.999999999999993e-08 0.20464965507293126 0.9788352867967764 -4.999999999999993e-08
p 0.9429333210253903 -0.3329816092519617 4.9999999999999945e-08 0.47146666051269515 -0.16649080462598084 2.4999999999999972e-08
p 0.9907008250545313 -0.13605835232083763 9.99999999999995e-08 1.9814016501090626 -0.27211670464167526 1.99999999999999e-07
case 42 6 40
s 0.9995500337489875 0.02999550020249566 3e-09 0.9987502603949663 0.04997916927067833 0.0 -7.497375205618966e-09 1.498225270279503e-07 0.9999999999999887 1.0 1.0 0.009995500337489876 0.0002999550020249566 3e-11 0.009987502603949663 0.0004997916927067833 0.0 0.01 0.0
s 0.9987502603949663 0.04997916927067833 0.0 0.8775825618903728 0.479425538604203 0.0 0.0 0.0 1.0 1.0 1.0 0.009987502603949663 0.0004997916927067833 0.0 0.4387912809451864 0.2397127693021015 0.0 0.01 1.0
s 0.8775825618903728 0.479425538604203 0.0 -0.4161468365471424 0.9092974268256817 0.0 0.0 -0.0 1.0 1.0 1.0 0.4387912809451864 0.2397127693021015 0.0 -0.2080734182735712 0.45464871341284085 0.0 0.5 2.0
s -0.4161468365471424 0.9092974268256817 0.0 -0.9364566872907963 -0.35078322768961984 -0.0 0.0 -0.0 1.0 1.0 1.0 -0.2080734182735712 0.45464871341284085 0.0 -0.46822834364539817 -0.17539161384480992 -0.0 0.5 3.0
s -0.9364566872907963 -0.35078322768961984 -0.0 0.2836621854632263 -0.9589242746631386 0.0 -0.0 0.0 1.0 1.0 1.0 -0.46822834364539817 -0.17539161384480992 -0.0 0.14183109273161315 -0.4794621373315693 0.0 0.5 4.0
s 0.2836621854632263 -0.9589242746631386 0.0 0.9995500337489875 0.02999550020249566 3e-09 -2.9749417971505123e-09 -8.800262065553187e-10 1.0 1.0 1.0 0.14183109273161315 -0.4794621373315693 0.0 0.009995500337489876 0.0002999550020249566 3e-11 0.01 5.0
p 0.986614338328126 -0.16307098885256596 -1.9999999999999997e-08 1.973228676656252 -0.3261419777051319 -3.9999999999999994e-08
p 0.919421103629027 0.3932745023537402 1e-08 0.919421103629027 0.3932745023537402 1e-08
p 0.005442024220830715 0.9999851920765478 9.99999999999995e-08 0.01088404844166143 1.9999703841530956 1.99999999999999e-07
p 0.9366529136623069 0.3502589318317255 -9.99999999999995e-08 0.4683264568311534 0.17512946591586276 -4.999999999999975e-08
p 0.5983058139002597 0.8012678410201786 -9.99999999999995e-08 0.29915290695012986 0.4006339205100893 -4.999999999999975e-08
p 0.9152570820914152 -0.4028702938682728 -1e-08 1.8305141641828304 -0.8057405877365456 -2e-08
p 0.8980305658128912 0.439933066347335 -9.99999999999995e-08 1.7960611316257824 0.87986613269467 -1.99999999999999e-07
p 0.9959891169381362 0.08947445971219593 4.9999999999999945e-08 1.9919782338762724 0.17894891942439187 9.999999999999989e-08
p 0.560483075535449 0.8281658783349647 -2.9999999999999984e-08 1.120966151070898 1.6563317566699294 -5.999999999999997e-08
p 0.7472737533849844 0.6645163184617198 1.0000000000000002e-08 0.3736368766924922 0.3322581592308599 5.000000000000001e-09
p 0.853507987386605 0.5210797592185547 1e-08 0.853507987386605 0.5210797592185547 1e-08
p 0.023994468089228727 0.9997120913048443 9.99999999999995e-08 0.023994468089228727 0.9997120913048443 9.99999999999995e-08
p 0.13677305165106837 0.9906024088109484 -2.9999999999999984e-08 0.13677305165106837 0.9906024088109484 -2.9999999999999984e-08
p 0.7002658974720781 0.7138821141040131 9.99999999999995e-08 0.35013294873603906 0.35694105705200657 4.999999999999975e-08
p 0.9074944422032211 0.4200640872179564 9.99999999999995e-08 1.8149888844064421 0.8401281744359128 1.99999999999999e-07
p 0.9259483444757927 0.377650186498747 1.9999999999999997e-08 1.8518966889515853 0.755300372997494 3.9999999999999994e-08
p 0.8605019285635723 0.5094471816963684 -1e-08 1.7210038571271447 1.0188943633927368 -2e-08
p 0.9688282491510237 -0.24773337208975604 -1.9999999999999997e-08 0.48441412457551186 -0.12386668604487802 -9.999999999999999e-09
p 0.895124921592838 0.44581540433616107 -2.9999999999999984e-08 0.895124921592838 0.44581540433616107 -2.9999999999999984e-08
p 0.9999412485094725 0.010839719982891773 -9.99999999999995e-08 0.9999412485094725 0.010839719982891773 -9.99999999999995e-08
p 0.23818818530889538 0.9712190218376364 -2e-08 0.23818818530889538 0.9712190218376364 -2e-08
p 0.7723012068250457 0.6352565197906872 -4.9999999999999945e-08 0.7723012068250457 0.6352565197906872 -4.9999999999999945e-08
p 0.3898584741392598 0.9208747852676814 -9.99999999999995e-08 0.7797169482785196 1.8417495705353628 -1.99999999999999e-07
p 0.27004389179591237 0.9628480131898844 9.99999999999995e-08 0.5400877835918247 1.9256960263797689 1.99999999999999e-07
p 0.8118955595220031 0.5838027067661244 -9.999999999995e-07 0.40594777976100155 0.2919013533830622 -4.9999999999975e-07
p 0.5891978052999515 0.8079888280352149 -1.9999999999999997e-08 1.178395610599903 1.6159776560704298 -3.9999999999999994e-08
p 0.86229177452344 0.5064117846063787 9.999999999995002e-07 0.86229177452344 0.5064117846063787 9.999999999995002e-07
p 0.3455768874160537 0.938390438401752 -1e-08 0.17278844370802685 0.469195219200876 -5e-09
p 0.8976563578510837 0.4406961120880536 2.9999999999999984e-08 0.8976563578510837 0.4406961120880536 2.9999999999999984e-08
p 0.6023695368409847 0.7982173520326248 4.9999999999999945e-08 0.30118476842049235 0.3991086760163124 2.4999999999999972e-08
p 0.9574623311304943 0.2885582860812524 9.99999999999995e-08 1.9149246622609886 0.5771165721625048 1.99999999999999e-07
p 0.9493675158329653 -0.3141676620550631 -2e-08 0.47468375791648265 -0.15708383102753154 -1e-08
p 0.9870846981220732 -0.1601992469778041 -9.999999999995e-07 1.9741693962441464 -0.3203984939556082 -1.999999999999e-06
p 0.6925006801030532 0.7214172219020063 -1.9999999999999997e-08 1.3850013602061064 1.4428344438040126 -3.9999999999999994e-08
p 0.1308629704467517 0.9914004654859974 1.9999999999999997e-08 0.06543148522337584 0.4957002327429987 9.999999999999999e-09
p 0.7055212012265959 0.7086888136691442 -4.9999999999999945e-08 0.35276060061329795 0.3543444068345721 -2.4999999999999972e-08
p 0.9604556200205546 0.27843311938582715 -9.99999999999995e-08 1.9209112400411092 0.5568662387716543 -1.99999999999999e-07
p 0.5192391197045044 0.8546290052230211 2.9999999999999984e-08 1.0384782394090089 1.7092580104460422 5.999999999999997e-08
p 0.6540458994327418 0.7564548641096938 1.9999999999999997e-08 1.3080917988654837 1.5129097282193875 3.9999999999999994e-08
p 0.9919819663657022 0.12637950152312605 -2.9999999999999984e-08 0.4959909831828511 0.06318975076156302 -1.4999999999999992e-08
case 43 6 40
s 0.9987502603949663 0.04997916927067833 0.0 0.9950041652780207 -0.09983341664682764 9.999999999999948e-08 3.344472287185254e-08 -6.683369524650535e-07 -0.9999999999997762 1.0 1.0 0.9987502603949663 0.04997916927067833 0.0 0.9950041652780207 -0.09983341664682764 9.999999999999948e-08 1.0 0.0
s 0.8775825618903728 0.479425538604203 0.0 0.9987502603949663 0.04997916927067833 0.0 0.0 0.0 -1.0 1.0 1.0 0.8775825618903728 0.479425538604203 0.0 0.9987502603949663 0.04997916927067833 0.0 1.0 1.0
s -0.39859637855648306 0.8709489764975944 -0.2873478855663454 0.8775825618903728 0.479425538604203 0.0 0.13807921244038343 -0.25275230299584717 -0.9576274872945841 1.0 1.0 -0.39859637855648306 0.8709489764975944 -0.2873478855663454 0.8775825618903728 0.479425538604203 0.0 1.0 2.0
s -0.8969628300582488 -0.3359893958958339 0.2873478855663454 -0.39859637855648306 0.8709489764975944 -0.2873478855663454 -0.1537435140353627 -0.3723343456140114 -0.9152759512672909 1.0 1.0 -0.8969628300582488 -0.3359893958958339 0.2873478855663454 -0.39859637855648306 0.8709489764975944 -0.2873478855663454 1.0 3.0
s 0.2805238471386536 -0.9483150748622418 -0.14834045293024462 -0.8969628300582488 -0.3359893958958339 0.2873478855663454 -0.3224329819611792 0.05246353097466939 -0.9451373180979005 1.0 1.0 0.2805238471386536 -0.9483150748622418 -0.14834045293024462 -0.8969628300582488 -0.3359893958958339 0.2873478855663454 1.0 4.0
s 0.9950041652780207 -0.09983341664682764 9.999999999999948e-08 0.2805238471386536 -0.9483150748622418 -0.14834045293024462 0.015966850454932416 0.15913493226881337 -0.9871277186961928 1.0 1.0 0.9950041652780207 -0.09983341664682764 9.999999999999948e-08 0.2805238471386536 -0.9483150748622418 -0.14834045293024462 1.0 5.0
p 0.921339340255218 -0.38875933441922467 -2.9999999999999984e-08 0.460669670127609 -0.19437966720961233 -1.4999999999999992e-08
p 0.11278267242863112 0.9936196801592927 2.9999999999999984e-08 0.22556534485726223 1.9872393603185854 5.999999999999997e-08
p 0.40970669206649063 0.9122173131858071 2.9999999999999984e-08 0.8194133841329813 1.8244346263716142 5.999999999999997e-08
p 0.8484825121552373 0.5292234183846526 -1.9999999999999997e-08 0.42424125607761864 0.2646117091923263 -9.999999999999999e-09
p 0.23438877189615673 0.9721429440200712 -9.999999999995e-07 0.23438877189615673 0.9721429440200712 -9.999999999995e-07
p 0.9814379958930683 0.19177971795107845 -4.9999999999999945e-08 0.9814379958930683 0.19177971795107845 -4.9999999999999945e-08
p 0.08418767931648313 0.9964499157766561 1e-08 0.042093839658241566 0.49822495788832805 5e-09
p 0.7237342689947629 0.6900787693318903 -1e-08 0.7237342689947629 0.6900787693318903 -1e-08
p 0.8658182415420969 0.5003586439874409 -1.9999999999999997e-08 1.7316364830841937 1.0007172879748818 -3.9999999999999994e-08
p 0.9099094705870031 -0.4148068892100018 -2.9999999999999984e-08 0.45495473529350156 -0.2074034446050009 -1.4999999999999992e-08
p 0.6638981276235643 0.7478230246107195 -2.9999999999999984e-08 1.3277962552471285 1.495646049221439 -5.999999999999997e-08
p 0.5125835200864404 0.8586373710331935 -9.999999999995002e-07 1.0251670401728807 1.717274742066387 -1.9999999999990004e-06
p 0.9912504599832236 -0.13199441496914782 1e-08 0.4956252299916118 -0.06599720748457391 5e-09
p 0.976603846564932 -0.2150463365732571 -9.999999999995e-07 1.953207693129864 -0.4300926731465142 -1.999999999999e-06
p 0.41954009306849843 0.9077368067386415 -9.99999999999995e-08 0.8390801861369969 1.815473613477283 -1.99999999999999e-07
p 0.3230321388094092 0.9463879951141702 -2e-08 0.1615160694047046 0.4731939975570851 -1e-08
p 0.8916731580417253 0.4526797755896499 -1.9999999999999997e-08 1.7833463160834506 0.9053595511792998 -3.9999999999999994e-08
p 0.9412497024420976 -0.33771141178919756 9.99999999999995e-08 1.8824994048841952 -0.6754228235783951 1.99999999999999e-07
p 0.1954589113052605 0.9807118914290591 -9.999999999995002e-07 0.1954589113052605 0.9807118914290591 -9.999999999995002e-07
p 0.9247672483136102 -0.3805332264684289 2.9999999999999984e-08 1.8495344966272205 -0.7610664529368578 5.999999999999997e-08
p 0.7098112209088216 0.7043919581255361 2.9999999999999984e-08 0.7098112209088216 0.7043919581255361 2.9999999999999984e-08
p 0.8626258654191716 0.5058424817172088 -1.9999999999999997e-08 0.4313129327095858 0.2529212408586044 -9.999999999999999e-09
p 0.9912631451546801 0.13189911697221798 -2.9999999999999984e-08 1.9825262903093601 0.26379823394443597 -5.999999999999997e-08
p 0.9811593322700628 -0.19320032272065077 -2.9999999999999984e-08 1.9623186645401256 -0.38640064544130154 -5.999999999999997e-08
p 0.907119577244056 -0.4208729886563939 2e-08 0.453559788622028 -0.21043649432819694 1e-08
p 0.7326812645260458 0.6805719393366981 1.9999999999999997e-08 0.7326812645260458 0.6805719393366981 1.9999999999999997e-08
p 0.9995836831652626 -0.028852388978482718 4.9999999999999945e-08 1.9991673663305252 -0.057704777956965436 9.999999999999989e-08
p 0.19092189853764688 0.9816052305579777 1e-08 0.19092189853764688 0.9816052305579777 1e-08
p 0.9635425397867701 0.26755517939531775 -1e-08 0.9635425397867701 0.26755517939531775 -1e-08
p 0.8862557450923019 -0.46319623734534787 -2.9999999999999984e-08 0.44312787254615094 -0.23159811867267394 -1.4999999999999992e-08
p 0.19962487079782834 0.9798723952428401 9.99999999999995e-08 0.19962487079782834 0.9798723952428401 9.99999999999995e-08
p 0.006731931844235629 0.9999773402900909 -1.9999999999999997e-08 0.006731931844235629 0.9999773402900909 -1.9999999999999997e-08
p 0.34036742237543954 0.9402925171378795 -9.99999999999995e-08 0.34036742237543954 0.9402925171378795 -9.99999999999995e-08
p 0.9729880865875244 0.23085532993142782 9.999999999995002e-07 0.9729880865875244 0.23085532993142782 9.999999999995002e-07
p 0.8816725300961534 -0.4718617908602554 -1e-08 0.8816725300961534 -0.4718617908602554 -1e-08
p 0.9740473709559471 -0.22634424917324034 9.99999999999995e-08 1.9480947419118941 -0.45268849834648067 1.99999999999999e-07
p 0.13145233117189223 0.991322492748688 4.999999999999993e-08 0.06572616558594611 0.495661246374344 2.4999999999999966e-08
p 0.6229118852334007 0.7822920063729151 9.99999999999995e-08 0.31145594261670034 0.39114600318645754 4.999999999999975e-08
p 0.11726375374676125 0.9931008065937809 2.9999999999999984e-08 0.058631876873380624 0.49655040329689043 1.4999999999999992e-08
p 0.050284631558328255 0.9987349277105717 4.9999999999999945e-08 0.050284631558328255 0.9987349277105717 4.9999999999999945e-08
case 44 6 40
s 0.955336489125606 -0.29552020666133955 1e-08 0.9987502603949663 0.04997916927067833 0.0 -1.4575528972191374e-09 2.9126761346373487e-08 0.9999999999999996 1.0 1.0 0.000955336489125606 -0.00029552020666133953 1.0000000000000001e-11 0.0009987502603949663 4.997916927067833e-05 0.0 0.001 0.0
s 0.9987502603949663 0.04997916927067833 0.0 0.8775825618903728 0.479425538604203 0.0 0.0 0.0 1.0 1.0 1.0 0.0009987502603949663 4.997916927067833e-05 0.0 1.7551651237807455 0.958851077208406 0.0 0.001 1.0
s 0.8775825618903728 0.479425538604203 0.0 -0.3722130460563617 0.813300343259146 0.4472135954999579 0.21483604456352498 -0.3932547417548017 0.8939777301721019 1.0 1.0 1.7551651237807455 0.958851077208406 0.0 -0.7444260921127234 1.626600686518292 0.8944271909999159 2.0 2.0
s -0.3722130460563617 0.813300343259146 0.4472135954999579 -0.8375923243065936 -0.31375005699231057 -0.4472135954999579 -0.22573907030675272 -0.5466923892662394 0.8063307656634549 1.0 1.0 -0.7444260921127234 1.626600686518292 0.8944271909999159 -1.6751846486131872 -0.6275001139846211 -0.8944271909999159 2.0 3.0
s -0.8375923243065936 -0.31375005699231057 -0.4472135954999579 0.2751927418019831 -0.9302931932717461 0.24253562503633297 -0.4926817704433339 0.08016495448787829 0.8665092343101592 1.0 1.0 -1.6751846486131872 -0.6275001139846211 -0.8944271909999159 0.5503854836039662 -1.8605863865434922 0.48507125007266594 2.0 4.0
s 0.2751927418019831 -0.9302931932717461 0.24253562503633297 0.955336489125606 -0.29552020666133955 1e-08 0.08501685410230662 0.27483640935906367 0.9577249514391719 1.0 1.0 0.5503854836039662 -1.8605863865434922 0.48507125007266594 0.000955336489125606 -0.00029552020666133953 1.0000000000000001e-11 0.001 5.0
p 0.7538517705942883 0.6570445251060661 1.9999999999999997e-08 0.37692588529714416 0.3285222625530331 9.999999999999999e-09
p 0.9252267051295135 0.37941473892718397 -2.9999999999999984e-08 0.9252267051295135 0.37941473892718397 -2.9999999999999984e-08
p 0.9490389315555318 0.3151588589773929 -4.999999999999993e-08 0.9490389315555318 0.3151588589773929 -4.999999999999993e-08
p 0.9996437108554893 -0.026691784261398795 9.99999999999995e-08 0.9996437108554893 -0.026691784261398795 9.99999999999995e-08
p 0.9481682048828664 0.3177688707995172 -4.999999999999993e-08 0.4740841024414332 0.1588844353997586 -2.4999999999999966e-08
p 0.11909479168060778 0.9928828886598625 -9.999999999995002e-07 0.05954739584030389 0.49644144432993126 -4.999999999997501e-07
p 0.8170747707663232 0.5765317154989483 -9.999999999995e-07 1.6341495415326464 1.1530634309978967 -1.999999999999e-06
p 0.9857404537047559 0.16827286747702921 -9.999999999995e-07 0.9857404537047559 0.16827286747702921 -9.999999999995e-07
p 0.9566633065804069 -0.2911963561630561 2.9999999999999984e-08 1.9133266131608138 -0.5823927123261122 5.999999999999997e-08
p 0.812084068601063 0.5835404574871688 -9.99999999999995e-08 1.624168137202126 1.1670809149743375 -1.99999999999999e-07
p 0.906127583281816 -0.4230044950303169 4.9999999999999945e-08 0.453063791640908 -0.21150224751515845 2.4999999999999972e-08
p 0.9851016777757081 0.17197291776173512 1.9999999999999997e-08 0.49255083888785406 0.08598645888086756 9.999999999999999e-09
p 0.9996106731093483 -0.027901652386115337 2e-08 0.9996106731093483 -0.027901652386115337 2e-08
p 0.3464452115093043 0.9380702081519663 1e-08 0.17322260575465215 0.46903510407598314 5e-09
p 0.12093180768677302 0.9926608171422941 -4.9999999999999945e-08 0.12093180768677302 0.9926608171422941 -4.9999999999999945e-08
p 0.30898558251899183 0.9510667220523483 1.9999999999999997e-08 0.6179711650379837 1.9021334441046966 3.9999999999999994e-08
p 0.9851637895479012 -0.17161674674290575 9.999999999995e-07 0.9851637895479012 -0.17161674674290575 9.999999999995e-07
p 0.2405449700395 0.9706379950263054 9.99999999999995e-08 0.2405449700395 0.9706379950263054 9.99999999999995e-08
p 0.6909422780953818 0.7229099310013412 -1.9999999999999997e-08 0.6909422780953818 0.7229099310013412 -1.9999999999999997e-08
p 0.9870693957752809 0.16029350555721525 -2.9999999999999984e-08 0.9870693957752809 0.16029350555721525 -2.9999999999999984e-08
p 0.38099631126760647 0.9245765575659363 -2e-08 0.38099631126760647 0.9245765575659363 -2e-08
p 0.9644787614726683 0.2641604032934259 4.9999999999999945e-08 0.48223938073633416 0.13208020164671294 2.4999999999999972e-08
p 0.07735579890874217 0.9970035508337921 1.9999999999999997e-08 0.15471159781748434 1.9940071016675842 3.9999999999999994e-08
p 0.910513857032597 -0.413478555854619 4.9999999999999945e-08 1.821027714065194 -0.826957111709238 9.999999999999989e-08
p 0.9248894708611185 0.38023606705603213 -2.9999999999999984e-08 0.9248894708611185 0.38023606705603213 -2.9999999999999984e-08
p 0.19405952219664765 0.9809897562384677 -1.9999999999999997e-08 0.19405952219664765 0.9809897562384677 -1.9999999999999997e-08
p 0.9923501475419279 0.1234551929790879 9.999999999999948e-08 0.9923501475419279 0.1234551929790879 9.999999999999948e-08
p 0.9834442152845025 -0.1812111349295321 -9.999999999995e-07 0.49172210764225127 -0.09060556746476604 -4.9999999999975e-07
p 0.9915871520022153 -0.12944079721681967 9.99999999999995e-08 1.9831743040044305 -0.25888159443363934 1.99999999999999e-07
p 0.7828207483902242 0.6222472787323128 2.9999999999999984e-08 1.5656414967804484 1.2444945574646256 5.999999999999997e-08
p 0.9726054051219916 0.232462310765609 -9.999999999995e-07 1.9452108102439831 0.464924621531218 -1.999999999999e-06
p 0.1470543300846109 0.989128416335496 9.999999999995e-07 0.1470543300846109 0.989128416335496 9.999999999995e-07
p 0.8032652502186434 0.5956214719023909 -9.99999999999995e-08 1.6065305004372867 1.1912429438047818 -1.99999999999999e-07
p 0.9776459809523443 -0.21025778446404272 -1.9999999999999997e-08 1.9552919619046887 -0.42051556892808545 -3.9999999999999994e-08
p 0.9894697353460351 0.1447399144474214 1.9999999999999997e-08 0.49473486767301755 0.0723699572237107 9.999999999999999e-09
p 0.9652695592116173 -0.26125596272506474 9.99999999999995e-08 0.48263477960580864 -0.13062798136253237 4.999999999999975e-08
p 0.9682364062982632 0.2500365203677744 -9.999999999995e-07 0.9682364062982632 0.2500365203677744 -9.999999999995e-07
p 0.6192173030784126 0.785219670899995 2.9999999999999984e-08 0.6192173030784126 0.785219670899995 2.9999999999999984e-08
p 0.5132386002856935 0.8582459665945317 9.999999999995e-07 0.25661930014284673 0.42912298329726584 4.9999999999975e-07
p 0.9355484771307949 -0.35319831106228516 9.999999999995002e-07 1.8710969542615898 -0.7063966221245703 1.9999999999990004e-06
case 45 6 40
s 0.9987502603949663 0.04997916927067833 0.0 0.9995500337489875 0.02999550020249566 -3e-09 -7.497375205618966e-09 1.498225270279503e-07 -0.9999999999999887 1.0 1.0 0.0009987502603949663 4.997916927067833e-05 0.0 0.0009995500337489876 2.999550020249566e-05 -3e-12 0.001 0.0
s 0.8775825618903728 0.479425538604203 0.0 0.9987502603949663 0.04997916927067833 0.0 0.0 0.0 -1.0 1.0 1.0 0.4387912809451864 0.2397127693021015 0.0 0.0009987502603949663 4.997916927067833e-05 0.0 0.001 1.0
s -0.3722130460563617 0.813300343259146 0.4472135954999579 0.8775825618903728 0.479425538604203 0.0 -0.21483604456352498 0.3932547417548017 -0.8939777301721019 1.0 1.0 -0.18610652302818084 0.406650171629573 0.22360679774997896 0.4387912809451864 0.2397127693021015 0.0 0.5 2.0
s -0.8375923243065936 -0.31375005699231057 -0.4472135954999579 -0.3722130460563617 0.813300343259146 0.4472135954999579 0.22573907030675272 0.5466923892662394 -0.8063307656634549 1.0 1.0 -0.4187961621532968 -0.15687502849615528 -0.22360679774997896 -0.18610652302818084 0.406650171629573 0.22360679774997896 0.5 3.0
s 0.2751927418019831 -0.9302931932717461 0.24253562503633297 -0.8375923243065936 -0.31375005699231057 -0.4472135954999579 0.4926817704433339 -0.08016495448787829 -0.8665092343101592 1.0 1.0 0.13759637090099155 -0.46514659663587304 0.12126781251816648 -0.4187961621532968 -0.15687502849615528 -0.22360679774997896 0.5 4.0
s 0.9995500337489875 0.02999550020249566 -3e-09 0.2751927418019831 -0.9302931932717461 0.24253562503633297 0.00750791839710695 -0.25018895971243915 -0.9681679170471152 1.0 1.0 0.0009995500337489876 2.999550020249566e-05 -3e-12 0.13759637090099155 -0.46514659663587304 0.12126781251816648 0.001 5.0
p 0.5762932485506962 0.8172429820285292 -4.999999999999993e-08 1.1525864971013924 1.6344859640570584 -9.999999999999986e-08
p 0.9120771527219794 0.4100186184572196 9.999999999995e-07 1.8241543054439588 0.8200372369144392 1.999999999999e-06
p 0.9843558521198582 0.176191817055696 1e-08 1.9687117042397164 0.352383634111392 2e-08
p 0.9724211742918445 0.23323177268303358 1e-08 0.9724211742918445 0.23323177268303358 1e-08
p 0.9300189730643377 -0.3675115096692275 -9.999999999995e-07 1.8600379461286753 -0.735023019338455 -1.999999999999e-06
p 0.7247673866249496 0.6889936395097117 4.9999999999999945e-08 0.3623836933124748 0.34449681975485585 2.4999999999999972e-08
p 0.7343130793661921 0.6788109467824884 -4.9999999999999945e-08 0.36715653968309603 0.3394054733912442 -2.4999999999999972e-08
p 0.8166792518993657 0.5770918466908812 2.9999999999999984e-08 0.40833962594968287 0.2885459233454406 1.4999999999999992e-08
p 0.27716706771734617 0.960821740268177 9.999999999995002e-07 0.5543341354346923 1.921643480536354 1.9999999999990004e-06
p 0.45949714636313876 0.8881792456954449 -4.999999999999993e-08 0.45949714636313876 0.8881792456954449 -4.999999999999993e-08
p 0.6671235256651576 0.7449471132262272 1.9999999999999997e-08 1.3342470513303153 1.4898942264524544 3.9999999999999994e-08
p 0.6616715469157697 0.7497938143263736 1e-08 0.33083577345788484 0.3748969071631868 5e-09
p 0.963370198832094 -0.26817505477245523 -4.9999999999999945e-08 0.963370198832094 -0.26817505477245523 -4.9999999999999945e-08
p 0.9619555020590328 0.2732061713401696 -1e-08 0.4809777510295164 0.1366030856700848 -5e-09
p 0.972896384615561 -0.23124148590155827 -9.99999999999995e-08 1.945792769231122 -0.46248297180311654 -1.99999999999999e-07
p 0.9839997712777785 -0.17816972280743756 -1.9999999999999997e-08 1.967999542555557 -0.3563394456148751 -3.9999999999999994e-08
p 0.9634148554636022 0.26801458220038277 -2.9999999999999984e-08 0.9634148554636022 0.26801458220038277 -2.9999999999999984e-08
p 0.8186548206815062 0.5742858909767228 -4.999999999999993e-08 0.8186548206815062 0.5742858909767228 -4.999999999999993e-08
p 0.7323818012989651 0.6808941893760607 1.9999999999999997e-08 1.4647636025979303 1.3617883787521214 3.9999999999999994e-08
p 0.8897790224799843 -0.45639159847060495 9.99999999999995e-08 0.44488951123999215 -0.22819579923530248 4.999999999999975e-08
p 0.42233349973248063 0.9064405192861329 1.9999999999999997e-08 0.21116674986624032 0.45322025964306645 9.999999999999999e-09
p 0.8016556225617794 0.5977861346795232 2.9999999999999984e-08 0.4008278112808897 0.2988930673397616 1.4999999999999992e-08
p 0.0009714826882388733 0.9999995281105806 4.999999999999993e-08 0.00048574134411943665 0.4999997640552903 2.4999999999999966e-08
p 0.5301652962982413 0.8478943086263743 -2.9999999999999984e-08 0.26508264814912064 0.42394715431318714 -1.4999999999999992e-08
p 0.910568807400146 -0.41335752925267416 -1.9999999999999997e-08 1.821137614800292 -0.8267150585053483 -3.9999999999999994e-08
p 0.5552049467225406 0.831713572772995 2.9999999999999984e-08 1.1104098934450812 1.66342714554599 5.999999999999997e-08
p 0.8367278622077879 0.5476189227968435 9.99999999999995e-08 1.6734557244155759 1.095237845593687 1.99999999999999e-07
p 0.821874279295651 0.5696689117656449 1e-08 1.643748558591302 1.1393378235312899 2e-08
p 0.9952023915953612 -0.09783761936424826 9.99999999999995e-08 1.9904047831907223 -0.19567523872849651 1.99999999999999e-07
p 0.9999655409653814 -0.008301619228190817 4.9999999999999945e-08 0.4999827704826907 -0.004150809614095408 2.4999999999999972e-08
p 0.7873018603814206 0.6165677421329747 9.999999999995002e-07 1.5746037207628412 1.2331354842659494 1.9999999999990004e-06
p 0.5504805247704507 0.83484800523715 2.9999999999999984e-08 1.1009610495409015 1.6696960104743 5.999999999999997e-08
p 0.7617507541206745 0.6478701942492658 4.9999999999999945e-08 1.523501508241349 1.2957403884985317 9.999999999999989e-08
p 0.9936644986321562 0.11238711740277722 1e-08 0.4968322493160781 0.05619355870138861 5e-09
p 0.995431533842481 0.09547806780615088 9.99999999999995e-08 0.4977157669212405 0.04773903390307544 4.999999999999975e-08
p 0.9813116089905104 0.19242537790128775 -4.9999999999999945e-08 0.9813116089905104 0.19242537790128775 -4.9999999999999945e-08
p 0.2609369802542437 0.9653558371584003 1.9999999999999997e-08 0.5218739605084874 1.9307116743168007 3.9999999999999994e-08
p 0.11693252280618802 0.9931398618070771 1e-08 0.23386504561237603 1.9862797236141543 2e-08
p 0.13266063500893704 0.9911615185821258 9.999999999995e-07 0.13266063500893704 0.9911615185821258 9.999999999995e-07
p 0.9733148777818618 0.22947363397235535 2.9999999999999984e-08 1.9466297555637235 0.4589472679447107 5.999999999999997e-08
case 46 6 40
s 0.9987502603949663 0.04997916927067833 0.0 0.9999999999999551 0.0 2.9999999999998654e-07 2.9999999999459544e-07 -5.994999166360204e-06 -0.999999999981985 1.0 1.0 0.9987502603949663 0.04997916927067833 0.0 0.9999999999999551 0.0 2.9999999999998654e-07 1.0 0.0
s 0.8775825618903728 0.479425538604203 0.0 0.9987502603949663 0.04997916927067833 0.0 0.0 0.0 -1.0 1.0 1.0 0.8775825618903728 0.479425538604203 0.0 0.9987502603949663 0.04997916927067833 0.0 1.0 1.0
s -0.39859637855648306 0.8709489764975944 -0.2873478855663454 0.8775825618903728 0.479425538604203 0.0 0.13807921244038343 -0.25275230299584717 -0.9576274872945841 1.0 1.0 -0.39859637855648306 0.8709489764975944 -0.2873478855663454 0.8775825618903728 0.479425538604203 0.0 1.0 2.0
s -0.8969628300582488 -0.3359893958958339 0.2873478855663454 -0.39859637855648306 0.8709489764975944 -0.2873478855663454 -0.1537435140353627 -0.3723343456140114 -0.9152759512672909 1.0 1.0 -0.8969628300582488 -0.3359893958958339 0.2873478855663454 -0.39859637855648306 0.8709489764975944 -0.2873478855663454 1.0 3.0
s 0.2805238471386536 -0.9483150748622418 -0.14834045293024462 -0.8969628300582488 -0.3359893958958339 0.2873478855663454 -0.3224329819611792 0.05246353097466939 -0.9451373180979005 1.0 1.0 0.2805238471386536 -0.9483150748622418 -0.14834045293024462 -0.8969628300582488 -0.3359893958958339 0.2873478855663454 1.0 4.0
s 0.9999999999999551 0.0 2.9999999999998654e-07 0.2805238471386536 -0.9483150748622418 -0.14834045293024462 2.9639567760604415e-07 0.15454601243808153 -0.987985592020147 1.0 1.0 0.9999999999999551 0.0 2.9999999999998654e-07 0.2805238471386536 -0.9483150748622418 -0.14834045293024462 1.0 5.0
p 0.001199304005267411 0.9999992808346916 -4.999999999999993e-08 0.002398608010534822 1.9999985616693832 -9.999999999999986e-08
p 0.9999763224511915 0.006881463288419398 -2.9999999999999984e-08 0.49998816122559575 0.003440731644209699 -1.4999999999999992e-08
p 0.40907266918543445 0.9125018089436882 -2.9999999999999984e-08 0.40907266918543445 0.9125018089436882 -2.9999999999999984e-08
p 0.507767970982168 0.8614938697661474 -1.9999999999999997e-08 0.507767970982168 0.8614938697661474 -1.9999999999999997e-08
p 0.4582513431686964 0.8888226518738613 -4.9999999999999945e-08 0.4582513431686964 0.8888226518738613 -4.9999999999999945e-08
p 0.72877102046453 0.6847574751188096 -2.999999999999999e-08 0.364385510232265 0.3423787375594048 -1.4999999999999995e-08
p 0.936936698245175 -0.34949910369188336 1e-08 0.936936698245175 -0.34949910369188336 1e-08
p 0.9522544638537577 -0.30530547992231016 -1.9999999999999997e-08 0.47612723192687884 -0.15265273996115508 -9.999999999999999e-09
p 0.9374641670821002 0.34808179417640267 -1.9999999999999997e-08 1.8749283341642005 0.6961635883528053 -3.9999999999999994e-08
p 0.9928109288742714 0.119693189061895 -1e-08 0.9928109288742714 0.119693189061895 -1e-08
p 0.9461867800568436 0.3236210395596401 1e-08 0.9461867800568436 0.3236210395596401 1e-08
p 0.7983427989427939 0.6022032674904514 9.99999999999995e-08 0.39917139947139696 0.3011016337452257 4.999999999999975e-08
p 0.7051036392078529 0.7091042645308524 2.9999999999999984e-08 0.35255181960392645 0.3545521322654262 1.4999999999999992e-08
p 0.796174259414126 0.6050673918220727 4.9999999999999945e-08 0.398087129707063 0.30253369591103635 2.4999999999999972e-08
p 0.9492177684483959 -0.3146198151131702 -4.9999999999999945e-08 1.8984355368967918 -0.6292396302263404 -9.999999999999989e-08
p 0.9982952135427782 -0.058366656727784176 -1e-08 1.9965904270855563 -0.11673331345556835 -2e-08
p 0.9767790786038208 0.2142489944010663 4.999999999999993e-08 0.9767790786038208 0.2142489944010663 4.999999999999993e-08
p 0.9992590921021991 -0.03848722971439649 1e-08 1.9985181842043982 -0.07697445942879298 2e-08
p 0.041398506823254896 0.9991427143470566 2.9999999999999984e-08 0.020699253411627448 0.4995713571735283 1.4999999999999992e-08
p 0.982598260513987 0.18574352864874458 -1e-08 0.982598260513987 0.18574352864874458 -1e-08
p 0.9365090168142197 -0.3506434961975678 -9.99999999999995e-08 1.8730180336284394 -0.7012869923951356 -1.99999999999999e-07
p 0.9960696246134396 0.08857371462483395 -1e-08 0.4980348123067198 0.04428685731241697 -5e-09
p 0.3450606084934379 0.9385804049015398 -9.999999999995e-07 0.3450606084934379 0.9385804049015398 -9.999999999995e-07
p 0.32349600052187444 0.9462295375046952 -4.9999999999999945e-08 0.32349600052187444 0.9462295375046952 -4.9999999999999945e-08
p 0.9492966793676657 0.31438163836573335 -2.999999999999999e-08 0.9492966793676657 0.31438163836573335 -2.999999999999999e-08
p 0.9221855822330033 0.3867476592321853 -4.9999999999999945e-08 1.8443711644660066 0.7734953184643706 -9.999999999999989e-08
p 0.960501376006128 0.27827523549596084 -4.9999999999999945e-08 0.480250688003064 0.13913761774798042 -2.4999999999999972e-08
p 0.9836499629891785 0.18009095010961937 4.9999999999999945e-08 0.49182498149458925 0.09004547505480968 2.4999999999999972e-08
p 0.9991006705603689 0.04240106231949052 -1e-08 1.9982013411207378 0.08480212463898104 -2e-08
p 0.18924348184607526 0.9819301933328933 2.9999999999999984e-08 0.3784869636921505 1.9638603866657867 5.999999999999997e-08
p 0.9550454199888053 -0.2964595179082737 -1.9999999999999997e-08 1.9100908399776106 -0.5929190358165474 -3.9999999999999994e-08
p 0.9993044030740963 -0.03729222434669192 1e-08 0.9993044030740963 -0.03729222434669192 1e-08
p 0.5912418309925045 0.80649432563635 9.999999999995002e-07 1.182483661985009 1.6129886512727 1.9999999999990004e-06
p 0.9318108187179359 -0.3629443457614407 -9.99999999999995e-08 0.9318108187179359 -0.3629443457614407 -9.99999999999995e-08
p 0.9752577500799355 -0.22107085042814006 -2.9999999999999984e-08 0.9752577500799355 -0.22107085042814006 -2.9999999999999984e-08
p 0.9635920586232509 0.2673767838803602 -1.9999999999999997e-08 0.9635920586232509 0.2673767838803602 -1.9999999999999997e-08
p 0.9136101438061692 -0.4065913244690185 -9.999999999995e-07 0.4568050719030846 -0.20329566223450926 -4.9999999999975e-07
p 0.9905463718139659 0.1371782974314375 1.9999999999999997e-08 1.9810927436279318 0.274356594862875 3.9999999999999994e-08
p 0.9884390341481804 0.15161885031951466 -2.9999999999999984e-08 0.9884390341481804 0.15161885031951466 -2.9999999999999984e-08
p 0.41496970670382166 0.9098352282243937 -9.99999999999995e-08 0.8299394134076433 1.8196704564487873 -1.99999999999999e-07
case 47 6 40
s 0.9987502603949663 0.04997916927067833 0.0 0.9989876708478262 0.044984814037659505 -1.7999999999999709e-07 -1.7992575894757457e-06 3.595515916389562e-05 -0.9999999993519947 1.0 1.0 0.009987502603949663 0.0004997916927067833 0.0 0.009989876708478262 0.00044984814037659504 -1.7999999999999708e-09 0.01 0.0
s 0.8775825618903728 0.479425538604203 0.0 0.9987502603949663 0.04997916927067833 0.0 0.0 0.0 -1.0 1.0 1.0 0.8775825618903728 0.479425538604203 0.0 0.009987502603949663 0.0004997916927067833 0.0 0.01 1.0
s -0.39859637855648306 0.8709489764975944 -0.2873478855663454 0.8775825618903728 0.479425538604203 0.0 0.13807921244038343 -0.25275230299584717 -0.9576274872945841 1.0 1.0 -0.39859637855648306 0.8709489764975944 -0.2873478855663454 0.8775825618903728 0.479425538604203 0.0 1.0 2.0
s -0.8969628300582488 -0.3359893958958339 0.2873478855663454 -0.39859637855648306 0.8709489764975944 -0.2873478855663454 -0.1537435140353627 -0.3723343456140114 -0.9152759512672909 1.0 1.0 -0.8969628300582488 -0.3359893958958339 0.2873478855663454 -0.39859637855648306 0.8709489764975944 -0.2873478855663454 1.0 3.0
s 0.2805238471386536 -0.9483150748622418 -0.14834045293024462 -0.8969628300582488 -0.3359893958958339 0.2873478855663454 -0.3224329819611792 0.05246353097466939 -0.9451373180979005 1.0 1.0 0.2805238471386536 -0.9483150748622418 -0.14834045293024462 -0.8969628300582488 -0.3359893958958339 0.2873478855663454 1.0 4.0
s 0.9989876708478262 0.044984814037659505 -1.7999999999999709e-07 0.2805238471386536 -0.9483150748622418 -0.14834045293024462 -0.006869938835584152 0.1525582900437153 -0.9882705965874594 1.0 1.0 0.009989876708478262 0.00044984814037659504 -1.7999999999999708e-09 0.2805238471386536 -0.9483150748622418 -0.14834045293024462 0.01 5.0
p 0.6639385264259149 0.7477871576367067 9.999999999995e-07 1.3278770528518298 1.4955743152734133 1.999999999999e-06
p 0.971380897339118 0.23752716115141398 -1e-08 0.971380897339118 0.23752716115141398 -1e-08
p 0.8341124382946854 0.5515944527287187 -9.999999999995e-07 1.6682248765893708 1.1031889054574373 -1.999999999999e-06
p 0.9285986492732875 0.3710856350855234 9.999999999995002e-07 1.857197298546575 0.7421712701710468 1.9999999999990004e-06
p 0.7574226407278396 0.6529249139923105 9.999999999995e-07 0.7574226407278396 0.6529249139923105 9.999999999995e-07
p 0.9955272054615872 0.0944753046348229 -2e-08 0.9955272054615872 0.0944753046348229 -2e-08
p 0.9986443559614208 -0.05205238041049648 -1e-08 1.9972887119228415 -0.10410476082099296 -2e-08
p 0.9895430860284606 0.14423758488435004 -1.9999999999999997e-08 0.9895430860284606 0.14423758488435004 -1.9999999999999997e-08
p 0.7913019332912239 0.6114255885785052 -9.999999999995e-07 0.39565096664561195 0.3057127942892526 -4.9999999999975e-07
p 0.7351507574610396 0.6779036537771794 -9.99999999999995e-08 1.4703015149220793 1.3558073075543589 -1.99999999999999e-07
p 0.8698890864666079 0.4932473793607907 -4.999999999999993e-08 0.8698890864666079 0.4932473793607907 -4.999999999999993e-08
p 0.7901791565393927 0.6128759259186838 -9.99999999999995e-08 0.3950895782696964 0.3064379629593419 -4.999999999999975e-08
p 0.9189240204071512 -0.3944345886439923 4.9999999999999945e-08 0.9189240204071512 -0.3944345886439923 4.9999999999999945e-08
p -0.027240256338550994 0.9996289153654009 -4.9999999999999945e-08 -0.05448051267710199 1.9992578307308018 -9.999999999999989e-08
p 0.9614146183637015 0.2751034925197756 -2e-08 1.922829236727403 0.5502069850395512 -4e-08
p 0.7692165708586559 0.6389881588233389 9.99999999999995e-08 0.38460828542932796 0.31949407941166946 4.999999999999975e-08
p 0.1981104866846169 0.9801796952929519 9.999999999995e-07 0.3962209733692338 1.9603593905859038 1.999999999999e-06
p 0.7557960308964623 0.6548071163947086 -1.9999999999999997e-08 0.37789801544823115 0.3274035581973543 -9.999999999999999e-09
p 0.9416500145411066 0.33659359785018733 9.999999999995e-07 0.9416500145411066 0.33659359785018733 9.999999999995e-07
p 0.4786030469515095 0.8780313909244534 -2.9999999999999984e-08 0.23930152347575476 0.4390156954622267 -1.4999999999999992e-08
p 0.7597235229496128 0.6502462369572213 -4.9999999999999945e-08 0.3798617614748064 0.32512311847861064 -2.4999999999999972e-08
p 0.016763048984368735 0.9998594902228738 -4.999999999999993e-08 0.008381524492184367 0.4999297451114369 -2.4999999999999966e-08
p 0.6260860745442776 0.7797539530273229 -2.9999999999999984e-08 0.3130430372721388 0.38987697651366143 -1.4999999999999992e-08
p 0.06228622971802957 0.9980583277476889 -9.999999999995002e-07 0.06228622971802957 0.9980583277476889 -9.999999999995002e-07
p 0.884934313119203 0.4657158591504527 -1e-08 0.4424671565596015 0.23285792957522636 -5e-09
p 0.9825232929508203 0.1861396755371468 -4.9999999999999945e-08 0.9825232929508203 0.1861396755371468 -4.9999999999999945e-08
p 0.8618238404604228 0.5072077168321156 -1e-08 0.4309119202302114 0.2536038584160578 -5e-09
p 0.841431944172326 0.5403631032244697 -2.9999999999999984e-08 1.682863888344652 1.0807262064489394 -5.999999999999997e-08
p 0.9669322299830487 -0.2550334539232225 -1e-08 0.9669322299830487 -0.2550334539232225 -1e-08
p 0.9006915532381231 -0.43445911881959043 -4.9999999999999945e-08 0.45034577661906156 -0.21722955940979521 -2.4999999999999972e-08
p 0.9925138254354995 -0.12213233117970859 -2.9999999999999984e-08 1.985027650870999 -0.24426466235941718 -5.999999999999997e-08
p 0.4943942226258287 0.8692377998190153 -1e-08 0.9887884452516574 1.7384755996380306 -2e-08
p 0.9272914069640181 -0.37434028179009743 4.9999999999999945e-08 0.46364570348200906 -0.18717014089504871 2.4999999999999972e-08
p 0.98335358663305 0.18170229402766785 9.999999999995002e-07 0.98335358663305 0.18170229402766785 9.999999999995002e-07
p 0.8430024338482343 0.5379097475654754 -1e-08 1.6860048676964685 1.0758194951309508 -2e-08
p 0.9698590962191317 -0.24366643897141158 1.9999999999999997e-08 0.9698590962191317 -0.24366643897141158 1.9999999999999997e-08
p 0.9405221833957838 -0.3397322806849942 9.999999999995e-07 0.9405221833957838 -0.3397322806849942 9.999999999995e-07
p 0.8027656275208459 0.5962946815711697 9.999999999995002e-07 1.6055312550416918 1.1925893631423394 1.9999999999990004e-06
p 0.9460196939489297 0.3241091462158594 -1e-08 0.9460196939489297 0.3241091462158594 -1e-08
p 0.682629114703352 0.7307650044708748 1.9999999999999997e-08 1.365258229406704 1.4615300089417496 3.9999999999999994e-08
case 48 6 40
s 0.9987502603949663 0.04997916927067833 0.0 0.9992001066609331 0.03998933418663237 2.9999999999998654e-07 1.499400067321782e-06 -2.996300717932151e-05 -0.999999999549985 1.0 1.0 0.0009987502603949663 4.997916927067833e-05 0.0 0.0009992001066609331 3.998933418663237e-05 2.9999999999998656e-10 0.001 0.0
s 0.8775825618903728 0.479425538604203 0.0 0.9987502603949663 0.04997916927067833 0.0 0.0 0.0 -1.0 1.0 1.0 0.4387912809451864 0.2397127693021015 0.0 0.0009987502603949663 4.997916927067833e-05 0.0 0.001 1.0
s -0.39859637855648306 0.8709489764975944 -0.2873478855663454 0.8775825618903728 0.479425538604203 0.0 0.13807921244038343 -0.25275230299584717 -0.9576274872945841 1.0 1.0 -0.19929818927824153 0.4354744882487972 -0.1436739427831727 0.4387912809451864 0.2397127693021015 0.0 0.5 2.0
s -0.8969628300582488 -0.3359893958958339 0.2873478855663454 -0.39859637855648306 0.8709489764975944 -0.2873478855663454 -0.1537435140353627 -0.3723343456140114 -0.9152759512672909 1.0 1.0 -0.4484814150291244 -0.16799469794791694 0.1436739427831727 -0.19929818927824153 0.4354744882487972 -0.1436739427831727 0.5 3.0
s 0.2805238471386536 -0.9483150748622418 -0.14834045293024462 -0.8969628300582488 -0.3359893958958339 0.2873478855663454 -0.3224329819611792 0.05246353097466939 -0.9451373180979005 1.0 1.0 0.1402619235693268 -0.4741575374311209 -0.07417022646512231 -0.4484814150291244 -0.16799469794791694 0.1436739427831727 0.5 4.0
s 0.9992001066609331 0.03998933418663237 2.9999999999998654e-07 0.2805238471386536 -0.9483150748622418 -0.14834045293024462 -0.006114059490459566 0.15277737156114324 -0.9882417179088402 1.0 1.0 0.0009992001066609331 3.998933418663237e-05 2.9999999999998656e-10 0.1402619235693268 -0.4741575374311209 -0.07417022646512231 0.001 5.0
p 0.8373587674963365 0.5466537244874641 9.999999999995e-07 0.8373587674963365 0.5466537244874641 9.999999999995e-07
p 0.030510102269501297 0.9995344584652915 -2.9999999999999984e-08 0.030510102269501297 0.9995344584652915 -2.9999999999999984e-08
p 0.9547638613930282 0.29736504330010766 9.999999999995002e-07 1.9095277227860563 0.5947300866002153 1.9999999999990004e-06
p 0.9477765949015371 -0.318934987351414 -2.9999999999999984e-08 0.9477765949015371 -0.318934987351414 -2.9999999999999984e-08
p 0.9157521154726919 0.40174377780780823 -1e-08 1.8315042309453837 0.8034875556156165 -2e-08
p 0.9881972621649612 0.15318671956039337 -1.9999999999999997e-08 1.9763945243299224 0.30637343912078674 -3.9999999999999994e-08
p 0.8378742308661479 0.545863328362018 2.9999999999999984e-08 0.8378742308661479 0.545863328362018 2.9999999999999984e-08
p 0.969645921331442 -0.24451336823432934 4.9999999999999945e-08 0.969645921331442 -0.24451336823432934 4.9999999999999945e-08
p 0.9784253994707843 -0.2066004299860637 9.99999999999995e-08 0.9784253994707843 -0.2066004299860637 9.99999999999995e-08
p 0.9279970868993722 -0.372587448401417 1.9999999999999997e-08 1.8559941737987444 -0.745174896802834 3.9999999999999994e-08
p 0.922196021849471 0.38672276540825673 1.9999999999999997e-08 0.922196021849471 0.38672276540825673 1.9999999999999997e-08
p 0.9902233575734938 0.13949086749990414 2.9999999999999984e-08 0.9902233575734938 0.13949086749990414 2.9999999999999984e-08
p 0.9999846398376963 -0.005542570583399625 -2.9999999999999984e-08 1.9999692796753925 -0.01108514116679925 -5.999999999999997e-08
p 0.9998148966050638 0.01923986815457544 1e-08 0.9998148966050638 0.01923986815457544 1e-08
p 0.9976635622014564 0.06831849424204611 -1.9999999999999997e-08 1.9953271244029127 0.13663698848409223 -3.9999999999999994e-08
p 0.6791265516020457 0.7340212033103072 4.999999999999993e-08 0.33956327580102286 0.3670106016551536 2.4999999999999966e-08
p 0.917981303443096 0.3966236585592361 2.9999999999999984e-08 0.917981303443096 0.3966236585592361 2.9999999999999984e-08
p 0.9225035299861448 0.385988649008102 4.9999999999999945e-08 1.8450070599722896 0.771977298016204 9.999999999999989e-08
p 0.15087992263570915 0.9885520972333438 -9.999999999995e-07 0.07543996131785458 0.4942760486166719 -4.9999999999975e-07
p 0.9924061869226127 0.12300390301417351 9.999999999995e-07 1.9848123738452255 0.24600780602834701 1.999999999999e-06
p 0.9998429805068931 0.017720449489008187 -9.999999999995e-07 0.9998429805068931 0.017720449489008187 -9.999999999995e-07
p 0.9734010309403782 0.2291079068129426 -2.9999999999999984e-08 0.4867005154701891 0.1145539534064713 -1.4999999999999992e-08
p 0.9308685140900205 0.3653543615106261 -9.999999999995e-07 1.861737028180041 0.7307087230212522 -1.999999999999e-06
p 0.922346463777674 0.38636381916118895 -1e-08 0.922346463777674 0.38636381916118895 -1e-08
p 0.4529250062237552 0.8915486182689134 -4.999999999999993e-08 0.4529250062237552 0.8915486182689134 -4.999999999999993e-08
p 0.9412560208298913 -0.33769380102613417 2.9999999999999984e-08 0.4706280104149457 -0.16884690051306708 1.4999999999999992e-08
p -0.01436454585396144 0.9998968245886171 -9.99999999999995e-08 -0.01436454585396144 0.9998968245886171 -9.99999999999995e-08
p 0.9515647613477616 -0.307448377717588 2.9999999999999984e-08 1.9031295226955232 -0.614896755435176 5.999999999999997e-08
p 0.7972335337746965 0.6036710135703964 1e-08 0.7972335337746965 0.6036710135703964 1e-08
p 0.7043919971808106 0.7098111821517245 1.9999999999999997e-08 0.7043919971808106 0.7098111821517245 1.9999999999999997e-08
p 0.8713562936028532 0.49065080209727174 -4.9999999999999945e-08 1.7427125872057063 0.9813016041945435 -9.999999999999989e-08
p 0.8254510919020158 0.5644736440948946 -1e-08 1.6509021838040316 1.1289472881897893 -2e-08
p 0.838442546855359 0.5449899958923083 -2.9999999999999984e-08 1.676885093710718 1.0899799917846167 -5.999999999999997e-08
p 0.9996068917537191 0.028036796508629034 -4.9999999999999945e-08 0.9996068917537191 0.028036796508629034 -4.9999999999999945e-08
p 0.9998593669145484 0.01677040229805401 1e-08 1.9997187338290967 0.03354080459610802 2e-08
p 0.47176995389592835 0.8817216741132226 9.99999999999995e-08 0.23588497694796418 0.4408608370566113 4.999999999999975e-08
p 0.008456762424286838 0.9999642409447945 -9.999999999995e-07 0.004228381212143419 0.49998212047239726 -4.9999999999975e-07
p 0.993942544892878 -0.1099009438169962 4.999999999999993e-08 0.993942544892878 -0.1099009438169962 4.999999999999993e-08
p 0.9862086978223003 -0.16550650845100456 -1.9999999999999997e-08 1.9724173956446005 -0.3310130169020091 -3.9999999999999994e-08
p 0.3410891480996689 0.9400309532396474 4.9999999999999945e-08 0.3410891480996689 0.9400309532396474 4.9999999999999945e-08
case 49 6 40
s 0.9987502603949663 0.04997916927067833 0.0 0.9553364891256013 -0.2955202066613381 -9.99999999999995e-08 -1.457552897219076e-08 2.9126761346372254e-07 -0.9999999999999575 1.0 1.0 0.0009987502603949663 4.997916927067833e-05 0.0 0.0009553364891256013 -0.0002955202066613381 -9.999999999999951e-11 0.001 0.0
s 0.8775825618903728 0.479425538604203 0.0 0.9987502603949663 0.04997916927067833 0.0 0.0 0.0 -1.0 1.0 1.0 0.8775825618903728 0.479425538604203 0.0 0.0009987502603949663 4.997916927067833e-05 0.0 0.001 1.0
s -0.3722130460563617 0.813300343259146 0.4472135954999579 0.8775825618903728 0.479425538604203 0.0 -0.21483604456352498 0.3932547417548017 -0.8939777301721019 1.0 1.0 -0.3722130460563617 0.813300343259146 0.4472135954999579 0.8775825618903728 0.479425538604203 0.0 1.0 2.0
s -0.8375923243065936 -0.31375005699231057 -0.4472135954999579 -0.3722130460563617 0.813300343259146 0.4472135954999579 0.22573907030675272 0.5466923892662394 -0.8063307656634549 1.0 1.0 -0.8375923243065936 -0.31375005699231057 -0.4472135954999579 -0.3722130460563617 0.813300343259146 0.4472135954999579 1.0 3.0
s 0.2751927418019831 -0.9302931932717461 0.24253562503633297 -0.8375923243065936 -0.31375005699231057 -0.4472135954999579 0.4926817704433339 -0.08016495448787829 -0.8665092343101592 1.0 1.0 0.2751927418019831 -0.9302931932717461 0.24253562503633297 -0.8375923243065936 -0.31375005699231057 -0.4472135954999579 1.0 4.0
s 0.9553364891256013 -0.2955202066613381 -9.99999999999995e-08 0.2751927418019831 -0.9302931932717461 0.24253562503633297 -0.08501697376815931 -0.2748364397170989 -0.9577249321046902 1.0 1.0 0.0009553364891256013 -0.0002955202066613381 -9.999999999999951e-11 0.2751927418019831 -0.9302931932717461 0.24253562503633297 0.001 5.0
p 0.44267684594393086 0.8966812198680942 -9.999999999995002e-07 0.22133842297196543 0.4483406099340471 -4.999999999997501e-07
p 0.9864887544254419 0.1638289882534227 1e-08 0.9864887544254419 0.1638289882534227 1e-08
p 0.9964096434012809 -0.08466299390483435 -4.9999999999999945e-08 0.49820482170064045 -0.042331496952417176 -2.4999999999999972e-08
p 0.9076232014673034 -0.4197858074759473 9.99999999999995e-08 1.8152464029346067 -0.8395716149518946 1.99999999999999e-07
p 0.9377410429449735 0.34733519311534033 4.999999999999993e-08 1.875482085889947 0.6946703862306807 9.999999999999986e-08
p 0.975784662502206 -0.21873338205552037 -9.99999999999995e-08 0.975784662502206 -0.21873338205552037 -9.99999999999995e-08
p 0.9805656026799757 -0.19619148513851445 -1e-08 0.49028280133998786 -0.09809574256925722 -5e-09
p 0.9388214214912585 -0.3444043242311725 -4.9999999999999945e-08 0.9388214214912585 -0.3444043242311725 -4.9999999999999945e-08
p 0.40591399377362086 0.9139112810654797 4.999999999999993e-08 0.40591399377362086 0.9139112810654797 4.999999999999993e-08
p 0.24880124761647557 0.9685545618004571 9.99999999999995e-08 0.24880124761647557 0.9685545618004571 9.99999999999995e-08
p 0.036088986727293396 0.9993485803447145 2.9999999999999984e-08 0.07217797345458679 1.998697160689429 5.999999999999997e-08
p 0.9932564604561249 -0.11593793064467499 -2.9999999999999984e-08 0.49662823022806246 -0.057968965322337494 -1.4999999999999992e-08
p 0.9948580463581862 0.10127915677158504 -9.99999999999995e-08 0.9948580463581862 0.10127915677158504 -9.99999999999995e-08
p 0.6893720912956995 0.7244074266202574 -9.999999999999948e-08 1.378744182591399 1.4488148532405147 -1.9999999999999896e-07
p 0.4593280959549388 0.8882666830780104 -1e-08 0.2296640479774694 0.4441333415390052 -5e-09
p 0.9810021666667434 -0.193996775733889 9.999999999999948e-08 0.9810021666667434 -0.193996775733889 9.999999999999948e-08
p 0.07012334078274592 0.9975383286252548 -9.999999999995e-07 0.14024668156549183 1.9950766572505096 -1.999999999999e-06
p 0.957706389364696 -0.28774723590164597 -9.999999999995002e-07 1.915412778729392 -0.5754944718032919 -1.9999999999990004e-06
p 0.996637329370718 -0.08193920737231278 1e-08 0.498318664685359 -0.04096960368615639 5e-09
p 0.9972297741544541 -0.07438264273239839 -2.9999999999999984e-08 0.9972297741544541 -0.07438264273239839 -2.9999999999999984e-08
p 0.9445167652714025 -0.32846320969211373 2.9999999999999984e-08 1.889033530542805 -0.6569264193842275 5.999999999999997e-08
p 0.9651367001454347 -0.261746346741231 1.9999999999999997e-08 0.48256835007271737 -0.1308731733706155 9.999999999999999e-09
p 0.9977045237739163 -0.06771767303343268 -1e-08 0.9977045237739163 -0.06771767303343268 -1e-08
p 0.8634745046337016 0.5043924859150599 9.99999999999995e-08 0.4317372523168508 0.25219624295752996 4.999999999999975e-08
p 0.4427632432298257 0.8966385617653332 -2.9999999999999984e-08 0.22138162161491284 0.4483192808826666 -1.4999999999999992e-08
p 0.9219877200372709 0.38721911639338574 1.9999999999999997e-08 1.8439754400745418 0.7744382327867715 3.9999999999999994e-08
p -0.02546371735349062 0.9996757469792601 1e-08 -0.05092743470698124 1.9993514939585202 2e-08
p 0.31138496012518496 0.9502838558072196 1.9999999999999997e-08 0.15569248006259248 0.4751419279036098 9.999999999999999e-09
p 0.9572002223101912 -0.28942656133865907 9.999999999995e-07 1.9144004446203824 -0.5788531226773181 1.999999999999e-06
p 0.9993381792445056 -0.03637586430954594 -9.99999999999995e-08 1.9986763584890113 -0.07275172861909188 -1.99999999999999e-07
p 0.9813195726219465 -0.19238476132240656 2.9999999999999984e-08 0.49065978631097323 -0.09619238066120328 1.4999999999999992e-08
p 0.9621368567537397 0.2725668154343681 2.9999999999999984e-08 0.9621368567537397 0.2725668154343681 2.9999999999999984e-08
p 0.9710231405632115 0.23898548175518466 -9.999999999995e-07 0.48551157028160574 0.11949274087759233 -4.9999999999975e-07
p 0.9608902307056989 0.2769295299067044 1.9999999999999997e-08 0.9608902307056989 0.2769295299067044 1.9999999999999997e-08
p 0.04683198248852866 0.9989027807625696 9.999999999995e-07 0.04683198248852866 0.9989027807625696 9.999999999995e-07
p 0.1129816060251518 0.9935970796555198 -1e-08 0.0564908030125759 0.4967985398277599 -5e-09
p 0.9247521551389718 -0.38056990365216364 -9.99999999999995e-08 0.9247521551389718 -0.38056990365216364 -9.99999999999995e-08
p 0.21433452886016688 0.9767603133513821 -1e-08 0.10716726443008344 0.48838015667569107 -5e-09
p 0.8904417750328176 0.45509718223297685 -9.99999999999995e-08 0.8904417750328176 0.45509718223297685 -9.99999999999995e-08
p 0.6206111137400366 0.7841185149595375 2.9999999999999984e-08 0.6206111137400366 0.7841185149595375 2.9999999999999984e-08
case 50 6 40
s 0.9999999999999838 0.0 1.7999999999999709e-07 0.9987502603949663 0.04997916927067833 0.0 -1.7999999999883265e-07 3.5969994998575955e-06 0.9999999999935147 1.0 1.0 0.9999999999999838 0.0 1.7999999999999709e-07 0.9987502603949663 0.04997916927067833 0.0 1.0 0.0
s 0.9987502603949663 0.04997916927067833 0.0 0.8775825618903728 0.479425538604203 0.0 0.0 0.0 1.0 1.0 1.0 0.9987502603949663 0.04997916927067833 0.0 1.7551651237807455 0.958851077208406 0.0 1.0 1.0
s 0.8775825618903728 0.479425538604203 0.0 -0.39859637855648306 0.8709489764975944 -0.2873478855663454 -0.13807921244038343 0.25275230299584717 0.9576274872945841 1.0 1.0 1.7551651237807455 0.958851077208406 0.0 -0.7971927571129661 1.7418979529951888 -0.5746957711326908 2.0 2.0
s -0.39859637855648306 0.8709489764975944 -0.2873478855663454 -0.8969628300582488 -0.3359893958958339 0.2873478855663454 0.1537435140353627 0.3723343456140114 0.9152759512672909 1.0 1.0 -0.7971927571129661 1.7418979529951888 -0.5746957711326908 -1.7939256601164977 -0.6719787917916678 0.5746957711326908 2.0 3.0
s -0.8969628300582488 -0.3359893958958339 0.2873478855663454 0.2805238471386536 -0.9483150748622418 -0.14834045293024462 0.3224329819611792 -0.05246353097466939 0.9451373180979005 1.0 1.0 -1.7939256601164977 -0.6719787917916678 0.5746957711326908 0.5610476942773072 -1.8966301497244835 -0.29668090586048923 2.0 4.0
s 0.2805238471386536 -0.9483150748622418 -0.14834045293024462 0.9999999999999838 0.0 1.7999999999999709e-07 -1.7783740752752677e-07 -0.15454597820467164 0.9879855973751487 1.0 1.0 0.5610476942773072 -1.8966301497244835 -0.29668090586048923 0.9999999999999838 0.0 1.7999999999999709e-07 1.0 5.0
p 0.40676930551941776 0.9135309146861154 -1e-08 0.8135386110388355 1.8270618293722307 -2e-08
p 0.9786405937846873 -0.2055786666868722 -4.999999999999993e-08 0.9786405937846873 -0.2055786666868722 -4.999999999999993e-08
p 0.9123444696472057 0.4094234589067398 9.999999999995e-07 0.45617223482360286 0.2047117294533699 4.9999999999975e-07
p 0.3026524350245523 0.953100993375156 9.999999999995e-07 0.3026524350245523 0.953100993375156 9.999999999995e-07
p 0.9543002979616356 -0.2988493622367861 -9.999999999995002e-07 0.4771501489808178 -0.14942468111839305 -4.999999999997501e-07
p 0.949799938586918 -0.31285791768834353 1.9999999999999997e-08 1.899599877173836 -0.6257158353766871 3.9999999999999994e-08
p 0.9006051505433834 0.43463819760201655 -2e-08 0.4503025752716917 0.21731909880100828 -1e-08
p 0.3460456258197652 0.9382176852154334 2.9999999999999984e-08 0.1730228129098826 0.4691088426077167 1.4999999999999992e-08
p 0.04413914956344362 0.9990253928083189 -1e-08 0.08827829912688724 1.9980507856166378 -2e-08
p 0.9579023068523456 0.28709435822731666 9.999999999995e-07 0.4789511534261728 0.14354717911365833 4.9999999999975e-07
p 0.9958117970890726 0.0914268274535535 -9.99999999999995e-08 0.9958117970890726 0.0914268274535535 -9.99999999999995e-08
p 0.9248539377824166 0.38032248654051193 1e-08 0.4624269688912083 0.19016124327025596 5e-09
p 0.004395941241836715 0.999990337803619 4.9999999999999945e-08 0.0021979706209183576 0.4999951689018095 2.4999999999999972e-08
p 0.7831114102563231 0.6218814349426685 -1.9999999999999997e-08 0.39155570512816157 0.3109407174713342 -9.999999999999999e-09
p 0.9534272623073129 0.3016230354087243 9.99999999999995e-08 0.47671363115365645 0.15081151770436216 4.999999999999975e-08
p 0.6736957604400887 0.7390088107485938 -9.999999999995002e-07 0.33684788022004436 0.3695044053742969 -4.999999999997501e-07
p 0.9912587790825921 -0.13193192521784908 -2.9999999999999984e-08 0.9912587790825921 -0.13193192521784908 -2.9999999999999984e-08
p 0.03025159671211384 0.9995423157107293 -1.9999999999999997e-08 0.06050319342422768 1.9990846314214585 -3.9999999999999994e-08
p 0.9999690958013393 -0.007861770936110637 -1e-08 0.49998454790066965 -0.003930885468055319 -5e-09
p 0.9999996798579744 -0.0008001774479802068 1.9999999999999997e-08 1.9999993597159489 -0.0016003548959604135 3.9999999999999994e-08
p 0.8804378857850722 0.4741615012570184 -4.999999999999993e-08 0.4402189428925361 0.2370807506285092 -2.4999999999999966e-08
p 0.9333978720756054 -0.3588431585034464 -4.9999999999999945e-08 0.9333978720756054 -0.3588431585034464 -4.9999999999999945e-08
p 0.9999037108062756 -0.013876927463961533 -1e-08 1.9998074216125512 -0.027753854927923066 -2e-08
p 0.6860841336380182 0.7275222069257884 -1.9999999999999997e-08 0.6860841336380182 0.7275222069257884 -1.9999999999999997e-08
p 0.9894870410615283 0.14462155984257855 -2.9999999999999984e-08 0.49474352053076415 0.07231077992128927 -1.4999999999999992e-08
p 0.6296881683854837 0.7768479970981018 4.9999999999999945e-08 0.6296881683854837 0.7768479970981018 4.9999999999999945e-08
p 0.6708262821410268 0.7416145219646438 -1.9999999999999997e-08 0.6708262821410268 0.7416145219646438 -1.9999999999999997e-08
p -0.00011720133777866881 0.9999999931319228 -2.9999999999999984e-08 -0.00011720133777866881 0.9999999931319228 -2.9999999999999984e-08
p 0.31620328652376334 0.9486914575300924 9.999999999995002e-07 0.6324065730475267 1.8973829150601849 1.9999999999990004e-06
p 0.9358025976240256 0.352524464796594 -2.9999999999999984e-08 0.4679012988120128 0.176262232398297 -1.4999999999999992e-08
p 0.9955797505059774 -0.09391996796451649 -1e-08 1.9911595010119547 -0.18783993592903298 -2e-08
p 0.8934703238469436 0.44912223325597767 2.9999999999999984e-08 0.8934703238469436 0.44912223325597767 2.9999999999999984e-08
p 0.12624543078320843 0.991999037905462 -9.999999999995e-07 0.25249086156641687 1.983998075810924 -1.999999999999e-06
p 0.9308570051587214 0.3653836831974388 9.99999999999995e-08 1.8617140103174428 0.7307673663948776 1.99999999999999e-07
p 0.2840617959289044 0.9588059741645567 -2.9999999999999984e-08 0.5681235918578088 1.9176119483291134 -5.999999999999997e-08
p 0.9904973554159026 -0.13753177419819307 1.9999999999999997e-08 0.4952486777079513 -0.06876588709909653 9.999999999999999e-09
p 0.6812379852186236 0.7320620243498976 1.9999999999999997e-08 1.362475970437247 1.4641240486997953 3.9999999999999994e-08
p 0.9161574114090778 -0.4008186591467711 4.9999999999999945e-08 1.8323148228181556 -0.8016373182935422 9.999999999999989e-08
p 0.9874576318359634 0.15788421494532429 9.99999999999995e-08 0.9874576318359634 0.15788421494532429 9.99999999999995e-08
p 0.6692770384078194 0.7430129513407269 2.9999999999999984e-08 0.3346385192039097 0.37150647567036343 1.4999999999999992e-08
case 51 6 40
s 0.9987502603949663 0.04997916927067833 0.0 0.9995500337489875 0.02999550020249566 -3e-09 -7.497375205618966e-09 1.498225270279503e-07 -0.9999999999999887 1.0 1.0 0.9987502603949663 0.04997916927067833 0.0 0.9995500337489875 0.02999550020249566 -3e-09 1.0 0.0
s 0.8775825618903728 0.479425538604203 0.0 0.9987502603949663 0.04997916927067833 0.0 0.0 0.0 -1.0 1.0 1.0 0.8775825618903728 0.479425538604203 0.0 0.9987502603949663 0.04997916927067833 0.0 1.0 1.0
s -0.39859637855648306 0.8709489764975944 0.2873478855663454 0.8775825618903728 0.479425538604203 0.0 -0.13807921244038343 0.25275230299584717 -0.9576274872945841 1.0 1.0 -0.39859637855648306 0.8709489764975944 0.2873478855663454 0.8775825618903728 0.479425538604203 0.0 1.0 2.0
s -0.8969628300582488 -0.3359893958958339 -0.2873478855663454 -0.39859637855648306 0.8709489764975944 0.2873478855663454 0.1537435140353627 0.3723343456140114 -0.9152759512672909 1.0 1.0 -0.8969628300582488 -0.3359893958958339 -0.2873478855663454 -0.39859637855648306 0.8709489764975944 0.2873478855663454 1.0 3.0
s 0.2805238471386536 -0.9483150748622418 0.14834045293024462 -0.8969628300582488 -0.3359893958958339 -0.2873478855663454 0.3224329819611792 -0.05246353097466939 -0.9451373180979005 1.0 1.0 0.2805238471386536 -0.9483150748622418 0.14834045293024462 -0.8969628300582488 -0.3359893958958339 -0.2873478855663454 1.0 4.0
s 0.9995500337489875 0.02999550020249566 -3e-09 0.2805238471386536 -0.9483150748622418 0.14834045293024462 0.004597872354654209 -0.15321652917231923 -0.9881819441571466 1.0 1.0 0.9995500337489875 0.02999550020249566 -3e-09 0.2805238471386536 -0.9483150748622418 0.14834045293024462 1.0 5.0
p -0.02583406174281663 0.999666244930711 -2e-08 -0.012917030871408315 0.4998331224653555 -1e-08
p 0.6436369746942667 0.7653309380956783 -2.9999999999999984e-08 0.32181848734713336 0.38266546904783916 -1.4999999999999992e-08
p 0.5876587792147341 0.8091088673422423 -4.9999999999999945e-08 0.29382938960736704 0.40455443367112115 -2.4999999999999972e-08
p 0.3687011149482625 0.9295480018992609 -9.999999999995002e-07 0.3687011149482625 0.9295480018992609 -9.999999999995002e-07
p 0.11876407939549337 0.9929225012277347 9.999999999995e-07 0.11876407939549337 0.9929225012277347 9.999999999995e-07
p 0.11680354292063153 0.9931550394380467 1e-08 0.05840177146031576 0.49657751971902336 5e-09
p 0.2923437708785552 0.9563132957501463 -1e-08 0.2923437708785552 0.9563132957501463 -1e-08
p 0.9696251601318486 -0.2445956844249026 -1.9999999999999997e-08 0.9696251601318486 -0.2445956844249026 -1.9999999999999997e-08
p 0.44696654201621666 0.8945506750978747 4.9999999999999945e-08 0.8939330840324333 1.7891013501957493 9.999999999999989e-08
p 0.9882233692463634 -0.15301820962018117 -1e-08 1.976446738492727 -0.30603641924036235 -2e-08
p 0.9347978721349972 0.3551801490115673 4.9999999999999945e-08 0.9347978721349972 0.3551801490115673 4.9999999999999945e-08
p 0.263181469086113 0.9647463471450233 9.99999999999995e-08 0.1315907345430565 0.48237317357251164 4.999999999999975e-08
p 0.8993444960744635 -0.43724075448152067 -9.999999999995002e-07 1.798688992148927 -0.8744815089630413 -1.9999999999990004e-06
p 0.9118716821543756 -0.41047537719690275 9.99999999999995e-08 0.9118716821543756 -0.41047537719690275 9.99999999999995e-08
p 0.9536888524946446 -0.3007949012640477 9.999999999995002e-07 0.9536888524946446 -0.3007949012640477 9.999999999995002e-07
p 0.9495005975539426 0.31376522312822674 -1e-08 0.4747502987769713 0.15688261156411337 -5e-09
p 0.6114096854837161 0.7913142210883758 -1.9999999999999997e-08 0.30570484274185805 0.3956571105441879 -9.999999999999999e-09
p 0.7054109412439855 0.7087985637494439 -1e-08 0.35270547062199276 0.35439928187472197 -5e-09
p 0.20705352218232548 0.9783296167201995 -2.9999999999999984e-08 0.41410704436465096 1.956659233440399 -5.999999999999997e-08
p 0.9841494593927358 -0.177341031848177 9.99999999999995e-08 0.9841494593927358 -0.177341031848177 9.99999999999995e-08
p 0.09103507411392467 0.9958476867880309 1e-08 0.045517537056962334 0.49792384339401546 5e-09
p 0.9671045696105597 0.25437914898508035 1.9999999999999997e-08 0.9671045696105597 0.25437914898508035 1.9999999999999997e-08
p 0.201065019149887 0.9795778979102456 1e-08 0.1005325095749435 0.4897889489551228 5e-09
p 0.8390663428384024 0.5440291098055128 9.99999999999995e-08 0.8390663428384024 0.5440291098055128 9.99999999999995e-08
p 0.34962934125574807 0.9368881063035602 1.9999999999999997e-08 0.17481467062787404 0.4684440531517801 9.999999999999999e-09
p 0.9957388132049914 -0.09221830554241865 1.9999999999999997e-08 1.9914776264099827 -0.1844366110848373 3.9999999999999994e-08
p 0.34988013698573633 0.9367944757217788 -2e-08 0.34988013698573633 0.9367944757217788 -2e-08
p 0.10419373491023538 0.9945570197859219 2.9999999999999984e-08 0.05209686745511769 0.49727850989296096 1.4999999999999992e-08
p 0.9064862358968369 -0.422235365796829 -4.9999999999999945e-08 1.8129724717936737 -0.844470731593658 -9.999999999999989e-08
p 0.9397810513390074 0.34177708458020967 -4.9999999999999945e-08 0.4698905256695037 0.17088854229010483 -2.4999999999999972e-08
p 0.9364334231224053 0.35084532782731215 -9.999999999995e-07 0.9364334231224053 0.35084532782731215 -9.999999999995e-07
p 0.9718172482582468 0.2357355212685753 -4.9999999999999945e-08 0.4859086241291234 0.11786776063428765 -2.4999999999999972e-08
p 0.19681609045116433 0.9804404247783335 2e-08 0.09840804522558216 0.49022021238916674 1e-08
p 0.41132090804152527 0.9114905981999459 -9.999999999995002e-07 0.41132090804152527 0.9114905981999459 -9.999999999995002e-07
p 0.9510885455247159 0.30891840115422126 2e-08 1.9021770910494318 0.6178368023084425 4e-08
p 0.9899713579226299 -0.14126822180810264 2.9999999999999984e-08 0.49498567896131496 -0.07063411090405132 1.4999999999999992e-08
p 0.5338454948877801 0.845582040719894 -2.9999999999999984e-08 1.0676909897755602 1.691164081439788 -5.999999999999997e-08
p 0.9870859295717861 0.16019165908811522 -1e-08 1.9741718591435722 0.32038331817623045 -2e-08
p 0.46081296467336474 0.8874972741298671 -9.999999999995002e-07 0.9216259293467295 1.7749945482597342 -1.9999999999990004e-06
p 0.9214059402282313 -0.38860145819608916 -4.9999999999999945e-08 0.9214059402282313 -0.38860145819608916 -4.9999999999999945e-08
case 52 6 40
s 0.9987502603949663 0.04997916927067833 0.0 0.9553364891255905 -0.29552020666133477 1.7999999999999709e-07 2.6235952149940874e-08 -5.242817042346508e-07 -0.9999999999998622 1.0 1.0 0.09987502603949663 0.004997916927067834 0.0 0.09553364891255905 -0.02955202066613348 1.799999999999971e-08 0.1 0.0
s 0.8775825618903728 0.479425538604203 0.0 0.9987502603949663 0.04997916927067833 0.0 0.0 0.0 -1.0 1.0 1.0 0.4387912809451864 0.2397127693021015 0.0 0.09987502603949663 0.004997916927067834 0.0 0.1 1.0
s -0.39859637855648306 0.8709489764975944 0.2873478855663454 0.8775825618903728 0.479425538604203 0.0 -0.13807921244038343 0.25275230299584717 -0.9576274872945841 1.0 1.0 -0.19929818927824153 0.4354744882487972 0.1436739427831727 0.4387912809451864 0.2397127693021015 0.0 0.5 2.0
s -0.8969628300582488 -0.3359893958958339 -0.2873478855663454 -0.39859637855648306 0.8709489764975944 0.2873478855663454 0.1537435140353627 0.3723343456140114 -0.9152759512672909 1.0 1.0 -0.4484814150291244 -0.16799469794791694 -0.1436739427831727 -0.19929818927824153 0.4354744882487972 0.1436739427831727 0.5 3.0
s 0.2805238471386536 -0.9483150748622418 0.14834045293024462 -0.8969628300582488 -0.3359893958958339 -0.2873478855663454 0.3224329819611792 -0.05246353097466939 -0.9451373180979005 1.0 1.0 0.1402619235693268 -0.4741575374311209 0.07417022646512231 -0.4484814150291244 -0.16799469794791694 -0.1436739427831727 0.5 4.0
s 0.9553364891255905 -0.29552020666133477 1.7999999999999709e-07 0.2805238471386536 -0.9483150748622418 0.14834045293024462 -0.05241702753825758 -0.16945059957291875 -0.9841437646647119 1.0 1.0 0.09553364891255905 -0.02955202066613348 1.799999999999971e-08 0.1402619235693268 -0.4741575374311209 0.07417022646512231 0.1 5.0
p 0.6101664852612028 0.7922732232405613 -4.9999999999999945e-08 1.2203329705224055 1.5845464464811225 -9.999999999999989e-08
p 0.17421744722304267 0.9847072057632595 9.999999999995e-07 0.34843489444608533 1.969414411526519 1.999999999999e-06
p 0.5530953973231046 0.8331179277029076 -9.99999999999995e-08 1.1061907946462093 1.6662358554058152 -1.99999999999999e-07
p 0.9404416143966322 0.3399552469238474 4.9999999999999945e-08 0.4702208071983161 0.1699776234619237 2.4999999999999972e-08
p 0.9980936113423223 0.0617182549788878 -4.9999999999999945e-08 0.9980936113423223 0.0617182549788878 -4.9999999999999945e-08
p 0.8380343096348398 0.5456175362603805 9.99999999999995e-08 0.4190171548174199 0.2728087681301902 4.999999999999975e-08
p 0.9998086584519983 -0.019561351778845663 -9.999999999995002e-07 0.49990432922599914 -0.009780675889422831 -4.999999999997501e-07
p 0.9994692074239289 0.03257765202378071 -2.9999999999999984e-08 0.49973460371196443 0.016288826011890356 -1.4999999999999992e-08
p 0.9658489229148448 -0.2591058820332422 9.99999999999995e-08 0.9658489229148448 -0.2591058820332422 9.99999999999995e-08
p 0.9988365949012237 -0.04822298918696829 -4.9999999999999945e-08 0.9988365949012237 -0.04822298918696829 -4.9999999999999945e-08
p 0.9733165405358927 -0.22946658126890582 4.999999999999993e-08 0.48665827026794634 -0.11473329063445291 2.4999999999999966e-08
p 0.4746915329538583 0.8801522303226392 1e-08 0.9493830659077166 1.7603044606452785 2e-08
p 0.7215448590816244 0.69236768868346 -4.9999999999999945e-08 1.4430897181632487 1.38473537736692 -9.999999999999989e-08
p 0.06494214877388273 0.997889030560323 -9.99999999999995e-08 0.12988429754776545 1.995778061120646 -1.99999999999999e-07
p 0.160462256107035 0.9870419770025185 1e-08 0.0802311280535175 0.49352098850125925 5e-09
p 0.5715388663461523 0.8205749961190351 -2.9999999999999984e-08 1.1430777326923045 1.6411499922380701 -5.999999999999997e-08
p 0.9933866904876497 -0.1148167372859669 -9.999999999995002e-07 1.9867733809752994 -0.2296334745719338 -1.9999999999990004e-06
p 0.8755150962887278 0.4831907658156762 9.999999999995e-07 1.7510301925774556 0.9663815316313524 1.999999999999e-06
p 0.12499599933506084 0.9921572456769286 -9.999999999995e-07 0.06249799966753042 0.4960786228384643 -4.9999999999975e-07
p 0.8604499199719016 0.5095350186398847 -1.9999999999999997e-08 1.7208998399438031 1.0190700372797694 -3.9999999999999994e-08
p 0.9074736875377214 0.4201089220972223 -9.999999999995e-07 0.9074736875377214 0.4201089220972223 -9.999999999995e-07
p 0.39001007373772867 0.9208105898517303 -1e-08 0.19500503686886433 0.4604052949258651 -5e-09
p 0.5238630759187417 0.8518024874863627 9.999999999995002e-07 0.5238630759187417 0.8518024874863627 9.999999999995002e-07
p 0.9999992307851824 0.0012403338437230536 9.999999999995002e-07 0.4999996153925912 0.0006201669218615268 4.999999999997501e-07
p 0.7463617569074376 0.665540477977135 -9.99999999999995e-08 0.7463617569074376 0.665540477977135 -9.99999999999995e-08
p 0.9713034032672133 0.23784385382332002 1.9999999999999997e-08 1.9426068065344266 0.47568770764664003 3.9999999999999994e-08
p 0.84498739779987 0.5347862166879346 9.99999999999995e-08 0.84498739779987 0.5347862166879346 9.99999999999995e-08
p 0.9834268583387897 -0.1813053068663383 2.9999999999999984e-08 1.9668537166775795 -0.3626106137326766 5.999999999999997e-08
p 0.999219243819311 0.03950826218860269 2.9999999999999984e-08 0.4996096219096555 0.019754131094301346 1.4999999999999992e-08
p 0.8086186795859457 0.5883330952994921 1.9999999999999997e-08 0.8086186795859457 0.5883330952994921 1.9999999999999997e-08
p 0.1791312017645528 0.9838251941038039 9.999999999995002e-07 0.0895656008822764 0.49191259705190193 4.999999999997501e-07
p 0.0548983237280425 0.9984919499183963 -9.99999999999995e-08 0.0548983237280425 0.9984919499183963 -9.99999999999995e-08
p 0.4656146946569133 0.8849875457426214 -2.9999999999999984e-08 0.9312293893138266 1.7699750914852428 -5.999999999999997e-08
p 0.841737270439318 0.5398873656174651 1e-08 0.420868635219659 0.26994368280873254 5e-09
p 0.9981422716489906 0.06092623037240775 -2.9999999999999984e-08 0.9981422716489906 0.06092623037240775 -2.9999999999999984e-08
p 0.359036968008648 0.933323339257702 -9.99999999999995e-08 0.718073936017296 1.866646678515404 -1.99999999999999e-07
p 0.7635875216701283 0.645704341590384 -9.999999999995e-07 0.38179376083506417 0.322852170795192 -4.9999999999975e-07
p 0.851075794873941 0.5250428471845785 2.9999999999999984e-08 0.4255378974369705 0.26252142359228925 1.4999999999999992e-08
p 0.17760446420221582 0.9841019532017204 4.999999999999993e-08 0.17760446420221582 0.9841019532017204 4.999999999999993e-08
p 0.9084728226701557 0.4179439322082794 -2.9999999999999984e-08 0.45423641133507786 0.2089719661041397 -1.4999999999999992e-08
case 53 6 40
s 0.9987502603949663 0.04997916927067833 0.0 0.9992001066609779 0.03998933418663416 1e-09 4.998000226655086e-09 -9.987669064268379e-08 -0.999999999999995 1.0 1.0 0.009987502603949663 0.0004997916927067833 0.0 0.009992001066609779 0.0003998933418663416 1.0000000000000001e-11 0.01 0.0
s 0.8775825618903728 0.479425538604203 0.0 0.9987502603949663 0.04997916927067833 0.0 0.0 0.0 -1.0 1.0 1.0 0.4387912809451864 0.2397127693021015 0.0 0.009987502603949663 0.0004997916927067833 0.0 0.01 1.0
s -0.4161468365471424 0.9092974268256817 0.0 0.8775825618903728 0.479425538604203 0.0 0.0 0.0 -1.0 1.0 1.0 -0.2080734182735712 0.45464871341284085 0.0 0.4387912809451864 0.2397127693021015 0.0 0.5 2.0
s -0.9364566872907963 -0.35078322768961984 -0.0 -0.4161468365471424 0.9092974268256817 0.0 0.0 0.0 -1.0 1.0 1.0 -0.46822834364539817 -0.17539161384480992 -0.0 -0.2080734182735712 0.45464871341284085 0.0 0.5 3.0
s 0.2836621854632263 -0.9589242746631386 0.0 -0.9364566872907963 -0.35078322768961984 -0.0 0.0 0.0 -1.0 1.0 1.0 0.14183109273161315 -0.4794621373315693 0.0 -0.46822834364539817 -0.17539161384480992 -0.0 0.5 4.0
s 0.9992001066609779 0.03998933418663416 1e-09 0.2836621854632263 -0.9589242746631386 0.0 9.890908538832116e-10 2.925858492139656e-10 -1.0 1.0 1.0 0.009992001066609779 0.0003998933418663416 1.0000000000000001e-11 0.14183109273161315 -0.4794621373315693 0.0 0.01 5.0
p 0.27769076324594927 0.9606705158418675 -4.9999999999999945e-08 0.13884538162297463 0.48033525792093373 -2.4999999999999972e-08
p 0.7096445780644358 0.7045598433225874 -9.999999999995e-07 0.7096445780644358 0.7045598433225874 -9.999999999995e-07
p 0.8598792237933806 0.5104975225096527 1e-08 0.8598792237933806 0.5104975225096527 1e-08
p 0.5318330267383956 0.8468492378636685 -2.9999999999999984e-08 0.5318330267383956 0.8468492378636685 -2.9999999999999984e-08
p 0.9172618913115511 -0.39828460018880485 -1e-08 0.9172618913115511 -0.39828460018880485 -1e-08
p 0.7055514534882894 0.7086586953396968 -2.9999999999999984e-08 0.3527757267441447 0.3543293476698484 -1.4999999999999992e-08
p 0.9805319359478464 -0.19635967657940478 -1e-08 1.9610638718956928 -0.39271935315880957 -2e-08
p 0.6675363959734034 0.7445771686332048 -9.999999999995002e-07 0.6675363959734034 0.7445771686332048 -9.999999999995002e-07
p 0.9533306462379639 0.3019282678774978 1e-08 1.9066612924759279 0.6038565357549956 2e-08
p 0.8653052251623511 0.5012453164935636 1e-08 0.8653052251623511 0.5012453164935636 1e-08
p 0.14739816373968379 0.9890772372904791 4.999999999999993e-08 0.14739816373968379 0.9890772372904791 4.999999999999993e-08
p 0.44191890624191665 0.8970550040582503 -1.9999999999999997e-08 0.44191890624191665 0.8970550040582503 -1.9999999999999997e-08
p 0.9705269160353489 0.2409927493741544 -2.9999999999999984e-08 0.9705269160353489 0.2409927493741544 -2.9999999999999984e-08
p 0.9841805664162115 0.17716831739525007 2.9999999999999984e-08 0.49209028320810577 0.08858415869762504 1.4999999999999992e-08
p 0.9999426305616161 -0.010711469810698997 -9.99999999999995e-08 0.49997131528080807 -0.0053557349053494985 -4.999999999999975e-08
p 0.5482023801582203 0.8363457122439616 -4.999999999999993e-08 0.5482023801582203 0.8363457122439616 -4.999999999999993e-08
p 0.9096687808943483 -0.4153344544655428 2e-08 0.9096687808943483 -0.4153344544655428 2e-08
p 0.9487423524289174 -0.3160505477097658 2.9999999999999984e-08 1.8974847048578347 -0.6321010954195316 5.999999999999997e-08
p 0.8954797856893828 0.44510218312393895 1.9999999999999997e-08 0.8954797856893828 0.44510218312393895 1.9999999999999997e-08
p 0.5832020005918999 0.8123271671596395 -2.9999999999999984e-08 0.5832020005918999 0.8123271671596395 -2.9999999999999984e-08
p 0.9907041621947087 0.13603405092137733 1.9999999999999997e-08 0.49535208109735435 0.06801702546068866 9.999999999999999e-09
p 0.7382013734326145 0.6745804120060106 4.999999999999993e-08 0.36910068671630725 0.3372902060030053 2.4999999999999966e-08
p 0.9716744938128449 0.23632324911770602 4.9999999999999945e-08 0.9716744938128449 0.23632324911770602 4.9999999999999945e-08
p 0.6112615753697264 0.7914286363757128 -9.999999999995e-07 1.2225231507394527 1.5828572727514256 -1.999999999999e-06
p 0.9813389178321993 -0.1922860586416185 1e-08 0.49066945891609964 -0.09614302932080925 5e-09
p 0.592310030347053 0.8057101389149035 -2e-08 0.2961550151735265 0.40285506945745175 -1e-08
p 0.8815051236730614 -0.47217445604155744 -1e-08 0.8815051236730614 -0.47217445604155744 -1e-08
p 0.9999651081262372 0.008353593841754459 -9.99999999999995e-08 0.9999651081262372 0.008353593841754459 -9.99999999999995e-08
p 0.8857977094483964 -0.46407156553270096 4.9999999999999945e-08 0.4428988547241982 -0.23203578276635048 2.4999999999999972e-08
p 0.5033812913763824 0.8640643931399122 -2.9999999999999984e-08 0.2516906456881912 0.4320321965699561 -1.4999999999999992e-08
p 0.6901646978637413 0.7236523266193863 9.999999999995002e-07 0.6901646978637413 0.7236523266193863 9.999999999995002e-07
p -0.024809756107108182 0.9996921906276431 -9.99999999999995e-08 -0.024809756107108182 0.9996921906276431 -9.99999999999995e-08
p 0.27881816072241644 0.9603439140492159 2.9999999999999984e-08 0.27881816072241644 0.9603439140492159 2.9999999999999984e-08
p 0.9583482712102488 -0.28560215522178367 -9.999999999995002e-07 1.9166965424204976 -0.5712043104435673 -1.9999999999990004e-06
p 0.8939973784173836 0.44807218992350195 4.999999999999993e-08 0.8939973784173836 0.44807218992350195 4.999999999999993e-08
p 0.42258707426793796 0.9063223293407618 1e-08 0.42258707426793796 0.9063223293407618 1e-08
p 0.904282503170902 0.42693460208673395 9.99999999999995e-08 1.808565006341804 0.8538692041734679 1.99999999999999e-07
p 0.9852515966675786 -0.1711119261301974 2.9999999999999984e-08 0.4926257983337893 -0.0855559630650987 1.4999999999999992e-08
p 0.26382953506545703 0.9645693217323184 1e-08 0.26382953506545703 0.9645693217323184 1e-08
p 0.759873941636083 0.6500704521991771 1e-08 1.519747883272166 1.3001409043983543 2e-08
case 54 6 40
s 0.9987502603949663 0.04997916927067833 0.0 0.955336489125606 -0.29552020666133955 3e-09 4.372658691657415e-10 -8.73802840391205e-09 -1.0 1.0 1.0 0.009987502603949663 0.0004997916927067833 0.0 0.00955336489125606 -0.0029552020666133954 3e-11 0.01 0.0
s 0.8775825618903728 0.479425538604203 0.0 0.9987502603949663 0.04997916927067833 0.0 0.0 0.0 -1.0 1.0 1.0 0.4387912809451864 0.2397127693021015 0.0 0.009987502603949663 0.0004997916927067833 0.0 0.01 1.0
s -0.39859637855648306 0.8709489764975944 -0.2873478855663454 0.8775825618903728 0.479425538604203 0.0 0.13807921244038343 -0.25275230299584717 -0.9576274872945841 1.0 1.0 -0.19929818927824153 0.4354744882487972 -0.1436739427831727 0.4387912809451864 0.2397127693021015 0.0 0.5 2.0
s -0.8969628300582488 -0.3359893958958339 0.2873478855663454 -0.39859637855648306 0.8709489764975944 -0.2873478855663454 -0.1537435140353627 -0.3723343456140114 -0.9152759512672909 1.0 1.0 -0.4484814150291244 -0.16799469794791694 0.1436739427831727 -0.19929818927824153 0.4354744882487972 -0.1436739427831727 0.5 3.0
s 0.2805238471386536 -0.9483150748622418 -0.14834045293024462 -0.8969628300582488 -0.3359893958958339 0.2873478855663454 -0.3224329819611792 0.05246353097466939 -0.9451373180979005 1.0 1.0 0.1402619235693268 -0.4741575374311209 -0.07417022646512231 -0.4484814150291244 -0.16799469794791694 0.1436739427831727 0.5 4.0
s 0.955336489125606 -0.29552020666133955 3e-09 0.2805238471386536 -0.9483150748622418 -0.14834045293024462 0.052417233929092734 0.16945065735031126 -0.9841437437238375 1.0 1.0 0.00955336489125606 -0.0029552020666133954 3e-11 0.1402619235693268 -0.4741575374311209 -0.07417022646512231 0.01 5.0
p 0.8798529757138065 -0.47524597960166903 -9.99999999999995e-08 1.759705951427613 -0.9504919592033381 -1.99999999999999e-07
p 0.8274414218485369 0.5615520398051007 4.9999999999999945e-08 1.6548828436970737 1.1231040796102014 9.999999999999989e-08
p 0.9589259811452696 -0.2836564166109802 2e-08 1.9178519622905392 -0.5673128332219604 4e-08
p 0.8004929904096728 0.599342116244953 2.9999999999999984e-08 1.6009859808193456 1.198684232489906 5.999999999999997e-08
p 0.6177563909500414 0.7863695323703542 -9.999999999999948e-08 0.3088781954750207 0.3931847661851771 -4.999999999999974e-08
p 0.7093590742200717 0.7048472911359188 -1e-08 0.7093590742200717 0.7048472911359188 -1e-08
p 0.8396263337088745 0.5431644499988865 2.9999999999999984e-08 0.41981316685443726 0.27158222499944323 1.4999999999999992e-08
p 0.23292352338718603 0.9724950551303069 1.9999999999999997e-08 0.23292352338718603 0.9724950551303069 1.9999999999999997e-08
p 0.4055183389134135 0.9140869087810503 9.99999999999995e-08 0.20275916945670674 0.45704345439052513 4.999999999999975e-08
p 0.709832651431033 0.7043703620698344 1e-08 1.419665302862066 1.4087407241396688 2e-08
p 0.35946673782036154 0.9331578989650071 -2.9999999999999984e-08 0.35946673782036154 0.9331578989650071 -2.9999999999999984e-08
p 0.9826879892681112 -0.1852682264939032 1.9999999999999997e-08 0.4913439946340556 -0.0926341132469516 9.999999999999999e-09
p 0.3385204297682268 0.9409590419511011 -2.9999999999999984e-08 0.6770408595364537 1.8819180839022023 -5.999999999999997e-08
p 0.943823889308918 0.3304488855629335 -4.999999999999993e-08 0.943823889308918 0.3304488855629335 -4.999999999999993e-08
p 0.8978187488933435 0.4403651827013467 -2.9999999999999984e-08 0.4489093744466717 0.22018259135067336 -1.4999999999999992e-08
p 0.996344341870491 -0.08542805407275805 -1e-08 1.992688683740982 -0.1708561081455161 -2e-08
p 0.3406537254356333 0.9401888317496767 -4.9999999999999945e-08 0.17032686271781666 0.47009441587483836 -2.4999999999999972e-08
p 0.3664864750875277 0.9304233786711882 9.99999999999995e-08 0.3664864750875277 0.9304233786711882 9.99999999999995e-08
p 0.9743381172652154 0.22508938945244708 1e-08 0.9743381172652154 0.22508938945244708 1e-08
p 0.9253662438276293 -0.3790742866303959 -2.9999999999999984e-08 1.8507324876552587 -0.7581485732607918 -5.999999999999997e-08
p 0.26464658843508704 0.9643454688179277 2.9999999999999984e-08 0.5292931768701741 1.9286909376358554 5.999999999999997e-08
p 0.8818229301814028 0.4715806609757061 2.9999999999999984e-08 1.7636458603628056 0.9431613219514122 5.999999999999997e-08
p 0.256404329054643 0.9665696146900326 -1.9999999999999997e-08 0.512808658109286 1.933139229380065 -3.9999999999999994e-08
p 0.8909584143133769 -0.45408490832022086 -9.99999999999995e-08 0.8909584143133769 -0.45408490832022086 -9.99999999999995e-08
p 0.75147611686208 0.6597602941863733 -9.999999999995002e-07 1.50295223372416 1.3195205883727466 -1.9999999999990004e-06
p 0.5060969622548805 0.8624765879694256 -9.999999999995002e-07 0.2530484811274403 0.4312382939847128 -4.999999999997501e-07
p 0.4097993459885134 0.912175693617401 -9.999999999995e-07 0.8195986919770268 1.824351387234802 -1.999999999999e-06
p 0.5512795133544843 0.8343206207182238 2.9999999999999984e-08 1.1025590267089687 1.6686412414364475 5.999999999999997e-08
p 0.8892170340144777 -0.4574855914862184 9.999999999995e-07 1.7784340680289554 -0.9149711829724368 1.999999999999e-06
p 0.9927342445690405 0.12032755153719724 -9.999999999995002e-07 0.49636712228452023 0.06016377576859862 -4.999999999997501e-07
p 0.8046203824664441 0.5937895587820264 9.999999999995002e-07 0.40231019123322204 0.2968947793910132 4.999999999997501e-07
p 0.9779873075023967 0.2086643869092422 -4.999999999999993e-08 0.48899365375119835 0.1043321934546211 -2.4999999999999966e-08
p 0.9030942808863424 -0.4294423358605674 9.999999999995002e-07 1.8061885617726847 -0.8588846717211348 1.9999999999990004e-06
p 0.8826819728821377 0.4699707807395021 1e-08 0.44134098644106884 0.23498539036975105 5e-09
p 0.9928935110665844 0.11900620017826939 -9.999999999995e-07 0.4964467555332922 0.059503100089134696 -4.9999999999975e-07
p 0.7685526665886426 0.6397865258658443 2e-08 0.3842763332943213 0.31989326293292214 1e-08
p 0.4481389151361895 0.8939639325725388 1.9999999999999997e-08 0.4481389151361895 0.8939639325725388 1.9999999999999997e-08
p 0.9971768914874096 0.07508826195549506 -9.99999999999995e-08 1.9943537829748192 0.15017652391099012 -1.99999999999999e-07
p 0.0904995555956517 0.9958964958448189 9.999999999995e-07 0.04524977779782585 0.49794824792240944 4.9999999999975e-07
p 0.995513171539613 -0.09462306955035463 9.99999999999995e-08 0.4977565857698065 -0.047311534775177314 4.999999999999975e-08
case 55 6 40
s 0.9987502603949663 0.04997916927067833 0.0 0.9553364891255631 -0.2955202066613263 2.9999999999998654e-07 4.372658691655742e-08 -8.738028403908707e-07 -0.9999999999996173 1.0 1.0 0.09987502603949663 0.004997916927067834 0.0 0.09553364891255632 -0.02955202066613263 2.9999999999998654e-08 0.1 0.0
s 0.8775825618903728 0.479425538604203 0.0 0.9987502603949663 0.04997916927067833 0.0 0.0 0.0 -1.0 1.0 1.0 0.8775825618903728 0.479425538604203 0.0 0.09987502603949663 0.004997916927067834 0.0 0.1 1.0
s -0.4161468365471424 0.9092974268256817 0.0 0.8775825618903728 0.479425538604203 0.0 0.0 0.0 -1.0 1.0 1.0 -0.4161468365471424 0.9092974268256817 0.0 0.8775825618903728 0.479425538604203 0.0 1.0 2.0
s -0.9364566872907963 -0.35078322768961984 -0.0 -0.4161468365471424 0.9092974268256817 0.0 0.0 0.0 -1.0 1.0 1.0 -0.9364566872907963 -0.35078322768961984 -0.0 -0.4161468365471424 0.9092974268256817 0.0 1.0 3.0
s 0.2836621854632263 -0.9589242746631386 0.0 -0.9364566872907963 -0.35078322768961984 -0.0 0.0 0.0 -1.0 1.0 1.0 0.2836621854632263 -0.9589242746631386 0.0 -0.9364566872907963 -0.35078322768961984 -0.0 1.0 4.0
s 0.9553364891255631 -0.2955202066613263 2.9999999999998654e-07 0.2836621854632263 -0.9589242746631386 0.0 3.4565485540347537e-07 1.0224917054495163e-07 -0.999999999999935 1.0 1.0 0.09553364891255632 -0.02955202066613263 2.9999999999998654e-08 0.2836621854632263 -0.9589242746631386 0.0 0.1 5.0
p 0.2531764309252395 0.9674201232266957 4.9999999999999945e-08 0.12658821546261975 0.48371006161334784 2.4999999999999972e-08
p 0.9876709257119348 -0.15654437870242235 4.9999999999999945e-08 0.9876709257119348 -0.15654437870242235 4.9999999999999945e-08
p 0.602542618588711 0.7980867075601864 2.999999999999999e-08 0.3012713092943555 0.3990433537800932 1.4999999999999995e-08
p -0.009227386991671799 0.9999574267584125 1e-08 -0.0046136934958358996 0.49997871337920624 5e-09
p 0.34282530562330366 0.9393991749114318 9.99999999999995e-08 0.17141265281165183 0.4696995874557159 4.999999999999975e-08
p 0.9944243410099641 -0.10545250118844324 -1e-08 0.49721217050498207 -0.05272625059422162 -5e-09
p 0.9512679076854691 -0.30836563979747966 2.9999999999999984e-08 1.9025358153709382 -0.6167312795949593 5.999999999999997e-08
p 0.9909280591147354 -0.13439338398560657 -2.9999999999999984e-08 0.4954640295573677 -0.06719669199280329 -1.4999999999999992e-08
p 0.9969230191793446 0.07838682179001685 -1.9999999999999997e-08 0.9969230191793446 0.07838682179001685 -1.9999999999999997e-08
p 0.9344892314550701 0.3559913991861495 1e-08 0.46724461572753506 0.17799569959307476 5e-09
p 0.7739265942350685 0.633275316694649 -9.999999999995002e-07 1.547853188470137 1.266550633389298 -1.9999999999990004e-06
p 0.13473375953215086 0.9908818365689888 -1.9999999999999997e-08 0.13473375953215086 0.9908818365689888 -1.9999999999999997e-08
p 0.9941552750686552 -0.10795966401006685 1e-08 0.9941552750686552 -0.10795966401006685 1e-08
p 0.005749567110722656 0.9999834711019175 9.999999999995002e-07 0.011499134221445311 1.999966942203835 1.9999999999990004e-06
p 0.9889954441528696 0.14794597475047383 -1.9999999999999997e-08 1.977990888305739 0.29589194950094766 -3.9999999999999994e-08
p 0.40523125164174656 0.9142142159761374 1e-08 0.40523125164174656 0.9142142159761374 1e-08
p 0.9105528007022506 0.41339278795509543 -2.9999999999999984e-08 0.9105528007022506 0.41339278795509543 -2.9999999999999984e-08
p 0.9949693300325272 -0.10017999947406442 1.9999999999999997e-08 1.9899386600650544 -0.20035999894812884 3.9999999999999994e-08
p 0.9969313834597381 -0.07828037220812713 9.99999999999995e-08 0.49846569172986904 -0.039140186104063564 4.999999999999975e-08
p 0.2651766233728509 0.9641998539807881 2e-08 0.13258831168642546 0.48209992699039406 1e-08
p 0.9948051984259184 0.10179694094013116 -1.9999999999999997e-08 0.4974025992129592 0.05089847047006558 -9.999999999999999e-09
p 0.9180558554218189 -0.3964510642257268 -2.9999999999999984e-08 1.8361117108436378 -0.7929021284514536 -5.999999999999997e-08
p 0.5575104133853662 0.8301699458345124 -2.9999999999999984e-08 0.2787552066926831 0.4150849729172562 -1.4999999999999992e-08
p 0.9984968263702506 -0.05480955873319816 -9.99999999999995e-08 1.9969936527405012 -0.10961911746639633 -1.99999999999999e-07
p 0.7275359454057491 0.6860695650898403 1.9999999999999997e-08 0.36376797270287453 0.34303478254492015 9.999999999999999e-09
p 0.8893518017664923 -0.4572235478348559 2.9999999999999984e-08 1.7787036035329846 -0.9144470956697118 5.999999999999997e-08
p 0.3846072553265004 0.9230803102386139 1.9999999999999997e-08 0.3846072553265004 0.9230803102386139 1.9999999999999997e-08
p 0.7788231483060668 0.6272435760234024 1.9999999999999997e-08 0.3894115741530334 0.3136217880117012 9.999999999999999e-09
p 0.9850111364811144 0.17249075629489122 -9.999999999995e-07 0.9850111364811144 0.17249075629489122 -9.999999999995e-07
p 0.7200340966871343 0.693938685769811 9.999999999999948e-08 0.7200340966871343 0.693938685769811 9.999999999999948e-08
p -0.007778148071131907 0.999969749748253 -9.999999999995002e-07 -0.015556296142263814 1.999939499496506 -1.9999999999990004e-06
p 0.9982440052784473 0.05923601881999672 -1.9999999999999997e-08 0.4991220026392236 0.02961800940999836 -9.999999999999999e-09
p 0.1495112603154594 0.9887600229777105 1.9999999999999997e-08 0.1495112603154594 0.9887600229777105 1.9999999999999997e-08
p 0.9975390842312722 0.07011259109485786 9.999999999995e-07 0.4987695421156361 0.03505629554742893 4.9999999999975e-07
p 0.8886329634581915 0.458619075328874 -2.9999999999999984e-08 0.44431648172909577 0.229309537664437 -1.4999999999999992e-08
p 0.8490460542481045 0.5283188410095955 -4.999999999999993e-08 1.698092108496209 1.056637682019191 -9.999999999999986e-08
p 0.8955344635651791 -0.4449921623658409 1e-08 0.8955344635651791 -0.4449921623658409 1e-08
p 0.8953504809644104 0.445362230366248 1e-08 1.7907009619288208 0.890724460732496 2e-08
p 0.5768525343121571 0.8168483051691061 -1.9999999999999997e-08 0.28842626715607855 0.40842415258455306 -9.999999999999999e-09
p 0.7193578170283204 0.6946397131464965 -4.999999999999993e-08 0.7193578170283204 0.6946397131464965 -4.999999999999993e-08
case 56 6 40
s 0.9987502603949663 0.04997916927067833 0.0 0.9992001066609331 0.03998933418663237 2.9999999999998654e-07 1.499400067321782e-06 -2.996300717932151e-05 -0.999999999549985 1.0 1.0 0.09987502603949663 0.004997916927067834 0.0 0.09992001066609331 0.003998933418663237 2.9999999999998654e-08 0.1 0.0
s 0.8775825618903728 0.479425538604203 0.0 0.9987502603949663 0.04997916927067833 0.0 0.0 0.0 -1.0 1.0 1.0 1.7551651237807455 0.958851077208406 0.0 0.09987502603949663 0.004997916927067834 0.0 0.1 1.0
s -0.39859637855648306 0.8709489764975944 0.2873478855663454 0.8775825618903728 0.479425538604203 0.0 -0.13807921244038343 0.25275230299584717 -0.9576274872945841 1.0 1.0 -0.7971927571129661 1.7418979529951888 0.5746957711326908 1.7551651237807455 0.958851077208406 0.0 2.0 2.0
s -0.8969628300582488 -0.3359893958958339 -0.2873478855663454 -0.39859637855648306 0.8709489764975944 0.2873478855663454 0.1537435140353627 0.3723343456140114 -0.9152759512672909 1.0 1.0 -1.7939256601164977 -0.6719787917916678 -0.5746957711326908 -0.7971927571129661 1.7418979529951888 0.5746957711326908 2.0 3.0
s 0.2805238471386536 -0.9483150748622418 0.14834045293024462 -0.8969628300582488 -0.3359893958958339 -0.2873478855663454 0.3224329819611792 -0.05246353097466939 -0.9451373180979005 1.0 1.0 0.5610476942773072 -1.8966301497244835 0.29668090586048923 -1.7939256601164977 -0.6719787917916678 -0.5746957711326908 2.0 4.0
s 0.9992001066609331 0.03998933418663237 2.9999999999998654e-07 0.2805238471386536 -0.9483150748622418 0.14834045293024462 0.006114646107107896 -0.15277720157531835 -0.9882417405583511 1.0 1.0 0.09992001066609331 0.003998933418663237 2.9999999999998654e-08 0.5610476942773072 -1.8966301497244835 0.29668090586048923 0.1 5.0
p 0.9446077326000795 -0.3282015105253737 9.999999999995002e-07 0.47230386630003973 -0.16410075526268686 4.999999999997501e-07
p 0.2731105997267648 0.9619826403407113 -1.9999999999999997e-08 0.1365552998633824 0.4809913201703557 -9.999999999999999e-09
p 0.9532720937640666 -0.302113083546 9.999999999995e-07 1.9065441875281333 -0.604226167092 1.999999999999e-06
p 0.1254105929533262 0.9921049254867617 4.9999999999999945e-08 0.0627052964766631 0.49605246274338083 2.4999999999999972e-08
p 0.9953075091872019 0.09676240052605886 -4.999999999999993e-08 1.9906150183744038 0.19352480105211772 -9.999999999999986e-08
p 0.9986591197086664 -0.05176835541816762 9.99999999999995e-08 0.4993295598543332 -0.02588417770908381 4.999999999999975e-08
p 0.9999849869263452 0.005479591400483714 -2.9999999999999984e-08 0.9999849869263452 0.005479591400483714 -2.9999999999999984e-08
p 0.8976874896446819 -0.4406326939021083 1e-08 0.44884374482234096 -0.22031634695105415 5e-09
p 0.8820973323155092 -0.47106718875428166 -9.999999999995e-07 0.4410486661577546 -0.23553359437714083 -4.9999999999975e-07
p 0.6651137149551549 0.7467420881251794 -9.999999999995002e-07 1.3302274299103098 1.4934841762503588 -1.9999999999990004e-06
p 0.9226083131847997 0.3857381241753222 4.9999999999999945e-08 0.46130415659239987 0.1928690620876611 2.4999999999999972e-08
p 0.21114447429795186 0.9774548639059717 1e-08 0.10557223714897593 0.48872743195298585 5e-09
p 0.9859815870176015 0.16685415805802434 -9.999999999995002e-07 0.49299079350880076 0.08342707902901217 -4.999999999997501e-07
p 0.5291896810003563 0.8485035542186853 -9.999999999995002e-07 1.0583793620007127 1.6970071084373706 -1.9999999999990004e-06
p 0.9999180651072339 0.012800901225919616 9.99999999999995e-08 0.9999180651072339 0.012800901225919616 9.99999999999995e-08
p 0.9710452872853966 -0.23889547932269706 1.9999999999999997e-08 1.9420905745707933 -0.4777909586453941 3.9999999999999994e-08
p 0.57817319161765 0.8159140644054681 9.99999999999995e-08 1.1563463832353 1.6318281288109362 1.99999999999999e-07
p 0.9186186094801133 -0.39514535340406454 1e-08 0.9186186094801133 -0.39514535340406454 1e-08
p 0.8059596377759942 0.5919704910516973 -1.9999999999999997e-08 0.8059596377759942 0.5919704910516973 -1.9999999999999997e-08
p 0.9215662027449851 -0.3882212435689076 1e-08 1.8431324054899703 -0.7764424871378152 2e-08
p 0.9749609197249945 0.22237626898790905 9.99999999999995e-08 0.4874804598624973 0.11118813449395452 4.999999999999975e-08
p 0.9922118008919039 0.12456220201507397 -2.9999999999999984e-08 1.9844236017838077 0.24912440403014793 -5.999999999999997e-08
p 0.103976245110498 0.9945797808379786 9.999999999995e-07 0.051988122555249 0.4972898904189893 4.9999999999975e-07
p 0.5479363020156632 0.8365200588948236 2.9999999999999984e-08 0.5479363020156632 0.8365200588948236 2.9999999999999984e-08
p 0.9350476098969519 0.3545221674676886 -9.99999999999995e-08 1.8700952197939038 0.7090443349353772 -1.99999999999999e-07
p 0.05110942320824032 0.9986930593822714 -9.999999999995e-07 0.02555471160412016 0.4993465296911357 -4.9999999999975e-07
p 0.9136146568722764 -0.40658118346543093 4.9999999999999945e-08 0.9136146568722764 -0.40658118346543093 4.9999999999999945e-08
p 0.9435534381287738 -0.3312203336079478 -9.999999999999948e-08 0.4717767190643869 -0.1656101668039739 -4.999999999999974e-08
p 0.9345359703847181 0.3558686837263024 -4.9999999999999945e-08 0.9345359703847181 0.3558686837263024 -4.9999999999999945e-08
p 0.8556625254727697 0.5175341945239483 -9.99999999999995e-08 0.42783126273638483 0.25876709726197417 -4.999999999999975e-08
p -0.0017877087373243115 0.9999984020474585 -2e-08 -0.0017877087373243115 0.9999984020474585 -2e-08
p 0.8319813224289042 0.5548036401551919 1e-08 1.6639626448578084 1.1096072803103838 2e-08
p 0.9017756727475984 0.43220439150894396 -9.999999999995002e-07 0.4508878363737992 0.21610219575447198 -4.999999999997501e-07
p 0.7954777729009518 0.6059827661077022 -9.999999999995002e-07 0.3977388864504759 0.3029913830538511 -4.999999999997501e-07
p 0.4667767460964135 0.8843751858253611 4.9999999999999945e-08 0.4667767460964135 0.8843751858253611 4.9999999999999945e-08
p 0.9319442419934768 -0.3626016130896301 -4.9999999999999945e-08 0.9319442419934768 -0.3626016130896301 -4.9999999999999945e-08
p 0.390459002160571 0.9206203167602653 1e-08 0.390459002160571 0.9206203167602653 1e-08
p 0.4849384584658108 0.8745482785420101 -9.99999999999995e-08 0.4849384584658108 0.8745482785420101 -9.99999999999995e-08
p 0.9723746073565236 0.23342584040385617 2e-08 0.4861873036782618 0.11671292020192808 1e-08
p 0.730265515757086 0.6831634332251947 4.9999999999999945e-08 0.730265515757086 0.6831634332251947 4.9999999999999945e-08
case 57 6 40
s 0.9950041652780258 -0.09983341664682815 -1e-09 0.9987502603949663 0.04997916927067833 0.0 3.344472287186003e-10 -6.683369524652032e-09 1.0 1.0 1.0 0.009950041652780258 -0.0009983341664682815 -1.0000000000000001e-11 0.009987502603949663 0.0004997916927067833 0.0 0.01 0.0
s 0.9987502603949663 0.04997916927067833 0.0 0.8775825618903728 0.479425538604203 0.0 0.0 0.0 1.0 1.0 1.0 0.009987502603949663 0.0004997916927067833 0.0 0.4387912809451864 0.2397127693021015 0.0 0.01 1.0
s 0.8775825618903728 0.479425538604203 0.0 -0.4161468365471424 0.9092974268256817 0.0 0.0 -0.0 1.0 1.0 1.0 0.4387912809451864 0.2397127693021015 0.0 -0.2080734182735712 0.45464871341284085 0.0 0.5 2.0
s -0.4161468365471424 0.9092974268256817 0.0 -0.9364566872907963 -0.35078322768961984 -0.0 0.0 -0.0 1.0 1.0 1.0 -0.2080734182735712 0.45464871341284085 0.0 -0.46822834364539817 -0.17539161384480992 -0.0 0.5 3.0
s -0.9364566872907963 -0.35078322768961984 -0.0 0.2836621854632263 -0.9589242746631386 0.0 -0.0 0.0 1.0 1.0 1.0 -0.46822834364539817 -0.17539161384480992 -0.0 0.14183109273161315 -0.4794621373315693 0.0 0.5 4.0
s 0.2836621854632263 -0.9589242746631386 0.0 0.9950041652780258 -0.09983341664682815 -1e-09 1.0357626563581388e-09 3.0639197117724226e-10 1.0 1.0 1.0 0.14183109273161315 -0.4794621373315693 0.0 0.009950041652780258 -0.0009983341664682815 -1.0000000000000001e-11 0.01 5.0
p 0.7503589120875486 0.6610306369986119 -1e-08 1.5007178241750971 1.3220612739972237 -2e-08
p 0.41442979727603074 0.9100812838036711 9.99999999999995e-08 0.20721489863801537 0.4550406419018356 4.999999999999975e-08
p 0.9873948566076296 0.15827633160011267 -9.99999999999995e-08 0.4936974283038148 0.07913816580005634 -4.999999999999975e-08
p 0.9996761142296171 -0.025449295427837318 -9.999999999995e-07 0.9996761142296171 -0.025449295427837318 -9.999999999995e-07
p 0.08180042481688118 0.9966487297437235 -1e-08 0.16360084963376237 1.993297459487447 -2e-08
p 0.9257314564662897 0.37818153115772296 -4.9999999999999945e-08 0.46286572823314487 0.18909076557886148 -2.4999999999999972e-08
p -0.02566911707180414 0.9996704939272459 -9.999999999999948e-08 -0.05133823414360828 1.9993409878544919 -1.9999999999999896e-07
p 0.8482569912403999 0.5295848155034036 9.999999999999948e-08 0.42412849562019994 0.2647924077517018 4.999999999999974e-08
p 0.9827154642836239 0.1851224358575176 -2.9999999999999984e-08 0.49135773214181194 0.0925612179287588 -1.4999999999999992e-08
p 0.8839376786612926 -0.467604726497589 -1.9999999999999997e-08 1.7678753573225852 -0.935209452995178 -3.9999999999999994e-08
p 0.9987629426582784 -0.04972508795936599 -9.99999999999995e-08 1.9975258853165567 -0.09945017591873198 -1.99999999999999e-07
p 0.7128927987687544 0.7012730263340035 -1.9999999999999997e-08 1.4257855975375089 1.402546052668007 -3.9999999999999994e-08
p 0.38840981399450186 0.9214867423857785 4.9999999999999945e-08 0.7768196279890037 1.842973484771557 9.999999999999989e-08
p 0.8048523869883303 0.5934750501572809 -1e-08 0.40242619349416514 0.29673752507864043 -5e-09
p 0.47280445463162757 0.8811673777895318 9.99999999999995e-08 0.47280445463162757 0.8811673777895318 9.99999999999995e-08
p 0.45753946983732563 0.8891893125431608 -1e-08 0.9150789396746513 1.7783786250863216 -2e-08
p 0.4943114197844812 0.8692848901658475 -2.9999999999999984e-08 0.9886228395689624 1.738569780331695 -5.999999999999997e-08
p 0.46081456644849667 0.8874964424423819 9.999999999995e-07 0.46081456644849667 0.8874964424423819 9.999999999995e-07
p 0.9691650962601595 0.24641228904223805 1.9999999999999997e-08 1.938330192520319 0.4928245780844761 3.9999999999999994e-08
p 0.7168306493044411 0.6972473163933823 1e-08 1.4336612986088821 1.3944946327867647 2e-08
p 0.8761633241451723 0.4820143456608752 1e-08 1.7523266482903446 0.9640286913217504 2e-08
p 0.9940824816557714 0.10862789542792563 4.999999999999993e-08 0.4970412408278857 0.054313947713962814 2.4999999999999966e-08
p 0.9137123192027824 0.40636165879309 2.9999999999999984e-08 0.4568561596013912 0.203180829396545 1.4999999999999992e-08
p 0.7283162125369808 0.6852411944387081 -1e-08 1.4566324250739615 1.3704823888774162 -2e-08
p 0.6768628544507961 0.7361091469780281 -1.9999999999999997e-08 0.33843142722539804 0.36805457348901405 -9.999999999999999e-09
p 0.5024352419900988 0.864614843503366 -2.9999999999999984e-08 0.5024352419900988 0.864614843503366 -2.9999999999999984e-08
p 0.9805639127492206 0.19619993122816942 -1.9999999999999997e-08 1.9611278254984412 0.39239986245633884 -3.9999999999999994e-08
p 0.6101313028641573 0.7923003175976172 -2.9999999999999984e-08 0.6101313028641573 0.7923003175976172 -2.9999999999999984e-08
p 0.8768611388561869 0.4807437395992068 -2.9999999999999984e-08 0.8768611388561869 0.4807437395992068 -2.9999999999999984e-08
p 0.9217351449369852 -0.38781996156463494 -1e-08 0.4608675724684926 -0.19390998078231747 -5e-09
p 0.9267951682532443 0.37556719252675796 9.99999999999995e-08 0.9267951682532443 0.37556719252675796 9.99999999999995e-08
p 0.9047596174570564 -0.42592256880677276 -2.9999999999999984e-08 1.8095192349141127 -0.8518451376135455 -5.999999999999997e-08
p 0.4673484356806739 0.8840732094497742 4.999999999999993e-08 0.9346968713613478 1.7681464188995484 9.999999999999986e-08
p 0.9773859282780697 0.21146334718814766 2.9999999999999984e-08 1.9547718565561394 0.4229266943762953 5.999999999999997e-08
p 0.24593389707116534 0.9692866027503885 -2e-08 0.12296694853558267 0.48464330137519424 -1e-08
p 0.46965279282628186 0.8828512072770042 9.99999999999995e-08 0.46965279282628186 0.8828512072770042 9.99999999999995e-08
p 0.9900995869912418 0.14036669063126347 -9.999999999995002e-07 1.9801991739824836 0.28073338126252695 -1.9999999999990004e-06
p 0.9520928273877061 0.30580916931459606 -1.9999999999999997e-08 0.9520928273877061 0.30580916931459606 -1.9999999999999997e-08
p 0.09522948039237203 0.9954553460925296 2.9999999999999984e-08 0.09522948039237203 0.9954553460925296 2.9999999999999984e-08
p 0.06055741797986779 0.9981647154290775 -1.9999999999999997e-08 0.12111483595973559 1.996329430858155 -3.9999999999999994e-08
case 58 6 40
s 1.0 0.0 -1e-09 0.9987502603949663 0.04997916927067833 0.0 9.999999999999999e-10 -1.9983330554894014e-08 0.9999999999999999 1.0 1.0 0.1 0.0 -1.0000000000000002e-10 0.09987502603949663 0.004997916927067834 0.0 0.1 0.0
s 0.9987502603949663 0.04997916927067833 0.0 0.8775825618903728 0.479425538604203 0.0 0.0 0.0 1.0 1.0 1.0 0.09987502603949663 0.004997916927067834 0.0 1.7551651237807455 0.958851077208406 0.0 0.1 1.0
s 0.8775825618903728 0.479425538604203 0.0 -0.4161468365471424 0.9092974268256817 0.0 0.0 -0.0 1.0 1.0 1.0 1.7551651237807455 0.958851077208406 0.0 -0.8322936730942848 1.8185948536513634 0.0 2.0 2.0
s -0.4161468365471424 0.9092974268256817 0.0 -0.9364566872907963 -0.35078322768961984 -0.0 0.0 -0.0 1.0 1.0 1.0 -0.8322936730942848 1.8185948536513634 0.0 -1.8729133745815927 -0.7015664553792397 -0.0 2.0 3.0
s -0.9364566872907963 -0.35078322768961984 -0.0 0.2836621854632263 -0.9589242746631386 0.0 -0.0 0.0 1.0 1.0 1.0 -1.8729133745815927 -0.7015664553792397 -0.0 0.5673243709264526 -1.9178485493262771 0.0 2.0 4.0
s 0.2836621854632263 -0.9589242746631386 0.0 1.0 0.0 -1e-09 1e-09 2.9581291553274556e-10 1.0 1.0 1.0 0.5673243709264526 -1.9178485493262771 0.0 0.1 0.0 -1.0000000000000002e-10 0.1 5.0
p 0.4051602687288509 0.9142456763050976 9.999999999995e-07 0.20258013436442546 0.4571228381525488 4.9999999999975e-07
p 0.45309421781861625 0.8914626350999437 -2.9999999999999984e-08 0.9061884356372325 1.7829252701998874 -5.999999999999997e-08
p 0.1456932343397107 0.9893298143024015 -9.99999999999995e-08 0.07284661716985535 0.49466490715120076 -4.999999999999975e-08
p 0.1062662492197183 0.9943377113821906 -2e-08 0.1062662492197183 0.9943377113821906 -2e-08
p 0.9229460952622067 0.3849292210786753 9.99999999999995e-08 0.9229460952622067 0.3849292210786753 9.99999999999995e-08
p 0.8495913205584608 0.5274415493983468 -4.9999999999999945e-08 1.6991826411169215 1.0548830987966935 -9.999999999999989e-08
p 0.6924253291017872 0.7214895450512652 -2e-08 0.6924253291017872 0.7214895450512652 -2e-08
p 0.5716146467258298 0.820522209113498 -9.99999999999995e-08 1.1432292934516597 1.641044418226996 -1.99999999999999e-07
p 0.9792479518641061 0.20266585496810602 1e-08 0.9792479518641061 0.20266585496810602 1e-08
p 0.646362951808825 0.763030100670335 2.9999999999999984e-08 1.29272590361765 1.52606020134067 5.999999999999997e-08
p 0.9538078727390097 -0.30041727963132003 4.9999999999999945e-08 1.9076157454780194 -0.6008345592626401 9.999999999999989e-08
p 0.7555854286030101 0.6550501202830231 -4.9999999999999945e-08 0.3777927143015051 0.32752506014151156 -2.4999999999999972e-08
p 0.25095402291743396 0.9679990074274643 -9.999999999995e-07 0.5019080458348679 1.9359980148549285 -1.999999999999e-06
p 0.33902713301170434 0.9407765957345363 -2.9999999999999984e-08 0.33902713301170434 0.9407765957345363 -2.9999999999999984e-08
p 0.6693465677379692 0.7429503161426073 9.999999999995e-07 0.6693465677379692 0.7429503161426073 9.999999999995e-07
p 0.06516964591955507 0.9978741991101483 -9.999999999995e-07 0.032584822959777535 0.49893709955507415 -4.9999999999975e-07
p 0.7766955036860717 0.6298762533655631 -1.9999999999999997e-08 0.3883477518430358 0.31493812668278154 -9.999999999999999e-09
p 0.5986374156286618 0.8010201274683653 2.9999999999999984e-08 1.1972748312573236 1.6020402549367305 5.999999999999997e-08
p 0.05662123390748624 0.9983957310960385 -1.9999999999999997e-08 0.05662123390748624 0.9983957310960385 -1.9999999999999997e-08
p 0.6063237547437774 0.7952178974554129 1e-08 0.3031618773718887 0.39760894872770647 5e-09
p 0.9970721130463973 -0.07646699539794959 4.9999999999999945e-08 1.9941442260927946 -0.15293399079589917 9.999999999999989e-08
p 0.973539288769661 0.22851969985509374 -1.9999999999999997e-08 0.973539288769661 0.22851969985509374 -1.9999999999999997e-08
p 0.9813629962958075 0.192163132523677 4.999999999999993e-08 1.962725992591615 0.384326265047354 9.999999999999986e-08
p 0.888067895438363 -0.4597123155753684 9.99999999999995e-08 0.888067895438363 -0.4597123155753684 9.99999999999995e-08
p 0.8850590266543603 -0.4654788065397114 4.9999999999999945e-08 0.44252951332718016 -0.2327394032698557 2.4999999999999972e-08
p 0.23659276238975477 0.9716089052616723 9.999999999995002e-07 0.23659276238975477 0.9716089052616723 9.999999999995002e-07
p 0.8968494236180845 -0.44233597113043766 4.9999999999999945e-08 0.8968494236180845 -0.44233597113043766 4.9999999999999945e-08
p 0.8854927994734388 0.46465309864423826 9.999999999995e-07 0.8854927994734388 0.46465309864423826 9.999999999995e-07
p 0.9534622869043752 -0.3015123006629721 -1.9999999999999997e-08 0.9534622869043752 -0.3015123006629721 -1.9999999999999997e-08
p 0.245176099854274 0.9694785609074844 9.999999999995e-07 0.245176099854274 0.9694785609074844 9.999999999995e-07
p 0.8884109827907141 -0.45904893601535324 -9.99999999999995e-08 0.8884109827907141 -0.45904893601535324 -9.99999999999995e-08
p 0.3156141375803466 0.9488876204058119 9.99999999999995e-08 0.3156141375803466 0.9488876204058119 9.99999999999995e-08
p 0.3226689357944108 0.946511889979889 2.9999999999999984e-08 0.3226689357944108 0.946511889979889 2.9999999999999984e-08
p 0.9936556288904784 0.11246551104346299 -1.9999999999999997e-08 0.9936556288904784 0.11246551104346299 -1.9999999999999997e-08
p 0.9212298027146246 0.38901883063724924 2.9999999999999984e-08 0.9212298027146246 0.38901883063724924 2.9999999999999984e-08
p 0.30249415981675215 0.9531512384069775 4.9999999999999945e-08 0.6049883196335043 1.906302476813955 9.999999999999989e-08
p 0.7217792024408378 0.6921233870653902 -9.999999999995e-07 1.4435584048816756 1.3842467741307805 -1.999999999999e-06
p 0.11075483072224003 0.9938477586993321 -4.9999999999999945e-08 0.22150966144448006 1.9876955173986641 -9.999999999999989e-08
p 0.9490301169877354 -0.3151854010725199 9.999999999995e-07 0.4745150584938677 -0.15759270053625996 4.9999999999975e-07
p 0.9854100173796642 -0.17019723161029954 -2e-08 0.4927050086898321 -0.08509861580514977 -1e-08
case 59 6 40
s 0.9987502603949663 0.04997916927067833 0.0 0.9950041652780258 -0.09983341664682815 -3e-09 -1.0033416861558006e-09 2.0050108573956092e-08 -0.9999999999999998 1.0 1.0 0.0009987502603949663 4.997916927067833e-05 0.0 0.000995004165278026 -9.983341664682815e-05 -3e-12 0.001 0.0
s 0.8775825618903728 0.479425538604203 0.0 0.9987502603949663 0.04997916927067833 0.0 0.0 0.0 -1.0 1.0 1.0 0.4387912809451864 0.2397127693021015 0.0 0.0009987502603949663 4.997916927067833e-05 0.0 0.001 1.0
s -0.39859637855648306 0.8709489764975944 -0.2873478855663454 0.8775825618903728 0.479425538604203 0.0 0.13807921244038343 -0.25275230299584717 -0.9576274872945841 1.0 1.0 -0.19929818927824153 0.4354744882487972 -0.1436739427831727 0.4387912809451864 0.2397127693021015 0.0 0.5 2.0
s -0.8969628300582488 -0.3359893958958339 0.2873478855663454 -0.39859637855648306 0.8709489764975944 -0.2873478855663454 -0.1537435140353627 -0.3723343456140114 -0.9152759512672909 1.0 1.0 -0.4484814150291244 -0.16799469794791694 0.1436739427831727 -0.19929818927824153 0.4354744882487972 -0.1436739427831727 0.5 3.0
s 0.2805238471386536 -0.9483150748622418 -0.14834045293024462 -0.8969628300582488 -0.3359893958958339 0.2873478855663454 -0.3224329819611792 0.05246353097466939 -0.9451373180979005 1.0 1.0 0.1402619235693268 -0.4741575374311209 -0.07417022646512231 -0.4484814150291244 -0.16799469794791694 0.1436739427831727 0.5 4.0
s 0.9950041652780258 -0.09983341664682815 -3e-09 0.2805238471386536 -0.9483150748622418 -0.14834045293024462 0.015966745250640544 0.15913490217314333 -0.9871277252495977 1.0 1.0 0.000995004165278026 -9.983341664682815e-05 -3e-12 0.1402619235693268 -0.4741575374311209 -0.07417022646512231 0.001 5.0
p 0.9993592362003544 -0.035792695079357596 -1.9999999999999997e-08 1.9987184724007088 -0.07158539015871519 -3.9999999999999994e-08
p 0.20600685796805318 0.9785505477338041 -4.9999999999999945e-08 0.10300342898402659 0.48927527386690206 -2.4999999999999972e-08
p 0.849050670195521 0.5283114227806615 9.99999999999995e-08 0.4245253350977605 0.2641557113903307 4.999999999999975e-08
p 0.5807001509104301 0.8141175189937897 -2e-08 1.1614003018208603 1.6282350379875794 -4e-08
p 0.6692716709073965 0.7430177861402925 -1.9999999999999997e-08 0.6692716709073965 0.7430177861402925 -1.9999999999999997e-08
p 0.8622730248632243 0.5064437092049079 -1e-08 0.43113651243161216 0.25322185460245394 -5e-09
p 0.9995315265567806 -0.0306060029907464 4.9999999999999945e-08 0.4997657632783903 -0.0153030014953732 2.4999999999999972e-08
p 0.813491211905454 0.5815772073874591 -1e-08 0.406745605952727 0.29078860369372955 -5e-09
p 0.9871918383574124 0.15953768921640912 -2.9999999999999984e-08 0.9871918383574124 0.15953768921640912 -2.9999999999999984e-08
p 0.9975275429658786 -0.07027660367757232 4.999999999999993e-08 0.9975275429658786 -0.07027660367757232 4.999999999999993e-08
p 0.4689382646785906 0.8832309459706617 -4.9999999999999945e-08 0.2344691323392953 0.4416154729853308 -2.4999999999999972e-08
p 0.9996892208715422 -0.024929133022405552 1e-08 0.9996892208715422 -0.024929133022405552 1e-08
p 0.41099734792432324 0.9116365394164345 1.9999999999999997e-08 0.41099734792432324 0.9116365394164345 1.9999999999999997e-08
p 0.982593916612295 0.18576650676725795 2.999999999999999e-08 1.96518783322459 0.3715330135345159 5.999999999999998e-08
p 0.9993033555758959 0.03732028315480046 -2e-08 1.9986067111517918 0.07464056630960092 -4e-08
p 0.9998020813066619 -0.01989467805362076 9.99999999999995e-08 0.9998020813066619 -0.01989467805362076 9.99999999999995e-08
p 0.910428764502761 -0.41366588542684507 1.9999999999999997e-08 0.910428764502761 -0.41366588542684507 1.9999999999999997e-08
p 0.9037146790249524 0.42813523437674034 2.9999999999999984e-08 1.8074293580499048 0.8562704687534807 5.999999999999997e-08
p 0.6191835932244195 0.7852462530198382 -2.9999999999999984e-08 0.6191835932244195 0.7852462530198382 -2.9999999999999984e-08
p 0.037623609372402375 0.9992919813637013 -2.9999999999999984e-08 0.037623609372402375 0.9992919813637013 -2.9999999999999984e-08
p 0.9441538519006138 0.3295049376583503 1.9999999999999997e-08 1.8883077038012277 0.6590098753167006 3.9999999999999994e-08
p 0.46130458534190955 0.8872418382507256 4.9999999999999945e-08 0.46130458534190955 0.8872418382507256 4.9999999999999945e-08
p 0.6018261340632184 0.798627137253995 -9.99999999999995e-08 0.6018261340632184 0.798627137253995 -9.99999999999995e-08
p 0.7901955651854669 0.612854769714015 -4.9999999999999945e-08 0.3950977825927334 0.3064273848570075 -2.4999999999999972e-08
p 0.1792333388787108 0.9838065918839883 2.9999999999999984e-08 0.0896166694393554 0.49190329594199417 1.4999999999999992e-08
p 0.5392378173407334 0.8421535349029843 -9.99999999999995e-08 0.5392378173407334 0.8421535349029843 -9.99999999999995e-08
p 0.6642615732372488 0.7475002089099205 -1.9999999999999997e-08 1.3285231464744975 1.495000417819841 -3.9999999999999994e-08
p 0.2032924709823311 0.979118057867328 -9.99999999999995e-08 0.10164623549116555 0.489559028933664 -4.999999999999975e-08
p 0.9774007412216891 -0.21139486999048213 -9.999999999995e-07 0.48870037061084454 -0.10569743499524106 -4.9999999999975e-07
p 0.2763342240802799 0.9610615987552241 -4.9999999999999945e-08 0.13816711204013996 0.48053079937761206 -2.4999999999999972e-08
p 0.7220314243159512 0.6918602621196557 -1e-08 0.7220314243159512 0.6918602621196557 -1e-08
p 0.27458570045781583 0.961562630879596 1.9999999999999997e-08 0.27458570045781583 0.961562630879596 1.9999999999999997e-08
p 0.9824609553145794 0.1864684189946487 2e-08 0.4912304776572897 0.09323420949732435 1e-08
p 0.14788873563547458 0.9890040049828569 9.99999999999995e-08 0.29577747127094917 1.9780080099657138 1.99999999999999e-07
p 0.2956708129832102 0.9552898881228918 1.9999999999999997e-08 0.5913416259664204 1.9105797762457837 3.9999999999999994e-08
p 0.9999880268583551 0.0048934793270219755 9.99999999999995e-08 0.9999880268583551 0.0048934793270219755 9.99999999999995e-08
p 0.7918267637490497 0.6107457541487266 -9.99999999999995e-08 0.39591338187452485 0.3053728770743633 -4.999999999999975e-08
p 0.3790977361069667 0.9253566374531345 -2.9999999999999984e-08 0.7581954722139334 1.850713274906269 -5.999999999999997e-08
p 0.38657270210896894 0.9222589365162961 2.9999999999999984e-08 0.19328635105448447 0.46112946825814805 1.4999999999999992e-08
p 0.999899195041557 0.014198582860154015 -9.99999999999995e-08 0.999899195041557 0.014198582860154015 -9.99999999999995e-08
case 60 6 40
s 0.9950041652780245 -0.09983341664682802 -4.999999999999993e-08 0.9987502603949663 0.04997916927067833 0.0 1.6722361435929075e-08 -3.3416847623258276e-07 0.9999999999999439 1.0 1.0 0.009950041652780245 -0.0009983341664682802 -4.999999999999993e-10 0.009987502603949663 0.0004997916927067833 0.0 0.01 0.0
s 0.9987502603949663 0.04997916927067833 0.0 0.8775825618903728 0.479425538604203 0.0 0.0 0.0 1.0 1.0 1.0 0.009987502603949663 0.0004997916927067833 0.0 0.4387912809451864 0.2397127693021015 0.0 0.01 1.0
s 0.8775825618903728 0.479425538604203 0.0 -0.4161468365471424 0.9092974268256817 0.0 0.0 -0.0 1.0 1.0 1.0 0.4387912809451864 0.2397127693021015 0.0 -0.2080734182735712 0.45464871341284085 0.0 0.5 2.0
s -0.4161468365471424 0.9092974268256817 0.0 -0.9364566872907963 -0.35078322768961984 -0.0 0.0 -0.0 1.0 1.0 1.0 -0.2080734182735712 0.45464871341284085 0.0 -0.46822834364539817 -0.17539161384480992 -0.0 0.5 3.0
s -0.9364566872907963 -0.35078322768961984 -0.0 0.2836621854632263 -0.9589242746631386 0.0 -0.0 0.0 1.0 1.0 1.0 -0.46822834364539817 -0.17539161384480992 -0.0 0.14183109273161315 -0.4794621373315693 0.0 0.5 4.0
s 0.2836621854632263 -0.9589242746631386 0.0 0.9950041652780245 -0.09983341664682802 -4.999999999999993e-08 5.178813281790687e-08 1.531959855886209e-08 0.9999999999999986 1.0 1.0 0.14183109273161315 -0.4794621373315693 0.0 0.009950041652780245 -0.0009983341664682802 -4.999999999999993e-10 0.01 5.0
p 0.9926558692952213 -0.12097241484630396 -4.9999999999999945e-08 0.9926558692952213 -0.12097241484630396 -4.9999999999999945e-08
p 0.9300761759201831 0.36736672003010673 9.99999999999995e-08 0.46503808796009155 0.18368336001505337 4.999999999999975e-08
p 0.1979282904766371 0.9802165025283932 -1.9999999999999997e-08 0.1979282904766371 0.9802165025283932 -1.9999999999999997e-08
p 0.9999992485826347 0.0012259013687652004 -1e-08 1.9999984971652693 0.002451802737530401 -2e-08
p 0.9994696922487111 -0.032562774394496403 1e-08 0.9994696922487111 -0.032562774394496403 1e-08
p 0.05009448237329933 0.9987444832567244 -9.99999999999995e-08 0.05009448237329933 0.9987444832567244 -9.99999999999995e-08
p 0.9391485643921569 -0.34351124290210694 -1.9999999999999997e-08 0.9391485643921569 -0.34351124290210694 -1.9999999999999997e-08
p 0.5375218046821215 0.8432498499799898 -1e-08 0.26876090234106076 0.4216249249899949 -5e-09
p 0.19280714900275092 0.9812366703774533 1e-08 0.19280714900275092 0.9812366703774533 1e-08
p 0.08991744145405052 0.995949222461345 -9.999999999995002e-07 0.04495872072702526 0.4979746112306725 -4.999999999997501e-07
p 0.8031973730813744 0.5957130012641816 2.9999999999999984e-08 0.4015986865406872 0.2978565006320908 1.4999999999999992e-08
p 0.9551218883946274 -0.29621306235458034 4.9999999999999945e-08 0.4775609441973137 -0.14810653117729017 2.4999999999999972e-08
p 0.2735131869564353 0.9618682532243871 -1.9999999999999997e-08 0.5470263739128706 1.9237365064487741 -3.9999999999999994e-08
p 0.933864493587617 0.35762705101312264 -2.9999999999999984e-08 0.933864493587617 0.35762705101312264 -2.9999999999999984e-08
p 0.9144928279836233 -0.4046021101854424 4.9999999999999945e-08 0.45724641399181165 -0.2023010550927212 2.4999999999999972e-08
p 0.9168674533936957 -0.39919177459882454 1.9999999999999997e-08 1.8337349067873914 -0.7983835491976491 3.9999999999999994e-08
p 0.30362185325937874 0.9527926165873298 -9.99999999999995e-08 0.30362185325937874 0.9527926165873298 -9.99999999999995e-08
p 0.9999627386126907 0.008632577031669577 -1e-08 1.9999254772253814 0.017265154063339155 -2e-08
p 0.7801334666413876 0.6256131186492899 -1.9999999999999997e-08 0.7801334666413876 0.6256131186492899 -1.9999999999999997e-08
p 0.957246681329846 0.2892728661367935 -2.9999999999999984e-08 1.914493362659692 0.578545732273587 -5.999999999999997e-08
p 0.09499938913469323 0.9954773307630038 -9.999999999995e-07 0.18999877826938646 1.9909546615260076 -1.999999999999e-06
p 0.9997438607871251 0.022632119177205912 -4.9999999999999945e-08 1.9994877215742501 0.045264238354411825 -9.999999999999989e-08
p 0.15901176393914712 0.9872766881320346 -4.9999999999999945e-08 0.07950588196957356 0.4936383440660173 -2.4999999999999972e-08
p 0.8894367286665593 -0.4570583176115815 9.999999999995e-07 0.44471836433327966 -0.22852915880579075 4.9999999999975e-07
p 0.388105111424299 0.9216151162423132 -1e-08 0.776210222848598 1.8432302324846264 -2e-08
p 0.9816799522641523 -0.19053732265003076 -9.99999999999995e-08 1.9633599045283046 -0.3810746453000615 -1.99999999999999e-07
p 0.45224080867760896 0.8918958745092511 -1.9999999999999997e-08 0.9044816173552179 1.7837917490185022 -3.9999999999999994e-08
p 0.984211070383056 0.17699878229928417 9.99999999999995e-08 0.984211070383056 0.17699878229928417 9.99999999999995e-08
p 0.44035719029465403 0.8978226689919323 2.9999999999999984e-08 0.8807143805893081 1.7956453379838646 5.999999999999997e-08
p 0.715567507494985 0.6985435864836314 -1e-08 0.715567507494985 0.6985435864836314 -1e-08
p 0.911596499264606 -0.41108614976488167 1.9999999999999997e-08 0.455798249632303 -0.20554307488244083 9.999999999999999e-09
p 0.9975477676565047 -0.06998893657944538 4.999999999999993e-08 0.49877388382825233 -0.03499446828972269 2.4999999999999966e-08
p 0.9539532823290131 0.29995522188103707 1e-08 0.47697664116450655 0.14997761094051854 5e-09
p 0.968153318305765 -0.25035804811016843 4.999999999999993e-08 1.93630663661153 -0.5007160962203369 9.999999999999986e-08
p 0.2305063744805902 0.9730708151639396 -1e-08 0.1152531872402951 0.4865354075819698 -5e-09
p 0.1995922678139481 0.9798790367330471 -2.9999999999999984e-08 0.3991845356278962 1.9597580734660942 -5.999999999999997e-08
p 0.22368090900296433 0.9746624292274773 1.9999999999999997e-08 0.44736181800592867 1.9493248584549545 3.9999999999999994e-08
p 0.22647776114009055 0.974016336468733 9.999999999995e-07 0.4529555222801811 1.948032672937466 1.999999999999e-06
p 0.35113907087395435 0.9363233164381662 9.99999999999995e-08 0.35113907087395435 0.9363233164381662 9.99999999999995e-08
p 0.9745119176931679 0.22433573561511463 9.99999999999995e-08 1.9490238353863358 0.44867147123022927 1.99999999999999e-07
case 61 6 40
s 0.9995500337489875 0.02999550020249566 1e-09 0.9987502603949663 0.04997916927067833 0.0 -2.499125068539681e-09 4.99408423426506e-08 0.9999999999999988 1.0 1.0 0.09995500337489877 0.002999550020249566 1.0000000000000002e-10 0.09987502603949663 0.004997916927067834 0.0 0.1 0.0
s 0.9987502603949663 0.04997916927067833 0.0 0.8775825618903728 0.479425538604203 0.0 0.0 0.0 1.0 1.0 1.0 0.09987502603949663 0.004997916927067834 0.0 0.4387912809451864 0.2397127693021015 0.0 0.1 1.0
s 0.8775825618903728 0.479425538604203 0.0 -0.39859637855648306 0.8709489764975944 -0.2873478855663454 -0.13807921244038343 0.25275230299584717 0.9576274872945841 1.0 1.0 0.4387912809451864 0.2397127693021015 0.0 -0.19929818927824153 0.4354744882487972 -0.1436739427831727 0.5 2.0
s -0.39859637855648306 0.8709489764975944 -0.2873478855663454 -0.8969628300582488 -0.3359893958958339 0.2873478855663454 0.1537435140353627 0.3723343456140114 0.9152759512672909 1.0 1.0 -0.19929818927824153 0.4354744882487972 -0.1436739427831727 -0.4484814150291244 -0.16799469794791694 0.1436739427831727 0.5 3.0
s -0.8969628300582488 -0.3359893958958339 0.2873478855663454 0.2805238471386536 -0.9483150748622418 -0.14834045293024462 0.3224329819611792 -0.05246353097466939 0.9451373180979005 1.0 1.0 -0.4484814150291244 -0.16799469794791694 0.1436739427831727 0.1402619235693268 -0.4741575374311209 -0.07417022646512231 0.5 4.0
s 0.2805238471386536 -0.9483150748622418 -0.14834045293024462 0.9995500337489875 0.02999550020249566 1e-09 0.004597874314877039 -0.15321652860479773 0.9881819442360196 1.0 1.0 0.1402619235693268 -0.4741575374311209 -0.07417022646512231 0.09995500337489877 0.002999550020249566 1.0000000000000002e-10 0.1 5.0
p 0.20572192211259333 0.9786104898080187 9.99999999999995e-08 0.10286096105629666 0.48930524490400934 4.999999999999975e-08
p 0.9515360918919323 -0.3075370966664477 -9.999999999995e-07 0.47576804594596617 -0.15376854833322384 -4.9999999999975e-07
p 0.9589106199631933 0.28370834129754513 -1e-08 0.47945530998159663 0.14185417064877257 -5e-09
p 0.99711971444463 0.07584375429696916 1.9999999999999997e-08 0.498559857222315 0.03792187714848458 9.999999999999999e-09
p 0.26152025668999374 0.9651979876381827 -4.9999999999999945e-08 0.13076012834499687 0.4825989938190913 -2.4999999999999972e-08
p 0.4316293235953637 0.9020510667432353 -1e-08 0.4316293235953637 0.9020510667432353 -1e-08
p 0.49920988878131717 0.8664810943944156 -2.9999999999999984e-08 0.24960494439065858 0.4332405471972078 -1.4999999999999992e-08
p 0.9925688607077985 -0.12168425022254609 -9.999999999995002e-07 1.985137721415597 -0.24336850044509217 -1.9999999999990004e-06
p 0.5459773428271144 0.8377999409873718 -9.999999999995e-07 0.2729886714135572 0.4188999704936859 -4.9999999999975e-07
p 0.6572742167607701 0.753651513619866 2.9999999999999984e-08 1.3145484335215403 1.507303027239732 5.999999999999997e-08
p 0.8854642811019537 0.4647074422608169 -9.99999999999995e-08 1.7709285622039075 0.9294148845216338 -1.99999999999999e-07
p 0.9341169926772652 0.3569670068669824 9.99999999999995e-08 0.4670584963386326 0.1784835034334912 4.999999999999975e-08
p 0.9950117614528259 0.09975767925599703 4.9999999999999945e-08 0.49750588072641294 0.049878839627998516 2.4999999999999972e-08
p 0.9381017967205341 0.3463596670943315 9.99999999999995e-08 0.46905089836026703 0.17317983354716576 4.999999999999975e-08
p 0.9820016562194301 -0.18887230390212345 -9.999999999995e-07 0.49100082810971507 -0.09443615195106173 -4.9999999999975e-07
p 0.6005196411509791 0.7996100053094003 -9.999999999995e-07 1.2010392823019582 1.5992200106188006 -1.999999999999e-06
p 0.999980545647101 0.006237653912041115 -9.999999999995002e-07 0.999980545647101 0.006237653912041115 -9.999999999995002e-07
p 0.3649355662484128 0.9310327773429572 9.99999999999995e-08 0.3649355662484128 0.9310327773429572 9.99999999999995e-08
p 0.3298987779696371 0.9440163114555438 9.99999999999995e-08 0.16494938898481856 0.4720081557277719 4.999999999999975e-08
p 0.727343080863591 0.6862740288833972 9.99999999999995e-08 0.727343080863591 0.6862740288833972 9.99999999999995e-08
p 0.7333455596734452 0.679856080436324 -9.999999999995e-07 0.7333455596734452 0.679856080436324 -9.999999999995e-07
p 0.9645291856758805 -0.2639762299515285 -1.9999999999999997e-08 0.48226459283794026 -0.13198811497576424 -9.999999999999999e-09
p 0.994802901047032 0.10181938945210475 9.99999999999995e-08 0.994802901047032 0.10181938945210475 9.99999999999995e-08
p 0.9430290950436129 0.3327102732126287 -4.999999999999993e-08 0.47151454752180644 0.16635513660631435 -2.4999999999999966e-08
p 0.07488654782649182 0.9971920602143954 1e-08 0.03744327391324591 0.4985960301071977 5e-09
p 0.9295509862369089 0.3686935909206851 -1.9999999999999997e-08 1.8591019724738178 0.7373871818413702 -3.9999999999999994e-08
p 0.6666946642275398 0.7453309497736682 -9.99999999999995e-08 0.6666946642275398 0.7453309497736682 -9.99999999999995e-08
p 0.054841568290022166 0.9984950687847641 -1e-08 0.027420784145011083 0.49924753439238206 -5e-09
p 0.9383642720226579 0.3456479321381616 -1e-08 1.8767285440453159 0.6912958642763232 -2e-08
p 0.747202538016602 0.6645963941984249 1.9999999999999997e-08 1.494405076033204 1.3291927883968497 3.9999999999999994e-08
p 0.17733448702268204 0.9841506387293574 -9.999999999995e-07 0.35466897404536407 1.9683012774587147 -1.999999999999e-06
p 0.7646597741413416 0.6444341935443155 9.999999999995e-07 0.3823298870706708 0.32221709677215776 4.9999999999975e-07
p 0.8966362361102838 0.4427679528759761 -2.9999999999999984e-08 0.4483181180551419 0.22138397643798804 -1.4999999999999992e-08
p 0.9779953248569518 -0.2086268069015705 -1e-08 1.9559906497139037 -0.417253613803141 -2e-08
p 0.48699819627673097 0.8734029750482883 -9.99999999999995e-08 0.24349909813836548 0.43670148752414417 -4.999999999999975e-08
p 0.5265821378548178 0.8501242568544009 -4.9999999999999945e-08 0.2632910689274089 0.4250621284272004 -2.4999999999999972e-08
p 0.9447214813849669 -0.3278739431683976 9.999999999995e-07 0.47236074069248346 -0.1639369715841988 4.9999999999975e-07
p 0.9999966479253738 0.0025892348321403477 -9.999999999995e-07 0.9999966479253738 0.0025892348321403477 -9.999999999995e-07
p 0.9293520832583421 0.3691946713366403 -9.99999999999995e-08 0.9293520832583421 0.3691946713366403 -9.99999999999995e-08
p 0.8993562813081638 -0.437216513035076 -9.999999999995e-07 0.8993562813081638 -0.437216513035076 -9.999999999995e-07
case 62 6 40
s 0.955336489125606 -0.29552020666133955 -1e-08 0.9987502603949663 0.04997916927067833 0.0 1.4575528972191374e-09 -2.9126761346373487e-08 0.9999999999999996 1.0 1.0 0.09553364891256061 -0.029552020666133955 -1e-09 0.09987502603949663 0.004997916927067834 0.0 0.1 0.0
s 0.9987502603949663 0.04997916927067833 0.0 0.8775825618903728 0.479425538604203 0.0 0.0 0.0 1.0 1.0 1.0 0.09987502603949663 0.004997916927067834 0.0 1.7551651237807455 0.958851077208406 0.0 0.1 1.0
s 0.8775825618903728 0.479425538604203 0.0 -0.39859637855648306 0.8709489764975944 -0.2873478855663454 -0.13807921244038343 0.25275230299584717 0.9576274872945841 1.0 1.0 1.7551651237807455 0.958851077208406 0.0 -0.7971927571129661 1.7418979529951888 -0.5746957711326908 2.0 2.0
s -0.39859637855648306 0.8709489764975944 -0.2873478855663454 -0.8969628300582488 -0.3359893958958339 0.2873478855663454 0.1537435140353627 0.3723343456140114 0.9152759512672909 1.0 1.0 -0.7971927571129661 1.7418979529951888 -0.5746957711326908 -1.7939256601164977 -0.6719787917916678 0.5746957711326908 2.0 3.0
s -0.8969628300582488 -0.3359893958958339 0.2873478855663454 0.2805238471386536 -0.9483150748622418 -0.14834045293024462 0.3224329819611792 -0.05246353097466939 0.9451373180979005 1.0 1.0 -1.7939256601164977 -0.6719787917916678 0.5746957711326908 0.5610476942773072 -1.8966301497244835 -0.29668090586048923 2.0 4.0
s 0.2805238471386536 -0.9483150748622418 -0.14834045293024462 0.955336489125606 -0.29552020666133955 -1e-08 -0.05241721926744907 -0.16945065324590666 0.984143745211442 1.0 1.0 0.5610476942773072 -1.8966301497244835 -0.29668090586048923 0.09553364891256061 -0.029552020666133955 -1e-09 0.1 5.0
p 0.979276169068132 0.20252946623946594 1.9999999999999997e-08 0.489638084534066 0.10126473311973297 9.999999999999999e-09
p 0.9847927858974664 -0.17373303901188836 1.9999999999999997e-08 0.4923963929487332 -0.08686651950594418 9.999999999999999e-09
p 0.22270314870381158 0.9748863049388926 -1.9999999999999997e-08 0.22270314870381158 0.9748863049388926 -1.9999999999999997e-08
p 0.42451292017989783 0.9054218798992737 2.9999999999999984e-08 0.42451292017989783 0.9054218798992737 2.9999999999999984e-08
p 0.849480104573657 0.5276206515419278 -1.9999999999999997e-08 0.849480104573657 0.5276206515419278 -1.9999999999999997e-08
p 0.9684413122481994 0.2492416994224194 -9.99999999999995e-08 0.4842206561240997 0.1246208497112097 -4.999999999999975e-08
p 0.9306816525301291 -0.365830099422926 1e-08 1.8613633050602583 -0.731660198845852 2e-08
p 0.478605726699115 0.8780299302249395 -1e-08 0.95721145339823 1.756059860449879 -2e-08
p 0.19126630404227635 0.981538181090271 9.99999999999995e-08 0.19126630404227635 0.981538181090271 9.99999999999995e-08
p 0.9904785393143063 -0.13766721889322805 4.9999999999999945e-08 1.9809570786286126 -0.2753344377864561 9.999999999999989e-08
p 0.6123078435169013 0.7906194437070718 -4.9999999999999945e-08 0.30615392175845063 0.3953097218535359 -2.4999999999999972e-08
p 0.8323850506660128 0.5541977331492157 -9.999999999999948e-08 1.6647701013320255 1.1083954662984314 -1.9999999999999896e-07
p 0.8042401122154271 0.5943045026783133 1e-08 0.8042401122154271 0.5943045026783133 1e-08
p 0.9157476224364396 0.4017540192729854 9.99999999999995e-08 0.4578738112182198 0.2008770096364927 4.999999999999975e-08
p 0.6702984031830478 0.7420916726997118 1.9999999999999997e-08 0.6702984031830478 0.7420916726997118 1.9999999999999997e-08
p 0.9424690481575208 -0.3342934239033978 -1e-08 1.8849380963150415 -0.6685868478067956 -2e-08
p 0.9877435687620566 -0.1560853688504908 -4.999999999999993e-08 1.9754871375241132 -0.3121707377009816 -9.999999999999986e-08
p 0.3128189196924502 0.9498127833849409 -9.999999999995002e-07 0.3128189196924502 0.9498127833849409 -9.999999999995002e-07
p 0.9463832228449801 -0.3230461197995554 1e-08 1.8927664456899602 -0.6460922395991108 2e-08
p 0.12475842642855467 0.9921871471829651 -1e-08 0.24951685285710934 1.9843742943659302 -2e-08
p 0.9456643529099386 0.32514447809462527 -2.9999999999999984e-08 0.9456643529099386 0.32514447809462527 -2.9999999999999984e-08
p 0.49763002403538664 0.8673893930516677 1e-08 0.49763002403538664 0.8673893930516677 1e-08
p 0.7055525124917066 0.7086576409780959 -1.9999999999999997e-08 0.3527762562458533 0.35432882048904796 -9.999999999999999e-09
p 0.24617765747734627 0.9692247215991572 -4.999999999999993e-08 0.49235531495469254 1.9384494431983144 -9.999999999999986e-08
p 0.8797822599303192 0.4753768769217743 -1.9999999999999997e-08 0.4398911299651596 0.23768843846088716 -9.999999999999999e-09
p 0.7877200006369953 0.616033441134854 4.999999999999993e-08 0.7877200006369953 0.616033441134854 4.999999999999993e-08
p 0.9244383737651842 0.38133147406210693 -4.9999999999999945e-08 0.9244383737651842 0.38133147406210693 -4.9999999999999945e-08
p 0.9828395542565382 -0.18446249100779158 -9.99999999999995e-08 0.4914197771282691 -0.09223124550389579 -4.999999999999975e-08
p 0.8918155110733557 0.4523992641560767 -9.99999999999995e-08 0.44590775553667783 0.22619963207803834 -4.999999999999975e-08
p 0.8594522870070691 0.5112159684109213 -4.9999999999999945e-08 0.42972614350353455 0.25560798420546066 -2.4999999999999972e-08
p 0.6431522991483605 0.7657382843375197 -9.99999999999995e-08 0.6431522991483605 0.7657382843375197 -9.99999999999995e-08
p 0.9971824547830268 -0.07501434444749136 9.99999999999995e-08 0.9971824547830268 -0.07501434444749136 9.99999999999995e-08
p 0.6167100479124974 0.7871903942527279 -1e-08 1.2334200958249948 1.5743807885054557 -2e-08
p 0.9815710961683486 0.19109731334285368 -9.99999999999995e-08 1.9631421923366972 0.38219462668570736 -1.99999999999999e-07
p 0.7889187428915004 0.6144975322281488 9.99999999999995e-08 1.5778374857830009 1.2289950644562977 1.99999999999999e-07
p 0.3838961340966094 0.923376282034945 9.999999999995002e-07 0.7677922681932188 1.84675256406989 1.9999999999990004e-06
p 0.2984318758161776 0.9544309380441509 -9.999999999995002e-07 0.5968637516323552 1.9088618760883018 -1.9999999999990004e-06
p 0.12953960836856998 0.9915742482858798 -9.99999999999995e-08 0.12953960836856998 0.9915742482858798 -9.99999999999995e-08
p 0.16269756699755303 0.9866759861743238 -4.9999999999999945e-08 0.32539513399510606 1.9733519723486477 -9.999999999999989e-08
p 0.9855571111074398 -0.16934338116842726 4.9999999999999945e-08 1.9711142222148796 -0.3386867623368545 9.999999999999989e-08
case 63 6 40
s 0.9987502603949663 0.04997916927067833 0.0 0.9992001066609779 0.03998933418663416 -3e-09 -1.499400067996466e-08 2.996300719280394e-07 -0.999999999999955 1.0 1.0 0.09987502603949663 0.004997916927067834 0.0 0.09992001066609779 0.003998933418663416 -3e-10 0.1 0.0
s 0.8775825618903728 0.479425538604203 0.0 0.9987502603949663 0.04997916927067833 0.0 0.0 0.0 -1.0 1.0 1.0 0.4387912809451864 0.2397127693021015 0.0 0.09987502603949663 0.004997916927067834 0.0 0.1 1.0
s -0.39859637855648306 0.8709489764975944 0.2873478855663454 0.8775825618903728 0.479425538604203 0.0 -0.13807921244038343 0.25275230299584717 -0.9576274872945841 1.0 1.0 -0.19929818927824153 0.4354744882487972 0.1436739427831727 0.4387912809451864 0.2397127693021015 0.0 0.5 2.0
s -0.8969628300582488 -0.3359893958958339 -0.2873478855663454 -0.39859637855648306 0.8709489764975944 0.2873478855663454 0.1537435140353627 0.3723343456140114 -0.9152759512672909 1.0 1.0 -0.4484814150291244 -0.16799469794791694 -0.1436739427831727 -0.19929818927824153 0.4354744882487972 0.1436739427831727 0.5 3.0
s 0.2805238471386536 -0.9483150748622418 0.14834045293024462 -0.8969628300582488 -0.3359893958958339 -0.2873478855663454 0.3224329819611792 -0.05246353097466939 -0.9451373180979005 1.0 1.0 0.1402619235693268 -0.4741575374311209 0.07417022646512231 -0.4484814150291244 -0.16799469794791694 -0.1436739427831727 0.5 4.0
s 0.9992001066609779 0.03998933418663416 -3e-09 0.2805238471386536 -0.9483150748622418 0.14834045293024462 0.006114349865697413 -0.15277728741816798 -0.988241729120394 1.0 1.0 0.09992001066609779 0.003998933418663416 -3e-10 0.1402619235693268 -0.4741575374311209 0.07417022646512231 0.1 5.0
p 0.8379321698552227 0.5457743844499463 -1.9999999999999997e-08 1.6758643397104453 1.0915487688998926 -3.9999999999999994e-08
p 0.6992198840432517 0.714906674858713 9.999999999995e-07 0.6992198840432517 0.714906674858713 9.999999999995e-07
p 0.9952084425085974 -0.09777605002561644 9.999999999995e-07 0.9952084425085974 -0.09777605002561644 9.999999999995e-07
p 0.9917195539470677 0.1284224525502789 1.9999999999999997e-08 1.9834391078941354 0.2568449051005578 3.9999999999999994e-08
p 0.5170229051054603 0.8559715623759414 1e-08 1.0340458102109207 1.7119431247518828 2e-08
p 0.6398900908704442 0.7684664414311173 -9.99999999999995e-08 0.6398900908704442 0.7684664414311173 -9.99999999999995e-08
p 0.9557632143097218 0.2941371757740706 4.9999999999999945e-08 0.4778816071548609 0.1470685878870353 2.4999999999999972e-08
p 0.4414176620757521 0.8973017595032161 9.99999999999995e-08 0.22070883103787606 0.44865087975160806 4.999999999999975e-08
p 0.9322662182180095 -0.36177299286913445 1e-08 0.46613310910900474 -0.18088649643456722 5e-09
p 0.6701114309118605 0.742260513675124 -1.0000000000000002e-08 0.33505571545593027 0.371130256837562 -5.000000000000001e-09
p 0.5777437185373175 0.8162182279823655 -1e-08 0.28887185926865877 0.40810911399118277 -5e-09
p 0.8205763130622618 0.571536975567762 -1.9999999999999997e-08 0.8205763130622618 0.571536975567762 -1.9999999999999997e-08
p 0.7425078081848964 0.6698374092146998 -9.999999999995e-07 0.3712539040924482 0.3349187046073499 -4.9999999999975e-07
p 0.8902367438643849 -0.45549812279934526 -9.999999999999948e-08 0.8902367438643849 -0.45549812279934526 -9.999999999999948e-08
p 0.21879192727493987 0.9757715370717241 -4.9999999999999945e-08 0.10939596363746994 0.4878857685358621 -2.4999999999999972e-08
p 0.21513360225256545 0.9765846267379162 -9.999999999995002e-07 0.4302672045051309 1.9531692534758325 -1.9999999999990004e-06
p 0.9981657147651858 0.06054094372656789 -4.9999999999999945e-08 0.4990828573825929 0.030270471863283945 -2.4999999999999972e-08
p 0.9133077601680526 0.4072701010592419 -9.99999999999995e-08 0.4566538800840263 0.20363505052962094 -4.999999999999975e-08
p 0.48176392828701314 0.8763010426796636 1e-08 0.48176392828701314 0.8763010426796636 1e-08
p 0.09075366554474246 0.9958733715639718 1.9999999999999997e-08 0.04537683277237123 0.4979366857819859 9.999999999999999e-09
p 0.9980270168540337 0.06278593496505458 4.9999999999999945e-08 0.9980270168540337 0.06278593496505458 4.9999999999999945e-08
p 0.912060607883748 -0.41005542009187995 1e-08 1.824121215767496 -0.8201108401837599 2e-08
p 0.9941206728473577 -0.10827782698926085 1.9999999999999997e-08 0.49706033642367886 -0.054138913494630424 9.999999999999999e-09
p 0.9245630409072049 0.3810291109461484 -9.99999999999995e-08 0.9245630409072049 0.3810291109461484 -9.99999999999995e-08
p 0.5505522719933925 0.8348006922630771 -2.9999999999999984e-08 1.101104543986785 1.6696013845261541 -5.999999999999997e-08
p 0.9495013047412321 0.3137630830653871 -2.9999999999999984e-08 0.47475065237061603 0.15688154153269354 -1.4999999999999992e-08
p 0.9268389678605465 0.3754590891897472 -4.9999999999999945e-08 0.46341948393027327 0.1877295445948736 -2.4999999999999972e-08
p 0.7671289202132713 0.6414929615922683 -2.9999999999999984e-08 0.38356446010663564 0.32074648079613416 -1.4999999999999992e-08
p 0.22650060320002421 0.9740110249627697 -9.999999999995e-07 0.22650060320002421 0.9740110249627697 -9.999999999995e-07
p 0.9724680635236498 -0.23303618909206544 9.99999999999995e-08 0.9724680635236498 -0.23303618909206544 9.99999999999995e-08
p 0.5109301900365023 0.8596222082457278 4.9999999999999945e-08 0.5109301900365023 0.8596222082457278 4.9999999999999945e-08
p 0.9998996517449427 0.014166384130827154 -9.999999999995e-07 0.49994982587247133 0.007083192065413577 -4.9999999999975e-07
p 0.9999940352489735 -0.0034539058288811765 9.999999999995e-07 0.49999701762448673 -0.0017269529144405883 4.9999999999975e-07
p 0.6636972318023229 0.7480013265348742 -4.9999999999999945e-08 1.3273944636046457 1.4960026530697483 -9.999999999999989e-08
p 0.9957837643943693 0.09173164431414357 -4.999999999999993e-08 0.49789188219718467 0.04586582215707179 -2.4999999999999966e-08
p 0.9791893484780366 -0.20294881085425967 2e-08 1.9583786969560733 -0.40589762170851934 4e-08
p 0.3360229833278173 0.9418537862510685 -1e-08 0.16801149166390866 0.47092689312553426 -5e-09
p 0.4781565739666701 0.8782746101148865 1.9999999999999997e-08 0.23907828698333505 0.43913730505744325 9.999999999999999e-09
p 0.6076483893939767 0.7942061664749941 1e-08 1.2152967787879534 1.5884123329499882 2e-08
p 0.9999993322149835 0.0011556680262905857 9.999999999995e-07 1.999998664429967 0.0023113360525811714 1.999999999999e-06
case 64 6 40
s 0.9995500337489713 0.029995500202495175 1.7999999999999709e-07 0.9987502603949663 0.04997916927067833 0.0 -4.4984251231892206e-07 8.989351621313002e-06 0.9999999999594946 1.0 1.0 0.009995500337489714 0.00029995500202495174 1.7999999999999708e-09 0.009987502603949663 0.0004997916927067833 0.0 0.01 0.0
s 0.9987502603949663 0.04997916927067833 0.0 0.8775825618903728 0.479425538604203 0.0 0.0 0.0 1.0 1.0 1.0 0.009987502603949663 0.0004997916927067833 0.0 0.8775825618903728 0.479425538604203 0.0 0.01 1.0
s 0.8775825618903728 0.479425538604203 0.0 -0.39859637855648306 0.8709489764975944 0.2873478855663454 0.13807921244038343 -0.25275230299584717 0.9576274872945841 1.0 1.0 0.8775825618903728 0.479425538604203 0.0 -0.39859637855648306 0.8709489764975944 0.2873478855663454 1.0 2.0
s -0.39859637855648306 0.8709489764975944 0.2873478855663454 -0.8969628300582488 -0.3359893958958339 -0.2873478855663454 -0.1537435140353627 -0.3723343456140114 0.9152759512672909 1.0 1.0 -0.39859637855648306 0.8709489764975944 0.2873478855663454 -0.8969628300582488 -0.3359893958958339 -0.2873478855663454 1.0 3.0
s -0.8969628300582488 -0.3359893958958339 -0.2873478855663454 0.2805238471386536 -0.9483150748622418 0.14834045293024462 -0.3224329819611792 0.05246353097466939 0.9451373180979005 1.0 1.0 -0.8969628300582488 -0.3359893958958339 -0.2873478855663454 0.2805238471386536 -0.9483150748622418 0.14834045293024462 1.0 4.0
s 0.2805238471386536 -0.9483150748622418 0.14834045293024462 0.9995500337489713 0.029995500202495175 1.7999999999999709e-07 -0.004598051715044447 0.1532164772440982 0.988181951374004 1.0 1.0 0.2805238471386536 -0.9483150748622418 0.14834045293024462 0.009995500337489714 0.00029995500202495174 1.7999999999999708e-09 0.01 5.0
p 0.7915756994941412 0.611071118585522 9.999999999995e-07 1.5831513989882824 1.222142237171044 1.999999999999e-06
p 0.9978208915431347 0.06598081842522874 -2.9999999999999984e-08 0.9978208915431347 0.06598081842522874 -2.9999999999999984e-08
p 0.9977666138394133 -0.06679658904038897 1.9999999999999997e-08 0.9977666138394133 -0.06679658904038897 1.9999999999999997e-08
p 0.8958704665343764 0.4443153240565519 -1e-08 0.8958704665343764 0.4443153240565519 -1e-08
p 0.9847027034819437 0.1742428929837357 9.99999999999995e-08 0.49235135174097183 0.08712144649186784 4.999999999999975e-08
p 0.9840718155883132 0.17777137498686552 -1e-08 1.9681436311766265 0.35554274997373103 -2e-08
p 0.49036674508902484 0.8715161818984161 -4.9999999999999945e-08 0.49036674508902484 0.8715161818984161 -4.9999999999999945e-08
p 0.9979123885383221 0.06458223286424106 9.99999999999995e-08 1.9958247770766442 0.12916446572848211 1.99999999999999e-07
p 0.9020340111244386 -0.4316649658864574 -9.999999999995002e-07 1.8040680222488772 -0.8633299317729148 -1.9999999999990004e-06
p 0.978224344294581 -0.20755031252310177 9.999999999995002e-07 0.978224344294581 -0.20755031252310177 9.999999999995002e-07
p 0.22889592859664418 0.9734508995690898 9.99999999999995e-08 0.11444796429832209 0.4867254497845449 4.999999999999975e-08
p 0.130217256417528 0.9914854845791147 -9.99999999999995e-08 0.130217256417528 0.9914854845791147 -9.99999999999995e-08
p 0.9780734643125667 -0.20826016999803898 4.9999999999999945e-08 1.9561469286251334 -0.41652033999607796 9.999999999999989e-08
p 0.5061743838244596 0.8624311527072285 9.99999999999995e-08 0.5061743838244596 0.8624311527072285 9.99999999999995e-08
p 0.20544681785038638 0.9786682814085413 -4.9999999999999945e-08 0.20544681785038638 0.9786682814085413 -4.9999999999999945e-08
p 0.97627514821657 -0.21653368092450243 -1e-08 1.95255029643314 -0.43306736184900485 -2e-08
p 0.967348481049308 -0.253450027049902 1.9999999999999997e-08 0.967348481049308 -0.253450027049902 1.9999999999999997e-08
p 0.8519957220338513 0.5235487461889451 1e-08 1.7039914440677026 1.0470974923778902 2e-08
p 0.9088925426368948 0.4170303897068408 2.9999999999999984e-08 1.8177850852737896 0.8340607794136816 5.999999999999997e-08
p 0.19433873394250412 0.9809344812420573 1.9999999999999997e-08 0.38867746788500823 1.9618689624841146 3.9999999999999994e-08
p 0.6799119775667186 0.7332937356621244 1.9999999999999997e-08 0.6799119775667186 0.7332937356621244 1.9999999999999997e-08
p 0.1384879247996286 0.9903641222725558 4.999999999999993e-08 0.2769758495992572 1.9807282445451115 9.999999999999986e-08
p 0.9998012661810943 0.019935599857554945 -9.999999999995e-07 0.49990063309054716 0.009967799928777473 -4.9999999999975e-07
p 0.21458427225804302 0.9767054776643193 -2e-08 0.42916854451608605 1.9534109553286385 -4e-08
p 0.4656124368485975 0.8849887336299308 4.9999999999999945e-08 0.4656124368485975 0.8849887336299308 4.9999999999999945e-08
p 0.4915368743142136 0.8708567627281828 -4.999999999999993e-08 0.2457684371571068 0.4354283813640914 -2.4999999999999966e-08
p 0.04007106590860534 0.9991968322992963 -1e-08 0.02003553295430267 0.4995984161496482 -5e-09
p 0.35276369959270054 0.9357124410034693 -9.999999999995e-07 0.35276369959270054 0.9357124410034693 -9.999999999995e-07
p 0.9821899776263509 -0.18789052091669775 1.9999999999999997e-08 0.4910949888131754 -0.09394526045834888 9.999999999999999e-09
p 0.9830501346495862 0.18333693780965302 9.99999999999995e-08 1.9661002692991725 0.36667387561930603 1.99999999999999e-07
p 0.734961490713451 0.678108846106775 -2e-08 1.469922981426902 1.35621769221355 -4e-08
p -0.008693762997346267 0.9999622085283751 1.9999999999999997e-08 -0.0043468814986731335 0.49998110426418757 9.999999999999999e-09
p 0.12242249711718095 0.9924780764327209 -1e-08 0.12242249711718095 0.9924780764327209 -1e-08
p 0.996979407234893 0.07766634760017782 -9.99999999999995e-08 1.993958814469786 0.15533269520035564 -1.99999999999999e-07
p 0.3656590181658685 0.9307488825854001 4.9999999999999945e-08 0.731318036331737 1.8614977651708002 9.999999999999989e-08
p 0.4489394814057348 0.8935621646170722 -4.9999999999999945e-08 0.8978789628114696 1.7871243292341443 -9.999999999999989e-08
p 0.6049130391631037 0.7962915389795672 9.99999999999995e-08 0.30245651958155184 0.3981457694897836 4.999999999999975e-08
p 0.7069287128385648 0.7072848047034571 4.999999999999993e-08 0.3534643564192824 0.35364240235172856 2.4999999999999966e-08
p 0.9860888710123641 -0.1662189473722883 9.99999999999995e-08 0.49304443550618204 -0.08310947368614414 4.999999999999975e-08
p 0.913297904220229 -0.40729220241362024 1e-08 0.913297904220229 -0.40729220241362024 1e-08
case 65 6 40
s 0.9995500337489425 0.029995500202494307 2.999999999999865e-07 0.9987502603949663 0.04997916927067833 0.0 -7.497375204775484e-07 1.4982252701109468e-05 0.9999999998874849 1.0 1.0 0.09995500337489426 0.0029995500202494307 2.999999999999865e-08 0.09987502603949663 0.004997916927067834 0.0 0.1 0.0
s 0.9987502603949663 0.04997916927067833 0.0 0.8775825618903728 0.479425538604203 0.0 0.0 0.0 1.0 1.0 1.0 0.09987502603949663 0.004997916927067834 0.0 0.8775825618903728 0.479425538604203 0.0 0.1 1.0
s 0.8775825618903728 0.479425538604203 0.0 -0.39859637855648306 0.8709489764975944 -0.2873478855663454 -0.13807921244038343 0.25275230299584717 0.9576274872945841 1.0 1.0 0.8775825618903728 0.479425538604203 0.0 -0.39859637855648306 0.8709489764975944 -0.2873478855663454 1.0 2.0
s -0.39859637855648306 0.8709489764975944 -0.2873478855663454 -0.8969628300582488 -0.3359893958958339 0.2873478855663454 0.1537435140353627 0.3723343456140114 0.9152759512672909 1.0 1.0 -0.39859637855648306 0.8709489764975944 -0.2873478855663454 -0.8969628300582488 -0.3359893958958339 0.2873478855663454 1.0 3.0
s -0.8969628300582488 -0.3359893958958339 0.2873478855663454 0.2805238471386536 -0.9483150748622418 -0.14834045293024462 0.3224329819611792 -0.05246353097466939 0.9451373180979005 1.0 1.0 -0.8969628300582488 -0.3359893958958339 0.2873478855663454 0.2805238471386536 -0.9483150748622418 -0.14834045293024462 1.0 4.0
s 0.2805238471386536 -0.9483150748622418 -0.14834045293024462 0.9995500337489425 0.029995500202494307 2.999999999999865e-07 0.00459758126156709 -0.1532166134492551 0.9881819324444688 1.0 1.0 0.2805238471386536 -0.9483150748622418 -0.14834045293024462 0.09995500337489426 0.0029995500202494307 2.999999999999865e-08 0.1 5.0
p 0.9997541728248209 0.02217191735841175 9.99999999999995e-08 1.9995083456496419 0.0443438347168235 1.99999999999999e-07
p 0.7375112578818972 0.6753348387995854 -9.999999999995002e-07 1.4750225157637944 1.350669677599171 -1.9999999999990004e-06
p 0.9923298032372098 -0.12361861351427059 9.99999999999995e-08 0.9923298032372098 -0.12361861351427059 9.99999999999995e-08
p 0.9947791523568238 0.10205115401228525 9.999999999995e-07 1.9895583047136476 0.2041023080245705 1.999999999999e-06
p 0.6765022554939488 0.7364405599310783 1e-08 1.3530045109878976 1.4728811198621565 2e-08
p 0.9986748219823334 -0.05146455030936293 9.99999999999995e-08 0.4993374109911667 -0.025732275154681464 4.999999999999975e-08
p 0.7824002058640894 0.6227759772693794 -1e-08 0.7824002058640894 0.6227759772693794 -1e-08
p 0.37091458328303195 0.9286669865500627 -1.9999999999999997e-08 0.7418291665660639 1.8573339731001255 -3.9999999999999994e-08
p 0.9932105687893545 0.11633041754037089 9.99999999999995e-08 0.49660528439467727 0.058165208770185446 4.999999999999975e-08
p 0.5178382408707519 0.8554785539637348 4.9999999999999945e-08 0.5178382408707519 0.8554785539637348 4.9999999999999945e-08
p 0.4225638390763688 0.9063331627525497 -2.9999999999999984e-08 0.4225638390763688 0.9063331627525497 -2.9999999999999984e-08
p 0.3955252275302994 0.9184551128863594 9.99999999999995e-08 0.1977626137651497 0.4592275564431797 4.999999999999975e-08
p 0.9060986593839059 -0.4230664480465053 -4.9999999999999945e-08 1.8121973187678118 -0.8461328960930106 -9.999999999999989e-08
p 0.8860487484843487 -0.46359207856618645 -4.9999999999999945e-08 0.44302437424217433 -0.23179603928309322 -2.4999999999999972e-08
p 0.94755229297507 -0.31960076983118635 -9.999999999995e-07 0.94755229297507 -0.31960076983118635 -9.999999999995e-07
p 0.305348858071785 0.9522405551509854 1e-08 0.305348858071785 0.9522405551509854 1e-08
p 0.16903919566736708 0.985609329464839 -1e-08 0.16903919566736708 0.985609329464839 -1e-08
p 0.3617353967858653 0.9322808067916941 1.9999999999999997e-08 0.18086769839293265 0.46614040339584706 9.999999999999999e-09
p 0.9985996364111653 -0.052903366230218 -9.999999999995002e-07 0.9985996364111653 -0.052903366230218 -9.999999999995002e-07
p 0.9763198146554589 -0.2163321971208389 2.9999999999999984e-08 0.9763198146554589 -0.2163321971208389 2.9999999999999984e-08
p 0.3235757485060009 0.946202269590799 4.9999999999999945e-08 0.3235757485060009 0.946202269590799 4.9999999999999945e-08
p 0.8915765872058452 0.45286994727667146 -4.999999999999993e-08 0.4457882936029226 0.22643497363833573 -2.4999999999999966e-08
p 0.9966165687300214 0.08219133125092036 -2e-08 0.9966165687300214 0.08219133125092036 -2e-08
p 0.9537084459167253 -0.3007327720537025 -1.9999999999999997e-08 1.9074168918334506 -0.601465544107405 -3.9999999999999994e-08
p 0.5305335454162008 0.847663941186079 -9.999999999995002e-07 1.0610670908324016 1.695327882372158 -1.9999999999990004e-06
p 0.19535405872874528 0.9807327830444973 -2.9999999999999984e-08 0.39070811745749057 1.9614655660889946 -5.999999999999997e-08
p 0.3487662910171413 0.9372097279958983 2.9999999999999984e-08 0.3487662910171413 0.9372097279958983 2.9999999999999984e-08
p 0.961725695131208 -0.27401402760332294 -9.999999999995e-07 0.480862847565604 -0.13700701380166147 -4.9999999999975e-07
p 0.9705205290903871 -0.24101846944604619 1.9999999999999997e-08 1.9410410581807742 -0.48203693889209237 3.9999999999999994e-08
p 0.6638779913246313 0.7478409006157477 -9.999999999995e-07 1.3277559826492626 1.4956818012314954 -1.999999999999e-06
p 0.1290176517669234 0.9916422971679602 1e-08 0.1290176517669234 0.9916422971679602 1e-08
p 0.9874864830783225 -0.15770366430938118 9.999999999995002e-07 0.9874864830783225 -0.15770366430938118 9.999999999995002e-07
p 0.4698359708605784 0.8827537371682422 9.999999999995002e-07 0.4698359708605784 0.8827537371682422 9.999999999995002e-07
p 0.8441313853470026 0.5361363672351935 1e-08 0.8441313853470026 0.5361363672351935 1e-08
p 0.989360936763837 0.1454817404548832 -2.9999999999999984e-08 1.978721873527674 0.2909634809097664 -5.999999999999997e-08
p 0.9297192359446581 0.3682691166992848 9.99999999999995e-08 0.9297192359446581 0.3682691166992848 9.99999999999995e-08
p 0.933737803639285 -0.3579576986947957 9.99999999999995e-08 0.4668689018196425 -0.17897884934739786 4.999999999999975e-08
p 0.30244758105304476 0.9531660194924921 -1e-08 0.30244758105304476 0.9531660194924921 -1e-08
p 0.04088878169003566 0.9991637040705066 -9.99999999999995e-08 0.08177756338007132 1.9983274081410132 -1.99999999999999e-07
p 0.18132535820735796 0.9834231614472848 2.9999999999999984e-08 0.09066267910367898 0.4917115807236424 1.4999999999999992e-08
case 66 6 40
s 0.9995500337489827 0.029995500202495515 9.99999999999995e-08 0.9987502603949663 0.04997916927067833 0.0 -2.499125068508441e-07 4.994084234202633e-06 0.9999999999874984 1.0 1.0 0.009995500337489827 0.00029995500202495515 9.99999999999995e-10 0.009987502603949663 0.0004997916927067833 0.0 0.01 0.0
s 0.9987502603949663 0.04997916927067833 0.0 0.8775825618903728 0.479425538604203 0.0 0.0 0.0 1.0 1.0 1.0 0.009987502603949663 0.0004997916927067833 0.0 1.7551651237807455 0.958851077208406 0.0 0.01 1.0
s 0.8775825618903728 0.479425538604203 0.0 -0.39859637855648306 0.8709489764975944 -0.2873478855663454 -0.13807921244038343 0.25275230299584717 0.9576274872945841 1.0 1.0 1.7551651237807455 0.958851077208406 0.0 -0.7971927571129661 1.7418979529951888 -0.5746957711326908 2.0 2.0
s -0.39859637855648306 0.8709489764975944 -0.2873478855663454 -0.8969628300582488 -0.3359893958958339 0.2873478855663454 0.1537435140353627 0.3723343456140114 0.9152759512672909 1.0 1.0 -0.7971927571129661 1.7418979529951888 -0.5746957711326908 -1.7939256601164977 -0.6719787917916678 0.5746957711326908 2.0 3.0
s -0.8969628300582488 -0.3359893958958339 0.2873478855663454 0.2805238471386536 -0.9483150748622418 -0.14834045293024462 0.3224329819611792 -0.05246353097466939 0.9451373180979005 1.0 1.0 -1.7939256601164977 -0.6719787917916678 0.5746957711326908 0.5610476942773072 -1.8966301497244835 -0.29668090586048923 2.0 4.0
s 0.2805238471386536 -0.9483150748622418 -0.14834045293024462 0.9995500337489827 0.029995500202495515 9.99999999999995e-08 0.004597777283847267 -0.15321655669711154 0.988181940331804 1.0 1.0 0.5610476942773072 -1.8966301497244835 -0.29668090586048923 0.009995500337489827 0.00029995500202495515 9.99999999999995e-10 0.01 5.0
p 0.9287466535282194 -0.3707150570992937 2.9999999999999984e-08 0.4643733267641097 -0.18535752854964685 1.4999999999999992e-08
p 0.3876076260438729 0.9218244562999144 -1.9999999999999997e-08 0.3876076260438729 0.9218244562999144 -1.9999999999999997e-08
p 0.9588129264194836 0.28403832862996453 4.9999999999999945e-08 0.4794064632097418 0.14201916431498227 2.4999999999999972e-08
p 0.8007101619406789 0.5990519481354928 -4.999999999999993e-08 1.6014203238813578 1.1981038962709856 -9.999999999999986e-08
p 0.028751141963609977 0.9995866004683066 -4.9999999999999945e-08 0.014375570981804989 0.4997933002341533 -2.4999999999999972e-08
p 0.8969012998974153 -0.44223077486910267 9.999999999995002e-07 0.44845064994870765 -0.22111538743455134 4.999999999997501e-07
p 0.9667048804716029 0.2558938726726069 -9.999999999995002e-07 0.9667048804716029 0.2558938726726069 -9.999999999995002e-07
p 0.04979649715109465 0.9987593848727925 -4.9999999999999945e-08 0.024898248575547326 0.49937969243639624 -2.4999999999999972e-08
p 0.9108463683168403 0.4127455551838453 -4.9999999999999945e-08 0.45542318415842015 0.20637277759192266 -2.4999999999999972e-08
p 0.7725236381546431 0.634986006532674 2.9999999999999984e-08 0.7725236381546431 0.634986006532674 2.9999999999999984e-08
p 0.8950686811252583 0.44592830821634294 -2.9999999999999984e-08 0.44753434056262914 0.22296415410817147 -1.4999999999999992e-08
p 0.24165369701387807 0.9703625563259973 -1.9999999999999997e-08 0.48330739402775613 1.9407251126519947 -3.9999999999999994e-08
p 0.3905458189799413 0.9205834906602917 9.999999999995002e-07 0.19527290948997064 0.46029174533014583 4.999999999997501e-07
p 0.827741417949768 0.5611097441771131 -4.9999999999999945e-08 1.655482835899536 1.1222194883542262 -9.999999999999989e-08
p 0.9503424630013547 0.3112060459189662 -2.9999999999999984e-08 1.9006849260027094 0.6224120918379324 -5.999999999999997e-08
p 0.035740390610854586 0.9993611081480925 -1e-08 0.017870195305427293 0.49968055407404627 -5e-09
p 0.8818218000381588 0.47158277425862516 -1e-08 0.4409109000190794 0.23579138712931258 -5e-09
p 0.7287498854102188 0.6847799679558342 9.999999999995002e-07 0.3643749427051094 0.3423899839779171 4.999999999997501e-07
p 0.8270135781289106 0.5621819470504336 -9.999999999995002e-07 0.4135067890644553 0.2810909735252168 -4.999999999997501e-07
p 0.03392120550410408 0.9994245103143802 -9.99999999999995e-08 0.01696060275205204 0.4997122551571901 -4.999999999999975e-08
p 0.9912954449893483 -0.13165614586247032 9.99999999999995e-08 1.9825908899786966 -0.26331229172494064 1.99999999999999e-07
p 0.9972085825209909 0.0746662101989686 -9.999999999995002e-07 0.49860429126049544 0.0373331050994843 -4.999999999997501e-07
p 0.9545521604571696 -0.2980439111381903 -1.9999999999999997e-08 0.4772760802285848 -0.14902195556909514 -9.999999999999999e-09
p 0.6421577893906797 0.7665724841943359 9.999999999995e-07 0.6421577893906797 0.7665724841943359 9.999999999995e-07
p 0.5046929672301737 0.8632989104756259 -2e-08 0.5046929672301737 0.8632989104756259 -2e-08
p 0.6250877590961481 0.7805544781936463 -1.9999999999999997e-08 1.2501755181922962 1.5611089563872926 -3.9999999999999994e-08
p 0.9998891504583647 -0.014889150266209135 -1e-08 1.9997783009167294 -0.02977830053241827 -2e-08
p 0.8685584690943695 0.49558670862367277 1e-08 0.8685584690943695 0.49558670862367277 1e-08
p 0.9984685203545407 -0.05532281501337709 -9.99999999999995e-08 0.9984685203545407 -0.05532281501337709 -9.99999999999995e-08
p 0.03700035657904034 0.9993152523668503 4.9999999999999945e-08 0.07400071315808068 1.9986305047337005 9.999999999999989e-08
p 0.0899272576510039 0.995948336175311 -9.999999999995002e-07 0.0899272576510039 0.995948336175311 -9.999999999995002e-07
p 0.8588029115346971 0.5123061185849007 2.9999999999999984e-08 0.42940145576734856 0.25615305929245036 1.4999999999999992e-08
p 0.8175645463309219 0.5758369670155901 -9.999999999995e-07 0.8175645463309219 0.5758369670155901 -9.999999999995e-07
p 0.999984010341407 -0.005655003228514297 4.9999999999999945e-08 0.999984010341407 -0.005655003228514297 4.9999999999999945e-08
p 0.8570031354573011 0.5153111931787964 -9.999999999995e-07 1.7140062709146022 1.0306223863575927 -1.999999999999e-06
p 0.8347514964496292 0.5506268602012654 2.9999999999999984e-08 0.8347514964496292 0.5506268602012654 2.9999999999999984e-08
p 0.03970803592613683 0.9992113249372657 -4.999999999999993e-08 0.03970803592613683 0.9992113249372657 -4.999999999999993e-08
p 0.29326596433786645 0.9560308960279378 9.999999999995002e-07 0.29326596433786645 0.9560308960279378 9.999999999995002e-07
p 0.9875409039666243 -0.15736252092789574 1e-08 0.9875409039666243 -0.15736252092789574 1e-08
p 0.9819003186091153 0.18939842743622648 -4.9999999999999945e-08 1.9638006372182306 0.37879685487245296 -9.999999999999989e-08
case 67 6 40
s 0.9987502603949663 0.04997916927067833 0.0 0.999200106660973 0.03998933418663397 -9.99999999999995e-08 -4.998000226405202e-07 9.987669063769027e-06 -0.9999999999499983 1.0 1.0 0.9987502603949663 0.04997916927067833 0.0 0.999200106660973 0.03998933418663397 -9.99999999999995e-08 1.0 0.0
s 0.8775825618903728 0.479425538604203 0.0 0.9987502603949663 0.04997916927067833 0.0 0.0 0.0 -1.0 1.0 1.0 0.8775825618903728 0.479425538604203 0.0 0.9987502603949663 0.04997916927067833 0.0 1.0 1.0
s -0.4161468365471424 0.9092974268256817 0.0 0.8775825618903728 0.479425538604203 0.0 0.0 0.0 -1.0 1.0 1.0 -0.4161468365471424 0.9092974268256817 0.0 0.8775825618903728 0.479425538604203 0.0 1.0 2.0
s -0.9364566872907963 -0.35078322768961984 -0.0 -0.4161468365471424 0.9092974268256817 0.0 0.0 0.0 -1.0 1.0 1.0 -0.9364566872907963 -0.35078322768961984 -0.0 -0.4161468365471424 0.9092974268256817 0.0 1.0 3.0
s 0.2836621854632263 -0.9589242746631386 0.0 -0.9364566872907963 -0.35078322768961984 -0.0 0.0 0.0 -1.0 1.0 1.0 0.2836621854632263 -0.9589242746631386 0.0 -0.9364566872907963 -0.35078322768961984 -0.0 1.0 4.0
s 0.999200106660973 0.03998933418663397 -9.99999999999995e-08 0.2836621854632263 -0.9589242746631386 0.0 -9.890908538832061e-08 -2.9258584921396402e-08 -0.9999999999999947 1.0 1.0 0.999200106660973 0.03998933418663397 -9.99999999999995e-08 0.2836621854632263 -0.9589242746631386 0.0 1.0 5.0
p 0.9590999384605479 -0.2830676739650312 9.999999999995e-07 0.9590999384605479 -0.2830676739650312 9.999999999995e-07
p 0.9545765825740383 -0.2979656825899045 -4.999999999999993e-08 1.9091531651480766 -0.595931365179809 -9.999999999999986e-08
p 0.6321468440368458 0.7748486094549347 9.99999999999995e-08 1.2642936880736917 1.5496972189098694 1.99999999999999e-07
p 0.3343307049377169 0.9424558237577235 9.999999999995e-07 0.3343307049377169 0.9424558237577235 9.999999999995e-07
p 0.9842866487699675 -0.1765780084075712 -4.9999999999999945e-08 0.49214332438498376 -0.0882890042037856 -2.4999999999999972e-08
p 0.12700954106817483 0.991901495350042 4.9999999999999945e-08 0.25401908213634966 1.983802990700084 9.999999999999989e-08
p 0.8982517192535243 0.4394813407393848 -1.9999999999999997e-08 0.8982517192535243 0.4394813407393848 -1.9999999999999997e-08
p 0.9755241458835492 -0.2198923391075042 -4.9999999999999945e-08 1.9510482917670984 -0.4397846782150084 -9.999999999999989e-08
p 0.5091106073965329 0.8607011034246052 1.9999999999999997e-08 1.0182212147930658 1.7214022068492103 3.9999999999999994e-08
p 0.09897238083090146 0.9950901807538162 1.9999999999999997e-08 0.19794476166180291 1.9901803615076323 3.9999999999999994e-08
p 0.8459204337722762 0.533309122109799 -9.999999999995002e-07 0.4229602168861381 0.2666545610548995 -4.999999999997501e-07
p 0.8339275128356346 0.5518739922625198 2.9999999999999984e-08 0.8339275128356346 0.5518739922625198 2.9999999999999984e-08
p 0.9569598498035776 0.2902203401967436 2.999999999999999e-08 0.9569598498035776 0.2902203401967436 2.999999999999999e-08
p 0.6606251018291939 0.7507159748088266 -1.9999999999999997e-08 1.3212502036583877 1.5014319496176531 -3.9999999999999994e-08
p 0.08628025408246343 0.9962709058059784 2.9999999999999984e-08 0.08628025408246343 0.9962709058059784 2.9999999999999984e-08
p 0.7988656962751838 0.6015094341020478 9.999999999995e-07 1.5977313925503676 1.2030188682040956 1.999999999999e-06
p 0.8667853117253256 0.49868148489514835 1e-08 0.8667853117253256 0.49868148489514835 1e-08
p 0.5272605741545789 0.8497036465392998 1.9999999999999997e-08 1.0545211483091579 1.6994072930785995 3.9999999999999994e-08
p 0.8959436056318746 -0.44416782360651275 9.99999999999995e-08 0.8959436056318746 -0.44416782360651275 9.99999999999995e-08
p 0.9119466000574548 0.4103089063664699 -1e-08 0.9119466000574548 0.4103089063664699 -1e-08
p 0.9430445199562016 0.332666549837183 4.9999999999999945e-08 0.4715222599781008 0.1663332749185915 2.4999999999999972e-08
p 0.9403975436324304 0.34007713820557106 1e-08 1.8807950872648609 0.6801542764111421 2e-08
p 0.7663230551486765 0.6424554265842872 1e-08 1.532646110297353 1.2849108531685745 2e-08
p 0.36955461890605606 0.929209009666388 9.999999999999948e-08 0.36955461890605606 0.929209009666388 9.999999999999948e-08
p 0.32505368454242145 0.9456955652668543 2.9999999999999984e-08 0.32505368454242145 0.9456955652668543 2.9999999999999984e-08
p 0.39250085524546524 0.9197516396454959 -9.999999999995e-07 0.7850017104909305 1.8395032792909918 -1.999999999999e-06
p 0.9993658404697798 0.03560782078603768 9.999999999995e-07 0.9993658404697798 0.03560782078603768 9.999999999995e-07
p 0.99389224672074 -0.11035489073167036 -2.9999999999999984e-08 0.99389224672074 -0.11035489073167036 -2.9999999999999984e-08
p 0.7007140031595357 0.7134422792182477 9.999999999999948e-08 1.4014280063190714 1.4268845584364953 1.9999999999999896e-07
p 0.9766481110872945 0.21484521663192596 -1.9999999999999997e-08 0.4883240555436473 0.10742260831596298 -9.999999999999999e-09
p 0.8980603208972108 0.4398723224186739 -2.9999999999999984e-08 0.4490301604486054 0.21993616120933696 -1.4999999999999992e-08
p 0.952588575724797 0.30426140964407977 1e-08 0.4762942878623985 0.15213070482203989 5e-09
p 0.06056959787577177 0.9981639764152817 1.9999999999999997e-08 0.12113919575154354 1.9963279528305633 3.9999999999999994e-08
p 0.6816503685354084 0.731678054253052 -9.99999999999995e-08 0.3408251842677042 0.365839027126526 -4.999999999999975e-08
p 0.7375374413462725 0.6753062435757509 4.9999999999999945e-08 0.7375374413462725 0.6753062435757509 4.9999999999999945e-08
p 0.8919599262211926 -0.45211446561184565 1e-08 1.7839198524423852 -0.9042289312236913 2e-08
p 0.999546350106508 0.03011800105846772 -9.999999999995e-07 0.499773175053254 0.01505900052923386 -4.9999999999975e-07
p 0.909372130889486 0.41598356645607365 -2.9999999999999984e-08 1.818744261778972 0.8319671329121473 -5.999999999999997e-08
p 0.9994192145843745 -0.034076876596189215 9.999999999995e-07 0.4997096072921873 -0.017038438298094608 4.9999999999975e-07
p 0.9006258047014087 -0.43459539793459623 -9.99999999999995e-08 1.8012516094028175 -0.8691907958691925 -1.99999999999999e-07
case 68 6 40
s 0.9987502603949663 0.04997916927067833 0.0 0.9989876708478411 0.04498481403766017 -4.999999999999993e-08 -4.997937751532528e-07 9.987544218165823e-06 -0.9999999999499996 1.0 1.0 0.09987502603949663 0.004997916927067834 0.0 0.09989876708478412 0.0044984814037660175 -4.9999999999999935e-09 0.1 0.0
s 0.8775825618903728 0.479425538604203 0.0 0.9987502603949663 0.04997916927067833 0.0 0.0 0.0 -1.0 1.0 1.0 0.8775825618903728 0.479425538604203 0.0 0.09987502603949663 0.004997916927067834 0.0 0.1 1.0
s -0.39859637855648306 0.8709489764975944 -0.2873478855663454 0.8775825618903728 0.479425538604203 0.0 0.13807921244038343 -0.25275230299584717 -0.9576274872945841 1.0 1.0 -0.39859637855648306 0.8709489764975944 -0.2873478855663454 0.8775825618903728 0.479425538604203 0.0 1.0 2.0
s -0.8969628300582488 -0.3359893958958339 0.2873478855663454 -0.39859637855648306 0.8709489764975944 -0.2873478855663454 -0.1537435140353627 -0.3723343456140114 -0.9152759512672909 1.0 1.0 -0.8969628300582488 -0.3359893958958339 0.2873478855663454 -0.39859637855648306 0.8709489764975944 -0.2873478855663454 1.0 3.0
s 0.2805238471386536 -0.9483150748622418 -0.14834045293024462 -0.8969628300582488 -0.3359893958958339 0.2873478855663454 -0.3224329819611792 0.05246353097466939 -0.9451373180979005 1.0 1.0 0.2805238471386536 -0.9483150748622418 -0.14834045293024462 -0.8969628300582488 -0.3359893958958339 0.2873478855663454 1.0 4.0
s 0.9989876708478411 0.04498481403766017 -4.999999999999993e-08 0.2805238471386536 -0.9483150748622418 -0.14834045293024462 -0.0068698118874363215 0.1525583268459854 -0.9882705917888 1.0 1.0 0.09989876708478412 0.0044984814037660175 -4.9999999999999935e-09 0.2805238471386536 -0.9483150748622418 -0.14834045293024462 0.1 5.0
p 0.3271363128982734 0.9449771599267958 -9.999999999999948e-08 0.1635681564491367 0.4724885799633979 -4.999999999999974e-08
p 0.5679270603903627 0.823078886909609 1.9999999999999997e-08 0.5679270603903627 0.823078886909609 1.9999999999999997e-08
p 0.39491997877519824 0.9187155220002523 2.9999999999999984e-08 0.39491997877519824 0.9187155220002523 2.9999999999999984e-08
p 0.4642386684526227 0.885710143734013 9.99999999999995e-08 0.23211933422631134 0.4428550718670065 4.999999999999975e-08
p 0.8468063575557437 0.5319012998688514 9.999999999995e-07 0.8468063575557437 0.5319012998688514 9.999999999995e-07
p 0.8635751595615965 0.504220134255023 9.99999999999995e-08 0.8635751595615965 0.504220134255023 9.99999999999995e-08
p 0.2580250968830773 0.9661382144281784 9.99999999999995e-08 0.2580250968830773 0.9661382144281784 9.99999999999995e-08
p 0.9999594344727507 -0.009007186515596238 9.99999999999995e-08 1.9999188689455014 -0.018014373031192476 1.99999999999999e-07
p 0.9914929150204922 -0.13016066788460406 -2.9999999999999984e-08 0.9914929150204922 -0.13016066788460406 -2.9999999999999984e-08
p 0.9917265975898609 -0.12836804755015135 9.999999999995e-07 1.9834531951797219 -0.2567360951003027 1.999999999999e-06
p 0.11774260520326935 0.9930441475180981 2.9999999999999984e-08 0.11774260520326935 0.9930441475180981 2.9999999999999984e-08
p 0.9807365821568602 0.1953349851390626 -4.9999999999999945e-08 1.9614731643137204 0.3906699702781252 -9.999999999999989e-08
p 0.41638507158183374 0.9091883590124712 2.9999999999999984e-08 0.20819253579091687 0.4545941795062356 1.4999999999999992e-08
p 0.6802151075164007 0.7330125561724372 -2.9999999999999984e-08 1.3604302150328014 1.4660251123448744 -5.999999999999997e-08
p 0.43564025911554694 0.9001208611279594 -1e-08 0.21782012955777347 0.4500604305639797 -5e-09
p 0.4216705343318746 0.90674911661179 9.99999999999995e-08 0.8433410686637492 1.81349823322358 1.99999999999999e-07
p 0.7293137933203526 0.6841793557779116 1e-08 0.7293137933203526 0.6841793557779116 1e-08
p 0.6699893334334612 0.7423707248305149 4.9999999999999945e-08 0.6699893334334612 0.7423707248305149 4.9999999999999945e-08
p 0.4082554119752715 0.9128677443046729 9.999999999995002e-07 0.4082554119752715 0.9128677443046729 9.999999999995002e-07
p 0.9795736542155042 -0.20108569309347527 -1.9999999999999997e-08 0.9795736542155042 -0.20108569309347527 -1.9999999999999997e-08
p 0.7826449448878894 0.6224683849332672 4.999999999999993e-08 0.3913224724439447 0.3112341924666336 2.4999999999999966e-08
p 0.8476533313586139 0.5305504969714419 1e-08 0.8476533313586139 0.5305504969714419 1e-08
p 0.8871082822365154 -0.4615613670871707 -2.9999999999999984e-08 0.8871082822365154 -0.4615613670871707 -2.9999999999999984e-08
p 0.9931503093145525 0.11684375511082654 9.99999999999995e-08 0.49657515465727625 0.05842187755541327 4.999999999999975e-08
p 0.6799709526854604 0.7332390493577301 9.999999999995002e-07 0.6799709526854604 0.7332390493577301 9.999999999995002e-07
p 0.4238240543717592 0.9057445395562057 -2.9999999999999984e-08 0.2119120271858796 0.45287226977810285 -1.4999999999999992e-08
p 0.405685550134242 0.9140127102028001 9.99999999999995e-08 0.405685550134242 0.9140127102028001 9.99999999999995e-08
p 0.9833750816692287 0.18158592663539516 -4.999999999999993e-08 1.9667501633384574 0.3631718532707903 -9.999999999999986e-08
p 0.2456923771209523 0.9693478507861126 9.999999999995e-07 0.2456923771209523 0.9693478507861126 9.999999999995e-07
p 0.9663255755206482 -0.25732252543197043 -2.9999999999999984e-08 0.4831627877603241 -0.12866126271598521 -1.4999999999999992e-08
p 0.9961883798963224 -0.0872279299280795 4.999999999999993e-08 0.4980941899481612 -0.04361396496403975 2.4999999999999966e-08
p 0.8939480815324456 0.44817053397613077 -9.99999999999995e-08 1.7878961630648913 0.8963410679522615 -1.99999999999999e-07
p 0.9753249622473842 0.22077413348745456 4.9999999999999945e-08 0.4876624811236921 0.11038706674372728 2.4999999999999972e-08
p 0.3762773073870301 0.9265070900676182 2.9999999999999984e-08 0.18813865369351504 0.4632535450338091 1.4999999999999992e-08
p 0.9094743067098852 -0.4157601296836587 -2.9999999999999984e-08 0.4547371533549426 -0.20788006484182936 -1.4999999999999992e-08
p 0.9982181297588665 -0.05967047360888493 -4.9999999999999945e-08 0.9982181297588665 -0.05967047360888493 -4.9999999999999945e-08
p 0.9356034776471509 -0.353052591853617 2.999999999999999e-08 1.8712069552943018 -0.706105183707234 5.999999999999998e-08
p 0.8741150588059766 0.48571891456749305 -1.9999999999999997e-08 0.8741150588059766 0.48571891456749305 -1.9999999999999997e-08
p 0.9393874844746246 -0.3428573376966519 -2.9999999999999984e-08 0.4696937422373123 -0.17142866884832594 -1.4999999999999992e-08
p 0.5544140687724449 0.832240974926843 -1.9999999999999997e-08 1.1088281375448898 1.664481949853686 -3.9999999999999994e-08
case 69 6 40
s 0.9987502603949663 0.04997916927067833 0.0 0.9995500337489875 0.02999550020249566 -1e-09 -2.499125068539681e-09 4.99408423426506e-08 -0.9999999999999988 1.0 1.0 0.09987502603949663 0.004997916927067834 0.0 0.09995500337489877 0.002999550020249566 -1.0000000000000002e-10 0.1 0.0
s 0.8775825618903728 0.479425538604203 0.0 0.9987502603949663 0.04997916927067833 0.0 0.0 0.0 -1.0 1.0 1.0 0.4387912809451864 0.2397127693021015 0.0 0.09987502603949663 0.004997916927067834 0.0 0.1 1.0
s -0.4161468365471424 0.9092974268256817 0.0 0.8775825618903728 0.479425538604203 0.0 0.0 0.0 -1.0 1.0 1.0 -0.2080734182735712 0.45464871341284085 0.0 0.4387912809451864 0.2397127693021015 0.0 0.5 2.0
s -0.9364566872907963 -0.35078322768961984 -0.0 -0.4161468365471424 0.9092974268256817 0.0 0.0 0.0 -1.0 1.0 1.0 -0.46822834364539817 -0.17539161384480992 -0.0 -0.2080734182735712 0.45464871341284085 0.0 0.5 3.0
s 0.2836621854632263 -0.9589242746631386 0.0 -0.9364566872907963 -0.35078322768961984 -0.0 0.0 0.0 -1.0 1.0 1.0 0.14183109273161315 -0.4794621373315693 0.0 -0.46822834364539817 -0.17539161384480992 -0.0 0.5 4.0
s 0.9995500337489875 0.02999550020249566 -1e-09 0.2836621854632263 -0.9589242746631386 0.0 -9.916472657168377e-10 -2.933420688517729e-10 -1.0 1.0 1.0 0.09995500337489877 0.002999550020249566 -1.0000000000000002e-10 0.14183109273161315 -0.4794621373315693 0.0 0.1 5.0
p 0.8965529192998482 -0.4429366353045435 9.99999999999995e-08 0.4482764596499241 -0.22146831765227176 4.999999999999975e-08
p 0.3135373945690312 0.9495758538457386 2e-08 0.1567686972845156 0.4747879269228693 1e-08
p 0.9497337365873197 0.3130588276792042 -9.99999999999995e-08 0.9497337365873197 0.3130588276792042 -9.99999999999995e-08
p 0.1459274830289365 0.9892952894342717 -1e-08 0.07296374151446824 0.49464764471713585 -5e-09
p 0.5054443673504984 0.862859195647618 1e-08 1.0108887347009967 1.725718391295236 2e-08
p 0.5418974265614471 0.8404446317789597 9.99999999999995e-08 0.27094871328072356 0.42022231588947984 4.999999999999975e-08
p 0.9395893489183141 -0.34230374727609447 -4.9999999999999945e-08 0.46979467445915707 -0.17115187363804724 -2.4999999999999972e-08
p 0.999987420142347 -0.005015930327776813 2e-08 0.999987420142347 -0.005015930327776813 2e-08
p 0.9142430804298245 0.4051661262817794 -4.999999999999993e-08 1.828486160859649 0.8103322525635588 -9.999999999999986e-08
p 0.5854840360728649 0.8106839356394252 -1.9999999999999997e-08 0.29274201803643246 0.4053419678197126 -9.999999999999999e-09
p 0.9990931289601945 0.04257839433945155 4.9999999999999945e-08 0.9990931289601945 0.04257839433945155 4.9999999999999945e-08
p 0.8570698476237362 0.5152002293227606 -1.9999999999999997e-08 0.8570698476237362 0.5152002293227606 -1.9999999999999997e-08
p 0.9952220861728328 0.09763707899048174 2.9999999999999984e-08 0.9952220861728328 0.09763707899048174 2.9999999999999984e-08
p 0.9724794138622753 0.2329888186460574 1e-08 0.48623970693113766 0.1164944093230287 5e-09
p 0.08913902953591364 0.9960191932951872 9.999999999995e-07 0.08913902953591364 0.9960191932951872 9.999999999995e-07
p 0.9946694968150983 0.10311446118556415 9.99999999999995e-08 0.9946694968150983 0.10311446118556415 9.99999999999995e-08
p 0.9993560855352029 0.03588055606796494 -9.99999999999995e-08 0.9993560855352029 0.03588055606796494 -9.99999999999995e-08
p 0.015755159609771502 0.9998758797699184 -4.9999999999999945e-08 0.031510319219543004 1.9997517595398369 -9.999999999999989e-08
p 0.882550266186304 -0.4702180639389359 -4.999999999999993e-08 0.882550266186304 -0.4702180639389359 -4.999999999999993e-08
p 0.8846171263482255 -0.4663180671724049 -1e-08 0.8846171263482255 -0.4663180671724049 -1e-08
p 0.8856304166538236 0.46439074613688736 1e-08 1.7712608333076472 0.9287814922737747 2e-08
p 0.9389420010150336 0.3440754549948074 2.9999999999999984e-08 1.8778840020300671 0.6881509099896148 5.999999999999997e-08
p 0.8854487571346472 -0.4647370207845604 9.999999999995002e-07 0.4427243785673236 -0.2323685103922802 4.999999999997501e-07
p 0.5618421487440804 0.8272444619909068 9.99999999999995e-08 1.123684297488161 1.6544889239818137 1.99999999999999e-07
p 0.709425510429015 0.7047804233607243 -9.99999999999995e-08 0.3547127552145075 0.35239021168036216 -4.999999999999975e-08
p 0.1937126947670363 0.9810583019811261 4.999999999999993e-08 0.09685634738351814 0.49052915099056305 2.4999999999999966e-08
p 0.7803579295032175 0.6253331127178942 -2.9999999999999984e-08 1.560715859006435 1.2506662254357883 -5.999999999999997e-08
p 0.9969985185764673 -0.07742063003702608 9.999999999995002e-07 1.9939970371529345 -0.15484126007405216 1.9999999999990004e-06
p 0.991442929711847 -0.13054086381049268 1e-08 1.982885859423694 -0.26108172762098536 2e-08
p 0.9618779552707805 -0.2734790653104959 9.999999999995e-07 0.9618779552707805 -0.2734790653104959 9.999999999995e-07
p 0.9987062725273892 0.05085057732658898 2.9999999999999984e-08 0.4993531362636946 0.02542528866329449 1.4999999999999992e-08
p 0.49447182199946194 0.8691936592316651 1.9999999999999997e-08 0.49447182199946194 0.8691936592316651 1.9999999999999997e-08
p 0.9854490850844138 0.16997088193655974 -1e-08 0.9854490850844138 0.16997088193655974 -1e-08
p 0.22755026142216989 0.9737663367187697 -9.99999999999995e-08 0.45510052284433977 1.9475326734375393 -1.99999999999999e-07
p 0.7236606716776444 0.6901559477879331 1.9999999999999997e-08 0.3618303358388222 0.34507797389396655 9.999999999999999e-09
p 0.9873194097768209 -0.15874628523826953 -9.999999999995e-07 0.49365970488841043 -0.07937314261913476 -4.9999999999975e-07
p 0.9396711483225775 -0.342079132671271 -9.999999999995002e-07 0.9396711483225775 -0.342079132671271 -9.999999999995002e-07
p 0.5886318127289271 0.80840125497395 -1e-08 0.29431590636446353 0.404200627486975 -5e-09
p 0.6869604169001153 0.7266948366490706 1.9999999999999997e-08 0.34348020845005767 0.3633474183245353 9.999999999999999e-09
p 0.8273686757155077 0.5616592155780649 9.999999999995e-07 1.6547373514310153 1.1233184311561297 1.999999999999e-06
case 70 6 40
s 0.9999999999999551 0.0 2.9999999999998654e-07 0.9987502603949663 0.04997916927067833 0.0 -2.9999999999459544e-07 5.994999166360204e-06 0.999999999981985 1.0 1.0 0.09999999999999552 0.0 2.9999999999998654e-08 0.09987502603949663 0.004997916927067834 0.0 0.1 0.0
s 0.9987502603949663 0.04997916927067833 0.0 0.8775825618903728 0.479425538604203 0.0 0.0 0.0 1.0 1.0 1.0 0.09987502603949663 0.004997916927067834 0.0 0.8775825618903728 0.479425538604203 0.0 0.1 1.0
s 0.8775825618903728 0.479425538604203 0.0 -0.3722130460563617 0.813300343259146 0.4472135954999579 0.21483604456352498 -0.3932547417548017 0.8939777301721019 1.0 1.0 0.8775825618903728 0.479425538604203 0.0 -0.3722130460563617 0.813300343259146 0.4472135954999579 1.0 2.0
s -0.3722130460563617 0.813300343259146 0.4472135954999579 -0.8375923243065936 -0.31375005699231057 -0.4472135954999579 -0.22573907030675272 -0.5466923892662394 0.8063307656634549 1.0 1.0 -0.3722130460563617 0.813300343259146 0.4472135954999579 -0.8375923243065936 -0.31375005699231057 -0.4472135954999579 1.0 3.0
s -0.8375923243065936 -0.31375005699231057 -0.4472135954999579 0.2751927418019831 -0.9302931932717461 0.24253562503633297 -0.4926817704433339 0.08016495448787829 0.8665092343101592 1.0 1.0 -0.8375923243065936 -0.31375005699231057 -0.4472135954999579 0.2751927418019831 -0.9302931932717461 0.24253562503633297 1.0 4.0
s 0.2751927418019831 -0.9302931932717461 0.24253562503633297 0.9999999999999551 0.0 2.9999999999998654e-07 -2.902965834376726e-07 0.25227616358988586 0.9676552781255755 1.0 1.0 0.2751927418019831 -0.9302931932717461 0.24253562503633297 0.09999999999999552 0.0 2.9999999999998654e-08 0.1 5.0
p 0.7378768777726106 0.6749353400493592 -9.999999999995002e-07 0.3689384388863053 0.3374676700246796 -4.999999999997501e-07
p 0.9508439246655783 -0.30967051995072165 -9.99999999999995e-08 1.9016878493311566 -0.6193410399014433 -1.99999999999999e-07
p 0.999652306211689 -0.02636791014948161 1.9999999999999997e-08 0.999652306211689 -0.02636791014948161 1.9999999999999997e-08
p 0.5997387209974466 0.8001958926015161 9.99999999999995e-08 1.1994774419948933 1.6003917852030323 1.99999999999999e-07
p 0.9938751534426611 0.11050872983310438 2.9999999999999984e-08 0.9938751534426611 0.11050872983310438 2.9999999999999984e-08
p 0.6406790403317669 0.7678088090661398 4.9999999999999945e-08 1.2813580806635338 1.5356176181322796 9.999999999999989e-08
p 0.9970992564303829 -0.07611223834559774 1.9999999999999997e-08 0.49854962821519144 -0.03805611917279887 9.999999999999999e-09
p 0.971306694990623 -0.23783041072661806 2.9999999999999984e-08 0.971306694990623 -0.23783041072661806 2.9999999999999984e-08
p 0.025471108784667445 0.9996755586775526 4.999999999999993e-08 0.012735554392333722 0.4998377793387763 2.4999999999999966e-08
p 0.3448131541786349 0.9386713422201514 1.9999999999999997e-08 0.6896263083572698 1.8773426844403027 3.9999999999999994e-08
p 0.15463707132678325 0.9879713438007577 -1.9999999999999997e-08 0.07731853566339163 0.49398567190037884 -9.999999999999999e-09
p 0.12647348648577153 0.9919699880622057 2.9999999999999984e-08 0.25294697297154306 1.9839399761244114 5.999999999999997e-08
p 0.33164017732581613 0.9434059533325467 -9.99999999999995e-08 0.33164017732581613 0.9434059533325467 -9.99999999999995e-08
p 0.9398518399416629 -0.3415823750697187 2.9999999999999984e-08 0.46992591997083144 -0.17079118753485936 1.4999999999999992e-08
p 0.9691611945656661 -0.24642763430274803 -4.9999999999999945e-08 0.9691611945656661 -0.24642763430274803 -4.9999999999999945e-08
p 0.9421141539428237 -0.33529229179866005 -9.999999999995002e-07 0.47105707697141186 -0.16764614589933002 -4.999999999997501e-07
p 0.470427947552976 0.8824384092734707 2.9999999999999984e-08 0.940855895105952 1.7648768185469415 5.999999999999997e-08
p 0.8357173757868179 0.5491597834947354 9.99999999999995e-08 1.6714347515736359 1.0983195669894708 1.99999999999999e-07
p 0.9829735016655461 -0.18374736739165798 -9.99999999999995e-08 0.49148675083277304 -0.09187368369582899 -4.999999999999975e-08
p 0.7353626119263009 0.6776738367245172 2.9999999999999984e-08 0.7353626119263009 0.6776738367245172 2.9999999999999984e-08
p 0.950637581163642 -0.3103033826424232 9.99999999999995e-08 0.950637581163642 -0.3103033826424232 9.99999999999995e-08
p 0.8789034543321903 -0.4769997043635783 4.9999999999999945e-08 1.7578069086643806 -0.9539994087271566 9.999999999999989e-08
p 0.9103950066049132 0.4137401744438529 -9.999999999999948e-08 0.9103950066049132 0.4137401744438529 -9.999999999999948e-08
p 0.9700185622259925 0.24303083947519571 -9.999999999995e-07 1.940037124451985 0.48606167895039143 -1.999999999999e-06
p 0.4668535932362042 0.8843346213291916 9.999999999995e-07 0.2334267966181021 0.4421673106645958 4.9999999999975e-07
p 0.2364587112200259 0.9716415377535905 -4.9999999999999945e-08 0.2364587112200259 0.9716415377535905 -4.9999999999999945e-08
p 0.9152523560082532 -0.40288103060499036 4.999999999999993e-08 0.4576261780041266 -0.20144051530249518 2.4999999999999966e-08
p 0.9699931935773975 0.24313207195579753 4.9999999999999945e-08 1.939986387154795 0.48626414391159506 9.999999999999989e-08
p 0.9732875378705937 0.22958956558562732 1.9999999999999997e-08 0.48664376893529687 0.11479478279281366 9.999999999999999e-09
p 0.7121765212202766 0.7020004292182335 -2.9999999999999984e-08 0.3560882606101383 0.35100021460911673 -1.4999999999999992e-08
p 0.2856184844191161 0.9583434047136372 -2.9999999999999984e-08 0.2856184844191161 0.9583434047136372 -2.9999999999999984e-08
p 0.274523698293824 0.9615803341760281 9.999999999995002e-07 0.549047396587648 1.9231606683520561 1.9999999999990004e-06
p 0.6496148548435727 0.7602634677304729 -9.999999999995e-07 0.6496148548435727 0.7602634677304729 -9.999999999995e-07
p 0.998323872021605 -0.05787440325212174 2.9999999999999984e-08 1.99664774404321 -0.11574880650424348 5.999999999999997e-08
p 0.9803441406393802 -0.19729512389827109 -2.9999999999999984e-08 0.4901720703196901 -0.09864756194913554 -1.4999999999999992e-08
p 0.9412671162901609 0.3376628729824985 -9.99999999999995e-08 0.9412671162901609 0.3376628729824985 -9.99999999999995e-08
p 0.9831892079573937 -0.18258965292730014 2.9999999999999984e-08 0.9831892079573937 -0.18258965292730014 2.9999999999999984e-08
p 0.901919273909797 -0.431904646131555 -2.9999999999999984e-08 0.4509596369548985 -0.2159523230657775 -1.4999999999999992e-08
p 0.7796482429852774 0.6262177075186951 1e-08 1.5592964859705547 1.2524354150373902 2e-08
p 0.8883753989416806 -0.4591177959469768 -1e-08 1.7767507978833612 -0.9182355918939537 -2e-08
case 71 6 40
s 0.9950041652780258 -0.09983341664682815 1e-09 0.9987502603949663 0.04997916927067833 0.0 -3.344472287186003e-10 6.683369524652032e-09 1.0 1.0 1.0 0.9950041652780258 -0.09983341664682815 1e-09 0.9987502603949663 0.04997916927067833 0.0 1.0 0.0
s 0.9987502603949663 0.04997916927067833 0.0 0.8775825618903728 0.479425538604203 0.0 0.0 0.0 1.0 1.0 1.0 0.9987502603949663 0.04997916927067833 0.0 0.8775825618903728 0.479425538604203 0.0 1.0 1.0
s 0.8775825618903728 0.479425538604203 0.0 -0.4161468365471424 0.9092974268256817 0.0 0.0 -0.0 1.0 1.0 1.0 0.8775825618903728 0.479425538604203 0.0 -0.4161468365471424 0.9092974268256817 0.0 1.0 2.0
s -0.4161468365471424 0.9092974268256817 0.0 -0.9364566872907963 -0.35078322768961984 -0.0 0.0 -0.0 1.0 1.0 1.0 -0.4161468365471424 0.9092974268256817 0.0 -0.9364566872907963 -0.35078322768961984 -0.0 1.0 3.0
s -0.9364566872907963 -0.35078322768961984 -0.0 0.2836621854632263 -0.9589242746631386 0.0 -0.0 0.0 1.0 1.0 1.0 -0.9364566872907963 -0.35078322768961984 -0.0 0.2836621854632263 -0.9589242746631386 0.0 1.0 4.0
s 0.2836621854632263 -0.9589242746631386 0.0 0.9950041652780258 -0.09983341664682815 1e-09 -1.0357626563581388e-09 -3.0639197117724226e-10 1.0 1.0 1.0 0.2836621854632263 -0.9589242746631386 0.0 0.9950041652780258 -0.09983341664682815 1e-09 1.0 5.0
p 0.6153143911443113 0.7882818024353381 -2e-08 0.6153143911443113 0.7882818024353381 -2e-08
p 0.9989470081348281 -0.04587891605601548 2.9999999999999984e-08 0.49947350406741403 -0.02293945802800774 1.4999999999999992e-08
p 0.9974335173752289 0.07159873194742274 2e-08 0.49871675868761445 0.03579936597371137 1e-08
p 0.9821665041182661 -0.18801318620805033 2.9999999999999984e-08 0.49108325205913306 -0.09400659310402516 1.4999999999999992e-08
p 0.5206206996219499 0.8537880809223923 -9.99999999999995e-08 0.26031034981097495 0.42689404046119617 -4.999999999999975e-08
p 0.1959217163253435 0.9806195394097151 9.99999999999995e-08 0.391843432650687 1.9612390788194303 1.99999999999999e-07
p 0.2931600135603574 0.9560633903927553 -2.9999999999999984e-08 0.2931600135603574 0.9560633903927553 -2.9999999999999984e-08
p 0.4517117088656712 0.8921639603086723 -2.9999999999999984e-08 0.4517117088656712 0.8921639603086723 -2.9999999999999984e-08
p 0.5770410075895501 0.8167151740717425 9.999999999995e-07 1.1540820151791003 1.633430348143485 1.999999999999e-06
p 0.9961719319474894 0.08741557069542241 1e-08 0.4980859659737447 0.043707785347711206 5e-09
p 0.9782507337392619 -0.20742589505313697 2.9999999999999984e-08 0.9782507337392619 -0.20742589505313697 2.9999999999999984e-08
p 0.9203278105794115 -0.39114795292076415 4.999999999999993e-08 0.9203278105794115 -0.39114795292076415 4.999999999999993e-08
p 0.705963365594691 0.7082483508192706 1e-08 0.3529816827973455 0.3541241754096353 5e-09
p 0.9386890741158681 -0.34476487949832474 1e-08 0.46934453705793405 -0.17238243974916237 5e-09
p 0.8918647572570337 -0.4523021719634467 2.9999999999999984e-08 1.7837295145140675 -0.9046043439268934 5.999999999999997e-08
p 0.9938829694925474 0.11043841248712202 1.9999999999999997e-08 0.9938829694925474 0.11043841248712202 1.9999999999999997e-08
p 0.6276148729610533 0.7785239695976489 -1e-08 0.6276148729610533 0.7785239695976489 -1e-08
p 0.1453618521053923 0.989378558466116 1.9999999999999997e-08 0.1453618521053923 0.989378558466116 1.9999999999999997e-08
p 0.9775005143463341 -0.21093303309973094 -2e-08 0.9775005143463341 -0.21093303309973094 -2e-08
p 0.975028572901695 0.2220794498040827 1e-08 1.95005714580339 0.4441588996081654 2e-08
p 0.7344270046557807 0.6786876857821552 1.9999999999999997e-08 0.7344270046557807 0.6786876857821552 1.9999999999999997e-08
p 0.9844230410093572 0.1758160297864782 9.99999999999995e-08 1.9688460820187144 0.3516320595729564 1.99999999999999e-07
p 0.955003334517964 -0.296595062432888 -2.9999999999999984e-08 0.955003334517964 -0.296595062432888 -2.9999999999999984e-08
p 0.33786894855302296 0.9411931648730106 1.9999999999999997e-08 0.16893447427651148 0.4705965824365053 9.999999999999999e-09
p 0.9911919745748509 0.13243288692166258 4.9999999999999945e-08 0.9911919745748509 0.13243288692166258 4.9999999999999945e-08
p 0.4621613400604427 0.8867958591200885 9.999999999995e-07 0.23108067003022134 0.44339792956004426 4.9999999999975e-07
p 0.0066641128021167435 0.9999777945537394 2e-08 0.0066641128021167435 0.9999777945537394 2e-08
p 0.9918975577230279 0.12704028881850946 -4.9999999999999945e-08 1.9837951154460558 0.2540805776370189 -9.999999999999989e-08
p 0.9997351604939918 -0.02301323252071129 -9.999999999995e-07 0.9997351604939918 -0.02301323252071129 -9.999999999995e-07
p 0.9044864781413958 -0.4265022987738336 9.99999999999995e-08 0.9044864781413958 -0.4265022987738336 9.99999999999995e-08
p 0.8583816399700832 0.513011656945795 -1.9999999999999997e-08 0.8583816399700832 0.513011656945795 -1.9999999999999997e-08
p 0.9979021176336701 0.06474074159473633 1.9999999999999997e-08 0.9979021176336701 0.06474074159473633 1.9999999999999997e-08
p 0.9761985577464191 0.21687871231130873 -1e-08 0.9761985577464191 0.21687871231130873 -1e-08
p 0.009163448169613234 0.9999580147274398 -1e-08 0.009163448169613234 0.9999580147274398 -1e-08
p 0.9966764419741334 0.08146207715116177 1e-08 0.9966764419741334 0.08146207715116177 1e-08
p 0.21083023586116018 0.97752269111603 -4.9999999999999945e-08 0.21083023586116018 0.97752269111603 -4.9999999999999945e-08
p 0.7064087684976015 0.7078041055184 -9.999999999995002e-07 0.35320438424880074 0.3539020527592 -4.999999999997501e-07
p 0.8822440503358616 0.4707923487557667 -4.9999999999999945e-08 0.4411220251679308 0.23539617437788335 -2.4999999999999972e-08
p 0.999548604218716 0.03004309911455085 9.99999999999995e-08 0.999548604218716 0.03004309911455085 9.99999999999995e-08
p 0.6017095643282172 0.7987149680549046 9.999999999995002e-07 1.2034191286564344 1.5974299361098092 1.9999999999990004e-06
case 72 6 40
s 1.0 0.0 1e-08 0.9987502603949663 0.04997916927067833 0.0 -9.9999999999998e-09 1.9983330554893617e-07 0.99999999999998 1.0 1.0 0.01 0.0 1e-10 0.009987502603949663 0.0004997916927067833 0.0 0.01 0.0
s 0.9987502603949663 0.04997916927067833 0.0 0.8775825618903728 0.479425538604203 0.0 0.0 0.0 1.0 1.0 1.0 0.009987502603949663 0.0004997916927067833 0.0 0.8775825618903728 0.479425538604203 0.0 0.01 1.0
s 0.8775825618903728 0.479425538604203 0.0 -0.39859637855648306 0.8709489764975944 0.2873478855663454 0.13807921244038343 -0.25275230299584717 0.9576274872945841 1.0 1.0 0.8775825618903728 0.479425538604203 0.0 -0.39859637855648306 0.8709489764975944 0.2873478855663454 1.0 2.0
s -0.39859637855648306 0.8709489764975944 0.2873478855663454 -0.8969628300582488 -0.3359893958958339 -0.2873478855663454 -0.1537435140353627 -0.3723343456140114 0.9152759512672909 1.0 1.0 -0.39859637855648306 0.8709489764975944 0.2873478855663454 -0.8969628300582488 -0.3359893958958339 -0.2873478855663454 1.0 3.0
s -0.8969628300582488 -0.3359893958958339 -0.2873478855663454 0.2805238471386536 -0.9483150748622418 0.14834045293024462 -0.3224329819611792 0.05246353097466939 0.9451373180979005 1.0 1.0 -0.8969628300582488 -0.3359893958958339 -0.2873478855663454 0.2805238471386536 -0.9483150748622418 0.14834045293024462 1.0 4.0
s 0.2805238471386536 -0.9483150748622418 0.14834045293024462 1.0 0.0 1e-08 -9.879856058538707e-09 0.15454592400176712 0.9879856058538707 1.0 1.0 0.2805238471386536 -0.9483150748622418 0.14834045293024462 0.01 0.0 1e-10 0.01 5.0
p 0.5090200218523699 0.8607546789610908 4.9999999999999945e-08 1.0180400437047399 1.7215093579221816 9.999999999999989e-08
p 0.9674149159139258 -0.2531963279102816 2.9999999999999984e-08 0.9674149159139258 -0.2531963279102816 2.9999999999999984e-08
p 0.9998998339731962 -0.014153516184061897 4.9999999999999945e-08 0.4999499169865981 -0.007076758092030949 2.4999999999999972e-08
p 0.841982299736602 0.5395051500488784 9.999999999995e-07 1.683964599473204 1.079010300097757 1.999999999999e-06
p 0.522242517875155 0.852797017187218 -4.9999999999999945e-08 1.04448503575031 1.705594034374436 -9.999999999999989e-08
p 0.9376373069244524 0.34761513296095214 -1e-08 0.4688186534622262 0.17380756648047607 -5e-09
p 0.8907614927357907 0.4544710805531013 -4.9999999999999945e-08 1.7815229854715815 0.9089421611062026 -9.999999999999989e-08
p 0.9862456337048098 -0.16528626681668765 -2.9999999999999984e-08 0.9862456337048098 -0.16528626681668765 -2.9999999999999984e-08
p 0.6472258883068871 0.7622982680718621 1.9999999999999997e-08 0.32361294415344355 0.38114913403593104 9.999999999999999e-09
p 0.25286547274628013 0.9675014484184508 -9.999999999995e-07 0.12643273637314006 0.4837507242092254 -4.9999999999975e-07
p 0.40233186803868204 0.9154938929127296 -1e-08 0.20116593401934102 0.4577469464563648 -5e-09
p 0.2232689474928031 0.9747568810146738 -2.9999999999999984e-08 0.4465378949856062 1.9495137620293477 -5.999999999999997e-08
p 0.8414462931743178 0.5403407588764613 -9.99999999999995e-08 0.4207231465871589 0.27017037943823063 -4.999999999999975e-08
p 0.9999676040235652 0.008049279680074791 4.9999999999999945e-08 0.4999838020117826 0.0040246398400373955 2.4999999999999972e-08
p 0.020337877425628405 0.9997931639803392 4.999999999999993e-08 0.010168938712814202 0.4998965819901696 2.4999999999999966e-08
p 0.9985498153133263 0.05383554901476444 -2.9999999999999984e-08 0.9985498153133263 0.05383554901476444 -2.9999999999999984e-08
p 0.998585262763593 -0.05317398792044468 4.9999999999999945e-08 0.4992926313817965 -0.02658699396022234 2.4999999999999972e-08
p 0.9581467186799913 -0.28627760213080855 -9.999999999995e-07 0.9581467186799913 -0.28627760213080855 -9.999999999995e-07
p 0.9802462842384904 0.19778074283567612 -2.9999999999999984e-08 0.4901231421192452 0.09889037141783806 -1.4999999999999992e-08
p 0.9835911651515302 -0.1804118062540649 2.9999999999999984e-08 0.9835911651515302 -0.1804118062540649 2.9999999999999984e-08
p 0.03654666864315273 0.9993319473583729 9.99999999999995e-08 0.03654666864315273 0.9993319473583729 9.99999999999995e-08
p 0.9954740897460809 0.09503334490699372 -2e-08 1.9909481794921617 0.19006668981398744 -4e-08
p 0.19867651562249003 0.9800651213772004 1e-08 0.39735303124498006 1.9601302427544007 2e-08
p 0.07156421820601484 0.9974359942735984 -2e-08 0.07156421820601484 0.9974359942735984 -2e-08
p 0.9955948258650233 0.09376002724932525 9.999999999995002e-07 1.9911896517300467 0.1875200544986505 1.9999999999990004e-06
p 0.493573084792936 0.8697043233007321 2.9999999999999984e-08 0.987146169585872 1.7394086466014642 5.999999999999997e-08
p 0.9315704182728582 -0.3635609382193471 -1e-08 0.4657852091364291 -0.18178046910967355 -5e-09
p 0.787174906838878 0.6167298160809183 1.9999999999999997e-08 0.393587453419439 0.30836490804045913 9.999999999999999e-09
p 0.8886210035020174 -0.4586422485282596 9.99999999999995e-08 0.8886210035020174 -0.4586422485282596 9.99999999999995e-08
p 0.7028636015717069 0.711324649921292 1.9999999999999997e-08 0.7028636015717069 0.711324649921292 1.9999999999999997e-08
p 0.6442919742037556 0.7647796100685655 -1e-08 1.2885839484075112 1.529559220137131 -2e-08
p 0.8084975005747067 0.5884996105049263 4.9999999999999945e-08 0.40424875028735335 0.29424980525246314 2.4999999999999972e-08
p 0.9896768547765814 -0.14331686264893104 -2.9999999999999984e-08 1.9793537095531628 -0.2866337252978621 -5.999999999999997e-08
p 0.9203714264890518 0.39104531361787903 -4.999999999999993e-08 0.4601857132445259 0.19552265680893952 -2.4999999999999966e-08
p 0.9970395499468384 -0.07689041449884136 -4.9999999999999945e-08 1.9940790998936768 -0.15378082899768272 -9.999999999999989e-08
p 0.9129969217631903 0.40796644574147195 9.99999999999995e-08 0.9129969217631903 0.40796644574147195 9.99999999999995e-08
p 0.3464007948989824 0.9380866107632831 -9.99999999999995e-08 0.6928015897979648 1.8761732215265663 -1.99999999999999e-07
p 0.9277549083478287 0.3731900722641359 2.9999999999999984e-08 1.8555098166956574 0.7463801445282718 5.999999999999997e-08
p 0.9290605787225781 0.3699276159786779 -1e-08 1.8581211574451562 0.7398552319573558 -2e-08
p 0.9163522810558281 -0.4003729473912798 9.999999999995e-07 0.45817614052791406 -0.2001864736956399 4.9999999999975e-07
case 73 6 40
s 0.9995500337489425 0.029995500202494307 -2.999999999999865e-07 0.9987502603949663 0.04997916927067833 0.0 7.497375204775484e-07 -1.4982252701109468e-05 0.9999999998874849 1.0 1.0 0.9995500337489425 0.029995500202494307 -2.999999999999865e-07 0.9987502603949663 0.04997916927067833 0.0 1.0 0.0
s 0.9987502603949663 0.04997916927067833 0.0 0.8775825618903728 0.479425538604203 0.0 0.0 0.0 1.0 1.0 1.0 0.9987502603949663 0.04997916927067833 0.0 0.4387912809451864 0.2397127693021015 0.0 0.5 1.0
s 0.8775825618903728 0.479425538604203 0.0 -0.39859637855648306 0.8709489764975944 -0.2873478855663454 -0.13807921244038343 0.25275230299584717 0.9576274872945841 1.0 1.0 0.4387912809451864 0.2397127693021015 0.0 -0.19929818927824153 0.4354744882487972 -0.1436739427831727 0.5 2.0
s -0.39859637855648306 0.8709489764975944 -0.2873478855663454 -0.8969628300582488 -0.3359893958958339 0.2873478855663454 0.1537435140353627 0.3723343456140114 0.9152759512672909 1.0 1.0 -0.19929818927824153 0.4354744882487972 -0.1436739427831727 -0.4484814150291244 -0.16799469794791694 0.1436739427831727 0.5 3.0
s -0.8969628300582488 -0.3359893958958339 0.2873478855663454 0.2805238471386536 -0.9483150748622418 -0.14834045293024462 0.3224329819611792 -0.05246353097466939 0.9451373180979005 1.0 1.0 -0.4484814150291244 -0.16799469794791694 0.1436739427831727 0.1402619235693268 -0.4741575374311209 -0.07417022646512231 0.5 4.0
s 0.2805238471386536 -0.9483150748622418 -0.14834045293024462 0.9995500337489425 0.029995500202494307 -2.999999999999865e-07 0.0045981693284164295 -0.15321644319280245 0.9881819561063508 1.0 1.0 0.1402619235693268 -0.4741575374311209 -0.07417022646512231 0.9995500337489425 0.029995500202494307 -2.999999999999865e-07 0.5 5.0
p 0.7469801480073718 0.6648463420091025 -1.9999999999999997e-08 0.7469801480073718 0.6648463420091025 -1.9999999999999997e-08
p 0.9389722616416455 -0.34399286601261186 -4.999999999999993e-08 1.877944523283291 -0.6879857320252237 -9.999999999999986e-08
p 0.7372739740340669 0.6755938774234223 -1e-08 0.7372739740340669 0.6755938774234223 -1e-08
p 0.5664501455413602 0.8240960093436697 -9.999999999999948e-08 0.2832250727706801 0.41204800467183483 -4.999999999999974e-08
p 0.8903268885586149 -0.4553218987799024 -9.999999999995e-07 0.8903268885586149 -0.4553218987799024 -9.999999999995e-07
p 0.433836018430611 0.9009918474172032 -9.99999999999995e-08 0.867672036861222 1.8019836948344063 -1.99999999999999e-07
p 0.19293411096374152 0.9812117145782714 -9.999999999995002e-07 0.38586822192748305 1.9624234291565428 -1.9999999999990004e-06
p 0.9468190824654343 -0.32176641384599647 -1e-08 1.8936381649308687 -0.6435328276919929 -2e-08
p 0.29114134321561774 0.9566800501058875 -4.9999999999999945e-08 0.29114134321561774 0.9566800501058875 -4.9999999999999945e-08
p 0.26682995930548026 0.9637436240084981 -4.9999999999999945e-08 0.26682995930548026 0.9637436240084981 -4.9999999999999945e-08
p 0.8464034112121369 0.5325422663868625 4.9999999999999945e-08 1.6928068224242738 1.065084532773725 9.999999999999989e-08
p 0.9875637343110599 0.1572191803616583 4.999999999999993e-08 0.9875637343110599 0.1572191803616583 4.999999999999993e-08
p 0.9465495982078226 -0.3225583019123947 -4.9999999999999945e-08 0.9465495982078226 -0.3225583019123947 -4.9999999999999945e-08
p 0.9118439034755538 0.4105370819968215 1e-08 1.8236878069511075 0.821074163993643 2e-08
p 0.9762108129210084 0.216823542854791 1.9999999999999997e-08 0.4881054064605042 0.1084117714273955 9.999999999999999e-09
p 0.9991348384702736 -0.04158815401024977 -9.999999999995e-07 0.4995674192351368 -0.020794077005124884 -4.9999999999975e-07
p 0.8541873893056435 0.5199652911024047 1.9999999999999997e-08 0.42709369465282176 0.2599826455512024 9.999999999999999e-09
p 0.9147973671530483 -0.40391308105810414 1.9999999999999997e-08 1.8295947343060965 -0.8078261621162083 3.9999999999999994e-08
p 0.9750223404410976 0.22210681133354335 -9.999999999999948e-08 0.9750223404410976 0.22210681133354335 -9.999999999999948e-08
p 0.9820477184091997 -0.1886326556227079 9.999999999999948e-08 0.49102385920459984 -0.09431632781135395 4.999999999999974e-08
p 0.2679103790745106 0.9634438378982709 4.9999999999999945e-08 0.2679103790745106 0.9634438378982709 4.9999999999999945e-08
p 0.47999515903099155 0.8772711367113432 2.9999999999999984e-08 0.23999757951549577 0.4386355683556716 1.4999999999999992e-08
p 0.9224007397534595 -0.3862342233700559 -1.9999999999999997e-08 0.46120036987672974 -0.19311711168502796 -9.999999999999999e-09
p 0.9944467183300686 -0.10524126758337882 2.9999999999999984e-08 0.4972233591650343 -0.05262063379168941 1.4999999999999992e-08
p 0.9513093687355935 0.30823770852360977 -2.9999999999999984e-08 1.902618737471187 0.6164754170472195 -5.999999999999997e-08
p 0.9864277076740817 -0.16419615565796217 -4.999999999999993e-08 1.9728554153481634 -0.32839231131592433 -9.999999999999986e-08
p 0.7601349614348569 0.6497652194480924 2.9999999999999984e-08 1.5202699228697139 1.2995304388961848 5.999999999999997e-08
p 0.20982102366969305 0.9777398110060785 -1e-08 0.10491051183484652 0.48886990550303927 -5e-09
p 0.8135206218730548 0.5815360674861672 4.9999999999999945e-08 0.4067603109365274 0.2907680337430836 2.4999999999999972e-08
p 0.5850340678595192 0.8110087172427574 2.9999999999999984e-08 0.2925170339297596 0.4055043586213787 1.4999999999999992e-08
p 0.26359295997640486 0.9646339987015163 1.9999999999999997e-08 0.26359295997640486 0.9646339987015163 1.9999999999999997e-08
p 0.39199873803733726 0.919965754458901 -1e-08 0.39199873803733726 0.919965754458901 -1e-08
p 0.6644653880297178 0.7473190403773388 -9.999999999999948e-08 0.3322326940148589 0.3736595201886694 -4.999999999999974e-08
p 0.8947560128249461 -0.4465553465289659 2e-08 0.44737800641247305 -0.22327767326448295 1e-08
p 0.9998085066019322 0.01956911151315043 9.999999999995e-07 0.9998085066019322 0.01956911151315043 9.999999999995e-07
p 0.9131560269030975 -0.407610194339579 9.999999999995e-07 1.826312053806195 -0.815220388679158 1.999999999999e-06
p 0.9171087210334861 -0.39863717062552106 -4.999999999999993e-08 1.8342174420669721 -0.7972743412510421 -9.999999999999986e-08
p 0.03474210814079154 0.9993963107401055 9.999999999995e-07 0.03474210814079154 0.9993963107401055 9.999999999995e-07
p 0.8070184273342398 0.5905262550835229 -1.9999999999999997e-08 0.8070184273342398 0.5905262550835229 -1.9999999999999997e-08
p 0.8139092215921481 0.5809920644959478 2e-08 1.6278184431842961 1.1619841289918955 4e-08
case 74 6 40
s 0.9989876708477974 0.04498481403765821 2.999999999999865e-07 0.9987502603949663 0.04997916927067833 0.0 -2.998762645671645e-06 5.992526520412499e-05 0.9999999981999851 1.0 1.0 0.0009989876708477975 4.4984814037658206e-05 2.999999999999865e-10 0.0009987502603949663 4.997916927067833e-05 0.0 0.001 0.0
s 0.9987502603949663 0.04997916927067833 0.0 0.8775825618903728 0.479425538604203 0.0 0.0 0.0 1.0 1.0 1.0 0.0009987502603949663 4.997916927067833e-05 0.0 0.8775825618903728 0.479425538604203 0.0 0.001 1.0
s 0.8775825618903728 0.479425538604203 0.0 -0.39859637855648306 0.8709489764975944 -0.2873478855663454 -0.13807921244038343 0.25275230299584717 0.9576274872945841 1.0 1.0 0.8775825618903728 0.479425538604203 0.0 -0.39859637855648306 0.8709489764975944 -0.2873478855663454 1.0 2.0
s -0.39859637855648306 0.8709489764975944 -0.2873478855663454 -0.8969628300582488 -0.3359893958958339 0.2873478855663454 0.1537435140353627 0.3723343456140114 0.9152759512672909 1.0 1.0 -0.39859637855648306 0.8709489764975944 -0.2873478855663454 -0.8969628300582488 -0.3359893958958339 0.2873478855663454 1.0 3.0
s -0.8969628300582488 -0.3359893958958339 0.2873478855663454 0.2805238471386536 -0.9483150748622418 -0.14834045293024462 0.3224329819611792 -0.05246353097466939 0.9451373180979005 1.0 1.0 -0.8969628300582488 -0.3359893958958339 0.2873478855663454 0.2805238471386536 -0.9483150748622418 -0.14834045293024462 1.0 4.0
s 0.2805238471386536 -0.9483150748622418 -0.14834045293024462 0.9989876708477974 0.04498481403765821 2.999999999999865e-07 0.006869470103966919 -0.1525584259290051 0.9882705788692462 1.0 1.0 0.2805238471386536 -0.9483150748622418 -0.14834045293024462 0.0009989876708477975 4.4984814037658206e-05 2.999999999999865e-10 0.001 5.0
p -0.005249924692431595 0.9999862190499046 -9.999999999995e-07 -0.01049984938486319 1.9999724380998092 -1.999999999999e-06
p 0.5229705882075257 0.8523507282034051 -9.999999999995002e-07 0.5229705882075257 0.8523507282034051 -9.999999999995002e-07
p 0.9895479974387911 -0.14420388609491797 -4.9999999999999945e-08 0.49477399871939554 -0.07210194304745898 -2.4999999999999972e-08
p 0.6051335673705276 0.7961239637402012 9.99999999999995e-08 1.2102671347410552 1.5922479274804024 1.99999999999999e-07
p 0.89242534771753 -0.45119507837657713 -2e-08 1.78485069543506 -0.9023901567531543 -4e-08
p 0.983663961513702 -0.18001447391576045 4.9999999999999945e-08 0.491831980756851 -0.09000723695788022 2.4999999999999972e-08
p 0.9888582109650249 0.1488604669045798 2.9999999999999984e-08 0.49442910548251245 0.0744302334522899 1.4999999999999992e-08
p 0.7999685947543889 0.6000418713770638 9.999999999995002e-07 1.5999371895087777 1.2000837427541275 1.9999999999990004e-06
p 0.4040339247594049 0.9147440011519667 -4.9999999999999945e-08 0.4040339247594049 0.9147440011519667 -4.9999999999999945e-08
p 0.057949588371886636 0.9983195105814214 -1e-08 0.028974794185943318 0.4991597552907107 -5e-09
p 0.8031430404690905 0.5957862507192198 1e-08 1.606286080938181 1.1915725014384395 2e-08
p 0.9987172166221284 -0.05063517771812733 -4.9999999999999945e-08 0.4993586083110642 -0.025317588859063666 -2.4999999999999972e-08
p 0.9110415124543051 0.4123146402748301 -9.99999999999995e-08 0.45552075622715255 0.20615732013741506 -4.999999999999975e-08
p 0.8834764024209151 0.4684756625112852 -9.99999999999995e-08 0.8834764024209151 0.4684756625112852 -9.99999999999995e-08
p 0.5276481551166917 0.8494630212092517 4.9999999999999945e-08 0.26382407755834586 0.42473151060462583 2.4999999999999972e-08
p 0.005995736951321858 0.9999820254071624 9.999999999995002e-07 0.011991473902643716 1.9999640508143248 1.9999999999990004e-06
p 0.9711249336989783 -0.2385715053147643 -4.9999999999999945e-08 1.9422498673979567 -0.4771430106295286 -9.999999999999989e-08
p 0.8995417195348875 0.43683485989125825 -4.999999999999993e-08 0.8995417195348875 0.43683485989125825 -4.999999999999993e-08
p 0.996820475226965 -0.07968023699938247 -9.99999999999995e-08 0.4984102376134825 -0.039840118499691234 -4.999999999999975e-08
p 0.9988937172502667 0.047024904443727984 4.999999999999993e-08 1.9977874345005333 0.09404980888745597 9.999999999999986e-08
p 0.9905187750574997 -0.13737742266685563 -4.9999999999999945e-08 0.9905187750574997 -0.13737742266685563 -4.9999999999999945e-08
p 0.24369813899663903 0.9698511313854175 1.9999999999999997e-08 0.48739627799327806 1.939702262770835 3.9999999999999994e-08
p 0.4281994937714502 0.9036842333104372 2.9999999999999984e-08 0.8563989875429004 1.8073684666208745 5.999999999999997e-08
p 0.09240434660132736 0.9957215658652678 -2.9999999999999984e-08 0.04620217330066368 0.4978607829326339 -1.4999999999999992e-08
p 0.9948488738442641 -0.10136921727427418 1.9999999999999997e-08 0.9948488738442641 -0.10136921727427418 1.9999999999999997e-08
p 0.6846300123702235 0.7288907642177577 2.9999999999999984e-08 0.6846300123702235 0.7288907642177577 2.9999999999999984e-08
p 0.9994070653045725 0.03443134936801075 -1e-08 1.998814130609145 0.0688626987360215 -2e-08
p 0.9707619407939285 0.2400442757201361 1.9999999999999997e-08 1.941523881587857 0.4800885514402722 3.9999999999999994e-08
p 0.266560810028242 0.9638181024223847 -2.9999999999999984e-08 0.533121620056484 1.9276362048447695 -5.999999999999997e-08
p 0.5356438731402995 0.8444439834395517 -2.9999999999999984e-08 0.5356438731402995 0.8444439834395517 -2.9999999999999984e-08
p 0.9996842376664727 0.02512817066960856 -4.9999999999999945e-08 0.49984211883323637 0.01256408533480428 -2.4999999999999972e-08
p 0.9773834548112533 -0.2114747792556275 -4.9999999999999945e-08 1.9547669096225067 -0.422949558511255 -9.999999999999989e-08
p 0.8836455738253886 -0.4681564907793106 -2.9999999999999984e-08 0.4418227869126943 -0.2340782453896553 -1.4999999999999992e-08
p 0.7765094196514284 0.6301056428826843 -2.9999999999999984e-08 1.5530188393028568 1.2602112857653687 -5.999999999999997e-08
p 0.061493582311386005 0.9981074788491031 1e-08 0.061493582311386005 0.9981074788491031 1e-08
p 0.7610080275084106 0.648742462050819 -1e-08 0.7610080275084106 0.648742462050819 -1e-08
p 0.9946887213104347 0.10292884774353547 -1.9999999999999997e-08 0.9946887213104347 0.10292884774353547 -1.9999999999999997e-08
p 0.470739978731112 0.8822719945817347 9.999999999995002e-07 0.470739978731112 0.8822719945817347 9.999999999995002e-07
p 0.9910075365492064 -0.13380606302657141 -4.999999999999993e-08 1.9820150730984127 -0.26761212605314283 -9.999999999999986e-08
p 0.931126379676344 -0.36469667543017814 9.999999999995e-07 0.931126379676344 -0.36469667543017814 9.999999999995e-07
case 75 6 40
s 0.9987502603949663 0.04997916927067833 0.0 1.0 0.0 -1e-09 -9.999999999999999e-10 1.9983330554894014e-08 -0.9999999999999999 1.0 1.0 0.0009987502603949663 4.997916927067833e-05 0.0 0.001 0.0 -1.0000000000000002e-12 0.001 0.0
s 0.8775825618903728 0.479425538604203 0.0 0.9987502603949663 0.04997916927067833 0.0 0.0 0.0 -1.0 1.0 1.0 0.4387912809451864 0.2397127693021015 0.0 0.0009987502603949663 4.997916927067833e-05 0.0 0.001 1.0
s -0.3722130460563617 0.813300343259146 0.4472135954999579 0.8775825618903728 0.479425538604203 0.0 -0.21483604456352498 0.3932547417548017 -0.8939777301721019 1.0 1.0 -0.18610652302818084 0.406650171629573 0.22360679774997896 0.4387912809451864 0.2397127693021015 0.0 0.5 2.0
s -0.8375923243065936 -0.31375005699231057 -0.4472135954999579 -0.3722130460563617 0.813300343259146 0.4472135954999579 0.22573907030675272 0.5466923892662394 -0.8063307656634549 1.0 1.0 -0.4187961621532968 -0.15687502849615528 -0.22360679774997896 -0.18610652302818084 0.406650171629573 0.22360679774997896 0.5 3.0
s 0.2751927418019831 -0.9302931932717461 0.24253562503633297 -0.8375923243065936 -0.31375005699231057 -0.4472135954999579 0.4926817704433339 -0.08016495448787829 -0.8665092343101592 1.0 1.0 0.13759637090099155 -0.46514659663587304 0.12126781251816648 -0.4187961621532968 -0.15687502849615528 -0.22360679774997896 0.5 4.0
s 1.0 0.0 -1e-09 0.2751927418019831 -0.9302931932717461 0.24253562503633297 -9.676552570926152e-10 -0.2522762442661316 -0.9676552570926151 1.0 1.0 0.001 0.0 -1.0000000000000002e-12 0.13759637090099155 -0.46514659663587304 0.12126781251816648 0.001 5.0
p 0.38164459024686687 0.9243091510611048 -2.9999999999999984e-08 0.38164459024686687 0.9243091510611048 -2.9999999999999984e-08
p 0.5181643781989163 0.8552810515647647 -2.9999999999999984e-08 0.2590821890994581 0.4276405257823824 -1.4999999999999992e-08
p 0.7859695174185333 0.6182652486505107 1e-08 0.39298475870926664 0.30913262432525535 5e-09
p 0.37041546531265307 0.9288661814584535 -4.9999999999999945e-08 0.18520773265632653 0.4644330907292267 -2.4999999999999972e-08
p 0.8738971254337263 0.48611090726157286 -1.9999999999999997e-08 0.43694856271686316 0.24305545363078643 -9.999999999999999e-09
p 0.919338138122115 0.39346840761891244 1.9999999999999997e-08 1.83867627624423 0.7869368152378249 3.9999999999999994e-08
p 0.6259109871793219 0.7798945032042455 -9.99999999999995e-08 0.6259109871793219 0.7798945032042455 -9.99999999999995e-08
p 0.8744363331993894 0.4851402881443734 -2.9999999999999984e-08 0.4372181665996947 0.2425701440721867 -1.4999999999999992e-08
p 0.8551356286496995 0.5184043369936958 -9.99999999999995e-08 1.710271257299399 1.0368086739873916 -1.99999999999999e-07
p 0.9478201004698789 -0.318805673012995 -1e-08 1.8956402009397577 -0.63761134602599 -2e-08
p 0.9199750595918937 0.3919768994824719 -9.999999999995002e-07 0.45998752979594687 0.19598844974123594 -4.999999999997501e-07
p 0.9746426012189868 0.22376728958694167 2.9999999999999984e-08 0.9746426012189868 0.22376728958694167 2.9999999999999984e-08
p 0.7697751340074888 0.6383151596693845 -2.9999999999999984e-08 1.5395502680149775 1.276630319338769 -5.999999999999997e-08
p -0.028244271000255988 0.9996010509976777 4.9999999999999945e-08 -0.056488542000511975 1.9992021019953554 9.999999999999989e-08
p 0.885126581479467 0.46535033550914245 2.9999999999999984e-08 0.885126581479467 0.46535033550914245 2.9999999999999984e-08
p 0.9952150892011975 0.09770837336811326 9.99999999999995e-08 0.49760754460059875 0.04885418668405663 4.999999999999975e-08
p 0.9994215397176077 0.03400861579785064 -1.9999999999999997e-08 0.49971076985880386 0.01700430789892532 -9.999999999999999e-09
p 0.9929706230296165 0.11836106538965045 4.9999999999999945e-08 0.49648531151480824 0.059180532694825226 2.4999999999999972e-08
p 0.8850119442635943 -0.4655683177695532 -2.9999999999999984e-08 1.7700238885271886 -0.9311366355391064 -5.999999999999997e-08
p 0.977739728110253 0.2098214099511496 9.999999999995e-07 0.4888698640551265 0.1049107049755748 4.9999999999975e-07
p 0.2884963446133028 0.9574809967538572 -4.999999999999993e-08 0.1442481723066514 0.4787404983769286 -2.4999999999999966e-08
p 0.925451271840791 0.37886665655380664 4.9999999999999945e-08 0.4627256359203955 0.18943332827690332 2.4999999999999972e-08
p 0.47256487318324286 0.8812958871079026 1.9999999999999997e-08 0.23628243659162143 0.4406479435539513 9.999999999999999e-09
p 0.7392702345378642 0.6734088804918833 -9.999999999995002e-07 1.4785404690757284 1.3468177609837666 -1.9999999999990004e-06
p 0.9648109711078564 -0.26294446187343956 4.9999999999999945e-08 1.9296219422157128 -0.5258889237468791 9.999999999999989e-08
p 0.26658757923004683 0.963810698529158 9.999999999995e-07 0.13329378961502342 0.481905349264579 4.9999999999975e-07
p 0.9576854321277862 0.287816978460628 9.99999999999995e-08 1.9153708642555725 0.575633956921256 1.99999999999999e-07
p -0.0213144553409271 0.9997728211916543 -1e-08 -0.0213144553409271 0.9997728211916543 -1e-08
p 0.6547175912964612 0.7558735844352266 -4.9999999999999945e-08 0.6547175912964612 0.7558735844352266 -4.9999999999999945e-08
p 0.39927529125294436 0.9168310868392696 -1e-08 0.7985505825058887 1.8336621736785392 -2e-08
p 0.32887391519445663 0.9443738390619834 -1.9999999999999997e-08 0.6577478303889133 1.8887476781239667 -3.9999999999999994e-08
p 0.917337965150868 -0.39810935393791547 -1.9999999999999997e-08 0.458668982575434 -0.19905467696895773 -9.999999999999999e-09
p 0.5715249317450827 0.8205847015353003 -2.9999999999999984e-08 0.28576246587254134 0.41029235076765014 -1.4999999999999992e-08
p 0.7026546146194698 0.711531090363564 4.9999999999999945e-08 0.7026546146194698 0.711531090363564 4.9999999999999945e-08
p 0.9601093013193008 -0.2796249801433406 1.9999999999999997e-08 1.9202186026386017 -0.5592499602866812 3.9999999999999994e-08
p 0.5925673140738343 0.8055209359733111 4.999999999999993e-08 0.29628365703691717 0.40276046798665555 2.4999999999999966e-08
p 0.9287529285078391 -0.3706993361028761 9.999999999995002e-07 0.9287529285078391 -0.3706993361028761 9.999999999995002e-07
p 0.6830459488777505 0.7303754046520828 -9.999999999995002e-07 1.366091897755501 1.4607508093041657 -1.9999999999990004e-06
p 0.9961832466887547 -0.0872865339938059 1e-08 0.49809162334437734 -0.04364326699690295 5e-09
p 0.06694653419959506 0.9977565642769094 9.999999999995e-07 0.06694653419959506 0.9977565642769094 9.999999999995e-07
case 76 6 40
s 0.9987502603949663 0.04997916927067833 0.0 1.0 0.0 1e-08 9.9999999999998e-09 -1.9983330554893617e-07 -0.99999999999998 1.0 1.0 0.09987502603949663 0.004997916927067834 0.0 0.1 0.0 1e-09 0.1 0.0
s 0.8775825618903728 0.479425538604203 0.0 0.9987502603949663 0.04997916927067833 0.0 0.0 0.0 -1.0 1.0 1.0 0.4387912809451864 0.2397127693021015 0.0 0.09987502603949663 0.004997916927067834 0.0 0.1 1.0
s -0.39859637855648306 0.8709489764975944 0.2873478855663454 0.8775825618903728 0.479425538604203 0.0 -0.13807921244038343 0.25275230299584717 -0.9576274872945841 1.0 1.0 -0.19929818927824153 0.4354744882487972 0.1436739427831727 0.4387912809451864 0.2397127693021015 0.0 0.5 2.0
s -0.8969628300582488 -0.3359893958958339 -0.2873478855663454 -0.39859637855648306 0.8709489764975944 0.2873478855663454 0.1537435140353627 0.3723343456140114 -0.9152759512672909 1.0 1.0 -0.4484814150291244 -0.16799469794791694 -0.1436739427831727 -0.19929818927824153 0.4354744882487972 0.1436739427831727 0.5 3.0
s 0.2805238471386536 -0.9483150748622418 0.14834045293024462 -0.8969628300582488 -0.3359893958958339 -0.2873478855663454 0.3224329819611792 -0.05246353097466939 -0.9451373180979005 1.0 1.0 0.1402619235693268 -0.4741575374311209 0.07417022646512231 -0.4484814150291244 -0.16799469794791694 -0.1436739427831727 0.5 4.0
s 1.0 0.0 1e-08 0.2805238471386536 -0.9483150748622418 0.14834045293024462 9.879856058538707e-09 -0.15454592400176712 -0.9879856058538707 1.0 1.0 0.1 0.0 1e-09 0.1402619235693268 -0.4741575374311209 0.07417022646512231 0.1 5.0
p 0.30956793862674253 0.9508773271954635 -2.9999999999999984e-08 0.30956793862674253 0.9508773271954635 -2.9999999999999984e-08
p 0.14528120363704491 0.9893904041730804 1e-08 0.14528120363704491 0.9893904041730804 1e-08
p 0.9999998553190171 -0.0005379228056003332 9.999999999995e-07 1.9999997106380343 -0.0010758456112006664 1.999999999999e-06
p 0.926975832134392 -0.375121055978935 2e-08 0.926975832134392 -0.375121055978935 2e-08
p 0.9835682944905436 -0.1805364508152394 1e-08 0.4917841472452718 -0.0902682254076197 5e-09
p 0.9767623947694158 0.21432504325044735 -9.99999999999995e-08 0.9767623947694158 0.21432504325044735 -9.99999999999995e-08
p 0.18343743457598488 0.9830313868825205 -9.99999999999995e-08 0.09171871728799244 0.4915156934412602 -4.999999999999975e-08
p 0.9894419107231297 -0.14493000139571263 2.9999999999999984e-08 0.49472095536156485 -0.07246500069785632 1.4999999999999992e-08
p 0.9999985652270967 0.0016939727704416545 -2.9999999999999984e-08 0.9999985652270967 0.0016939727704416545 -2.9999999999999984e-08
p 0.9984732155938102 0.05523800993660574 -1e-08 1.9969464311876204 0.11047601987321148 -2e-08
p 0.9988644020893933 -0.04764353301959299 -9.99999999999995e-08 0.49943220104469666 -0.023821766509796494 -4.999999999999975e-08
p 0.3498809121236601 0.9367941862178237 -2.9999999999999984e-08 0.17494045606183006 0.46839709310891187 -1.4999999999999992e-08
p 0.9600688737135239 0.27976375341785364 -1e-08 0.48003443685676195 0.13988187670892682 -5e-09
p 0.9445044234532324 0.32849869722158265 9.999999999995e-07 1.8890088469064648 0.6569973944431653 1.999999999999e-06
p 0.7957905965903863 0.6055719002548883 2.9999999999999984e-08 0.7957905965903863 0.6055719002548883 2.9999999999999984e-08
p 0.952840301089785 -0.30347217437372737 9.99999999999995e-08 0.4764201505448925 -0.15173608718686368 4.999999999999975e-08
p 0.6870349962444786 0.7266243279269828 9.99999999999995e-08 0.6870349962444786 0.7266243279269828 9.99999999999995e-08
p 0.930687925887167 0.36581413943127045 4.9999999999999945e-08 1.861375851774334 0.7316282788625409 9.999999999999989e-08
p 0.7399071161921141 0.6727090451363569 -1.9999999999999997e-08 1.4798142323842283 1.3454180902727138 -3.9999999999999994e-08
p 0.5263756485035823 0.8502521253495539 9.999999999995002e-07 0.26318782425179116 0.42512606267477693 4.999999999997501e-07
p 0.3557968175622222 0.9345633336551314 4.9999999999999945e-08 0.7115936351244444 1.869126667310263 9.999999999999989e-08
p 0.4085094332888302 0.9127540977251418 -2.9999999999999984e-08 0.2042547166444151 0.4563770488625709 -1.4999999999999992e-08
p 0.5812785621938327 0.8137046350696736 1e-08 0.5812785621938327 0.8137046350696736 1e-08
p 0.8108982480573796 0.5851871762927413 -1.9999999999999997e-08 0.8108982480573796 0.5851871762927413 -1.9999999999999997e-08
p 0.1093205133683769 0.9940065519687858 1e-08 0.05466025668418845 0.4970032759843929 5e-09
p 0.577671776470695 0.8162691459740358 -9.99999999999995e-08 0.2888358882353475 0.4081345729870179 -4.999999999999975e-08
p 0.6748578592738714 0.7379477419006562 -9.999999999999948e-08 0.6748578592738714 0.7379477419006562 -9.999999999999948e-08
p 0.4545552001850625 0.8907185694615991 9.999999999995e-07 0.4545552001850625 0.8907185694615991 9.999999999995e-07
p 0.9975027991402604 -0.07062694745876369 -4.9999999999999945e-08 0.4987513995701302 -0.035313473729381845 -2.4999999999999972e-08
p 0.9072843210366365 0.42051772947295263 4.9999999999999945e-08 0.45364216051831824 0.21025886473647631 2.4999999999999972e-08
p 0.9970776624463107 -0.07639460092566192 9.99999999999995e-08 0.9970776624463107 -0.07639460092566192 9.99999999999995e-08
p 0.999430365067448 0.033748264861289734 1e-08 1.998860730134896 0.06749652972257947 2e-08
p 0.3703366594775672 0.9288976039623497 4.9999999999999945e-08 0.3703366594775672 0.9288976039623497 4.9999999999999945e-08
p 0.9991024652626381 0.04235875241454073 -4.999999999999993e-08 1.9982049305252763 0.08471750482908146 -9.999999999999986e-08
p 0.944977405524997 0.3271356034540484 2.9999999999999984e-08 0.4724887027624985 0.1635678017270242 1.4999999999999992e-08
p 0.9296333131716921 0.3684859604400424 -4.9999999999999945e-08 1.8592666263433841 0.7369719208800848 -9.999999999999989e-08
p 0.9660177371288816 -0.25847578523411835 2.9999999999999984e-08 0.9660177371288816 -0.25847578523411835 2.9999999999999984e-08
p 0.9227327293472275 -0.3854404106880937 9.99999999999995e-08 1.845465458694455 -0.7708808213761874 1.99999999999999e-07
p 0.9934836700311614 0.11397454707264479 9.999999999995002e-07 0.4967418350155807 0.056987273536322394 4.999999999997501e-07
p 0.9838517610193243 0.17898522938825076 -9.99999999999995e-08 0.49192588050966213 0.08949261469412538 -4.999999999999975e-08
case 77 6 40
s 0.9987502603949663 0.04997916927067833 0.0 0.9989876708478425 0.044984814037660234 -3e-09 -2.998762651068916e-08 5.992526531198045e-07 -0.9999999999998199 1.0 1.0 0.009987502603949663 0.0004997916927067833 0.0 0.009989876708478425 0.00044984814037660236 -3e-11 0.01 0.0
s 0.8775825618903728 0.479425538604203 0.0 0.9987502603949663 0.04997916927067833 0.0 0.0 0.0 -1.0 1.0 1.0 0.8775825618903728 0.479425538604203 0.0 0.009987502603949663 0.0004997916927067833 0.0 0.01 1.0
s -0.4161468365471424 0.9092974268256817 0.0 0.8775825618903728 0.479425538604203 0.0 0.0 0.0 -1.0 1.0 1.0 -0.4161468365471424 0.9092974268256817 0.0 0.8775825618903728 0.479425538604203 0.0 1.0 2.0
s -0.9364566872907963 -0.35078322768961984 -0.0 -0.4161468365471424 0.9092974268256817 0.0 0.0 0.0 -1.0 1.0 1.0 -0.9364566872907963 -0.35078322768961984 -0.0 -0.4161468365471424 0.9092974268256817 0.0 1.0 3.0
s 0.2836621854632263 -0.9589242746631386 0.0 -0.9364566872907963 -0.35078322768961984 -0.0 0.0 0.0 -1.0 1.0 1.0 0.2836621854632263 -0.9589242746631386 0.0 -0.9364566872907963 -0.35078322768961984 -0.0 1.0 4.0
s 0.9989876708478425 0.044984814037660234 -3e-09 0.2836621854632263 -0.9589242746631386 0.0 -2.963563696077234e-09 -8.766604173036061e-10 -1.0 1.0 1.0 0.009989876708478425 0.00044984814037660236 -3e-11 0.2836621854632263 -0.9589242746631386 0.0 0.01 5.0
p 0.9997226925998826 0.023548628427805487 9.99999999999995e-08 0.4998613462999413 0.011774314213902744 4.999999999999975e-08
p 0.30205054219971217 0.9532919122476862 -9.99999999999995e-08 0.30205054219971217 0.9532919122476862 -9.99999999999995e-08
p 0.264044146522299 0.964510595424597 9.999999999995e-07 0.1320220732611495 0.4822552977122985 4.9999999999975e-07
p 0.1334956715823532 0.9910493961800171 1e-08 0.2669913431647064 1.9820987923600342 2e-08
p 0.8949354685282873 0.44619559295229927 2.9999999999999984e-08 0.8949354685282873 0.44619559295229927 2.9999999999999984e-08
p 0.9291251589606573 0.3697653837034144 -9.999999999995e-07 0.46456257948032864 0.1848826918517072 -4.9999999999975e-07
p 0.9653818197636331 -0.26084083665878716 9.999999999995e-07 0.48269090988181657 -0.13042041832939358 4.9999999999975e-07
p 0.6922504778352585 0.721657311981841 -1e-08 1.384500955670517 1.443314623963682 -2e-08
p 0.03515101421487303 0.9993820121453382 -2.9999999999999984e-08 0.017575507107436515 0.4996910060726691 -1.4999999999999992e-08
p 0.4177754014156601 0.9085503365092021 -9.999999999995002e-07 0.8355508028313202 1.8171006730184043 -1.9999999999990004e-06
p 0.18250932288486132 0.9832041227843323 2.9999999999999984e-08 0.18250932288486132 0.9832041227843323 2.9999999999999984e-08
p 0.10772854442548953 0.9941803461721446 9.999999999995e-07 0.21545708885097906 1.9883606923442891 1.999999999999e-06
p -0.017598557110169943 0.9998451334014884 -9.999999999995e-07 -0.017598557110169943 0.9998451334014884 -9.999999999995e-07
p 0.6777413987839851 0.7353003443317007 -9.99999999999995e-08 1.3554827975679702 1.4706006886634013 -1.99999999999999e-07
p 0.06546069747227251 0.9978551483484182 -9.999999999995e-07 0.13092139494454502 1.9957102966968363 -1.999999999999e-06
p 0.5705046773725182 0.8212943522855062 9.99999999999995e-08 1.1410093547450364 1.6425887045710124 1.99999999999999e-07
p 0.9959966396208664 -0.0893906810799215 -9.99999999999995e-08 1.9919932792417328 -0.178781362159843 -1.99999999999999e-07
p 0.999177403831804 0.040552628422041416 -1e-08 1.998354807663608 0.08110525684408283 -2e-08
p 0.8890779385137694 0.4577558511336651 -9.999999999995e-07 1.7781558770275387 0.9155117022673303 -1.999999999999e-06
p 0.9957873707196118 0.09169248778014838 9.99999999999995e-08 1.9915747414392235 0.18338497556029676 1.99999999999999e-07
p 0.6379277532865713 0.7700962157982254 1.9999999999999997e-08 0.6379277532865713 0.7700962157982254 1.9999999999999997e-08
p 0.005617611506998933 0.9999842210959902 4.9999999999999945e-08 0.005617611506998933 0.9999842210959902 4.9999999999999945e-08
p 0.9800822851202438 0.19859182861709374 -2e-08 1.9601645702404875 0.39718365723418747 -4e-08
p 0.6463084789978756 0.763076241259974 -4.999999999999993e-08 0.6463084789978756 0.763076241259974 -4.999999999999993e-08
p 0.758257113103589 0.6519556353217679 -2.9999999999999984e-08 1.516514226207178 1.3039112706435358 -5.999999999999997e-08
p 0.7163145455603063 0.6977775231538571 -1.9999999999999997e-08 0.7163145455603063 0.6977775231538571 -1.9999999999999997e-08
p 0.8334360486672021 0.5526159179583963 9.999999999995e-07 0.41671802433360106 0.27630795897919813 4.9999999999975e-07
p 0.8556846376006386 0.5174976337851833 9.999999999995e-07 0.4278423188003193 0.25874881689259166 4.9999999999975e-07
p 0.9676010502706366 0.25248407378320187 -9.999999999995002e-07 1.9352021005412732 0.5049681475664037 -1.9999999999990004e-06
p 0.8089832847485076 0.5878316468152361 -4.999999999999993e-08 0.4044916423742538 0.29391582340761807 -2.4999999999999966e-08
p 0.9998921258526564 0.014687976642665806 1e-08 0.9998921258526564 0.014687976642665806 1e-08
p 0.8809886775563369 0.4731373479419444 1e-08 0.8809886775563369 0.4731373479419444 1e-08
p 0.8921018894701632 0.45183428245736557 -4.9999999999999945e-08 0.8921018894701632 0.45183428245736557 -4.9999999999999945e-08
p 0.9978067187865458 0.06619480300163162 4.9999999999999945e-08 0.4989033593932729 0.03309740150081581 2.4999999999999972e-08
p 0.5741651077387013 0.8187395367608709 1e-08 0.28708255386935067 0.40936976838043543 5e-09
p 0.7662832363681265 0.6425029195740575 -4.9999999999999945e-08 0.3831416181840632 0.32125145978702874 -2.4999999999999972e-08
p 0.9994695235574561 0.03256795172910706 4.9999999999999945e-08 0.9994695235574561 0.03256795172910706 4.9999999999999945e-08
p 0.9592821423041438 -0.28244959100053857 2.9999999999999984e-08 1.9185642846082875 -0.5648991820010771 5.999999999999997e-08
p 0.5890701709946109 0.8080818854815273 9.999999999995002e-07 0.5890701709946109 0.8080818854815273 9.999999999995002e-07
p 0.38018286979427385 0.9249113392725755 -2.9999999999999984e-08 0.38018286979427385 0.9249113392725755 -2.9999999999999984e-08
case 78 6 40
s 0.9987502603949663 0.04997916927067833 0.0 1.0 0.0 1e-08 9.9999999999998e-09 -1.9983330554893617e-07 -0.99999999999998 1.0 1.0 0.09987502603949663 0.004997916927067834 0.0 0.1 0.0 1e-09 0.1 0.0
s 0.8775825618903728 0.479425538604203 0.0 0.9987502603949663 0.04997916927067833 0.0 0.0 0.0 -1.0 1.0 1.0 0.8775825618903728 0.479425538604203 0.0 0.09987502603949663 0.004997916927067834 0.0 0.1 1.0
s -0.3722130460563617 0.813300343259146 0.4472135954999579 0.8775825618903728 0.479425538604203 0.0 -0.21483604456352498 0.3932547417548017 -0.8939777301721019 1.0 1.0 -0.3722130460563617 0.813300343259146 0.4472135954999579 0.8775825618903728 0.479425538604203 0.0 1.0 2.0
s -0.8375923243065936 -0.31375005699231057 -0.4472135954999579 -0.3722130460563617 0.813300343259146 0.4472135954999579 0.22573907030675272 0.5466923892662394 -0.8063307656634549 1.0 1.0 -0.8375923243065936 -0.31375005699231057 -0.4472135954999579 -0.3722130460563617 0.813300343259146 0.4472135954999579 1.0 3.0
s 0.2751927418019831 -0.9302931932717461 0.24253562503633297 -0.8375923243065936 -0.31375005699231057 -0.4472135954999579 0.4926817704433339 -0.08016495448787829 -0.8665092343101592 1.0 1.0 0.2751927418019831 -0.9302931932717461 0.24253562503633297 -0.8375923243065936 -0.31375005699231057 -0.4472135954999579 1.0 4.0
s 1.0 0.0 1e-08 0.2751927418019831 -0.9302931932717461 0.24253562503633297 9.67655257861263e-09 -0.2522762413178307 -0.967655257861263 1.0 1.0 0.1 0.0 1e-09 0.2751927418019831 -0.9302931932717461 0.24253562503633297 0.1 5.0
p 0.8189793484469157 0.5738229925834839 1.9999999999999997e-08 0.8189793484469157 0.5738229925834839 1.9999999999999997e-08
p 0.9743495772211772 -0.2250397773015104 9.999999999995002e-07 1.9486991544423544 -0.4500795546030208 1.9999999999990004e-06
p 0.9990800301454303 -0.04288465185361739 1e-08 0.9990800301454303 -0.04288465185361739 1e-08
p 0.38039326713434957 0.9248248279100456 9.99999999999995e-08 0.38039326713434957 0.9248248279100456 9.99999999999995e-08
p 0.9819390523868982 0.18919750896224258 4.999999999999993e-08 1.9638781047737963 0.37839501792448516 9.999999999999986e-08
p 0.9930978160735251 -0.11728907753493173 9.999999999995002e-07 1.9861956321470502 -0.23457815506986346 1.9999999999990004e-06
p 0.8327503170954472 0.5536487238108856 -9.99999999999995e-08 0.4163751585477236 0.2768243619054428 -4.999999999999975e-08
p 0.85363318150198 0.5208746408089071 9.999999999995002e-07 0.42681659075099 0.26043732040445355 4.999999999997501e-07
p 0.8928656201795712 0.4503231998257997 4.999999999999993e-08 0.4464328100897856 0.22516159991289986 2.4999999999999966e-08
p 0.979842583076186 -0.19977115004569032 -9.99999999999995e-08 0.489921291538093 -0.09988557502284516 -4.999999999999975e-08
p 0.9350860334300988 -0.35442080932553105 -9.999999999995002e-07 0.4675430167150494 -0.17721040466276552 -4.999999999997501e-07
p 0.9761542758416338 0.21707793475177392 1e-08 0.4880771379208169 0.10853896737588696 5e-09
p -0.026288524880887832 0.9996543970090787 4.9999999999999945e-08 -0.026288524880887832 0.9996543970090787 4.9999999999999945e-08
p 0.9071261981475923 0.4208587181398226 -1.9999999999999997e-08 0.45356309907379616 0.2104293590699113 -9.999999999999999e-09
p -0.009872025309374324 0.999951270370857 1.9999999999999997e-08 -0.009872025309374324 0.999951270370857 1.9999999999999997e-08
p 0.9800849162417622 0.19857884317161673 -1.9999999999999997e-08 1.9601698324835244 0.39715768634323345 -3.9999999999999994e-08
p 0.04291345284357011 0.9990787934717873 -1.9999999999999997e-08 0.08582690568714021 1.9981575869435746 -3.9999999999999994e-08
p 0.9926999292193277 0.12061032512986435 9.999999999999948e-08 0.9926999292193277 0.12061032512986435 9.999999999999948e-08
p 0.8197176563476196 0.572767809737912 -2.9999999999999984e-08 0.8197176563476196 0.572767809737912 -2.9999999999999984e-08
p 0.35634374451369855 0.9343549302839663 1.9999999999999997e-08 0.7126874890273971 1.8687098605679326 3.9999999999999994e-08
p 0.9923169237197966 -0.1237219580320278 -1.9999999999999997e-08 1.9846338474395933 -0.2474439160640556 -3.9999999999999994e-08
p 0.9751402250827278 -0.22158867621249545 -2.9999999999999984e-08 0.4875701125413639 -0.11079433810624773 -1.4999999999999992e-08
p 0.8061498884221512 0.5917113801482469 9.999999999999948e-08 0.8061498884221512 0.5917113801482469 9.999999999999948e-08
p 0.19148583893752547 0.9814953761920591 -1.9999999999999997e-08 0.38297167787505093 1.9629907523841181 -3.9999999999999994e-08
p 0.9162896857213538 0.4005161817463337 -1.9999999999999997e-08 0.9162896857213538 0.4005161817463337 -1.9999999999999997e-08
p 0.6448980389444322 0.7642686172842739 9.99999999999995e-08 1.2897960778888644 1.5285372345685477 1.99999999999999e-07
p 0.7619075535463454 0.6476857879010639 2.9999999999999984e-08 0.3809537767731727 0.32384289395053195 1.4999999999999992e-08
p 0.9865603200037639 -0.1633974754825514 -1e-08 0.49328016000188196 -0.0816987377412757 -5e-09
p 0.02234208052445105 0.9997503845649863 2.9999999999999984e-08 0.02234208052445105 0.9997503845649863 2.9999999999999984e-08
p 0.3192906802637106 0.9476568268612509 -4.9999999999999945e-08 0.3192906802637106 0.9476568268612509 -4.9999999999999945e-08
p 0.998408944032943 0.056387768842377596 -4.9999999999999945e-08 0.4992044720164715 0.028193884421188798 -2.4999999999999972e-08
p 0.9575581627688291 -0.28824011676861044 -4.9999999999999945e-08 1.9151163255376582 -0.5764802335372209 -9.999999999999989e-08
p 0.27246482799445393 0.9621657432614987 -1.9999999999999997e-08 0.13623241399722696 0.48108287163074936 -9.999999999999999e-09
p 0.9003878291868614 0.4350882175515332 -2.9999999999999984e-08 0.4501939145934307 0.2175441087757666 -1.4999999999999992e-08
p 0.9643433394272258 -0.2646543475957777 -9.999999999995002e-07 1.9286866788544517 -0.5293086951915554 -1.9999999999990004e-06
p 0.8491580072599144 0.5281388820247653 -4.9999999999999945e-08 0.8491580072599144 0.5281388820247653 -4.9999999999999945e-08
p 0.8913557067719715 -0.45330453781649854 -9.99999999999995e-08 0.44567785338598576 -0.22665226890824927 -4.999999999999975e-08
p 0.9198097266972117 -0.39236471129957445 -4.9999999999999945e-08 1.8396194533944235 -0.7847294225991489 -9.999999999999989e-08
p 0.9894653655634579 0.1447697839653444 -9.999999999995e-07 0.9894653655634579 0.1447697839653444 -9.999999999995e-07
p 0.9526538813462581 -0.3040568735547821 -2.9999999999999984e-08 0.47632694067312903 -0.15202843677739106 -1.4999999999999992e-08
case 79 6 40
s 0.9987502603949663 0.04997916927067833 0.0 0.955336489125606 -0.29552020666133955 3e-09 4.372658691657415e-10 -8.73802840391205e-09 -1.0 1.0 1.0 0.09987502603949663 0.004997916927067834 0.0 0.09553364891256061 -0.029552020666133955 3e-10 0.1 0.0
s 0.8775825618903728 0.479425538604203 0.0 0.9987502603949663 0.04997916927067833 0.0 0.0 0.0 -1.0 1.0 1.0 0.4387912809451864 0.2397127693021015 0.0 0.09987502603949663 0.004997916927067834 0.0 0.1 1.0
s -0.39859637855648306 0.8709489764975944 -0.2873478855663454 0.8775825618903728 0.479425538604203 0.0 0.13807921244038343 -0.25275230299584717 -0.9576274872945841 1.0 1.0 -0.19929818927824153 0.4354744882487972 -0.1436739427831727 0.4387912809451864 0.2397127693021015 0.0 0.5 2.0
s -0.8969628300582488 -0.3359893958958339 0.2873478855663454 -0.39859637855648306 0.8709489764975944 -0.2873478855663454 -0.1537435140353627 -0.3723343456140114 -0.9152759512672909 1.0 1.0 -0.4484814150291244 -0.16799469794791694 0.1436739427831727 -0.19929818927824153 0.4354744882487972 -0.1436739427831727 0.5 3.0
s 0.2805238471386536 -0.9483150748622418 -0.14834045293024462 -0.8969628300582488 -0.3359893958958339 0.2873478855663454 -0.3224329819611792 0.05246353097466939 -0.9451373180979005 1.0 1.0 0.1402619235693268 -0.4741575374311209 -0.07417022646512231 -0.4484814150291244 -0.16799469794791694 0.1436739427831727 0.5 4.0
s 0.955336489125606 -0.29552020666133955 3e-09 0.2805238471386536 -0.9483150748622418 -0.14834045293024462 0.052417233929092734 0.16945065735031126 -0.9841437437238375 1.0 1.0 0.09553364891256061 -0.029552020666133955 3e-10 0.1402619235693268 -0.4741575374311209 -0.07417022646512231 0.1 5.0
p 0.9999460690947771 0.010385514041352736 1e-08 0.9999460690947771 0.010385514041352736 1e-08
p 0.928263469363319 -0.37192328704394606 2.9999999999999984e-08 0.4641317346816595 -0.18596164352197303 1.4999999999999992e-08
p 0.10946227127384212 0.9939909512503479 1.9999999999999997e-08 0.21892454254768423 1.9879819025006957 3.9999999999999994e-08
p 0.924032939013989 -0.3823128661412924 1e-08 1.848065878027978 -0.7646257322825848 2e-08
p 0.9315984362239135 0.3634891382492165 2.9999999999999984e-08 0.46579921811195674 0.18174456912460826 1.4999999999999992e-08
p 0.9586278027757749 0.2846624944478796 -2.9999999999999984e-08 0.9586278027757749 0.2846624944478796 -2.9999999999999984e-08
p 0.9283739431596808 -0.371647442695555 1e-08 1.8567478863193616 -0.74329488539111 2e-08
p 0.9893861954656613 0.14530986278288874 -4.9999999999999945e-08 0.49469309773283066 0.07265493139144437 -2.4999999999999972e-08
p 0.6276733368315283 0.7784768347425464 -2.9999999999999984e-08 0.31383666841576413 0.3892384173712732 -1.4999999999999992e-08
p 0.5443667262753437 0.8388473444699365 -2.9999999999999984e-08 0.5443667262753437 0.8388473444699365 -2.9999999999999984e-08
p 0.7584971970514973 0.6516763015984401 2.9999999999999984e-08 1.5169943941029946 1.3033526031968803 5.999999999999997e-08
p 0.7245431267958391 0.6892294664427141 -1.9999999999999997e-08 0.7245431267958391 0.6892294664427141 -1.9999999999999997e-08
p -0.00845097989989922 0.9999642898317574 1.9999999999999997e-08 -0.00845097989989922 0.9999642898317574 1.9999999999999997e-08
p 0.5349120994562842 0.8449077144015609 -2.9999999999999984e-08 0.2674560497281421 0.42245385720078044 -1.4999999999999992e-08
p 0.8077776308186543 0.5894873189043103 -9.99999999999995e-08 0.40388881540932714 0.29474365945215514 -4.999999999999975e-08
p 0.13467451638000438 0.9908898902692479 9.99999999999995e-08 0.06733725819000219 0.49544494513462395 4.999999999999975e-08
p 0.899906906090182 -0.4360820569230025 -9.999999999995002e-07 0.899906906090182 -0.4360820569230025 -9.999999999995002e-07
p 0.6833211474949622 0.7301179421067294 4.999999999999993e-08 1.3666422949899244 1.4602358842134588 9.999999999999986e-08
p 0.3770081533910692 0.9262099396339121 2.9999999999999984e-08 0.7540163067821384 1.8524198792678241 5.999999999999997e-08
p 0.898201436597306 0.4395840980910647 -2.9999999999999984e-08 0.449100718298653 0.21979204904553235 -1.4999999999999992e-08
p 0.967487594588119 -0.2529184736591728 -9.99999999999995e-08 0.4837437972940595 -0.1264592368295864 -4.999999999999975e-08
p 0.9701565237100825 -0.24247952388349747 -1.9999999999999997e-08 0.9701565237100825 -0.24247952388349747 -1.9999999999999997e-08
p 0.9998632807180179 -0.01653541265866501 9.99999999999995e-08 0.9998632807180179 -0.01653541265866501 9.99999999999995e-08
p 0.931993784107392 -0.3624742561688812 1.9999999999999997e-08 0.931993784107392 -0.3624742561688812 1.9999999999999997e-08
p 0.9998402568492321 -0.01787346591064734 -4.999999999999993e-08 1.9996805136984641 -0.03574693182129468 -9.999999999999986e-08
p 0.8338335891838491 0.5520158924784482 -4.9999999999999945e-08 0.41691679459192454 0.2760079462392241 -2.4999999999999972e-08
p 0.9911029088120973 0.1330977991673788 9.999999999995002e-07 0.49555145440604864 0.0665488995836894 4.999999999997501e-07
p 0.8908414473092201 -0.4543143358469045 -2e-08 0.8908414473092201 -0.4543143358469045 -2e-08
p -0.028858276267690015 0.9995835132148064 4.999999999999993e-08 -0.014429138133845007 0.4997917566074032 2.4999999999999966e-08
p 0.8715476817030456 0.49031075708987476 -1.9999999999999997e-08 0.8715476817030456 0.49031075708987476 -1.9999999999999997e-08
p 0.7148732524863207 0.6992540546036384 -2.9999999999999984e-08 0.35743662624316036 0.3496270273018192 -1.4999999999999992e-08
p 0.16974782751742012 0.9854875316578625 -9.99999999999995e-08 0.08487391375871006 0.49274376582893126 -4.999999999999975e-08
p 0.9612703653072728 0.275607120339828 -9.99999999999995e-08 0.4806351826536364 0.137803560169914 -4.999999999999975e-08
p 0.9969674796818863 0.07781930645249106 2.9999999999999984e-08 1.9939349593637725 0.15563861290498213 5.999999999999997e-08
p 0.990019827101741 -0.1409281446178751 -4.9999999999999945e-08 0.4950099135508705 -0.07046407230893754 -2.4999999999999972e-08
p 0.9918724389756781 -0.1272362558409746 -9.99999999999995e-08 1.9837448779513562 -0.2544725116819492 -1.99999999999999e-07
p 0.9984314420000974 -0.055987995370487736 -1.9999999999999997e-08 0.9984314420000974 -0.055987995370487736 -1.9999999999999997e-08
p 0.9015920515761502 -0.43258730047784405 -1e-08 0.4507960257880751 -0.21629365023892203 -5e-09
p 0.14188748311979105 0.9898827921193099 9.999999999999948e-08 0.07094374155989552 0.4949413960596549 4.999999999999974e-08
p 0.5172701591484009 0.8558221675410068 2.9999999999999984e-08 0.25863507957420045 0.4279110837705034 1.4999999999999992e-08
case 80 6 40
s 0.9987502603949663 0.04997916927067833 0.0 0.9995500337489875 0.02999550020249566 -1e-08 -2.499125068539371e-08 4.994084234264441e-07 -0.9999999999998749 1.0 1.0 0.009987502603949663 0.0004997916927067833 0.0 0.009995500337489876 0.0002999550020249566 -1e-10 0.01 0.0
s 0.8775825618903728 0.479425538604203 0.0 0.9987502603949663 0.04997916927067833 0.0 0.0 0.0 -1.0 1.0 1.0 0.8775825618903728 0.479425538604203 0.0 0.009987502603949663 0.0004997916927067833 0.0 0.01 1.0
s -0.39859637855648306 0.8709489764975944 -0.2873478855663454 0.8775825618903728 0.479425538604203 0.0 0.13807921244038343 -0.25275230299584717 -0.9576274872945841 1.0 1.0 -0.39859637855648306 0.8709489764975944 -0.2873478855663454 0.8775825618903728 0.479425538604203 0.0 1.0 2.0
s -0.8969628300582488 -0.3359893958958339 0.2873478855663454 -0.39859637855648306 0.8709489764975944 -0.2873478855663454 -0.1537435140353627 -0.3723343456140114 -0.9152759512672909 1.0 1.0 -0.8969628300582488 -0.3359893958958339 0.2873478855663454 -0.39859637855648306 0.8709489764975944 -0.2873478855663454 1.0 3.0
s 0.2805238471386536 -0.9483150748622418 -0.14834045293024462 -0.8969628300582488 -0.3359893958958339 0.2873478855663454 -0.3224329819611792 0.05246353097466939 -0.9451373180979005 1.0 1.0 0.2805238471386536 -0.9483150748622418 -0.14834045293024462 -0.8969628300582488 -0.3359893958958339 0.2873478855663454 1.0 4.0
s 0.9995500337489875 0.02999550020249566 -1e-08 0.2805238471386536 -0.9483150748622418 -0.14834045293024462 -0.004597885096102615 0.15321652548342946 -0.9881819446698207 1.0 1.0 0.009995500337489876 0.0002999550020249566 -1e-10 0.2805238471386536 -0.9483150748622418 -0.14834045293024462 0.01 5.0
p 0.969630905798015 0.24457290635170517 -2.9999999999999984e-08 0.4848154528990075 0.12228645317585259 -1.4999999999999992e-08
p 0.6789772340525249 0.7341593257858832 -1.9999999999999997e-08 1.3579544681050497 1.4683186515717663 -3.9999999999999994e-08
p 0.06545594646454453 0.9978554600103305 -4.9999999999999945e-08 0.13091189292908906 1.995710920020661 -9.999999999999989e-08
p 0.993688765267622 -0.11217235747236502 2.9999999999999984e-08 0.496844382633811 -0.05608617873618251 1.4999999999999992e-08
p 0.30707961024048874 0.9516838303630831 1e-08 0.15353980512024437 0.47584191518154156 5e-09
p 0.19381913321916047 0.9810372794130525 -9.99999999999995e-08 0.19381913321916047 0.9810372794130525 -9.99999999999995e-08
p 0.9727872123512621 0.231700322582557 9.999999999995002e-07 0.9727872123512621 0.231700322582557 9.999999999995002e-07
p 0.89789072486535 -0.44021840738408086 -9.999999999995002e-07 0.89789072486535 -0.44021840738408086 -9.999999999995002e-07
p 0.9078238087337946 -0.4193518001583596 -9.99999999999995e-08 1.8156476174675893 -0.8387036003167192 -1.99999999999999e-07
p 0.9869812429094982 -0.16083540078235906 -2e-08 1.9739624858189964 -0.3216708015647181 -4e-08
p 0.1462690757822716 0.9892448420233437 -9.99999999999995e-08 0.2925381515645432 1.9784896840466875 -1.99999999999999e-07
p 0.9869033827132901 -0.1613124706526604 -9.999999999995002e-07 1.9738067654265803 -0.3226249413053208 -1.9999999999990004e-06
p 0.9874502618478007 0.1579303022750865 -9.99999999999995e-08 0.49372513092390036 0.07896515113754325 -4.999999999999975e-08
p 0.995040748635902 -0.09946812833316894 1e-08 0.995040748635902 -0.09946812833316894 1e-08
p 0.7421043510133093 0.6702843666729181 -9.999999999995e-07 1.4842087020266186 1.3405687333458363 -1.999999999999e-06
p 0.9154281422629201 0.40248144845701755 9.999999999995e-07 0.9154281422629201 0.40248144845701755 9.999999999995e-07
p 0.959443188776394 0.2819020530425155 -9.999999999995002e-07 0.479721594388197 0.14095102652125774 -4.999999999997501e-07
p 0.999999859289801 0.000530490695705044 -1e-08 1.999999718579602 0.001060981391410088 -2e-08
p 0.924876411501394 0.38026783120361846 -1.9999999999999997e-08 0.462438205750697 0.19013391560180923 -9.999999999999999e-09
p 0.8465513803956494 0.5323070170026126 2.9999999999999984e-08 1.6931027607912987 1.0646140340052253 5.999999999999997e-08
p 0.9891849851710252 -0.14667332788273435 4.999999999999993e-08 0.9891849851710252 -0.14667332788273435 4.999999999999993e-08
p 0.5688491172439328 0.8224419017838273 -9.999999999995002e-07 1.1376982344878657 1.6448838035676545 -1.9999999999990004e-06
p 0.7374974731685086 0.6753498923299418 2.9999999999999984e-08 0.3687487365842543 0.3376749461649709 1.4999999999999992e-08
p 0.3127115916560249 0.9498481249357473 -1.9999999999999997e-08 0.3127115916560249 0.9498481249357473 -1.9999999999999997e-08
p 0.6325887080310938 0.7744879124115179 1.9999999999999997e-08 0.3162943540155469 0.38724395620575897 9.999999999999999e-09
p 0.988224742645904 -0.15300933965751 9.99999999999995e-08 0.988224742645904 -0.15300933965751 9.99999999999995e-08
p 0.9667514011444315 -0.25571806425295424 1.9999999999999997e-08 0.9667514011444315 -0.25571806425295424 1.9999999999999997e-08
p 0.984992635304081 -0.17259637422820226 1e-08 1.969985270608162 -0.3451927484564045 2e-08
p 0.5838462415560243 0.8118642535670014 9.999999999995e-07 0.5838462415560243 0.8118642535670014 9.999999999995e-07
p 0.2086946850902264 0.9779808425603695 2.9999999999999984e-08 0.1043473425451132 0.4889904212801848 1.4999999999999992e-08
p 0.9961348185592848 -0.08783748204986701 -9.999999999995e-07 0.9961348185592848 -0.08783748204986701 -9.999999999995e-07
p 0.999412760760247 -0.034265633360268506 2.9999999999999984e-08 0.999412760760247 -0.034265633360268506 2.9999999999999984e-08
p 0.5240482988072339 0.8516885466631821 -2.9999999999999984e-08 1.0480965976144678 1.7033770933263641 -5.999999999999997e-08
p 0.8863868753004863 0.46294525302031136 9.999999999995e-07 0.44319343765024316 0.23147262651015568 4.9999999999975e-07
p 0.8155739714995304 0.5786528294344382 -4.9999999999999945e-08 1.6311479429990607 1.1573056588688764 -9.999999999999989e-08
p 0.8551167301157698 0.5184355098525883 1.9999999999999997e-08 0.8551167301157698 0.5184355098525883 1.9999999999999997e-08
p 0.22973754625926163 0.9732526187166273 2.9999999999999984e-08 0.22973754625926163 0.9732526187166273 2.9999999999999984e-08
p 0.9982687792727316 0.05881704114735941 1e-08 1.9965375585454632 0.11763408229471882 2e-08
p 0.964691436559621 0.263382672604966 2e-08 1.929382873119242 0.526765345209932 4e-08
p 0.7531594213528074 0.6578380393588563 -1e-08 0.7531594213528074 0.6578380393588563 -1e-08
case 81 6 40
s 0.9987502603949663 0.04997916927067833 0.0 0.9995500337489827 0.029995500202495515 9.99999999999995e-08 2.499125068508441e-07 -4.994084234202633e-06 -0.9999999999874984 1.0 1.0 0.0009987502603949663 4.997916927067833e-05 0.0 0.0009995500337489826 2.9995500202495516e-05 9.999999999999951e-11 0.001 0.0
s 0.8775825618903728 0.479425538604203 0.0 0.9987502603949663 0.04997916927067833 0.0 0.0 0.0 -1.0 1.0 1.0 0.8775825618903728 0.479425538604203 0.0 0.0009987502603949663 4.997916927067833e-05 0.0 0.001 1.0
s -0.39859637855648306 0.8709489764975944 -0.2873478855663454 0.8775825618903728 0.479425538604203 0.0 0.13807921244038343 -0.25275230299584717 -0.9576274872945841 1.0 1.0 -0.39859637855648306 0.8709489764975944 -0.2873478855663454 0.8775825618903728 0.479425538604203 0.0 1.0 2.0
s -0.8969628300582488 -0.3359893958958339 0.2873478855663454 -0.39859637855648306 0.8709489764975944 -0.2873478855663454 -0.1537435140353627 -0.3723343456140114 -0.9152759512672909 1.0 1.0 -0.8969628300582488 -0.3359893958958339 0.2873478855663454 -0.39859637855648306 0.8709489764975944 -0.2873478855663454 1.0 3.0
s 0.2805238471386536 -0.9483150748622418 -0.14834045293024462 -0.8969628300582488 -0.3359893958958339 0.2873478855663454 -0.3224329819611792 0.05246353097466939 -0.9451373180979005 1.0 1.0 0.2805238471386536 -0.9483150748622418 -0.14834045293024462 -0.8969628300582488 -0.3359893958958339 0.2873478855663454 1.0 4.0
s 0.9995500337489827 0.029995500202495515 9.99999999999995e-08 0.2805238471386536 -0.9483150748622418 -0.14834045293024462 -0.004597777283847267 0.15321655669711154 -0.988181940331804 1.0 1.0 0.0009995500337489826 2.9995500202495516e-05 9.999999999999951e-11 0.2805238471386536 -0.9483150748622418 -0.14834045293024462 0.001 5.0
p 0.9857627941763217 0.16814194484925604 1.9999999999999997e-08 1.9715255883526435 0.3362838896985121 3.9999999999999994e-08
p 0.6986814631714444 0.7154328850567391 1.9999999999999997e-08 0.6986814631714444 0.7154328850567391 1.9999999999999997e-08
p 0.667439282402965 0.7446642225227517 -2.9999999999999984e-08 0.667439282402965 0.7446642225227517 -2.9999999999999984e-08
p 0.44157111515738895 0.8972262536610596 1e-08 0.22078555757869447 0.4486131268305298 5e-09
p 0.9574285579795552 0.2886703247048256 -1e-08 1.9148571159591103 0.5773406494096512 -2e-08
p 0.9758660155844012 0.21837014362640195 -9.99999999999995e-08 1.9517320311688025 0.4367402872528039 -1.99999999999999e-07
p 0.9898955518406704 0.14179843597534753 9.999999999995e-07 0.4949477759203352 0.07089921798767376 4.9999999999975e-07
p 0.8496688593512265 0.5273166311124522 9.999999999995002e-07 0.8496688593512265 0.5273166311124522 9.999999999995002e-07
p 0.9264106894685369 0.37651458728504683 -2.9999999999999984e-08 0.46320534473426844 0.18825729364252342 -1.4999999999999992e-08
p 0.974858107240394 0.2228265485701278 -2.9999999999999984e-08 1.949716214480788 0.4456530971402556 -5.999999999999997e-08
p 0.1626070958186981 0.9866909001249614 -4.9999999999999945e-08 0.1626070958186981 0.9866909001249614 -4.9999999999999945e-08
p 0.9415547860294409 -0.3368598891305577 4.9999999999999945e-08 0.9415547860294409 -0.3368598891305577 4.9999999999999945e-08
p 0.9158636425709428 0.40148946214897685 9.99999999999995e-08 1.8317272851418855 0.8029789242979537 1.99999999999999e-07
p 0.38447650664286576 0.9231347766386491 -9.99999999999995e-08 0.7689530132857315 1.8462695532772981 -1.99999999999999e-07
p 0.24035325467211852 0.9706854861223174 -2e-08 0.12017662733605926 0.4853427430611587 -1e-08
p 0.7358993915203113 0.6770908990379613 -2.9999999999999984e-08 1.4717987830406225 1.3541817980759225 -5.999999999999997e-08
p 0.1722676996357296 0.9850501711396249 -9.99999999999995e-08 0.3445353992714592 1.9701003422792498 -1.99999999999999e-07
p 0.913429041726678 0.4069980168628364 2.9999999999999984e-08 0.456714520863339 0.2034990084314182 1.4999999999999992e-08
p 0.1851280146593571 0.9827144133410708 -1e-08 0.09256400732967855 0.4913572066705354 -5e-09
p 0.9748876649508804 0.22269719514762526 1.9999999999999997e-08 1.9497753299017608 0.4453943902952505 3.9999999999999994e-08
p 0.9637475837318388 0.2668156570575311 1.9999999999999997e-08 0.4818737918659194 0.13340782852876554 9.999999999999999e-09
p 0.029844217650268526 0.9995545621289721 4.9999999999999945e-08 0.029844217650268526 0.9995545621289721 4.9999999999999945e-08
p 0.9739198288829319 0.22689241262904952 9.99999999999995e-08 0.9739198288829319 0.22689241262904952 9.99999999999995e-08
p 0.9968581821527819 -0.07920709990298434 -9.99999999999995e-08 1.9937163643055638 -0.1584141998059687 -1.99999999999999e-07
p 0.9629933734678385 0.26952506869866916 -9.99999999999995e-08 1.925986746935677 0.5390501373973383 -1.99999999999999e-07
p 0.9035365076741547 -0.42851111922445184 9.999999999995002e-07 0.9035365076741547 -0.42851111922445184 9.999999999995002e-07
p 0.9881748239020997 -0.1533313973230998 9.999999999995e-07 0.4940874119510498 -0.0766656986615499 4.9999999999975e-07
p 0.6634087668027526 0.748257180472898 -1e-08 1.3268175336055053 1.496514360945796 -2e-08
p 0.999545047291541 -0.030161207435230257 9.999999999995e-07 0.4997725236457705 -0.015080603717615128 4.9999999999975e-07
p 0.4498772593998622 0.89309039378714 1.9999999999999997e-08 0.4498772593998622 0.89309039378714 1.9999999999999997e-08
p 0.9106677619464627 0.4131394768736339 -2.9999999999999984e-08 0.9106677619464627 0.4131394768736339 -2.9999999999999984e-08
p 0.023951352212575994 0.999713125215023 -2.9999999999999984e-08 0.04790270442515199 1.999426250430046 -5.999999999999997e-08
p 0.9992748881461682 0.03807489882406481 -1.9999999999999997e-08 1.9985497762923363 0.07614979764812962 -3.9999999999999994e-08
p 0.18622657860537353 0.9825068251268978 2e-08 0.37245315721074707 1.9650136502537956 4e-08
p 0.7077567737757067 0.7064561905557929 -1.9999999999999997e-08 1.4155135475514133 1.4129123811115858 -3.9999999999999994e-08
p 0.9961247189824943 0.08795194273605855 -9.999999999995002e-07 0.9961247189824943 0.08795194273605855 -9.999999999995002e-07
p 0.8248377838853838 0.5653694635148314 2.9999999999999984e-08 0.4124188919426919 0.2826847317574157 1.4999999999999992e-08
p 0.6477163108203184 0.7618816054330928 -9.99999999999995e-08 1.2954326216406369 1.5237632108661856 -1.99999999999999e-07
p 0.7783144734940295 0.6278746533741503 -4.9999999999999945e-08 0.7783144734940295 0.6278746533741503 -4.9999999999999945e-08
p 0.12359382686021986 0.9923328906984975 -9.99999999999995e-08 0.24718765372043972 1.984665781396995 -1.99999999999999e-07
case 82 6 40
s 0.9987502603949663 0.04997916927067833 0.0 0.9999999999999951 0.0 -9.99999999999995e-08 -9.999999999979983e-08 1.9983330554854013e-06 -0.9999999999979984 1.0 1.0 0.09987502603949663 0.004997916927067834 0.0 0.09999999999999952 0.0 -9.99999999999995e-09 0.1 0.0
s 0.8775825618903728 0.479425538604203 0.0 0.9987502603949663 0.04997916927067833 0.0 0.0 0.0 -1.0 1.0 1.0 0.4387912809451864 0.2397127693021015 0.0 0.09987502603949663 0.004997916927067834 0.0 0.1 1.0
s -0.3722130460563617 0.813300343259146 0.4472135954999579 0.8775825618903728 0.479425538604203 0.0 -0.21483604456352498 0.3932547417548017 -0.8939777301721019 1.0 1.0 -0.18610652302818084 0.406650171629573 0.22360679774997896 0.4387912809451864 0.2397127693021015 0.0 0.5 2.0
s -0.8375923243065936 -0.31375005699231057 -0.4472135954999579 -0.3722130460563617 0.813300343259146 0.4472135954999579 0.22573907030675272 0.5466923892662394 -0.8063307656634549 1.0 1.0 -0.4187961621532968 -0.15687502849615528 -0.22360679774997896 -0.18610652302818084 0.406650171629573 0.22360679774997896 0.5 3.0
s 0.2751927418019831 -0.9302931932717461 0.24253562503633297 -0.8375923243065936 -0.31375005699231057 -0.4472135954999579 0.4926817704433339 -0.08016495448787829 -0.8665092343101592 1.0 1.0 0.13759637090099155 -0.46514659663587304 0.12126781251816648 -0.4187961621532968 -0.15687502849615528 -0.22360679774997896 0.5 4.0
s 0.9999999999999951 0.0 -9.99999999999995e-08 0.2751927418019831 -0.9302931932717461 0.24253562503633297 -9.676552501747784e-08 -0.2522762708008378 -0.9676552501747784 1.0 1.0 0.09999999999999952 0.0 -9.99999999999995e-09 0.13759637090099155 -0.46514659663587304 0.12126781251816648 0.1 5.0
p 0.5996155719205463 0.8002881767903336 1e-08 0.5996155719205463 0.8002881767903336 1e-08
p 0.987378514263634 0.1583782484135332 1e-08 0.987378514263634 0.1583782484135332 1e-08
p 0.3081144982946475 0.9513492817785892 2e-08 0.616228996589295 1.9026985635571785 4e-08
p 0.7462302832952503 0.6656878880474548 9.99999999999995e-08 0.37311514164762516 0.3328439440237274 4.999999999999975e-08
p 0.0978561437754998 0.9952005702999667 9.99999999999995e-08 0.1957122875509996 1.9904011405999333 1.99999999999999e-07
p 0.9819724497046998 0.1890240937577823 -1e-08 1.9639448994093995 0.3780481875155646 -2e-08
p 0.8276139774384231 0.561297696724789 -1e-08 0.8276139774384231 0.561297696724789 -1e-08
p 0.9948147346222417 0.10170370582465989 -9.99999999999995e-08 0.9948147346222417 0.10170370582465989 -9.99999999999995e-08
p 0.9922219204108002 0.12448156753633378 2.9999999999999984e-08 0.4961109602054001 0.06224078376816689 1.4999999999999992e-08
p 0.9792175239398573 0.20281282210228752 -2.9999999999999984e-08 0.48960876196992864 0.10140641105114376 -1.4999999999999992e-08
p 0.19503962035908995 0.9807953642275129 -4.9999999999999945e-08 0.19503962035908995 0.9807953642275129 -4.9999999999999945e-08
p 0.9951349467231333 0.09852125562712932 -1.9999999999999997e-08 0.9951349467231333 0.09852125562712932 -1.9999999999999997e-08
p 0.4640035567633706 0.88583333608018 1.9999999999999997e-08 0.4640035567633706 0.88583333608018 1.9999999999999997e-08
p 0.9246312026833623 -0.3808636751179045 -4.9999999999999945e-08 0.46231560134168115 -0.19043183755895224 -2.4999999999999972e-08
p 0.6932454068993941 0.7207016066395948 1.9999999999999997e-08 0.34662270344969703 0.3603508033197974 9.999999999999999e-09
p 0.3879230868207312 0.9216917482062403 1e-08 0.7758461736414624 1.8433834964124807 2e-08
p 0.5961157972512052 0.8028984719549287 1.9999999999999997e-08 0.2980578986256026 0.40144923597746435 9.999999999999999e-09
p 0.521065777846074 0.8535165230724335 9.99999999999995e-08 0.260532888923037 0.42675826153621677 4.999999999999975e-08
p 0.9932189203892084 -0.11625909074517465 -1.9999999999999997e-08 1.986437840778417 -0.2325181814903493 -3.9999999999999994e-08
p 0.9491824858141766 -0.31472624393847476 -2e-08 1.8983649716283533 -0.6294524878769495 -4e-08
p 0.9847778533292304 -0.17381766191118866 -1.9999999999999997e-08 0.4923889266646152 -0.08690883095559433 -9.999999999999999e-09
p 0.9462310479202106 0.32349158250535537 2.9999999999999984e-08 0.4731155239601053 0.16174579125267768 1.4999999999999992e-08
p 0.7014291178283224 0.712739217850808 1e-08 0.3507145589141612 0.356369608925404 5e-09
p 0.8154425933876435 0.5788379539113121 9.999999999995e-07 0.8154425933876435 0.5788379539113121 9.999999999995e-07
p 0.9330916199833368 -0.35963874751875996 9.99999999999995e-08 0.9330916199833368 -0.35963874751875996 9.99999999999995e-08
p 0.6681210356385726 0.744052606834511 9.99999999999995e-08 1.3362420712771452 1.488105213669022 1.99999999999999e-07
p 0.8503458810017575 0.5262241752935193 -1.9999999999999997e-08 0.4251729405008787 0.26311208764675964 -9.999999999999999e-09
p 0.06774324341213805 0.9977027878942715 4.9999999999999945e-08 0.03387162170606903 0.49885139394713574 2.4999999999999972e-08
p 0.9998919988837447 0.014696617545192072 9.999999999995002e-07 0.9998919988837447 0.014696617545192072 9.999999999995002e-07
p 0.962055381020221 0.272854253860988 -2.9999999999999984e-08 0.962055381020221 0.272854253860988 -2.9999999999999984e-08
p 0.9178835525914367 -0.39684982535226226 4.9999999999999945e-08 1.8357671051828734 -0.7936996507045245 9.999999999999989e-08
p 0.8958328433393657 0.4443911754226311 -9.999999999995002e-07 1.7916656866787315 0.8887823508452622 -1.9999999999990004e-06
p 0.866447878792414 0.4992675368338359 1.9999999999999997e-08 1.732895757584828 0.9985350736676718 3.9999999999999994e-08
p 0.9199139565974951 -0.3921202780488911 -4.9999999999999945e-08 0.45995697829874754 -0.19606013902444555 -2.4999999999999972e-08
p 0.9150608262082749 0.4033158617498564 1e-08 0.45753041310413745 0.2016579308749282 5e-09
p 0.8725077569402166 0.48860026000724877 -2.9999999999999984e-08 0.4362538784701083 0.24430013000362438 -1.4999999999999992e-08
p 0.6106617534813787 0.7918915473946213 1e-08 1.2213235069627575 1.5837830947892426 2e-08
p 0.9827593784631649 -0.18488916691545665 4.9999999999999945e-08 0.49137968923158243 -0.09244458345772832 2.4999999999999972e-08
p 0.9978672580591375 0.06527584004468087 -1e-08 0.4989336290295687 0.032637920022340436 -5e-09
p 0.8985114274401328 -0.43895012787274024 -1e-08 1.7970228548802656 -0.8779002557454805 -2e-08
case 83 6 40
s 0.9992001066609779 0.03998933418663416 1e-09 0.9987502603949663 0.04997916927067833 0.0 -4.998000226655086e-09 9.987669064268379e-08 0.999999999999995 1.0 1.0 0.000999200106660978 3.998933418663416e-05 1.0000000000000002e-12 0.0009987502603949663 4.997916927067833e-05 0.0 0.001 0.0
s 0.9987502603949663 0.04997916927067833 0.0 0.8775825618903728 0.479425538604203 0.0 0.0 0.0 1.0 1.0 1.0 0.0009987502603949663 4.997916927067833e-05 0.0 0.8775825618903728 0.479425538604203 0.0 0.001 1.0
s 0.8775825618903728 0.479425538604203 0.0 -0.3722130460563617 0.813300343259146 0.4472135954999579 0.21483604456352498 -0.3932547417548017 0.8939777301721019 1.0 1.0 0.8775825618903728 0.479425538604203 0.0 -0.3722130460563617 0.813300343259146 0.4472135954999579 1.0 2.0
s -0.3722130460563617 0.813300343259146 0.4472135954999579 -0.8375923243065936 -0.31375005699231057 -0.4472135954999579 -0.22573907030675272 -0.5466923892662394 0.8063307656634549 1.0 1.0 -0.3722130460563617 0.813300343259146 0.4472135954999579 -0.8375923243065936 -0.31375005699231057 -0.4472135954999579 1.0 3.0
s -0.8375923243065936 -0.31375005699231057 -0.4472135954999579 0.2751927418019831 -0.9302931932717461 0.24253562503633297 -0.4926817704433339 0.08016495448787829 0.8665092343101592 1.0 1.0 -0.8375923243065936 -0.31375005699231057 -0.4472135954999579 0.2751927418019831 -0.9302931932717461 0.24253562503633297 1.0 4.0
s 0.2751927418019831 -0.9302931932717461 0.24253562503633297 0.9992001066609779 0.03998933418663416 1e-09 -0.009985201837628794 0.24949687149831806 0.9683241228312004 1.0 1.0 0.2751927418019831 -0.9302931932717461 0.24253562503633297 0.000999200106660978 3.998933418663416e-05 1.0000000000000002e-12 0.001 5.0
p 0.6691562553093227 0.7431217302564934 -9.999999999995e-07 1.3383125106186453 1.4862434605129868 -1.999999999999e-06
p 0.44926818887026965 0.8933969411573037 -2.9999999999999984e-08 0.22463409443513482 0.44669847057865186 -1.4999999999999992e-08
p 0.9801344452728225 -0.1983342360505015 2.999999999999999e-08 1.960268890545645 -0.396668472101003 5.999999999999998e-08
p 0.9500166099088706 -0.31219936082134564 -1e-08 0.9500166099088706 -0.31219936082134564 -1e-08
p 0.13681779893690274 0.990596229497196 1e-08 0.06840889946845137 0.495298114748598 5e-09
p 0.006201411509665648 0.9999807710627678 -2e-08 0.012402823019331296 1.9999615421255357 -4e-08
p 0.9563955888194682 0.2920744386054055 1e-08 0.4781977944097341 0.14603721930270275 5e-09
p 0.34969731952538674 0.9368627352588844 -2.9999999999999984e-08 0.6993946390507735 1.8737254705177688 -5.999999999999997e-08
p 0.946753285607968 -0.3219599605393757 2.9999999999999984e-08 0.473376642803984 -0.16097998026968785 1.4999999999999992e-08
p 0.9997671599892926 0.021578364324992834 4.9999999999999945e-08 0.9997671599892926 0.021578364324992834 4.9999999999999945e-08
p 0.8765901409981172 0.48123770083390294 9.999999999995e-07 1.7531802819962343 0.9624754016678059 1.999999999999e-06
p 0.00019619379647503794 0.999999980753497 -9.999999999995002e-07 0.0003923875929500759 1.999999961506994 -1.9999999999990004e-06
p 0.9736950685439683 0.22785502735984756 1e-08 1.9473901370879365 0.4557100547196951 2e-08
p 0.9823088828727449 0.18726787932878503 -9.999999999995002e-07 0.9823088828727449 0.18726787932878503 -9.999999999995002e-07
p 0.7935416471203658 0.6085159441506006 1e-08 0.3967708235601829 0.3042579720753003 5e-09
p 0.45690681725841625 0.8895145644354422 9.99999999999995e-08 0.45690681725841625 0.8895145644354422 9.99999999999995e-08
p 0.933867409073472 -0.3576194377692572 2.9999999999999984e-08 1.867734818146944 -0.7152388755385144 5.999999999999997e-08
p 0.5843408083915701 0.8115083607999892 -2.9999999999999984e-08 0.29217040419578505 0.4057541803999946 -1.4999999999999992e-08
p 0.9478685124963138 -0.31866170623095735 -1.9999999999999997e-08 0.4739342562481569 -0.15933085311547868 -9.999999999999999e-09
p 0.9776667705454622 -0.21016109480873382 -2.9999999999999984e-08 0.4888333852727311 -0.10508054740436691 -1.4999999999999992e-08
p 0.9946809145396993 0.10300426326355294 -1e-08 0.49734045726984966 0.05150213163177647 -5e-09
p 0.9236786788715469 -0.3831679764778286 -1e-08 0.46183933943577343 -0.1915839882389143 -5e-09
p 0.7558195880190236 0.6547799251395492 9.999999999995002e-07 0.3779097940095118 0.3273899625697746 4.999999999997501e-07
p 0.9097217097571864 0.4152185096975589 9.999999999995002e-07 0.4548608548785932 0.20760925484877946 4.999999999997501e-07
p 0.9498181317896901 0.31280267985351856 1e-08 0.9498181317896901 0.31280267985351856 1e-08
p 0.9903484978695872 -0.13859961315762168 9.99999999999995e-08 0.9903484978695872 -0.13859961315762168 9.99999999999995e-08
p 0.8429512668908555 0.5379899270870219 -4.999999999999993e-08 1.685902533781711 1.0759798541740437 -9.999999999999986e-08
p 0.7514175478273084 0.6598269991575023 -1e-08 1.5028350956546168 1.3196539983150046 -2e-08
p 0.5618479383589303 0.8272405298108993 -4.9999999999999945e-08 0.28092396917946516 0.4136202649054497 -2.4999999999999972e-08
p 0.959255039509904 -0.2825416237916995 -4.9999999999999945e-08 0.959255039509904 -0.2825416237916995 -4.9999999999999945e-08
p 0.46887352566265883 0.8832653151418693 4.9999999999999945e-08 0.46887352566265883 0.8832653151418693 4.9999999999999945e-08
p 0.7709212368871136 0.6369304879784298 -4.9999999999999945e-08 0.3854606184435568 0.3184652439892149 -2.4999999999999972e-08
p 0.11153271212751883 0.9937607630237169 -2e-08 0.22306542425503767 1.9875215260474337 -4e-08
p 0.19957111313177284 0.9798833455076911 -1e-08 0.09978555656588642 0.48994167275384554 -5e-09
p 0.8712283468166215 0.4908779560167441 2e-08 0.43561417340831077 0.24543897800837206 1e-08
p 0.22250835519986226 0.9749307831155205 9.99999999999995e-08 0.11125417759993113 0.48746539155776025 4.999999999999975e-08
p 0.9860044915331011 -0.16671875322395435 2.9999999999999984e-08 0.49300224576655055 -0.08335937661197718 1.4999999999999992e-08
p 0.7799183960457131 0.6258812151754296 9.99999999999995e-08 0.38995919802285656 0.3129406075877148 4.999999999999975e-08
p 0.5106828227573802 0.8597691867824436 9.99999999999995e-08 0.5106828227573802 0.8597691867824436 9.99999999999995e-08
p 0.029712235995978404 0.9995584940523076 -4.9999999999999945e-08 0.05942447199195681 1.9991169881046151 -9.999999999999989e-08
case 84 6 40
s 0.9950041652780258 -0.09983341664682815 -3e-09 0.9987502603949663 0.04997916927067833 0.0 1.0033416861558006e-09 -2.0050108573956092e-08 0.9999999999999998 1.0 1.0 0.9950041652780258 -0.09983341664682815 -3e-09 0.9987502603949663 0.04997916927067833 0.0 1.0 0.0
s 0.9987502603949663 0.04997916927067833 0.0 0.8775825618903728 0.479425538604203 0.0 0.0 0.0 1.0 1.0 1.0 0.9987502603949663 0.04997916927067833 0.0 1.7551651237807455 0.958851077208406 0.0 1.0 1.0
s 0.8775825618903728 0.479425538604203 0.0 -0.39859637855648306 0.8709489764975944 -0.2873478855663454 -0.13807921244038343 0.25275230299584717 0.9576274872945841 1.0 1.0 1.7551651237807455 0.958851077208406 0.0 -0.7971927571129661 1.7418979529951888 -0.5746957711326908 2.0 2.0
s -0.39859637855648306 0.8709489764975944 -0.2873478855663454 -0.8969628300582488 -0.3359893958958339 0.2873478855663454 0.1537435140353627 0.3723343456140114 0.9152759512672909 1.0 1.0 -0.7971927571129661 1.7418979529951888 -0.5746957711326908 -1.7939256601164977 -0.6719787917916678 0.5746957711326908 2.0 3.0
s -0.8969628300582488 -0.3359893958958339 0.2873478855663454 0.2805238471386536 -0.9483150748622418 -0.14834045293024462 0.3224329819611792 -0.05246353097466939 0.9451373180979005 1.0 1.0 -1.7939256601164977 -0.6719787917916678 0.5746957711326908 0.5610476942773072 -1.8966301497244835 -0.29668090586048923 2.0 4.0
s 0.2805238471386536 -0.9483150748622418 -0.14834045293024462 0.9950041652780258 -0.09983341664682815 -3e-09 -0.015966745250640544 -0.15913490217314333 0.9871277252495977 1.0 1.0 0.5610476942773072 -1.8966301497244835 -0.29668090586048923 0.9950041652780258 -0.09983341664682815 -3e-09 1.0 5.0
p 0.9630879606300783 -0.2691868869194543 9.99999999999995e-08 0.9630879606300783 -0.2691868869194543 9.99999999999995e-08
p 0.7598861081041148 0.6500562304219318 -9.99999999999995e-08 0.3799430540520574 0.3250281152109659 -4.999999999999975e-08
p 0.9243912256738388 0.3814457522338082 4.9999999999999945e-08 1.8487824513476776 0.7628915044676164 9.999999999999989e-08
p 0.9999915322089469 0.004115277682222762 2.9999999999999984e-08 0.49999576610447344 0.002057638841111381 1.4999999999999992e-08
p 0.99127164010781 0.1318352590089714 9.99999999999995e-08 1.98254328021562 0.2636705180179428 1.99999999999999e-07
p -0.0291585816718057 0.9995747981591414 1.9999999999999997e-08 -0.0583171633436114 1.9991495963182828 3.9999999999999994e-08
p 0.1378563431544697 0.9904522344121772 -4.999999999999993e-08 0.2757126863089394 1.9809044688243544 -9.999999999999986e-08
p 0.9440170320231801 0.3298967160341914 -4.9999999999999945e-08 1.8880340640463602 0.6597934320683828 -9.999999999999989e-08
p 0.8320637165754476 0.5546800623401323 9.999999999995e-07 0.8320637165754476 0.5546800623401323 9.999999999995e-07
p 0.999993680069362 -0.0035552526399359793 -2.9999999999999984e-08 1.999987360138724 -0.0071105052798719585 -5.999999999999997e-08
p 0.8970240472636574 0.44198174015532327 1e-08 1.7940480945273147 0.8839634803106465 2e-08
p 0.030736720606261436 0.9995275153823293 1e-08 0.015368360303130718 0.49976375769116466 5e-09
p 0.3549588280019034 0.9348819339486165 9.99999999999995e-08 0.7099176560038069 1.869763867897233 1.99999999999999e-07
p 0.9962271932911235 0.0867835200213169 1e-08 1.992454386582247 0.1735670400426338 2e-08
p 0.7819334460899545 0.6233619220692567 9.999999999999948e-08 1.563866892179909 1.2467238441385133 1.9999999999999896e-07
p 0.49288434199110165 0.8700948370264007 1e-08 0.24644217099555082 0.43504741851320033 5e-09
p 0.6195407694354308 0.7849644800927961 -2.9999999999999984e-08 0.3097703847177154 0.39248224004639803 -1.4999999999999992e-08
p 0.997772680103064 -0.06670591308076844 -9.99999999999995e-08 0.997772680103064 -0.06670591308076844 -9.99999999999995e-08
p 0.9504830133874483 -0.3107765133691979 -1.9999999999999997e-08 0.9504830133874483 -0.3107765133691979 -1.9999999999999997e-08
p 0.09070920554605161 0.9958774221907052 2e-08 0.045354602773025804 0.4979387110953526 1e-08
p 0.4240958246844511 0.9056173206632117 -2.9999999999999984e-08 0.8481916493689022 1.8112346413264233 -5.999999999999997e-08
p 0.7432126785172637 0.6690552402389465 -1e-08 1.4864253570345274 1.338110480477893 -2e-08
p 0.9093874995432634 0.4159499677538757 -2.9999999999999984e-08 0.9093874995432634 0.4159499677538757 -2.9999999999999984e-08
p 0.7518306173241517 0.6593562943158918 -1e-08 1.5036612346483034 1.3187125886317836 -2e-08
p 0.352157984719239 0.9359405717236988 -1e-08 0.1760789923596195 0.4679702858618494 -5e-09
p 0.8872058724282107 0.4613737529692136 1.9999999999999997e-08 1.7744117448564214 0.9227475059384272 3.9999999999999994e-08
p 0.2014758636291658 0.9794934794958469 -2.9999999999999984e-08 0.1007379318145829 0.48974673974792343 -1.4999999999999992e-08
p 0.30149081378523707 0.9534690814091008 -2.9999999999999984e-08 0.30149081378523707 0.9534690814091008 -2.9999999999999984e-08
p 0.3368314108775636 0.9415649742031773 -1e-08 0.6736628217551272 1.8831299484063546 -2e-08
p 0.7557465496746971 0.6548642245952895 2.9999999999999984e-08 1.5114930993493942 1.309728449190579 5.999999999999997e-08
p 0.19942635341023965 0.9799128173289159 2.9999999999999984e-08 0.09971317670511982 0.48995640866445794 1.4999999999999992e-08
p 0.9768442529199728 -0.21395164298555902 -9.999999999995e-07 0.4884221264599864 -0.10697582149277951 -4.9999999999975e-07
p 0.08246464297146268 0.9965939908807343 -2e-08 0.04123232148573134 0.49829699544036715 -1e-08
p 0.23551859597608044 0.9718698425969682 2e-08 0.47103719195216087 1.9437396851939364 4e-08
p 0.9999826183318106 -0.005896018507971512 9.999999999999948e-08 1.9999652366636211 -0.011792037015943025 1.9999999999999896e-07
p 0.0700756215111701 0.9975416819711457 -2.9999999999999984e-08 0.03503781075558505 0.49877084098557284 -1.4999999999999992e-08
p 0.9902000952287985 0.13965590359479277 -1.9999999999999997e-08 1.980400190457597 0.27931180718958554 -3.9999999999999994e-08
p 0.35926977316127473 0.9332337489035883 -1.9999999999999997e-08 0.17963488658063737 0.4666168744517942 -9.999999999999999e-09
p 0.18604390238095844 0.9825414324021429 -9.99999999999995e-08 0.3720878047619169 1.9650828648042857 -1.99999999999999e-07
p 0.9123641628999263 -0.40937957234810113 4.999999999999993e-08 0.9123641628999263 -0.40937957234810113 4.999999999999993e-08
case 85 6 40
s 0.9992001066609331 0.03998933418663237 -2.9999999999998654e-07 0.9987502603949663 0.04997916927067833 0.0 1.499400067321782e-06 -2.996300717932151e-05 0.999999999549985 1.0 1.0 0.9992001066609331 0.03998933418663237 -2.9999999999998654e-07 0.9987502603949663 0.04997916927067833 0.0 1.0 0.0
s 0.9987502603949663 0.04997916927067833 0.0 0.8775825618903728 0.479425538604203 0.0 0.0 0.0 1.0 1.0 1.0 0.9987502603949663 0.04997916927067833 0.0 1.7551651237807455 0.958851077208406 0.0 1.0 1.0
s 0.8775825618903728 0.479425538604203 0.0 -0.39859637855648306 0.8709489764975944 -0.2873478855663454 -0.13807921244038343 0.25275230299584717 0.9576274872945841 1.0 1.0 1.7551651237807455 0.958851077208406 0.0 -0.7971927571129661 1.7418979529951888 -0.5746957711326908 2.0 2.0
s -0.39859637855648306 0.8709489764975944 -0.2873478855663454 -0.8969628300582488 -0.3359893958958339 0.2873478855663454 0.1537435140353627 0.3723343456140114 0.9152759512672909 1.0 1.0 -0.7971927571129661 1.7418979529951888 -0.5746957711326908 -1.7939256601164977 -0.6719787917916678 0.5746957711326908 2.0 3.0
s -0.8969628300582488 -0.3359893958958339 0.2873478855663454 0.2805238471386536 -0.9483150748622418 -0.14834045293024462 0.3224329819611792 -0.05246353097466939 0.9451373180979005 1.0 1.0 -1.7939256601164977 -0.6719787917916678 0.5746957711326908 0.5610476942773072 -1.8966301497244835 -0.29668090586048923 2.0 4.0
s 0.2805238471386536 -0.9483150748622418 -0.14834045293024462 0.9992001066609331 0.03998933418663237 -2.9999999999998654e-07 0.006114646107107896 -0.15277720157531835 0.9882417405583511 1.0 1.0 0.5610476942773072 -1.8966301497244835 -0.29668090586048923 0.9992001066609331 0.03998933418663237 -2.9999999999998654e-07 1.0 5.0
p 0.5811170703386722 0.8138199742946831 1e-08 0.2905585351693361 0.40690998714734156 5e-09
p 0.9974557863280202 0.07128782729716827 -1e-08 1.9949115726560405 0.14257565459433655 -2e-08
p 0.9951024026354959 -0.0988494221988864 9.99999999999995e-08 0.9951024026354959 -0.0988494221988864 9.99999999999995e-08
p 0.904110713943214 0.4272982763048339 -9.99999999999995e-08 1.808221427886428 0.8545965526096678 -1.99999999999999e-07
p 0.6516849543409491 0.758489762808718 -9.99999999999995e-08 0.6516849543409491 0.758489762808718 -9.99999999999995e-08
p 0.987677959685828 0.1564999934531551 -4.9999999999999945e-08 0.493838979842914 0.07824999672657755 -2.4999999999999972e-08
p 0.9990616558263696 0.04331059750768571 -9.999999999995002e-07 0.4995308279131848 0.021655298753842856 -4.999999999997501e-07
p 0.9986476239576383 0.05198964477425954 9.99999999999995e-08 1.9972952479152766 0.10397928954851908 1.99999999999999e-07
p 0.9248005201924924 0.3804523595033878 -1.9999999999999997e-08 0.9248005201924924 0.3804523595033878 -1.9999999999999997e-08
p 0.28365952143226103 0.958925062713881 1e-08 0.14182976071613052 0.4794625313569405 5e-09
p 0.9279900051184734 0.37260508638532186 4.999999999999993e-08 0.4639950025592367 0.18630254319266093 2.4999999999999966e-08
p 0.8933392816287558 0.44938283000023327 2e-08 0.4466696408143779 0.22469141500011663 1e-08
p 0.9911040882635833 0.13308901617790034 -9.99999999999995e-08 0.49555204413179166 0.06654450808895017 -4.999999999999975e-08
p 0.6075772592103421 0.7942605832410723 1.9999999999999997e-08 0.30378862960517106 0.39713029162053615 9.999999999999999e-09
p 0.9266107646992202 0.3760219285394489 9.999999999995e-07 0.4633053823496101 0.18801096426972444 4.9999999999975e-07
p 0.6764277798714166 0.736508967099671 -4.9999999999999945e-08 1.3528555597428331 1.473017934199342 -9.999999999999989e-08
p 0.9994912574666138 0.031893984508165434 -1e-08 1.9989825149332276 0.06378796901633087 -2e-08
p 0.8564015067720124 0.5163104291011622 1.9999999999999997e-08 0.4282007533860062 0.2581552145505811 9.999999999999999e-09
p 0.6134620183035314 0.7897242253457583 -9.999999999995002e-07 0.3067310091517657 0.39486211267287913 -4.999999999997501e-07
p 0.8425432014754721 0.5386287716483887 9.99999999999995e-08 0.8425432014754721 0.5386287716483887 9.99999999999995e-08
p 0.8325421158910504 0.5539617543365715 -2.9999999999999984e-08 0.4162710579455252 0.27698087716828573 -1.4999999999999992e-08
p 0.3552515338269595 0.9347707460728488 -4.9999999999999945e-08 0.17762576691347975 0.4673853730364244 -2.4999999999999972e-08
p 0.11454504153546945 0.9934180557346617 4.9999999999999945e-08 0.2290900830709389 1.9868361114693234 9.999999999999989e-08
p 0.736659191870194 0.6762641754766785 -2.9999999999999984e-08 0.368329595935097 0.33813208773833925 -1.4999999999999992e-08
p 0.6968026006549523 0.7172629474045729 9.999999999995e-07 1.3936052013099045 1.4345258948091457 1.999999999999e-06
p 0.9744284729225495 0.22469791088887736 4.9999999999999945e-08 1.948856945845099 0.4493958217777547 9.999999999999989e-08
p 0.9670457056730279 0.25460283411493145 2e-08 1.9340914113460559 0.5092056682298629 4e-08
p 0.8844142670030312 0.4667026937157006 -1e-08 1.7688285340060623 0.9334053874314012 -2e-08
p 0.9716860823408459 -0.23627559625381594 4.999999999999993e-08 0.48584304117042293 -0.11813779812690797 2.4999999999999966e-08
p 0.1886096780461761 0.9820521316851346 2.9999999999999984e-08 0.3772193560923522 1.9641042633702692 5.999999999999997e-08
p 0.8222172957630164 0.569173715616017 9.99999999999995e-08 1.6444345915260328 1.138347431232034 1.99999999999999e-07
p 0.9751584908766185 0.2215082790128516 -2.999999999999999e-08 0.48757924543830927 0.1107541395064258 -1.4999999999999995e-08
p 0.80327084590896 0.5956139253843081 9.999999999995002e-07 0.80327084590896 0.5956139253843081 9.999999999995002e-07
p 0.5913247568563187 0.8064335260446549 -1.9999999999999997e-08 0.5913247568563187 0.8064335260446549 -1.9999999999999997e-08
p 0.992435034409035 -0.12277093498677825 -9.99999999999995e-08 1.98487006881807 -0.2455418699735565 -1.99999999999999e-07
p 0.6859149033251856 0.7276817610716934 -1.9999999999999997e-08 0.3429574516625928 0.3638408805358467 -9.999999999999999e-09
p 0.9804077342326052 0.1969788685541911 -1e-08 0.9804077342326052 0.1969788685541911 -1e-08
p 0.29754143960422696 0.9547089041787781 -2.9999999999999984e-08 0.14877071980211348 0.47735445208938904 -1.4999999999999992e-08
p 0.4306163876120978 0.902535055673687 -4.9999999999999945e-08 0.4306163876120978 0.902535055673687 -4.9999999999999945e-08
p 0.6911785805380777 0.7226840041161547 -9.99999999999995e-08 1.3823571610761554 1.4453680082323095 -1.99999999999999e-07
case 86 6 40
s 0.9989876708477974 0.04498481403765821 -2.999999999999865e-07 0.9987502603949663 0.04997916927067833 0.0 2.998762645671645e-06 -5.992526520412499e-05 0.9999999981999851 1.0 1.0 0.0009989876708477975 4.4984814037658206e-05 -2.999999999999865e-10 0.0009987502603949663 4.997916927067833e-05 0.0 0.001 0.0
s 0.9987502603949663 0.04997916927067833 0.0 0.8775825618903728 0.479425538604203 0.0 0.0 0.0 1.0 1.0 1.0 0.0009987502603949663 4.997916927067833e-05 0.0 0.4387912809451864 0.2397127693021015 0.0 0.001 1.0
s 0.8775825618903728 0.479425538604203 0.0 -0.3722130460563617 0.813300343259146 0.4472135954999579 0.21483604456352498 -0.3932547417548017 0.8939777301721019 1.0 1.0 0.4387912809451864 0.2397127693021015 0.0 -0.18610652302818084 0.406650171629573 0.22360679774997896 0.5 2.0
s -0.3722130460563617 0.813300343259146 0.4472135954999579 -0.8375923243065936 -0.31375005699231057 -0.4472135954999579 -0.22573907030675272 -0.5466923892662394 0.8063307656634549 1.0 1.0 -0.18610652302818084 0.406650171629573 0.22360679774997896 -0.4187961621532968 -0.15687502849615528 -0.22360679774997896 0.5 3.0
s -0.8375923243065936 -0.31375005699231057 -0.4472135954999579 0.2751927418019831 -0.9302931932717461 0.24253562503633297 -0.4926817704433339 0.08016495448787829 0.8665092343101592 1.0 1.0 -0.4187961621532968 -0.15687502849615528 -0.22360679774997896 0.13759637090099155 -0.46514659663587304 0.12126781251816648 0.5 4.0
s 0.2751927418019831 -0.9302931932717461 0.24253562503633297 0.9989876708477974 0.04498481403765821 -2.999999999999865e-07 -0.011219102014273216 0.24915152701795812 0.9683995292928498 1.0 1.0 0.13759637090099155 -0.46514659663587304 0.12126781251816648 0.0009989876708477975 4.4984814037658206e-05 -2.999999999999865e-10 0.001 5.0
p 0.16341319310263888 0.9865577166694302 -1e-08 0.32682638620527776 1.9731154333388603 -2e-08
p 0.4174675216783173 0.908691844545638 9.99999999999995e-08 0.20873376083915865 0.454345922272819 4.999999999999975e-08
p 0.8641103880463208 0.5033023318746267 1e-08 0.8641103880463208 0.5033023318746267 1e-08
p 0.9786848729265568 -0.20536776646963628 4.9999999999999945e-08 1.9573697458531136 -0.41073553293927256 9.999999999999989e-08
p 0.7435472442311885 0.6686834046065487 1e-08 0.7435472442311885 0.6686834046065487 1e-08
p 0.496145024097304 0.8682396645301835 -1e-08 0.992290048194608 1.736479329060367 -2e-08
p 0.8972463589846075 0.4415302608982366 1e-08 0.8972463589846075 0.4415302608982366 1e-08
p 0.5305448136104048 0.8476568885764454 1.9999999999999997e-08 1.0610896272208097 1.6953137771528908 3.9999999999999994e-08
p 0.8491800825839493 0.5281033869828113 1e-08 0.42459004129197464 0.26405169349140567 5e-09
p 0.9265801596931362 0.3760973380150971 9.999999999995e-07 0.9265801596931362 0.3760973380150971 9.999999999995e-07
p 0.99536287882566 0.09619116100709149 -4.9999999999999945e-08 1.99072575765132 0.19238232201418298 -9.999999999999989e-08
p 0.7774245574376686 0.6289761978746436 -4.9999999999999945e-08 1.5548491148753372 1.2579523957492873 -9.999999999999989e-08
p 0.5070287740526308 0.8619291283410059 -1e-08 0.5070287740526308 0.8619291283410059 -1e-08
p 0.9123584939228485 0.4093922062849046 -9.99999999999995e-08 0.45617924696142426 0.2046961031424523 -4.999999999999975e-08
p -0.011473128704570696 0.9999341814928251 4.9999999999999945e-08 -0.011473128704570696 0.9999341814928251 4.9999999999999945e-08
p 0.9989399416522186 -0.046032520807059864 -9.99999999999995e-08 0.9989399416522186 -0.046032520807059864 -9.99999999999995e-08
p 0.9678207617244731 -0.2516405634532286 4.9999999999999945e-08 1.9356415234489461 -0.5032811269064572 9.999999999999989e-08
p 0.12756841446051667 0.9918297735151077 -9.999999999995e-07 0.25513682892103334 1.9836595470302154 -1.999999999999e-06
p 0.8905400328228996 -0.45490488010108127 -9.99999999999995e-08 0.8905400328228996 -0.45490488010108127 -9.99999999999995e-08
p 0.9613011417648776 0.275499754703235 2e-08 0.4806505708824388 0.1377498773516175 1e-08
p 0.5399540294664408 0.8416945087512181 9.999999999995002e-07 0.2699770147332204 0.42084725437560905 4.999999999997501e-07
p 0.3961676583146808 0.918178188863394 -9.999999999995e-07 0.3961676583146808 0.918178188863394 -9.999999999995e-07
p 0.5153698916327719 0.8569678376686166 1.9999999999999997e-08 1.0307397832655438 1.7139356753372332 3.9999999999999994e-08
p 0.9432069415036495 -0.33220575777570277 4.9999999999999945e-08 1.886413883007299 -0.6644115155514055 9.999999999999989e-08
p 0.5367045574972013 0.8437702400308587 1.9999999999999997e-08 0.5367045574972013 0.8437702400308587 1.9999999999999997e-08
p 0.9952146934360021 -0.09771240437674358 -1e-08 0.9952146934360021 -0.09771240437674358 -1e-08
p 0.4551928720741976 0.8903928622876721 -9.99999999999995e-08 0.2275964360370988 0.44519643114383606 -4.999999999999975e-08
p 0.5229662048035543 0.8523534176815182 -4.9999999999999945e-08 0.5229662048035543 0.8523534176815182 -4.9999999999999945e-08
p 0.5813191723129212 0.8136756232685233 1.9999999999999997e-08 0.5813191723129212 0.8136756232685233 1.9999999999999997e-08
p 0.8848219362876096 0.46592933054728697 4.9999999999999945e-08 0.4424109681438048 0.23296466527364348 2.4999999999999972e-08
p 0.9877993755991671 0.15573180011125995 -4.9999999999999945e-08 1.9755987511983342 0.3114636002225199 -9.999999999999989e-08
p 0.9728314639376825 0.23151445478167373 -9.99999999999995e-08 0.9728314639376825 0.23151445478167373 -9.99999999999995e-08
p 0.02111145335537311 0.999777128432744 1.9999999999999997e-08 0.04222290671074622 1.999554256865488 3.9999999999999994e-08
p 0.9161175386396989 -0.4009097846108757 -2.9999999999999984e-08 1.8322350772793978 -0.8018195692217513 -5.999999999999997e-08
p 0.5541412671983493 0.8324226426442326 -9.999999999995002e-07 0.27707063359917466 0.4162113213221163 -4.999999999997501e-07
p 0.987567858077357 -0.1571932749595251 -1.9999999999999997e-08 0.4937839290386785 -0.07859663747976255 -9.999999999999999e-09
p 0.46048647478350996 0.8876667204201447 1.9999999999999997e-08 0.46048647478350996 0.8876667204201447 1.9999999999999997e-08
p 0.9720730136702841 0.23467862300169418 1.9999999999999997e-08 0.48603650683514205 0.11733931150084709 9.999999999999999e-09
p 0.5284782224240194 0.848946858421385 -9.99999999999995e-08 0.5284782224240194 0.848946858421385 -9.99999999999995e-08
p 0.9131700853398488 -0.4075786982171828 -1e-08 0.9131700853398488 -0.4075786982171828 -1e-08
case 87 6 40
s 0.9987502603949663 0.04997916927067833 0.0 0.9553364891256049 -0.2955202066613392 -4.9999999999999945e-08 -7.287764486095613e-09 1.4563380673186593e-07 -0.9999999999999893 1.0 1.0 0.009987502603949663 0.0004997916927067833 0.0 0.009553364891256048 -0.0029552020666133924 -4.999999999999994e-10 0.01 0.0
s 0.8775825618903728 0.479425538604203 0.0 0.9987502603949663 0.04997916927067833 0.0 0.0 0.0 -1.0 1.0 1.0 0.4387912809451864 0.2397127693021015 0.0 0.009987502603949663 0.0004997916927067833 0.0 0.01 1.0
s -0.39859637855648306 0.8709489764975944 0.2873478855663454 0.8775825618903728 0.479425538604203 0.0 -0.13807921244038343 0.25275230299584717 -0.9576274872945841 1.0 1.0 -0.19929818927824153 0.4354744882487972 0.1436739427831727 0.4387912809451864 0.2397127693021015 0.0 0.5 2.0
s -0.8969628300582488 -0.3359893958958339 -0.2873478855663454 -0.39859637855648306 0.8709489764975944 0.2873478855663454 0.1537435140353627 0.3723343456140114 -0.9152759512672909 1.0 1.0 -0.4484814150291244 -0.16799469794791694 -0.1436739427831727 -0.19929818927824153 0.4354744882487972 0.1436739427831727 0.5 3.0
s 0.2805238471386536 -0.9483150748622418 0.14834045293024462 -0.8969628300582488 -0.3359893958958339 -0.2873478855663454 0.3224329819611792 -0.05246353097466939 -0.9451373180979005 1.0 1.0 0.1402619235693268 -0.4741575374311209 0.07417022646512231 -0.4484814150291244 -0.16799469794791694 -0.1436739427831727 0.5 4.0
s 0.9553364891256049 -0.2955202066613392 -4.9999999999999945e-08 0.2805238471386536 -0.9483150748622418 0.14834045293024462 -0.052417286936573174 -0.169450672189312 -0.9841437383455728 1.0 1.0 0.009553364891256048 -0.0029552020666133924 -4.999999999999994e-10 0.1402619235693268 -0.4741575374311209 0.07417022646512231 0.01 5.0
p 0.9934161974089203 -0.11456115714149719 -4.9999999999999945e-08 0.9934161974089203 -0.11456115714149719 -4.9999999999999945e-08
p 0.720615139577566 0.6933352872972822 -1.9999999999999997e-08 0.360307569788783 0.3466676436486411 -9.999999999999999e-09
p 0.950229653144573 -0.3115503270496495 -2.9999999999999984e-08 0.4751148265722865 -0.15577516352482476 -1.4999999999999992e-08
p 0.9314264132673715 0.36392971391173823 -1e-08 0.46571320663368576 0.18196485695586911 -5e-09
p 0.8980925573775115 -0.43980650106850583 -9.999999999995002e-07 0.8980925573775115 -0.43980650106850583 -9.999999999995002e-07
p 0.9856585182586121 -0.16875214186560003 9.99999999999995e-08 0.49282925912930603 -0.08437607093280002 4.999999999999975e-08
p 0.9968485726574237 -0.07932794709846448 1.9999999999999997e-08 0.49842428632871183 -0.03966397354923224 9.999999999999999e-09
p 0.2993460632157872 0.954144608765993 -1e-08 0.1496730316078936 0.4770723043829965 -5e-09
p 0.9268469369528092 -0.3754394164991136 -1.9999999999999997e-08 0.4634234684764046 -0.1877197082495568 -9.999999999999999e-09
p 0.0711190365459937 0.9974678353915823 -2.9999999999999984e-08 0.1422380730919874 1.9949356707831647 -5.999999999999997e-08
p 0.9982476747754859 -0.059174148116687295 1e-08 0.9982476747754859 -0.059174148116687295 1e-08
p 0.18519001534022708 0.9827027313579036 4.9999999999999945e-08 0.09259500767011354 0.4913513656789518 2.4999999999999972e-08
p 0.2759733528482094 0.961165286783557 1.9999999999999997e-08 0.2759733528482094 0.961165286783557 1.9999999999999997e-08
p 0.29820029441841 0.9545033181758832 -4.9999999999999945e-08 0.149100147209205 0.4772516590879416 -2.4999999999999972e-08
p 0.999816460579529 0.019158422540049458 -2e-08 0.999816460579529 0.019158422540049458 -2e-08
p 0.9308692110196547 -0.3653525858340623 -9.99999999999995e-08 1.8617384220393094 -0.7307051716681247 -1.99999999999999e-07
p 0.6669898049819422 0.7450668426726221 2.9999999999999984e-08 1.3339796099638843 1.4901336853452443 5.999999999999997e-08
p 0.9811286817380473 0.19335591501157046 -9.999999999995002e-07 0.4905643408690237 0.09667795750578523 -4.999999999997501e-07
p 0.9958970729577418 0.09049320456919688 -9.999999999995002e-07 1.9917941459154835 0.18098640913839376 -1.9999999999990004e-06
p 0.9732110749496047 -0.22991346979988966 9.999999999999948e-08 1.9464221498992094 -0.4598269395997793 1.9999999999999896e-07
p 0.579123778542044 0.8152396268136045 -1.9999999999999997e-08 0.289561889271022 0.40761981340680226 -9.999999999999999e-09
p 0.5177991262074965 0.8555022296281587 4.9999999999999945e-08 0.25889956310374823 0.42775111481407935 2.4999999999999972e-08
p 0.6357493678577241 0.7718955507505557 -1.9999999999999997e-08 0.31787468392886203 0.38594777537527786 -9.999999999999999e-09
p 0.8746298246319341 0.4847913673574565 -1e-08 0.8746298246319341 0.4847913673574565 -1e-08
p 0.7849084271368267 0.6196117824965829 9.999999999995e-07 0.39245421356841337 0.30980589124829144 4.9999999999975e-07
p 0.7021724294361398 0.7120069377047876 -1e-08 0.7021724294361398 0.7120069377047876 -1e-08
p 0.2950547000995898 0.9554803629322484 -1e-08 0.5901094001991796 1.9109607258644967 -2e-08
p 0.9986358236744711 -0.05221581823557113 -1.9999999999999997e-08 0.49931791183723556 -0.026107909117785565 -9.999999999999999e-09
p 0.9963940194205327 0.08484667384756013 2.9999999999999984e-08 0.9963940194205327 0.08484667384756013 2.9999999999999984e-08
p 0.9921847220615514 0.12477771158196538 -9.99999999999995e-08 0.9921847220615514 0.12477771158196538 -9.99999999999995e-08
p 0.985229984586745 -0.17123632053741508 -9.99999999999995e-08 0.985229984586745 -0.17123632053741508 -9.99999999999995e-08
p 0.9403804839451226 0.340124308766864 -9.999999999995e-07 1.8807609678902453 0.680248617533728 -1.999999999999e-06
p 0.9866745139443637 0.1627064950536519 9.99999999999995e-08 1.9733490278887273 0.3254129901073038 1.99999999999999e-07
p 0.9046932079545655 -0.4260636096651234 -4.999999999999993e-08 0.45234660397728277 -0.2130318048325617 -2.4999999999999966e-08
p 0.8970899328941583 0.4418479968269007 9.99999999999995e-08 0.44854496644707914 0.22092399841345034 4.999999999999975e-08
p 0.11742419821331723 0.9930818484263807 4.999999999999993e-08 0.058712099106658616 0.49654092421319035 2.4999999999999966e-08
p 0.5792615588781597 0.8151417339371383 -1e-08 1.1585231177563193 1.6302834678742766 -2e-08
p 0.704878543433336 0.7093280193304778 -1e-08 0.704878543433336 0.7093280193304778 -1e-08
p 0.9227881959197375 0.3853075985108471 -9.999999999995e-07 0.46139409795986874 0.19265379925542356 -4.9999999999975e-07
p 0.9855845239934066 -0.16918376418761294 1.9999999999999997e-08 0.4927922619967033 -0.08459188209380647 9.999999999999999e-09
case 88 6 40
s 0.9992001066609617 0.039989334186633516 -1.7999999999999709e-07 0.9987502603949663 0.04997916927067833 0.0 8.996400406521739e-07 -1.797780431277068e-05 0.9999999998379946 1.0 1.0 0.009992001066609617 0.00039989334186633517 -1.7999999999999708e-09 0.009987502603949663 0.0004997916927067833 0.0 0.01 0.0
s 0.9987502603949663 0.04997916927067833 0.0 0.8775825618903728 0.479425538604203 0.0 0.0 0.0 1.0 1.0 1.0 0.009987502603949663 0.0004997916927067833 0.0 0.4387912809451864 0.2397127693021015 0.0 0.01 1.0
s 0.8775825618903728 0.479425538604203 0.0 -0.3722130460563617 0.813300343259146 0.4472135954999579 0.21483604456352498 -0.3932547417548017 0.8939777301721019 1.0 1.0 0.4387912809451864 0.2397127693021015 0.0 -0.18610652302818084 0.406650171629573 0.22360679774997896 0.5 2.0
s -0.3722130460563617 0.813300343259146 0.4472135954999579 -0.8375923243065936 -0.31375005699231057 -0.4472135954999579 -0.22573907030675272 -0.5466923892662394 0.8063307656634549 1.0 1.0 -0.18610652302818084 0.406650171629573 0.22360679774997896 -0.4187961621532968 -0.15687502849615528 -0.22360679774997896 0.5 3.0
s -0.8375923243065936 -0.31375005699231057 -0.4472135954999579 0.2751927418019831 -0.9302931932717461 0.24253562503633297 -0.4926817704433339 0.08016495448787829 0.8665092343101592 1.0 1.0 -0.4187961621532968 -0.15687502849615528 -0.22360679774997896 0.13759637090099155 -0.46514659663587304 0.12126781251816648 0.5 4.0
s 0.2751927418019831 -0.9302931932717461 0.24253562503633297 0.9992001066609617 0.039989334186633516 -1.7999999999999709e-07 -0.00998502837250416 0.24949692001858742 0.9683241121182715 1.0 1.0 0.13759637090099155 -0.46514659663587304 0.12126781251816648 0.009992001066609617 0.00039989334186633517 -1.7999999999999708e-09 0.01 5.0
p 0.9848798828102677 -0.1732386112725261 1e-08 0.49243994140513386 -0.08661930563626305 5e-09
p 0.949567911601946 -0.3135614473367367 9.99999999999995e-08 1.899135823203892 -0.6271228946734734 1.99999999999999e-07
p 0.9680107173934521 -0.2509088500061609 1e-08 1.9360214347869042 -0.5018177000123218 2e-08
p 0.9991934303378529 0.04015580617624905 -9.99999999999995e-08 0.49959671516892645 0.020077903088124526 -4.999999999999975e-08
p 0.7357628805815428 0.6772392365762266 2e-08 0.7357628805815428 0.6772392365762266 2e-08
p 0.9979638616867973 0.06378189998875194 -9.999999999995002e-07 1.9959277233735946 0.1275637999775039 -1.9999999999990004e-06
p 0.9813341913697236 -0.192310178744471 -1.9999999999999997e-08 1.962668382739447 -0.384620357488942 -3.9999999999999994e-08
p 0.16124091270041577 0.9869150764232639 -1e-08 0.16124091270041577 0.9869150764232639 -1e-08
p 0.9706218577146366 0.24061007735875764 1.9999999999999997e-08 0.9706218577146366 0.24061007735875764 1.9999999999999997e-08
p 0.011293762677934466 0.9999362234285606 -4.9999999999999945e-08 0.011293762677934466 0.9999362234285606 -4.9999999999999945e-08
p 0.9884545129177034 0.15151790617490002 -9.999999999995e-07 1.9769090258354067 0.30303581234980004 -1.999999999999e-06
p 0.18672550159688933 0.9824121268863633 -4.9999999999999945e-08 0.18672550159688933 0.9824121268863633 -4.9999999999999945e-08
p 0.3838291540301404 0.9234041263263322 -9.99999999999995e-08 0.3838291540301404 0.9234041263263322 -9.99999999999995e-08
p 0.9962460369257906 0.08656693311909867 9.99999999999995e-08 1.9924920738515812 0.17313386623819735 1.99999999999999e-07
p 0.34077706807986513 0.9401441324982516 2.9999999999999984e-08 0.17038853403993257 0.4700720662491258 1.4999999999999992e-08
p 0.9946175433207288 -0.10361439339506935 -9.99999999999995e-08 1.9892350866414577 -0.2072287867901387 -1.99999999999999e-07
p 0.886583218484981 0.46256912640146275 -9.999999999995e-07 1.773166436969962 0.9251382528029255 -1.999999999999e-06
p 0.16116003643819934 0.9869282864804494 4.9999999999999945e-08 0.08058001821909967 0.4934641432402247 2.4999999999999972e-08
p 0.24232195745097843 0.9701958920430019 -9.99999999999995e-08 0.48464391490195685 1.9403917840860039 -1.99999999999999e-07
p 0.9524579051771008 -0.30467021328913807 1e-08 1.9049158103542017 -0.6093404265782761 2e-08
p 0.12478734050955059 0.9921835110747168 -2.9999999999999984e-08 0.24957468101910119 1.9843670221494336 -5.999999999999997e-08
p 0.7644259295031945 0.6447115620982589 -1e-08 0.3822129647515973 0.32235578104912943 -5e-09
p 0.10198187783042358 0.9947862567376865 4.9999999999999945e-08 0.05099093891521179 0.49739312836884325 2.4999999999999972e-08
p 0.9382506482061133 0.34595624165609185 -2e-08 0.46912532410305663 0.17297812082804592 -1e-08
p 0.07542862608353817 0.9971512033624289 9.99999999999995e-08 0.03771431304176909 0.49857560168121445 4.999999999999975e-08
p 0.9407950428678348 -0.33897593913920604 -4.9999999999999945e-08 1.8815900857356695 -0.6779518782784121 -9.999999999999989e-08
p 0.986711108725831 0.16248442361358972 2.9999999999999984e-08 0.4933555543629155 0.08124221180679486 1.4999999999999992e-08
p 0.9999801569405425 -0.006299660718397612 2.9999999999999984e-08 0.9999801569405425 -0.006299660718397612 2.9999999999999984e-08
p 0.5347391359190469 0.8450171930301484 -1e-08 0.26736956795952344 0.4225085965150742 -5e-09
p 0.4589478577065272 0.8884632034623543 1.9999999999999997e-08 0.9178957154130544 1.7769264069247086 3.9999999999999994e-08
p 0.5193717731579661 0.854548396082252 2.9999999999999984e-08 0.25968588657898306 0.427274198041126 1.4999999999999992e-08
p 0.9477988541443876 0.3188688320964985 -2.9999999999999984e-08 0.4738994270721938 0.15943441604824926 -1.4999999999999992e-08
p 0.8551852608988214 0.5183224571069681 -9.99999999999995e-08 0.4275926304494107 0.25916122855348406 -4.999999999999975e-08
p 0.107613683936919 0.9941927856454825 1.9999999999999997e-08 0.0538068419684595 0.49709639282274126 9.999999999999999e-09
p -0.024961382027889185 0.9996884161608844 -9.999999999995e-07 -0.012480691013944592 0.4998442080804422 -4.9999999999975e-07
p 0.4738122991991499 0.8806258599017023 -4.999999999999993e-08 0.9476245983982998 1.7612517198034046 -9.999999999999986e-08
p 0.9153583382027005 0.40264017768075455 -2.9999999999999984e-08 0.45767916910135026 0.20132008884037728 -1.4999999999999992e-08
p 0.4826649754836486 0.8758050704588128 -4.999999999999993e-08 0.2413324877418243 0.4379025352294064 -2.4999999999999966e-08
p 0.5600893723228042 0.8284321909547259 -9.999999999995002e-07 0.5600893723228042 0.8284321909547259 -9.999999999995002e-07
p 0.39226577659950257 0.9198519231418658 9.999999999995e-07 0.19613288829975128 0.4599259615709329 4.9999999999975e-07
case 89 6 40
s 0.9987502603949663 0.04997916927067833 0.0 1.0 0.0 3e-09 2.9999999999999946e-09 -5.994999166468195e-08 -0.9999999999999982 1.0 1.0 0.009987502603949663 0.0004997916927067833 0.0 0.01 0.0 3e-11 0.01 0.0
s 0.8775825618903728 0.479425538604203 0.0 0.9987502603949663 0.04997916927067833 0.0 0.0 0.0 -1.0 1.0 1.0 1.7551651237807455 0.958851077208406 0.0 0.009987502603949663 0.0004997916927067833 0.0 0.01 1.0
s -0.39859637855648306 0.8709489764975944 0.2873478855663454 0.8775825618903728 0.479425538604203 0.0 -0.13807921244038343 0.25275230299584717 -0.9576274872945841 1.0 1.0 -0.7971927571129661 1.7418979529951888 0.5746957711326908 1.7551651237807455 0.958851077208406 0.0 2.0 2.0
s -0.8969628300582488 -0.3359893958958339 -0.2873478855663454 -0.39859637855648306 0.8709489764975944 0.2873478855663454 0.1537435140353627 0.3723343456140114 -0.9152759512672909 1.0 1.0 -1.7939256601164977 -0.6719787917916678 -0.5746957711326908 -0.7971927571129661 1.7418979529951888 0.5746957711326908 2.0 3.0
s 0.2805238471386536 -0.9483150748622418 0.14834045293024462 -0.8969628300582488 -0.3359893958958339 -0.2873478855663454 0.3224329819611792 -0.05246353097466939 -0.9451373180979005 1.0 1.0 0.5610476942773072 -1.8966301497244835 0.29668090586048923 -1.7939256601164977 -0.6719787917916678 -0.5746957711326908 2.0 4.0
s 1.0 0.0 3e-09 0.2805238471386536 -0.9483150748622418 0.14834045293024462 2.963956816624492e-09 -0.15454592599871633 -0.9879856055414974 1.0 1.0 0.01 0.0 3e-11 0.5610476942773072 -1.8966301497244835 0.29668090586048923 0.01 5.0
p 0.48205104507621394 0.8761431332498818 9.99999999999995e-08 0.48205104507621394 0.8761431332498818 9.99999999999995e-08
p 0.9808004421584533 0.19501408323959993 -2.9999999999999984e-08 1.9616008843169066 0.39002816647919986 -5.999999999999997e-08
p 0.7137563749258936 0.7003940585503615 -1e-08 0.3568781874629468 0.35019702927518076 -5e-09
p 0.8841189213200582 0.4672619532594707 2.9999999999999984e-08 0.8841189213200582 0.4672619532594707 2.9999999999999984e-08
p 0.8114054295462456 0.5844837285184867 -1.9999999999999997e-08 1.6228108590924912 1.1689674570369735 -3.9999999999999994e-08
p 0.7045571137360404 0.7096472880832689 4.9999999999999945e-08 0.3522785568680202 0.35482364404163447 2.4999999999999972e-08
p 0.7209333374830605 0.6930044176666739 -9.99999999999995e-08 0.7209333374830605 0.6930044176666739 -9.99999999999995e-08
p 0.5355725447290475 0.8444892239291467 -1e-08 0.5355725447290475 0.8444892239291467 -1e-08
p 0.926088429354925 0.3773065345510572 -1e-08 1.85217685870985 0.7546130691021145 -2e-08
p 0.1806791916810056 0.9835420833362944 1e-08 0.3613583833620112 1.967084166672589 2e-08
p 0.3192057798286352 0.9476854278314049 1e-08 0.3192057798286352 0.9476854278314049 1e-08
p 0.9348651763167595 0.35500296070629056 -4.9999999999999945e-08 0.46743258815837974 0.17750148035314528 -2.4999999999999972e-08
p 0.8849429835718253 -0.46569938353727053 -4.9999999999999945e-08 0.8849429835718253 -0.46569938353727053 -4.9999999999999945e-08
p 0.4267167029186907 0.904385346768291 9.999999999995e-07 0.4267167029186907 0.904385346768291 9.999999999995e-07
p 0.9958332537119701 -0.09119282209374377 -9.99999999999995e-08 1.9916665074239401 -0.18238564418748754 -1.99999999999999e-07
p 0.9981064341809424 0.061510536061746175 -2.9999999999999984e-08 0.4990532170904712 0.030755268030873088 -1.4999999999999992e-08
p 0.3620559872718543 0.9321563506625917 4.9999999999999945e-08 0.18102799363592714 0.46607817533129586 2.4999999999999972e-08
p 0.9465377136263766 -0.32259317519586383 4.9999999999999945e-08 1.8930754272527532 -0.6451863503917277 9.999999999999989e-08
p 0.8046762514999819 0.5937138454440222 9.99999999999995e-08 0.8046762514999819 0.5937138454440222 9.99999999999995e-08
p 0.9139259387068054 -0.4058809906350407 4.999999999999993e-08 0.4569629693534027 -0.20294049531752034 2.4999999999999966e-08
p 0.04434679458091791 0.9990161969709941 -9.99999999999995e-08 0.04434679458091791 0.9990161969709941 -9.99999999999995e-08
p 0.9023259245443388 -0.43105443495595996 4.9999999999999945e-08 1.8046518490886776 -0.8621088699119199 9.999999999999989e-08
p 0.7344699349670071 0.6786412267388119 2.9999999999999984e-08 0.7344699349670071 0.6786412267388119 2.9999999999999984e-08
p 0.05834955812607512 0.9982962130883255 -1.9999999999999997e-08 0.11669911625215024 1.996592426176651 -3.9999999999999994e-08
p 0.9858721397163506 0.16749962427153103 -1.9999999999999997e-08 0.9858721397163506 0.16749962427153103 -1.9999999999999997e-08
p 0.7558469072378246 0.6547483889396027 9.999999999999948e-08 1.511693814475649 1.3094967778792055 1.9999999999999896e-07
p 0.8535042271272542 0.5210859183233687 9.999999999995e-07 0.8535042271272542 0.5210859183233687 9.999999999995e-07
p 0.021049969588160806 0.9997784248418934 -9.999999999995e-07 0.021049969588160806 0.9997784248418934 -9.999999999995e-07
p 0.09628583760974103 0.9953537248012793 9.99999999999995e-08 0.04814291880487052 0.49767686240063963 4.999999999999975e-08
p 0.944569021342531 0.32831290550329023 -2.9999999999999984e-08 0.944569021342531 0.32831290550329023 -2.9999999999999984e-08
p 0.9904934442708458 -0.13755993913737052 -9.999999999995002e-07 0.9904934442708458 -0.13755993913737052 -9.999999999995002e-07
p 0.6390408518590951 0.7691727957066612 2.9999999999999984e-08 0.6390408518590951 0.7691727957066612 2.9999999999999984e-08
p 0.5511727395236367 0.8343911619893871 -9.99999999999995e-08 0.5511727395236367 0.8343911619893871 -9.99999999999995e-08
p 0.00455503917082266 0.9999896257552636 -1e-08 0.00911007834164532 1.9999792515105272 -2e-08
p 0.12906631395575408 0.9916359647576699 -9.999999999995e-07 0.06453315697787704 0.49581798237883495 -4.9999999999975e-07
p 0.6393831514938483 0.7688882790014375 -4.9999999999999945e-08 0.31969157574692414 0.38444413950071876 -2.4999999999999972e-08
p 0.9519297632474661 0.3063163819380427 -9.999999999999948e-08 1.9038595264949323 0.6126327638760855 -1.9999999999999896e-07
p 0.17058608598808814 0.9853427765337616 -4.9999999999999945e-08 0.17058608598808814 0.9853427765337616 -4.9999999999999945e-08
p 0.24247627004434014 0.9701573369641566 2e-08 0.24247627004434014 0.9701573369641566 2e-08
p 0.9992994366522804 -0.03742507056018954 -1e-08 1.9985988733045608 -0.07485014112037908 -2e-08
case 90 6 40
s 0.9987502603949663 0.04997916927067833 0.0 0.995004165277981 -0.09983341664682366 -2.999999999999865e-07 -1.0033416861537792e-07 2.0050108573915695e-06 -0.999999999997985 1.0 1.0 0.0009987502603949663 4.997916927067833e-05 0.0 0.000995004165277981 -9.983341664682365e-05 -2.999999999999865e-10 0.001 0.0
s 0.8775825618903728 0.479425538604203 0.0 0.9987502603949663 0.04997916927067833 0.0 0.0 0.0 -1.0 1.0 1.0 0.4387912809451864 0.2397127693021015 0.0 0.0009987502603949663 4.997916927067833e-05 0.0 0.001 1.0
s -0.3722130460563617 0.813300343259146 0.4472135954999579 0.8775825618903728 0.479425538604203 0.0 -0.21483604456352498 0.3932547417548017 -0.8939777301721019 1.0 1.0 -0.18610652302818084 0.406650171629573 0.22360679774997896 0.4387912809451864 0.2397127693021015 0.0 0.5 2.0
s -0.8375923243065936 -0.31375005699231057 -0.4472135954999579 -0.3722130460563617 0.813300343259146 0.4472135954999579 0.22573907030675272 0.5466923892662394 -0.8063307656634549 1.0 1.0 -0.4187961621532968 -0.15687502849615528 -0.22360679774997896 -0.18610652302818084 0.406650171629573 0.22360679774997896 0.5 3.0
s 0.2751927418019831 -0.9302931932717461 0.24253562503633297 -0.8375923243065936 -0.31375005699231057 -0.4472135954999579 0.4926817704433339 -0.08016495448787829 -0.8665092343101592 1.0 1.0 0.13759637090099155 -0.46514659663587304 0.12126781251816648 -0.4187961621532968 -0.15687502849615528 -0.22360679774997896 0.5 4.0
s 0.995004165277981 -0.09983341664682366 -2.999999999999865e-07 0.2751927418019831 -0.9302931932717461 0.24253562503633297 -0.026026376201228756 -0.2593927361273691 -0.9654211703635823 1.0 1.0 0.000995004165277981 -9.983341664682365e-05 -2.999999999999865e-10 0.13759637090099155 -0.46514659663587304 0.12126781251816648 0.001 5.0
p 0.8586899546812355 0.5124954260571772 9.999999999999948e-08 0.8586899546812355 0.5124954260571772 9.999999999999948e-08
p 0.42064913293512657 0.9072234052095031 -9.999999999995e-07 0.8412982658702531 1.8144468104190061 -1.999999999999e-06
p 0.9001932923888384 -0.43549056974651273 -2.9999999999999984e-08 1.8003865847776768 -0.8709811394930255 -5.999999999999997e-08
p 0.36079316575087395 0.9326458553746179 9.99999999999995e-08 0.7215863315017479 1.8652917107492357 1.99999999999999e-07
p 0.7791242739662013 0.6268694965586057 -9.999999999995e-07 0.7791242739662013 0.6268694965586057 -9.999999999995e-07
p 0.9928853080856743 0.11907461940991246 -1e-08 0.49644265404283716 0.05953730970495623 -5e-09
p 0.9924815892332616 -0.12239401550737439 -9.999999999995e-07 0.9924815892332616 -0.12239401550737439 -9.999999999995e-07
p 0.2050393950811751 0.9787537210477137 1e-08 0.10251969754058755 0.48937686052385687 5e-09
p 0.9927138998230106 0.12049528247271682 -9.99999999999995e-08 1.9854277996460212 0.24099056494543364 -1.99999999999999e-07
p 0.8853636233626969 0.464899187379451 -4.999999999999993e-08 0.8853636233626969 0.464899187379451 -4.999999999999993e-08
p 0.2454097464900937 0.9694194429284251 -9.99999999999995e-08 0.4908194929801874 1.9388388858568502 -1.99999999999999e-07
p 0.8232535419196535 0.5676738550582937 -2.9999999999999984e-08 1.646507083839307 1.1353477101165874 -5.999999999999997e-08
p 0.31507362815996603 0.9490672309368365 2.9999999999999984e-08 0.31507362815996603 0.9490672309368365 2.9999999999999984e-08
p 0.8405936345128104 0.541666264055224 9.999999999995e-07 0.4202968172564052 0.270833132027612 4.9999999999975e-07
p 0.482937859446196 0.8756546259305229 4.9999999999999945e-08 0.482937859446196 0.8756546259305229 4.9999999999999945e-08
p 0.730922387254441 0.6824605950604532 2.9999999999999984e-08 1.461844774508882 1.3649211901209064 5.999999999999997e-08
p 0.39455694621028303 0.9188714905780976 2.9999999999999984e-08 0.39455694621028303 0.9188714905780976 2.9999999999999984e-08
p 0.08970186941305305 0.9959686614667164 -2.9999999999999984e-08 0.08970186941305305 0.9959686614667164 -2.9999999999999984e-08
p 0.9990162843596418 0.044344825901724554 -2.9999999999999984e-08 0.4995081421798209 0.022172412950862277 -1.4999999999999992e-08
p 0.9999125286071914 0.013226304637745809 4.9999999999999945e-08 0.9999125286071914 0.013226304637745809 4.9999999999999945e-08
p 0.6910032670614062 0.7228516340926817 4.999999999999993e-08 0.3455016335307031 0.36142581704634086 2.4999999999999966e-08
p 0.9312557533575578 -0.36436619195315745 4.9999999999999945e-08 1.8625115067151157 -0.7287323839063149 9.999999999999989e-08
p 0.7624814376958242 0.6470100904694678 -1e-08 0.3812407188479121 0.3235050452347339 -5e-09
p 0.3438334681133251 0.9390306417818125 1.9999999999999997e-08 0.17191673405666255 0.46951532089090625 9.999999999999999e-09
p 0.9807176871378268 -0.19542982918181137 9.999999999995002e-07 0.9807176871378268 -0.19542982918181137 9.999999999995002e-07
p 0.47926795559465846 0.8776686315119812 4.999999999999993e-08 0.23963397779732923 0.4388343157559906 2.4999999999999966e-08
p 0.9685771909627588 -0.2487131382671429 1.9999999999999997e-08 0.4842885954813794 -0.12435656913357145 9.999999999999999e-09
p 0.9958178484670677 0.09136089247822621 4.9999999999999945e-08 0.49790892423353383 0.045680446239113104 2.4999999999999972e-08
p 0.04813552777017692 0.9988408136266187 -2.9999999999999984e-08 0.04813552777017692 0.9988408136266187 -2.9999999999999984e-08
p 0.9873831329642456 0.15834945133378553 1e-08 0.4936915664821228 0.07917472566689276 5e-09
p 0.6734337789408353 0.7392475535174031 1.9999999999999997e-08 1.3468675578816707 1.4784951070348062 3.9999999999999994e-08
p 0.6054527959942697 0.7958812171566301 4.9999999999999945e-08 0.30272639799713486 0.39794060857831504 2.4999999999999972e-08
p 0.9945687487108708 -0.10408171831634459 -9.99999999999995e-08 1.9891374974217415 -0.20816343663268919 -1.99999999999999e-07
p 0.8735809274541059 0.4866789117975238 -4.9999999999999945e-08 1.7471618549082117 0.9733578235950476 -9.999999999999989e-08
p 0.11739185466618167 0.9930856722650024 -4.9999999999999945e-08 0.23478370933236334 1.9861713445300049 -9.999999999999989e-08
p 0.8440939045898261 0.5361953750586641 1e-08 0.8440939045898261 0.5361953750586641 1e-08
p 0.8216503514435953 0.5699918420228629 -1e-08 0.8216503514435953 0.5699918420228629 -1e-08
p 0.8967040452291902 -0.4426306081481449 -9.99999999999995e-08 0.4483520226145951 -0.22131530407407246 -4.999999999999975e-08
p 0.9568594051072988 0.2905513360108613 -9.99999999999995e-08 0.9568594051072988 0.2905513360108613 -9.99999999999995e-08
p 0.20796619668382166 0.9781360135670581 9.99999999999995e-08 0.20796619668382166 0.9781360135670581 9.99999999999995e-08
case 91 6 40
s 0.9995500337489875 0.02999550020249566 -3e-09 0.9987502603949663 0.04997916927067833 0.0 7.497375205618966e-09 -1.498225270279503e-07 0.9999999999999887 1.0 1.0 0.009995500337489876 0.0002999550020249566 -3e-11 0.009987502603949663 0.0004997916927067833 0.0 0.01 0.0
s 0.9987502603949663 0.04997916927067833 0.0 0.8775825618903728 0.479425538604203 0.0 0.0 0.0 1.0 1.0 1.0 0.009987502603949663 0.0004997916927067833 0.0 0.8775825618903728 0.479425538604203 0.0 0.01 1.0
s 0.8775825618903728 0.479425538604203 0.0 -0.39859637855648306 0.8709489764975944 -0.2873478855663454 -0.13807921244038343 0.25275230299584717 0.9576274872945841 1.0 1.0 0.8775825618903728 0.479425538604203 0.0 -0.39859637855648306 0.8709489764975944 -0.2873478855663454 1.0 2.0
s -0.39859637855648306 0.8709489764975944 -0.2873478855663454 -0.8969628300582488 -0.3359893958958339 0.2873478855663454 0.1537435140353627 0.3723343456140114 0.9152759512672909 1.0 1.0 -0.39859637855648306 0.8709489764975944 -0.2873478855663454 -0.8969628300582488 -0.3359893958958339 0.2873478855663454 1.0 3.0
s -0.8969628300582488 -0.3359893958958339 0.2873478855663454 0.2805238471386536 -0.9483150748622418 -0.14834045293024462 0.3224329819611792 -0.05246353097466939 0.9451373180979005 1.0 1.0 -0.8969628300582488 -0.3359893958958339 0.2873478855663454 0.2805238471386536 -0.9483150748622418 -0.14834045293024462 1.0 4.0
s 0.2805238471386536 -0.9483150748622418 -0.14834045293024462 0.9995500337489875 0.02999550020249566 -3e-09 0.004597878235322703 -0.15321652746975473 0.9881819443937655 1.0 1.0 0.2805238471386536 -0.9483150748622418 -0.14834045293024462 0.009995500337489876 0.0002999550020249566 -3e-11 0.01 5.0
p 0.061148356829539854 0.9981286883248259 -9.99999999999995e-08 0.030574178414769927 0.49906434416241297 -4.999999999999975e-08
p 0.999271192883658 -0.03817175752923186 -2.9999999999999984e-08 0.499635596441829 -0.01908587876461593 -1.4999999999999992e-08
p 0.9872006113214455 0.15948339414046228 4.9999999999999945e-08 1.974401222642891 0.31896678828092456 9.999999999999989e-08
p 0.9895542919248633 0.14416068580609154 -9.999999999995002e-07 0.49477714596243166 0.07208034290304577 -4.999999999997501e-07
p 0.6861379673046833 0.7274714357436973 -2.9999999999999984e-08 1.3722759346093667 1.4549428714873947 -5.999999999999997e-08
p 0.5469574873558265 0.8371603830959753 2.9999999999999984e-08 0.5469574873558265 0.8371603830959753 2.9999999999999984e-08
p 0.5641384267388317 0.8256802259202022 -9.999999999995002e-07 0.28206921336941587 0.4128401129601011 -4.999999999997501e-07
p 0.41268928173161096 0.9108718662599296 1e-08 0.8253785634632219 1.821743732519859 2e-08
p 0.9287140919560565 0.3707966226952928 -4.9999999999999945e-08 1.857428183912113 0.7415932453905856 -9.999999999999989e-08
p 0.041376506826026366 0.9991436256529267 -1e-08 0.08275301365205273 1.9982872513058534 -2e-08
p 0.9852897988310974 0.17089181466171988 9.999999999995e-07 1.9705795976621947 0.34178362932343975 1.999999999999e-06
p 0.44819903212615414 0.8939337937460338 4.9999999999999945e-08 0.22409951606307707 0.4469668968730169 2.4999999999999972e-08
p 0.24055806520313994 0.9706347496688557 9.999999999995002e-07 0.24055806520313994 0.9706347496688557 9.999999999995002e-07
p 0.9999902958817761 0.004405467203127469 -9.999999999995e-07 0.9999902958817761 0.004405467203127469 -9.999999999995e-07
p 0.7642464868480682 0.6449242648097412 1.9999999999999997e-08 1.5284929736961363 1.2898485296194824 3.9999999999999994e-08
p 0.18419019156286923 0.9828906212453312 -1.9999999999999997e-08 0.18419019156286923 0.9828906212453312 -1.9999999999999997e-08
p 0.6576064790292628 0.7533616122014286 1e-08 0.3288032395146314 0.3766808061007143 5e-09
p 0.998426351715065 0.05607869648935537 -9.999999999995e-07 0.998426351715065 0.05607869648935537 -9.999999999995e-07
p 0.505141970282312 0.8630362621925536 9.99999999999995e-08 0.252570985141156 0.4315181310962768 4.999999999999975e-08
p 0.6524842115619093 0.7578023183274337 1.9999999999999997e-08 0.6524842115619093 0.7578023183274337 1.9999999999999997e-08
p 0.35379801248424797 0.9353218517506127 2.9999999999999984e-08 0.7075960249684959 1.8706437035012253 5.999999999999997e-08
p 0.9996928637372497 0.024782618764300168 1e-08 1.9993857274744995 0.049565237528600335 2e-08
p 0.7371235309153147 0.6757580189468254 -2.9999999999999984e-08 0.7371235309153147 0.6757580189468254 -2.9999999999999984e-08
p 0.8821522479146121 0.4709643420676302 2.9999999999999984e-08 0.8821522479146121 0.4709643420676302 2.9999999999999984e-08
p 0.9235278378263828 0.3835313973584503 2.9999999999999984e-08 1.8470556756527656 0.7670627947169006 5.999999999999997e-08
p 0.9838887599277694 0.17878173309037096 -9.999999999995002e-07 0.4919443799638847 0.08939086654518548 -4.999999999997501e-07
p 0.919218040982256 0.3937488960387622 9.999999999995002e-07 1.838436081964512 0.7874977920775244 1.9999999999990004e-06
p 0.9938770251095839 0.11049189544180892 9.999999999995e-07 0.9938770251095839 0.11049189544180892 9.999999999995e-07
p 0.6419978438914312 0.7667064421528966 -1.9999999999999997e-08 0.3209989219457156 0.3833532210764483 -9.999999999999999e-09
p 0.7261562784334812 0.687529678844213 -9.99999999999995e-08 0.7261562784334812 0.687529678844213 -9.99999999999995e-08
p 0.6783063254024799 0.7347792382198717 9.999999999999948e-08 0.6783063254024799 0.7347792382198717 9.999999999999948e-08
p 0.10227214624792703 0.9947564566776335 4.9999999999999945e-08 0.05113607312396352 0.49737822833881673 2.4999999999999972e-08
p 0.33903720012239225 0.9407729677946581 1e-08 0.6780744002447845 1.8815459355893163 2e-08
p 0.7835692935905637 0.6213044037683745 -9.99999999999995e-08 0.7835692935905637 0.6213044037683745 -9.99999999999995e-08
p 0.9980309149330698 -0.06272394149652795 9.999999999995002e-07 0.4990154574665349 -0.031361970748263975 4.999999999997501e-07
p 0.8949831625118587 -0.4460999202199793 1e-08 0.8949831625118587 -0.4460999202199793 1e-08
p 0.4878613286763766 0.8729211441946635 1e-08 0.4878613286763766 0.8729211441946635 1e-08
p 0.9887749020145388 -0.14941282791694419 2.9999999999999984e-08 1.9775498040290775 -0.29882565583388837 5.999999999999997e-08
p 0.16810508429390442 0.985769080785931 -9.999999999995e-07 0.33621016858780883 1.971538161571862 -1.999999999999e-06
p 0.9808083338887493 -0.1949743885087815 4.9999999999999945e-08 0.49040416694437466 -0.09748719425439074 2.4999999999999972e-08
case 92 6 40
s 0.9987502603949663 0.04997916927067833 0.0 0.9950041652780258 -0.09983341664682815 1e-09 3.344472287186003e-10 -6.683369524652032e-09 -1.0 1.0 1.0 0.009987502603949663 0.0004997916927067833 0.0 0.009950041652780258 -0.0009983341664682815 1.0000000000000001e-11 0.01 0.0
s 0.8775825618903728 0.479425538604203 0.0 0.9987502603949663 0.04997916927067833 0.0 0.0 0.0 -1.0 1.0 1.0 1.7551651237807455 0.958851077208406 0.0 0.009987502603949663 0.0004997916927067833 0.0 0.01 1.0
s -0.39859637855648306 0.8709489764975944 0.2873478855663454 0.8775825618903728 0.479425538604203 0.0 -0.13807921244038343 0.25275230299584717 -0.9576274872945841 1.0 1.0 -0.7971927571129661 1.7418979529951888 0.5746957711326908 1.7551651237807455 0.958851077208406 0.0 2.0 2.0
s -0.8969628300582488 -0.3359893958958339 -0.2873478855663454 -0.39859637855648306 0.8709489764975944 0.2873478855663454 0.1537435140353627 0.3723343456140114 -0.9152759512672909 1.0 1.0 -1.7939256601164977 -0.6719787917916678 -0.5746957711326908 -0.7971927571129661 1.7418979529951888 0.5746957711326908 2.0 3.0
s 0.2805238471386536 -0.9483150748622418 0.14834045293024462 -0.8969628300582488 -0.3359893958958339 -0.2873478855663454 0.3224329819611792 -0.05246353097466939 -0.9451373180979005 1.0 1.0 0.5610476942773072 -1.8966301497244835 0.29668090586048923 -1.7939256601164977 -0.6719787917916678 -0.5746957711326908 2.0 4.0
s 0.9950041652780258 -0.09983341664682815 1e-09 0.2805238471386536 -0.9483150748622418 0.14834045293024462 -0.015966747293442343 -0.15913490275752526 -0.9871277251223471 1.0 1.0 0.009950041652780258 -0.0009983341664682815 1.0000000000000001e-11 0.5610476942773072 -1.8966301497244835 0.29668090586048923 0.01 5.0
p 0.9746555733548629 -0.22371078053659746 9.99999999999995e-08 0.9746555733548629 -0.22371078053659746 9.99999999999995e-08
p 0.9301806597203574 -0.3671020842792791 -9.99999999999995e-08 0.9301806597203574 -0.3671020842792791 -9.99999999999995e-08
p 0.24526626074570848 0.9694557552254863 -2e-08 0.24526626074570848 0.9694557552254863 -2e-08
p 0.9978543092173279 -0.06547348758397233 2.9999999999999984e-08 1.9957086184346557 -0.13094697516794465 5.999999999999997e-08
p 0.8975542669421507 0.44090400076880254 4.9999999999999945e-08 1.7951085338843014 0.8818080015376051 9.999999999999989e-08
p 0.98611103784691 -0.16608738975759088 1e-08 0.493055518923455 -0.08304369487879544 5e-09
p 0.5996118847628424 0.800290939378392 -4.999999999999993e-08 1.1992237695256849 1.600581878756784 -9.999999999999986e-08
p 0.9993733096939643 -0.035397568720624155 -1.9999999999999997e-08 0.9993733096939643 -0.035397568720624155 -1.9999999999999997e-08
p 0.9993561193020181 0.03587961557221323 -2.9999999999999984e-08 0.9993561193020181 0.03587961557221323 -2.9999999999999984e-08
p 0.5961711736586877 0.8028573545147485 4.9999999999999945e-08 0.29808558682934383 0.40142867725737424 2.4999999999999972e-08
p 0.9941227579334045 0.10825868167901946 4.9999999999999945e-08 0.9941227579334045 0.10825868167901946 4.9999999999999945e-08
p 0.3752687317310592 0.9269160582193847 1.9999999999999997e-08 0.1876343658655296 0.46345802910969236 9.999999999999999e-09
p 0.910181165804696 0.4142103878639389 -9.99999999999995e-08 0.455090582902348 0.20710519393196944 -4.999999999999975e-08
p 0.8762061421324502 0.48193650669913835 1e-08 1.7524122842649004 0.9638730133982767 2e-08
p 0.6866078398775456 0.7270279734767368 9.999999999995e-07 0.6866078398775456 0.7270279734767368 9.999999999995e-07
p 0.905263350643726 -0.42485087499179514 -1.9999999999999997e-08 0.905263350643726 -0.42485087499179514 -1.9999999999999997e-08
p 0.991400382042715 0.1308636026004133 1e-08 1.98280076408543 0.2617272052008266 2e-08
p 0.8165519115102169 0.5772720119744316 -4.999999999999993e-08 0.8165519115102169 0.5772720119744316 -4.999999999999993e-08
p 0.9911475257854696 0.13276513898362716 1e-08 0.4955737628927348 0.06638256949181358 5e-09
p 0.5699043546555989 0.8217110359150446 -9.99999999999995e-08 1.1398087093111977 1.6434220718300891 -1.99999999999999e-07
p 0.1226013716935773 0.9924559958299679 -1e-08 0.2452027433871546 1.9849119916599358 -2e-08
p 0.995459658843352 -0.09518438745653861 -2.9999999999999984e-08 0.497729829421676 -0.047592193728269304 -1.4999999999999992e-08
p 0.9957929040423128 -0.09163237559933252 -9.999999999995e-07 1.9915858080846256 -0.18326475119866503 -1.999999999999e-06
p 0.37586852946350136 0.926672999799792 9.999999999995002e-07 0.37586852946350136 0.926672999799792 9.999999999995002e-07
p 0.04886960023419207 0.9988051672738485 -9.99999999999995e-08 0.024434800117096034 0.49940258363692425 -4.999999999999975e-08
p 0.9139020068694531 0.40593487388987115 -1.9999999999999997e-08 0.9139020068694531 0.40593487388987115 -1.9999999999999997e-08
p 0.999839819308396 0.017897925168691476 9.99999999999995e-08 0.999839819308396 0.017897925168691476 9.99999999999995e-08
p 0.35715692010054256 0.9340443963882521 1.9999999999999997e-08 0.17857846005027128 0.46702219819412605 9.999999999999999e-09
p 0.9979959300618668 -0.06327814456782951 4.9999999999999945e-08 0.9979959300618668 -0.06327814456782951 4.9999999999999945e-08
p 0.9676704793686697 0.2522178490083695 1.9999999999999997e-08 0.9676704793686697 0.2522178490083695 1.9999999999999997e-08
p 0.935985756454026 0.35203787255802815 4.9999999999999945e-08 0.467992878227013 0.17601893627901408 2.4999999999999972e-08
p 0.08153878983195176 0.9966701689890893 2.9999999999999984e-08 0.16307757966390352 1.9933403379781787 5.999999999999997e-08
p 0.7081701985299352 0.7060417621600455 9.99999999999995e-08 0.3540850992649676 0.3530208810800228 4.999999999999975e-08
p 0.9311872472732513 -0.3645412329417136 -9.999999999995e-07 0.9311872472732513 -0.3645412329417136 -9.999999999995e-07
p 0.26330636761799586 0.9647122663114671 9.99999999999995e-08 0.26330636761799586 0.9647122663114671 9.99999999999995e-08
p 0.9078942896063003 -0.4191991876187997 9.99999999999995e-08 0.9078942896063003 -0.4191991876187997 9.99999999999995e-08
p 0.9999128338930965 0.013203204757728487 4.9999999999999945e-08 0.9999128338930965 0.013203204757728487 4.9999999999999945e-08
p 0.4600693353431811 0.8878829915461176 -1.9999999999999997e-08 0.23003466767159056 0.4439414957730588 -9.999999999999999e-09
p 0.5520642869938663 0.8338015489467168 9.99999999999995e-08 0.5520642869938663 0.8338015489467168 9.99999999999995e-08
p 0.09849206169668229 0.9951378365747767 9.99999999999995e-08 0.049246030848341144 0.49756891828738836 4.999999999999975e-08
case 93 6 40
s 0.9987502603949663 0.04997916927067833 0.0 0.9950041652780207 -0.09983341664682764 9.999999999999948e-08 3.344472287185254e-08 -6.683369524650535e-07 -0.9999999999997762 1.0 1.0 0.09987502603949663 0.004997916927067834 0.0 0.09950041652780207 -0.009983341664682765 9.999999999999949e-09 0.1 0.0
s 0.8775825618903728 0.479425538604203 0.0 0.9987502603949663 0.04997916927067833 0.0 0.0 0.0 -1.0 1.0 1.0 0.4387912809451864 0.2397127693021015 0.0 0.09987502603949663 0.004997916927067834 0.0 0.1 1.0
s -0.39859637855648306 0.8709489764975944 -0.2873478855663454 0.8775825618903728 0.479425538604203 0.0 0.13807921244038343 -0.25275230299584717 -0.9576274872945841 1.0 1.0 -0.19929818927824153 0.4354744882487972 -0.1436739427831727 0.4387912809451864 0.2397127693021015 0.0 0.5 2.0
s -0.8969628300582488 -0.3359893958958339 0.2873478855663454 -0.39859637855648306 0.8709489764975944 -0.2873478855663454 -0.1537435140353627 -0.3723343456140114 -0.9152759512672909 1.0 1.0 -0.4484814150291244 -0.16799469794791694 0.1436739427831727 -0.19929818927824153 0.4354744882487972 -0.1436739427831727 0.5 3.0
s 0.2805238471386536 -0.9483150748622418 -0.14834045293024462 -0.8969628300582488 -0.3359893958958339 0.2873478855663454 -0.3224329819611792 0.05246353097466939 -0.9451373180979005 1.0 1.0 0.1402619235693268 -0.4741575374311209 -0.07417022646512231 -0.4484814150291244 -0.16799469794791694 0.1436739427831727 0.5 4.0
s 0.9950041652780207 -0.09983341664682764 9.999999999999948e-08 0.2805238471386536 -0.9483150748622418 -0.14834045293024462 0.015966850454932416 0.15913493226881337 -0.9871277186961928 1.0 1.0 0.09950041652780207 -0.009983341664682765 9.999999999999949e-09 0.1402619235693268 -0.4741575374311209 -0.07417022646512231 0.1 5.0
p 0.21824646865116493 0.9758936821812589 -1e-08 0.43649293730232985 1.9517873643625179 -2e-08
p 0.954353938203673 -0.298678021680771 -2.9999999999999984e-08 1.908707876407346 -0.597356043361542 -5.999999999999997e-08
p 0.9842806460499229 -0.1766114656854019 1.9999999999999997e-08 0.9842806460499229 -0.1766114656854019 1.9999999999999997e-08
p 0.9400089854452651 -0.34114968456993083 -2e-08 1.8800179708905302 -0.6822993691398617 -4e-08
p 0.18261145637174261 0.9831851585544765 1e-08 0.36522291274348523 1.966370317108953 2e-08
p 0.6978493729601933 0.71624454808331 2e-08 1.3956987459203867 1.43248909616662 4e-08
p 0.49023174647856327 0.8715921263667868 -2.9999999999999984e-08 0.24511587323928163 0.4357960631833934 -1.4999999999999992e-08
p 0.2434760937102094 0.9699068985173872 -2e-08 0.1217380468551047 0.4849534492586936 -1e-08
p 0.31281464550665683 0.9498141910692552 2.9999999999999984e-08 0.6256292910133137 1.8996283821385105 5.999999999999997e-08
p 0.9716329793903998 -0.23649387594805493 2.9999999999999984e-08 0.4858164896951999 -0.11824693797402747 1.4999999999999992e-08
p 0.0729808622908854 0.9973333413354216 -4.9999999999999945e-08 0.0729808622908854 0.9973333413354216 -4.9999999999999945e-08
p 0.257462804283831 0.9662882098061132 -4.999999999999993e-08 0.257462804283831 0.9662882098061132 -4.999999999999993e-08
p 0.9915121407381998 0.13001413295769948 9.99999999999995e-08 0.4957560703690999 0.06500706647884974 4.999999999999975e-08
p 0.9949680664524688 -0.10019254831990089 -9.999999999995e-07 0.4974840332262344 -0.050096274159950445 -4.9999999999975e-07
p 0.9586672783232245 -0.28452952302412926 4.999999999999993e-08 1.917334556646449 -0.5690590460482585 9.999999999999986e-08
p 0.933372187361178 0.3589099606595079 -1.9999999999999997e-08 0.933372187361178 0.3589099606595079 -1.9999999999999997e-08
p 0.9231619702445427 -0.38441120781555393 2.9999999999999984e-08 0.46158098512227136 -0.19220560390777697 1.4999999999999992e-08
p 0.9370046544546606 -0.3493168726676394 -4.9999999999999945e-08 0.9370046544546606 -0.3493168726676394 -4.9999999999999945e-08
p 0.8936076238424581 0.44884898864833805 1e-08 0.8936076238424581 0.44884898864833805 1e-08
p 0.9767502260364587 -0.2143804933703724 -4.999999999999993e-08 0.9767502260364587 -0.2143804933703724 -4.999999999999993e-08
p 0.36209718481026903 0.9321403482053965 1e-08 0.18104859240513452 0.46607017410269824 5e-09
p 0.7468202559412057 0.6650259433404924 1.9999999999999997e-08 0.37341012797060286 0.3325129716702462 9.999999999999999e-09
p 0.9719205079992457 -0.23530942635278834 9.99999999999995e-08 1.9438410159984914 -0.4706188527055767 1.99999999999999e-07
p 0.3734314671033582 0.9276577706115728 -9.999999999995e-07 0.7468629342067163 1.8553155412231457 -1.999999999999e-06
p 0.919165231353697 -0.3938721587907728 2.9999999999999984e-08 0.4595826156768485 -0.1969360793953864 1.4999999999999992e-08
p 0.9541257637955839 0.2994061236205644 -2.9999999999999984e-08 1.9082515275911678 0.5988122472411288 -5.999999999999997e-08
p 0.44157841275726045 0.897222662100538 -4.9999999999999945e-08 0.44157841275726045 0.897222662100538 -4.9999999999999945e-08
p 0.29975938198902374 0.9540148389352017 -9.999999999995002e-07 0.14987969099451187 0.47700741946760084 -4.999999999997501e-07
p 0.8899780393882193 0.45600338749476443 -2.9999999999999984e-08 1.7799560787764386 0.9120067749895289 -5.999999999999997e-08
p 0.9841680035799661 -0.17723809051505093 -4.9999999999999945e-08 1.9683360071599323 -0.35447618103010187 -9.999999999999989e-08
p 0.9597354283810037 0.2809055134922263 1e-08 0.47986771419050184 0.14045275674611316 5e-09
p 0.056355123249378185 0.9984107872431804 1e-08 0.028177561624689092 0.4992053936215902 5e-09
p 0.4385579004277741 0.8987029364436172 -4.9999999999999945e-08 0.21927895021388705 0.4493514682218086 -2.4999999999999972e-08
p 0.4113797169305222 0.9114640577105402 -1.9999999999999997e-08 0.2056898584652611 0.4557320288552701 -9.999999999999999e-09
p -0.00913220451541948 0.9999583005509223 -1e-08 -0.01826440903083896 1.9999166011018445 -2e-08
p 0.8831832246828957 0.469028135231482 -1.9999999999999997e-08 0.44159161234144784 0.234514067615741 -9.999999999999999e-09
p 0.26294020682584185 0.9648121307458688 -2e-08 0.5258804136516837 1.9296242614917376 -4e-08
p 0.9169672257757623 0.3989625381575344 -2e-08 1.8339344515515246 0.7979250763150688 -4e-08
p 0.08658546719736994 0.9962444262680775 -4.9999999999999945e-08 0.17317093439473988 1.992488852536155 -9.999999999999989e-08
p 0.9814037900491366 -0.19195468443668645 4.9999999999999945e-08 0.9814037900491366 -0.19195468443668645 4.9999999999999945e-08
case 94 6 40
s 0.9950041652780207 -0.09983341664682764 -9.999999999999948e-08 0.9987502603949663 0.04997916927067833 0.0 3.344472287185254e-08 -6.683369524650535e-07 0.9999999999997762 1.0 1.0 0.9950041652780207 -0.09983341664682764 -9.999999999999948e-08 0.9987502603949663 0.04997916927067833 0.0 1.0 0.0
s 0.9987502603949663 0.04997916927067833 0.0 0.8775825618903728 0.479425538604203 0.0 0.0 0.0 1.0 1.0 1.0 0.9987502603949663 0.04997916927067833 0.0 0.8775825618903728 0.479425538604203 0.0 1.0 1.0
s 0.8775825618903728 0.479425538604203 0.0 -0.3722130460563617 0.813300343259146 0.4472135954999579 0.21483604456352498 -0.3932547417548017 0.8939777301721019 1.0 1.0 0.8775825618903728 0.479425538604203 0.0 -0.3722130460563617 0.813300343259146 0.4472135954999579 1.0 2.0
s -0.3722130460563617 0.813300343259146 0.4472135954999579 -0.8375923243065936 -0.31375005699231057 -0.4472135954999579 -0.22573907030675272 -0.5466923892662394 0.8063307656634549 1.0 1.0 -0.3722130460563617 0.813300343259146 0.4472135954999579 -0.8375923243065936 -0.31375005699231057 -0.4472135954999579 1.0 3.0
s -0.8375923243065936 -0.31375005699231057 -0.4472135954999579 0.2751927418019831 -0.9302931932717461 0.24253562503633297 -0.4926817704433339 0.08016495448787829 0.8665092343101592 1.0 1.0 -0.8375923243065936 -0.31375005699231057 -0.4472135954999579 0.2751927418019831 -0.9302931932717461 0.24253562503633297 1.0 4.0
s 0.2751927418019831 -0.9302931932717461 0.24253562503633297 0.9950041652780207 -0.09983341664682764 -9.999999999999948e-08 0.026026176746640855 0.2593926822985626 0.9654211902034829 1.0 1.0 0.2751927418019831 -0.9302931932717461 0.24253562503633297 0.9950041652780207 -0.09983341664682764 -9.999999999999948e-08 1.0 5.0
p 0.8829612237294662 0.4694459259479877 -9.999999999995e-07 0.8829612237294662 0.4694459259479877 -9.999999999995e-07
p 0.9998667639744184 -0.016323427928111135 -1.9999999999999997e-08 1.9997335279488369 -0.03264685585622227 -3.9999999999999994e-08
p 0.6992610546568004 0.7148664053095929 -1e-08 0.3496305273284002 0.35743320265479644 -5e-09
p 0.9288586054020931 0.3704344627197614 1.9999999999999997e-08 0.9288586054020931 0.3704344627197614 1.9999999999999997e-08
p 0.9883140672714802 0.15243131054118841 1e-08 1.9766281345429604 0.30486262108237683 2e-08
p 0.9845744352305851 -0.17496622956837865 9.999999999995002e-07 0.9845744352305851 -0.17496622956837865 9.999999999995002e-07
p 0.12979469682516812 0.991540890067606 -4.9999999999999945e-08 0.06489734841258406 0.495770445033803 -2.4999999999999972e-08
p 0.5863473919182014 0.810059711373626 2.9999999999999984e-08 0.5863473919182014 0.810059711373626 2.9999999999999984e-08
p 0.2764172024702745 0.9610377360845443 2.9999999999999984e-08 0.13820860123513726 0.4805188680422722 1.4999999999999992e-08
p 0.32320972258947467 0.9463273615528746 9.99999999999995e-08 0.6464194451789493 1.8926547231057491 1.99999999999999e-07
p 0.9235479697213597 0.38348291699051557 -1e-08 0.9235479697213597 0.38348291699051557 -1e-08
p 0.5131840303402676 0.8582785975449402 -9.99999999999995e-08 1.0263680606805352 1.7165571950898804 -1.99999999999999e-07
p 0.8512545927649623 0.5247529116608668 -2.9999999999999984e-08 0.8512545927649623 0.5247529116608668 -2.9999999999999984e-08
p 0.8941851241849476 0.4476974019193656 9.999999999995e-07 0.4470925620924738 0.2238487009596828 4.9999999999975e-07
p 0.10526578769160594 0.9944441230866945 -2.9999999999999984e-08 0.05263289384580297 0.49722206154334725 -1.4999999999999992e-08
p 0.9993289581625229 0.03662831388156853 -1e-08 0.49966447908126144 0.018314156940784265 -5e-09
p 0.9115329619214719 -0.4112270167810816 1.9999999999999997e-08 0.45576648096073596 -0.2056135083905408 9.999999999999999e-09
p 0.878166975844292 0.4783542228688806 1e-08 0.878166975844292 0.4783542228688806 1e-08
p 0.9998047373549663 -0.019760748001193578 9.999999999995e-07 0.9998047373549663 -0.019760748001193578 9.999999999995e-07
p 0.07280090175911223 0.9973464938039635 2.9999999999999984e-08 0.07280090175911223 0.9973464938039635 2.9999999999999984e-08
p 0.07900472501880007 0.996874241529343 -2.9999999999999984e-08 0.15800945003760014 1.993748483058686 -5.999999999999997e-08
p 0.9719895656331544 -0.2350240079231731 -2e-08 0.9719895656331544 -0.2350240079231731 -2e-08
p 0.2232142181649462 0.9747694151998263 1.9999999999999997e-08 0.4464284363298924 1.9495388303996526 3.9999999999999994e-08
p 0.9999977448046444 0.0021237668481407512 1e-08 0.9999977448046444 0.0021237668481407512 1e-08
p 0.9976259325438458 -0.06886580222448546 -1e-08 1.9952518650876916 -0.13773160444897092 -2e-08
p 0.6571130331446203 0.7537920546619449 -2.999999999999999e-08 0.6571130331446203 0.7537920546619449 -2.999999999999999e-08
p 0.42853934875999256 0.9035231189982684 -4.9999999999999945e-08 0.8570786975199851 1.8070462379965369 -9.999999999999989e-08
p 0.16367016264712084 0.9865151179069965 9.99999999999995e-08 0.08183508132356042 0.49325755895349827 4.999999999999975e-08
p 0.4109197715738684 0.9116715095524649 -9.99999999999995e-08 0.4109197715738684 0.9116715095524649 -9.99999999999995e-08
p 0.8988968863548966 -0.43816023062513315 -4.9999999999999945e-08 1.7977937727097932 -0.8763204612502663 -9.999999999999989e-08
p 0.48940926665396683 0.8720542240670739 -1e-08 0.24470463332698342 0.43602711203353695 -5e-09
p 0.893478856660603 -0.4491052579300995 1.9999999999999997e-08 0.4467394283303015 -0.22455262896504974 9.999999999999999e-09
p 0.9868497012756744 0.1616405490343057 -1.9999999999999997e-08 0.4934248506378372 0.08082027451715285 -9.999999999999999e-09
p 0.508138639131577 0.8612752889880834 -4.999999999999993e-08 0.2540693195657885 0.4306376444940417 -2.4999999999999966e-08
p 0.5968379631854014 0.8023617922737216 -4.999999999999993e-08 0.5968379631854014 0.8023617922737216 -4.999999999999993e-08
p 0.6169231515565986 0.7870233955051615 -9.999999999995e-07 0.6169231515565986 0.7870233955051615 -9.999999999995e-07
p 0.9999771946541376 -0.006753530235457654 9.999999999995002e-07 1.9999543893082752 -0.013507060470915308 1.9999999999990004e-06
p 0.9216160979721755 0.3881027801479158 1e-08 0.46080804898608774 0.1940513900739579 5e-09
p 0.40954544426031286 0.9122897177353382 -1e-08 0.8190908885206257 1.8245794354706764 -2e-08
p 0.9713800557617518 -0.2375306028037126 2.9999999999999984e-08 0.9713800557617518 -0.2375306028037126 2.9999999999999984e-08
case 95 6 40
s 0.9992001066609779 0.03998933418663416 1e-09 0.9987502603949663 0.04997916927067833 0.0 -4.998000226655086e-09 9.987669064268379e-08 0.999999999999995 1.0 1.0 0.9992001066609779 0.03998933418663416 1e-09 0.9987502603949663 0.04997916927067833 0.0 1.0 0.0
s 0.9987502603949663 0.04997916927067833 0.0 0.8775825618903728 0.479425538604203 0.0 0.0 0.0 1.0 1.0 1.0 0.9987502603949663 0.04997916927067833 0.0 0.8775825618903728 0.479425538604203 0.0 1.0 1.0
s 0.8775825618903728 0.479425538604203 0.0 -0.39859637855648306 0.8709489764975944 0.2873478855663454 0.13807921244038343 -0.25275230299584717 0.9576274872945841 1.0 1.0 0.8775825618903728 0.479425538604203 0.0 -0.39859637855648306 0.8709489764975944 0.2873478855663454 1.0 2.0
s -0.39859637855648306 0.8709489764975944 0.2873478855663454 -0.8969628300582488 -0.3359893958958339 -0.2873478855663454 -0.1537435140353627 -0.3723343456140114 0.9152759512672909 1.0 1.0 -0.39859637855648306 0.8709489764975944 0.2873478855663454 -0.8969628300582488 -0.3359893958958339 -0.2873478855663454 1.0 3.0
s -0.8969628300582488 -0.3359893958958339 -0.2873478855663454 0.2805238471386536 -0.9483150748622418 0.14834045293024462 -0.3224329819611792 0.05246353097466939 0.9451373180979005 1.0 1.0 -0.8969628300582488 -0.3359893958958339 -0.2873478855663454 0.2805238471386536 -0.9483150748622418 0.14834045293024462 1.0 4.0
s 0.2805238471386536 -0.9483150748622418 0.14834045293024462 0.9992001066609779 0.03998933418663416 1e-09 -0.0061143537764750695 0.15277728628492915 0.9882417292713909 1.0 1.0 0.2805238471386536 -0.9483150748622418 0.14834045293024462 0.9992001066609779 0.03998933418663416 1e-09 1.0 5.0
p 0.9972532469724438 0.07406727619480631 -1.9999999999999997e-08 0.4986266234862219 0.037033638097403156 -9.999999999999999e-09
p 0.8898943949259726 0.4561665988203515 9.99999999999995e-08 0.8898943949259726 0.4561665988203515 9.99999999999995e-08
p 0.9829562545618087 -0.18383960840314273 -1e-08 1.9659125091236174 -0.36767921680628546 -2e-08
p 0.10101820021192007 0.99488457784104 -1e-08 0.050509100105960034 0.49744228892052 -5e-09
p 0.9932731111403528 -0.11579519284307298 1e-08 0.9932731111403528 -0.11579519284307298 1e-08
p 0.9723442484448128 0.23355226934305842 -9.999999999995002e-07 0.4861721242224064 0.11677613467152921 -4.999999999997501e-07
p 0.9668891875259705 -0.25519658901591663 9.99999999999995e-08 0.9668891875259705 -0.25519658901591663 9.99999999999995e-08
p 0.9801507122669604 -0.1982538303351731 4.999999999999993e-08 1.9603014245339208 -0.3965076606703462 9.999999999999986e-08
p 0.7213289169755638 0.6925926606128963 -9.99999999999995e-08 0.7213289169755638 0.6925926606128963 -9.99999999999995e-08
p 0.8969594559237067 0.4421128073558239 -9.999999999995e-07 1.7939189118474135 0.8842256147116478 -1.999999999999e-06
p 0.9684720993931846 0.24912204377964503 -9.999999999999948e-08 0.4842360496965923 0.12456102188982252 -4.999999999999974e-08
p 0.6353565691239458 0.7722189003586022 -1e-08 1.2707131382478916 1.5444378007172044 -2e-08
p 0.9948205226729052 -0.10164707407893096 1e-08 1.9896410453458104 -0.20329414815786193 2e-08
p 0.9883948404566254 -0.15190667976992336 1e-08 0.9883948404566254 -0.15190667976992336 1e-08
p 0.0664858207249107 0.9977873699554093 -4.9999999999999945e-08 0.0664858207249107 0.9977873699554093 -4.9999999999999945e-08
p 0.6320361640489357 0.774938892645289 -1e-08 0.31601808202446785 0.3874694463226445 -5e-09
p 0.892288754062221 0.45146514746332256 9.99999999999995e-08 0.4461443770311105 0.22573257373166128 4.999999999999975e-08
p 0.9995524322510851 0.02991546725255946 -2.9999999999999984e-08 0.49977621612554257 0.01495773362627973 -1.4999999999999992e-08
p 0.9992137777081577 0.03964626638401811 -1e-08 0.49960688885407883 0.019823133192009054 -5e-09
p 0.60114386165975 0.7991408246290533 1e-08 0.300571930829875 0.39957041231452667 5e-09
p 0.8780758421730124 0.4785214889554546 -9.99999999999995e-08 0.4390379210865062 0.2392607444777273 -4.999999999999975e-08
p 0.4501519973639976 0.8929519467856059 -9.999999999995e-07 0.9003039947279952 1.7859038935712117 -1.999999999999e-06
p 0.9393653772417778 -0.34291790276887363 -9.99999999999995e-08 1.8787307544835556 -0.6858358055377473 -1.99999999999999e-07
p 0.7138422621285917 0.7003065220309854 1e-08 1.4276845242571834 1.4006130440619708 2e-08
p 0.9287904475155281 0.37060532187612394 9.999999999995002e-07 0.9287904475155281 0.37060532187612394 9.999999999995002e-07
p 0.5134317759990692 0.8581304163082917 -9.999999999995002e-07 1.0268635519981384 1.7162608326165834 -1.9999999999990004e-06
p 0.9681351945719724 -0.25042812348274 4.999999999999993e-08 1.9362703891439448 -0.50085624696548 9.999999999999986e-08
p 0.5408860694226392 0.8410958684380324 -9.999999999995e-07 0.5408860694226392 0.8410958684380324 -9.999999999995e-07
p 0.9008787895924973 -0.43407073900731236 4.999999999999993e-08 1.8017575791849947 -0.8681414780146247 9.999999999999986e-08
p 0.15840491685503041 0.9873742362023371 4.9999999999999945e-08 0.31680983371006083 1.9747484724046742 9.999999999999989e-08
p 0.8916462897856979 -0.45273269587185627 -1.9999999999999997e-08 0.44582314489284897 -0.22636634793592814 -9.999999999999999e-09
p 0.5643427341208958 0.8255405976964134 -1.9999999999999997e-08 0.2821713670604479 0.4127702988482067 -9.999999999999999e-09
p 0.45711021049142236 0.8894100603571363 4.999999999999993e-08 0.9142204209828447 1.7788201207142726 9.999999999999986e-08
p 0.7640689401605634 0.6451346019877654 -2.9999999999999984e-08 1.5281378803211267 1.2902692039755308 -5.999999999999997e-08
p 0.9948927026105736 -0.10093815082623105 -9.99999999999995e-08 0.9948927026105736 -0.10093815082623105 -9.99999999999995e-08
p 0.6464405585524207 0.7629643532029753 1e-08 1.2928811171048413 1.5259287064059506 2e-08
p 0.9999571401464226 0.009258394579398331 -1e-08 1.9999142802928451 0.018516789158796662 -2e-08
p 0.9771637628357883 0.2124876010514573 1e-08 1.9543275256715766 0.4249752021029146 2e-08
p 0.9290838105791089 -0.3698692646325084 9.99999999999995e-08 0.9290838105791089 -0.3698692646325084 9.99999999999995e-08
p 0.5794347821090375 0.8150186091625468 9.999999999995e-07 0.28971739105451877 0.4075093045812734 4.9999999999975e-07
case 96 6 40
s 0.9999999999999951 0.0 9.99999999999995e-08 0.9987502603949663 0.04997916927067833 0.0 -9.999999999979983e-08 1.9983330554854013e-06 0.9999999999979984 1.0 1.0 0.09999999999999952 0.0 9.99999999999995e-09 0.09987502603949663 0.004997916927067834 0.0 0.1 0.0
s 0.9987502603949663 0.04997916927067833 0.0 0.8775825618903728 0.479425538604203 0.0 0.0 0.0 1.0 1.0 1.0 0.09987502603949663 0.004997916927067834 0.0 1.7551651237807455 0.958851077208406 0.0 0.1 1.0
s 0.8775825618903728 0.479425538604203 0.0 -0.4161468365471424 0.9092974268256817 0.0 0.0 -0.0 1.0 1.0 1.0 1.7551651237807455 0.958851077208406 0.0 -0.8322936730942848 1.8185948536513634 0.0 2.0 2.0
s -0.4161468365471424 0.9092974268256817 0.0 -0.9364566872907963 -0.35078322768961984 -0.0 0.0 -0.0 1.0 1.0 1.0 -0.8322936730942848 1.8185948536513634 0.0 -1.8729133745815927 -0.7015664553792397 -0.0 2.0 3.0
s -0.9364566872907963 -0.35078322768961984 -0.0 0.2836621854632263 -0.9589242746631386 0.0 -0.0 0.0 1.0 1.0 1.0 -1.8729133745815927 -0.7015664553792397 -0.0 0.5673243709264526 -1.9178485493262771 0.0 2.0 4.0
s 0.2836621854632263 -0.9589242746631386 0.0 0.9999999999999951 0.0 9.99999999999995e-08 -9.999999999999944e-08 -2.9581291553274393e-08 0.9999999999999946 1.0 1.0 0.5673243709264526 -1.9178485493262771 0.0 0.09999999999999952 0.0 9.99999999999995e-09 0.1 5.0
p 0.9956926130387184 0.09271580415505884 -9.99999999999995e-08 0.9956926130387184 0.09271580415505884 -9.99999999999995e-08
p 0.6877200365050945 0.7259759991820885 -9.999999999995002e-07 1.375440073010189 1.451951998364177 -1.9999999999990004e-06
p 0.8829518090629375 -0.469463633173525 1e-08 0.44147590453146873 -0.2347318165867625 5e-09
p 0.19711267348516134 0.9803808412813474 -9.99999999999995e-08 0.3942253469703227 1.9607616825626948 -1.99999999999999e-07
p 0.6555495167335775 0.7551521906942817 -1e-08 0.32777475836678877 0.37757609534714087 -5e-09
p 0.8108993827865592 0.5851856038868155 1.9999999999999997e-08 0.8108993827865592 0.5851856038868155 1.9999999999999997e-08
p 0.4389931503094797 0.8984904083969726 1e-08 0.21949657515473986 0.4492452041984863 5e-09
p 0.9748872207589275 0.22269913964794377 -9.999999999995002e-07 0.9748872207589275 0.22269913964794377 -9.999999999995002e-07
p 0.09726390371296502 0.9952586262045222 4.9999999999999945e-08 0.19452780742593004 1.9905172524090444 9.999999999999989e-08
p 0.5733901018945167 0.8192824855014265 2.9999999999999984e-08 0.5733901018945167 0.8192824855014265 2.9999999999999984e-08
p 0.8711678991018361 0.4909852254136405 -9.99999999999995e-08 0.43558394955091806 0.24549261270682024 -4.999999999999975e-08
p 0.5240362564869381 0.8516959562468026 -1.9999999999999997e-08 1.0480725129738762 1.7033919124936052 -3.9999999999999994e-08
p 0.9454573589176912 0.32574588633992607 9.999999999995e-07 1.8909147178353825 0.6514917726798521 1.999999999999e-06
p 0.9797440950589706 -0.2002536096955033 9.999999999995002e-07 1.9594881901179413 -0.4005072193910066 1.9999999999990004e-06
p 0.7642053368459623 0.6449730251228717 2.9999999999999984e-08 1.5284106736919245 1.2899460502457434 5.999999999999997e-08
p 0.9826413473343648 -0.1855154508630042 -1.9999999999999997e-08 0.4913206736671824 -0.0927577254315021 -9.999999999999999e-09
p 0.5352763264047703 0.8446770118753154 -4.9999999999999945e-08 1.0705526528095406 1.6893540237506308 -9.999999999999989e-08
p 0.2764232785964082 0.9610359884260379 -2.9999999999999984e-08 0.5528465571928164 1.9220719768520758 -5.999999999999997e-08
p 0.9565782628685141 -0.2914756027654047 -1e-08 1.9131565257370282 -0.5829512055308094 -2e-08
p 0.9981539362271933 0.06073483015665598 4.9999999999999945e-08 0.49907696811359664 0.03036741507832799 2.4999999999999972e-08
p 0.16929654585660733 0.9855651574406543 -1e-08 0.33859309171321467 1.9711303148813086 -2e-08
p 0.4835279052496673 0.8753289466508398 -1e-08 0.4835279052496673 0.8753289466508398 -1e-08
p 0.89259629342243 -0.45085680317427784 9.99999999999995e-08 1.78519258684486 -0.9017136063485557 1.99999999999999e-07
p 0.9258081657453991 -0.37799370396759135 1.9999999999999997e-08 0.4629040828726996 -0.18899685198379568 9.999999999999999e-09
p 0.028155164784686826 0.9996035647675257 4.9999999999999945e-08 0.014077582392343413 0.4998017823837628 2.4999999999999972e-08
p 0.9995108357285688 -0.03127441863852775 1e-08 1.9990216714571376 -0.0625488372770555 2e-08
p 0.8199200663329929 0.5724780212588957 -1e-08 0.40996003316649643 0.28623901062944784 -5e-09
p 0.7811891863520926 0.6242943657654985 -9.99999999999995e-08 0.7811891863520926 0.6242943657654985 -9.99999999999995e-08
p 0.04975227278860201 0.9987615888450888 4.9999999999999945e-08 0.024876136394301005 0.4993807944225444 2.4999999999999972e-08
p -0.023744106839658736 0.9997180689526346 -4.9999999999999945e-08 -0.011872053419829368 0.4998590344763173 -2.4999999999999972e-08
p 0.9804766431458564 0.19663558234824277 1.9999999999999997e-08 0.4902383215729282 0.09831779117412139 9.999999999999999e-09
p 0.7966655963503814 0.6044203236090682 1.9999999999999997e-08 1.5933311927007627 1.2088406472181363 3.9999999999999994e-08
p 0.5196961402705856 0.8543511700623205 -9.999999999995002e-07 0.2598480701352928 0.42717558503116027 -4.999999999997501e-07
p 0.9967901536511937 0.08005866339147573 1e-08 1.9935803073023874 0.16011732678295146 2e-08
p 0.9360433799640565 0.35188462715137836 -1.9999999999999997e-08 0.9360433799640565 0.35188462715137836 -1.9999999999999997e-08
p 0.8666565738668356 0.4989051843520952 -2e-08 0.4333282869334178 0.2494525921760476 -1e-08
p 0.6878640458928935 0.7258395513933222 -9.999999999995e-07 0.6878640458928935 0.7258395513933222 -9.999999999995e-07
p 0.208011377026505 0.9781264064662283 -9.999999999995e-07 0.1040056885132525 0.48906320323311414 -4.9999999999975e-07
p 0.01955461819321662 0.9998087901730549 9.99999999999995e-08 0.00977730909660831 0.49990439508652745 4.999999999999975e-08
p 0.7782821778449449 0.6279146850081843 4.9999999999999945e-08 0.38914108892247246 0.31395734250409213 2.4999999999999972e-08
case 97 6 40
s 0.9553364891255631 -0.2955202066613263 -2.9999999999998654e-07 0.9987502603949663 0.04997916927067833 0.0 4.372658691655742e-08 -8.738028403908707e-07 0.9999999999996173 1.0 1.0 0.09553364891255632 -0.02955202066613263 -2.9999999999998654e-08 0.09987502603949663 0.004997916927067834 0.0 0.1 0.0
s 0.9987502603949663 0.04997916927067833 0.0 0.8775825618903728 0.479425538604203 0.0 0.0 0.0 1.0 1.0 1.0 0.09987502603949663 0.004997916927067834 0.0 1.7551651237807455 0.958851077208406 0.0 0.1 1.0
s 0.8775825618903728 0.479425538604203 0.0 -0.39859637855648306 0.8709489764975944 0.2873478855663454 0.13807921244038343 -0.25275230299584717 0.9576274872945841 1.0 1.0 1.7551651237807455 0.958851077208406 0.0 -0.7971927571129661 1.7418979529951888 0.5746957711326908 2.0 2.0
s -0.39859637855648306 0.8709489764975944 0.2873478855663454 -0.8969628300582488 -0.3359893958958339 -0.2873478855663454 -0.1537435140353627 -0.3723343456140114 0.9152759512672909 1.0 1.0 -0.7971927571129661 1.7418979529951888 0.5746957711326908 -1.7939256601164977 -0.6719787917916678 -0.5746957711326908 2.0 3.0
s -0.8969628300582488 -0.3359893958958339 -0.2873478855663454 0.2805238471386536 -0.9483150748622418 0.14834045293024462 -0.3224329819611792 0.05246353097466939 0.9451373180979005 1.0 1.0 -1.7939256601164977 -0.6719787917916678 -0.5746957711326908 0.5610476942773072 -1.8966301497244835 0.29668090586048923 2.0 4.0
s 0.2805238471386536 -0.9483150748622418 0.14834045293024462 0.9553364891255631 -0.2955202066613263 -2.9999999999998654e-07 0.05241756889124394 0.16945075112015573 0.9841437097377326 1.0 1.0 0.5610476942773072 -1.8966301497244835 0.29668090586048923 0.09553364891255632 -0.02955202066613263 -2.9999999999998654e-08 0.1 5.0
p 0.5433606901563653 0.8394993510377458 4.9999999999999945e-08 0.5433606901563653 0.8394993510377458 4.9999999999999945e-08
p 0.8863615693359319 0.4629937023376682 4.999999999999993e-08 0.44318078466796595 0.2314968511688341 2.4999999999999966e-08
p 0.7474769813618712 0.6642877105088913 -9.999999999995e-07 0.3737384906809356 0.3321438552544457 -4.9999999999975e-07
p 0.9803981872376557 -0.19702638011474047 -1.9999999999999997e-08 1.9607963744753114 -0.39405276022948094 -3.9999999999999994e-08
p 0.6310752366823296 0.7757216289664302 -9.99999999999995e-08 0.6310752366823296 0.7757216289664302 -9.99999999999995e-08
p 0.9459499872914661 0.3243125368271704 -1.9999999999999997e-08 1.8918999745829321 0.6486250736543407 -3.9999999999999994e-08
p 0.802355331713467 0.5968466483703853 -9.999999999999948e-08 0.802355331713467 0.5968466483703853 -9.999999999999948e-08
p 0.999497106634789 0.03171015338476955 -9.999999999995002e-07 1.998994213269578 0.0634203067695391 -1.9999999999990004e-06
p 0.35834020842604114 0.9335910748422883 -4.9999999999999945e-08 0.7166804168520823 1.8671821496845766 -9.999999999999989e-08
p 0.6654452669403162 0.7464466469257734 2.9999999999999984e-08 0.6654452669403162 0.7464466469257734 2.9999999999999984e-08
p 0.9258323082874524 0.37793456699688827 -4.9999999999999945e-08 0.4629161541437262 0.18896728349844413 -2.4999999999999972e-08
p 0.9201392609891118 -0.39159129253139763 1.9999999999999997e-08 1.8402785219782236 -0.7831825850627953 3.9999999999999994e-08
p 0.4185154410947541 0.9082096814972099 1e-08 0.8370308821895082 1.8164193629944199 2e-08
p 0.9002982522598445 0.43527354270374297 -4.9999999999999945e-08 0.45014912612992225 0.21763677135187148 -2.4999999999999972e-08
p 0.07189998330971956 0.9974118469318788 1.9999999999999997e-08 0.07189998330971956 0.9974118469318788 1.9999999999999997e-08
p 0.9324713003513118 0.3612440643403477 -1.9999999999999997e-08 1.8649426007026235 0.7224881286806955 -3.9999999999999994e-08
p 0.971134350806143 0.23853316893950272 -9.99999999999995e-08 0.4855671754030715 0.11926658446975136 -4.999999999999975e-08
p 0.9737062604885938 -0.2278071954204219 -1.9999999999999997e-08 0.4868531302442969 -0.11390359771021095 -9.999999999999999e-09
p 0.8668278425920701 0.49860755239683996 -9.99999999999995e-08 0.43341392129603507 0.24930377619841998 -4.999999999999975e-08
p 0.9900631379398253 -0.1406235502778454 -2.9999999999999984e-08 0.9900631379398253 -0.1406235502778454 -2.9999999999999984e-08
p 0.8306921607415817 0.5567320128046188 9.999999999995e-07 0.8306921607415817 0.5567320128046188 9.999999999995e-07
p 0.9975635801388942 -0.0697631964539466 -9.999999999995e-07 0.9975635801388942 -0.0697631964539466 -9.999999999995e-07
p 0.999923771584188 0.012347105768246954 1.9999999999999997e-08 0.999923771584188 0.012347105768246954 1.9999999999999997e-08
p 0.907786168485307 -0.41943327515442275 1e-08 1.815572336970614 -0.8388665503088455 2e-08
p 0.9184478531823381 -0.3955420849729452 9.99999999999995e-08 1.8368957063646763 -0.7910841699458904 1.99999999999999e-07
p 0.8942796239370948 -0.447508607972996 9.999999999995002e-07 1.7885592478741896 -0.895017215945992 1.9999999999990004e-06
p 0.521248712319799 0.8534048159607202 -2.9999999999999984e-08 0.521248712319799 0.8534048159607202 -2.9999999999999984e-08
p 0.9026415803770916 0.430393049867614 1e-08 1.8052831607541833 0.860786099735228 2e-08
p 0.978933419433446 -0.20417972552714617 -2e-08 0.978933419433446 -0.20417972552714617 -2e-08
p 0.9581245160412202 -0.286351901968134 -9.99999999999995e-08 1.9162490320824404 -0.572703803936268 -1.99999999999999e-07
p 0.3811641364729868 0.9245073829163292 -4.9999999999999945e-08 0.7623282729459736 1.8490147658326583 -9.999999999999989e-08
p 0.959370134677062 0.28215057095407975 -4.999999999999993e-08 1.918740269354124 0.5643011419081595 -9.999999999999986e-08
p 0.9296051252927614 0.368557066177572 9.999999999999948e-08 1.8592102505855228 0.737114132355144 1.9999999999999896e-07
p 0.9969193079052324 0.07843400745054906 9.999999999995002e-07 0.9969193079052324 0.07843400745054906 9.999999999995002e-07
p 0.024233338663738443 0.9997063295274261 9.99999999999995e-08 0.048466677327476886 1.9994126590548522 1.99999999999999e-07
p 0.5605020187904816 0.8281530576715843 -9.999999999995e-07 0.2802510093952408 0.41407652883579216 -4.9999999999975e-07
p 0.3096760494249599 0.950842123810546 1e-08 0.3096760494249599 0.950842123810546 1e-08
p 0.881507943172309 0.47216919226493936 -1e-08 0.4407539715861545 0.23608459613246968 -5e-09
p 0.9371264107713141 -0.34899010048262724 1e-08 0.46856320538565704 -0.17449505024131362 5e-09
p 0.3246828825905573 0.9458229357298774 4.999999999999993e-08 0.6493657651811146 1.8916458714597548 9.999999999999986e-08
case 98 6 40
s 0.9987502603949663 0.04997916927067833 0.0 0.9999999999999551 0.0 -2.9999999999998654e-07 -2.9999999999459544e-07 5.994999166360204e-06 -0.999999999981985 1.0 1.0 0.009987502603949663 0.0004997916927067833 0.0 0.009999999999999551 0.0 -2.9999999999998656e-09 0.01 0.0
s 0.8775825618903728 0.479425538604203 0.0 0.9987502603949663 0.04997916927067833 0.0 0.0 0.0 -1.0 1.0 1.0 0.4387912809451864 0.2397127693021015 0.0 0.009987502603949663 0.0004997916927067833 0.0 0.01 1.0
s -0.3722130460563617 0.813300343259146 0.4472135954999579 0.8775825618903728 0.479425538604203 0.0 -0.21483604456352498 0.3932547417548017 -0.8939777301721019 1.0 1.0 -0.18610652302818084 0.406650171629573 0.22360679774997896 0.4387912809451864 0.2397127693021015 0.0 0.5 2.0
s -0.8375923243065936 -0.31375005699231057 -0.4472135954999579 -0.3722130460563617 0.813300343259146 0.4472135954999579 0.22573907030675272 0.5466923892662394 -0.8063307656634549 1.0 1.0 -0.4187961621532968 -0.15687502849615528 -0.22360679774997896 -0.18610652302818084 0.406650171629573 0.22360679774997896 0.5 3.0
s 0.2751927418019831 -0.9302931932717461 0.24253562503633297 -0.8375923243065936 -0.31375005699231057 -0.4472135954999579 0.4926817704433339 -0.08016495448787829 -0.8665092343101592 1.0 1.0 0.13759637090099155 -0.46514659663587304 0.12126781251816648 -0.4187961621532968 -0.15687502849615528 -0.22360679774997896 0.5 4.0
s 0.9999999999999551 0.0 -2.9999999999998654e-07 0.2751927418019831 -0.9302931932717461 0.24253562503633297 -2.9029657085979646e-07 -0.25227632440629616 -0.9676552361993217 1.0 1.0 0.009999999999999551 0.0 -2.9999999999998656e-09 0.13759637090099155 -0.46514659663587304 0.12126781251816648 0.01 5.0
p 0.09743945061827537 0.9952414548556578 4.9999999999999945e-08 0.19487890123655074 1.9904829097113157 9.999999999999989e-08
p 0.9089999966631784 -0.4167961205017891 9.999999999995002e-07 1.8179999933263569 -0.8335922410035782 1.9999999999990004e-06
p 0.5672943521529115 0.8235150988387561 4.9999999999999945e-08 0.28364717607645573 0.41175754941937803 2.4999999999999972e-08
p 0.8778094066706388 -0.4790100683289845 -4.999999999999993e-08 1.7556188133412776 -0.958020136657969 -9.999999999999986e-08
p 0.1713211563911403 0.9852152360640808 1e-08 0.1713211563911403 0.9852152360640808 1e-08
p 0.9360275732864766 -0.351926671406743 -1e-08 0.4680137866432383 -0.1759633357033715 -5e-09
p 0.39241903512626336 0.9197865517986075 9.999999999995e-07 0.19620951756313168 0.45989327589930373 4.9999999999975e-07
p 0.8963840283061566 -0.4432783254318064 -2.9999999999999984e-08 0.4481920141530783 -0.2216391627159032 -1.4999999999999992e-08
p 0.45364120805981434 0.8911844109666821 -2e-08 0.22682060402990717 0.44559220548334105 -1e-08
p 0.9912508937571768 0.13199115737274997 -9.999999999995e-07 1.9825017875143536 0.26398231474549994 -1.999999999999e-06
p 0.48729413717111897 0.87323789649708 9.99999999999995e-08 0.9745882743422379 1.74647579299416 1.99999999999999e-07
p 0.9228503456018303 0.38515872003965046 1.9999999999999997e-08 1.8457006912036606 0.7703174400793009 3.9999999999999994e-08
p 0.5138443230775838 0.8578834487510173 1.9999999999999997e-08 1.0276886461551675 1.7157668975020346 3.9999999999999994e-08
p 0.18001830456257698 0.9836632604821709 1e-08 0.36003660912515395 1.9673265209643418 2e-08
p -0.022431751968202986 0.9997483765946494 -1e-08 -0.011215875984101493 0.4998741882973247 -5e-09
p 0.9993380132480881 -0.03638042437031228 -1e-08 1.9986760264961763 -0.07276084874062456 -2e-08
p 0.9995834996084095 -0.028858747557627774 -9.99999999999995e-08 1.999166999216819 -0.05771749511525555 -1.99999999999999e-07
p 0.9450557945463425 -0.3269090778708642 4.999999999999993e-08 1.890111589092685 -0.6538181557417284 9.999999999999986e-08
p 0.6345436035852492 0.7728870649383683 1.9999999999999997e-08 1.2690872071704984 1.5457741298767367 3.9999999999999994e-08
p 0.6246297949614222 0.7809210070464561 -1.9999999999999997e-08 0.6246297949614222 0.7809210070464561 -1.9999999999999997e-08
p 0.8765002177280775 0.4814014627342051 1.9999999999999997e-08 1.753000435456155 0.9628029254684102 3.9999999999999994e-08
p 0.5021326885731835 0.8647905891406681 4.999999999999993e-08 1.004265377146367 1.7295811782813362 9.999999999999986e-08
p 0.7240879415125071 0.6897076576029725 -2.9999999999999984e-08 0.7240879415125071 0.6897076576029725 -2.9999999999999984e-08
p 0.8986481846599058 0.43867008127686963 -1.9999999999999997e-08 1.7972963693198116 0.8773401625537393 -3.9999999999999994e-08
p 0.860503327110641 0.5094448194176839 -1.9999999999999997e-08 1.721006654221282 1.0188896388353679 -3.9999999999999994e-08
p 0.5979547113242184 0.8015298891527134 -9.99999999999995e-08 0.2989773556621092 0.4007649445763567 -4.999999999999975e-08
p 0.6067740114842158 0.7948743919559572 1e-08 0.3033870057421079 0.3974371959779786 5e-09
p 0.32626179074302364 0.9452794528080866 -1e-08 0.6525235814860473 1.8905589056161731 -2e-08
p 0.7069444703115945 0.7072690548128479 -1e-08 1.413888940623189 1.4145381096256957 -2e-08
p 0.363297641894066 0.9316731311968861 2.9999999999999984e-08 0.726595283788132 1.8633462623937722 5.999999999999997e-08
p -0.010176272269210217 0.9999482204007831 -9.99999999999995e-08 -0.010176272269210217 0.9999482204007831 -9.99999999999995e-08
p 0.9970370537410542 -0.07692277599877254 -2.9999999999999984e-08 0.9970370537410542 -0.07692277599877254 -2.9999999999999984e-08
p 0.7306393947491735 0.6827635570536492 -9.99999999999995e-08 1.461278789498347 1.3655271141072984 -1.99999999999999e-07
p 0.9914598723227142 0.1304121220355968 -1e-08 0.4957299361613571 0.0652060610177984 -5e-09
p 0.957166253247865 0.2895388810564889 -1.9999999999999997e-08 0.957166253247865 0.2895388810564889 -1.9999999999999997e-08
p 0.9810396793705192 -0.19380698516974734 4.9999999999999945e-08 0.4905198396852596 -0.09690349258487367 2.4999999999999972e-08
p 0.9896875943178468 0.14324268097307086 9.999999999995e-07 0.4948437971589234 0.07162134048653543 4.9999999999975e-07
p 0.3440669691873497 0.938945110597116 2.9999999999999984e-08 0.3440669691873497 0.938945110597116 2.9999999999999984e-08
p 0.9693653175928053 -0.24562345378281697 2e-08 0.48468265879640265 -0.12281172689140848 1e-08
p 0.7669618448386842 0.6416927057101721 -1.9999999999999997e-08 1.5339236896773685 1.2833854114203442 -3.9999999999999994e-08
case 99 6 40
s 0.9987502603949663 0.04997916927067833 0.0 0.9989876708478411 0.04498481403766017 -4.999999999999993e-08 -4.997937751532528e-07 9.987544218165823e-06 -0.9999999999499996 1.0 1.0 0.0009987502603949663 4.997916927067833e-05 0.0 0.000998987670847841 4.498481403766017e-05 -4.999999999999993e-11 0.001 0.0
s 0.8775825618903728 0.479425538604203 0.0 0.9987502603949663 0.04997916927067833 0.0 0.0 0.0 -1.0 1.0 1.0 0.4387912809451864 0.2397127693021015 0.0 0.0009987502603949663 4.997916927067833e-05 0.0 0.001 1.0
s -0.39859637855648306 0.8709489764975944 0.2873478855663454 0.8775825618903728 0.479425538604203 0.0 -0.13807921244038343 0.25275230299584717 -0.9576274872945841 1.0 1.0 -0.19929818927824153 0.4354744882487972 0.1436739427831727 0.4387912809451864 0.2397127693021015 0.0 0.5 2.0
s -0.8969628300582488 -0.3359893958958339 -0.2873478855663454 -0.39859637855648306 0.8709489764975944 0.2873478855663454 0.1537435140353627 0.3723343456140114 -0.9152759512672909 1.0 1.0 -0.4484814150291244 -0.16799469794791694 -0.1436739427831727 -0.19929818927824153 0.4354744882487972 0.1436739427831727 0.5 3.0
s 0.2805238471386536 -0.9483150748622418 0.14834045293024462 -0.8969628300582488 -0.3359893958958339 -0.2873478855663454 0.3224329819611792 -0.05246353097466939 -0.9451373180979005 1.0 1.0 0.1402619235693268 -0.4741575374311209 0.07417022646512231 -0.4484814150291244 -0.16799469794791694 -0.1436739427831727 0.5 4.0
s 0.9989876708478411 0.04498481403766017 -4.999999999999993e-08 0.2805238471386536 -0.9483150748622418 0.14834045293024462 0.006869714235015668 -0.15255835515542182 -0.9882705880975116 1.0 1.0 0.000998987670847841 4.498481403766017e-05 -4.999999999999993e-11 0.1402619235693268 -0.4741575374311209 0.07417022646512231 0.001 5.0
p 0.9974340284766069 0.07159161149134334 9.999999999995e-07 0.9974340284766069 0.07159161149134334 9.999999999995e-07
p 0.9777791142076638 -0.20963779196098334 9.999999999995002e-07 0.9777791142076638 -0.20963779196098334 9.999999999995002e-07
p 0.9997925369161739 -0.02036868004364242 2.9999999999999984e-08 1.9995850738323477 -0.04073736008728484 5.999999999999997e-08
p 0.8855109303822586 0.46461854480158865 2.9999999999999984e-08 1.7710218607645172 0.9292370896031773 5.999999999999997e-08
p 0.222353574544692 0.9749660957629235 1e-08 0.222353574544692 0.9749660957629235 1e-08
p 0.06593405931879598 0.9978239823845414 -1e-08 0.03296702965939799 0.4989119911922707 -5e-09
p 0.9983671334725116 -0.05712325972734366 4.999999999999993e-08 1.9967342669450232 -0.11424651945468732 9.999999999999986e-08
p 0.19091861402549448 0.9816058693883122 9.999999999995e-07 0.19091861402549448 0.9816058693883122 9.999999999995e-07
p 0.03311621213885256 0.9994515078249542 2e-08 0.03311621213885256 0.9994515078249542 2e-08
p 0.9979642388747897 0.06377599804049751 9.999999999995e-07 1.9959284777495794 0.12755199608099502 1.999999999999e-06
p 0.15899069220224266 0.9872800817362022 9.99999999999995e-08 0.3179813844044853 1.9745601634724044 1.99999999999999e-07
p 0.7030682531593742 0.7111223744190766 2.9999999999999984e-08 1.4061365063187483 1.422244748838153 5.999999999999997e-08
p 0.34357837896699284 0.9391240053930117 -9.999999999995e-07 0.17178918948349642 0.46956200269650583 -4.9999999999975e-07
p 0.8365498431207359 0.5478908285184848 1.9999999999999997e-08 0.8365498431207359 0.5478908285184848 1.9999999999999997e-08
p 0.6995116235768165 0.7146212202845112 4.9999999999999945e-08 1.399023247153633 1.4292424405690225 9.999999999999989e-08
p 0.9861685767369586 -0.1657454019169203 1e-08 0.9861685767369586 -0.1657454019169203 1e-08
p 0.8347399292619315 0.5506443956818093 1.9999999999999997e-08 0.41736996463096576 0.27532219784090467 9.999999999999999e-09
p 0.6991743179950871 0.71495123823664 -1e-08 1.3983486359901742 1.42990247647328 -2e-08
p 0.5700262978378243 0.8216264478291239 -9.999999999995e-07 0.28501314891891216 0.41081322391456193 -4.9999999999975e-07
p 0.6008624133756707 0.799352463055168 -2.9999999999999984e-08 1.2017248267513414 1.598704926110336 -5.999999999999997e-08
p 0.9698319115375115 -0.2437746159129098 9.99999999999995e-08 1.939663823075023 -0.4875492318258196 1.99999999999999e-07
p 0.6107252978440856 0.7918425415278236 9.99999999999995e-08 1.2214505956881712 1.5836850830556473 1.99999999999999e-07
p 0.9994240861925174 0.03393369915366405 1e-08 1.9988481723850349 0.0678673983073281 2e-08
p 0.9629437848832078 -0.26970218233229337 2.9999999999999984e-08 0.4814718924416039 -0.13485109116614669 1.4999999999999992e-08
p 0.015783803217126954 0.9998754280189118 2.9999999999999984e-08 0.03156760643425391 1.9997508560378237 5.999999999999997e-08
p 0.9080834412289024 0.41878928325097436 9.99999999999995e-08 1.8161668824578048 0.8375785665019487 1.99999999999999e-07
p 0.9801089615139885 -0.19846013090787434 1.9999999999999997e-08 0.9801089615139885 -0.19846013090787434 1.9999999999999997e-08
p 0.7226314986474673 0.6912334751460718 1.9999999999999997e-08 0.7226314986474673 0.6912334751460718 1.9999999999999997e-08
p 0.9995772398090964 0.029074759769053046 1e-08 1.9991544796181928 0.05814951953810609 2e-08
p 0.6096572148908465 0.7926651754249922 4.999999999999993e-08 0.3048286074454232 0.3963325877124961 2.4999999999999966e-08
p 0.8779094450628017 -0.47882669753108337 9.999999999995e-07 1.7558188901256033 -0.9576533950621667 1.999999999999e-06
p 0.972453526840121 -0.2330968428276318 -1.9999999999999997e-08 0.972453526840121 -0.2330968428276318 -1.9999999999999997e-08
p 0.7951162196786298 0.6064570860357436 -9.999999999995002e-07 0.3975581098393149 0.3032285430178718 -4.999999999997501e-07
p 0.960529510089262 0.2781781088577473 -9.99999999999995e-08 0.480264755044631 0.13908905442887365 -4.999999999999975e-08
p 0.22572476327589258 0.9741911163853022 -2.9999999999999984e-08 0.45144952655178516 1.9483822327706044 -5.999999999999997e-08
p 0.8140256131373718 0.5808289775453044 -4.9999999999999945e-08 0.8140256131373718 0.5808289775453044 -4.9999999999999945e-08
p 0.11317030371960582 0.9935756047508425 9.99999999999995e-08 0.05658515185980291 0.49678780237542125 4.999999999999975e-08
p 0.061233922217244226 0.9981234426507037 -9.999999999995002e-07 0.061233922217244226 0.9981234426507037 -9.999999999995002e-07
p 0.9674588011320998 0.25302859149123785 -1.9999999999999997e-08 0.4837294005660499 0.12651429574561893 -9.999999999999999e-09
p 0.023215803250407615 0.9997304769183735 1e-08 0.04643160650081523 1.999460953836747 2e-08
