case 0 4 180
s 0.0 0.99999999995 9.9999999995e-06 1.0 0.0 0.0 0.0 9.9999999995e-06 -0.99999999995 1.0 1.0 0.0 0.00099999999995 9.999999999500001e-09 0.001 0.0 0.0 0.001 0.0
s -1.0 0.0 0.0 0.0 0.99999999995 9.9999999995e-06 0.0 9.9999999995e-06 -0.99999999995 1.0 1.0 -0.001 0.0 0.0 0.0 0.00099999999995 9.999999999500001e-09 0.001 1.0
s 0.0 -1.0 0.0 -1.0 0.0 0.0 -0.0 -0.0 -1.0 1.0 1.0 0.0 -0.001 0.0 -0.001 0.0 0.0 0.001 2.0
s 1.0 0.0 0.0 0.0 -1.0 0.0 0.0 0.0 -1.0 1.0 1.0 0.001 0.0 0.0 0.0 -0.001 0.0 0.001 3.0
p 0.7192847548035198 0.6946292130103822 0.010940655365084971 0.7192847548035198 0.6946292130103822 0.010940655365084971
p 0.8671413650303404 0.4980620975765779 3.3071595651768084e-06 0.8671413650303404 0.4980620975765779 3.3071595651768084e-06
p -0.9554701618733693 0.29508773204880484 1.2805089041614768e-05 -0.9554701618733693 0.29508773204880484 1.2805089041614768e-05
p 0.4123918930407294 0.9110065458311007 2.677738103750143e-06 0.4123918930407294 0.9110065458311007 2.677738103750143e-06
p -0.9749863513935546 0.22160604784400445 0.01709895187562263 -0.9749863513935546 0.22160604784400445 0.01709895187562263
p -0.7918546591339728 0.6107095862312469 9.647749359343367e-06 -0.7918546591339728 0.6107095862312469 9.647749359343367e-06
p -0.3766784900601525 0.9263440587049162 -5.301551518760623e-06 -0.3766784900601525 0.9263440587049162 -5.301551518760623e-06
p 0.4746402211739932 0.8801794690704832 -0.00087331019988236 0.4746402211739932 0.8801794690704832 -0.00087331019988236
p 0.6950884171774966 0.7189242604562828 -5.750600056360614e-06 0.6950884171774966 0.7189242604562828 -5.750600056360614e-06
p -0.8231124321813544 0.567878441180195 -5.589916302336978e-06 -0.8231124321813544 0.567878441180195 -5.589916302336978e-06
p -0.21833722623585108 0.9758730590019801 -0.0007926876766895485 -0.21833722623585108 0.9758730590019801 -0.0007926876766895485
p 0.22990395250406723 0.9732133161688338 -0.00011770585877983461 0.22990395250406723 0.9732133161688338 -0.00011770585877983461
p 0.7252657367052282 0.6884690342767386 -1.8648395702861539e-06 0.7252657367052282 0.6884690342767386 -1.8648395702861539e-06
p 0.11329952963512709 0.9935600241337619 -0.0013019323245169437 0.11329952963512709 0.9935600241337619 -0.0013019323245169437
p 0.0873644238718742 0.9961764186343535 -1.99591831112565e-05 0.0873644238718742 0.9961764186343535 -1.99591831112565e-05
p 0.799186990175082 0.6010824856239861 -1.4525286588232372e-05 0.799186990175082 0.6010824856239861 -1.4525286588232372e-05
p 0.17803754906757496 0.98402369378166 3.461659504238142e-05 0.17803754906757496 0.98402369378166 3.461659504238142e-05
p -0.26672966312958396 0.9637713870129202 1.954407474105947e-05 -0.26672966312958396 0.9637713870129202 1.954407474105947e-05
p 0.9719543018427963 0.23516979543668065 4.943230083955068e-05 0.9719543018427963 0.23516979543668065 4.943230083955068e-05
p -0.3439284230350251 0.9389958678395246 2.9898014791683517e-06 -0.3439284230350251 0.9389958678395246 2.9898014791683517e-06
p 0.8309387721891014 0.556363870924419 -1.6926503450182801e-06 0.8309387721891014 0.556363870924419 -1.6926503450182801e-06
p -0.5646451479478515 0.8251951356932038 -0.01512762133397677 -0.5646451479478515 0.8251951356932038 -0.01512762133397677
p 0.5019258350464512 0.8649106631578328 -2.947542539162529e-05 0.5019258350464512 0.8649106631578328 -2.947542539162529e-05
p 0.8702479767293021 0.49261155934567336 -0.0015200649921515395 0.8702479767293021 0.49261155934567336 -0.0015200649921515395
p 0.9592379980316706 0.28259945918894464 9.379929976168684e-05 0.9592379980316706 0.28259945918894464 9.379929976168684e-05
p 0.6891055829052573 0.724660951028175 4.0789052761381715e-05 0.6891055829052573 0.724660951028175 4.0789052761381715e-05
p 0.4038397204987411 0.9148297546744494 -1.0477862370986141e-05 0.4038397204987411 0.9148297546744494 -1.0477862370986141e-05
p -0.7990452390448616 0.6012705623025202 -0.0006456532749396137 -0.7990452390448616 0.6012705623025202 -0.0006456532749396137
p -0.9944386475183185 0.10531750223486328 -6.704273491228761e-06 -0.9944386475183185 0.10531750223486328 -6.704273491228761e-06
p 0.9715231536715261 0.23693979388777697 0.0015152400965522156 0.9715231536715261 0.23693979388777697 0.0015152400965522156
p 0.8751033777950108 0.48393444852895284 0.0012360011088461752 0.8751033777950108 0.48393444852895284 0.0012360011088461752
p 0.6912817300967388 0.7225853372487054 5.25682702197386e-06 0.6912817300967388 0.7225853372487054 5.25682702197386e-06
p 0.5889412729956468 0.8079329177834405 -0.01981356414690547 0.5889412729956468 0.8079329177834405 -0.01981356414690547
p 0.06758748603664125 0.9977133452440966 0.00011159337306547279 0.06758748603664125 0.9977133452440966 0.00011159337306547279
p 0.9868839102029767 0.16143153398052804 -8.728789599417273e-05 0.9868839102029767 0.16143153398052804 -8.728789599417273e-05
p -0.9261574940654285 0.3771369646136605 7.815651367655376e-05 -0.9261574940654285 0.3771369646136605 7.815651367655376e-05
p 0.9869149361989323 0.16124177046110028 -1.28851570790494e-05 0.9869149361989323 0.16124177046110028 -1.28851570790494e-05
p -0.7367648336798446 0.6761490807475471 -2.1376579548471588e-05 -0.7367648336798446 0.6761490807475471 -2.1376579548471588e-05
p 0.9788661566017325 0.20450083484260828 -0.0006752839617242017 0.9788661566017325 0.20450083484260828 -0.0006752839617242017
p -0.21044135155543459 0.9776064780193472 0.00010812090326594015 -0.21044135155543459 0.9776064780193472 0.00010812090326594015
p 0.21098674168059706 0.9774889227159871 2.8329210758599052e-05 0.21098674168059706 0.9774889227159871 2.8329210758599052e-05
p 0.08739783185845021 0.9961734800188551 -0.00012920358355371183 0.08739783185845021 0.9961734800188551 -0.00012920358355371183
p -0.45344992210479873 0.8912817539633376 -5.65259982914327e-05 -0.45344992210479873 0.8912817539633376 -5.65259982914327e-05
p -0.9833055794888698 0.18196190246730334 5.827982175220315e-05 -0.9833055794888698 0.18196190246730334 5.827982175220315e-05
p -0.489972180378435 0.8717380502693223 0.00018484545723833495 -0.489972180378435 0.8717380502693223 0.00018484545723833495
p 0.9053697705865107 0.4242489589803088 -0.01784374714720149 0.9053697705865107 0.4242489589803088 -0.01784374714720149
p -0.9025393979059223 0.4306055913479043 -0.0012082746115315854 -0.9025393979059223 0.4306055913479043 -0.0012082746115315854
p 0.2886589764337274 0.9574319793260747 -1.6970198601035555e-05 0.2886589764337274 0.9574319793260747 -1.6970198601035555e-05
p 0.769735303404575 0.638363190256649 4.245040528045557e-06 0.769735303404575 0.638363190256649 4.245040528045557e-06
p 0.6728656560450835 0.7397646760333901 -0.00018168167955577284 0.6728656560450835 0.7397646760333901 -0.00018168167955577284
p -0.1533229655517889 0.9881761320772897 1.5072226889785945e-05 -0.1533229655517889 0.9881761320772897 1.5072226889785945e-05
p 0.4926342971858687 0.8702356605432703 -0.0011594632392478333 0.4926342971858687 0.8702356605432703 -0.0011594632392478333
p 0.9581715436981466 0.2861944703495932 0.00013412094060881788 0.9581715436981466 0.2861944703495932 0.00013412094060881788
p 0.6737372854671286 0.738970953530366 3.1315635730171026e-06 0.6737372854671286 0.738970953530366 3.1315635730171026e-06
p -0.7269485936055031 0.6866918810340722 5.269600329799743e-05 -0.7269485936055031 0.6866918810340722 5.269600329799743e-05
p -0.8394701876121389 0.5434044627766925 0.001180654401008245 -0.8394701876121389 0.5434044627766925 0.001180654401008245
p 0.7809572911302706 0.624584423593882 -8.505508899720222e-05 0.7809572911302706 0.624584423593882 -8.505508899720222e-05
p 0.04058802442226913 0.9991759666195362 -1.8473741338766289e-06 0.04058802442226913 0.9991759666195362 -1.8473741338766289e-06
p -0.9534726225147795 0.3014729848694121 -0.001999377081996194 -0.9534726225147795 0.3014729848694121 -0.001999377081996194
p 0.2530386292094781 0.9674561758080058 -4.328666172654538e-06 0.2530386292094781 0.9674561758080058 -4.328666172654538e-06
p -0.9735937854970619 0.22828740840519451 -2.267393338339453e-06 -48.6796892748531 11.414370420259726 -0.00011336966691697265
p -0.7879396529183966 0.6157524692257883 1.0868584368117887e-06 -39.396982645919834 30.787623461289414 5.4342921840589434e-05
p 0.8329449806457433 0.5533558161043468 7.44829705907628e-07 41.647249032287164 27.66779080521734 3.72414852953814e-05
p 0.47147178302598297 0.881881134352142 0.00015061234925123126 23.57358915129915 44.0940567176071 0.007530617462561563
p -0.43539140686933697 0.9002412580229701 1.3325160328613772e-05 -21.76957034346685 45.012062901148504 0.0006662580164306886
p -0.7646933629300645 0.6443943362104783 -1.2270529833287813e-05 -38.234668146503225 32.21971681052391 -0.0006135264916643906
p 0.6991902433486417 0.714935663962717 -5.062880835682155e-07 34.95951216743208 35.74678319813585 -2.5314404178410777e-05
p 0.8260441808469721 0.5636053564877196 0.00011587581968349091 41.3022090423486 28.18026782438598 0.005793790984174546
p -0.9457404628270677 0.32492303181549576 -1.916951215225852e-05 -47.28702314135339 16.246151590774787 -0.000958475607612926
p -0.8991680555278708 0.43760348159563567 -2.8523781245520937e-05 -44.95840277639354 21.880174079781785 -0.0014261890622760467
p 0.3231740675479488 0.946339538236224 -2.0865386645299735e-05 16.15870337739744 47.316976911811196 -0.0010432693322649867
p -0.4732722112445717 0.8809162355537086 1.2476803348721483e-06 -23.663610562228584 44.04581177768543 6.238401674360741e-05
p 0.8833653557035773 0.4686850203937144 1.1117219697351815e-06 44.16826778517887 23.43425101968572 5.558609848675907e-05
p 0.37959627171549126 0.9251521975119588 -0.0002862490046046386 18.979813585774565 46.257609875597936 -0.01431245023023193
p 0.9446436946684468 0.328097767550372 -0.00038085641440378017 47.232184733422336 16.4048883775186 -0.019042820720189008
p 0.8273067679703906 0.5617503997952982 -4.571605121383068e-07 41.36533839851953 28.087519989764907 -2.285802560691534e-05
p -0.9191017250446927 0.3940203263018597 3.8481765027056935e-05 -45.955086252234636 19.701016315092986 0.0019240882513528468
p -0.8431085474123068 0.5377434121217184 -4.426191699814894e-08 -42.15542737061534 26.88717060608592 -2.2130958499074473e-06
p -0.25321992458526904 0.9674087014919411 -0.00027215934132639435 -12.660996229263452 48.370435074597054 -0.013607967066319717
p -0.9716112482354743 0.23658314035919017 2.9546682122155e-07 -48.58056241177371 11.829157017959508 1.47733410610775e-05
p -0.5085369363973037 0.8610401751316045 3.36003082550266e-05 -25.426846819865183 43.05200875658022 0.0016800154127513298
p -0.468380954061034 0.8835266162259505 -1.712300991113435e-05 -23.419047703051703 44.176330811297525 -0.0008561504955567176
p 0.03091064607930113 0.9995221518098347 6.308554925570348e-07 1.5455323039650566 49.976107590491736 3.154277462785174e-05
p -0.6796148519413322 0.7335691194525685 -2.518854440760781e-06 -33.98074259706661 36.67845597262843 -0.00012594272203803904
p -0.9898314547740824 0.1422451796699678 -6.944615391671693e-07 -49.49157273870412 7.11225898349839 -3.472307695835846e-05
p -0.2648699775444073 0.9642841360281154 -3.6921418951495157e-07 -13.243498877220365 48.214206801405766 -1.846070947574758e-05
p 0.12578533861005314 0.9920574824958014 -3.853198350702666e-06 6.289266930502658 49.60287412479007 -0.00019265991753513332
p -0.36609873028587103 0.9305760149167377 1.2031492245993787e-05 -18.30493651429355 46.52880074583688 0.0006015746122996894
p -0.9915981526735721 0.12935649371415123 -3.388716748726825e-05 -49.5799076336786 6.467824685707561 -0.0016943583743634126
p -0.9482968273825834 0.3173848250520964 -1.6664846086480684e-06 -47.41484136912917 15.869241252604821 -8.332423043240343e-05
p -0.9642357766668574 0.2650459714757425 3.7719999903070665e-07 -48.21178883334287 13.252298573787124 1.8859999951535332e-05
p 0.9663617530978158 0.25718662902591627 4.4698765172151145e-08 48.31808765489079 12.859331451295814 2.2349382586075573e-06
p -0.7729053952006903 0.634521276293915 -7.719303795758412e-08 -38.645269760034516 31.72606381469575 -3.859651897879207e-06
p 0.8632567776269624 0.5047650303667055 1.0952470514753994e-07 43.16283888134812 25.238251518335275 5.476235257376997e-06
p 0.5295553869001901 0.8482753634315122 3.551310151133283e-07 26.477769345009506 42.41376817157561 1.7756550755666416e-05
p -0.9973604547030788 0.07260937988350846 -3.670695355414327e-05 -49.868022735153936 3.6304689941754233 -0.0018353476777071636
p -0.5764280611681718 0.8171478690561866 0.00022448794121083325 -28.821403058408592 40.85739345280933 0.011224397060541663
p 0.90244324137772 0.43080876923948586 2.0929251764772674e-05 45.122162068886 21.540438461974293 0.0010464625882386338
p 0.9983241202054549 0.05787011764409209 2.235762919765743e-05 49.916206010272745 2.8935058822046047 0.0011178814598828714
p 0.7621864529046363 0.6473575603963272 -2.5227802038419576e-06 38.10932264523181 32.36787801981636 -0.0001261390101920979
p 0.36836621752922544 0.9296807676738446 7.633530650450378e-07 18.418310876461273 46.48403838369223 3.816765325225189e-05
p -0.11336799003094811 0.9935530679497707 -1.9852662124530675e-06 -5.668399501547405 49.677653397488534 -9.926331062265337e-05
p 0.33752977555369884 0.9413148520100311 -5.507402873708808e-08 16.87648877768494 47.06574260050155 -2.753701436854404e-06
p -0.5106730309976869 0.8597750027836467 -1.2574593236298981e-07 -25.533651549884347 42.988750139182336 -6.2872966181494905e-06
p 0.9199975473081364 0.39192411631205437 1.69382773831915e-07 45.999877365406824 19.59620581560272 8.46913869159575e-06
p 0.9970983892992233 0.07612359713636722 3.9893175601487824e-06 49.85491946496117 3.8061798568183614 0.00019946587800743912
p -0.5874964832040418 0.8092267186776235 -1.0627567369885006e-06 -29.37482416020209 40.46133593388117 -5.3137836849425026e-05
p -0.8495645333633414 0.5274846951818819 7.274186071553986e-08 -42.47822666816707 26.374234759094094 3.6370930357769928e-06
p -0.9411459163876932 0.3380005385579669 -1.137414143846413e-06 -47.057295819384656 16.900026927898345 -5.687070719232065e-05
p -0.8464703569002948 0.5324358495217533 -3.214244075398098e-05 -42.32351784501474 26.621792476087663 -0.001607122037699049
p -0.8279530520884605 0.5607974175553315 8.210773041259875e-07 -41.39765260442302 28.039870877766575 4.1053865206299375e-05
p -0.7952422997345794 0.6062917488343305 -2.875163096939986e-06 -39.76211498672897 30.314587441716522 -0.0001437581548469993
p 0.4699642310329537 0.8826854601439117 3.679586581499091e-07 23.498211551647685 44.13427300719558 1.8397932907495453e-05
p -0.9190780177261875 0.3940756233841102 1.9670459968168354e-05 -45.95390088630937 19.70378116920551 0.0009835229984084177
p 0.07248911857570368 0.9973692032984152 -4.594220261436609e-08 3.624455928785184 49.868460164920755 -2.297110130718305e-06
p 0.9836166997657076 0.18027253795854611 4.807637796429112e-08 49.18083498828538 9.013626897927306 2.403818898214556e-06
p 0.9645665572404587 0.2638395716560004 0.00019256600719168933 48.22832786202294 13.19197858280002 0.009628300359584466
p -0.022976531521517962 0.9997360046528432 1.0594711452984429e-07 -1.1488265760758982 49.98680023264216 5.297355726492214e-06
p -0.3664745565840228 0.9304279905976302 0.0003920318868942346 -18.32372782920114 46.521399529881506 0.019601594344711728
p 0.9966434183575525 0.08186511249933856 2.07950390687312e-07 49.832170917877626 4.093255624966928 1.03975195343656e-05
p -0.9271430730269627 0.3747075154545436 -5.3605785164838294e-08 -927.1430730269627 374.7075154545436 -5.36057851648383e-05
p -0.39132263785361243 0.9202535482698725 -2.277892763579903e-09 -391.32263785361243 920.2535482698725 -2.277892763579903e-06
p 0.01917790716490164 0.9998160870247866 1.7941035610680549e-06 19.17790716490164 999.8160870247866 0.0017941035610680549
p 0.5745494756080007 0.8184698528831538 -1.5568462055553965e-08 574.5494756080008 818.4698528831537 -1.5568462055553965e-05
p 0.1892491488603621 0.9819291011349183 5.269180738770571e-09 189.24914886036208 981.9291011349183 5.269180738770571e-06
p -0.9235039284227348 0.3835889651538141 -4.901025269839408e-08 -923.5039284227348 383.58896515381406 -4.901025269839408e-05
p 0.27878182641113647 0.9603544623017423 -4.876272628385741e-08 278.7818264111365 960.3544623017423 -4.8762726283857415e-05
p 0.7717312457194037 0.6359488064144635 -6.299239251398919e-07 771.7312457194037 635.9488064144635 -0.0006299239251398919
p 0.2906608798614842 0.9568261349732254 -1.871755580958675e-05 290.6608798614842 956.8261349732254 -0.018717555809586752
p 0.8992643747131508 0.437405514793499 -5.708542450804781e-09 899.2643747131508 437.405514793499 -5.708542450804781e-06
p -0.7568457588708687 0.6535935259871871 8.174054503468863e-06 -756.8457588708687 653.5935259871871 0.008174054503468864
p -0.9680167250372756 0.25088567095819103 1.2488626736561472e-05 -968.0167250372757 250.88567095819104 0.012488626736561472
p 0.9222993935842334 0.38647616820983316 -3.5503152911762993e-09 922.2993935842334 386.47616820983313 -3.5503152911762995e-06
p -0.9968432682917105 0.07939457450922484 2.5987236226785695e-09 -996.8432682917105 79.39457450922484 2.5987236226785697e-06
p -0.8644313548487842 0.5027508654933324 2.8347183645637197e-08 -864.4313548487842 502.75086549333236 2.83471836456372e-05
p -0.20312726452785027 0.9791523448206547 6.135674863460666e-06 -203.12726452785026 979.1523448206547 0.006135674863460666
p -0.8697981727105699 0.4934076798011789 1.620403811568857e-05 -869.7981727105699 493.4076798011789 0.01620403811568857
p -0.7021651906442001 0.7120140763932324 8.09237278202224e-06 -702.1651906442002 712.0140763932325 0.008092372782022239
p 0.9878543120251649 0.1553829402310296 -9.92211066944433e-06 987.854312025165 155.3829402310296 -0.00992211066944433
p -0.9948085920219077 0.1017637717431383 -7.578120725835948e-09 -994.8085920219078 101.7637717431383 -7.578120725835948e-06
p 0.7623494700834691 0.6471655780891423 1.526176701557407e-08 762.3494700834691 647.1655780891423 1.526176701557407e-05
p -0.9933960379305604 0.11473583345945176 1.8553426256668722e-05 -993.3960379305604 114.73583345945177 0.018553426256668722
p -0.5822212150361484 0.8130304156437391 -5.3108756348349475e-09 -582.2212150361485 813.0304156437392 -5.310875634834947e-06
p -0.7868347637219844 0.6171637178241682 -1.4020553962829362e-07 -786.8347637219844 617.1637178241682 -0.00014020553962829362
p 0.012510604086842205 0.9999217393303244 -3.4349974419675515e-08 12.510604086842205 999.9217393303244 -3.4349974419675515e-05
p 0.2825911427174542 0.9592404526799542 2.3155408441135126e-09 282.5911427174542 959.2404526799542 2.3155408441135126e-06
p 0.41812877889657285 0.9083877609580949 -1.0455289994234352e-08 418.12877889657284 908.3877609580949 -1.0455289994234352e-05
p -0.8961165412415918 0.44381881946712853 -1.0455191195261551e-07 -896.1165412415918 443.81881946712855 -0.00010455191195261551
p -0.591482833628228 0.8063175909795851 1.9939780870255154e-08 -591.4828336282279 806.3175909795851 1.9939780870255155e-05
p 0.8180289680347328 0.5751770227121649 1.6212979780882533e-09 818.0289680347328 575.1770227121649 1.6212979780882533e-06
p 0.8072252847885909 0.5902434579022676 -1.245996500638952e-06 807.2252847885909 590.2434579022677 -0.0012459965006389518
p 0.9845893835618617 0.17488209024130325 -1.70324994309384e-05 984.5893835618616 174.88209024130325 -0.0170324994309384
p 0.853560280495812 0.5209940955121097 -1.1956210883402824e-06 853.560280495812 520.9940955121098 -0.0011956210883402824
p 0.4243294785723651 0.9055078649933862 -7.04445441591594e-06 424.3294785723651 905.5078649933862 -0.00704445441591594
p 0.9901415320758046 0.1400705053127835 -6.72353055296538e-09 990.1415320758045 140.0705053127835 -6.72353055296538e-06
p 0.5825876667848345 0.8127678700036085 3.667404362753312e-09 582.5876667848345 812.7678700036086 3.667404362753312e-06
p -0.9915816902592945 0.12948263027340895 1.7525775911107954e-08 -991.5816902592945 129.48263027340894 1.7525775911107953e-05
p 0.708680126023058 0.7055299277703694 -5.293714932125991e-07 708.6801260230579 705.5299277703693 -0.0005293714932125992
p -0.4703237442222941 0.8824939521723166 -8.47032772008115e-08 -470.3237442222941 882.4939521723167 -8.47032772008115e-05
p -0.25652607053292803 0.9665373118182946 7.744416438619177e-09 -256.52607053292803 966.5373118182946 7.744416438619176e-06
p 0.6069684688424947 0.7947259135932365 -9.715617992682542e-06 606.9684688424946 794.7259135932366 -0.009715617992682541
p -0.39750235728823835 0.9176011529235352 1.0182973287262058e-05 -397.50235728823833 917.6011529235352 0.010182973287262058
p -0.5094615187102071 0.8604934403895754 -4.185719166009498e-08 -509.4615187102071 860.4934403895754 -4.1857191660094976e-05
p -0.9878400967163699 0.1554732881200589 7.281906682902726e-07 -987.8400967163699 155.4732881200589 0.0007281906682902726
p -0.21306276891849496 0.9770385133149918 1.2067675943897328e-07 -213.06276891849495 977.0385133149919 0.00012067675943897328
p 0.9158259721801949 0.4015753835585554 7.148924457033985e-09 915.8259721801949 401.57538355855536 7.148924457033985e-06
p -0.5988784053527203 0.8008399687822717 1.7300598511038101e-06 -598.8784053527203 800.8399687822717 0.0017300598511038102
p -0.9078497343785121 0.4192956706467148 1.9125547785679468e-05 -907.8497343785122 419.2956706467148 0.01912554778567947
p -0.7622195724920788 0.647318564008023 7.640311039590293e-07 -762.2195724920788 647.318564008023 0.0007640311039590293
p -0.37088982813643123 0.9286768735060087 -1.8236788980582297e-07 -370.8898281364312 928.6768735060087 -0.00018236788980582297
p 0.6184157991836109 0.7858510668823288 -3.8829719767665574e-08 618.4157991836109 785.8510668823287 -3.882971976766557e-05
p -0.697049763222205 0.7170227524924631 9.317668071252406e-09 -697.049763222205 717.022752492463 9.317668071252406e-06
p 0.24986392641900365 0.9682809604006872 3.8821282179311374e-08 249.86392641900366 968.2809604006873 3.882128217931137e-05
p -0.8797633845762611 0.4754118079717012 -2.4009282734260645e-09 -879.7633845762612 475.4118079717012 -2.4009282734260645e-06
p -0.5130720976535426 0.8583455147022053 -2.775864741912275e-09 -513.0720976535425 858.3455147022054 -2.7758647419122747e-06
p -0.8681876893431266 0.4962359681371784 8.029192728760165e-09 -868.1876893431266 496.2359681371784 8.029192728760165e-06
p -0.9557085508869483 0.2943147392869909 1.5476604699874068e-09 -955.7085508869483 294.3147392869909 1.5476604699874067e-06
p 0.9981421885488061 0.060927591757515095 -1.2765053830112197e-06 998.1421885488061 60.927591757515096 -0.0012765053830112198
p 0.2289251548006483 0.9734440268949034 1.460755080042167e-06 228.9251548006483 973.4440268949033 0.001460755080042167
p -0.4883502461949312 0.8726477164577829 1.5385404849339507e-06 -488.35024619493123 872.647716457783 0.0015385404849339508
case 1 4 180
s 1.0 0.0 0.0 0.0 0.99999999995 9.9999999995e-06 0.0 -9.9999999995e-06 0.99999999995 1.0 1.0 0.001 0.0 0.0 0.0 0.00099999999995 9.999999999500001e-09 0.001 0.0
s 0.0 0.99999999995 9.9999999995e-06 -1.0 0.0 0.0 0.0 -9.9999999995e-06 0.99999999995 1.0 1.0 0.0 0.00099999999995 9.999999999500001e-09 -0.001 0.0 0.0 0.001 1.0
s -1.0 0.0 0.0 0.0 -1.0 0.0 0.0 0.0 1.0 1.0 1.0 -0.001 0.0 0.0 0.0 -0.001 0.0 0.001 2.0
s 0.0 -1.0 0.0 1.0 0.0 0.0 -0.0 0.0 1.0 1.0 1.0 0.0 -0.001 0.0 0.001 0.0 0.0 0.001 3.0
p 0.9717634498927854 0.23595719410085983 2.1262992729463202e-06 0.9717634498927854 0.23595719410085983 2.1262992729463202e-06
p -0.9872491260195129 0.15917974123255801 0.0009864861093130724 -0.9872491260195129 0.15917974123255801 0.0009864861093130724
p 0.46936903507807226 0.8830021000649994 -1.3808706728528007e-05 0.46936903507807226 0.8830021000649994 -1.3808706728528007e-05
p 0.9173232503292027 0.3981385671756906 0.0019328043758042037 0.9173232503292027 0.3981385671756906 0.0019328043758042037
p 0.863971354389876 0.5035388274232329 -0.0014656298846867381 0.863971354389876 0.5035388274232329 -0.0014656298846867381
p -0.7408329398781929 0.6716893292481022 -1.2871224473340827e-05 -0.7408329398781929 0.6716893292481022 -1.2871224473340827e-05
p -0.11044035615656812 0.9938820546113194 0.0011786660226164106 -0.11044035615656812 0.9938820546113194 0.0011786660226164106
p -0.9940732836268908 0.10870381481986267 0.0013369453467340544 -0.9940732836268908 0.10870381481986267 0.0013369453467340544
p -0.9886970276484445 0.14991951049888805 -0.0015257427387594727 -0.9886970276484445 0.14991951049888805 -0.0015257427387594727
p -0.633629810806514 0.7736363889842258 -2.228786340679131e-05 -0.633629810806514 0.7736363889842258 -2.228786340679131e-05
p 0.8586536879014961 0.5125561843023392 -4.676095397860887e-05 0.8586536879014961 0.5125561843023392 -4.676095397860887e-05
p -0.10139782520342762 0.9948459579485889 -3.1581160262321034e-05 -0.10139782520342762 0.9948459579485889 -3.1581160262321034e-05
p -0.47732915312817253 0.8787245754756957 -5.385174669661394e-06 -0.47732915312817253 0.8787245754756957 -5.385174669661394e-06
p -0.7862341300103204 0.6176804193450832 -0.01751548927654655 -0.7862341300103204 0.6176804193450832 -0.01751548927654655
p 0.8327049662522206 0.5537169303057574 1.6482029954712128e-05 0.8327049662522206 0.5537169303057574 1.6482029954712128e-05
p 0.997633774182923 0.06703864034609251 0.015253632684834659 0.997633774182923 0.06703864034609251 0.015253632684834659
p 0.8292887938873257 0.5588202688771764 5.852303038929181e-05 0.8292887938873257 0.5588202688771764 5.852303038929181e-05
p 0.3183962020166514 0.947886489144376 0.01162162806669362 0.3183962020166514 0.947886489144376 0.01162162806669362
p -0.6489242377072503 0.7608527665117324 -0.0006335672872255356 -0.6489242377072503 0.7608527665117324 -0.0006335672872255356
p -0.7734250829234939 0.6338877196087537 5.831007183278973e-06 -0.7734250829234939 0.6338877196087537 5.831007183278973e-06
p 0.9979321581231341 0.06427584698199239 0.00015257277474658022 0.9979321581231341 0.06427584698199239 0.00015257277474658022
p 0.9830024044091022 0.1835926795903528 3.044269854014287e-05 0.9830024044091022 0.1835926795903528 3.044269854014287e-05
p 0.44212314169303757 0.8969543620330532 3.058870554980463e-06 0.44212314169303757 0.8969543620330532 3.058870554980463e-06
p 0.9414351876438831 0.3371929897277113 -0.0008216717192933257 0.9414351876438831 0.3371929897277113 -0.0008216717192933257
p 0.43541336956901483 0.9002292204736003 -0.0015963101360448645 0.43541336956901483 0.9002292204736003 -0.0015963101360448645
p 0.3214027591101186 0.9469425826008759 0.00010813688747926995 0.3214027591101186 0.9469425826008759 0.00010813688747926995
p 0.7706518655064227 0.6372563865381845 2.786892272170828e-06 0.7706518655064227 0.6372563865381845 2.786892272170828e-06
p 0.9073555539871173 0.42036397661644037 -0.00016066096096971152 0.9073555539871173 0.42036397661644037 -0.00016066096096971152
p -0.7065764160517204 0.707636748047001 -3.306011516094085e-05 -0.7065764160517204 0.707636748047001 -3.306011516094085e-05
p 0.5487142639842163 0.8359843523358349 -0.006543634303236211 0.5487142639842163 0.8359843523358349 -0.006543634303236211
p -0.9580024711346955 0.28675462709981614 -0.0017461777293070234 -0.9580024711346955 0.28675462709981614 -0.0017461777293070234
p -0.5981244629906122 0.8013341554875447 -0.010521312715406645 -0.5981244629906122 0.8013341554875447 -0.010521312715406645
p 0.7373544442056982 0.6755060436567492 9.270011932211773e-05 0.7373544442056982 0.6755060436567492 9.270011932211773e-05
p 0.4804985160026508 0.8769936577021741 0.0018167194093458283 0.4804985160026508 0.8769936577021741 0.0018167194093458283
p -0.38374263939353775 0.9234397561639006 0.0007768186641996231 -0.38374263939353775 0.9234397561639006 0.0007768186641996231
p 0.0647222309136131 0.9979033116399912 -0.00011594612321120092 0.0647222309136131 0.9979033116399912 -0.00011594612321120092
p -0.09603375815579365 0.995378061317101 0.00017984183029235974 -0.09603375815579365 0.995378061317101 0.00017984183029235974
p 0.9963277298439471 0.0856215711054427 -3.61309075999839e-05 0.9963277298439471 0.0856215711054427 -3.61309075999839e-05
p -0.6709699883258947 0.7414845074007318 -7.1163837610792035e-06 -0.6709699883258947 0.7414845074007318 -7.1163837610792035e-06
p 0.4133544839692942 0.9105688270024617 -0.0015753964070874987 0.4133544839692942 0.9105688270024617 -0.0015753964070874987
p -0.19393004367451194 0.9810139096478605 -0.001687376016616103 -0.19393004367451194 0.9810139096478605 -0.001687376016616103
p -0.9899641697761133 0.14079466009668454 -0.012157559284246316 -0.9899641697761133 0.14079466009668454 -0.012157559284246316
p -0.36201402726255266 0.9320183804658896 0.016958258722172097 -0.36201402726255266 0.9320183804658896 0.016958258722172097
p 0.19676500709027647 0.9803639632248285 0.013039616362092147 0.19676500709027647 0.9803639632248285 0.013039616362092147
p -0.8683166935523287 0.49568177783421424 -0.018047016968578865 -0.8683166935523287 0.49568177783421424 -0.018047016968578865
p 0.5593717432341558 0.8289169155255001 5.183898855326423e-06 0.5593717432341558 0.8289169155255001 5.183898855326423e-06
p -0.7347220426086117 0.6783682756622329 5.176946972800861e-05 -0.7347220426086117 0.6783682756622329 5.176946972800861e-05
p -0.8570246873214102 0.5152753465352297 5.0740890425576004e-05 -0.8570246873214102 0.5152753465352297 5.0740890425576004e-05
p -0.4892139015780515 0.8721638344132082 6.666656137699487e-05 -0.4892139015780515 0.8721638344132082 6.666656137699487e-05
p -0.6589844369735502 0.752156573912858 1.2096464648336858e-05 -0.6589844369735502 0.752156573912858 1.2096464648336858e-05
p -0.10761600266643843 0.9941925346264624 7.944027260469244e-06 -0.10761600266643843 0.9941925346264624 7.944027260469244e-06
p -0.8798888584795146 0.4751795411737233 1.9327350594470305e-05 -0.8798888584795146 0.4751795411737233 1.9327350594470305e-05
p -0.003392722557676455 0.9999942443374692 -2.693660680495673e-05 -0.003392722557676455 0.9999942443374692 -2.693660680495673e-05
p 0.2824264283756444 0.9591503000759999 0.016309948470073967 0.2824264283756444 0.9591503000759999 0.016309948470073967
p -0.9546340955367711 0.29778007783043287 0.0008768614442211028 -0.9546340955367711 0.29778007783043287 0.0008768614442211028
p 0.9419660068923889 0.33565730607712374 -0.005849336394515508 0.9419660068923889 0.33565730607712374 -0.005849336394515508
p -0.7516554146462401 0.659556015352113 1.5679043446740695e-05 -0.7516554146462401 0.659556015352113 1.5679043446740695e-05
p 0.9792483157354939 0.2026640959805791 -1.815415272298105e-05 0.9792483157354939 0.2026640959805791 -1.815415272298105e-05
p -0.8752717230802436 0.4836314821471997 1.588220107180855e-05 -0.8752717230802436 0.4836314821471997 1.588220107180855e-05
p -0.8335812915482957 0.5523941020302435 -0.0017281269849442594 -0.8335812915482957 0.5523941020302435 -0.0017281269849442594
p -0.955413868091009 0.2952699454048033 1.4329170070872317e-07 -47.77069340455045 14.763497270240164 7.1645850354361585e-06
p 0.8437428848675264 0.5367475597936405 -3.59304418171094e-05 42.187144243376316 26.837377989682025 -0.00179652209085547
p -0.08109870343355818 0.9967060751796738 -1.1516720489335747e-06 -4.05493517167791 49.83530375898369 -5.758360244667873e-05
p 0.20337848764015623 0.9791001944461766 -8.136772580941898e-07 10.16892438200781 48.95500972230883 -4.068386290470949e-05
p 0.6501248294190497 0.7598273959325623 -0.0001859117879862788 32.50624147095248 37.99136979662811 -0.00929558939931394
p -0.9629903388240912 0.26953591102373986 2.540030511736708e-07 -48.14951694120456 13.476795551186992 1.270015255868354e-05
p 0.8128369201406546 0.582491227972735 0.00033255235772148596 40.641846007032726 29.12456139863675 0.016627617886074298
p -0.47216328986697154 0.8815110910399009 0.00015516327470810066 -23.60816449334858 44.07555455199505 0.007758163735405033
p -0.8041182734412478 0.5944693442685112 3.2292926321816956e-05 -40.20591367206239 29.723467213425558 0.001614646316090848
p -0.8117044831895018 0.5840683452902222 7.548894488421039e-08 -40.58522415947509 29.20341726451111 3.7744472442105195e-06
p -0.5057939065862452 0.8626543479632703 5.381466384563881e-07 -25.289695329312263 43.132717398163514 2.6907331922819405e-05
p 0.7970023178601827 0.6039762456632592 1.0303387346114939e-07 39.85011589300914 30.19881228316296 5.15169367305747e-06
p -0.2470333018487227 0.9690069898529051 -3.733536956455849e-05 -12.351665092436134 48.45034949264526 -0.0018667684782279245
p 0.9976039330590077 0.06918376069928002 -8.388477700039412e-07 49.88019665295039 3.459188034964001 -4.194238850019706e-05
p 0.8552907362879134 0.518148390990279 -3.652757928225422e-05 42.76453681439567 25.90741954951395 -0.0018263789641127111
p 0.45805290362717715 0.8889249335368892 3.892197040715832e-06 22.902645181358857 44.44624667684446 0.00019460985203579158
p 0.8516534145243747 0.5241053916227664 9.594465339830709e-07 42.58267072621874 26.205269581138317 4.7972326699153544e-05
p -0.96744852631543 0.2530677390073868 0.0002615411858212798 -48.3724263157715 12.653386950369342 0.013077059291063991
p -0.9746117393995061 0.2239016690973726 -2.828833107017687e-07 -48.730586969975306 11.19508345486863 -1.4144165535088435e-05
p -0.8171223420477701 0.5764642426087261 -0.0002347763077901778 -40.85611710238851 28.823212130436303 -0.01173881538950889
p 0.4998094272699648 0.8661354030439169 2.453849515446609e-06 24.99047136349824 43.306770152195845 0.00012269247577233045
p 0.6665421772078959 0.7454672612896207 0.0002972344367895029 33.327108860394794 37.27336306448103 0.014861721839475145
p -0.6859672962112922 0.7276322675929016 -0.0003894691021417056 -34.29836481056461 36.38161337964508 -0.01947345510708528
p 0.9520634264788956 0.30590057609176524 -0.00026364368140620954 47.60317132394478 15.295028804588263 -0.013182184070310477
p -0.3042368267113143 0.95259642728313 2.1491313094246715e-07 -15.211841335565715 47.6298213641565 1.0745656547123357e-05
p -0.9237992055565851 0.38287730124761854 -1.5370895795440193e-06 -46.18996027782926 19.143865062380925 -7.685447897720097e-05
p 0.5211624113958124 0.8534575214627572 2.59793243932323e-06 26.05812056979062 42.672876073137864 0.0001298966219661615
p 0.8070881980880391 0.5904308939296632 -6.488997187076682e-07 40.354409904401955 29.52154469648316 -3.244498593538341e-05
p 0.4841532327685179 0.8749831774163797 0.00029400362180496357 24.207661638425897 43.74915887081898 0.014700181090248178
p -0.6590167544232541 0.7521282584385748 1.5735218169522047e-05 -32.950837721162706 37.60641292192874 0.0007867609084761024
p -0.8341162264192724 0.5515887237870885 2.4799281877846715e-05 -41.70581132096362 27.57943618935442 0.0012399640938923358
p 0.6739439057695172 0.7387825200125426 2.1232658412651376e-07 33.69719528847586 36.939126000627134 1.0616329206325687e-05
p -0.5848477568089033 0.8111430831511889 -3.402567879240248e-06 -29.242387840445165 40.557154157559445 -0.0001701283939620124
p 0.6914031238781119 0.7224691829352688 -6.582478897190397e-07 34.570156193905596 36.123459146763444 -3.291239448595198e-05
p 0.9912731910111583 0.13182359721422207 2.414355220057819e-07 49.563659550557915 6.591179860711104 1.2071776100289094e-05
p -0.9963892848768172 0.08490165241166107 0.0003200006786381768 -49.81946424384086 4.245082620583053 0.016000033931908842
p -0.9776971855436857 0.21001955475366704 -1.0135558263008284e-06 -48.88485927718428 10.500977737683352 -5.067779131504142e-05
p 0.9349902962733125 0.35467329456093355 1.9137088870252263e-07 46.74951481366563 17.733664728046676 9.568544435126131e-06
p -0.9537893791743011 0.30047598934739517 7.43836817923161e-08 -47.689468958715054 15.02379946736976 3.719184089615805e-06
p -0.5909534098239264 0.8067056272566391 0.0003136398367123957 -29.54767049119632 40.33528136283196 0.015681991835619784
p -0.37077419561720526 0.9287230458346609 6.880653021193947e-08 -18.538709780860263 46.436152291733045 3.4403265105969733e-06
p 0.6433644280344546 0.7655600647499172 3.9828189926450606e-08 32.16822140172273 38.27800323749586 1.9914094963225305e-06
p -0.9590430794262856 0.28326025356537504 -2.3550514782585198e-05 -47.95215397131428 14.163012678268752 -0.00117752573912926
p -0.9790090890265677 0.20381649741262614 0.00019744826931943974 -48.95045445132838 10.190824870631307 0.009872413465971987
p -0.12450911913604971 0.9922184634705361 -3.6516593252600835e-07 -6.225455956802485 49.61092317352681 -1.8258296626300417e-05
p -0.9078357320261972 0.41932598733702736 -5.346812683966535e-07 -45.39178660130986 20.966299366851366 -2.6734063419832677e-05
p 0.46197614949754146 0.8868923481926552 3.5697897508314225e-06 23.098807474877074 44.34461740963276 0.00017848948754157113
p -0.19157677393666514 0.9814776306755171 1.3099358923217107e-05 -9.578838696833257 49.073881533775854 0.0006549679461608554
p 0.013653936851938275 0.9999067806524758 -3.693892755994303e-06 0.6826968425969138 49.99533903262379 -0.00018469463779971515
p 0.910273786026323 0.41400680485009017 -3.3351813584752158e-06 45.51368930131615 20.70034024250451 -0.0001667590679237608
p -0.06542024223616429 0.99785780078057 -3.64297392750582e-05 -3.2710121118082145 49.8928900390285 -0.0018214869637529101
p 0.853079383449923 0.5217811469390734 -1.5219874296251363e-05 42.65396917249615 26.08905734695367 -0.0007609937148125681
p -0.8668889940854072 0.49850114139464125 -0.0002897616794473594 -43.34444970427036 24.925057069732063 -0.01448808397236797
p 0.1792263565998951 0.9838078639137291 1.1970411926438548e-06 8.961317829994755 49.190393195686454 5.985205963219274e-05
p -0.5889265424915395 0.8081865672902231 -7.789579832674434e-07 -29.446327124576975 40.409328364511154 -3.894789916337217e-05
p -0.703554298982105 0.7106415048277123 -5.935485773202643e-08 -35.17771494910525 35.53207524138561 -2.9677428866013213e-06
p -0.3596686864309099 0.9330800794929025 -3.5420087608679734e-05 -17.983434321545495 46.65400397464513 -0.0017710043804339867
p 0.44826965489340953 0.8938983815298378 2.829543986197972e-07 22.413482744670475 44.69491907649189 1.4147719930989859e-05
p -0.2948037649889231 0.9555578162182286 -3.550484957880069e-06 -14.740188249446154 47.77789081091143 -0.00017752424789400345
p 0.5995565972028647 0.8003323600370797 -1.5099671837325285e-05 29.977829860143235 40.016618001853985 -0.0007549835918662642
p -0.6022106252744042 0.7983372487906207 1.8382767805810595e-07 -602.2106252744042 798.3372487906207 0.00018382767805810596
p -0.772961596934001 0.6344528112202181 3.4790393541604836e-08 -772.961596934001 634.4528112202181 3.479039354160484e-05
p 0.7636077294461536 0.6456804438188366 -4.405772762202595e-09 763.6077294461536 645.6804438188366 -4.405772762202595e-06
p -0.2767682089752672 0.9609367088943057 5.8303044008173964e-08 -276.7682089752672 960.9367088943058 5.8303044008173964e-05
p 0.9948000652524516 0.10184709212200566 -9.931348714969727e-08 994.8000652524515 101.84709212200566 -9.931348714969728e-05
p -0.6871762138755062 0.7264907783886349 4.176888669239282e-09 -687.1762138755062 726.4907783886348 4.176888669239283e-06
p 0.972240077170573 0.23398553874835515 -1.5801239089653882e-08 972.240077170573 233.98553874835514 -1.580123908965388e-05
p -0.6836303683314366 0.7298284178456078 3.787749663042478e-08 -683.6303683314367 729.8284178456078 3.787749663042478e-05
p 0.9277970754584567 0.3730852270407366 -1.1605903897206993e-05 927.7970754584567 373.0852270407366 -0.011605903897206993
p -0.32626018260569944 0.9452800078527502 -6.881924988342727e-09 -326.26018260569947 945.2800078527503 -6.881924988342727e-06
p -0.45735060994337484 0.8892864665474353 -1.7544727386443544e-08 -457.3506099433748 889.2864665474352 -1.7544727386443545e-05
p -0.9860466184369798 0.16646941455284947 -1.6953723334974808e-05 -986.0466184369798 166.46941455284946 -0.01695372333497481
p -0.5969253656483505 0.8022967704319787 8.392475253329165e-09 -596.9253656483505 802.2967704319786 8.392475253329165e-06
p -0.9979970590263659 0.06326033650498758 -1.4499804460359208e-08 -997.997059026366 63.26033650498758 -1.4499804460359209e-05
p 0.9026967461999881 0.4302773342856373 2.2161151703836543e-08 902.6967461999881 430.2773342856373 2.2161151703836542e-05
p -0.1310595598466236 0.991374496227307 1.6919482313329026e-06 -131.05955984662359 991.374496227307 0.0016919482313329027
p 0.8673022098676413 0.49778195704414985 4.6181492315810675e-08 867.3022098676413 497.78195704414986 4.6181492315810674e-05
p -0.9597103960713661 0.2809910241850114 3.0492894075604392e-09 -959.7103960713661 280.9910241850114 3.0492894075604393e-06
p -0.9982658078456507 0.05886745184111795 6.464556388020661e-08 -998.2658078456507 58.86745184111795 6.464556388020661e-05
p 0.6001257231289755 0.799905692179838 7.564295039570908e-06 600.1257231289756 799.905692179838 0.007564295039570908
p 0.9656742762799063 0.25975602424444205 -1.6353669361376128e-09 965.6742762799063 259.7560242444421 -1.6353669361376127e-06
p -0.9699368365229525 0.2433568021565191 1.3636475793677147e-08 -969.9368365229525 243.35680215651908 1.3636475793677146e-05
p -0.9105263305178095 0.41345108711161077 4.573179497746484e-09 -910.5263305178095 413.4510871116108 4.5731794977464835e-06
p 0.46955652773654843 0.8829024109492404 -1.209758797464903e-07 469.55652773654845 882.9024109492403 -0.0001209758797464903
p -0.6700054553294467 0.7423561745064391 9.727762972790293e-07 -670.0054553294467 742.3561745064391 0.0009727762972790293
p 0.5952482848681847 0.8035418340956844 -1.4819858033716721e-05 595.2482848681847 803.5418340956844 -0.01481985803371672
p 0.9747075124489404 0.22348437343949978 1.9881820132281015e-06 974.7075124489404 223.4843734394998 0.0019881820132281016
p -0.4838371490132375 0.8751580504306967 1.041395676131836e-06 -483.8371490132375 875.1580504306967 0.0010413956761318361
p -0.5845184263054014 0.8113804342836246 1.3083341207861468e-05 -584.5184263054014 811.3804342836246 0.013083341207861468
p -0.9655263533232424 0.26030532265447537 -6.005897389707165e-06 -965.5263533232425 260.3053226544754 -0.0060058973897071655
p 0.25473493466349584 0.9670109167216118 -1.7923854199721735e-06 254.73493466349584 967.0109167216118 -0.0017923854199721734
p -0.6891852731708608 0.7245851635550423 -5.644551759770025e-07 -689.1852731708608 724.5851635550423 -0.0005644551759770026
p 0.7672923390751965 0.6412974866600485 1.3677267501384726e-07 767.2923390751964 641.2974866600484 0.00013677267501384726
p -0.9981347650668406 0.0610490848820709 -1.5694543350287585e-07 -998.1347650668406 61.0490848820709 -0.00015694543350287584
p 0.6403901223051217 0.7680497973790705 -1.3063864307848368e-08 640.3901223051217 768.0497973790706 -1.3063864307848367e-05
p -0.8824257498719155 0.4704516935488568 1.5975770773784377e-08 -882.4257498719155 470.4516935488568 1.5975770773784376e-05
p 0.6614324203818844 0.7500047688282749 1.6149330279134802e-06 661.4324203818844 750.0047688282749 0.0016149330279134802
p 0.16185237672491543 0.9868149817207358 4.522846264725595e-09 161.85237672491542 986.8149817207358 4.522846264725595e-06
p -0.603502522640143 0.7973610882266742 1.220482489660229e-05 -603.5025226401431 797.3610882266742 0.01220482489660229
p 0.8822781685205671 0.47072840720737646 1.9422905880589217e-08 882.2781685205671 470.72840720737645 1.9422905880589218e-05
p -0.19753579425912204 0.9802956746310385 1.6914344634359842e-05 -197.53579425912204 980.2956746310385 0.016914344634359844
p 0.8488743013422131 0.5285947602093397 -1.6325217042725803e-08 848.8743013422131 528.5947602093397 -1.6325217042725803e-05
p 0.6582643235404608 0.7527868757847865 -5.025488182188362e-09 658.2643235404609 752.7868757847865 -5.025488182188362e-06
p -0.1903652821867102 0.9817133284915522 1.0892553476779733e-07 -190.3652821867102 981.7133284915523 0.00010892553476779732
p 0.1386474165436116 0.9903418065913094 -1.8010513363018655e-06 138.6474165436116 990.3418065913095 -0.0018010513363018654
p 0.31605752328112285 0.9487400286576942 3.240132130674685e-09 316.0575232811228 948.7400286576942 3.240132130674685e-06
p 0.13526591018936407 0.9908093324140259 -1.849094855773463e-05 135.26591018936406 990.8093324140259 -0.01849094855773463
p 0.5788686752706023 0.8154207851106434 -9.091045244326585e-09 578.8686752706022 815.4207851106435 -9.091045244326585e-06
p -0.8236637221244464 0.5670785418962542 1.3301175965629477e-05 -823.6637221244464 567.0785418962541 0.013301175965629476
p -0.8922751554855517 0.45149202307818187 -7.140966391109816e-08 -892.2751554855517 451.4920230781819 -7.140966391109816e-05
p 0.3899529001642155 0.9208348036719273 2.5551384112770937e-08 389.9529001642155 920.8348036719273 2.5551384112770938e-05
p -0.9324307544815637 0.36134870706343064 7.274007603213664e-07 -932.4307544815637 361.34870706343065 0.0007274007603213664
p -0.39796325245235287 0.9174013569291588 1.4433116690942973e-06 -397.9632524523529 917.4013569291589 0.0014433116690942974
p 0.09592928679369112 0.9953881513928904 -1.3777178305390791e-06 95.92928679369112 995.3881513928903 -0.0013777178305390792
p -0.6063474838855133 0.7951998043169447 -1.641762966386008e-08 -606.3474838855133 795.1998043169447 -1.641762966386008e-05
p -0.8350062471146132 0.5502404631427694 1.1392871647861933e-08 -835.0062471146132 550.2404631427694 1.1392871647861933e-05
p 0.8531285781500058 0.5217007083987423 3.6266472793068665e-09 853.1285781500058 521.7007083987422 3.6266472793068663e-06
p -0.7482270729027013 0.6634427235078064 5.077886375132382e-09 -748.2270729027013 663.4427235078065 5.0778863751323814e-06
p -0.8653984872312345 0.5010842826290689 4.7289228955618396e-08 -865.3984872312345 501.0842826290689 4.7289228955618395e-05
p -0.2237171210240005 0.9746541180135304 -2.992081908180705e-09 -223.71712102400048 974.6541180135304 -2.992081908180705e-06
case 2 4 180
s 0.0 0.99999999995 9.9999999995e-06 1.0 0.0 0.0 0.0 9.9999999995e-06 -0.99999999995 1.0 1.0 0.0 0.0099999999995 9.999999999500001e-08 0.01 0.0 0.0 0.01 0.0
s -1.0 0.0 0.0 0.0 0.99999999995 9.9999999995e-06 0.0 9.9999999995e-06 -0.99999999995 1.0 1.0 -0.01 0.0 0.0 0.0 0.0099999999995 9.999999999500001e-08 0.01 1.0
s 0.0 -1.0 0.0 -1.0 0.0 0.0 -0.0 -0.0 -1.0 1.0 1.0 0.0 -0.01 0.0 -0.01 0.0 0.0 0.01 2.0
s 1.0 0.0 0.0 0.0 -1.0 0.0 0.0 0.0 -1.0 1.0 1.0 0.01 0.0 0.0 0.0 -0.01 0.0 0.01 3.0
p -0.8597076274277914 0.5107864474496019 -2.1078259937143537e-05 -0.8597076274277914 0.5107864474496019 -2.1078259937143537e-05
p -0.8195301099370819 0.5730361231981366 2.0409912606933115e-05 -0.8195301099370819 0.5730361231981366 2.0409912606933115e-05
p -0.9109379966072751 0.412543290249618 2.672729956186995e-06 -0.9109379966072751 0.412543290249618 2.672729956186995e-06
p 0.3228140881363391 0.9464623946254288 -7.784797062961122e-06 0.3228140881363391 0.9464623946254288 -7.784797062961122e-06
p -0.6404689985351739 0.7679823164300073 -0.0016197426189889382 -0.6404689985351739 0.7679823164300073 -0.0016197426189889382
p -0.41026403275750967 0.9119667878607247 3.5560330581390345e-05 -0.41026403275750967 0.9119667878607247 3.5560330581390345e-05
p 0.1364646078880018 0.9904550537493093 0.01939580615563091 0.1364646078880018 0.9904550537493093 0.01939580615563091
p -0.6496648620107675 0.7601336755843674 -0.011504882056346817 -0.6496648620107675 0.7601336755843674 -0.011504882056346817
p 0.47529965997277246 0.8798239639458475 -0.00016030091380502565 0.47529965997277246 0.8798239639458475 -0.00016030091380502565
p -0.8288545334817683 0.55946417427648 5.2779436666250134e-06 -0.8288545334817683 0.55946417427648 5.2779436666250134e-06
p 0.020949110661999733 0.9997805418764683 -5.3363536316324166e-05 0.020949110661999733 0.9997805418764683 -5.3363536316324166e-05
p -0.3219863224283745 0.9467443203324561 -9.342735151988746e-06 -0.3219863224283745 0.9467443203324561 -9.342735151988746e-06
p 0.05891625376308745 0.9982629287549895 1.0771928065381138e-05 0.05891625376308745 0.9982629287549895 1.0771928065381138e-05
p 0.8847339371935474 0.4660956014178525 0.0008664392272776853 0.8847339371935474 0.4660956014178525 0.0008664392272776853
p 0.650822041229653 0.7592303134491878 4.230267004862928e-05 0.650822041229653 0.7592303134491878 4.230267004862928e-05
p -0.6691515411341505 0.7431259751689617 5.1933496998403014e-06 -0.6691515411341505 0.7431259751689617 5.1933496998403014e-06
p 0.9966808947337024 0.08140505583601666 0.0006410594055885238 0.9966808947337024 0.08140505583601666 0.0006410594055885238
p -0.7656390864725576 0.6430723380130605 0.01596111988187354 -0.7656390864725576 0.6430723380130605 0.01596111988187354
p 0.7741874151554595 0.6329564297763737 -6.495886927383442e-05 0.7741874151554595 0.6329564297763737 -6.495886927383442e-05
p -0.8110408158430289 0.5846826140544475 -0.018948241584170605 -0.8110408158430289 0.5846826140544475 -0.018948241584170605
p -0.5559374564068059 0.831224124137212 -4.031800942440064e-06 -0.5559374564068059 0.831224124137212 -4.031800942440064e-06
p -0.24095949840089734 0.9705351719426666 -1.235340030964601e-05 -0.24095949840089734 0.9705351719426666 -1.235340030964601e-05
p -0.881727810406492 0.47140527381038905 -0.018252018505509136 -0.881727810406492 0.47140527381038905 -0.018252018505509136
p -0.07156150072954079 0.9974361888727756 2.72082469113764e-05 -0.07156150072954079 0.9974361888727756 2.72082469113764e-05
p -0.3132199808949698 0.9496802977553083 -0.000758698585639112 -0.3132199808949698 0.9496802977553083 -0.000758698585639112
p 0.9756822570014881 0.21895534220778148 0.010133681026918896 0.9756822570014881 0.21895534220778148 0.010133681026918896
p -0.7555121960524628 0.6551345540326063 0.00019423821232761012 -0.7555121960524628 0.6551345540326063 0.00019423821232761012
p -0.10123879610076657 0.994862147529162 0.00011652352259037161 -0.10123879610076657 0.994862147529162 0.00011652352259037161
p -0.5083774179284268 0.8611338502484917 -0.0009449320791497693 -0.5083774179284268 0.8611338502484917 -0.0009449320791497693
p 0.5125720158441534 0.8584856525167956 -0.016501908867540337 0.5125720158441534 0.8584856525167956 -0.016501908867540337
p -0.977332272248175 0.21156911174857768 0.007755035534221571 -0.977332272248175 0.21156911174857768 0.007755035534221571
p 0.942166175727926 0.3351460439498814 0.00016290782329212976 0.942166175727926 0.3351460439498814 0.00016290782329212976
p 0.6758728059324465 0.7370182834895695 -1.757905540330534e-06 0.6758728059324465 0.7370182834895695 -1.757905540330534e-06
p 0.1863432546057701 0.9824847029024103 5.068721048609186e-06 0.1863432546057701 0.9824847029024103 5.068721048609186e-06
p -0.7346618238902671 0.6782985463906106 -0.01353094537019139 -0.7346618238902671 0.6782985463906106 -0.01353094537019139
p 0.21721663273786104 0.9761234017702481 0.000197429744163479 0.21721663273786104 0.9761234017702481 0.000197429744163479
p -0.5299537388193379 0.8480265511097265 -5.765715470179832e-05 -0.5299537388193379 0.8480265511097265 -5.765715470179832e-05
p -0.9384026262211016 0.3455419556097247 -0.0011260616086806686 -0.9384026262211016 0.3455419556097247 -0.0011260616086806686
p 0.3242381975480843 0.9459754706258234 -1.5000713448982764e-05 0.3242381975480843 0.9459754706258234 -1.5000713448982764e-05
p 0.9371920565548871 0.3488137741336729 -1.0249118199222407e-05 0.9371920565548871 0.3488137741336729 -1.0249118199222407e-05
p -0.9893448038084148 0.14559141170688553 -3.805974398281773e-06 -0.9893448038084148 0.14559141170688553 -3.805974398281773e-06
p -0.9299918562223539 0.36757835685871465 -0.0011397057287201055 -0.9299918562223539 0.36757835685871465 -0.0011397057287201055
p -0.7245857577001587 0.6890372687212729 0.014252089363154061 -0.7245857577001587 0.6890372687212729 0.014252089363154061
p -0.959461640095814 0.2818376275299977 -0.0009554542966893342 -0.959461640095814 0.2818376275299977 -0.0009554542966893342
p 0.8869930165156747 0.4617828191345495 0.00012885872850419822 0.8869930165156747 0.4617828191345495 0.00012885872850419822
p 0.899303723703473 0.4373217925397062 0.001569172688312893 0.899303723703473 0.4373217925397062 0.001569172688312893
p 0.5923007155517624 0.8056952232315985 -0.005921960710339521 0.5923007155517624 0.8056952232315985 -0.005921960710339521
p 0.5870868934562502 0.8095238968579975 -0.00019986928673610362 0.5870868934562502 0.8095238968579975 -0.00019986928673610362
p -0.1704808887265654 0.9853609828670815 4.713762928611214e-06 -0.1704808887265654 0.9853609828670815 4.713762928611214e-06
p -0.8265263555068175 0.562898020912878 4.129144123025822e-05 -0.8265263555068175 0.562898020912878 4.129144123025822e-05
p 0.7687504324385509 0.6395466200363802 -0.0017010072260110543 0.7687504324385509 0.6395466200363802 -0.0017010072260110543
p 0.9708634718323671 0.239633294114744 -5.842361752018838e-05 0.9708634718323671 0.239633294114744 -5.842361752018838e-05
p -0.28267427168257003 0.9592150207397611 0.0013416839972320359 -0.28267427168257003 0.9592150207397611 0.0013416839972320359
p -0.005604804679055181 0.9999842929107671 9.811369690204818e-06 -0.005604804679055181 0.9999842929107671 9.811369690204818e-06
p -0.2151330681481929 0.976554691023843 0.007661489964203807 -0.2151330681481929 0.976554691023843 0.007661489964203807
p -0.3001358348762262 0.953896181761837 0.0007450123080526519 -0.3001358348762262 0.953896181761837 0.0007450123080526519
p 0.48607334738438374 0.8739180172927499 -3.6944783703221436e-06 0.48607334738438374 0.8739180172927499 -3.6944783703221436e-06
p 0.13422944210883359 0.9909502756030055 9.029661557557958e-05 0.13422944210883359 0.9909502756030055 9.029661557557958e-05
p -0.4071644132066153 0.9133548819918059 1.2643065136770703e-05 -0.4071644132066153 0.9133548819918059 1.2643065136770703e-05
p -0.871209400917982 0.4909115803503884 -5.47859387674141e-06 -0.871209400917982 0.4909115803503884 -5.47859387674141e-06
p -0.8042267291646726 0.5943226128098125 1.0006098126853497e-07 -40.21133645823363 29.716130640490622 5.003049063426749e-06
p 0.9840847792106417 0.1776994406140211 0.00023692067555912218 49.20423896053209 8.884972030701055 0.01184603377795611
p -0.9742315768944454 0.22554976908036567 0.0003691199752610697 -48.71157884472227 11.277488454018284 0.018455998763053486
p -0.27449310451943937 0.9615890679339308 1.111001016927378e-06 -13.724655225971969 48.07945339669654 5.55500508463689e-05
p -0.7730175699088647 0.6343845424993915 0.0002980772234699645 -38.65087849544324 31.719227124969574 0.014903861173498224
p -0.3831060976552067 0.9237043455235305 -5.877783756576867e-07 -19.155304882760333 46.18521727617653 -2.9388918782884335e-05
p -0.7668183081076249 0.6418641289957663 0.000349656211317528 -38.340915405381246 32.09320644978831 0.0174828105658764
p -0.8974328421994175 0.44115110055206275 1.4952563788519832e-05 -44.87164210997088 22.057555027603136 0.0007476281894259916
p -0.8721803479712275 0.4891844648113576 1.1962714312926425e-07 -43.60901739856137 24.45922324056788 5.981357156463213e-06
p -0.9872385059969349 0.15924864917572415 3.556305984245912e-06 -49.361925299846746 7.962432458786208 0.0001778152992122956
p -0.3378555991426275 0.9411979569275448 -1.8416605460770577e-06 -16.892779957131378 47.05989784637724 -9.208302730385288e-05
p 0.006441418997955103 0.9999792538431865 2.125256457777106e-06 0.32207094989775514 49.998962692159324 0.00010626282288885529
p -0.01903765795112025 0.9998187673671809 -3.274194444594286e-07 -0.9518828975560125 49.990938368359046 -1.637097222297143e-05
p 0.9049919495605802 0.4254286911211291 -1.226114523030963e-06 45.24959747802901 21.271434556056455 -6.130572615154815e-05
p 0.19264419919943648 0.9812686468139961 -0.0002351481173300167 9.632209959971824 49.063432340699805 -0.011757405866500835
p 0.2026917126389604 0.9792425999860565 1.8239086064415027e-07 10.13458563194802 48.962129999302825 9.119543032207514e-06
p 0.39448697322277465 0.9189015333293911 1.558159197413694e-06 19.724348661138734 45.945076666469554 7.79079598706847e-05
p -0.059494817738441126 0.99822861442771 6.278090981255215e-08 -2.9747408869220564 49.9114307213855 3.1390454906276078e-06
p -0.9023818949106756 0.4309372523953064 -1.534283600562785e-05 -45.11909474553378 21.54686261976532 -0.0007671418002813925
p -0.8593746827795602 0.511346327159355 -0.0002971500768677575 -42.96873413897801 25.56731635796775 -0.014857503843387874
p -0.9616312043297067 0.274345451035071 -1.8861636150343968e-05 -48.081560216485336 13.71727255175355 -0.0009430818075171984
p -0.20978520939149428 0.9777474635539921 0.00025186167214772466 -10.489260469574715 48.88737317769961 0.012593083607386233
p -0.22972199586821732 0.9732562892754503 -3.222291794949272e-07 -11.486099793410865 48.66281446377251 -1.611145897474636e-05
p -0.48553741953561624 0.8742158736894474 -0.00014289888486917714 -24.276870976780813 43.71079368447237 -0.0071449442434588575
p 0.8295477204823066 0.5584358328783939 -1.5253451375157005e-07 41.47738602411533 27.921791643919697 -7.626725687578502e-06
p -0.9353607058992652 0.3536952782527078 1.1695897471375842e-06 -46.76803529496326 17.68476391263539 5.8479487356879205e-05
p -0.2671507166520982 0.9636547590253794 9.168133392195964e-08 -13.357535832604912 48.182737951268976 4.584066696097982e-06
p 0.996162738792298 0.08752027103360922 -1.7748860706481312e-07 49.8081369396149 4.376013551680461 -8.874430353240657e-06
p -0.09069888666701584 0.9958783620283647 1.032182114413552e-06 -4.534944333350792 49.793918101418235 5.1609105720677594e-05
p 0.9806143582427785 0.19594764711038848 -8.064897279136743e-08 49.030717912138925 9.797382355519424 -4.0324486395683715e-06
p -0.3493246765354612 0.9370017051947591 0.00027354251829231514 -17.46623382677306 46.85008525973796 0.013677125914615756
p -0.46745018578903774 0.8840194044308521 -0.0001280449753254955 -23.372509289451887 44.200970221542605 -0.0064022487662747755
p -0.31352517360114085 0.949579888959341 -1.529787268820962e-06 -15.676258680057042 47.47899444796705 -7.64893634410481e-05
p 0.7089355863720117 0.705273233835399 -3.2757593180951257e-06 35.44677931860058 35.26366169176995 -0.00016378796590475628
p 0.04933457079208966 0.9987823086722587 2.8413814246425494e-06 2.466728539604483 49.93911543361293 0.00014206907123212747
p 0.299196080028915 0.9541916503949351 3.4526673438036227e-06 14.95980400144575 47.70958251974676 0.00017263336719018115
p -0.14198687505039378 0.9898685404200679 -2.6125043157754075e-07 -7.099343752519689 49.49342702100339 -1.3062521578877037e-05
p 0.8708400431839614 0.49156649518383994 -1.794753793084132e-07 43.54200215919807 24.578324759191997 -8.97376896542066e-06
p -0.8679077553383964 0.49672540525260767 3.147541374117199e-07 -43.39538776691982 24.836270262630382 1.5737706870585996e-05
p 0.9000963388180626 0.43569092352560196 -1.9307038442499717e-06 45.00481694090313 21.7845461762801 -9.653519221249859e-05
p -0.09246748470943267 0.9957157044332662 -1.4713101446399496e-05 -4.623374235471633 49.78578522166331 -0.0007356550723199749
p 0.3973458744532309 0.9176689250752024 2.513959873864213e-06 19.867293722661543 45.88344625376012 0.00012569799369321064
p -0.18930172001520879 0.9819189675319873 -4.4685176125619935e-07 -9.46508600076044 49.09594837659937 -2.234258806280997e-05
p -0.9699236846525761 0.24340921220198788 3.694831353973325e-05 -48.496184232628806 12.170460610099394 0.0018474156769866625
p -0.09272171104605942 0.9956920629896999 -8.062713173047725e-08 -4.636085552302971 49.784603149484994 -4.031356586523863e-06
p -0.3018046538975504 0.9533697051795098 -0.00039513505856129824 -15.09023269487752 47.668485258975494 -0.019756752928064912
p -0.9771717996175903 0.21245063833001185 1.747256989940068e-05 -48.858589980879515 10.622531916500593 0.0008736284949700339
p -0.8967598280945023 0.44251758237970445 -8.604206940098276e-07 -44.837991404725116 22.12587911898522 -4.302103470049138e-05
p -0.019717250919909935 0.9998055960027583 1.47557018128321e-05 -0.9858625459954967 49.99027980013791 0.0007377850906416049
p 0.8242480649566846 0.5662287962327872 0.0002788044654994845 41.21240324783423 28.31143981163936 0.013940223274974226
p -0.9926316184104045 0.12117124300726966 -1.1993778784861303e-07 -49.63158092052022 6.058562150363483 -5.996889392430652e-06
p 0.6887978129042882 0.7249534969459525 -1.428649864429568e-05 34.43989064521441 36.247674847297624 -0.000714324932214784
p 0.8692256518633227 0.49441558040050865 -9.969506228079139e-08 43.46128259316613 24.720779020025432 -4.984753114039569e-06
p -0.4533542227274772 0.8913304374558056 8.45860273154128e-08 -22.66771113637386 44.56652187279028 4.22930136577064e-06
p 0.9955898081526353 0.09381329278115759 3.9458611725045344e-07 49.77949040763177 4.6906646390578794 1.972930586252267e-05
p -0.4843796035549024 0.8748579311293235 3.398570304853471e-07 -24.21898017774512 43.74289655646618 1.6992851524267357e-05
p -0.8105947567683328 0.5856074967925854 9.69227750844534e-08 -40.529737838416644 29.28037483962927 4.8461387542226695e-06
p 0.9779736690935966 0.2087282984139497 -9.086840062666953e-07 48.89868345467983 10.436414920697484 -4.5434200313334766e-05
p -0.16561731290123105 0.9861900961062378 -3.057015096185999e-06 -8.280865645061553 49.30950480531189 -0.00015285075480929994
p -0.12421724540329522 0.9922550458145076 2.589116893158541e-07 -6.210862270164761 49.61275229072538 1.2945584465792706e-05
p -0.9121230393702267 0.40991652936803163 9.421700272325849e-07 -912.1230393702267 409.91652936803166 0.000942170027232585
p 0.472037006523048 0.8815787341314163 -9.872448211065524e-08 472.037006523048 881.5787341314162 -9.872448211065524e-05
p 0.7250516953015892 0.6886944454112371 -2.477554855284469e-09 725.0516953015892 688.6944454112371 -2.477554855284469e-06
p 0.07542715236700265 0.9971513147862939 1.0284473636316192e-05 75.42715236700265 997.1513147862939 0.010284473636316193
p 0.4098938647106331 0.9121332247388977 -3.025869222218539e-08 409.8938647106331 912.1332247388976 -3.0258692222185392e-05
p 0.8458200891401731 0.5334682528575405 1.815378687856707e-07 845.8200891401732 533.4682528575405 0.0001815378687856707
p 0.14497841797385122 0.9894348176215538 4.3070901304718535e-08 144.9784179738512 989.4348176215539 4.3070901304718535e-05
p 0.019043695338139616 0.9998186523898376 -1.1123218860243144e-06 19.043695338139617 999.8186523898376 -0.0011123218860243143
p -0.30513218591542285 0.952310006835197 -1.5184488032659596e-07 -305.13218591542284 952.310006835197 -0.00015184488032659595
p 0.4054994067268225 0.914095307473018 6.107840647742529e-08 405.4994067268225 914.095307473018 6.107840647742529e-05
p 0.9793689178819676 0.20208048566524983 -2.49939931866102e-08 979.3689178819676 202.08048566524982 -2.49939931866102e-05
p -0.18915394961939072 0.9819474442878147 -1.1880018084823768e-07 -189.15394961939072 981.9474442878146 -0.00011880018084823767
p -0.7625130775256459 0.6469728020576818 5.209991504489578e-09 -762.5130775256459 646.9728020576819 5.209991504489578e-06
p -0.1680641395764822 0.985776062292251 3.113186337614798e-08 -168.0641395764822 985.776062292251 3.113186337614798e-05
p -0.920112845498485 0.3916533563608015 5.341195388058414e-09 -920.1128454984851 391.6533563608015 5.3411953880584135e-06
p 0.9220343265299646 0.38710812533276584 -1.3364982246338646e-06 922.0343265299647 387.10812533276584 -0.0013364982246338647
p 0.7887398897186799 0.614727082829593 -1.5438817380678215e-06 788.7398897186799 614.727082829593 -0.0015438817380678215
p -0.6815293538718681 0.7317907759810819 1.591966132599727e-08 -681.5293538718681 731.7907759810819 1.591966132599727e-05
p -0.9567296180708802 0.29097841484540604 5.1398069429164906e-08 -956.7296180708802 290.97841484540606 5.139806942916491e-05
p 0.7067662743342585 0.7074471241468627 7.218646466914591e-08 706.7662743342586 707.4471241468627 7.218646466914591e-05
p -0.5590911064200971 0.8291062264402259 2.6718653525932e-08 -559.091106420097 829.1062264402259 2.6718653525932e-05
p -0.9877340134440924 0.15614582506626795 8.440016389946363e-09 -987.7340134440924 156.14582506626795 8.440016389946363e-06
p 0.5200993458105806 0.8541057724236444 -1.2662538558584158e-07 520.0993458105806 854.1057724236443 -0.00012662538558584158
p 0.9616380243731991 0.2743215450518064 -1.6532095019877556e-08 961.6380243731991 274.32154505180637 -1.6532095019877556e-05
p -0.9169671492970324 0.39896271393313204 1.0880681945619598e-06 -916.9671492970324 398.962713933132 0.0010880681945619598
p -0.9490369907999875 0.31516470312093026 1.904303839367815e-08 -949.0369907999875 315.16470312093026 1.904303839367815e-05
p -0.4483396332140217 0.8938632855689127 -1.2103795091854614e-06 -448.3396332140217 893.8632855689127 -0.0012103795091854615
p 0.3670971565984557 0.9301826044470962 1.1600971336695029e-06 367.0971565984557 930.1826044470962 0.0011600971336695029
p 0.8102769464105142 0.5860471568636165 -6.908281582214163e-06 810.2769464105141 586.0471568636166 -0.006908281582214163
p -0.24773954305410115 0.9688266710074881 1.8758826878916194e-05 -247.73954305410115 968.8266710074881 0.018758826878916193
p -0.21112153564359012 0.9774598187073927 -5.716256026962506e-08 -211.12153564359014 977.4598187073927 -5.716256026962506e-05
p -0.2447208742741222 0.9695935713970617 1.584730672792533e-08 -244.7208742741222 969.5935713970617 1.584730672792533e-05
p 0.9776438139226171 0.21026786035635028 -4.0628458802151575e-08 977.6438139226171 210.2678603563503 -4.0628458802151576e-05
p -0.4676763224296431 0.8838998005649079 2.3036884560902682e-08 -467.67632242964305 883.8998005649079 2.3036884560902683e-05
p -0.1480671311378369 0.9889773125186495 4.66608993501924e-09 -148.0671311378369 988.9773125186495 4.66608993501924e-06
p 0.22090616652787842 0.9752950659100135 1.2408856794033697e-06 220.9061665278784 975.2950659100135 0.0012408856794033697
p 0.19260073362439928 0.9812772072189098 4.468963007048972e-09 192.60073362439928 981.2772072189098 4.468963007048972e-06
p -0.9937362496788612 0.11175091084278521 4.378165847685749e-09 -993.7362496788612 111.75091084278522 4.3781658476857496e-06
p -0.24893974884501743 0.968518973198242 -5.1101622747503236e-08 -248.93974884501742 968.518973198242 -5.1101622747503234e-05
p 0.2635907613979827 0.9646345994756935 1.4504925047671889e-08 263.5907613979827 964.6345994756936 1.4504925047671889e-05
p -0.8771033341265388 0.48030171898933394 -4.328162286977768e-09 -877.1033341265388 480.30171898933395 -4.328162286977768e-06
p 0.876944600150892 0.48059147749293146 5.230049552679904e-06 876.944600150892 480.59147749293146 0.005230049552679904
p -0.42092103632839717 0.9070972831930587 4.283022446781663e-09 -420.9210363283972 907.0972831930587 4.283022446781663e-06
p 0.5048053535252598 0.8632331985345775 -1.7623223938451546e-08 504.8053535252598 863.2331985345775 -1.7623223938451547e-05
p 0.7481598525420075 0.6635185265268175 -5.144902154707931e-08 748.1598525420075 663.5185265268175 -5.144902154707931e-05
p 0.6366016516899267 0.7711928014871862 5.402631844598821e-08 636.6016516899267 771.1928014871862 5.402631844598821e-05
p 0.8182964410243284 0.5747964288397397 2.4792142501370856e-09 818.2964410243284 574.7964288397397 2.4792142501370857e-06
p -0.21772903397973953 0.9760092559818526 5.228515489900035e-09 -217.72903397973954 976.0092559818527 5.228515489900035e-06
p 0.562794859832426 0.8265966040011293 -1.6030936245154644e-08 562.794859832426 826.5966040011293 -1.6030936245154643e-05
p 0.9376306591736643 0.3476330637001605 -4.1603823465427035e-09 937.6306591736643 347.6330637001605 -4.1603823465427035e-06
p -0.3037246054393438 0.9527598669395742 -2.2451643183352688e-09 -303.7246054393438 952.7598669395742 -2.245164318335269e-06
p 0.11639535816186543 0.9932029604241533 1.7517771320864278e-06 116.39535816186543 993.2029604241534 0.0017517771320864279
p -0.6742233057626075 0.7385275444873669 -4.218341926931289e-08 -674.2233057626074 738.5275444873669 -4.2183419269312884e-05
p 0.878390490495719 0.4779436639529851 -1.714311090439942e-05 878.3904904957191 477.9436639529851 -0.01714311090439942
p 0.9233122156839646 0.38405019511616656 5.130868292655225e-08 923.3122156839646 384.05019511616655 5.1308682926552254e-05
p -0.4177265137186248 0.9085728147055472 1.0701551434640248e-05 -417.7265137186248 908.5728147055472 0.010701551434640248
p -0.5475939517544244 0.8367442046194292 -6.145882944853715e-06 -547.5939517544243 836.7442046194292 -0.006145882944853715
p -0.7366693670553467 0.6762530914104985 1.3767340419595342e-07 -736.6693670553467 676.2530914104985 0.00013767340419595342
p 0.38129449423770856 0.9244536271030633 -2.0472575931878816e-08 381.29449423770853 924.4536271030634 -2.0472575931878817e-05
p 0.4388764407148988 0.8985474221107052 -1.904808026413752e-06 438.87644071489876 898.5474221107052 -0.0019048080264137519
case 3 4 180
s 1.0 0.0 0.0 0.0 0.99999999995 9.9999999995e-06 0.0 -9.9999999995e-06 0.99999999995 1.0 1.0 0.01 0.0 0.0 0.0 0.0099999999995 9.999999999500001e-08 0.01 0.0
s 0.0 0.99999999995 9.9999999995e-06 -1.0 0.0 0.0 0.0 -9.9999999995e-06 0.99999999995 1.0 1.0 0.0 0.0099999999995 9.999999999500001e-08 -0.01 0.0 0.0 0.01 1.0
s -1.0 0.0 0.0 0.0 -1.0 0.0 0.0 0.0 1.0 1.0 1.0 -0.01 0.0 0.0 0.0 -0.01 0.0 0.01 2.0
s 0.0 -1.0 0.0 1.0 0.0 0.0 -0.0 0.0 1.0 1.0 1.0 0.0 -0.01 0.0 0.01 0.0 0.0 0.01 3.0
p 0.7470711487893671 0.664744071566175 0.00013403044217181204 0.7470711487893671 0.664744071566175 0.00013403044217181204
p -0.9251310404606584 0.37964793943259206 7.795286611977194e-06 -0.9251310404606584 0.37964793943259206 7.795286611977194e-06
p -0.58615874237584 0.8101962285236499 4.735747858687399e-06 -0.58615874237584 0.8101962285236499 4.735747858687399e-06
p 0.9764655500139987 0.21567334280745573 0.00019707388671376895 0.9764655500139987 0.21567334280745573 0.00019707388671376895
p -0.9282823555124498 0.37187506936877235 0.0008951124112058036 -0.9282823555124498 0.37187506936877235 0.0008951124112058036
p 0.2522987356765911 0.9676493919911492 -4.642362471311222e-05 0.2522987356765911 0.9676493919911492 -4.642362471311222e-05
p 0.39883508161374387 0.9170226702057958 1.6705136350297037e-06 0.39883508161374387 0.9170226702057958 1.6705136350297037e-06
p -0.6436467726425988 0.765322697985374 -3.8929146020243436e-06 -0.6436467726425988 0.765322697985374 -3.8929146020243436e-06
p 0.09641276571199539 0.9953414377678856 -2.9494445490783578e-05 0.09641276571199539 0.9953414377678856 -2.9494445490783578e-05
p -0.9448979678309858 0.3273649796646783 -2.1863625367339274e-05 -0.9448979678309858 0.3273649796646783 -2.1863625367339274e-05
p 0.669960256086666 0.7423969660046468 -1.1462294242034803e-05 0.669960256086666 0.7423969660046468 -1.1462294242034803e-05
p 0.9146700889126694 0.40394136337875863 0.01449149406373068 0.9146700889126694 0.40394136337875863 0.01449149406373068
p 0.9917777765195602 0.12796596537562568 0.0012464779988241362 0.9917777765195602 0.12796596537562568 0.0012464779988241362
p -0.5109796673795195 0.8595927970536682 -5.270832050007865e-05 -0.5109796673795195 0.8595927970536682 -5.270832050007865e-05
p -0.07979194477788525 0.9967948945170756 0.005760539319810629 -0.07979194477788525 0.9967948945170756 0.005760539319810629
p -0.7457303939794454 0.6662478360811721 2.030805061783776e-05 -0.7457303939794454 0.6662478360811721 2.030805061783776e-05
p 0.7424084674146603 0.6698486678487611 0.011507810054721438 0.7424084674146603 0.6698486678487611 0.011507810054721438
p -0.9351131036674105 0.3543493802784698 -6.765147489019727e-06 -0.9351131036674105 0.3543493802784698 -6.765147489019727e-06
p 0.9982415809244545 0.05927685974827501 3.439368110012983e-06 0.9982415809244545 0.05927685974827501 3.439368110012983e-06
p -0.5492727123464489 0.8356431579701991 3.027910584323514e-06 -0.5492727123464489 0.8356431579701991 3.027910584323514e-06
p -0.9672993906001481 0.2536373171033462 1.781007791689887e-05 -0.9672993906001481 0.2536373171033462 1.781007791689887e-05
p -0.8130917416376714 0.5821355681176248 3.6039551639106445e-06 -0.8130917416376714 0.5821355681176248 3.6039551639106445e-06
p 0.8789559355842902 0.47690299149285315 -2.5125146043532764e-06 0.8789559355842902 0.47690299149285315 -2.5125146043532764e-06
p 0.862809505714558 0.5052181432991741 -0.017730891966717306 0.862809505714558 0.5052181432991741 -0.017730891966717306
p -0.8389860926460763 0.5438834891173449 0.01711977254559039 -0.8389860926460763 0.5438834891173449 0.01711977254559039
p 0.9885461022842045 0.15091919578228752 -1.7705181159099169e-06 0.9885461022842045 0.15091919578228752 -1.7705181159099169e-06
p 0.520411652559626 0.8539150675376285 0.0008771045357088503 0.520411652559626 0.8539150675376285 0.0008771045357088503
p 0.8511499684109397 0.5249225954956691 -3.4851868170250116e-06 0.8511499684109397 0.5249225954956691 -3.4851868170250116e-06
p -0.7353712887459708 0.6774080719792627 0.018637910436214707 -0.7353712887459708 0.6774080719792627 0.018637910436214707
p 0.3352802519285222 0.9421184386463876 1.5140660078608464e-05 0.3352802519285222 0.9421184386463876 1.5140660078608464e-05
p -0.4136661292841443 0.9104286536019053 1.3553439154840014e-05 -0.4136661292841443 0.9104286536019053 1.3553439154840014e-05
p -0.5772951229687892 0.8165343109768674 -0.0014352679134326243 -0.5772951229687892 0.8165343109768674 -0.0014352679134326243
p 0.13493083582326335 0.9908550065550481 -0.00015977744302374461 0.13493083582326335 0.9908550065550481 -0.00015977744302374461
p 0.47828152213199887 0.878206554350869 0.0001829816179513985 0.47828152213199887 0.878206554350869 0.0001829816179513985
p -0.5404856112916165 0.8413532526198719 9.106420567333423e-05 -0.5404856112916165 0.8413532526198719 9.106420567333423e-05
p 0.07945724781695297 0.9968377890906778 -0.0009838750757918701 0.07945724781695297 0.9968377890906778 -0.0009838750757918701
p -0.3626513169711306 0.9319249015396118 1.37655185721016e-05 -0.3626513169711306 0.9319249015396118 1.37655185721016e-05
p 0.5005455859116192 0.865710180332765 9.62316715079754e-06 0.5005455859116192 0.865710180332765 9.62316715079754e-06
p -0.9940783309327933 0.10866587304791742 2.146110674927515e-06 -0.9940783309327933 0.10866587304791742 2.146110674927515e-06
p -0.671012122815537 0.7414463753454633 5.934358571064538e-05 -0.671012122815537 0.7414463753454633 5.934358571064538e-05
p -0.9972118600083288 0.0723813061750219 -0.0181508340063738 -0.9972118600083288 0.0723813061750219 -0.0181508340063738
p -0.9334051139042836 0.35882334824227813 -0.0008355199172665651 -0.9334051139042836 0.35882334824227813 -0.0008355199172665651
p -0.3879485440941174 0.9216810140474032 0.0001883608379612057 -0.3879485440941174 0.9216810140474032 0.0001883608379612057
p 0.7541669390916491 0.6566822136177775 -0.0008356429792631324 0.7541669390916491 0.6566822136177775 -0.0008356429792631324
p -0.9198487317143278 0.3921907921619624 -0.008043214961392504 -0.9198487317143278 0.3921907921619624 -0.008043214961392504
p -0.7351054567025633 0.6779527765369832 1.7661014348865008e-05 -0.7351054567025633 0.6779527765369832 1.7661014348865008e-05
p 0.7990595335101323 0.6012518930129618 0.00015183840042592376 0.7990595335101323 0.6012518930129618 0.00015183840042592376
p -0.9092584099238633 0.4162320506103246 -0.0001550079097574945 -0.9092584099238633 0.4162320506103246 -0.0001550079097574945
p 0.7797531128282991 0.6260861164037668 -0.0011215529532765717 0.7797531128282991 0.6260861164037668 -0.0011215529532765717
p -0.9548064700042577 0.2972282010580265 3.652147283254208e-05 -0.9548064700042577 0.2972282010580265 3.652147283254208e-05
p 0.9273178862110415 0.374274667137374 -0.00010701539063837107 0.9273178862110415 0.374274667137374 -0.00010701539063837107
p -0.2058087036457355 0.9785922323595728 -0.00014236983422805335 -0.2058087036457355 0.9785922323595728 -0.00014236983422805335
p -0.5726833113218018 0.8197766919398595 1.6900799280810392e-05 -0.5726833113218018 0.8197766919398595 1.6900799280810392e-05
p -0.7732947662971044 0.6340466894516821 -3.587357124972454e-06 -0.7732947662971044 0.6340466894516821 -3.587357124972454e-06
p 0.9725317089647354 0.23277042764441422 5.5428944521082195e-05 0.9725317089647354 0.23277042764441422 5.5428944521082195e-05
p -0.9971322838299307 0.07567831976999634 2.1468507404132737e-05 -0.9971322838299307 0.07567831976999634 2.1468507404132737e-05
p 0.7316357263217891 0.6816948611322141 -0.0011314926069793652 0.7316357263217891 0.6816948611322141 -0.0011314926069793652
p -0.05112455688515081 0.9986922847647782 -5.88252670519442e-06 -0.05112455688515081 0.9986922847647782 -5.88252670519442e-06
p 0.9275592615705932 0.37367574937860404 0.0005006005940448484 0.9275592615705932 0.37367574937860404 0.0005006005940448484
p -0.9968486618518815 0.07930864222099855 0.001698420788563077 -0.9968486618518815 0.07930864222099855 0.001698420788563077
p -0.9149841481281513 0.40348978755325154 3.799098119005309e-06 -45.749207406407564 20.174489377662578 0.00018995490595026545
p 0.3158567386502562 0.9488068932342915 -5.618858194339917e-07 15.79283693251281 47.440344661714576 -2.8094290971699587e-05
p -0.14496771248394047 0.9894363861995232 -1.2654997717626633e-06 -7.248385624197024 49.47181930997616 -6.327498858813317e-05
p 0.08687083417848158 0.9962195576094399 -0.00022628651440474563 4.3435417089240795 49.810977880471995 -0.011314325720237281
p 0.9317273854069086 0.36315847680726504 -2.415218047671429e-06 46.58636927034543 18.157923840363253 -0.00012076090238357146
p 0.5398423553214778 0.8417661381886011 9.012572372041712e-08 26.992117766073893 42.08830690943006 4.5062861860208565e-06
p 0.874371593816367 0.48525695865849133 7.331608418841874e-07 43.71857969081835 24.262847932924565 3.665804209420937e-05
p 0.4261685429692824 0.9046437354436107 0.00029138646087544326 21.30842714846412 45.23218677218053 0.014569323043772163
p 0.4680452627796549 0.8837044935882555 -1.2036142830975306e-06 23.402263138982747 44.18522467941278 -6.018071415487653e-05
p -0.6320994001671608 0.7748873131306342 -1.604687248078569e-05 -31.60497000835804 38.74436565653171 -0.0008023436240392845
p 0.16724068134148756 0.9859160991202103 1.5106104508370306e-07 8.362034067074378 49.295804956010514 7.553052254185153e-06
p 0.5444023627443426 0.8388242172458262 5.515428024551965e-07 27.22011813721713 41.941210862291314 2.7577140122759828e-05
p -0.7195224273541165 0.694469204885523 3.3122377297435015e-07 -35.97612136770583 34.72346024427615 1.6561188648717507e-05
p -0.9044697349518256 0.42653777113861424 -0.0001683694673943097 -45.22348674759128 21.32688855693071 -0.008418473369715485
p 0.6911573572573472 0.7227043015621254 3.555339101463768e-06 34.55786786286736 36.13521507810627 0.0001777669550731884
p -0.7048206030441836 0.7093855915607409 -3.2328428401255813e-06 -35.24103015220918 35.469279578037046 -0.00016164214200627906
p -0.8229368974026845 0.5681327851673729 -3.621060036773328e-05 -41.146844870134224 28.406639258368642 -0.0018105300183866638
p 0.35304594032131437 0.9356059874598044 -1.5874610449487655e-05 17.652297016065717 46.78029937299022 -0.0007937305224743827
p -0.37635071004755205 0.9264772760542144 -1.366190341907829e-06 -18.817535502377602 46.32386380271072 -6.830951709539145e-05
p -0.6426625778319955 0.7661493399163946 -8.601381427174494e-08 -32.133128891599775 38.30746699581973 -4.300690713587247e-06
p -0.4295730235681625 0.9030321242472482 9.735100314933642e-08 -21.478651178408125 45.15160621236241 4.867550157466821e-06
p 0.5141069658685808 0.8577260796105204 -1.1701548346838259e-06 25.705348293429044 42.88630398052602 -5.8507741734191294e-05
p -0.9092172755079283 0.4163219258183926 -8.970829990956181e-07 -45.46086377539641 20.81609629091963 -4.48541499547809e-05
p -0.5553219545489672 0.8316354530599946 3.1003837830342732e-06 -27.766097727448358 41.58177265299973 0.00015501918915171366
p 0.36632660238552717 0.930486335406963 2.365755185432465e-06 18.31633011927636 46.52431677034815 0.00011828775927162326
p 0.5754757010633583 0.8178188780061494 1.619873814800774e-05 28.773785053167916 40.89094390030747 0.0008099369074003871
p -0.6672499882113408 0.7448338422589013 2.5647763375649006e-05 -33.36249941056704 37.24169211294506 0.0012823881687824502
p -0.7516153135535083 0.6596017134837568 1.0740585303522907e-06 -37.580765677675416 32.98008567418784 5.370292651761453e-05
p -0.9883050341713194 0.15248980466344314 0.00013749666202208998 -49.41525170856597 7.624490233172157 0.006874833101104499
p -0.20081279958552706 0.9796295886187903 0.00029769985322261865 -10.040639979276353 48.981479430939515 0.014884992661130933
p 0.9330027060793309 0.3598693499184076 -3.792029129182032e-05 46.65013530396654 17.993467495920378 -0.001896014564591016
p 0.3534813638385064 0.9354415670783327 9.50064750997008e-07 17.674068191925322 46.77207835391663 4.75032375498504e-05
p -0.599072270756422 0.8006949571529037 -8.086638023734973e-07 -29.9536135378211 40.034747857645186 -4.043319011867487e-05
p 0.8276866605098582 0.5611905118948523 -3.705715046858564e-05 41.38433302549291 28.059525594742613 -0.001852857523429282
p 0.24724424433733408 0.9689531896026996 -9.031509407988654e-07 12.362212216866704 48.44765948013498 -4.5157547039943266e-05
p 0.470948456768358 0.8821607285905987 -7.779436236607939e-08 23.5474228384179 44.10803642952993 -3.889718118303969e-06
p -0.37067037273190134 0.9287644883264787 -1.5644432924410826e-06 -18.533518636595065 46.43822441632393 -7.822216462205413e-05
p 0.7089015055510769 0.7053074419888178 -0.0002601972465950943 35.44507527755385 35.26537209944089 -0.013009862329754715
p 0.9146380181720979 0.4042737880616537 7.058566835911801e-07 45.73190090860489 20.213689403082686 3.5292834179559006e-05
p 0.997286668964092 0.07361589438680965 -3.68387617769933e-07 49.864333448204604 3.680794719340483 -1.841938088849665e-05
p 0.6222805885605366 0.7827942699714745 7.606558098590874e-07 31.11402942802683 39.13971349857373 3.803279049295437e-05
p 0.7945107523785052 0.6072500838656913 2.287954410859364e-07 39.72553761892526 30.36250419328457 1.143977205429682e-05
p 0.9767303852798132 0.21447079186113027 0.00018414561528355775 48.83651926399066 10.723539593056513 0.009207280764177888
p -0.31145369004646 0.9502612535161847 0.00038603405660452933 -15.572684502323 47.51306267580924 0.019301702830226468
p 0.5275543585151486 0.8495212762553234 -1.09394187695846e-06 26.377717925757434 42.47606381276617 -5.4697093847923e-05
p 0.5730837661044955 0.8194967950072106 6.306110444721412e-07 28.654188305224775 40.97483975036053 3.1530552223607064e-05
p -0.6138019555217284 0.7894600429392402 -2.744176886164248e-07 -30.69009777608642 39.47300214696201 -1.372088443082124e-05
p -0.9858694309097933 0.16751556498711784 2.6165760514690345e-05 -49.293471545489666 8.375778249355893 0.0013082880257345173
p 0.8324712719282166 0.5540682100735547 3.235055060049891e-07 41.623563596410825 27.703410503677734 1.6175275300249455e-05
p -0.39605326446729505 0.9182275380808477 -3.845050495100019e-06 -19.802663223364753 45.911376904042385 -0.00019225252475500094
p -0.5090238400489869 0.8607524210025672 -5.069126280777165e-08 -25.451192002449346 43.03762105012836 -2.5345631403885827e-06
p -0.45855139791846156 0.8886678881682623 -2.3634110537510843e-06 -22.927569895923078 44.433394408413115 -0.00011817055268755421
p 0.7101996600070378 0.7040003145680749 -3.7335693947278383e-06 35.509983000351895 35.20001572840374 -0.00018667846973639192
p -0.5806214190932292 0.8141736716960011 2.6864997928090263e-06 -29.03107095466146 40.708683584800056 0.0001343249896404513
p -0.49402638233480445 0.8694469124432979 4.382908399585595e-08 -24.701319116740223 43.472345622164895 2.1914541997927975e-06
p 0.2465978182055498 0.9691178603345278 -0.00029805517829461885 12.32989091027749 48.45589301672639 -0.014902758914730942
p -0.0037227782045592874 0.9999930367453347 0.00025958290267701713 -0.18613891022796436 49.99965183726673 0.012979145133850857
p -0.8318209307424519 0.5550440867330713 3.100664314764645e-05 -41.591046537122594 27.752204336653563 0.0015503321573823224
p 0.7702328605871922 0.6377627460214504 0.00014233358661275617 38.51164302935961 31.888137301072522 0.007116679330637809
p -0.16807420749700192 0.9857743457631788 3.071081663582328e-06 -8.403710374850096 49.28871728815894 0.0001535540831791164
p -0.21789314940579235 0.9759726303556961 -1.5446969842394522e-05 -217.89314940579234 975.9726303556962 -0.015446969842394522
p 0.9887825180769054 0.14936241811611867 5.539733885316642e-09 988.7825180769054 149.36241811611868 5.539733885316643e-06
p 0.0036906329634245924 0.999993189590576 -8.91945462726117e-07 3.6906329634245925 999.9931895905761 -0.0008919454627261171
p 0.9843769753613439 0.17607376402647854 -9.916004384061079e-09 984.376975361344 176.07376402647853 -9.916004384061078e-06
p -0.0027994066465568067 0.9999960816535369 -1.0619700155789352e-08 -2.7994066465568066 999.996081653537 -1.0619700155789352e-05
p 0.019823919151546254 0.9998034868060012 1.87734406363677e-07 19.823919151546253 999.8034868060012 0.000187734406363677
p -0.07457631406255828 0.997215309438742 1.3552578837212625e-06 -74.57631406255828 997.215309438742 0.0013552578837212625
p 0.1732931502073089 0.9848702879522736 -1.8126037208173897e-07 173.2931502073089 984.8702879522737 -0.00018126037208173896
p 0.6326512220917193 0.7744368477712268 1.4077652135065578e-07 632.6512220917193 774.4368477712268 0.0001407765213506558
p 0.7756476985717246 0.631166101514004 3.343456759963012e-08 775.6476985717245 631.166101514004 3.343456759963012e-05
p -0.9146670705886182 0.4042080528401628 9.146197836833542e-09 -914.6670705886182 404.2080528401628 9.146197836833541e-06
p -0.4795949333526361 0.8774899996711024 1.9485615449839638e-05 -479.5949333526361 877.4899996711024 0.01948561544983964
p 0.5783053424005554 0.8158204036120565 -1.1124275746244183e-06 578.3053424005554 815.8204036120566 -0.0011124275746244184
p -0.2797767918349938 0.9600650742250147 1.958473688479439e-06 -279.77679183499384 960.0650742250148 0.001958473688479439
p -0.8542030201537741 0.5199396122245075 4.451830079222621e-09 -854.2030201537741 519.9396122245074 4.451830079222621e-06
p 0.6084215440514994 0.7936140275537333 -1.982872973460279e-06 608.4215440514994 793.6140275537333 -0.001982872973460279
p 0.9615625819704843 0.2745858717309346 1.3606917300522145e-07 961.5625819704843 274.5858717309346 0.00013606917300522145
p -0.44610424170807644 0.8949810084601303 5.0744839991913265e-06 -446.1042417080764 894.9810084601303 0.005074483999191326
p 0.5975224564462819 0.8018521771763015 -1.6237468077500172e-07 597.5224564462819 801.8521771763016 -0.0001623746807750017
p -0.9221008201319434 0.3869497092776194 1.4011579355181519e-06 -922.1008201319434 386.9497092776194 0.001401157935518152
p -0.8525135824666524 0.5227050714407449 2.153579388419116e-09 -852.5135824666525 522.7050714407449 2.153579388419116e-06
p -0.9624749065030028 0.2713706954555354 1.228558553861521e-07 -962.4749065030028 271.3706954555354 0.0001228558553861521
p -0.6287724256063453 0.7775893754399638 1.1930357559053358e-08 -628.7724256063452 777.5893754399638 1.1930357559053359e-05
p 0.9976775706187193 0.06811361893429865 -5.9440739508075186e-08 997.6775706187193 68.11361893429866 -5.9440739508075185e-05
p -0.40235051690031765 0.9154856970756273 5.7061486039842835e-09 -402.35051690031764 915.4856970756273 5.706148603984283e-06
p -0.6541061538131535 0.7564027627816831 2.9732832031742747e-09 -654.1061538131535 756.402762781683 2.9732832031742746e-06
p 0.5165653783388214 0.8562477503045893 2.8432373858141517e-09 516.5653783388215 856.2477503045893 2.8432373858141517e-06
p -0.22259489816523229 0.974911027316386 -1.1301271565299334e-05 -222.59489816523228 974.911027316386 -0.011301271565299333
p 0.08762182213883539 0.9961538115597763 5.776197802499092e-09 87.62182213883538 996.1538115597764 5.776197802499092e-06
p -0.16004532089869067 0.987109667289905 1.1172291656507048e-06 -160.04532089869068 987.109667289905 0.0011172291656507047
p 0.9934038540203289 0.11466814212123437 -1.4701821817224187e-07 993.4038540203289 114.66814212123437 -0.00014701821817224186
p -0.6891285289201861 0.7246391313117755 -1.2526542189216323e-07 -689.128528920186 724.6391313117755 -0.00012526542189216324
p -0.4129558660439614 0.9107510377155117 -1.8317976209966482e-08 -412.9558660439614 910.7510377155116 -1.8317976209966482e-05
p -0.7119938163296737 0.7021857343383635 8.774888803857529e-09 -711.9938163296738 702.1857343383635 8.774888803857528e-06
p -0.5611102542861067 0.8277410721566139 -2.2102003280752898e-09 -561.1102542861067 827.7410721566139 -2.2102003280752897e-06
p -0.4473576330227986 0.8943551577400553 -5.951571153778704e-09 -447.35763302279855 894.3551577400552 -5.951571153778704e-06
p 0.47371375215264644 0.8806788750840967 1.4391307515105074e-06 473.71375215264646 880.6788750840967 0.0014391307515105073
p -0.9353311076105416 0.3537735421650937 -2.1751365194226707e-09 -935.3311076105416 353.7735421650937 -2.175136519422671e-06
p -0.05780230384727343 0.9983280491251094 2.5537534875815637e-08 -57.80230384727343 998.3280491251094 2.5537534875815635e-05
p 0.688190585783799 0.7255299564032843 5.431834960442127e-09 688.190585783799 725.5299564032844 5.431834960442127e-06
p -0.7143671984289776 0.6997710381322824 -4.00148808039189e-08 -714.3671984289775 699.7710381322823 -4.0014880803918896e-05
p -0.8412197060104898 0.5406934493360895 -8.041575177738303e-06 -841.2197060104897 540.6934493360895 -0.008041575177738304
p -0.28432588151093713 0.9587276949702811 1.778996644254942e-08 -284.3258815109371 958.727694970281 1.778996644254942e-05
p -0.5404789043670265 0.8413575660408709 -1.351610367899239e-08 -540.4789043670265 841.3575660408709 -1.351610367899239e-05
p -0.9157937358918233 0.40164889306619056 3.7290967166775525e-08 -915.7937358918233 401.64889306619057 3.7290967166775524e-05
p -0.9910246049286775 0.1336795883672367 -8.94007903453453e-06 -991.0246049286775 133.6795883672367 -0.00894007903453453
p 0.39608108404040876 0.918215538348907 4.065372040062047e-08 396.08108404040877 918.215538348907 4.065372040062047e-05
p 0.9978013797199164 0.06627523390400977 8.681716013354695e-09 997.8013797199164 66.27523390400977 8.681716013354695e-06
p -0.8480430980323156 0.5299272628198627 2.3740345056112323e-08 -848.0430980323156 529.9272628198627 2.3740345056112325e-05
p 0.6651807768838411 0.7466823515151603 -1.9821089869457368e-08 665.1807768838412 746.6823515151602 -1.9821089869457368e-05
p -0.21891101654958767 0.9757448267007242 -5.6092145766236895e-09 -218.91101654958766 975.7448267007242 -5.60921457662369e-06
p 0.9602447153708513 0.2791596077557652 -1.1622603804215735e-08 960.2447153708513 279.1596077557652 -1.1622603804215734e-05
p -0.48254297407250835 0.8758722955849467 -1.1989908088771873e-07 -482.54297407250834 875.8722955849468 -0.00011989908088771872
p -0.2228105502746091 0.9748617638856856 1.2564880180191262e-07 -222.8105502746091 974.8617638856856 0.0001256488018019126
p 0.8133090872808338 0.5818318730918495 9.204602724230709e-07 813.3090872808339 581.8318730918495 0.000920460272423071
p -0.9921382232619189 0.1251468974552813 -5.624905172422418e-09 -992.1382232619189 125.14689745528129 -5.6249051724224186e-06
p -0.034869577891401236 0.9993918713586155 3.0299157523225764e-09 -34.869577891401235 999.3918713586155 3.0299157523225764e-06
p 0.9851763606591972 0.1715445667991154 -5.634856444093055e-08 985.1763606591973 171.5445667991154 -5.634856444093055e-05
p -0.9569361482590338 0.2902984805036873 -1.9298048222558427e-05 -956.9361482590339 290.2984805036873 -0.019298048222558428
p -0.011584419319267887 0.9999328983632029 -2.7753606573555866e-09 -11.584419319267887 999.9328983632029 -2.7753606573555866e-06
case 4 4 180
s 0.0 0.99999999995 -9.9999999995e-06 1.0 0.0 0.0 0.0 -9.9999999995e-06 -0.99999999995 1.0 1.0 0.0 0.00099999999995 -9.999999999500001e-09 0.001 0.0 0.0 0.001 0.0
s -1.0 0.0 0.0 0.0 0.99999999995 -9.9999999995e-06 -0.0 -9.9999999995e-06 -0.99999999995 1.0 1.0 -0.001 0.0 0.0 0.0 0.00099999999995 -9.999999999500001e-09 0.001 1.0
s 0.0 -1.0 0.0 -1.0 0.0 0.0 -0.0 -0.0 -1.0 1.0 1.0 0.0 -0.001 0.0 -0.001 0.0 0.0 0.001 2.0
s 1.0 0.0 0.0 0.0 -1.0 0.0 0.0 0.0 -1.0 1.0 1.0 0.001 0.0 0.0 0.0 -0.001 0.0 0.001 3.0
p 0.11192363745125855 0.9937168103282213 -1.583619650972197e-05 0.11192363745125855 0.9937168103282213 -1.583619650972197e-05
p 0.6924922412474699 0.7214253224039325 2.537317390775786e-06 0.6924922412474699 0.7214253224039325 2.537317390775786e-06
p 0.7489680784826734 0.6626058663047861 0.0005323086098069284 0.7489680784826734 0.6626058663047861 0.0005323086098069284
p -0.11192651568685201 0.993691643269548 -0.007026605330203713 -0.11192651568685201 0.993691643269548 -0.007026605330203713
p -0.2730545388022863 0.9619980834111411 0.000952025609916622 -0.2730545388022863 0.9619980834111411 0.000952025609916622
p -0.37479460038928064 0.9271078597168922 0.00015482313359686892 -0.37479460038928064 0.9271078597168922 0.00015482313359686892
p -0.6573415657880416 0.7534321872163233 0.015556514833113532 -0.6573415657880416 0.7534321872163233 0.015556514833113532
p 0.35132921578442383 0.9362519815590716 -9.572363170648945e-05 0.35132921578442383 0.9362519815590716 -9.572363170648945e-05
p -0.6457887566695653 0.763515620393774 0.0008827082686854259 -0.6457887566695653 0.763515620393774 0.0008827082686854259
p 0.8520913564082236 0.5233930839272601 5.613007054010027e-06 0.8520913564082236 0.5233930839272601 5.613007054010027e-06
p -0.0593306657651001 0.9982383842114447 1.9667081401840235e-05 -0.0593306657651001 0.9982383842114447 1.9667081401840235e-05
p -0.7895939461322838 0.6136296887776709 7.26764546515758e-05 -0.7895939461322838 0.6136296887776709 7.26764546515758e-05
p 0.7371322049223524 0.6757485569548468 -1.5483964356408307e-05 0.7371322049223524 0.6757485569548468 -1.5483964356408307e-05
p 0.9512701179060498 0.3083588214509833 -3.517203387452216e-06 0.9512701179060498 0.3083588214509833 -3.517203387452216e-06
p -0.3132147472324545 0.949538061540985 0.016552697698508593 -0.3132147472324545 0.949538061540985 0.016552697698508593
p 0.34820059048504964 0.9374198142275438 0.0006638369227613436 0.34820059048504964 0.9374198142275438 0.0006638369227613436
p 0.9250996633085863 0.3797243899534092 2.491689209658287e-05 0.9250996633085863 0.3797243899534092 2.491689209658287e-05
p -0.9800749776446299 0.19862779351815854 -0.0001945173155334447 -0.9800749776446299 0.19862779351815854 -0.0001945173155334447
p -0.7209931918529989 0.6929394958044011 0.0019163653010794957 -0.7209931918529989 0.6929394958044011 0.0019163653010794957
p 0.22623885811000216 0.9740718534319885 -5.8588846918068935e-05 0.22623885811000216 0.9740718534319885 -5.8588846918068935e-05
p -0.08624757211835324 0.9962737356012151 7.408744488869716e-06 -0.08624757211835324 0.9962737356012151 7.408744488869716e-06
p 0.9248957505920563 0.3802163462904102 0.0018386272944033027 0.9248957505920563 0.3802163462904102 0.0018386272944033027
p 0.8052542058676869 0.5929273135698523 -0.001692558784523932 0.8052542058676869 0.5929273135698523 -0.001692558784523932
p -0.8148570074437885 0.5796620199775789 3.907230526244374e-06 -0.8148570074437885 0.5796620199775789 3.907230526244374e-06
p 0.8627391443139537 0.5056492534975576 3.613571474494414e-05 0.8627391443139537 0.5056492534975576 3.613571474494414e-05
p 0.8586279116372766 0.5125490684843875 0.007180651307217475 0.8586279116372766 0.5125490684843875 0.007180651307217475
p 0.7846743567619647 0.6199081817635808 4.771610140613428e-06 0.7846743567619647 0.6199081817635808 4.771610140613428e-06
p -0.6637090023395419 0.7479908824361187 -2.4262326092874578e-06 -0.6637090023395419 0.7479908824361187 -2.4262326092874578e-06
p 0.9725175535547038 0.23282956648392023 3.160512036922835e-05 0.9725175535547038 0.23282956648392023 3.160512036922835e-05
p -0.008817240746402983 0.9999611273605611 -5.780641639489796e-06 -0.008817240746402983 0.9999611273605611 -5.780641639489796e-06
p 0.12901941338594153 0.9914972366563883 -0.01694758603145237 0.12901941338594153 0.9914972366563883 -0.01694758603145237
p 0.288657747139418 0.9574323487399143 5.10173195489302e-05 0.288657747139418 0.9574323487399143 5.10173195489302e-05
p -0.952092621200899 0.3058098089364687 -3.7590450638858495e-05 -0.952092621200899 0.3058098089364687 -3.7590450638858495e-05
p -0.505305147800211 0.8629407321816053 -1.8667674087624372e-05 -0.505305147800211 0.8629407321816053 -1.8667674087624372e-05
p 0.2678133122179996 0.9634697848914379 -0.0014154151584786813 0.2678133122179996 0.9634697848914379 -0.0014154151584786813
p -0.85302848775726 0.5218643471601816 -4.730369712628828e-05 -0.85302848775726 0.5218643471601816 -4.730369712628828e-05
p -0.30815158672028964 0.9513092004650032 -0.007307852790269282 -0.30815158672028964 0.9513092004650032 -0.007307852790269282
p -0.1258020978155655 0.9920553574064868 -5.127444202072804e-06 -0.1258020978155655 0.9920553574064868 -5.127444202072804e-06
p -0.646151140372453 0.7632090691838626 -0.000787725130204709 -0.646151140372453 0.7632090691838626 -0.000787725130204709
p 0.995293336539264 0.09690807105043872 2.412997578526119e-06 0.995293336539264 0.09690807105043872 2.412997578526119e-06
p 0.2291841560757905 0.9733830811020738 5.29729550499679e-06 0.2291841560757905 0.9733830811020738 5.29729550499679e-06
p -0.6253816594061532 0.780287041243132 0.007064937823167694 -0.6253816594061532 0.780287041243132 0.007064937823167694
p 0.2151072095082944 0.9765904404593223 4.584946436642072e-06 0.2151072095082944 0.9765904404593223 4.584946436642072e-06
p -0.014908478238741259 0.9998888588037839 8.553754613149387e-05 -0.014908478238741259 0.9998888588037839 8.553754613149387e-05
p -0.9841727675446129 0.1772116350845293 -3.774246442501025e-06 -0.9841727675446129 0.1772116350845293 -3.774246442501025e-06
p -0.8342646197642438 0.551364257238721 -7.0153712166486955e-06 -0.8342646197642438 0.551364257238721 -7.0153712166486955e-06
p -0.9984185517389497 0.056210807172975094 0.0008606395650744154 -0.9984185517389497 0.056210807172975094 0.0008606395650744154
p 0.7163990232020958 0.6976907906862578 -1.2110638554775655e-05 0.7163990232020958 0.6976907906862578 -1.2110638554775655e-05
p 0.9233036781672667 0.3840707186023097 3.154523662910175e-05 0.9233036781672667 0.3840707186023097 3.154523662910175e-05
p 0.2364076449217971 0.9716529409640684 0.0014098717693970192 0.2364076449217971 0.9716529409640684 0.0014098717693970192
p -0.9919803483668861 0.12639219950705297 1.8912448964786915e-05 -0.9919803483668861 0.12639219950705297 1.8912448964786915e-05
p 0.7289137713374166 0.684605514105292 -6.333477069111364e-05 0.7289137713374166 0.684605514105292 -6.333477069111364e-05
p -0.04596887814867097 0.9989428722243918 1.654796298810431e-05 -0.04596887814867097 0.9989428722243918 1.654796298810431e-05
p 0.9088810171199153 0.41705491958009705 -0.0007005520015760309 0.9088810171199153 0.41705491958009705 -0.0007005520015760309
p -0.9530706418403232 0.302642707158588 0.007983950513102684 -0.9530706418403232 0.302642707158588 0.007983950513102684
p 0.26481346866364525 0.964299656118753 4.8562600389945044e-06 0.26481346866364525 0.964299656118753 4.8562600389945044e-06
p -0.3624467669666154 0.9320044737215348 -4.5590492512105584e-05 -0.3624467669666154 0.9320044737215348 -4.5590492512105584e-05
p -0.8746826792261372 0.4846926250265863 0.0018082883131517798 -0.8746826792261372 0.4846926250265863 0.0018082883131517798
p 0.9978475184099709 0.065576894859061 2.938888800248782e-05 0.9978475184099709 0.065576894859061 2.938888800248782e-05
p -0.49373989978026595 0.8696096315939023 -2.0225464828613977e-06 -0.49373989978026595 0.8696096315939023 -2.0225464828613977e-06
p -0.18154886691150293 0.9833819242406 -6.648496590619844e-08 -9.077443345575146 49.16909621203 -3.3242482953099224e-06
p -0.9519480232884984 0.3062596290358857 -2.4081577256230076e-05 -47.597401164424916 15.312981451794286 -0.0012040788628115038
p -0.9169468662476271 0.3990091847301268 -0.0003390865018921718 -45.847343312381355 19.95045923650634 -0.01695432509460859
p -0.40097445875017346 0.9160892333331282 -1.0615162546323203e-06 -20.04872293750867 45.80446166665641 -5.307581273161601e-05
p -0.8894645024472076 0.45700423480788455 0.00016808926595355606 -44.47322512236038 22.850211740394226 0.008404463297677803
p -0.9835737662341741 0.18050648104878617 -0.00023806576064956886 -49.178688311708704 9.025324052439307 -0.011903288032478443
p 0.5542870134405297 0.8323256012091484 -1.7407121901473248e-05 27.714350672026484 41.61628006045742 -0.0008703560950736623
p -0.6861748454034501 0.7274366512181999 -5.101349561096097e-08 -34.3087422701725 36.37183256090999 -2.5506747805480485e-06
p -0.23140387661584988 0.9728577726919558 5.76438760951644e-08 -11.570193830792494 48.64288863459779 2.88219380475822e-06
p 0.7374263664994678 0.6754275342265703 8.928205371772498e-08 36.87131832497339 33.771376711328514 4.4641026858862485e-06
p 0.9938221551276065 0.11098433479090722 -3.753051454535987e-05 49.691107756380326 5.549216739545361 -0.0018765257272679934
p 0.8107073012764848 0.585451669222675 -0.00012108419598129519 40.535365063824244 29.27258346113375 -0.006054209799064759
p -0.015555790036070886 0.9998789483635968 0.00032560046281657077 -0.7777895018035443 49.99394741817984 0.016280023140828537
p -0.027685800858583673 0.999616674740908 -3.2785375218193325e-06 -1.3842900429291836 49.9808337370454 -0.00016392687609096662
p 0.732853341047696 0.6803866404544552 2.5158456841679178e-06 36.642667052384795 34.01933202272276 0.0001257922842083959
p 0.9904882616294438 0.1375972513227569 1.6446086725514773e-06 49.52441308147219 6.879862566137845 8.223043362757386e-05
p -0.9923821397603245 0.12319776097165186 -1.939823355975177e-05 -49.61910698801623 6.159888048582593 -0.0009699116779875884
p -0.3727914608106776 0.9279151506180542 -3.3894806762485576e-07 -18.63957304053388 46.395757530902706 -1.694740338124279e-05
p -0.18814360575879174 0.9821415290242796 2.4040184714116334e-05 -9.407180287939587 49.107076451213985 0.0012020092357058166
p -0.16093563596575897 0.9869649036699789 7.801477238306035e-08 -8.046781798287949 49.348245183498946 3.9007386191530176e-06
p -0.5552050103521411 0.8317135302974512 -1.7227089009433826e-07 -27.760250517607055 41.58567651487256 -8.613544504716913e-06
p 0.18808474130792124 0.9821528038380374 4.626162642558234e-07 9.404237065396062 49.10764019190187 2.3130813212791167e-05
p 0.9815490815232344 0.19121035683030835 -1.3119516423057944e-06 49.07745407616172 9.560517841515418 -6.559758211528972e-05
p 0.10235967490302637 0.9947474538557646 1.1046983918377314e-06 5.117983745151319 49.73737269278823 5.523491959188657e-05
p 0.9901952290494266 0.1396904018403919 1.1931008678394634e-06 49.50976145247133 6.9845200920195945 5.965504339197317e-05
p -0.3377634784557655 0.941231019793467 -1.0893238644253219e-07 -16.888173922788276 47.06155098967335 -5.4466193221266095e-06
p 0.4238883355178697 0.9057144577609495 -3.8313390805264805e-06 21.194416775893483 45.285722888047474 -0.00019156695402632403
p -0.7677500708006821 0.6407494274562734 -7.408376892451817e-08 -38.3875035400341 32.03747137281367 -3.704188446225908e-06
p 0.10233286881926777 0.9947502118367403 3.15892904151775e-06 5.116643440963388 49.737510591837015 0.0001579464520758875
p 0.607224765007918 0.7945301031138168 -2.650791141426149e-06 30.3612382503959 39.72650515569084 -0.00013253955707130744
p 0.9903841320272744 0.1383444585431062 -0.0002860402018807982 49.51920660136372 6.9172229271553105 -0.01430201009403991
p -0.9941743897485571 0.10778349951616086 -3.6591747113718156e-07 -49.70871948742786 5.389174975808043 -1.829587355685908e-05
p -0.1717645799449083 0.9851380046459479 -0.00020218444441749418 -8.588228997245414 49.2569002322974 -0.010109222220874708
p 0.9148483840798824 0.40379742053507334 0.00027805691714349824 45.742419203994125 20.189871026753668 0.013902845857174911
p 0.2382600580059624 0.9712013924815285 9.6721557450866e-07 11.91300290029812 48.56006962407643 4.8360778725433e-05
p 0.9922161528725577 0.12452747672308125 -0.00011627451828768331 49.610807643627886 6.226373836154062 -0.005813725914384165
p 0.8700744916503836 0.4929202545925775 3.989630481440447e-05 43.50372458251918 24.646012729628875 0.0019948152407202233
p -0.7551316559221571 0.6555731702765872 -2.5254024082296598e-05 -37.75658279610786 32.77865851382936 -0.0012627012041148298
p 0.5245414809885516 0.8513848913513943 3.874160037287625e-05 26.22707404942758 42.56924456756971 0.0019370800186438125
p -0.7562583942219598 0.6542730631529883 1.1084620538193995e-06 -37.81291971109799 32.71365315764941 5.542310269096997e-05
p -0.3146910160666804 0.9491940878232064 -0.00038477057006221666 -15.734550803334018 47.459704391160315 -0.019238528503110832
p 0.6643387701164167 0.7474316010193244 1.7829655012840857e-05 33.216938505820835 37.371580050966216 0.0008914827506420429
p 0.998428239004318 0.05604508505327106 -3.288337513717744e-07 49.9214119502159 2.802254252663553 -1.644168756858872e-05
p -0.8136235952660509 0.581391989303553 5.3253842976162006e-08 -40.681179763302545 29.06959946517765 2.6626921488081e-06
p -0.9570803665266482 0.28982265612779484 2.060795503757492e-06 -47.85401832633241 14.491132806389743 0.0001030397751878746
p 0.8751288567595236 0.48388995036760046 1.0305306528367677e-07 43.75644283797618 24.19449751838002 5.152653264183839e-06
p -0.7464124034300886 0.6654835586031519 0.0003965281880696466 -37.32062017150443 33.27417793015759 0.01982640940348233
p -0.9911006456371567 0.1331146506292405 2.3380373071301464e-06 -49.555032281857834 6.655732531462025 0.00011690186535650731
p -0.455210124600404 0.8903840421196231 7.84805463622256e-08 -22.7605062300202 44.51920210598115 3.92402731811128e-06
p -0.3397533937245123 0.9405145090694899 -0.000299470287240815 -16.987669686225615 47.02572545347449 -0.01497351436204075
p 0.5257989452882862 0.8506088814100878 7.194925946439244e-08 26.28994726441431 42.530444070504394 3.5974629732196218e-06
p -0.6250049109221136 0.7806208178862495 2.41737874411787e-06 -31.25024554610568 39.031040894312476 0.00012086893720589351
p -0.17377808093987684 0.9847848387261131 -1.9261118161779343e-07 -8.688904046993843 49.23924193630565 -9.630559080889671e-06
p -0.07744227596222038 0.9969967822101089 0.0003318982976494942 -3.8721137981110187 49.84983911050544 0.01659491488247471
p 0.8349458317178169 0.5503321343471614 1.3931967599184648e-06 41.74729158589084 27.516606717358073 6.965983799592324e-05
p -0.5902138114285349 0.80724696054626 3.8572357530286135e-05 -29.510690571426746 40.362348027313 0.0019286178765143068
p -0.7105042258474725 0.703692933778079 -1.9193544868549803e-06 -35.525211292373626 35.184646688903946 -9.596772434274901e-05
p 0.5240738510781048 0.8516728236923804 1.0949731683614848e-07 26.20369255390524 42.58364118461902 5.474865841807424e-06
p -0.992313756617673 0.1237473572538649 7.902785304136175e-08 -49.61568783088365 6.187367862693245 3.951392652068088e-06
p -0.29769978253535323 0.9546595410723239 -1.0862013269910375e-05 -14.884989126767662 47.732977053616196 -0.0005431006634955188
p 0.40461275884288755 0.914488116588481 1.304196139138738e-08 404.61275884288756 914.4881165884809 1.304196139138738e-05
p 0.9984474331835923 0.05570209249307768 -7.809529348662539e-06 998.4474331835924 55.70209249307768 -0.007809529348662539
p -0.9887508655818272 0.14957180751979662 -1.436831606924757e-05 -988.7508655818273 149.57180751979664 -0.01436831606924757
p 0.9753566700164119 0.2206340097412372 2.9332539584435842e-09 975.356670016412 220.6340097412372 2.9332539584435844e-06
p 0.986269581185614 0.16514331118129882 1.7393317893601472e-07 986.269581185614 165.14331118129883 0.00017393317893601472
p -0.8307760872457801 0.5566067668117112 7.309431136605468e-08 -830.7760872457801 556.6067668117112 7.309431136605469e-05
p -0.45030876264857517 0.8928729015273509 -1.9720205941357704e-07 -450.30876264857517 892.8729015273509 -0.00019720205941357703
p -0.5402607148228652 0.8414976886593847 5.317163564884495e-09 -540.2607148228652 841.4976886593847 5.317163564884496e-06
p 0.21454363972262788 0.9767144038328539 -5.929007653468583e-09 214.5436397226279 976.7144038328539 -5.929007653468583e-06
p -0.9242234253700315 0.3818521441542607 1.4420801637072906e-06 -924.2234253700316 381.8521441542607 0.0014420801637072907
p -0.39689684592531455 0.9178632216700543 -7.633322775492252e-08 -396.89684592531455 917.8632216700543 -7.633322775492252e-05
p 0.6036782187841806 0.7972280778551325 6.7059500791586346e-06 603.6782187841806 797.2280778551325 0.006705950079158635
p 0.2628774954739165 0.9648292192783969 -4.6050877434043906e-09 262.8774954739165 964.829219278397 -4.605087743404391e-06
p -0.5457760595502053 0.8379310788017418 4.7586162842079946e-09 -545.7760595502052 837.9310788017418 4.758616284207995e-06
p -0.7950853149656154 0.6064976025723664 -1.0258832078776296e-08 -795.0853149656155 606.4976025723664 -1.0258832078776297e-05
p -0.15144188256708135 0.9884661633516715 1.0647308480555732e-05 -151.44188256708136 988.4661633516715 0.010647308480555732
p -0.646843596076115 0.7626226866644604 8.648111129231145e-09 -646.843596076115 762.6226866644604 8.648111129231145e-06
p -0.8383332942999849 0.5451580391667492 5.1262868865886415e-09 -838.3332942999849 545.1580391667492 5.126286886588642e-06
p 0.9325075168792509 0.36115056539039114 9.049562149838634e-06 932.5075168792509 361.15056539039114 0.009049562149838633
p 0.5624458894913257 0.8268340954453224 1.851242841105835e-06 562.4458894913257 826.8340954453224 0.0018512428411058348
p 0.09325537202034155 0.9956422226831011 -4.3654022211919645e-08 93.25537202034155 995.6422226831011 -4.365402221191965e-05
p 0.5635337104209672 0.8260930681333458 -1.1012555215728654e-06 563.5337104209673 826.0930681333458 -0.0011012555215728654
p 0.1999836066536088 0.9797992432482348 -3.560325396431907e-08 199.98360665360877 979.7992432482348 -3.560325396431907e-05
p -0.8408205622410565 0.5413139404381097 1.524075011428865e-08 -840.8205622410565 541.3139404381096 1.5240750114288651e-05
p 0.47375661076308784 0.8806558202602602 1.9923104305934582e-08 473.75661076308785 880.6558202602603 1.9923104305934582e-05
p 0.7535326935785545 0.6574104346967009 -7.755209235451025e-06 753.5326935785545 657.4104346967009 -0.007755209235451025
p 0.9730097015616894 0.23076420949611323 -1.680672705097908e-05 973.0097015616894 230.76420949611324 -0.016806727050979083
p 0.995618488355513 0.09350842449478065 -1.389917579689784e-05 995.618488355513 93.50842449478066 -0.01389917579689784
p -0.5115870986993291 0.8592314242649663 -1.796779053297462e-08 -511.58709869932903 859.2314242649663 -1.7967790532974618e-05
p -0.4449397930355053 0.8955604840397487 1.1253887887738864e-07 -444.9397930355053 895.5604840397488 0.00011253887887738864
p -0.8703413236930183 0.4924489620982453 8.0363000334769e-07 -870.3413236930184 492.4489620982453 0.00080363000334769
p -0.892070307970302 0.4518966315848909 7.57010735405057e-09 -892.070307970302 451.8966315848909 7.57010735405057e-06
p -0.6084089313429413 0.7936236967017402 1.719315385794599e-05 -608.4089313429413 793.6236967017402 0.017193153857945988
p 0.5045173190392492 0.8634015720987211 -9.322298316466803e-06 504.51731903924923 863.4015720987212 -0.009322298316466804
p 0.47849726399701187 0.8780890435182926 -7.100251287486699e-07 478.4972639970119 878.0890435182927 -0.0007100251287486699
p -0.9982251087114012 0.05955360894278853 -2.7139785264292872e-08 -998.2251087114013 59.55360894278853 -2.7139785264292873e-05
p 0.34662723586211464 0.9380029634060811 -4.852331374048307e-09 346.6272358621146 938.0029634060811 -4.852331374048307e-06
p 0.7496746315866066 0.6618065780539547 1.6710315929477324e-08 749.6746315866067 661.8065780539547 1.6710315929477323e-05
p -0.8926613354012098 0.45072801142013796 -9.883776123707447e-07 -892.6613354012098 450.728011420138 -0.0009883776123707447
p 0.6844028124852184 0.7291041011147331 3.323151573737676e-09 684.4028124852184 729.1041011147331 3.323151573737676e-06
p 0.053850378323670706 0.9985490156994781 3.2957412412874465e-08 53.850378323670704 998.5490156994781 3.2957412412874464e-05
p -0.665448185930197 0.746444044682659 5.2875667398912337e-08 -665.4481859301969 746.4440446826591 5.287566739891234e-05
p -0.9765041123040787 0.21549876716871544 -1.409634141267029e-06 -976.5041123040787 215.49876716871543 -0.001409634141267029
p 0.9437023741710289 0.33079575115766463 -6.093387895900478e-09 943.7023741710289 330.79575115766465 -6.093387895900478e-06
p -0.4731222197696208 0.8809968019755549 -8.313342856352182e-06 -473.1222197696208 880.9968019755548 -0.008313342856352181
p 0.7838048682872797 0.6210071887258312 -1.070624013318443e-08 783.8048682872796 621.0071887258312 -1.070624013318443e-05
p -0.5954920125670319 0.803361228196171 7.63545617793556e-08 -595.4920125670319 803.3612281961709 7.63545617793556e-05
p -0.5142512034560501 0.857639609477064 1.8273920201765846e-07 -514.2512034560501 857.6396094770639 0.00018273920201765847
p -0.09727594295098499 0.9952574495691987 -1.0369804284156502e-07 -97.27594295098498 995.2574495691987 -0.00010369804284156502
p -0.6794080713652635 0.7337606370222653 1.0973258863912681e-05 -679.4080713652635 733.7606370222653 0.01097325886391268
p -0.26104915491100067 0.9653255092041503 -1.7967308392839207e-08 -261.04915491100064 965.3255092041503 -1.7967308392839205e-05
p -0.171232208625833 0.9852306992408022 -1.612230537674048e-06 -171.23220862583298 985.2306992408022 -0.001612230537674048
p 0.5614319332923162 0.8275229206968668 9.895926741585937e-07 561.4319332923162 827.5229206968669 0.0009895926741585936
p -0.4937853205008804 0.8695838414194703 2.0787222472967118e-08 -493.7853205008804 869.5838414194703 2.0787222472967118e-05
p -0.684957812426451 0.7285827305084672 -8.928314040029244e-07 -684.957812426451 728.5827305084672 -0.0008928314040029244
p -0.9016257277344867 0.4325171061209684 1.8030937327194842e-08 -901.6257277344866 432.5171061209684 1.8030937327194843e-05
p -0.0595450126941457 0.9982256215219195 -6.569517031431752e-07 -59.5450126941457 998.2256215219195 -0.0006569517031431752
p 0.4825471868304554 0.8758699746435047 -3.8383167909639065e-09 482.5471868304554 875.8699746435046 -3.838316790963907e-06
p -0.73612252968723 0.6768483000546522 -2.8709372205928948e-08 -736.12252968723 676.8483000546522 -2.870937220592895e-05
p -0.8297935753704737 0.5580704456194451 1.2786864486598257e-08 -829.7935753704737 558.0704456194451 1.2786864486598257e-05
case 5 4 180
s 1.0 0.0 0.0 0.0 0.99999999995 -9.9999999995e-06 -0.0 9.9999999995e-06 0.99999999995 1.0 1.0 0.001 0.0 0.0 0.0 0.00099999999995 -9.999999999500001e-09 0.001 0.0
s 0.0 0.99999999995 -9.9999999995e-06 -1.0 0.0 0.0 0.0 9.9999999995e-06 0.99999999995 1.0 1.0 0.0 0.00099999999995 -9.999999999500001e-09 -0.001 0.0 0.0 0.001 1.0
s -1.0 0.0 0.0 0.0 -1.0 0.0 0.0 0.0 1.0 1.0 1.0 -0.001 0.0 0.0 0.0 -0.001 0.0 0.001 2.0
s 0.0 -1.0 0.0 1.0 0.0 0.0 -0.0 0.0 1.0 1.0 1.0 0.0 -0.001 0.0 0.001 0.0 0.0 0.001 3.0
p -0.5947112579834127 0.8039393754231954 -1.6490880280531146e-05 -0.5947112579834127 0.8039393754231954 -1.6490880280531146e-05
p -0.8252453370376843 0.5647744095578658 2.4744749396434287e-06 -0.8252453370376843 0.5647744095578658 2.4744749396434287e-06
p 0.37405632736921357 0.927405986435058 1.6717436093863087e-05 0.37405632736921357 0.927405986435058 1.6717436093863087e-05
p -0.9862351729190006 0.1653486730937891 1.8847414281868636e-06 -0.9862351729190006 0.1653486730937891 1.8847414281868636e-06
p 0.6970265287289353 0.7170453361536818 6.440764070054222e-05 0.6970265287289353 0.7170453361536818 6.440764070054222e-05
p 0.8277020926067368 0.561106200487666 0.00831129765585783 0.8277020926067368 0.561106200487666 0.00831129765585783
p 0.44887260698005016 0.893407260609885 -0.01835345723493268 0.44887260698005016 0.893407260609885 -0.01835345723493268
p 0.9877118795769472 0.15627332625337848 0.001972420918410037 0.9877118795769472 0.15627332625337848 0.001972420918410037
p -0.6953941265145939 0.7186285609418215 -1.4411516730332296e-05 -0.6953941265145939 0.7186285609418215 -1.4411516730332296e-05
p -0.3382223048528622 0.9410662423249707 -7.508460227785891e-06 -0.3382223048528622 0.9410662423249707 -7.508460227785891e-06
p -0.27933248757158224 0.9601944393397253 -6.938479741446641e-06 -0.27933248757158224 0.9601944393397253 -6.938479741446641e-06
p 0.7496464541758134 0.6616413660641915 0.01615228944578864 0.7496464541758134 0.6616413660641915 0.01615228944578864
p -0.8933096188549904 0.44944178788388195 -6.45359709278169e-05 -0.8933096188549904 0.44944178788388195 -6.45359709278169e-05
p 0.2567515549574256 0.9664774266282403 0.00015114561990347235 0.2567515549574256 0.9664774266282403 0.00015114561990347235
p 0.6261588398057837 0.7796955211538327 -4.032032062810256e-05 0.6261588398057837 0.7796955211538327 -4.032032062810256e-05
p 0.947848446229105 0.31872138714267345 1.8945226150935627e-05 0.947848446229105 0.31872138714267345 1.8945226150935627e-05
p 0.1983949052165784 0.9801221650847454 -5.5621002739868365e-05 0.1983949052165784 0.9801221650847454 -5.5621002739868365e-05
p 0.8920295444123253 0.4519760595312742 -0.000966181205382414 0.8920295444123253 0.4519760595312742 -0.000966181205382414
p -0.9572599592425042 0.2890697774264733 0.009593446182087004 -0.9572599592425042 0.2890697774264733 0.009593446182087004
p 0.4276305309917372 0.9039518548358059 0.0017813204740144426 0.4276305309917372 0.9039518548358059 0.0017813204740144426
p 0.8622975557394535 0.5064019405175963 -2.4035381075515563e-06 0.8622975557394535 0.5064019405175963 -2.4035381075515563e-06
p 0.6131313762139871 0.7899809584505176 -2.8063213037919654e-05 0.6131313762139871 0.7899809584505176 -2.8063213037919654e-05
p 0.9932488168526538 0.11457444409621131 0.018151710135622758 0.9932488168526538 0.11457444409621131 0.018151710135622758
p -0.11755506252242764 0.9930663659568671 -8.976072758898067e-06 -0.11755506252242764 0.9930663659568671 -8.976072758898067e-06
p 0.16324981023384663 0.9865680660110236 -0.005740260088325118 0.16324981023384663 0.9865680660110236 -0.005740260088325118
p -0.36391730740593026 0.9314312606480155 7.620121996561584e-06 -0.36391730740593026 0.9314312606480155 7.620121996561584e-06
p -0.2534862740792237 0.9673389834108681 5.2020257188127245e-06 -0.2534862740792237 0.9673389834108681 5.2020257188127245e-06
p 0.030893034473523037 0.9994768592969671 0.009572259445332474 0.030893034473523037 0.9994768592969671 0.009572259445332474
p -0.8539708714916516 0.5203208122582504 -5.4540845035844436e-05 -0.8539708714916516 0.5203208122582504 -5.4540845035844436e-05
p -0.10659549401510421 0.9943024677489416 5.730655339776745e-05 -0.10659549401510421 0.9943024677489416 5.730655339776745e-05
p -0.6713939929305489 0.7411006043968915 -2.0477699580458397e-05 -0.6713939929305489 0.7411006043968915 -2.0477699580458397e-05
p -0.7778453020148166 0.6284557946574411 1.7174487692813117e-05 -0.7778453020148166 0.6284557946574411 1.7174487692813117e-05
p -0.04615028168315146 0.9989345080924203 -6.53604972992269e-06 -0.04615028168315146 0.9989345080924203 -6.53604972992269e-06
p -0.8280229752757408 0.5606941700901735 -6.51165007204822e-06 -0.8280229752757408 0.5606941700901735 -6.51165007204822e-06
p -0.9888970893866654 0.14860197081230878 -2.955130065636106e-05 -0.9888970893866654 0.14860197081230878 -2.955130065636106e-05
p -0.6786420179715194 0.7344692022636827 4.8679501071800194e-05 -0.6786420179715194 0.7344692022636827 4.8679501071800194e-05
p -0.07488779412376337 0.9971916837145998 -0.0007511469354028506 -0.07488779412376337 0.9971916837145998 -0.0007511469354028506
p -0.9708344246319438 0.23975095260376383 2.598365882165733e-05 -0.9708344246319438 0.23975095260376383 2.598365882165733e-05
p 0.3298517070174538 0.9440327595734433 1.5159859680663238e-05 0.3298517070174538 0.9440327595734433 1.5159859680663238e-05
p 0.7874635050898576 0.6163612804745281 -9.132137632857183e-06 0.7874635050898576 0.6163612804745281 -9.132137632857183e-06
p -0.9290031470664649 0.3700718205009319 2.029113821475212e-05 -0.9290031470664649 0.3700718205009319 2.029113821475212e-05
p -0.7115338998636783 0.7026517634571068 9.303441914419618e-05 -0.7115338998636783 0.7026517634571068 9.303441914419618e-05
p -0.07031593518605501 0.997524770614645 3.562457657339548e-05 -0.07031593518605501 0.997524770614645 3.562457657339548e-05
p 0.033642933946761294 0.9994339157907083 -3.102749168416622e-05 0.033642933946761294 0.9994339157907083 -3.102749168416622e-05
p -0.6377325422545499 0.7702578803415068 4.81804711382518e-05 -0.6377325422545499 0.7702578803415068 4.81804711382518e-05
p -0.15614294327440895 0.9877344615347041 0.00012150042314667189 -0.15614294327440895 0.9877344615347041 0.00012150042314667189
p 0.9369061177705511 0.3495810721089357 2.2522910076508002e-05 0.9369061177705511 0.3495810721089357 2.2522910076508002e-05
p -0.8352181469822493 0.5499187638191833 1.2293055825743878e-05 -0.8352181469822493 0.5499187638191833 1.2293055825743878e-05
p 0.9907920017419684 0.13539278531166526 5.449488655173676e-05 0.9907920017419684 0.13539278531166526 5.449488655173676e-05
p -0.5842837116269256 0.8115494693516285 5.587981697311841e-05 -0.5842837116269256 0.8115494693516285 5.587981697311841e-05
p 0.0026814298400748247 0.9999950584705344 -0.0016410266680695108 0.0026814298400748247 0.9999950584705344 -0.0016410266680695108
p 0.6763690578683901 0.736562894238488 1.972938507238659e-05 0.6763690578683901 0.736562894238488 1.972938507238659e-05
p -0.9694229917715113 0.24539413416761668 -0.0008842742211814952 -0.9694229917715113 0.24539413416761668 -0.0008842742211814952
p 0.6898320448745493 0.7239679213041924 -0.0014828306325069286 0.6898320448745493 0.7239679213041924 -0.0014828306325069286
p 0.9924006578002917 0.12270073239629432 0.009244710215108984 0.9924006578002917 0.12270073239629432 0.009244710215108984
p 0.6891798306110358 0.72458990576521 -0.0007934368961142488 0.6891798306110358 0.72458990576521 -0.0007934368961142488
p 0.8427719732163828 0.5382707473130737 -6.122082945683155e-05 0.8427719732163828 0.5382707473130737 -6.122082945683155e-05
p -0.7993056996039346 0.600924619698248 -4.6022495657352795e-06 -0.7993056996039346 0.600924619698248 -4.6022495657352795e-06
p 0.19519343920130786 0.980764758229993 0.0001015225530926883 0.19519343920130786 0.980764758229993 0.0001015225530926883
p 0.8241042532644992 0.5664070609000582 0.005934737898165966 0.8241042532644992 0.5664070609000582 0.005934737898165966
p 0.3692692791386575 0.9293224407509082 -2.4519196173686945e-05 18.463463956932873 46.46612203754541 -0.0012259598086843473
p 0.88760613176376 0.46060321635290963 -0.0001787196952215531 44.380306588188 23.03016081764548 -0.008935984761077655
p -0.12852188730063907 0.9917066726026487 2.5460724038128253e-07 -6.426094365031954 49.58533363013243 1.2730362019064127e-05
p -0.40590609949734363 0.9139147872687543 1.5363109760799519e-06 -20.295304974867182 45.69573936343772 7.68155488039976e-05
p -0.9163494262248728 0.4003794813132043 8.460868577589171e-07 -45.817471311243644 20.018974065660213 4.2304342887945854e-05
p 0.8110840505646001 0.5849296221936765 2.903580223671922e-07 40.55420252823001 29.246481109683824 1.451790111835961e-05
p -0.6540191885355642 0.756477958057788 -4.265170225702342e-08 -32.70095942677821 37.8238979028894 -2.132585112851171e-06
p 0.009512214587876901 0.9999547578559624 3.85457156581156e-06 0.4756107293938451 49.99773789279812 0.00019272857829057797
p 0.22013035797781658 0.9754704636719964 3.1412410261680173e-07 11.006517898890829 48.77352318359982 1.5706205130840088e-05
p 0.5001684363368054 0.8659281347842916 -2.6103502743109862e-05 25.008421816840272 43.29640673921458 -0.0013051751371554931
p -0.45505986080075295 0.8904608487114946 6.55717289286119e-08 -22.752993040037648 44.52304243557473 3.278586446430595e-06
p -0.9719060626434289 0.235369083349782 1.7487355165232775e-07 -48.595303132171445 11.7684541674891 8.743677582616388e-06
p 0.5191244583043295 0.8546986584698798 1.5646263160953846e-07 25.956222915216475 42.73493292349399 7.823131580476923e-06
p 0.25316954464570396 0.9674218991133894 -0.00022534358216019473 12.658477232285199 48.37109495566947 -0.011267179108009737
p -0.17649722191497286 0.9843011381971947 6.259695095880215e-08 -8.824861095748643 49.21505690985973 3.1298475479401078e-06
p 0.8762392214190519 0.4818763605337987 -2.373676812278941e-06 43.81196107095259 24.093818026689934 -0.00011868384061394705
p 0.8848802821173019 0.4658185122113292 1.1082531206777346e-06 44.24401410586509 23.29092561056646 5.541265603388673e-05
p -0.8125167290701585 0.5829378740318836 -5.645357469111919e-07 -40.62583645350792 29.14689370159418 -2.8226787345559596e-05
p 0.9691182422368381 0.24659649746597656 -1.1375290908104716e-06 48.455912111841904 12.329824873298827 -5.6876454540523576e-05
p 0.3961229919522789 0.9181974598344363 6.029353460544821e-07 19.806149597613945 45.90987299172182 3.0146767302724104e-05
p -0.8705967682796991 0.4919972224937707 -1.0925152601046155e-05 -43.529838413984955 24.599861124688534 -0.0005462576300523077
p 0.24801657121899753 0.968755789866866 -4.434720489357001e-07 12.400828560949877 48.437789493343296 -2.2173602446785003e-05
p 0.3078048963125923 0.9514494972440691 4.9456014167437576e-08 15.390244815629615 47.57247486220346 2.4728007083718787e-06
p -0.9944327801724546 0.10537276805197644 -0.00015959807946779663 -49.72163900862273 5.268638402598822 -0.00797990397338983
p 0.9933119425570056 0.115461616018572 -8.909446692115456e-08 49.66559712785028 5.7730808009286 -4.454723346057728e-06
p -0.9374821560169161 0.34803334145832726 -1.957616196635308e-05 -46.874107800845806 17.401667072916364 -0.000978808098317654
p 0.3591602094508932 0.933275920585478 -1.5871480436752097e-06 17.95801047254466 46.663796029273904 -7.935740218376049e-05
p 0.8625283511252227 0.5060087385660414 -8.95156169406873e-08 43.12641755626114 25.300436928302073 -4.475780847034365e-06
p 0.9027755523210189 0.4301119646458046 7.411333753267148e-08 45.138777616050945 21.50559823229023 3.705666876633574e-06
p 0.03466337044965083 0.9993990447990492 1.954090899488481e-06 1.7331685224825415 49.969952239952455 9.770454497442405e-05
p 0.9555608948122583 0.2947937858535602 1.1301398452359105e-05 47.77804474061291 14.73968929267801 0.0005650699226179553
p -0.1579731014019351 0.9874434157078215 2.953735230584778e-06 -7.898655070096755 49.37217078539107 0.0001476867615292389
p -0.2841471013651043 0.9587806438578148 -0.0003189818229342096 -14.207355068255215 47.93903219289074 -0.01594909114671048
p -0.20981469837650446 0.9777411516958509 -0.00018062571155714511 -10.490734918825224 48.887057584792544 -0.009031285577857255
p 0.5320514517499669 0.8467119872054439 -0.0002518200964417864 26.602572587498347 42.3355993602722 -0.01259100482208932
p -0.8468877798590969 0.5317716502075068 -1.8997758107418467e-05 -42.34438899295485 26.588582510375343 -0.0009498879053709234
p -0.7394109717300283 0.6732543461696885 1.5775948954378568e-05 -36.970548586501415 33.662717308484424 0.0007887974477189284
p 0.5118846929005565 0.8590541666123158 3.502533128252933e-07 25.594234645027825 42.95270833061579 1.7512665641264667e-05
p -0.8643050342000862 0.5029679988390283 5.012013574667864e-07 -43.21525171000431 25.148399941951418 2.506006787333932e-05
p 0.07198328205869135 0.9974058384841035 -2.1491430131115338e-05 3.5991641029345676 49.870291924205176 -0.0010745715065557668
p -0.9443332474541215 0.328990452373242 -5.143113392941119e-08 -47.216662372706075 16.449522618662098 -2.5715566964705595e-06
p -0.80355180585144 0.5952348236728291 2.5641231156190686e-07 -40.177590292572 29.761741183641455 1.2820615578095343e-05
p 0.8914745393555478 0.4530707952669049 -1.2531088718097465e-05 44.57372696777739 22.653539763345247 -0.0006265544359048733
p 0.47474789273675133 0.8801218309662892 -3.160001185296757e-05 23.737394636837568 44.00609154831446 -0.0015800005926483785
p 0.9113536458296464 0.4116242606632308 -1.632360384915699e-05 45.56768229148232 20.581213033161543 -0.0008161801924578495
p 0.2786371071578514 0.9603963848803162 -0.0003826532682150575 13.93185535789257 48.01981924401581 -0.019132663410752874
p -0.12643199797325455 0.9919752760575911 3.9736094083801256e-05 -6.321599898662727 49.59876380287955 0.001986804704190063
p 0.9793369118565824 0.20223553683495357 -2.6763607263862186e-05 48.966845592829124 10.111776841747679 -0.0013381803631931093
p -0.30998627517485206 0.9507410316154822 -2.439182996030513e-06 -15.499313758742602 47.53705158077411 -0.00012195914980152565
p -0.9984095262943146 0.05637745828418667 -1.4756284112788758e-06 -49.92047631471573 2.818872914209334 -7.37814205639438e-05
p -0.6281838010646427 0.7780649793429428 2.0834736934245886e-07 -31.409190053232134 38.90324896714714 1.0417368467122943e-05
p 0.5277668178007765 0.8493893016311592 -1.740614226220601e-05 26.388340890038826 42.46946508155796 -0.0008703071131103005
p -0.9842781194973328 0.1766255459396739 -5.536944378586596e-07 -49.21390597486664 8.831277296983695 -2.768472189293298e-05
p -0.9385901124605422 0.34503420234987664 3.018413325993275e-07 -46.92950562302711 17.251710117493833 1.5092066629966375e-05
p -0.3204510484453115 0.947265076707639 -6.093202187132867e-07 -16.022552422265576 47.363253835381954 -3.0466010935664334e-05
p 0.3343225586522073 0.9424587135627575 -2.423610723846229e-06 16.716127932610362 47.12293567813787 -0.00012118053619231146
p 0.044663716441115324 0.9990020663224836 -0.00015465146587226425 2.2331858220557663 49.95010331612418 -0.007732573293613212
p 0.3596729666746885 0.9330784053509045 -0.0002156646510498885 17.983648333734426 46.653920267545224 -0.010783232552494425
p -0.9007443578957433 0.43434951731806853 0.00031388619939214 -45.03721789478716 21.717475865903427 0.015694309969607
p -0.1491460502195449 0.9888151777273116 1.1884395882160152e-07 -7.457302510977246 49.44075888636558 5.942197941080076e-06
p 0.31437829291777547 0.9492977872838984 1.6209302360525106e-09 314.37829291777547 949.2977872838984 1.6209302360525105e-06
p -0.9875342052808989 0.15740455330194209 -1.9898807216223344e-07 -987.5342052808988 157.4045533019421 -0.00019898807216223345
p -0.7516748676325735 0.6595338455072289 -2.1393507061274143e-09 -751.6748676325735 659.533845507229 -2.1393507061274144e-06
p -0.8459318817548279 0.5332909631999551 -1.5927675897576116e-08 -845.9318817548279 533.2909631999551 -1.5927675897576116e-05
p 0.9965602961186156 0.08287084046862847 -1.6630970537848232e-08 996.5602961186156 82.87084046862847 -1.663097053784823e-05
p -0.975628997636862 0.21942665966124142 -4.2585314059121094e-08 -975.628997636862 219.42665966124142 -4.2585314059121096e-05
p 0.6279788856968239 0.7782303764189498 -1.8379207422243682e-05 627.9788856968239 778.2303764189497 -0.018379207422243683
p -0.418179652487064 0.9083643422359761 3.2435011254567976e-08 -418.179652487064 908.3643422359761 3.2435011254567974e-05
p -0.20907783289712664 0.9778990028581886 -4.0170308883520884e-08 -209.07783289712665 977.8990028581886 -4.017030888352088e-05
p -0.9790999846784226 0.20337949749673687 8.291273795636419e-07 -979.0999846784226 203.37949749673686 0.0008291273795636419
p -0.39178902280312133 0.9200550861824929 -8.372039283612166e-07 -391.7890228031213 920.0550861824929 -0.0008372039283612166
p 0.19152819725922712 0.9814871113027179 -1.1299276743121168e-06 191.5281972592271 981.487111302718 -0.0011299276743121167
p -0.0465135253432781 0.9989176600906786 -1.7863473267270227e-05 -46.5135253432781 998.9176600906786 -0.017863473267270228
p -0.560809505559785 0.8279448643924192 8.966346114426384e-08 -560.8095055597851 827.9448643924192 8.966346114426383e-05
p -0.09122614254859808 0.9958302018495399 8.778042206604937e-08 -91.22614254859808 995.8302018495399 8.778042206604938e-05
p 0.7585779581044731 0.6515822906418254 5.948925269382413e-09 758.5779581044732 651.5822906418254 5.9489252693824125e-06
p -0.5206034826780486 0.8537985791873111 -1.1026326524818028e-06 -520.6034826780485 853.798579187311 -0.0011026326524818028
p -0.23434538801040505 0.9721534030773058 1.8617322319587102e-06 -234.34538801040506 972.1534030773058 0.0018617322319587103
p 0.997056953013985 0.07666441447286906 -1.418728435766324e-08 997.056953013985 76.66441447286907 -1.418728435766324e-05
p 0.9214327622693306 0.3885378548010073 -1.8283338457270213e-06 921.4327622693306 388.53785480100726 -0.0018283338457270213
p 0.8776450475152854 0.47931114166773214 -6.71325808558317e-06 877.6450475152853 479.31114166773216 -0.0067132580855831705
p 0.8270460867660967 0.5621341213305949 -8.752821785135168e-07 827.0460867660967 562.1341213305949 -0.0008752821785135168
p -0.03955233845785181 0.9992175001082169 3.3839975130143687e-08 -39.55233845785181 999.2175001082169 3.3839975130143685e-05
p 0.8367610878238299 0.5475681527466578 1.2222721395430284e-06 836.7610878238298 547.5681527466578 0.0012222721395430283
p 0.885723381009925 0.46421341248647996 6.839899977718305e-08 885.723381009925 464.21341248647997 6.839899977718304e-05
p 0.1884946936544958 0.982074208226699 -8.450184447350517e-09 188.49469365449582 982.0742082266989 -8.450184447350517e-06
p -0.03795808324776315 0.9992793322770791 1.756157820305319e-07 -37.95808324776315 999.2793322770791 0.0001756157820305319
p 0.9106667625186614 0.4131416798675482 1.813583306348415e-08 910.6667625186614 413.1416798675482 1.813583306348415e-05
p -0.989000875531625 0.1479096622863975 -5.4833520880368074e-08 -989.000875531625 147.9096622863975 -5.4833520880368075e-05
p -0.9653979442821613 0.26078115187981243 1.2381536929911877e-07 -965.3979442821613 260.78115187981246 0.00012381536929911876
p 0.11389300913175017 0.9934930208465889 1.8557064585892428e-07 113.89300913175018 993.4930208465888 0.00018557064585892428
p -0.9835270006267146 0.18076127609451126 -1.0144085367571806e-05 -983.5270006267147 180.76127609451126 -0.010144085367571807
p -0.9944750795211426 0.10497293085084917 5.185690707090789e-09 -994.4750795211426 104.97293085084918 5.185690707090789e-06
p -0.9409001074416559 0.3386842007184274 1.928215458028507e-08 -940.9001074416559 338.6842007184274 1.928215458028507e-05
p 0.9704245803687737 0.2414045024768378 -2.8898524246105587e-09 970.4245803687736 241.40450247683782 -2.8898524246105586e-06
p -0.9968688589227267 0.07907261289536749 -1.5555866356023734e-08 -996.8688589227266 79.07261289536748 -1.5555866356023735e-05
p 0.21701116993410025 0.9761691206567811 3.2071426426898866e-09 217.01116993410025 976.169120656781 3.207142642689887e-06
p 0.9427671121881624 0.3334519038427749 -1.4697229945878457e-07 942.7671121881624 333.4519038427749 -0.00014697229945878458
p 0.7232270984478313 0.6906102837858201 -3.422238044413738e-09 723.2270984478313 690.6102837858201 -3.422238044413738e-06
p 0.7799991842672616 0.6257805306514469 -1.1338134172338405e-08 779.9991842672615 625.780530651447 -1.1338134172338405e-05
p -0.1463900277474993 0.989226950490254 -1.4136444034033688e-05 -146.3900277474993 989.226950490254 -0.014136444034033689
p 0.9650022900666018 0.2622414539411057 1.0339917781880733e-06 965.0022900666017 262.2414539411057 0.0010339917781880734
p 0.534782386749008 0.8449898217274767 4.156696966020013e-08 534.782386749008 844.9898217274767 4.156696966020013e-05
p 0.5447149701827806 0.8386212501831636 -1.82214350534955e-08 544.7149701827806 838.6212501831636 -1.8221435053495498e-05
p 0.9855888245794849 0.1691587090989678 -1.6120631130855384e-08 985.5888245794849 169.1587090989678 -1.6120631130855383e-05
p 0.3810557216920278 0.9245520736718799 -5.898711850470045e-06 381.05572169202776 924.5520736718798 -0.005898711850470045
p -0.35596974462016756 0.9344974804219927 -1.406368606858584e-08 -355.96974462016755 934.4974804219927 -1.4063686068585839e-05
p 0.9870010124023751 0.16071403646439253 9.22674775892364e-08 987.0010124023752 160.71403646439254 9.22674775892364e-05
p -0.9970213253564263 0.07712636893122371 1.5224541357822632e-09 -997.0213253564262 77.12636893122371 1.5224541357822633e-06
p 0.3426528536069863 0.9394620917924189 -4.319260500447421e-08 342.6528536069863 939.462091792419 -4.319260500447421e-05
p -0.8855589813091153 0.4645269536020053 5.020312777067694e-08 -885.5589813091152 464.5269536020053 5.020312777067694e-05
p -0.967497433510178 0.25288083389458127 3.2801893811362006e-09 -967.497433510178 252.88083389458126 3.2801893811362006e-06
p -0.07662515686825498 0.9970599707804745 1.4679192584151678e-06 -76.62515686825498 997.0599707804745 0.0014679192584151678
p -0.3260473968801469 0.9453534233225415 1.782865285657872e-07 -326.0473968801469 945.3534233225415 0.0001782865285657872
p -0.21159999484153275 0.9773563536197554 1.4904999485888393e-05 -211.59999484153275 977.3563536197554 0.014904999485888392
p -0.5408360837447326 0.8411280107805593 5.770772919783653e-09 -540.8360837447326 841.1280107805593 5.7707729197836524e-06
p 0.09173311657184238 0.9957836287688289 8.802119223139188e-09 91.73311657184239 995.7836287688289 8.802119223139189e-06
p -0.7155582678731193 0.6985530511553284 -4.870808965395046e-08 -715.5582678731192 698.5530511553284 -4.870808965395046e-05
p -0.002690052510488461 0.9999963818021996 -1.6198584994724786e-08 -2.690052510488461 999.9963818021996 -1.6198584994724787e-05
p -0.9648566636893119 0.26277674656318 -1.9929765473514117e-08 -964.8566636893119 262.77674656318 -1.9929765473514116e-05
case 6 4 180
s 0.0 0.99999999995 -9.9999999995e-06 1.0 0.0 0.0 0.0 -9.9999999995e-06 -0.99999999995 1.0 1.0 0.0 0.0099999999995 -9.999999999500001e-08 0.01 0.0 0.0 0.01 0.0
s -1.0 0.0 0.0 0.0 0.99999999995 -9.9999999995e-06 -0.0 -9.9999999995e-06 -0.99999999995 1.0 1.0 -0.01 0.0 0.0 0.0 0.0099999999995 -9.999999999500001e-08 0.01 1.0
s 0.0 -1.0 0.0 -1.0 0.0 0.0 -0.0 -0.0 -1.0 1.0 1.0 0.0 -0.01 0.0 -0.01 0.0 0.0 0.01 2.0
s 1.0 0.0 0.0 0.0 -1.0 0.0 0.0 0.0 -1.0 1.0 1.0 0.01 0.0 0.0 0.0 -0.01 0.0 0.01 3.0
p -0.9882734820423472 0.1526827817705586 0.001868914845198514 -0.9882734820423472 0.1526827817705586 0.001868914845198514
p -0.3404950013768142 0.9402463261926776 -1.0889279646761248e-05 -0.3404950013768142 0.9402463261926776 -1.0889279646761248e-05
p -0.2383736969696521 0.9711735069406411 3.104374812887441e-06 -0.2383736969696521 0.9711735069406411 3.104374812887441e-06
p -0.9766880307510724 0.21466366852173419 2.093689796244191e-06 -0.9766880307510724 0.21466366852173419 2.093689796244191e-06
p -0.9051892170224072 0.42500880043255385 3.0679684457459266e-05 -0.9051892170224072 0.42500880043255385 3.0679684457459266e-05
p 0.41282070614287775 0.9108123102705461 6.271063966471447e-06 0.41282070614287775 0.9108123102705461 6.271063966471447e-06
p 0.1670294531381473 0.9859518965143178 -0.0001398005419427613 0.1670294531381473 0.9859518965143178 -0.0001398005419427613
p -0.8726922268427316 0.48827070069377754 7.230616687661519e-06 -0.8726922268427316 0.48827070069377754 7.230616687661519e-06
p -0.9976255529901298 0.06887129697537989 -2.1773076311934073e-05 -0.9976255529901298 0.06887129697537989 -2.1773076311934073e-05
p -0.9980277457341913 0.06277406492505266 -0.0001884609075227748 -0.9980277457341913 0.06277406492505266 -0.0001884609075227748
p -0.7944263893660715 0.6073604444511957 4.893703232707091e-05 -0.7944263893660715 0.6073604444511957 4.893703232707091e-05
p 0.9346002716738061 0.35569932384757985 0.0005685082430227538 0.9346002716738061 0.35569932384757985 0.0005685082430227538
p 0.8642801339895164 0.5030107826181497 5.0605733188012196e-05 0.8642801339895164 0.5030107826181497 5.0605733188012196e-05
p -0.2133185006415532 0.97694195101445 -0.008924216050705577 -0.2133185006415532 0.97694195101445 -0.008924216050705577
p 0.27272731041230047 0.9620913751411997 -5.847076489125921e-06 0.27272731041230047 0.9620913751411997 -5.847076489125921e-06
p 0.8614066739571242 0.5079158797647653 -3.383650904405643e-05 0.8614066739571242 0.5079158797647653 -3.383650904405643e-05
p 0.852376983482895 0.52292779183793 5.051838444923944e-05 0.852376983482895 0.52292779183793 5.051838444923944e-05
p 0.07686429849130848 0.9970415636130654 -6.7418602738287396e-06 0.07686429849130848 0.9970415636130654 -6.7418602738287396e-06
p -0.20679138117084903 0.9783850472058659 0.0001551690309281135 -0.20679138117084903 0.9783850472058659 0.0001551690309281135
p 0.8477000508317584 0.5304749413967755 0.0009799846539269685 0.8477000508317584 0.5304749413967755 0.0009799846539269685
p 0.45609046049814517 0.8899314834276001 0.001856514729553656 0.45609046049814517 0.8899314834276001 0.001856514729553656
p -0.47208181964320306 0.8815547367827867 4.0226781374186746e-05 -0.47208181964320306 0.8815547367827867 4.0226781374186746e-05
p -0.173200155749762 0.9848866436196181 -7.258058775816431e-05 -0.173200155749762 0.9848866436196181 -7.258058775816431e-05
p -0.9628814012002919 0.269924817282804 1.5408036948818224e-05 -0.9628814012002919 0.269924817282804 1.5408036948818224e-05
p 0.962059535240131 0.27283960608633995 -2.0479716150627484e-06 0.962059535240131 0.27283960608633995 -2.0479716150627484e-06
p -0.3713859489917109 0.9284785602866401 -0.00019994892934323516 -0.3713859489917109 0.9284785602866401 -0.00019994892934323516
p -0.9170360374636236 0.39880188805528183 -0.0014000273419128096 -0.9170360374636236 0.39880188805528183 -0.0014000273419128096
p 0.41071565333934446 0.9117634797245422 -9.561710016526289e-05 0.41071565333934446 0.9117634797245422 -9.561710016526289e-05
p -0.9140900068548918 0.4053371962142582 0.011883464696283872 -0.9140900068548918 0.4053371962142582 0.011883464696283872
p -0.9941644390802001 0.10787524257788628 1.034955846531494e-05 -0.9941644390802001 0.10787524257788628 1.034955846531494e-05
p -0.8576330681483976 0.5142621122614588 -1.762806842140407e-05 -0.8576330681483976 0.5142621122614588 -1.762806842140407e-05
p -0.0274510211620966 0.9996231496495619 -1.1038474297824775e-05 -0.0274510211620966 0.9996231496495619 -1.1038474297824775e-05
p 0.9394017092331126 0.34281836102971575 5.550333247235092e-06 0.9394017092331126 0.34281836102971575 5.550333247235092e-06
p -0.5989677395675569 0.800773155739837 -1.947832975073834e-06 -0.5989677395675569 0.800773155739837 -1.947832975073834e-06
p -0.1440646030620055 0.9895662854189464 0.001989197510354641 -0.1440646030620055 0.9895662854189464 0.001989197510354641
p 0.943212138035285 0.3321910030464338 -1.2566259017496555e-05 0.943212138035285 0.3321910030464338 -1.2566259017496555e-05
p 0.43028717432618885 0.902692054708581 -4.4456541836297424e-05 0.43028717432618885 0.902692054708581 -4.4456541836297424e-05
p 0.9676553359997522 0.25227593933266734 -3.383825168381921e-05 0.9676553359997522 0.25227593933266734 -3.383825168381921e-05
p 0.8232799907935631 0.5675612629149792 -0.00917984734647682 0.8232799907935631 0.5675612629149792 -0.00917984734647682
p -0.4267567309574472 0.9043664574128739 -5.7349818809136084e-05 -0.4267567309574472 0.9043664574128739 -5.7349818809136084e-05
p 0.8224325171724602 0.568862655816722 0.00018306970445903468 0.8224325171724602 0.568862655816722 0.00018306970445903468
p 0.9487338060356024 0.31607620168613254 -3.5870905294602483e-06 0.9487338060356024 0.31607620168613254 -3.5870905294602483e-06
p -0.9422161530125995 0.3350055126563306 0.0001658071375183194 -0.9422161530125995 0.3350055126563306 0.0001658071375183194
p -0.9982138678745174 0.05974172729080734 -1.8183728097937296e-06 -0.9982138678745174 0.05974172729080734 -1.8183728097937296e-06
p 0.5926078011632353 0.8054911507685392 -5.835231318161113e-06 0.5926078011632353 0.8054911507685392 -5.835231318161113e-06
p 0.29834822651281445 0.9544570892080185 2.443798391869942e-05 0.29834822651281445 0.9544570892080185 2.443798391869942e-05
p -0.4230666260012103 0.9059164369247005 0.01816698306288585 -0.4230666260012103 0.9059164369247005 0.01816698306288585
p 0.810013496214039 0.5864112318541905 5.573472956398653e-05 0.810013496214039 0.5864112318541905 5.573472956398653e-05
p 0.9018394393624866 0.4320713051353058 0.00011352986135805665 0.9018394393624866 0.4320713051353058 0.00011352986135805665
p -0.2977225687911072 0.9546524348521392 -2.5754740429176875e-05 -0.2977225687911072 0.9546524348521392 -2.5754740429176875e-05
p -0.4354963532590274 0.9001904944470895 2.278800233968199e-06 -0.4354963532590274 0.9001904944470895 2.278800233968199e-06
p 0.3104549246958122 0.9505881019131491 1.527331484211327e-05 0.3104549246958122 0.9505881019131491 1.527331484211327e-05
p 0.4499720822771217 0.8930411378526061 0.0016282733535455962 0.4499720822771217 0.8930411378526061 0.0016282733535455962
p -0.5502230253162635 0.8350012581455936 0.00524607539923119 -0.5502230253162635 0.8350012581455936 0.00524607539923119
p -0.9045682134241182 0.4263289173881674 -3.822737423961465e-05 -0.9045682134241182 0.4263289173881674 -3.822737423961465e-05
p -0.1690893746777368 0.9856007219661773 1.5193490448520653e-05 -0.1690893746777368 0.9856007219661773 1.5193490448520653e-05
p 0.20289550374593654 0.9792003891598225 -0.00011148513191310127 0.20289550374593654 0.9792003891598225 -0.00011148513191310127
p 0.9843764779219171 0.1760752143776438 0.0006845406550016176 0.9843764779219171 0.1760752143776438 0.0006845406550016176
p 0.9343185260707184 0.35643918378698647 1.0114708689635811e-05 0.9343185260707184 0.35643918378698647 1.0114708689635811e-05
p -0.8967026107688232 0.44235751967746034 -0.015628583594862938 -0.8967026107688232 0.44235751967746034 -0.015628583594862938
p 0.7413772201311591 0.6710885316518448 1.2488623861626472e-05 37.06886100655796 33.55442658259224 0.0006244311930813236
p -0.759634945196378 0.6503497136437387 -5.440095759641923e-08 -37.981747259818896 32.51748568218694 -2.7200478798209616e-06
p 0.6802162127178545 0.7330115304812503 -1.1718095761267306e-05 34.010810635892724 36.650576524062515 -0.0005859047880633653
p -0.9873008353858449 0.15886153957435162 0.0002677507789567652 -49.36504176929225 7.943076978717581 0.013387538947838262
p 0.3844324647726093 0.9231531184092512 -3.6292905091777135e-07 19.221623238630464 46.15765592046256 -1.814645254588857e-05
p -0.9770914125058994 0.2128200450965854 3.5091109929263454e-06 -48.85457062529497 10.641002254829269 0.00017545554964631726
p 0.03615409100693104 0.9993462271422016 -3.316738816453638e-07 1.8077045503465519 49.96731135711008 -1.658369408226819e-05
p 0.7321178280330048 0.6811780133514872 1.6603389540432754e-06 36.60589140165024 34.05890066757436 8.301694770216377e-05
p 0.8027055883338488 0.5963754532276873 -0.00023925944151005778 40.13527941669244 29.81877266138436 -0.01196297207550289
p -0.8594339461751895 0.5112468016142178 9.870205401477458e-07 -42.971697308759474 25.56234008071089 4.935102700738729e-05
p 0.8493077399912854 0.5278980595792481 -3.8514412322630985e-05 42.46538699956427 26.394902978962403 -0.0019257206161315493
p -0.7717034842727646 0.6359824937537697 -1.0725632159281984e-07 -38.585174213638226 31.799124687688483 -5.3628160796409915e-06
p -0.9051394886208064 0.42511469762789633 -8.579880194463236e-08 -45.25697443104032 21.255734881394815 -4.289940097231618e-06
p -0.09092906170604692 0.9958573721795609 3.588508011609956e-06 -4.546453085302346 49.79286860897805 0.0001794254005804978
p -0.5975154564706294 0.8018573933546781 -1.0660086226727629e-06 -29.87577282353147 40.09286966773391 -5.3300431133638143e-05
p -0.998731626026628 0.05035016558269744 -5.110873307198011e-08 -49.9365813013314 2.517508279134872 -2.555436653599005e-06
p -0.058668752371176816 0.9982775052535241 9.903370339683691e-08 -2.9334376185588407 49.91387526267621 4.951685169841846e-06
p -0.9621756564871067 0.27242981832435087 -1.2303106523975364e-05 -48.10878282435533 13.621490916217544 -0.0006151553261987682
p 0.508816470723805 0.8608750194536537 -9.180205983134807e-07 25.440823536190248 43.04375097268269 -4.590102991567403e-05
p -0.4687614280452079 0.8833248120465159 6.947369139207802e-08 -23.438071402260395 44.16624060232579 3.473684569603901e-06
p -0.7960276853700734 0.6052602119124748 -1.7173794632017492e-07 -39.80138426850367 30.26301059562374 -8.586897316008746e-06
p -0.023119305257511002 0.9997326770358317 0.00026868416332022024 -1.1559652628755501 49.98663385179158 0.013434208166011012
p -0.9687768230530144 0.24793440083075127 -6.948488515449498e-08 -48.43884115265072 12.396720041537563 -3.474244257724749e-06
p 0.8841791272672563 0.4671480179620975 1.4798540185834204e-05 44.208956363362816 23.357400898104874 0.0007399270092917102
p -0.8974068120633978 0.4412040499158534 2.422946488779064e-07 -44.870340603169886 22.06020249579267 1.2114732443895321e-05
p 0.5726877676616378 0.8197735781854971 3.5772570828500966e-05 28.634388383081887 40.98867890927485 0.0017886285414250482
p 0.5710550402287732 0.8209117742055538 6.458757726701506e-08 28.55275201143866 41.04558871027769 3.229378863350753e-06
p 0.7012499009264098 0.7129155465065236 7.354830433719432e-08 35.06249504632049 35.64577732532618 3.6774152168597163e-06
p 0.9514826581443604 0.30770237446358967 -1.0579822020769859e-07 47.57413290721802 15.385118723179483 -5.28991101038493e-06
p -0.3049423762692727 0.9523707391139961 0.0003499067166219897 -15.247118813463633 47.6185369556998 0.017495335831099485
p -0.9947274495878783 0.10255389332634736 -5.748812514163355e-08 -49.736372479393914 5.127694666317368 -2.874406257081678e-06
p 0.9441038098878207 0.3296482916007511 -8.900849052011738e-08 47.20519049439103 16.482414580037556 -4.450424526005869e-06
p 0.34262068335082135 0.9394738247232294 3.51027881993827e-07 17.131034167541067 46.97369123616147 1.755139409969135e-05
p -0.663395343094322 0.7482690817883405 6.329138903657909e-07 -33.1697671547161 37.41345408941702 3.1645694518289545e-05
p -0.9543403242878341 0.29872151599641417 -3.631798195053979e-05 -47.717016214391705 14.936075799820708 -0.0018158990975269897
p 0.37181850591401416 0.9283054447000594 -3.0867419671448357e-07 18.590925295700707 46.415272235002966 -1.543370983572418e-05
p 0.19404643630206247 0.9809923442900979 3.16652459860093e-05 9.702321815103124 49.04961721450489 0.001583262299300465
p -0.9476615887941814 0.3192765464672952 7.131561408293378e-08 -47.38307943970907 15.96382732336476 3.565780704146689e-06
p 0.3711537630237789 0.9285714205368871 3.3991117618149446e-05 18.557688151188945 46.42857102684436 0.0016995558809074723
p 0.5739160590704131 0.8189141329473723 -3.7372539739315175e-07 28.695802953520655 40.94570664736861 -1.8686269869657586e-05
p 0.40471201351409297 0.9144441951903205 -3.091914409131094e-07 20.23560067570465 45.722209759516026 -1.5459572045655473e-05
p 0.6955706629872966 0.7184576117957495 0.00033592284922050853 34.77853314936483 35.922880589787475 0.016796142461025426
p 0.9232470723281634 0.3842067717225606 -5.724767349553584e-08 46.16235361640817 19.21033858612803 -2.862383674776792e-06
p 0.9297983775378077 0.36806925588543393 -5.955304116128185e-08 46.489918876890385 18.403462794271697 -2.9776520580640927e-06
p 0.7849176914211328 0.6196000465575466 7.342807257606634e-08 39.245884571056635 30.980002327877333 3.671403628803317e-06
p -0.9940049032652931 0.10933549981815995 -2.7641787516937612e-05 -49.700245163264654 5.4667749909079975 -0.0013820893758468807
p -0.18794517184773646 0.9821795214598558 -2.003374934119452e-06 -9.397258592386823 49.10897607299279 -0.0001001687467059726
p -0.9742873508925652 0.2253090275176173 3.1325912543843015e-06 -48.71436754462826 11.265451375880865 0.00015662956271921506
p 0.5545019196906931 0.8321824445745873 -1.095442467289825e-06 27.725095984534654 41.60912222872937 -5.477212336449125e-05
p -0.707699568053175 0.7065134969434693 -3.7496480143485887e-06 -35.38497840265875 35.32567484717347 -0.00018748240071742944
p 0.7385128330923955 0.6742394199079749 3.577632318282917e-08 36.925641654619774 33.711970995398744 1.7888161591414587e-06
p -0.7017267478616337 0.7124461877463979 3.0019322088097738e-05 -35.086337393081685 35.622309387319895 0.001500966104404887
p 0.718979218602968 0.6950315624423972 0.00010210752143435678 35.9489609301484 34.75157812211986 0.005105376071717839
p 0.8105639911241639 0.5856500800757065 -4.301844483998314e-07 40.52819955620819 29.282504003785327 -2.150922241999157e-05
p -0.974113756853319 0.22605837455974226 7.212865297768891e-07 -48.70568784266595 11.302918727987112 3.6064326488844456e-05
p -0.9444560356255324 0.32863778962636314 3.74548488169325e-08 -47.222801781276615 16.43188948131816 1.872742440846625e-06
p -0.8619772777421947 0.5069469130537476 -1.196465005042453e-06 -43.09886388710974 25.34734565268738 -5.982325025212265e-05
p -0.4527820394649755 0.8916211866372284 -0.00029030597312851514 -22.639101973248778 44.581059331861425 -0.014515298656425757
p 0.07893414853355238 0.9968798323741923 -9.409370455801049e-07 3.946707426677619 49.843991618709616 -4.704685227900525e-05
p 0.6295594329200215 0.7769523282745479 3.190678539339877e-06 31.477971646001073 38.847616413727394 0.00015953392696699384
p -0.6601243228162516 0.7511563608373324 2.476987852283874e-08 -660.1243228162516 751.1563608373324 2.476987852283874e-05
p 0.9150313611690206 0.4033827067155088 -1.9817129923931707e-07 915.0313611690207 403.3827067155088 -0.00019817129923931708
p -0.7963779516665748 0.6047992709142256 9.859532642043948e-07 -796.3779516665747 604.7992709142255 0.0009859532642043948
p 0.15409326374104884 0.9880563071338122 -1.6508472088986178e-06 154.09326374104884 988.0563071338122 -0.0016508472088986178
p 0.9639902385546126 0.26593762399460963 1.0748146578315088e-05 963.9902385546127 265.9376239946096 0.010748146578315087
p -0.6338134637167607 0.7734859360139409 -1.3262139039108611e-08 -633.8134637167607 773.4859360139409 -1.326213903910861e-05
p 0.08933321900359514 0.9960017951702977 1.0306149235083361e-08 89.33321900359515 996.0017951702978 1.0306149235083361e-05
p -0.4827419735517897 0.8757626316354428 -1.5123358510314879e-06 -482.7419735517897 875.7626316354427 -0.0015123358510314878
p -0.8085526967323129 0.5884237729790508 5.556063784766292e-08 -808.5526967323129 588.4237729790508 5.5560637847662915e-05
p -0.352115517278243 0.9359565494679095 7.043458113550563e-09 -352.115517278243 935.9565494679096 7.0434581135505625e-06
p -0.9736728579713405 0.2279499186507473 1.539609044240653e-05 -973.6728579713405 227.9499186507473 0.015396090442406531
p 0.8491404078354818 0.5281671778717287 -7.406426987181964e-08 849.1404078354818 528.1671778717288 -7.406426987181964e-05
p -0.7280795944137467 0.685492599666694 -7.154285583552276e-07 -728.0795944137467 685.492599666694 -0.0007154285583552277
p 0.9820292783959276 0.18872863149982702 -5.037508069546319e-06 982.0292783959276 188.72863149982703 -0.00503750806954632
p 0.10295308448182311 0.9946862130306794 1.537739140723265e-06 102.95308448182311 994.6862130306794 0.0015377391407232648
p -0.4118866835849082 0.9112350738889616 -6.646088999645862e-08 -411.8866835849082 911.2350738889617 -6.646088999645862e-05
p -0.9436643486216587 0.3309042114275072 -1.7049843375095352e-08 -943.6643486216587 330.9042114275072 -1.7049843375095352e-05
p 0.7374736159941188 0.6753759439842073 -3.8953403429438785e-09 737.4736159941187 675.3759439842073 -3.895340342943878e-06
p 0.3437455629779308 0.9390628242737423 -8.997719208625452e-08 343.7455629779308 939.0628242737423 -8.997719208625452e-05
p -0.945013221301016 0.32703212619905886 5.993604832538623e-09 -945.013221301016 327.03212619905884 5.993604832538623e-06
p 0.9333483954426659 0.3589718272017699 1.5361878319284418e-07 933.348395442666 358.9718272017699 0.0001536187831928442
p 0.17110215958902433 0.9852532926193013 -1.915196233027388e-05 171.10215958902432 985.2532926193013 -0.01915196233027388
p -0.9485885440844586 0.3165118860828563 1.5025670680190385e-08 -948.5885440844586 316.5118860828563 1.5025670680190385e-05
p -0.9889487729786656 0.14825762854494134 1.490619370989619e-06 -988.9487729786656 148.25762854494135 0.0014906193709896191
p -0.06092383802323147 0.9981424176196267 1.0438664142806001e-05 -60.923838023231475 998.1424176196267 0.010438664142806002
p 0.3244495425737234 0.9459030047122705 -4.2590885801712585e-09 324.44954257372336 945.9030047122706 -4.259088580171258e-06
p 0.9889871253680755 0.14800157383009277 7.750923752973226e-08 988.9871253680756 148.00157383009278 7.750923752973226e-05
p 0.7542938523041782 0.6565369634499626 1.5885716635775434e-07 754.2938523041782 656.5369634499626 0.00015885716635775435
p 0.624872322777152 0.7807269562574912 -2.0331119243436965e-08 624.872322777152 780.7269562574912 -2.0331119243436965e-05
p -0.9893003455486326 0.14589320168307993 -1.2829856136204449e-07 -989.3003455486325 145.89320168307992 -0.0001282985613620445
p 0.21329839127843184 0.9769871013877476 3.557088049353709e-09 213.29839127843184 976.9871013877475 3.557088049353709e-06
p -0.33340301509912956 0.942784402288969 -1.7984469493275785e-05 -333.40301509912956 942.784402288969 -0.017984469493275784
p 0.997194935386589 0.07484825207910525 -1.9808333374139233e-07 997.194935386589 74.84825207910525 -0.00019808333374139232
p -0.1342791296126336 0.9909435480134212 1.0227532288244012e-06 -134.2791296126336 990.9435480134213 0.0010227532288244012
p -0.3961673075314604 0.9181783401464957 1.1362190011158065e-05 -396.1673075314604 918.1783401464957 0.011362190011158065
p 0.7493389545792097 0.6621866286395173 1.0802884292333158e-06 749.3389545792097 662.1866286395173 0.0010802884292333158
p -0.9919109256363027 0.12693587132709336 1.3181990941404835e-05 -991.9109256363026 126.93587132709335 0.013181990941404835
p -0.9295921759468022 0.3685897264147309 -5.6891154455887855e-08 -929.5921759468022 368.58972641473093 -5.689115445588785e-05
p -0.914625324147077 0.40430250608637525 -1.0634369641178213e-06 -914.625324147077 404.3025060863753 -0.0010634369641178212
p -0.9865696690228224 0.1633410180089413 -3.774014143819157e-08 -986.5696690228224 163.3410180089413 -3.774014143819157e-05
p 0.3208914215650213 0.9471159884438445 1.3882454424994218e-07 320.8914215650213 947.1159884438445 0.0001388245442499422
p 0.9946129013547597 0.10365894250081664 9.913600538403866e-06 994.6129013547596 103.65894250081664 0.009913600538403866
p 0.9134404095385191 0.4069725030294866 -1.3042588235470752e-07 913.4404095385191 406.97250302948663 -0.0001304258823547075
p -0.6659336598846124 0.7460109654909138 5.128887832482977e-09 -665.9336598846124 746.0109654909138 5.128887832482977e-06
p -0.21581611060406553 0.9764340256277976 1.6563356599192383e-07 -215.81611060406553 976.4340256277976 0.00016563356599192384
p 0.9185372559837147 0.39533442725103896 -2.6358967386734406e-08 918.5372559837148 395.33442725103896 -2.6358967386734406e-05
p 0.7636251783491484 0.6456598074066169 9.53319830823695e-06 763.6251783491484 645.6598074066169 0.00953319830823695
p 0.8545751293328093 0.5193277850508409 -5.846895754527849e-09 854.5751293328093 519.3277850508409 -5.846895754527849e-06
p 0.46701019522776077 0.8842519310430108 -1.8816361530780523e-07 467.0101952277608 884.2519310430108 -0.00018816361530780523
p 0.8093354762384063 0.587346649626679 8.617850012135638e-06 809.3354762384063 587.3466496266791 0.008617850012135638
p -0.39220773278340126 0.919876673443182 -9.823680206498799e-08 -392.20773278340124 919.876673443182 -9.823680206498798e-05
p -0.8242986996620028 0.5661551498798975 -4.7139638617870236e-08 -824.2986996620027 566.1551498798974 -4.713963861787024e-05
p 0.7706142083067226 0.6373019237032017 -4.212780653714888e-08 770.6142083067225 637.3019237032017 -4.212780653714888e-05
p -0.12289282325201664 0.9924199484054865 9.632973988623867e-09 -122.89282325201664 992.4199484054865 9.632973988623868e-06
p -0.9667536168035872 0.2557096875579268 -9.28495888216883e-06 -966.7536168035872 255.70968755792677 -0.009284958882168829
p 0.8272117912887802 0.5618902493839945 9.69750516793317e-09 827.2117912887802 561.8902493839945 9.69750516793317e-06
p -0.5634585131319639 0.826144360253773 2.1972943736608907e-08 -563.458513131964 826.144360253773 2.1972943736608906e-05
p -0.6997324101566964 0.7144050350995534 -8.406245501414574e-07 -699.7324101566965 714.4050350995534 -0.0008406245501414574
p -0.9688323756155911 0.24771723387265215 -1.2377661340633797e-06 -968.8323756155911 247.71723387265214 -0.0012377661340633797
p -0.8119075900023468 0.5837859755908676 1.4293769869040401e-08 -811.9075900023468 583.7859755908677 1.4293769869040402e-05
case 7 4 180
s 1.0 0.0 0.0 0.0 0.99999999995 -9.9999999995e-06 -0.0 9.9999999995e-06 0.99999999995 1.0 1.0 0.01 0.0 0.0 0.0 0.0099999999995 -9.999999999500001e-08 0.01 0.0
s 0.0 0.99999999995 -9.9999999995e-06 -1.0 0.0 0.0 0.0 9.9999999995e-06 0.99999999995 1.0 1.0 0.0 0.0099999999995 -9.999999999500001e-08 -0.01 0.0 0.0 0.01 1.0
s -1.0 0.0 0.0 0.0 -1.0 0.0 0.0 0.0 1.0 1.0 1.0 -0.01 0.0 0.0 0.0 -0.01 0.0 0.01 2.0
s 0.0 -1.0 0.0 1.0 0.0 0.0 -0.0 0.0 1.0 1.0 1.0 0.0 -0.01 0.0 0.01 0.0 0.0 0.01 3.0
p 0.884315080565941 0.4668905951284558 0.00010229491510768339 0.884315080565941 0.4668905951284558 0.00010229491510768339
p 0.21698505480711655 0.9761749258706944 -9.57585168542008e-06 0.21698505480711655 0.9761749258706944 -9.57585168542008e-06
p -0.04145201990500149 0.99913988714707 0.0011027046457092074 -0.04145201990500149 0.99913988714707 0.0011027046457092074
p 0.45627786506734463 0.8898373491963898 -4.271683864498936e-05 0.45627786506734463 0.8898373491963898 -4.271683864498936e-05
p -0.99715865144287 0.07532998352890542 -0.0001320385241839832 -0.99715865144287 0.07532998352890542 -0.0001320385241839832
p -0.9239350131138718 0.3825494628638566 -2.200973263206915e-06 -0.9239350131138718 0.3825494628638566 -2.200973263206915e-06
p 0.8668119293994755 0.4986352163773141 6.253628456506e-06 0.8668119293994755 0.4986352163773141 6.253628456506e-06
p 0.3374853456651807 0.9411988540476629 0.01575939721625357 0.3374853456651807 0.9411988540476629 0.01575939721625357
p 0.9009676125860134 0.4335258753321456 0.01768266067525383 0.9009676125860134 0.4335258753321456 0.01768266067525383
p -0.8625862516024384 0.5057871770959842 -0.011148543928721954 -0.8625862516024384 0.5057871770959842 -0.011148543928721954
p 0.8065084183851555 0.5912226068936397 1.3105865842954531e-05 0.8065084183851555 0.5912226068936397 1.3105865842954531e-05
p 0.8892415609777368 0.457437897361248 -0.00012762287626707776 0.8892415609777368 0.457437897361248 -0.00012762287626707776
p 0.8276449646499736 0.5612520020057827 5.2288093510132646e-05 0.8276449646499736 0.5612520020057827 5.2288093510132646e-05
p 0.884411728245284 0.46670746983251693 0.0001804015524981436 0.884411728245284 0.46670746983251693 0.0001804015524981436
p 0.9968490522881529 0.0780431068999565 0.014185923220341257 0.9968490522881529 0.0780431068999565 0.014185923220341257
p 0.9979216082071729 0.06443961158565291 -1.8218122244722395e-05 0.9979216082071729 0.06443961158565291 -1.8218122244722395e-05
p -0.9939700668637206 0.10804894179272735 0.018679731165166916 -0.9939700668637206 0.10804894179272735 0.018679731165166916
p -0.8257926818652718 0.5639737983299142 -3.708222548905701e-05 -0.8257926818652718 0.5639737983299142 -3.708222548905701e-05
p 0.0927468114891436 0.9956897252326184 -4.978953825266706e-06 0.0927468114891436 0.9956897252326184 -4.978953825266706e-06
p -0.6205954370364418 0.7841309223422026 1.2502585223076415e-05 -0.6205954370364418 0.7841309223422026 1.2502585223076415e-05
p 0.5940153996534064 0.804453667163574 4.85971362482754e-05 0.5940153996534064 0.804453667163574 4.85971362482754e-05
p 0.027594497804249433 0.9996191993383718 -2.245811121682582e-06 0.027594497804249433 0.9996191993383718 -2.245811121682582e-06
p -0.44707547236933826 0.8944962386555843 3.2198526194741146e-05 -0.44707547236933826 0.8944962386555843 3.2198526194741146e-05
p -0.3489161549374679 0.9371539433465256 5.7390852937239756e-05 -0.3489161549374679 0.9371539433465256 5.7390852937239756e-05
p -0.030068825838748793 0.9995478306255915 -2.0863547784340634e-06 -0.030068825838748793 0.9995478306255915 -2.0863547784340634e-06
p 0.33016437219185774 0.9439234541665529 -3.072452338318279e-06 0.33016437219185774 0.9439234541665529 -3.072452338318279e-06
p -0.8726556635313758 0.48833600630509744 0.00019455745171481186 -0.8726556635313758 0.48833600630509744 0.00019455745171481186
p 0.9968192470569992 0.07871863397731668 0.012440472718608866 0.9968192470569992 0.07871863397731668 0.012440472718608866
p -0.9668255164625903 0.25543770417248485 -1.983848668134192e-06 -0.9668255164625903 0.25543770417248485 -1.983848668134192e-06
p 0.06695071449000543 0.9977543257606957 0.0019766777930502197 0.06695071449000543 0.9977543257606957 0.0019766777930502197
p 0.8179755061254508 0.5752530495799925 1.810335617095084e-05 0.8179755061254508 0.5752530495799925 1.810335617095084e-05
p -0.4894474890945216 0.8720327704451353 -5.185412486452379e-05 -0.4894474890945216 0.8720327704451353 -5.185412486452379e-05
p -0.9963232337991222 0.08567388032668935 -4.672013631735115e-06 -0.9963232337991222 0.08567388032668935 -4.672013631735115e-06
p -0.6250298323905628 0.7806008637027684 -1.4433201514590048e-05 -0.6250298323905628 0.7806008637027684 -1.4433201514590048e-05
p 0.5139264898871512 0.8578331273952919 -0.0013742399662578716 0.5139264898871512 0.8578331273952919 -0.0013742399662578716
p -0.9889783223414229 0.14712048290834814 0.016656573704067104 -0.9889783223414229 0.14712048290834814 0.016656573704067104
p 0.8831369645510608 0.4691152316857764 -3.526951620389766e-05 0.8831369645510608 0.4691152316857764 -3.526951620389766e-05
p 0.12724426756322552 0.9918714111905076 5.937113076473207e-06 0.12724426756322552 0.9918714111905076 5.937113076473207e-06
p -0.17193816487955316 0.9851077440675164 -6.005014835626467e-06 -0.17193816487955316 0.9851077440675164 -6.005014835626467e-06
p 0.8549249672397168 0.5187516723437613 5.3204512991832824e-05 0.8549249672397168 0.5187516723437613 5.3204512991832824e-05
p -0.9554854310321208 0.2950382428221134 -0.00016235086100001948 -0.9554854310321208 0.2950382428221134 -0.00016235086100001948
p 0.8832123027541879 0.4689702423537058 -0.0017146575025690806 0.8832123027541879 0.4689702423537058 -0.0017146575025690806
p -0.570908515011509 0.821013681515321 -4.745537652355434e-05 -0.570908515011509 0.821013681515321 -4.745537652355434e-05
p -0.17231122110977237 0.9850423431378138 0.0006521542951487155 -0.17231122110977237 0.9850423431378138 0.0006521542951487155
p -0.6809940213582872 0.7322889736794352 4.360949823006213e-05 -0.6809940213582872 0.7322889736794352 4.360949823006213e-05
p -0.4927327896850659 0.8701806697120483 -5.353863664172735e-06 -0.4927327896850659 0.8701806697120483 -5.353863664172735e-06
p -0.7435432158687288 0.668687870313713 0.0001350218502810108 -0.7435432158687288 0.668687870313713 0.0001350218502810108
p 0.8153195728314536 0.5790112206870199 -2.1828034410203902e-05 0.8153195728314536 0.5790112206870199 -2.1828034410203902e-05
p 0.9920499220664034 0.12584248563430578 0.0007879958265524665 0.9920499220664034 0.12584248563430578 0.0007879958265524665
p 0.028872890296151876 0.9995830834305826 0.00012460078462414608 0.028872890296151876 0.9995830834305826 0.00012460078462414608
p -0.9432867295342768 0.33197913468178186 -4.5236582376819306e-06 -0.9432867295342768 0.33197913468178186 -4.5236582376819306e-06
p -0.9914478216961197 0.12906443366096906 -0.01932844581938127 -0.9914478216961197 0.12906443366096906 -0.01932844581938127
p -0.9316627677770111 0.36332421764666056 3.0856353572544165e-06 -0.9316627677770111 0.36332421764666056 3.0856353572544165e-06
p -0.31300169884589785 0.9497525558067804 -0.0001387734501641476 -0.31300169884589785 0.9497525558067804 -0.0001387734501641476
p 0.7377456376039507 0.6750787910037035 1.1546354660534145e-05 0.7377456376039507 0.6750787910037035 1.1546354660534145e-05
p 0.8689464103009072 0.49490423063658556 0.001392308578133245 0.8689464103009072 0.49490423063658556 0.001392308578133245
p 0.06669376800485681 0.9977734723421553 -0.0001979888700510259 0.06669376800485681 0.9977734723421553 -0.0001979888700510259
p -0.8547697045017123 0.5188723192834261 -0.0118435023322442 -0.8547697045017123 0.5188723192834261 -0.0118435023322442
p -0.8147022286305925 0.5798795357392202 -5.191543324377973e-05 -0.8147022286305925 0.5798795357392202 -5.191543324377973e-05
p -0.18177196223247896 0.9833407109091958 3.84080115596706e-06 -0.18177196223247896 0.9833407109091958 3.84080115596706e-06
p -0.8453863540142947 0.5341553261419945 7.464418613382731e-07 -42.26931770071474 26.707766307099725 3.732209306691365e-05
p 0.9933428956423596 0.11519501579926944 3.443609063663607e-06 49.66714478211798 5.759750789963472 0.00017218045318318035
p 0.9249940635493565 0.3799815553397911 4.790181444425539e-08 46.24970317746783 18.999077766989554 2.3950907222127693e-06
p 0.03502455692235771 0.9993864519845507 -1.4573825805756734e-06 1.7512278461178854 49.96932259922753 -7.286912902878367e-05
p 0.6958102748061805 0.7182256340970757 -3.433235850649834e-08 34.790513740309024 35.911281704853785 -1.716617925324917e-06
p -0.7454655920281323 0.6665441094852792 -3.482272537562464e-05 -37.273279601406614 33.32720547426396 -0.001741136268781232
p 0.3901528951372075 0.9207500777487444 -0.00011287929965769842 19.507644756860376 46.03750388743722 -0.0056439649828849215
p 0.7618656941521833 0.6477350261287464 -6.461269410930771e-08 38.093284707609165 32.386751306437326 -3.2306347054653854e-06
p 0.23052708999085877 0.9730659004806299 0.00011875254700613447 11.526354499542938 48.65329502403149 0.005937627350306724
p 0.9412599532298794 0.33768284002252796 -7.003557879852187e-08 47.062997661493974 16.8841420011264 -3.5017789399260938e-06
p 0.9026536724547792 0.43036759535703645 -0.00028367323173278836 45.13268362273896 21.518379767851822 -0.014183661586639418
p -0.14797329323299996 0.9889913571359847 3.2226364542652764e-07 -7.398664661649998 49.449567856799234 1.6113182271326382e-05
p -0.778397105130787 0.6277722092631945 -9.046335158062153e-07 -38.91985525653935 31.38861046315973 -4.5231675790310763e-05
p 0.2189224252630815 0.9757422670503482 2.8943974344651558e-06 10.946121263154076 48.78711335251741 0.00014471987172325778
p -0.4562749397182312 0.8898388502292768 -2.7862805538490565e-06 -22.81374698591156 44.49194251146384 -0.00013931402769245282
p 0.5468111865571829 0.8372559502655655 9.11457894751918e-07 27.340559327859143 41.862797513278274 4.55728947375959e-05
p 0.9591515102570045 0.2828928779091217 4.598036094982747e-08 47.95757551285023 14.144643895456085 2.2990180474913734e-06
p -0.6950945408185446 0.7189183398108888 -2.795030376343095e-06 -34.75472704092723 35.94591699054444 -0.00013975151881715474
p -0.9096119521386165 0.4154588987198421 1.0351437279005116e-06 -45.48059760693082 20.772944935992104 5.175718639502558e-05
p 0.15130192241506152 0.9884875964181086 1.0281868812180004e-06 7.565096120753076 49.42437982090543 5.140934406090002e-05
p -0.2183264369737681 0.9758757948210083 -8.970574733601524e-07 -10.916321848688405 48.79378974105041 -4.485287366800762e-05
p -0.3569472437846026 0.9341245447768243 -2.575465339045212e-07 -17.84736218923013 46.706227238841215 -1.2877326695226058e-05
p -0.10510601573462097 0.9944610225928338 9.573937565929402e-08 -5.255300786731048 49.72305112964169 4.786968782964701e-06
p 0.3273317184059651 0.9449094909698474 7.083542041383685e-07 16.366585920298256 47.245474548492375 3.5417710206918425e-05
p 0.14876318682564965 0.9888728501452512 -2.2160426179939793e-05 7.438159341282483 49.44364250726256 -0.0011080213089969897
p 0.8252692512927762 0.5647394645889053 -2.548949394438819e-06 41.26346256463881 28.236973229445265 -0.00012744746972194096
p 0.9301364505388903 0.3672140838384514 -3.0986313976632396e-06 46.50682252694451 18.36070419192257 -0.00015493156988316198
p -0.955343822403674 0.2954964991249914 -1.0758451087641546e-07 -47.767191120183696 14.774824956249569 -5.379225543820773e-06
p 0.00498180513235596 0.9999875907313257 -9.90936945539961e-07 0.24909025661779802 49.99937953656629 -4.954684727699805e-05
p -0.957098045123958 0.2897642690010581 -2.0740794194190726e-05 -47.8549022561979 14.488213450052905 -0.0010370397097095364
p -0.7162487813436001 0.6978450118053233 0.00015073896601935102 -35.81243906718001 34.892250590266165 0.007536948300967551
p -0.9433983537045024 0.33166175298099165 -0.00016684486885752445 -47.16991768522512 16.58308764904958 -0.008342243442876223
p 0.1610981416962552 0.9869383909449553 3.4942751680461194e-05 8.05490708481276 49.346919547247765 0.0017471375840230597
p -0.6394957621508556 0.7687946215889351 2.6499945514574984e-06 -31.97478810754278 38.43973107944675 0.00013249972757287492
p -0.9325034186870363 0.3611611470391635 2.519048729779244e-06 -46.625170934351814 18.058057351958176 0.0001259524364889622
p 0.41893979375613416 0.9080140137726094 -3.511089275912954e-07 20.94698968780671 45.400700688630465 -1.7555446379564768e-05
p 0.6671394018020518 0.7449328953423661 2.0039736682333608e-07 33.35697009010259 37.246644767118305 1.0019868341166803e-05
p -0.8477384232994236 0.5304145217488461 -2.792400973953882e-05 -42.386921164971184 26.520726087442302 -0.001396200486976941
p -0.5656580848559736 0.8246398796061977 3.8482228415005316e-07 -28.28290424279868 41.23199398030988 1.9241114207502658e-05
p -0.49026687636634186 0.8715723664377986 7.679798722299583e-08 -24.513343818317093 43.57861832188993 3.839899361149791e-06
p -0.29832632142241156 0.9544639364282875 2.0952295498385705e-06 -14.916316071120578 47.723196821414376 0.00010476147749192852
p -0.17206382696063213 0.985085802796286 -2.4101007601461932e-05 -8.603191348031606 49.2542901398143 -0.0012050503800730965
p 0.8586974211352647 0.5124827798344086 -0.00037324099858937503 42.934871056763235 25.62413899172043 -0.018662049929468752
p 0.5123975711433821 0.8587483500898712 1.7443825226089874e-05 25.619878557169105 42.93741750449356 0.0008721912613044937
p 0.28268765385497124 0.9592119835641142 0.0002468703499349604 14.134382692748563 47.96059917820571 0.01234351749674802
p 0.6202403633389684 0.7844118125608757 3.2614528175741694e-07 31.01201816694842 39.22059062804378 1.6307264087870846e-05
p -0.8819503598202022 0.47134229898557384 -9.958507492269005e-08 -44.09751799101011 23.567114949278693 -4.9792537461345025e-06
p -0.4694221359579013 0.8829738715393629 -2.1248772832895157e-05 -23.471106797895064 44.14869357696814 -0.001062438641644758
p -0.21905619688472125 0.9757122437514044 4.733032679697387e-08 -10.952809844236063 48.78561218757022 2.3665163398486933e-06
p -0.8033313693677513 0.5955322921468139 -3.0899058304236834e-07 -40.16656846838757 29.776614607340697 -1.5449529152118418e-05
p 0.15303401534474598 0.9882209217263282 -3.135340275497394e-06 7.6517007672372985 49.41104608631641 -0.00015676701377486968
p 0.2672928690571848 0.9636153393087754 -1.1071873175763667e-07 13.36464345285924 48.18076696543877 -5.535936587881834e-06
p 0.9717578788912556 0.23597986805628032 -0.00035592823470109356 48.58789394456278 11.798993402814016 -0.01779641173505468
p 0.9896672206178262 0.14338337572556548 -3.583175215667614e-07 49.48336103089131 7.169168786278274 -1.791587607833807e-05
p 0.9200156420678501 0.39188159308617987 -0.00018801786963347999 46.00078210339251 19.59407965430899 -0.009400893481674
p 0.3933136460086024 0.919404359280186 1.0221869233051006e-07 19.66568230043012 45.9702179640093 5.110934616525503e-06
p -0.3776180297506157 0.9259614590290745 1.044061498407679e-07 -18.880901487530785 46.298072951453726 5.220307492038395e-06
p -0.3968518237656649 0.917882688564318 -2.793723622243905e-06 -19.842591188283247 45.8941344282159 -0.00013968618111219523
p 0.9401565379262579 0.3407426794822927 -0.00033252630046685716 47.00782689631289 17.037133974114635 -0.016626315023342858
p 0.9412722041712295 0.33764868747494964 3.8743762109176424e-05 47.06361020856147 16.882434373747483 0.0019371881054588212
p 0.2703494784149885 0.9627622549312573 6.515065445895193e-07 270.34947841498854 962.7622549312573 0.0006515065445895194
p 0.7111117837228049 0.7030789650178498 -3.008871607943962e-09 711.111783722805 703.0789650178498 -3.008871607943962e-06
p -0.9598072210616647 0.2806601118753509 1.3919953215150822e-08 -959.8072210616647 280.6601118753509 1.3919953215150823e-05
p 0.039060447196975996 0.9992368495330686 2.107555704062885e-09 39.06044719697599 999.2368495330686 2.1075557040628848e-06
p 0.06708542671039067 0.9977472352871162 3.07851337029147e-08 67.08542671039066 997.7472352871162 3.07851337029147e-05
p -0.9100411126592249 0.41451800114103177 5.9489550809703776e-08 -910.041112659225 414.5180011410318 5.9489550809703775e-05
p 0.6694576637635443 0.742850211183894 1.3126364556942511e-05 669.4576637635444 742.8502111838941 0.013126364556942511
p 0.13419306623416968 0.990955206341166 -9.559903296557552e-08 134.1930662341697 990.955206341166 -9.559903296557552e-05
p 0.5403774162349337 0.8414227522614582 -1.0000376940125797e-07 540.3774162349338 841.4227522614582 -0.00010000376940125797
p -0.9937973333599147 0.111206385638247 1.1151205088978383e-08 -993.7973333599147 111.206385638247 1.1151205088978383e-05
p 0.7077466817616492 0.7064663010029422 1.6109984185065571e-06 707.7466817616493 706.4663010029421 0.001610998418506557
p -0.9677952670835268 0.25173859658527736 -5.119191650295943e-09 -967.7952670835268 251.73859658527735 -5.119191650295943e-06
p 0.9842835456885939 0.17659530482628835 7.838076675892178e-09 984.2835456885939 176.59530482628836 7.838076675892178e-06
p -0.6997275313078622 0.7144098137129224 -6.870456262282305e-07 -699.7275313078623 714.4098137129224 -0.0006870456262282305
p 0.46332802899737 0.886186852500877 3.548570106364019e-08 463.32802899737004 886.1868525008771 3.548570106364019e-05
p -0.30885138912745413 0.9511103087623645 4.0161669682820294e-08 -308.8513891274541 951.1103087623644 4.01616696828203e-05
p 0.8232164483004779 0.5677276449613647 -1.9853692569968197e-05 823.216448300478 567.7276449613647 -0.019853692569968197
p -0.24412007998222687 0.9697450110962486 1.8460720875815235e-06 -244.12007998222688 969.7450110962485 0.0018460720875815234
p -0.42927197061253364 0.9031752738236412 1.5182147838233977e-07 -429.27197061253366 903.1752738236412 0.00015182147838233977
p -0.46660505255045437 0.8844657850558086 4.008792517584825e-09 -466.6050525504544 884.4657850558086 4.008792517584825e-06
p 0.9936985910269207 0.11208528088519111 -1.9255444745364435e-08 993.6985910269207 112.08528088519111 -1.9255444745364435e-05
p -0.21052631608313482 0.9775881905158758 -5.998928499721953e-07 -210.52631608313482 977.5881905158758 -0.0005998928499721953
p 0.9310686342852588 0.36484407388659645 1.215792047553893e-07 931.0686342852588 364.84407388659645 0.0001215792047553893
p 0.8443289360900711 0.5358252025437107 1.1490437188640682e-08 844.3289360900711 535.8252025437107 1.1490437188640682e-05
p 0.6479261962846838 0.7617031206242524 -1.4118681477024437e-05 647.9261962846839 761.7031206242524 -0.014118681477024437
p -0.8806163770289749 0.47382992360704185 -1.7050855964518006e-06 -880.6163770289749 473.82992360704185 -0.0017050855964518006
p 0.6277364445069937 0.7784259478188778 1.5157843563156599e-09 627.7364445069937 778.4259478188777 1.51578435631566e-06
p 0.7213942783134136 0.6925245809456017 1.6697138176726019e-06 721.3942783134137 692.5245809456017 0.001669713817672602
p 0.5855987359159266 0.8106010859193732 4.427457008593328e-08 585.5987359159266 810.6010859193732 4.427457008593328e-05
p -0.9512080512856419 0.30855022795002374 -1.1661947704063827e-06 -951.2080512856419 308.5502279500237 -0.0011661947704063827
p -0.9986673873757672 0.05160861742053618 -3.4685012564394734e-09 -998.6673873757672 51.60861742053618 -3.4685012564394735e-06
p -0.3732486148974442 0.9277313573859272 -6.669745367440257e-08 -373.2486148974442 927.7313573859271 -6.669745367440257e-05
p 0.17186601488432432 0.9851203342372701 1.7506568184008836e-07 171.86601488432433 985.1203342372701 0.00017506568184008837
p -0.9972210232262501 0.07449987137964055 -8.859199188838414e-08 -997.22102322625 74.49987137964055 -8.859199188838414e-05
p 0.9896733706855231 0.14334092003316878 -1.1147749266441105e-08 989.6733706855231 143.34092003316877 -1.1147749266441106e-05
p 0.026384414493227572 0.9996518707010263 -8.705639865242951e-06 26.38441449322757 999.6518707010264 -0.008705639865242951
p 0.9483560417178885 0.3172078469035334 -5.708517359406885e-08 948.3560417178885 317.2078469035334 -5.708517359406885e-05
p -0.26059068114911604 0.965449375626832 -1.5846696731705004e-09 -260.59068114911605 965.449375626832 -1.5846696731705004e-06
p 0.6635509339831592 0.7481311101739295 3.2141008054620224e-08 663.5509339831592 748.1311101739295 3.2141008054620226e-05
p 0.9092427149667713 0.4162663633778898 3.555399489539808e-08 909.2427149667714 416.2663633778898 3.555399489539808e-05
p -0.5316916013831214 0.8469380384766304 -9.847946600571741e-08 -531.6916013831215 846.9380384766304 -9.84794660057174e-05
p 0.8836379589339723 0.4681708633335454 1.6016433395407673e-05 883.6379589339723 468.1708633335454 0.016016433395407672
p 0.9307712471709434 0.3656020862082801 -1.0106876122274957e-08 930.7712471709434 365.6020862082801 -1.0106876122274958e-05
p 0.9203306136922853 0.3911413574409913 -1.9502212370669965e-08 920.3306136922853 391.1413574409913 -1.9502212370669967e-05
p -0.5986176338833563 0.8010349108521374 -1.685204071166142e-08 -598.6176338833563 801.0349108521374 -1.685204071166142e-05
p -0.7543207840984602 0.6565060202900537 -1.6709570444924932e-09 -754.3207840984602 656.5060202900537 -1.6709570444924931e-06
p 0.8676578036704575 0.49716188080920326 1.1609841256385788e-07 867.6578036704575 497.16188080920324 0.00011609841256385789
p -0.796556267545086 0.6045643988812778 -1.5490663295084987e-05 -796.556267545086 604.5643988812777 -0.015490663295084988
p 0.7764546426554597 0.6301731412070658 -4.4090551194081725e-08 776.4546426554597 630.1731412070658 -4.409055119408172e-05
p 0.5655620593055948 0.8247057396878071 4.520862603818454e-08 565.5620593055947 824.7057396878072 4.520862603818454e-05
p -0.8595703707144841 0.5110173948015451 -7.898332665402227e-08 -859.570370714484 511.01739480154504 -7.898332665402227e-05
p -0.48380060959704385 0.8751782505030146 1.0661820220080347e-07 -483.80060959704383 875.1782505030145 0.00010661820220080347
p -0.743025218475293 0.6692634195200761 1.427533503704399e-06 -743.0252184752931 669.263419520076 0.0014275335037043989
p 0.6606360199843181 0.7507063667635167 1.829729977475711e-08 660.6360199843181 750.7063667635166 1.829729977475711e-05
p 0.010556827604690846 0.9999442751428326 -4.371384999941203e-09 10.556827604690845 999.9442751428326 -4.371384999941203e-06
p -0.07776676387854943 0.9969715795513628 1.6487998578127955e-06 -77.76676387854943 996.9715795513629 0.0016487998578127955
p -0.8100776170356833 0.5863226538159589 -3.931927238482761e-09 -810.0776170356833 586.3226538159589 -3.931927238482761e-06
p -0.5877057034942488 0.8090747839244786 9.893860087691208e-06 -587.7057034942487 809.0747839244787 0.009893860087691208
p 0.8301597610210047 0.5575255789482201 1.609012717548766e-08 830.1597610210048 557.5255789482201 1.609012717548766e-05
p -0.0017300466574931847 0.9999985034495387 -6.102945986725327e-06 -1.7300466574931848 999.9985034495387 -0.0061029459867253276
case 8 4 180
s 0.0 0.9999999999995 9.999999999995e-07 1.0 0.0 0.0 0.0 9.999999999995002e-07 -0.9999999999995001 1.0 1.0 0.0 0.0009999999999995 9.999999999995e-10 0.001 0.0 0.0 0.001 0.0
s -1.0 0.0 0.0 0.0 0.9999999999995 9.999999999995e-07 0.0 9.999999999995002e-07 -0.9999999999995001 1.0 1.0 -0.001 0.0 0.0 0.0 0.0009999999999995 9.999999999995e-10 0.001 1.0
s 0.0 -1.0 0.0 -1.0 0.0 0.0 -0.0 -0.0 -1.0 1.0 1.0 0.0 -0.001 0.0 -0.001 0.0 0.0 0.001 2.0
s 1.0 0.0 0.0 0.0 -1.0 0.0 0.0 0.0 -1.0 1.0 1.0 0.001 0.0 0.0 0.0 -0.001 0.0 0.001 3.0
p -0.9945016613264775 0.10472075772489899 -9.230600910970575e-05 -0.9945016613264775 0.10472075772489899 -9.230600910970575e-05
p 0.8471146197814374 0.5314082161752719 0.001459018151518837 0.8471146197814374 0.5314082161752719 0.001459018151518837
p -0.878854122007643 0.47709059074241195 2.1336153727931562e-05 -0.878854122007643 0.47709059074241195 2.1336153727931562e-05
p -0.4500477542525105 0.8930044897974271 9.690669923534207e-06 -0.4500477542525105 0.8930044897974271 9.690669923534207e-06
p -0.22404487044638433 0.9745788291426792 4.2585765009058495e-05 -0.22404487044638433 0.9745788291426792 4.2585765009058495e-05
p -0.3786395136337589 0.9255442074454034 0.00019692498721113054 -0.3786395136337589 0.9255442074454034 0.00019692498721113054
p 0.6431478691550033 0.7657420050335363 1.1340124962561073e-05 0.6431478691550033 0.7657420050335363 1.1340124962561073e-05
p -0.3834036803381968 0.9234618049546076 0.014829453567279152 -0.3834036803381968 0.9234618049546076 0.014829453567279152
p 0.14508540025791594 0.9894191359713944 2.3706074415853303e-06 0.14508540025791594 0.9894191359713944 2.3706074415853303e-06
p -0.5517426848312432 0.8340123707416117 0.001837167702724239 -0.5517426848312432 0.8340123707416117 0.001837167702724239
p -0.014895539408334166 0.9997491895310071 0.01672366400730278 -0.014895539408334166 0.9997491895310071 0.01672366400730278
p -0.10117452002951227 0.9948686930665022 7.276526278310269e-06 -0.10117452002951227 0.9948686930665022 7.276526278310269e-06
p 0.6191718193648494 0.7852555368024917 5.045073373664693e-06 0.6191718193648494 0.7852555368024917 5.045073373664693e-06
p -0.4267321910235034 0.9042168994496235 0.017071493607465075 -0.4267321910235034 0.9042168994496235 0.017071493607465075
p -0.40311496354445386 0.9151493449409039 5.11936322499561e-05 -0.40311496354445386 0.9151493449409039 5.11936322499561e-05
p 0.9480055795121879 0.3182536999187979 -6.0842062031688134e-05 0.9480055795121879 0.3182536999187979 -6.0842062031688134e-05
p 0.6265815032400401 0.7793558980852976 6.258682673726751e-05 0.6265815032400401 0.7793558980852976 6.258682673726751e-05
p -0.7284367884492446 0.6848712665260364 0.018198723053371703 -0.7284367884492446 0.6848712665260364 0.018198723053371703
p -0.5504860412573023 0.8348443470821674 -0.00018581123074727272 -0.5504860412573023 0.8348443470821674 -0.00018581123074727272
p -0.27159448131656166 0.9624117669878328 -0.00016876535589466376 -0.27159448131656166 0.9624117669878328 -0.00016876535589466376
p -0.17117469669416327 0.9852406897844164 -8.002992457144936e-05 -0.17117469669416327 0.9852406897844164 -8.002992457144936e-05
p 0.6116405077436633 0.7911358191612188 -7.019388337471886e-05 0.6116405077436633 0.7911358191612188 -7.019388337471886e-05
p -0.9820029428479705 0.18886561358105133 -1.5639006290612895e-05 -0.9820029428479705 0.18886561358105133 -1.5639006290612895e-05
p -0.6214880071058442 0.7834234699757049 0.0005689594292542991 -0.6214880071058442 0.7834234699757049 0.0005689594292542991
p 0.06494707189264659 0.9978887101447896 4.259058708204485e-06 0.06494707189264659 0.9978887101447896 4.259058708204485e-06
p -0.45237381526515047 0.8917317987868951 0.013127463377969809 -0.45237381526515047 0.8917317987868951 0.013127463377969809
p -0.4485467751562672 0.893759356638924 -5.401194189481787e-05 -0.4485467751562672 0.893759356638924 -5.401194189481787e-05
p -0.3413641983888634 0.9399308574495184 -0.0006835733623656644 -0.3413641983888634 0.9399308574495184 -0.0006835733623656644
p -0.45354899807931437 0.8912310568277224 0.0007139236591457722 -0.45354899807931437 0.8912310568277224 0.0007139236591457722
p -0.9349356568905365 0.3548167692634996 0.0006145926077986574 -0.9349356568905365 0.3548167692634996 0.0006145926077986574
p -0.7977603071173965 0.6029739527949698 -0.0009511250005955623 -0.7977603071173965 0.6029739527949698 -0.0009511250005955623
p 0.6903719325136132 0.7234546250227353 -1.8183306287270535e-05 0.6903719325136132 0.7234546250227353 -1.8183306287270535e-05
p 0.3701543753459056 0.9289699475391627 -0.0007582752585837303 0.3701543753459056 0.9289699475391627 -0.0007582752585837303
p -0.9501784999381105 0.311706301247233 4.258089631255906e-06 -0.9501784999381105 0.311706301247233 4.258089631255906e-06
p -0.5260222168821056 0.8504708268572235 -3.350461435714329e-06 -0.5260222168821056 0.8504708268572235 -3.350461435714329e-06
p 0.7239543164194515 0.6898479161128921 -1.9296244140158363e-05 0.7239543164194515 0.6898479161128921 -1.9296244140158363e-05
p 0.9900082261049241 0.1410068795437024 -0.000878729724829141 0.9900082261049241 0.1410068795437024 -0.000878729724829141
p 0.9214251302656268 0.3885559499590552 5.537498581511864e-05 0.9214251302656268 0.3885559499590552 5.537498581511864e-05
p 0.5929435711492075 0.8052440119405384 -5.164039868792501e-05 0.5929435711492075 0.8052440119405384 -5.164039868792501e-05
p -0.7920461124596493 0.6104610094581877 -0.0005582730936132276 -0.7920461124596493 0.6104610094581877 -0.0005582730936132276
p -0.9164823696830531 0.40007507004634635 6.623856014923294e-05 -0.9164823696830531 0.40007507004634635 6.623856014923294e-05
p -0.6437851304933874 0.7651302901137627 0.01078632959080911 -0.6437851304933874 0.7651302901137627 0.01078632959080911
p 0.9986208111001403 0.05250206431827053 -9.42338475771094e-05 0.9986208111001403 0.05250206431827053 -9.42338475771094e-05
p 0.8970537756344974 0.4419213604756839 -0.0001864811344023918 0.8970537756344974 0.4419213604756839 -0.0001864811344023918
p 0.22214972978132416 0.9749956663063252 0.0057400559204419995 0.22214972978132416 0.9749956663063252 0.0057400559204419995
p -0.8380322547909382 0.5456206920663034 1.7863489523639382e-05 -0.8380322547909382 0.5456206920663034 1.7863489523639382e-05
p 0.33068738215599475 0.9437403537380787 3.0234334413274708e-06 0.33068738215599475 0.9437403537380787 3.0234334413274708e-06
p -0.3010589380646661 0.9536055344814809 -2.043685127952536e-05 -0.3010589380646661 0.9536055344814809 -2.043685127952536e-05
p -0.42952077707219166 0.9030552320615325 -0.0017747984652550933 -0.42952077707219166 0.9030552320615325 -0.0017747984652550933
p 0.883253274503955 0.468896207063809 8.900273819371131e-06 0.883253274503955 0.468896207063809 8.900273819371131e-06
p -0.4135378555767187 0.91048692563697 1.578441112172154e-05 -0.4135378555767187 0.91048692563697 1.578441112172154e-05
p 0.4232129804071636 0.9060302275242146 5.225501758392387e-06 0.4232129804071636 0.9060302275242146 5.225501758392387e-06
p 0.14033771648462232 0.9901036845985564 -0.0001381167774350039 0.14033771648462232 0.9901036845985564 -0.0001381167774350039
p 0.6169779145440719 0.7869804558844362 -0.00012255926251871505 0.6169779145440719 0.7869804558844362 -0.00012255926251871505
p 0.2768647066125957 0.9609077298902327 0.0015062767080114324 0.2768647066125957 0.9609077298902327 0.0015062767080114324
p -0.30889921382327923 0.9510947764908813 4.279159772338346e-05 -0.30889921382327923 0.9510947764908813 4.279159772338346e-05
p 0.9889165096692214 0.1484726805665955 -5.386516435687357e-06 0.9889165096692214 0.1484726805665955 -5.386516435687357e-06
p 0.8274684611605905 0.5615121809394039 0.00012822323766196187 0.8274684611605905 0.5615121809394039 0.00012822323766196187
p 0.6166231258712874 0.7871874305585 0.010576852623964305 0.6166231258712874 0.7871874305585 0.010576852623964305
p 0.219999546835172 0.9754999683729423 -0.00010534091150260387 0.219999546835172 0.9754999683729423 -0.00010534091150260387
p 0.0663410541751518 0.9977970056670368 -3.5811993081261005e-06 3.3170527087575903 49.88985028335184 -0.00017905996540630502
p -0.9670748212591594 0.25449222008958233 6.637017414363807e-07 -48.35374106295797 12.724611004479117 3.3185087071819035e-05
p -0.4462504238752439 0.894908119037063 -0.00013293874899676552 -22.312521193762194 44.74540595185315 -0.006646937449838276
p -0.4451907468312681 0.8954357592454416 -5.978176120128332e-07 -22.259537341563405 44.77178796227208 -2.989088060064166e-05
p -0.9985785854264131 0.05329923758971955 -3.7213750986185694e-07 -49.928929271320655 2.6649618794859773 -1.8606875493092845e-05
p 0.15122124972723927 0.9884999411379631 -1.0841754572575308e-06 7.561062486361964 49.42499705689816 -5.420877286287654e-05
p -0.3623805560894738 0.9320302208449476 4.621347916752833e-08 -18.11902780447369 46.60151104224738 2.3106739583764163e-06
p -0.6206401762113936 0.784095431469103 0.00035499517146285426 -31.03200881056968 39.20477157345515 0.017749758573142715
p 0.9443186119865524 0.32903229648837 -0.00032699140740383577 47.21593059932762 16.4516148244185 -0.016349570370191788
p -0.3118498686972801 0.9501313284185554 0.0003437311163216715 -15.592493434864005 47.50656642092777 0.017186555816083575
p -0.9403895341841941 0.3400992840050766 -3.187583350733184e-05 -47.019476709209705 17.00496420025383 -0.001593791675366592
p -0.9002625427519979 0.43534739353974083 3.249401867169534e-05 -45.013127137599895 21.76736967698704 0.001624700933584767
p -0.3941942244211891 0.9190271559823293 -9.284915331881818e-08 -19.709711221059457 45.951357799116465 -4.642457665940909e-06
p -0.8394388700846245 0.5434541215419787 3.420650967791192e-05 -41.97194350423123 27.172706077098933 0.001710325483895596
p 0.9909388803831627 0.1343135700715021 1.547939455028651e-05 49.54694401915813 6.715678503575105 0.0007739697275143256
p -0.9710140044663517 0.23902259962232106 8.746538668681835e-08 -48.550700223317584 11.951129981116052 4.373269334340917e-06
p 0.3076161848330624 0.9515104444277821 0.0003961989346286628 15.38080924165312 47.57552222138911 0.01980994673143314
p -0.8441799449546756 0.5360599038692565 -6.716750728144715e-08 -42.208997247733784 26.802995193462824 -3.3583753640723577e-06
p 0.9696516289534766 0.2444907328874594 1.4981789218165027e-07 48.48258144767383 12.22453664437297 7.490894609082514e-06
p 0.28094423230579135 0.9597240949012602 -2.580580140790113e-07 14.047211615289568 47.98620474506301 -1.2902900703950564e-05
p -0.0840795844264822 0.9964590419228411 -3.539610001190243e-05 -4.20397922132411 49.82295209614205 -0.0017698050005951216
p -0.9888820877255514 0.14870177057795597 -1.5924192973110373e-06 -49.44410438627757 7.435088528897799 -7.962096486555186e-05
p -0.6678863737781728 0.7442632408287481 0.000141677563017456 -33.39431868890864 37.2131620414374 0.0070838781508728
p -0.7846755962618716 0.6199066128305732 -4.567335016024438e-08 -39.23377981309358 30.99533064152866 -2.283667508012219e-06
p -0.20115458542160086 0.9795595091390303 2.86210743726273e-05 -10.057729271080044 48.97797545695152 0.0014310537186313652
p -0.9908582205191444 0.13490732680436945 -2.033148466513972e-06 -49.54291102595722 6.745366340218473 -0.0001016574233256986
p -0.9872099758713009 0.15942541685732348 2.328949017451361e-07 -49.36049879356504 7.971270842866174 1.1644745087256805e-05
p 0.367575722788296 0.9299935956830142 -2.2891621544365385e-06 18.3787861394148 46.49967978415071 -0.00011445810772182692
p 0.31587874205316174 0.9487995680429443 6.59155651709097e-07 15.793937102658088 47.43997840214721 3.295778258545485e-05
p -0.8654523834062403 0.5009911888154517 2.8031028746386507e-05 -43.27261917031201 25.049559440772583 0.0014015514373193253
p 0.9776803056801654 0.21009811966110847 -7.088724427241897e-08 48.88401528400827 10.504905983055423 -3.5443622136209484e-06
p -0.44763323499150615 0.8942172481734865 -2.76574247849607e-07 -22.381661749575308 44.71086240867432 -1.3828712392480351e-05
p 0.3539760457329415 0.9352544885036491 2.7947240642913567e-05 17.698802286647076 46.762724425182455 0.0013973620321456783
p 0.07804659658425368 0.996949712252265 -1.3193893332839945e-06 3.9023298292126842 49.847485612613255 -6.596946666419972e-05
p -0.9640396968427866 0.2657580302125695 0.0003637152776511289 -48.201984842139325 13.287901510628474 0.018185763882556445
p 0.25746266287696207 0.9662882474832756 6.254723324547986e-08 12.873133143848104 48.31441237416378 3.127361662273993e-06
p 0.20903590880634446 0.9779079654182818 -9.910579451866292e-07 10.451795440317223 48.89539827091409 -4.9552897259331466e-05
p -0.4379974575628793 0.8989762105680569 1.0725998047265705e-06 -21.899872878143963 44.948810528402845 5.362999023632853e-05
p -0.9940678146477068 0.10876145134065243 -0.0003557861822080005 -49.70339073238534 5.438072567032622 -0.017789309110400026
p -0.978323426122233 0.20708277065089573 -6.515776014503107e-08 -48.91617130611165 10.354138532544786 -3.2578880072515535e-06
p -0.9396964891052318 0.3420095145944648 1.703406878894191e-05 -46.984824455261595 17.100475729723243 0.0008517034394470955
p 0.7562592701663436 0.6542719469421806 -0.00036841818335064524 37.81296350831718 32.71359734710903 -0.01842090916753226
p 0.7071034327452679 0.7071101296113339 9.493159235626961e-07 35.355171637263396 35.355506480566696 4.74657961781348e-05
p 0.42640174509321094 0.9045338521544687 -0.000249174762213541 21.320087254660546 45.226692607723436 -0.01245873811067705
p 0.9722214954988044 0.23406273451804127 -7.138168659095892e-08 48.61107477494022 11.703136725902063 -3.569084329547946e-06
p 0.548538569794861 0.8361252522483684 1.041782073597965e-07 27.42692848974305 41.80626261241842 5.208910367989825e-06
p -0.794631558461972 0.6070919907641299 3.234723184430029e-05 -39.7315779230986 30.354599538206493 0.0016173615922150145
p 0.504619191455355 0.8633420362839548 -1.3510277662546305e-07 25.230959572767752 43.167101814197736 -6.755138831273153e-06
p 0.7632613516682913 0.6460898613459358 1.0746272222243469e-05 38.163067583414566 32.30449306729679 0.0005373136111121734
p 0.6719528991188818 0.7405938842345836 2.493550974688739e-07 33.59764495594409 37.02969421172918 1.2467754873443694e-05
p -0.5713569001119505 0.8207016532602751 0.0002983794796372337 -28.567845005597526 41.03508266301375 0.014918973981861686
p 0.8366542367368579 0.5477314014640227 -7.234145410273812e-07 41.8327118368429 27.386570073201135 -3.617072705136906e-05
p 0.7984483289349061 0.6020633392559073 -3.9307536992461146e-05 39.92241644674531 30.103166962795363 -0.0019653768496230573
p 0.03138379180759007 0.9995074074821687 2.2786601768938806e-07 1.5691895903795037 49.97537037410844 1.1393300884469403e-05
p 0.8794953548191305 0.4759074708915762 -1.0749002177247257e-06 43.97476774095653 23.79537354457881 -5.374501088623629e-05
p 0.46414891888429577 0.8857571792119756 -2.393707307887605e-05 23.20744594421479 44.28785896059878 -0.0011968536539438026
p 0.3462438981921844 0.9381444905677261 0.00027889442831698536 17.312194909609218 46.9072245283863 0.013944721415849268
p 0.8205498069929673 0.5715750281271149 -3.827913197973311e-05 41.02749034964837 28.578751406355746 -0.0019139565989866555
p -0.9646499011004621 0.26353475730321785 -5.400690359086041e-08 -48.23249505502311 13.176737865160892 -2.700345179543021e-06
p -0.5213747159412718 0.8533278417918244 -2.553753656161957e-07 -26.068735797063592 42.66639208959122 -1.2768768280809784e-05
p 0.40108947301324893 0.9160388827107463 -4.464576510192745e-08 401.08947301324895 916.0388827107463 -4.464576510192745e-05
p 0.9978476886077352 0.06557431158769757 3.7182711680369224e-09 997.8476886077352 65.57431158769757 3.7182711680369222e-06
p 0.9530814377237579 0.30271401200870246 9.992715825559796e-08 953.0814377237579 302.71401200870247 9.992715825559796e-05
p 0.786626751138284 0.6174288253666074 1.995897432996895e-07 786.6267511382839 617.4288253666074 0.0001995897432996895
p 0.3851241288122117 0.9228647817565833 9.484244990397514e-08 385.1241288122117 922.8647817565833 9.484244990397514e-05
p -0.055741510071417776 0.9984452333778482 1.1113926341743375e-07 -55.74151007141778 998.4452333778482 0.00011113926341743375
p 0.9760973818125588 0.21733361731994597 1.1380732723218947e-06 976.0973818125588 217.33361731994597 0.0011380732723218947
p -0.012234228107030478 0.9999251590307273 -1.7802363027388652e-09 -12.234228107030479 999.9251590307273 -1.7802363027388652e-06
p -0.06707109808047419 0.9977481985485311 9.76935566995633e-06 -67.07109808047419 997.7481985485311 0.00976935566995633
p 0.6907933804392968 0.7230522149454325 -1.9372758752901993e-06 690.7933804392968 723.0522149454325 -0.0019372758752901993
p 0.9073844497993538 0.42030163009712557 1.5220548487173332e-07 907.3844497993539 420.30163009712555 0.00015220548487173332
p 0.9726643177515912 0.23221568610446722 -9.99315325992759e-06 972.6643177515913 232.2156861044672 -0.009993153259927591
p 0.8376295872740028 0.5462386607730945 4.758329271948498e-09 837.6295872740028 546.2386607730945 4.758329271948498e-06
p -0.051620888781186085 0.9986667531471346 2.2212377096767918e-08 -51.62088878118608 998.6667531471346 2.221237709676792e-05
p 0.9100645755390333 0.41446648639613665 1.8439973223268944e-06 910.0645755390333 414.46648639613664 0.0018439973223268943
p -0.5607383734033551 0.8279930413916288 5.554266559681057e-09 -560.7383734033551 827.9930413916288 5.554266559681057e-06
p -0.8375496558532026 0.546361212001897 -6.07685995695626e-09 -837.5496558532026 546.361212001897 -6.07685995695626e-06
p 0.289110675610517 0.9572956791127909 -1.0443498048003196e-07 289.11067561051703 957.2956791127909 -0.00010443498048003196
p 0.9292150935916359 0.3695393206414264 1.8475944598194224e-05 929.2150935916359 369.5393206414264 0.018475944598194224
p 0.8774584646036703 0.479652627320377 -1.7089971656282378e-07 877.4584646036702 479.652627320377 -0.00017089971656282377
p -0.8862958850394336 0.46311942753660035 -5.820055737812616e-07 -886.2958850394335 463.11942753660037 -0.0005820055737812616
p 0.9968335234945609 0.07951683115805497 1.390524945509924e-08 996.8335234945608 79.51683115805497 1.390524945509924e-05
p -0.08680046811077849 0.9962257167608793 -1.483462815581864e-07 -86.8004681107785 996.2257167608793 -0.0001483462815581864
p 0.08993864252676818 0.9959473081345421 -4.0841964369548376e-08 89.93864252676818 995.9473081345421 -4.0841964369548374e-05
p 0.5330861019458016 0.8460609953353591 -9.185428587645809e-06 533.0861019458016 846.060995335359 -0.00918542858764581
p -0.47615786533435117 0.8793598167298026 1.0779163961545842e-06 -476.1578653343512 879.3598167298026 0.0010779163961545841
p 0.9851199722336531 0.171868089843247 -1.1434749217425912e-08 985.1199722336531 171.868089843247 -1.1434749217425912e-05
p -0.10928669907037346 0.9940102702720438 -7.481708285534093e-09 -109.28669907037346 994.0102702720438 -7.481708285534093e-06
p 0.5304069700228298 0.8477431486902138 5.6592735097933235e-08 530.4069700228298 847.7431486902138 5.659273509793324e-05
p -0.023812504824589006 0.9997164421044451 -9.288779610469422e-08 -23.812504824589006 999.7164421044452 -9.288779610469422e-05
p -0.7258951471008603 0.6878053761169776 5.806984859569143e-08 -725.8951471008603 687.8053761169775 5.806984859569143e-05
p 0.27851077841048133 0.9604331035054886 -5.856152705666583e-08 278.51077841048135 960.4331035054886 -5.856152705666583e-05
p -0.46087673662960144 0.8874641590693388 -1.0001763566561936e-06 -460.87673662960145 887.4641590693388 -0.0010001763566561937
p 0.13640942684584564 0.9906525466921224 6.644605792796752e-09 136.40942684584564 990.6525466921224 6.644605792796752e-06
p -0.8670615865749075 0.498200968572121 6.958567030336115e-08 -867.0615865749076 498.200968572121 6.958567030336115e-05
p -0.8633247720887421 0.5046487272330343 1.2672547232196904e-08 -863.3247720887422 504.6487272330343 1.2672547232196904e-05
p 0.6375466987109706 0.7704117126323442 1.2812166141608814e-06 637.5466987109705 770.4117126323442 0.0012812166141608814
p -0.10292849319285509 0.9946887579987254 -4.0914658077422434e-08 -102.92849319285509 994.6887579987254 -4.091465807742243e-05
p -0.9951215094843734 0.09865688704566143 -4.328803433617003e-08 -995.1215094843734 98.65688704566143 -4.3288034336170025e-05
p 0.5428010911456399 0.8398612834276696 -7.094394505212423e-06 542.8010911456399 839.8612834276696 -0.0070943945052124235
p 0.11223496237585423 0.9936816961277134 -1.1141365467521554e-06 112.23496237585422 993.6816961277134 -0.0011141365467521554
p -0.4471678517983386 0.8944500613885936 1.3186841027650323e-08 -447.16785179833863 894.4500613885937 1.3186841027650323e-05
p 0.9888199720262288 0.14911426129665625 -2.5084515922518446e-08 988.8199720262288 149.11426129665625 -2.5084515922518444e-05
p -0.3240333853678448 0.9460456464500286 3.548126465415616e-08 -324.0333853678448 946.0456464500287 3.5481264654156156e-05
p -0.9699910190137923 0.24314074737193628 3.596502255323617e-08 -969.9910190137923 243.14074737193627 3.5965022553236173e-05
p 0.0025739989572257415 0.9999966872591944 -7.114133145271427e-08 2.5739989572257413 999.9966872591945 -7.114133145271426e-05
p -0.9573625036337619 0.2888893155450634 -1.4443174765617101e-08 -957.3625036337619 288.8893155450634 -1.44431747656171e-05
p -0.23767891307067432 0.9713437775996332 -1.3093634878965257e-07 -237.67891307067433 971.3437775996332 -0.00013093634878965258
p -0.02119803394774116 0.9997752964325286 -2.6333161755211777e-09 -21.198033947741163 999.7752964325286 -2.633316175521178e-06
p 0.8026151760995376 0.596497174421353 1.4319796140059705e-06 802.6151760995376 596.497174421353 0.0014319796140059705
p 0.09569580588569357 0.9954106251873583 -1.1770476589080247e-08 95.69580588569357 995.4106251873584 -1.1770476589080247e-05
p 0.962453179347069 0.27144774370902125 -1.9773032424257874e-08 962.453179347069 271.44774370902127 -1.9773032424257874e-05
p -0.8196820945272666 0.5728187007346917 -1.1436850817650638e-07 -819.6820945272666 572.8187007346917 -0.00011436850817650638
p -0.944506679014801 0.3284922113951421 1.8685849487735053e-05 -944.506679014801 328.49221139514214 0.018685849487735055
p -0.9978257659826402 0.0659070605727851 1.0383292886331773e-05 -997.8257659826402 65.9070605727851 0.010383292886331774
p -0.48248497450941413 0.8759042466917525 5.974357507395831e-08 -482.48497450941414 875.9042466917525 5.9743575073958316e-05
p -0.9813264206086548 0.19234982769788375 3.5953645764535794e-09 -981.3264206086549 192.34982769788374 3.5953645764535795e-06
p 0.8077350918686201 0.5895456058389307 5.403316288756282e-09 807.7350918686201 589.5456058389307 5.403316288756282e-06
p 0.9927129589307051 0.12050303386654294 5.411545238351368e-08 992.7129589307051 120.50303386654295 5.411545238351368e-05
p -0.8039923605056079 0.5946396255284503 7.185814429859815e-08 -803.9923605056078 594.6396255284503 7.185814429859815e-05
case 9 4 180
s 1.0 0.0 0.0 0.0 0.9999999999995 9.999999999995e-07 0.0 -9.999999999995002e-07 0.9999999999995001 1.0 1.0 0.001 0.0 0.0 0.0 0.0009999999999995 9.999999999995e-10 0.001 0.0
s 0.0 0.9999999999995 9.999999999995e-07 -1.0 0.0 0.0 0.0 -9.999999999995002e-07 0.9999999999995001 1.0 1.0 0.0 0.0009999999999995 9.999999999995e-10 -0.001 0.0 0.0 0.001 1.0
s -1.0 0.0 0.0 0.0 -1.0 0.0 0.0 0.0 1.0 1.0 1.0 -0.001 0.0 0.0 0.0 -0.001 0.0 0.001 2.0
s 0.0 -1.0 0.0 1.0 0.0 0.0 -0.0 0.0 1.0 1.0 1.0 0.0 -0.001 0.0 0.001 0.0 0.0 0.001 3.0
p -0.9608557481511995 0.2770491094281621 -0.0001490297325850919 -0.9608557481511995 0.2770491094281621 -0.0001490297325850919
p -0.9454974455823828 0.3256234182445964 -0.0019924577520410635 -0.9454974455823828 0.3256234182445964 -0.0019924577520410635
p 0.7790410226384569 0.626972952235591 -4.702568011971447e-05 0.7790410226384569 0.626972952235591 -4.702568011971447e-05
p 0.9721364783563803 0.23426697395494553 0.008345799113797596 0.9721364783563803 0.23426697395494553 0.008345799113797596
p 0.9527351418660582 0.30380215507415725 -5.0754082005496615e-06 0.9527351418660582 0.30380215507415725 -5.0754082005496615e-06
p -0.5746788980300994 0.8183789854859754 -1.6548608490882367e-05 -0.5746788980300994 0.8183789854859754 -1.6548608490882367e-05
p 0.5135419410763927 0.8580638785937007 0.0010271359334708997 0.5135419410763927 0.8580638785937007 0.0010271359334708997
p -0.22409829332168252 0.9745665471955097 -4.210889071996724e-06 -0.22409829332168252 0.9745665471955097 -4.210889071996724e-06
p 0.833392582650068 0.5526807935396266 -0.00086234346897867 0.833392582650068 0.5526807935396266 -0.00086234346897867
p 0.9403378506974048 0.3402421332407704 -0.00013158098286745128 0.9403378506974048 0.3402421332407704 -0.00013158098286745128
p 0.3688076678535554 0.9295057309200424 -1.7866712016377293e-05 0.3688076678535554 0.9295057309200424 -1.7866712016377293e-05
p 0.9945523031826443 0.1042315792403812 -0.0012223433043477287 0.9945523031826443 0.1042315792403812 -0.0012223433043477287
p 0.9732666023707867 0.22967750192939257 0.0006048281566314414 0.9732666023707867 0.22967750192939257 0.0006048281566314414
p -0.9644698404074168 0.263612400285365 -0.017505123829338363 -0.9644698404074168 0.263612400285365 -0.017505123829338363
p 0.017301282217952116 0.9998497549176867 -0.0010645302516667319 0.017301282217952116 0.9998497549176867 -0.0010645302516667319
p 0.6053491716756829 0.7959600368890994 -5.202698954147097e-06 0.6053491716756829 0.7959600368890994 -5.202698954147097e-06
p -0.9976919243383348 0.06789350547563876 -0.0011384306303023656 -0.9976919243383348 0.06789350547563876 -0.0011384306303023656
p 0.6045486536125275 0.7965682043783829 0.00014556331611142483 0.6045486536125275 0.7965682043783829 0.00014556331611142483
p -0.38881316763894586 0.9212187538121086 0.013428637139889484 -0.38881316763894586 0.9212187538121086 0.013428637139889484
p -0.7743153024205496 0.6327986908067481 0.0012764601985940961 -0.7743153024205496 0.6327986908067481 0.0012764601985940961
p 0.875239102632398 0.4836905138676728 4.202539165382945e-06 0.875239102632398 0.4836905138676728 4.202539165382945e-06
p -0.5169364337894532 0.8560237866977475 -5.356450025205832e-06 -0.5169364337894532 0.8560237866977475 -5.356450025205832e-06
p -0.6758968482649788 0.7369962307239217 8.002624778003231e-05 -0.6758968482649788 0.7369962307239217 8.002624778003231e-05
p -0.03715919694786958 0.9993093585091197 8.847654896198848e-06 -0.03715919694786958 0.9993093585091197 8.847654896198848e-06
p -0.8940654884622855 0.4479362499133408 0.00013547792476608874 -0.8940654884622855 0.4479362499133408 0.00013547792476608874
p -0.9621518775127043 0.27251378719964736 -1.9618447247607863e-05 -0.9621518775127043 0.27251378719964736 -1.9618447247607863e-05
p 0.22086439144183884 0.9753045270786295 7.277174822590857e-06 0.22086439144183884 0.9753045270786295 7.277174822590857e-06
p 0.8246885992749121 0.5655870416956678 0.0001117672866896692 0.8246885992749121 0.5655870416956678 0.0001117672866896692
p 0.9930039305911876 0.11762271920981685 0.010396622342879544 0.9930039305911876 0.11762271920981685 0.010396622342879544
p 0.4696632965276939 0.8828456188823693 -3.339080214992561e-05 0.4696632965276939 0.8828456188823693 -3.339080214992561e-05
p 0.011813604939938034 0.99984165550276 -0.013307992328796293 0.011813604939938034 0.99984165550276 -0.013307992328796293
p 0.6831186427036577 0.7303074144677244 1.9083500833583475e-05 0.6831186427036577 0.7303074144677244 1.9083500833583475e-05
p -0.7280615667387332 0.6855089857538772 -0.0019456332212690912 -0.7280615667387332 0.6855089857538772 -0.0019456332212690912
p -0.9830389446144631 0.183387547467746 0.0018549407127834202 -0.9830389446144631 0.183387547467746 0.0018549407127834202
p 0.8465131521794822 0.5323678079084673 -1.7026158330900138e-05 0.8465131521794822 0.5323678079084673 -1.7026158330900138e-05
p 0.945921405861908 0.32414347432875706 -0.012794607548266194 0.945921405861908 0.32414347432875706 -0.012794607548266194
p 0.20229023856176268 0.9793256145822298 -2.4006752659779924e-06 0.20229023856176268 0.9793256145822298 -2.4006752659779924e-06
p -0.9273397306574188 0.3740591626875681 0.010989392781290677 -0.9273397306574188 0.3740591626875681 0.010989392781290677
p 0.34739910482844083 0.9377162081530331 -0.0014747648950009088 0.34739910482844083 0.9377162081530331 -0.0014747648950009088
p -0.928649707894681 0.37095784101243684 1.4782263886189776e-05 -0.928649707894681 0.37095784101243684 1.4782263886189776e-05
p -0.9914884819161882 0.1301944323575062 3.2617947138151926e-06 -0.9914884819161882 0.1301944323575062 3.2617947138151926e-06
p 0.1580214659591163 0.9873904939469572 -0.009446097570733001 0.1580214659591163 0.9873904939469572 -0.009446097570733001
p -0.6511396228132538 0.7589579631951515 -4.1295043339310876e-05 -0.6511396228132538 0.7589579631951515 -4.1295043339310876e-05
p 0.2242869588140875 0.9744016925547442 0.015385111386584466 0.2242869588140875 0.9744016925547442 0.015385111386584466
p -0.9929691102590337 0.11837375534689552 1.079149871236557e-05 -0.9929691102590337 0.11837375534689552 1.079149871236557e-05
p -0.8524515714704188 0.5228061957174849 -4.126048653083249e-06 -0.8524515714704188 0.5228061957174849 -4.126048653083249e-06
p -0.41118598433372433 0.9115514720970485 -2.282552841981872e-06 -0.41118598433372433 0.9115514720970485 -2.282552841981872e-06
p 0.7904606316508686 0.6125128185556674 0.0001921330318523075 0.7904606316508686 0.6125128185556674 0.0001921330318523075
p -0.3335931061593925 0.9427171576078015 -1.6576969575494363e-05 -0.3335931061593925 0.9427171576078015 -1.6576969575494363e-05
p 0.5876010224230924 0.8091508127257244 2.6695248456579804e-05 0.5876010224230924 0.8091508127257244 2.6695248456579804e-05
p 0.9503731858333294 0.31111171823777284 0.0005535559127693193 0.9503731858333294 0.31111171823777284 0.0005535559127693193
p 0.14824026124287545 0.9889503378371182 -0.0014332614883137305 0.14824026124287545 0.9889503378371182 -0.0014332614883137305
p -0.06054240377880418 0.9981656262019213 3.689246989915605e-06 -0.06054240377880418 0.9981656262019213 3.689246989915605e-06
p -0.3610285316147519 0.9325547697721916 -2.711513726638742e-05 -0.3610285316147519 0.9325547697721916 -2.711513726638742e-05
p 0.4276959296344964 0.9039226690626591 -1.1345591097346778e-05 0.4276959296344964 0.9039226690626591 -1.1345591097346778e-05
p 0.49144673595025873 0.870907632228338 4.301472700068621e-05 0.49144673595025873 0.870907632228338 4.301472700068621e-05
p -0.9938880213558645 0.10934182513381265 -0.015197574863489178 -0.9938880213558645 0.10934182513381265 -0.015197574863489178
p -0.9973362202907405 0.07294150850607115 5.747881389659377e-06 -0.9973362202907405 0.07294150850607115 5.747881389659377e-06
p 0.7494848475034307 0.6620214976385379 5.214082204335527e-06 0.7494848475034307 0.6620214976385379 5.214082204335527e-06
p -0.8520811240878131 0.5232227363350419 0.013990216414342036 -0.8520811240878131 0.5232227363350419 0.013990216414342036
p -0.6500006553869186 0.7599335713456106 -0.00033932061849421347 -32.500032769345935 37.996678567280526 -0.016966030924710673
p -0.4450134076698917 0.8955239064318615 -1.7462211315073647e-06 -22.250670383494587 44.77619532159308 -8.731105657536823e-05
p 0.07909206274344983 0.996867315950744 -3.8187954012514414e-07 3.9546031371724917 49.843365797537196 -1.9093977006257206e-05
p -0.5979124763510796 0.8015613551738803 0.0002539990795552941 -29.89562381755398 40.07806775869401 0.012699953977764704
p -0.29987920855325967 0.9539771801659737 2.1940538749746083e-07 -14.993960427662984 47.69885900829868 1.0970269374873041e-05
p -0.8698579167034292 0.4933023447304821 3.783885095535859e-05 -43.49289583517146 24.665117236524107 0.0018919425477679297
p -0.560741355136893 0.8279910220764691 7.10403172437271e-08 -28.037067756844653 41.399551103823455 3.552015862186355e-06
p 0.9011028435255162 0.43360542592332574 2.8373522354797733e-07 45.05514217627581 21.680271296166286 1.4186761177398866e-05
p -0.6213439006708384 0.7835379736581771 -3.0574253826789586e-05 -31.06719503354192 39.176898682908856 -0.0015287126913394794
p 0.9843995686789482 0.17594704227088245 0.0003570725824035271 49.21997843394741 8.797352113544123 0.017853629120176354
p -0.931185718322212 0.36454513847570214 2.5450534227565794e-06 -46.559285916110596 18.227256923785106 0.00012725267113782897
p 0.23351433272727568 0.9723533593945044 -2.975158626845842e-05 11.675716636363784 48.61766796972522 -0.001487579313422921
p -0.9182748899565375 0.39594346373602635 1.6438265032418452e-07 -45.913744497826876 19.797173186801317 8.219132516209225e-06
p 0.5181205228786712 0.8553076184762289 3.935040044997742e-05 25.90602614393356 42.76538092381145 0.0019675200224988708
p -0.9843372959313209 0.1762954560917806 -7.977982712241929e-08 -49.21686479656604 8.81477280458903 -3.988991356120965e-06
p 0.8847793113888314 0.4660102682683671 2.598049319435278e-06 44.23896556944157 23.300513413418354 0.0001299024659717639
p -0.9798031869131751 0.19996428409788458 7.830071052969184e-08 -48.99015934565875 9.998214204894229 3.915035526484592e-06
p 0.9585838729767442 0.2848103897974998 1.822913884988275e-05 47.92919364883721 14.24051948987499 0.0009114569424941376
p 0.986258390675383 0.1652101292951325 -8.302046010335969e-07 49.31291953376915 8.260506464756626 -4.151023005167984e-05
p 0.11735727349943814 0.9930897587137716 -3.8660071907746345e-05 5.8678636749719075 49.65448793568858 -0.0019330035953873171
p -0.4448910394398021 0.8955847045512568 -1.0229251160190924e-07 -22.244551971990106 44.77923522756284 -5.114625580095462e-06
p -0.4900918319806977 0.8716708072578615 -4.814003201052589e-07 -24.504591599034885 43.583540362893075 -2.4070016005262946e-05
p 0.8527176435729064 0.5223721090749982 -9.087272153410916e-08 42.63588217864532 26.11860545374991 -4.543636076705458e-06
p 0.9760212265025292 0.21767536704105248 2.0412361159423922e-07 48.80106132512646 10.883768352052623 1.020618057971196e-05
p -0.6701327988090386 0.7422412218624602 2.2988840315947865e-05 -33.50663994045193 37.11206109312301 0.0011494420157973932
p -0.9881962667084944 0.15319314104549117 1.0290988257053444e-07 -49.409813335424715 7.659657052274558 5.145494128526722e-06
p -0.11480092429120926 0.9933884758084833 -0.0002896770313284957 -5.740046214560463 49.66942379042417 -0.014483851566424785
p 0.7152174510452388 0.6989019943565543 2.18685200178453e-06 35.760872552261944 34.945099717827716 0.0001093426000892265
p 0.3117050384229036 0.9501788783429291 -0.00026109911784945105 15.58525192114518 47.50894391714645 -0.013054955892472552
p -0.07148603197945849 0.9974416009115858 1.662706890262125e-06 -3.5743015989729248 49.872080045579295 8.313534451310624e-05
p -0.7991825070446663 0.6010884464318047 3.775307680861664e-08 -39.959125352233315 30.054422321590234 1.887653840430832e-06
p 0.9951852859798092 0.09801146137335912 -2.957052858681997e-06 49.75926429899046 4.900573068667955 -0.00014785264293409986
p 0.956703213405561 0.2910652185670193 8.40820779762708e-08 47.83516067027805 14.553260928350964 4.20410389881354e-06
p -0.6907348921716536 0.7231080891380285 1.2639744785193905e-05 -34.53674460858268 36.15540445690142 0.0006319872392596953
p 0.9983984502832117 0.05657326638575173 -1.589990775582345e-06 49.91992251416059 2.8286633192875867 -7.949953877911725e-05
p 0.5843313049339273 0.8115151608561859 -0.0002641491483220462 29.216565246696362 40.5757580428093 -0.01320745741610231
p 0.8093690562384694 0.5873003752796687 9.92191876193951e-08 40.46845281192347 29.365018763983436 4.960959380969755e-06
p -0.7740993072930411 0.6330641839374153 3.8263409746809815e-05 -38.704965364652054 31.653209196870762 0.0019131704873404907
p 0.4458700818991772 0.8950976874437773 -1.522758600717094e-07 22.29350409495886 44.75488437218886 -7.613793003585469e-06
p -0.23244729449148896 0.9726089940379349 -3.2173380181128094e-07 -11.622364724574448 48.630449701896744 -1.6086690090564047e-05
p 0.09514518223743032 0.9954634068096108 9.773434605433843e-08 4.757259111871516 49.77317034048054 4.8867173027169215e-06
p -0.548113400574832 0.8364040292287082 5.254457119750399e-07 -27.405670028741604 41.82020146143541 2.6272285598751996e-05
p 0.836823600185759 0.5474726131692658 1.32685837485744e-06 41.841180009287946 27.373630658463288 6.634291874287199e-05
p 0.8464757097631155 0.5324273403770889 9.694055345229057e-08 42.32378548815577 26.621367018854446 4.847027672614528e-06
p -0.2226827102110018 0.974890949112058 0.0002188891816900159 -11.13413551055009 48.7445474556029 0.010944459084500795
p 0.9903079829560563 0.13888871442652884 0.00015459124679428657 49.51539914780281 6.944435721326442 0.0077295623397143284
p -0.9716746726999328 0.23632251359815817 -3.562398096688461e-07 -48.58373363499664 11.816125679907909 -1.7811990483442304e-05
p -0.7780818074849387 0.6281629572499237 3.689226324411837e-08 -38.904090374246934 31.408147862496183 1.8446131622059183e-06
p -0.835276850896454 0.549829547301642 0.00022643006554700707 -41.7638425448227 27.4914773650821 0.011321503277350353
p 0.02923828789978055 0.999572469869308 -2.4692369058643684e-07 1.4619143949890274 49.9786234934654 -1.2346184529321843e-05
p 0.3386627478477313 0.9409078193114623 0.00013703566245993929 16.933137392386566 47.04539096557311 0.006851783122996964
p 0.4767665709901509 0.8790299347011058 0.00010337148101855516 23.838328549507544 43.95149673505529 0.005168574050927758
p 0.9956964323175973 0.0926747790393839 -9.946432133456114e-08 49.78482161587986 4.633738951969195 -4.973216066728057e-06
p 0.9453156097021467 0.3261570144144233 1.3146948056389127e-06 47.265780485107335 16.307850720721166 6.573474028194564e-05
p -0.26875218729854067 0.9632093551363755 1.3310460446959853e-07 -13.437609364927033 48.160467756818775 6.655230223479927e-06
p -0.9737946405190522 0.22742910564662058 1.071615283879616e-06 -48.68973202595261 11.371455282331029 5.3580764193980806e-05
p -0.9593389363213388 0.2822566292820477 2.200406984907453e-05 -47.966946816066944 14.112831464102385 0.0011002034924537266
p 0.07125748520930762 0.9974579544022104 -1.1846226988051578e-06 3.562874260465381 49.87289772011052 -5.923113494025789e-05
p -0.6837819688090836 0.7296863527672849 -0.00021381475882790456 -34.18909844045418 36.484317638364246 -0.010690737941395228
p 0.17619599755071655 0.9843551038352044 -8.317827323228885e-07 8.809799877535827 49.21775519176022 -4.158913661614443e-05
p -0.9262263098681656 0.3769679335240916 -1.6053422068480268e-06 -926.2263098681656 376.96793352409156 -0.0016053422068480268
p -0.645658765639882 0.7636260592411275 -5.002686261561831e-07 -645.658765639882 763.6260592411275 -0.0005002686261561831
p 0.38692135520941845 0.9221127181006162 2.192350177111397e-08 386.92135520941844 922.1127181006162 2.192350177111397e-05
p -0.24552178756087115 0.9693910727012677 5.249328874047802e-09 -245.52178756087113 969.3910727012677 5.2493288740478025e-06
p 0.29594333113038496 0.9552054987059331 1.1836605029141026e-06 295.94333113038493 955.2054987059331 0.0011836605029141025
p 0.44234082520172036 0.8968470295198459 1.1357164467158012e-06 442.34082520172035 896.8470295198458 0.0011357164467158012
p -0.7774490562620938 0.6289459157329659 2.3989767117218127e-08 -777.4490562620938 628.9459157329659 2.3989767117218127e-05
p -0.14009336770659356 0.9901382974855923 -1.3302551752895465e-05 -140.09336770659357 990.1382974855924 -0.013302551752895466
p -0.6871535843135008 0.7265121826669927 1.2453685216231338e-06 -687.1535843135008 726.5121826669927 0.0012453685216231337
p 0.5556103836227376 0.8314427830868464 7.962028600078573e-06 555.6103836227376 831.4427830868464 0.007962028600078573
p 0.9785691472951797 0.20591848863563647 9.727261325332845e-09 978.5691472951797 205.91848863563646 9.727261325332845e-06
p -0.7991319800257864 0.6011556192017856 1.4777548846849126e-06 -799.1319800257864 601.1556192017856 0.0014777548846849125
p -0.3219854694978403 0.9467446104585203 6.6642140467376135e-09 -321.9854694978403 946.7446104585204 6.664214046737613e-06
p 0.9807280563195475 0.19537778673043302 6.87728380407956e-09 980.7280563195475 195.37778673043303 6.8772838040795604e-06
p 0.473439126891911 0.8808265397499242 -1.4630007844958999e-08 473.439126891911 880.8265397499242 -1.4630007844958999e-05
p 0.8650496451866149 0.5016862678632044 3.0322271207348255e-08 865.0496451866148 501.68626786320436 3.0322271207348255e-05
p -0.4080472782486705 0.9129607979975972 -5.7829590378626225e-06 -408.04727824867047 912.9607979975972 -0.005782959037862623
p -0.853588491724365 0.5209478732855543 1.0722961541834571e-05 -853.588491724365 520.9478732855542 0.010722961541834572
p -0.506310261809152 0.8623513893922523 1.534477658909417e-08 -506.31026180915194 862.3513893922523 1.534477658909417e-05
p -0.050221058413565216 0.9987381264835249 -1.0485280182178252e-08 -50.22105841356522 998.7381264835249 -1.0485280182178252e-05
p -0.9691301368912412 0.24654974704679256 -5.717118277619596e-07 -969.1301368912411 246.54974704679256 -0.0005717118277619596
p 0.998005433117192 0.06312808779430924 -3.542148266714444e-09 998.0054331171921 63.128087794309245 -3.5421482667144442e-06
p 0.22393362145610585 0.9746043982978702 -8.625757274311439e-09 223.93362145610584 974.6043982978701 -8.625757274311439e-06
p -0.9878682529455793 0.15529428457689176 -1.358472448427425e-08 -987.8682529455793 155.29428457689176 -1.358472448427425e-05
p -0.24606088824385614 0.9692543728437053 4.134557360741147e-09 -246.06088824385614 969.2543728437053 4.134557360741147e-06
p -0.6938642293521401 0.7201058472374466 4.748439028960788e-09 -693.8642293521401 720.1058472374466 4.7484390289607885e-06
p 0.9517480573075087 0.30688049034069936 7.72237890879173e-06 951.7480573075087 306.88049034069934 0.00772237890879173
p -0.10465022111635079 0.9945090905669485 -1.2687986759262025e-08 -104.65022111635079 994.5090905669484 -1.2687986759262024e-05
p 0.526071739828323 0.8504401945766922 -1.535960406269349e-06 526.071739828323 850.4401945766922 -0.001535960406269349
p 0.7906997044184401 0.6122041958632625 -8.691681186237275e-08 790.6997044184401 612.2041958632625 -8.691681186237276e-05
p 0.8982134017744625 0.4395596488222596 1.6937037781757718e-09 898.2134017744626 439.55964882225965 1.6937037781757717e-06
p -0.8332815593096717 0.5528488427359164 1.0458300205133693e-08 -833.2815593096717 552.8488427359164 1.0458300205133693e-05
p 0.007408173046735483 0.9999725591095536 1.8641457780132075e-09 7.408173046735484 999.9725591095536 1.8641457780132075e-06
p 0.9312881587128585 0.36428335871806444 -1.516476575573188e-06 931.2881587128585 364.28335871806445 -0.0015164765755731882
p -0.8914078055266735 0.4532020788192779 -7.265459596567804e-08 -891.4078055266735 453.20207881927786 -7.265459596567804e-05
p -0.9948704076275409 0.10115765926023107 4.298348057692586e-08 -994.8704076275409 101.15765926023107 4.298348057692586e-05
p -0.8655002051482322 0.5009085693894266 7.785344896363715e-07 -865.5002051482322 500.90856938942665 0.0007785344896363715
p 0.9912374800607556 0.132091854869265 -1.568018777727491e-08 991.2374800607556 132.091854869265 -1.568018777727491e-05
p -0.33665059712300355 0.941629637978558 -1.8360143739097607e-05 -336.65059712300354 941.629637978558 -0.01836014373909761
p 0.1108344655085916 0.9938388809336354 6.517800045405806e-08 110.8344655085916 993.8388809336353 6.517800045405806e-05
p -0.997825894857322 0.06590511021297502 -1.522241277216065e-08 -997.8258948573219 65.90511021297502 -1.5222412772160649e-05
p 0.5864928300067677 0.809954418687035 5.652954395924934e-09 586.4928300067677 809.954418687035 5.652954395924934e-06
p -0.3341425422375391 0.9425225522325894 1.4496820766071544e-08 -334.1425422375391 942.5225522325894 1.4496820766071544e-05
p 0.6977294467551305 0.716361374677708 8.026190431139298e-07 697.7294467551305 716.361374677708 0.0008026190431139298
p 0.8596358039569559 0.5109073150340248 4.286961396090042e-08 859.6358039569559 510.90731503402475 4.2869613960900416e-05
p 0.8164018859328506 0.5774841648437512 1.7626475299237322e-08 816.4018859328505 577.4841648437512 1.7626475299237323e-05
p 0.9577682253648673 0.2875413474292572 2.6170638488217764e-09 957.7682253648672 287.5413474292572 2.6170638488217766e-06
p 0.3477025038350749 0.9376049108376191 -1.6592158700147232e-09 347.7025038350749 937.6049108376191 -1.6592158700147232e-06
p 0.93263085637021 0.36083193559629445 1.7895979667221296e-08 932.63085637021 360.83193559629444 1.7895979667221295e-05
p 0.8961326297497497 0.44378633360863873 -4.571684574630248e-09 896.1326297497498 443.78633360863876 -4.571684574630248e-06
p 0.9949299167728429 0.10057067520098605 4.1360843050608923e-08 994.929916772843 100.57067520098605 4.136084305060892e-05
p -0.20293741520548364 0.9791917102930414 1.7622988085690793e-06 -202.93741520548363 979.1917102930414 0.0017622988085690793
p -0.2396689212787735 0.9708546792249956 -2.569827578283249e-09 -239.66892127877352 970.8546792249956 -2.569827578283249e-06
p 0.9689742746700115 0.2471615969921264 -1.639541665802576e-07 968.9742746700115 247.1615969921264 -0.0001639541665802576
p 0.6070075991679666 0.7946960265109639 -1.6279074394242756e-07 607.0075991679666 794.696026510964 -0.00016279074394242755
p -0.2345576761465814 0.9721022047916011 1.5340399639938233e-07 -234.5576761465814 972.1022047916011 0.00015340399639938234
p -0.6969808851805709 0.7170897052959692 1.585711248519365e-05 -696.9808851805709 717.0897052959691 0.01585711248519365
p -0.1625745360653115 0.9866962654348848 1.0766814362831534e-08 -162.5745360653115 986.6962654348847 1.0766814362831535e-05
p -0.9250245407872062 0.3799073557347949 1.2042169298381938e-07 -925.0245407872062 379.9073557347949 0.00012042169298381938
p 0.6896387122195298 0.7241536070532042 1.492656302104064e-07 689.6387122195298 724.1536070532042 0.0001492656302104064
case 10 4 180
s 0.0 0.9999999999995 9.999999999995e-07 1.0 0.0 0.0 0.0 9.999999999995002e-07 -0.9999999999995001 1.0 1.0 0.0 0.009999999999994999 9.999999999995e-09 0.01 0.0 0.0 0.01 0.0
s -1.0 0.0 0.0 0.0 0.9999999999995 9.999999999995e-07 0.0 9.999999999995002e-07 -0.9999999999995001 1.0 1.0 -0.01 0.0 0.0 0.0 0.009999999999994999 9.999999999995e-09 0.01 1.0
s 0.0 -1.0 0.0 -1.0 0.0 0.0 -0.0 -0.0 -1.0 1.0 1.0 0.0 -0.01 0.0 -0.01 0.0 0.0 0.01 2.0
s 1.0 0.0 0.0 0.0 -1.0 0.0 0.0 0.0 -1.0 1.0 1.0 0.01 0.0 0.0 0.0 -0.01 0.0 0.01 3.0
p -0.5829435742060582 0.8125126393430492 -1.4130038669174222e-05 -0.5829435742060582 0.8125126393430492 -1.4130038669174222e-05
p -0.6327758184928445 0.7743350458881307 -1.5496364091379152e-05 -0.6327758184928445 0.7743350458881307 -1.5496364091379152e-05
p -0.8666211098778478 0.4987520343632743 -0.01463762728664376 -0.8666211098778478 0.4987520343632743 -0.01463762728664376
p -0.7361353190855728 0.6768329833407568 -0.0013800930522445297 -0.7361353190855728 0.6768329833407568 -0.0013800930522445297
p -0.5930371886970851 0.8051750602466284 -0.00012320347563927415 -0.5930371886970851 0.8051750602466284 -0.00012320347563927415
p 0.1479639840228257 0.9889927499257757 5.132742196909167e-06 0.1479639840228257 0.9889927499257757 5.132742196909167e-06
p -0.7505188054085195 0.6608490922369752 4.211271760667803e-06 -0.7505188054085195 0.6608490922369752 4.211271760667803e-06
p 0.8392715728213269 0.5437124488405327 -5.463282582813707e-06 0.8392715728213269 0.5437124488405327 -5.463282582813707e-06
p -0.3275837014541273 0.9448221503087957 0.00015108764613134426 -0.3275837014541273 0.9448221503087957 0.00015108764613134426
p -0.1856619345073392 0.9826124708256495 0.001542158521276656 -0.1856619345073392 0.9826124708256495 0.001542158521276656
p 0.41157026216570963 0.9113780331373279 3.947736818629574e-06 0.41157026216570963 0.9113780331373279 3.947736818629574e-06
p -0.80557546733124 0.5924913217455918 0.0014832701088920179 -0.80557546733124 0.5924913217455918 0.0014832701088920179
p 0.7821225492014149 0.6231241890464584 -0.0007503704911730958 0.7821225492014149 0.6231241890464584 -0.0007503704911730958
p 0.5910119735203782 0.8066627838968585 -1.5209143029805084e-05 0.5910119735203782 0.8066627838968585 -1.5209143029805084e-05
p 0.9729086223706233 0.23118592433058277 -0.0013714621067588634 0.9729086223706233 0.23118592433058277 -0.0013714621067588634
p -0.8681629937102568 0.4962791695992693 4.662514741593598e-05 -0.8681629937102568 0.4962791695992693 4.662514741593598e-05
p 0.40873815956140047 0.9126509004906967 0.0012044716184524764 0.40873815956140047 0.9126509004906967 0.0012044716184524764
p -0.12934616956615727 0.9915994878049939 -0.00015557453800099766 -0.12934616956615727 0.9915994878049939 -0.00015557453800099766
p 0.6381705667652955 0.7698943629065751 0.0009988388962093473 0.6381705667652955 0.7698943629065751 0.0009988388962093473
p 0.7016666234324443 0.7125054031760975 -2.4040223206660845e-06 0.7016666234324443 0.7125054031760975 -2.4040223206660845e-06
p -0.33279733934248795 0.9429976167976963 -0.001194001853403774 -0.33279733934248795 0.9429976167976963 -0.001194001853403774
p -0.9984000344789798 0.056545273497038986 5.6546590337610586e-05 -0.9984000344789798 0.056545273497038986 5.6546590337610586e-05
p 0.607088257588459 0.7946044988133287 -0.0068947780114900145 0.607088257588459 0.7946044988133287 -0.0068947780114900145
p -0.8330581177367198 0.5531854761001535 3.879175232886941e-05 -0.8330581177367198 0.5531854761001535 3.879175232886941e-05
p -0.1356008960882614 0.9907635422998635 -1.5148833306396686e-05 -0.1356008960882614 0.9907635422998635 -1.5148833306396686e-05
p 0.3939787420481458 0.9191195341444099 -0.0001810202296414161 0.3939787420481458 0.9191195341444099 -0.0001810202296414161
p -0.6555432191054528 0.755156988355327 0.001005396923121302 -0.6555432191054528 0.755156988355327 0.001005396923121302
p -0.7925424835947953 0.609816701692262 -4.5106147904006206e-05 -0.7925424835947953 0.609816701692262 -4.5106147904006206e-05
p -0.38102749728941593 0.9245636920366843 -0.00016024000564213874 -0.38102749728941593 0.9245636920366843 -0.00016024000564213874
p -0.8965705430738399 0.4429009610210456 -4.349032974528339e-06 -0.8965705430738399 0.4429009610210456 -4.349032974528339e-06
p -0.8069034107831036 0.590587967372187 0.010617836963464283 -0.8069034107831036 0.590587967372187 0.010617836963464283
p 0.030853994583293846 0.9995239021679867 3.62421664428709e-06 0.030853994583293846 0.9995239021679867 3.62421664428709e-06
p -0.9926843830469497 0.12017936162974437 0.011603305260317796 -0.9926843830469497 0.12017936162974437 0.011603305260317796
p 0.894548647812496 0.4469705992068244 1.1896535546984888e-05 0.894548647812496 0.4469705992068244 1.1896535546984888e-05
p 0.9902865428610755 0.1390415860083628 1.9711375841530517e-05 0.9902865428610755 0.1390415860083628 1.9711375841530517e-05
p 0.8457184704588109 0.5336288390606015 -0.0007285929206175162 0.8457184704588109 0.5336288390606015 -0.0007285929206175162
p -0.21934577636928443 0.9755728198606917 0.012045892993651065 -0.21934577636928443 0.9755728198606917 0.012045892993651065
p 0.9718883422912798 0.23544224352391369 -9.095830222961361e-06 0.9718883422912798 0.23544224352391369 -9.095830222961361e-06
p 0.9753684141184104 0.22057778277028078 0.0013778564091329818 0.9753684141184104 0.22057778277028078 0.0013778564091329818
p 0.3874046328118455 0.9219097843032975 9.042490221314784e-06 0.3874046328118455 0.9219097843032975 9.042490221314784e-06
p 0.6153021238103378 0.7882580222016785 0.007251680438776145 0.6153021238103378 0.7882580222016785 0.007251680438776145
p -0.9925120704360184 0.12145764894011735 0.012954904582720868 -0.9925120704360184 0.12145764894011735 0.012954904582720868
p -0.5668293331061882 0.8238352426932576 -5.189924953133557e-06 -0.5668293331061882 0.8238352426932576 -5.189924953133557e-06
p -0.9289645782048228 0.36978716726171823 0.016800695500178715 -0.9289645782048228 0.36978716726171823 0.016800695500178715
p -0.9743509242470406 0.22487110707429434 0.008559300328823329 -0.9743509242470406 0.22487110707429434 0.008559300328823329
p 0.4248626789738167 0.9052578106178357 1.8182255576850885e-05 0.4248626789738167 0.9052578106178357 1.8182255576850885e-05
p -0.9227922783130643 0.38529781491993076 -7.002650146488307e-05 -0.9227922783130643 0.38529781491993076 -7.002650146488307e-05
p 0.9696441036637282 0.24452057052509116 5.3106017629492846e-05 0.9696441036637282 0.24452057052509116 5.3106017629492846e-05
p -0.9878064399417945 0.15568696373233398 8.082898525754816e-05 -0.9878064399417945 0.15568696373233398 8.082898525754816e-05
p -0.02171184798288517 0.9997642699837931 -1.0997337718700636e-05 -0.02171184798288517 0.9997642699837931 -1.0997337718700636e-05
p -0.5770964761884011 0.8166759605216402 0.00018076777012354382 -0.5770964761884011 0.8166759605216402 0.00018076777012354382
p 0.6312262058456083 0.7755987861230036 4.275651317530407e-06 0.6312262058456083 0.7755987861230036 4.275651317530407e-06
p -0.7677827235605518 0.6407103006752175 3.257891978564841e-06 -0.7677827235605518 0.6407103006752175 3.257891978564841e-06
p 0.9644282318582992 0.2643428356965955 -0.0010250905118993573 0.9644282318582992 0.2643428356965955 -0.0010250905118993573
p 0.40379103253086274 0.9148362601978003 0.005236322656460479 0.40379103253086274 0.9148362601978003 0.005236322656460479
p 0.28070296579953175 0.9597946888497897 -1.5718857033435923e-05 0.28070296579953175 0.9597946888497897 -1.5718857033435923e-05
p 0.1066080072729211 0.9942844036741473 -0.005766922545199222 0.1066080072729211 0.9942844036741473 -0.005766922545199222
p -0.962999198342488 0.2695037025655788 -0.0005461640498349828 -0.962999198342488 0.2695037025655788 -0.0005461640498349828
p 0.654292106961901 0.756241900569055 -0.00016306765466408447 0.654292106961901 0.756241900569055 -0.00016306765466408447
p -0.9907171007818257 0.13451163521183457 0.019653147612845555 -0.9907171007818257 0.13451163521183457 0.019653147612845555
p 0.28370900343307354 0.9589104240600189 -2.1697304358391478e-07 14.185450171653677 47.94552120300094 -1.084865217919574e-05
p -0.8517411223179772 0.5239627508073388 -0.00031035289494736677 -42.58705611589886 26.19813754036694 -0.015517644747368338
p 0.3735726266181241 0.9276009339372517 -6.116876844570932e-07 18.678631330906207 46.380046696862586 -3.058438422285466e-05
p -0.4154021256046434 0.9096378807211034 -6.0311586190277e-07 -20.77010628023217 45.481894036055174 -3.0155793095138498e-05
p 0.08412885447500582 0.9964548839986155 -1.7036794310606693e-07 4.206442723750291 49.822744199930774 -8.518397155303347e-06
p 0.9935041239920518 0.11379611415826855 3.6420044950620235e-06 49.67520619960259 5.689805707913428 0.00018210022475310118
p -0.42315397990668135 0.9060577847406236 2.229249372651255e-07 -21.15769899533407 45.30288923703118 1.1146246863256275e-05
p 0.6864615876298903 0.7271660662448839 2.8470894442252215e-05 34.323079381494516 36.358303312244196 0.0014235447221126107
p 0.8233941959423903 0.5674698212998316 -1.5237527638002704e-06 41.169709797119516 28.37349106499158 -7.618763819001352e-05
p 0.853097160102782 0.521751990997471 0.0003087308589611244 42.654858005139104 26.087599549873552 0.01543654294805622
p -0.8659290853722617 0.5001667904909827 2.821892741749643e-05 -43.29645426861308 25.008339524549132 0.0014109463708748215
p 0.931815096543347 0.36293336233554313 -1.891375668529795e-05 46.59075482716735 18.146668116777157 -0.0009456878342648975
p 0.40734616567140236 0.9132738369803132 -2.5065575258391126e-07 20.367308283570118 45.663691849015656 -1.2532787629195563e-05
p 0.3865122124757192 0.9222842889300042 -3.1992436218571683e-08 19.32561062378596 46.11421444650021 -1.5996218109285842e-06
p -0.9358452122514157 0.3524112921021429 -0.00014108508398420652 -46.792260612570786 17.620564605107145 -0.0070542541992103264
p -0.9974919094439652 0.07078057250902241 -3.389878225677618e-05 -49.87459547219826 3.5390286254511203 -0.001694939112838809
p -0.19428092601429267 0.9809459191817964 -0.00015946036960901225 -9.714046300714633 49.04729595908982 -0.007973018480450613
p -0.6214095748308861 0.7834858903059002 -2.6135886146084887e-07 -31.070478741544306 39.17429451529501 -1.3067943073042443e-05
p -0.2241173584648146 0.9745621630428418 1.0641446841378056e-07 -11.20586792324073 48.72810815214209 5.320723420689028e-06
p -0.20962822307040702 0.9777811657481015 7.921210556510991e-07 -10.481411153520352 48.88905828740507 3.960605278255496e-05
p 0.2672083118888297 0.9636387900564454 -1.8869871389870767e-05 13.360415594441486 48.18193950282227 -0.0009434935694935384
p -0.9973460947836822 0.07280636798441567 -8.101244081741551e-07 -49.86730473918411 3.6403183992207837 -4.050622040870775e-05
p -0.7899925087892068 0.6131164946867185 -7.97349903529712e-08 -39.49962543946034 30.655824734335923 -3.98674951764856e-06
p 0.7448332218798432 0.6672506812156194 -1.1764870063990783e-06 37.241661093992164 33.362534060780966 -5.882435031995391e-05
p -0.47654947711888423 0.8791476213036734 -0.00023624946783098422 -23.827473855944213 43.95738106518367 -0.01181247339154921
p -0.6618014800101032 0.7496791320667949 -1.1950037328815974e-07 -33.09007400050516 37.48395660333975 -5.975018664407987e-06
p -0.1736143706583498 0.984813677831166 0.0002650614219667839 -8.68071853291749 49.2406838915583 0.013253071098339196
p -0.9876423049281671 0.15672484651823249 -1.1793503833484647e-07 -49.382115246408354 7.836242325911624 -5.896751916742323e-06
p 0.35626838773469144 0.934383666322031 3.3945484200796907e-06 17.813419386734573 46.71918331610155 0.00016972742100398455
p 0.6738587410782869 0.7388602013027002 -1.8219864773943254e-06 33.69293705391435 36.94301006513501 -9.109932386971627e-05
p 0.9823863505411211 0.18686106675887007 -4.844723194268624e-07 49.119317527056054 9.343053337943504 -2.422361597134312e-05
p 0.6199725449973897 0.7846234390792692 0.0003198388341756375 30.998627249869486 39.23117195396346 0.015991941708781876
p -0.8910489418888511 0.4539072406987442 1.0561971041899845e-07 -44.552447094442556 22.69536203493721 5.280985520949923e-06
p 0.9966381049169419 0.08192977141919994 -1.9564361011094382e-05 49.831905245847096 4.0964885709599965 -0.0009782180505547191
p 0.00811250609834872 0.9999670930807762 -6.217306871058563e-07 0.405625304917436 49.99835465403881 -3.1086534355292816e-05
p 0.21635727836308727 0.976314256834964 3.311415761647332e-07 10.817863918154364 48.8157128417482 1.6557078808236657e-05
p -0.9700767044221751 0.2427986221507702 0.0001289150861779924 -48.50383522110875 12.13993110753851 0.00644575430889962
p -0.7422335619557371 0.6701412826082693 -2.916577828211852e-05 -37.11167809778686 33.50706413041347 -0.001458288914105926
p -0.4324009710183973 0.901681428992414 2.953888142591807e-05 -21.620048550919865 45.0840714496207 0.0014769440712959034
p -0.3658219562762136 0.9306848533774572 -1.582562360492888e-07 -18.29109781381068 46.534242668872864 -7.91281180246444e-06
p -0.9972328679568906 0.07434115324157253 1.0899631778138518e-06 -49.86164339784453 3.7170576620786266 5.449815889069259e-05
p 0.9170384664917487 0.39879856337861697 -0.00039600708727349353 45.85192332458743 19.939928168930848 -0.019800354363674676
p 0.9976782705064418 0.06810336671986458 -8.335845113223277e-07 49.883913525322086 3.405168335993229 -4.167922556611638e-05
p -0.5906430657752358 0.8069329237444429 -0.00015946433954510062 -29.53215328876179 40.34664618722215 -0.00797321697725503
p 0.8615187990824352 0.5077256728070891 -3.838758709466698e-07 43.075939954121765 25.386283640354456 -1.919379354733349e-05
p 0.9867691266521194 0.16213170783706318 -2.2572080680645162e-07 49.338456332605965 8.106585391853159 -1.1286040340322581e-05
p -0.7915012862555165 0.6111675006541033 2.824044932915376e-07 -39.57506431277583 30.558375032705165 1.412022466457688e-05
p -0.8809135580321655 0.4732771949661398 3.0493272501232793e-07 -44.04567790160828 23.66385974830699 1.5246636250616396e-05
p 0.08750087519429177 0.9961644426649799 3.1941822944144873e-06 4.375043759714589 49.808222133249 0.00015970911472072436
p -0.2017956212904551 0.9794276525781094 -2.4358440374729246e-05 -10.089781064522755 48.97138262890547 -0.0012179220187364622
p -0.9793709620919818 0.2020705782914074 4.6023646003822146e-08 -48.968548104599094 10.10352891457037 2.3011823001911074e-06
p 0.20051490511573763 0.979690650918743 -3.645321101279037e-05 10.025745255786882 48.98453254593715 -0.0018226605506395184
p 0.8694026623962152 0.49410425075925574 8.439476793065541e-08 43.47013311981076 24.705212537962787 4.2197383965327706e-06
p 0.9973166717215559 0.07320830763029898 3.8206299947107366e-07 49.8658335860778 3.660415381514949 1.9103149973553683e-05
p -0.6844396259920268 0.729069542891408 8.846502813000516e-08 -34.22198129960134 36.4534771445704 4.423251406500258e-06
p -0.27778902275215495 0.9606420579458979 -0.00030877803174318995 -13.889451137607747 48.03210289729489 -0.015438901587159498
p -0.7817309701380203 0.6236157975394111 0.00016548822901038364 -39.08654850690102 31.180789876970554 0.008274411450519182
p 0.6893374865797364 0.7244403557122681 2.47267984036832e-05 34.46687432898682 36.2220177856134 0.00123633992018416
p -0.9053036919008116 0.4247649060724725 6.251989294491216e-08 -45.26518459504058 21.238245303623625 3.1259946472456078e-06
p -0.8133085655116932 0.5818326019952041 2.2821093097839175e-05 -40.66542827558466 29.091630099760206 0.0011410546548919587
p -0.924705657805685 0.3806828685692739 1.5599279895312837e-07 -924.7056578056851 380.6828685692739 0.00015599279895312838
p 0.768692220428584 0.6396188476370674 5.742760390737184e-08 768.6922204285839 639.6188476370675 5.742760390737184e-05
p 0.3937776943178525 0.9192057046481577 4.414521651797726e-09 393.7776943178525 919.2057046481576 4.414521651797726e-06
p 0.9769407498923319 0.21351058802739464 -6.584614663028257e-08 976.940749892332 213.51058802739465 -6.584614663028257e-05
p -0.6855145650202388 0.7280589132378714 5.034190611540155e-08 -685.5145650202388 728.0589132378714 5.034190611540155e-05
p 0.9949780880467485 0.10009297830514105 9.184499927326789e-07 994.9780880467484 100.09297830514105 0.0009184499927326788
p -0.998020567169345 0.0628883733847053 -7.054649570460086e-08 -998.020567169345 62.888373384705304 -7.054649570460086e-05
p -0.5505623627690457 0.8347940372943289 -1.960439426784021e-08 -550.5623627690456 834.7940372943289 -1.960439426784021e-05
p -0.12588055810736973 0.9920454047525129 -7.17841354769327e-09 -125.88055810736972 992.0454047525129 -7.17841354769327e-06
p 0.28751900730760344 0.9577749320361493 -3.65849104599318e-09 287.51900730760343 957.7749320361493 -3.65849104599318e-06
p -0.2879421198040678 0.9576478139911451 -8.492603904219534e-07 -287.94211980406783 957.6478139911451 -0.0008492603904219535
p -0.9876563604070405 0.15663624659547348 -5.14345570792315e-09 -987.6563604070406 156.6362465954735 -5.14345570792315e-06
p 0.06101470988600068 0.9981368669563945 4.348825230863327e-09 61.01470988600068 998.1368669563944 4.348825230863327e-06
p 0.5531177558643618 0.833103083746283 7.968408415566667e-08 553.1177558643618 833.1030837462829 7.968408415566667e-05
p 0.7096962240420158 0.7045078208072271 1.3989316591862427e-06 709.6962240420158 704.5078208072271 0.0013989316591862427
p 0.3657467118572652 0.9307144259243726 1.1910680912293485e-05 365.7467118572652 930.7144259243726 0.011910680912293485
p 0.03350338788042871 0.9994386039174861 5.475559355899351e-09 33.50338788042871 999.438603917486 5.475559355899351e-06
p -0.96179497648573 0.273770749363037 -1.237893544722228e-07 -961.79497648573 273.770749363037 -0.0001237893544722228
p -0.48746639077764004 0.8731417512719806 -6.922438527335485e-06 -487.46639077764 873.1417512719805 -0.006922438527335485
p -0.36799840581361515 0.929826421068451 1.2936366192512833e-06 -367.99840581361514 929.826421068451 0.0012936366192512832
p 0.5260972803099792 0.8504243950231221 2.2935132875184427e-09 526.0972803099792 850.4243950231221 2.2935132875184428e-06
p -0.4765433729665457 0.8791509618271849 -5.867481181731651e-08 -476.5433729665457 879.1509618271849 -5.867481181731651e-05
p 0.5943328071944702 0.804219195426412 -1.8787082277399646e-07 594.3328071944702 804.2191954264119 -0.00018787082277399645
p 0.992014126185435 0.1261268149464925 -3.214945857906318e-08 992.0141261854351 126.1268149464925 -3.2149458579063184e-05
p -0.992818089392687 0.11963378024059192 1.9759294321670902e-08 -992.818089392687 119.63378024059192 1.97592943216709e-05
p -0.6140441067160217 0.7892717117744036 1.6061500768585752e-07 -614.0441067160217 789.2717117744036 0.0001606150076858575
p 0.4742812288212518 0.880373395774657 -5.15342629277117e-08 474.2812288212518 880.373395774657 -5.15342629277117e-05
p -0.7050490172031292 0.7091585741855635 1.9620998446740804e-08 -705.0490172031292 709.1585741855635 1.9620998446740804e-05
p 0.37402079573844665 0.9274203168971458 -1.2711296941276424e-05 374.0207957384467 927.4203168971458 -0.012711296941276424
p 0.1601381800333685 0.9870946070643731 -1.7677747640407477e-07 160.13818003336849 987.0946070643731 -0.00017677747640407478
p 0.33328089208448736 0.9428275807226723 3.7717394671507835e-08 333.28089208448733 942.8275807226722 3.7717394671507835e-05
p -0.3478543489967932 0.937548586412468 -1.7528999203615597e-08 -347.8543489967932 937.548586412468 -1.75289992036156e-05
p 0.22181684565197277 0.9750883482972242 9.15504464266702e-09 221.81684565197276 975.0883482972242 9.155044642667021e-06
p 0.9355746931974597 0.3531288622559908 9.500985815741632e-06 935.5746931974596 353.12886225599084 0.009500985815741632
p 0.42706876557083456 0.9042191490295388 -1.449274511280015e-06 427.06876557083456 904.2191490295388 -0.0014492745112800148
p -0.9628100098483308 0.27017935697580076 8.743381408678988e-09 -962.8100098483308 270.1793569758008 8.743381408678987e-06
p 0.752911431438196 0.6581218552894947 -4.99105179975467e-09 752.911431438196 658.1218552894948 -4.99105179975467e-06
p 0.4786850113359579 0.877986708283385 1.5772228819655893e-08 478.68501133595794 877.986708283385 1.5772228819655895e-05
p 0.5846320429751161 0.811298572784225 1.1181309445210011e-05 584.6320429751161 811.298572784225 0.011181309445210012
p 0.9509858235787396 0.3092344793293854 1.2089267855014596e-05 950.9858235787397 309.2344793293854 0.012089267855014596
p 0.4625944361473129 0.8865700128278345 -5.375110600879314e-08 462.5944361473129 886.5700128278345 -5.375110600879314e-05
p 0.15727637421508578 0.9875546274073802 1.6341798878128342e-07 157.27637421508578 987.5546274073802 0.00016341798878128342
p 0.4263895502025363 0.9045396351061918 1.9001002126521005e-07 426.3895502025363 904.5396351061919 0.00019001002126521006
p 0.8404666775085007 0.5418632336649364 2.663703540909493e-08 840.4666775085007 541.8632336649364 2.663703540909493e-05
p 0.9874895157691146 0.15768467346594364 -1.3550356001788236e-07 987.4895157691146 157.68467346594363 -0.00013550356001788236
p -0.6640599672923942 0.7476793159112942 1.9951030837937997e-05 -664.0599672923943 747.6793159112942 0.019951030837938
p 0.7092127656051473 0.7049945057251853 4.791493467883873e-09 709.2127656051473 704.9945057251853 4.791493467883873e-06
p 0.9859374587096675 0.16711471363338723 -5.947883624490854e-07 985.9374587096676 167.11471363338723 -0.0005947883624490854
p 0.9791525059897 0.20312648772154326 -1.08983440030388e-08 979.1525059897001 203.12648772154327 -1.0898344003038801e-05
p -0.8409023571730035 0.5411868676352803 -4.7855600464699805e-09 -840.9023571730036 541.1868676352804 -4.78556004646998e-06
p -0.4329305721320952 0.9014272681217141 3.118911864796241e-09 -432.93057213209516 901.4272681217142 3.1189118647962408e-06
p 0.6995982806548051 0.7145363851511276 3.032136658724875e-09 699.5982806548051 714.5363851511277 3.032136658724875e-06
p -0.5967823892730391 0.8024031280183066 -3.629826929733942e-09 -596.782389273039 802.4031280183066 -3.6298269297339423e-06
p 0.8052221392131713 0.5929732763969755 -1.568377893885223e-08 805.2221392131713 592.9732763969755 -1.568377893885223e-05
p 0.18836476258897608 0.9820991376713437 4.2770206782295316e-08 188.36476258897608 982.0991376713437 4.277020678229531e-05
p -0.9105390206523671 0.4134231390106607 -9.279827547247718e-09 -910.5390206523672 413.4231390106607 -9.279827547247719e-06
p -0.5581477224756219 0.8297415982673617 -1.936222172921142e-08 -558.1477224756219 829.7415982673617 -1.936222172921142e-05
p -0.32876737373560927 0.9444109347409096 1.757246528629255e-05 -328.7673737356093 944.4109347409096 0.01757246528629255
p 0.5358651760521167 0.8443035669086288 -2.3957395097233947e-08 535.8651760521167 844.3035669086288 -2.3957395097233946e-05
p 0.37473584836769713 0.9271316216957236 -4.9334093855459056e-09 374.73584836769714 927.1316216957237 -4.933409385545906e-06
case 11 4 180
s 1.0 0.0 0.0 0.0 0.9999999999995 9.999999999995e-07 0.0 -9.999999999995002e-07 0.9999999999995001 1.0 1.0 0.01 0.0 0.0 0.0 0.009999999999994999 9.999999999995e-09 0.01 0.0
s 0.0 0.9999999999995 9.999999999995e-07 -1.0 0.0 0.0 0.0 -9.999999999995002e-07 0.9999999999995001 1.0 1.0 0.0 0.009999999999994999 9.999999999995e-09 -0.01 0.0 0.0 0.01 1.0
s -1.0 0.0 0.0 0.0 -1.0 0.0 0.0 0.0 1.0 1.0 1.0 -0.01 0.0 0.0 0.0 -0.01 0.0 0.01 2.0
s 0.0 -1.0 0.0 1.0 0.0 0.0 -0.0 0.0 1.0 1.0 1.0 0.0 -0.01 0.0 0.01 0.0 0.0 0.01 3.0
p -0.5988199960095052 0.8008812658535699 0.0019520204813583558 -0.5988199960095052 0.8008812658535699 0.0019520204813583558
p -0.9418161279333994 0.33612706230540185 0.000989520327817267 -0.9418161279333994 0.33612706230540185 0.000989520327817267
p 0.9339701514093434 0.3572084386324728 -0.010093941061808966 0.9339701514093434 0.3572084386324728 -0.010093941061808966
p 0.9757951695419967 0.218686503562283 1.6068896842706893e-05 0.9757951695419967 0.218686503562283 1.6068896842706893e-05
p -0.9298844950537074 0.36784945100782473 -0.0012677744096254882 -0.9298844950537074 0.36784945100782473 -0.0012677744096254882
p -0.619544518992054 0.7849615194995876 4.3494862061435895e-05 -0.619544518992054 0.7849615194995876 4.3494862061435895e-05
p 0.7763175351977359 0.6301334350659815 -0.016215380244029683 0.7763175351977359 0.6301334350659815 -0.016215380244029683
p -0.8220697346721871 0.5693868204600354 -4.734059212290192e-06 -0.8220697346721871 0.5693868204600354 -4.734059212290192e-06
p -0.46112256615825475 0.8873351204147599 0.0015372241702341389 -0.46112256615825475 0.8873351204147599 0.0015372241702341389
p 0.14737564502016287 0.9890805777221564 0.0001732850149970743 0.14737564502016287 0.9890805777221564 0.0001732850149970743
p 0.1035444248686121 0.9946086613339618 -0.005671232502103707 0.1035444248686121 0.9946086613339618 -0.005671232502103707
p -0.3494878109966249 0.9369409105159178 -1.289924295876547e-05 -0.3494878109966249 0.9369409105159178 -1.289924295876547e-05
p 0.6392871082050848 0.7689093641302868 0.009506999292014233 0.6392871082050848 0.7689093641302868 0.009506999292014233
p 0.988487719826719 0.1512885518579458 0.001949827812786933 0.988487719826719 0.1512885518579458 0.001949827812786933
p 0.8340228254753821 0.5516742113807488 0.007841625054108915 0.8340228254753821 0.5516742113807488 0.007841625054108915
p 0.3479898020161837 0.9374983187640503 -2.704880492706102e-06 0.3479898020161837 0.9374983187640503 -2.704880492706102e-06
p 0.32405283399959867 0.9460389846383089 -1.7926131007866973e-05 0.32405283399959867 0.9460389846383089 -1.7926131007866973e-05
p -0.8578260242398889 0.5139401830981585 -1.8270659559709193e-05 -0.8578260242398889 0.5139401830981585 -1.8270659559709193e-05
p -0.6561586377065405 0.754622979934737 1.781893735125611e-05 -0.6561586377065405 0.754622979934737 1.781893735125611e-05
p 0.8739049926111415 0.48609630242388996 -0.000669820231789447 0.8739049926111415 0.48609630242388996 -0.000669820231789447
p -0.7617484436068296 0.6478728947721198 -0.0001445066313679421 -0.7617484436068296 0.6478728947721198 -0.0001445066313679421
p -0.4536785135896387 0.8911654189530795 4.8675232441330314e-05 -0.4536785135896387 0.8911654189530795 4.8675232441330314e-05
p 0.3949090248115414 0.9187202154666182 0.00016677939942412592 0.3949090248115414 0.9187202154666182 0.00016677939942412592
p -0.983884414103864 0.17880564776640853 3.2142837651474267e-06 -0.983884414103864 0.17880564776640853 3.2142837651474267e-06
p 0.05507405998566505 0.9984822706650714 5.553573993296185e-05 0.05507405998566505 0.9984822706650714 5.553573993296185e-05
p -0.9769666438779984 0.21339207181745126 -2.086183118454484e-05 -0.9769666438779984 0.21339207181745126 -2.086183118454484e-05
p -0.37762524451525165 0.925958511153953 -0.00010161865497621996 -0.37762524451525165 0.925958511153953 -0.00010161865497621996
p 0.7785051599536352 0.6276382046130469 5.9729293968578245e-06 0.7785051599536352 0.6276382046130469 5.9729293968578245e-06
p -0.574773539917031 0.818312518416119 3.835904461848234e-06 -0.574773539917031 0.818312518416119 3.835904461848234e-06
p -0.9384870797009074 0.3453093513943337 0.0018582448943243756 -0.9384870797009074 0.3453093513943337 0.0018582448943243756
p -0.9812552245510437 0.19271269538432528 3.6455302742379555e-05 -0.9812552245510437 0.19271269538432528 3.6455302742379555e-05
p 0.6742187040633514 0.7385308092284808 -0.0011759725594312578 0.6742187040633514 0.7385308092284808 -0.0011759725594312578
p -0.038011350884734035 0.999277307279162 -1.899539087346078e-05 -0.038011350884734035 0.999277307279162 -1.899539087346078e-05
p 0.12962805465201727 0.9915626781142867 -0.00015105613887872753 0.12962805465201727 0.9915626781142867 -0.00015105613887872753
p 0.47286280828850447 0.8811360647054923 3.5815539986543655e-06 0.47286280828850447 0.8811360647054923 3.5815539986543655e-06
p -0.9460579601660606 0.3239948531106594 0.0012927351758788912 -0.9460579601660606 0.3239948531106594 0.0012927351758788912
p 0.9935755331600841 0.11316422553881933 -0.0012320567576108406 0.9935755331600841 0.11316422553881933 -0.0012320567576108406
p 0.6236319540052724 0.7817180985625087 -1.7982819604387127e-05 0.6236319540052724 0.7817180985625087 -1.7982819604387127e-05
p -0.9814400475137316 0.19176921801599747 1.2560936356887441e-05 -0.9814400475137316 0.19176921801599747 1.2560936356887441e-05
p -0.9690089122912737 0.24702044298989836 -0.001621309704184468 -0.9690089122912737 0.24702044298989836 -0.001621309704184468
p 0.11147679450575144 0.9937670287307078 0.00012997870294143867 0.11147679450575144 0.9937670287307078 0.00012997870294143867
p -0.7564527956089969 0.654048291575916 -1.737696428515847e-05 -0.7564527956089969 0.654048291575916 -1.737696428515847e-05
p -0.8235262524618926 0.567278153507018 -8.977605172781405e-05 -0.8235262524618926 0.567278153507018 -8.977605172781405e-05
p -0.883972188772535 0.4675376041144223 -0.0013259772394398363 -0.883972188772535 0.4675376041144223 -0.0013259772394398363
p -0.03783644842931521 0.999283937143191 0.00012703487363502846 -0.03783644842931521 0.999283937143191 0.00012703487363502846
p 0.525775642006959 0.8505649505829018 0.009961882958349046 0.525775642006959 0.8505649505829018 0.009961882958349046
p -0.8153175735156685 0.5790140363699833 1.7499048680383082e-06 -0.8153175735156685 0.5790140363699833 1.7499048680383082e-06
p -0.9936721585531226 0.1119832439162539 0.008682994781221262 -0.9936721585531226 0.1119832439162539 0.008682994781221262
p 0.9851646252712417 0.1716119291266262 -8.303982103898268e-05 0.9851646252712417 0.1716119291266262 -8.303982103898268e-05
p 0.8169575446070974 0.5766978136162133 4.560506422346506e-05 0.8169575446070974 0.5766978136162133 4.560506422346506e-05
p -0.9615962164048312 0.2744680611447353 2.7135006999746508e-06 -0.9615962164048312 0.2744680611447353 2.7135006999746508e-06
p 0.16398836524399557 0.986462272890136 -1.5133697437190483e-05 0.16398836524399557 0.986462272890136 -1.5133697437190483e-05
p 0.44245266175456016 0.896791860479505 3.2924349915098536e-05 0.44245266175456016 0.896791860479505 3.2924349915098536e-05
p -0.9883654630810456 0.15209769494739736 -5.0796445890584695e-05 -0.9883654630810456 0.15209769494739736 -5.0796445890584695e-05
p -0.6865966980431271 0.7270384795706422 -0.00015316619725556227 -0.6865966980431271 0.7270384795706422 -0.00015316619725556227
p -0.6382302504283043 0.7698455342666397 -2.8424217813529004e-05 -0.6382302504283043 0.7698455342666397 -2.8424217813529004e-05
p -0.976783064684751 0.21423080673049677 -7.741231307144912e-05 -0.976783064684751 0.21423080673049677 -7.741231307144912e-05
p 0.9914959586205915 0.13013747998759856 1.8480039292124763e-05 0.9914959586205915 0.13013747998759856 1.8480039292124763e-05
p -0.7640778181752497 0.6451240652853277 0.00016781621638212171 -0.7640778181752497 0.6451240652853277 0.00016781621638212171
p -0.9744012770934857 0.22481581609949436 5.486571640615035e-06 -0.9744012770934857 0.22481581609949436 5.486571640615035e-06
p 0.39238066452239184 0.919802859900393 -0.00033619640742053983 19.61903322611959 45.99014299501965 -0.01680982037102699
p -0.2092122022822939 0.9778702646139089 3.4119425035161816e-07 -10.460610114114695 48.89351323069545 1.7059712517580907e-05
p -0.6482593949377021 0.7614195669102429 1.1056311629857386e-06 -32.4129697468851 38.070978345512145 5.528155814928693e-05
p 0.9618784584071224 0.27347729567979073 -7.81484563769501e-08 48.09392292035612 13.673864783989536 -3.907422818847505e-06
p 0.00616936252241835 0.9999809370410189 0.0002540091199147795 0.3084681261209175 49.999046852050945 0.012700455995738977
p 0.7395868304821219 0.6730611555676751 3.230038873502031e-05 36.9793415241061 33.653057778383754 0.0016150194367510154
p 0.01274889363347636 0.9999187295531117 -1.161168502838513e-07 0.6374446816738181 49.99593647765558 -5.805842514192565e-06
p 0.8262087832977075 0.5633640442925648 2.1658229643376286e-07 41.31043916488537 28.16820221462824 1.0829114821688144e-05
p -0.9963818176833154 0.08498984286425808 -3.5377819204940455e-08 -49.81909088416577 4.249492143212904 -1.7688909602470227e-06
p 0.8435207305123177 0.5370965709164948 0.00022517928129082355 42.176036525615885 26.854828545824738 0.011258964064541178
p 0.04139423208195073 0.9991428466987188 0.0002990670930315017 2.0697116040975363 49.95714233493594 0.014953354651575084
p -0.33025984024791777 0.9438900560549507 -4.423825634583111e-08 -16.512992012395888 47.194502802747536 -2.2119128172915553e-06
p -0.9740071794722063 0.2265171391673923 -1.3228208024198455e-07 -48.700358973610314 11.325856958369615 -6.614104012099227e-06
p 0.21271532642861993 0.9771142153823996 -5.812422927874855e-08 10.635766321430996 48.85571076911998 -2.9062114639374274e-06
p 0.6451356950100242 0.7640680172749467 -1.2102961701181666e-06 32.25678475050121 38.20340086374733 -6.0514808505908324e-05
p 0.9138195262885671 0.4061203253712306 0.0003933117143537178 45.690976314428354 20.30601626856153 0.01966558571768589
p 0.48873298571311397 0.8724334179041027 -3.324280370538731e-07 24.436649285655697 43.621670895205135 -1.6621401852693654e-05
p 0.9324715986824986 0.36124329425732565 -2.1495508618941505e-06 46.62357993412493 18.062164712866284 -0.00010747754309470753
p 0.24676726479738306 0.9690747732262908 3.0345203708541594e-05 12.338363239869153 48.45373866131454 0.0015172601854270796
p 0.8615921401315116 0.5076012057348958 -2.861043784204165e-07 43.079607006575586 25.380060286744786 -1.4305218921020825e-05
p 0.9498355133861587 0.312749896099621 -3.5894814701066607e-07 47.491775669307934 15.637494804981051 -1.7947407350533302e-05
p 0.6944841820409374 0.7195079713805129 3.850884344001913e-06 34.72420910204687 35.97539856902564 0.00019254421720009567
p 0.9935970116321695 0.1129822042401365 8.139255917094423e-07 49.67985058160848 5.649110212006825 4.0696279585472115e-05
p 0.6998816897880333 0.7142587908450504 -1.1663561222839115e-07 34.994084489401665 35.71293954225252 -5.831780611419557e-06
p 0.9901050878983451 0.14032788356637693 3.4046710710382465e-06 49.50525439491725 7.016394178318847 0.0001702335535519123
p -0.7129775723465024 0.7011868376760986 8.25047898055735e-07 -35.64887861732512 35.059341883804926 4.125239490278675e-05
p 0.7660395918223253 0.6427933899868696 3.9368434892824464e-05 38.301979591116265 32.13966949934348 0.0019684217446412234
p -0.3795238964302759 0.9251819345610381 5.254700483507863e-07 -18.976194821513793 46.25909672805191 2.6273502417539315e-05
p 0.5357911423841502 0.8443505502701778 1.0655761285540578e-06 26.789557119207508 42.21752751350889 5.327880642770289e-05
p -0.354659379869426 0.9349955744657819 1.921073310934122e-07 -17.7329689934713 46.74977872328909 9.60536655467061e-06
p 0.0043356099934932476 0.9999906011972635 -1.7663238977044217e-06 0.21678049967466237 49.999530059863176 -8.831619488522109e-05
p 0.9970785610498486 0.07638287097990484 -1.0753167426583802e-05 49.85392805249243 3.819143548995242 -0.0005376583713291902
p -0.9925911825492528 0.12150203375413034 -1.0912655241781689e-05 -49.62955912746264 6.075101687706517 -0.0005456327620890844
p 0.9385817187851068 0.34505703465078336 -6.348230886654714e-07 46.92908593925534 17.252851732539167 -3.174115443327357e-05
p 0.9291438763251925 0.3697183479560557 -1.64936501299347e-05 46.457193816259625 18.485917397802783 -0.0008246825064967349
p 0.9035397730645189 0.42850423391782183 -2.240187912556455e-06 45.17698865322595 21.425211695891093 -0.00011200939562782274
p -0.5475153669534568 0.8367956279415109 2.7918054185614563e-06 -27.375768347672842 41.83978139707554 0.00013959027092807282
p -0.7466446569826183 0.6652230870872635 2.4604869181617905e-05 -37.33223284913091 33.26115435436318 0.0012302434590808953
p 0.9917172220461282 0.12844045895709003 -4.995738207047841e-08 49.58586110230641 6.422022947854502 -2.4978691035239205e-06
p -0.6628212134799476 0.7487776962719903 -2.29473512893606e-05 -33.14106067399738 37.438884813599515 -0.0011473675644680299
p -0.8848051284202062 0.4659612480893127 5.936031319217681e-07 -44.24025642101031 23.298062404465636 2.9680156596088405e-05
p 0.8792250437860812 0.4764066305965721 0.00021143080408593236 43.96125218930406 23.820331529828607 0.010571540204296619
p 0.9868988869455987 0.16133997314139384 3.503249739577272e-06 49.344944347279935 8.066998657069693 0.0001751624869788636
p 0.5583027772576883 0.829637275501787 -2.079428048648509e-06 27.915138862884415 41.48186377508935 -0.00010397140243242543
p -0.21076307304940858 0.9775371742490221 8.187872938769551e-08 -10.53815365247043 48.8768587124511 4.093936469384776e-06
p -0.4744728124591719 0.8802701575251037 2.7951084308633794e-06 -23.723640622958595 44.01350787625519 0.00013975542154316898
p 0.12273992209015919 0.9924388704160586 -3.549545702103276e-06 6.1369961045079595 49.62194352080293 -0.00017747728510516378
p 0.34217433677225645 0.9396364846323391 -1.4988188033940008e-06 17.10871683861282 46.981824231616955 -7.494094016970004e-05
p 0.9831906112439827 0.18258209649819207 9.302680937491891e-08 49.15953056219913 9.129104824909604 4.651340468745945e-06
p -0.9895442193753008 0.14422980933136514 1.0791814607173254e-06 -49.47721096876504 7.211490466568257 5.395907303586627e-05
p 0.6902594423852979 0.723561954636872 8.222115411530746e-08 34.512972119264894 36.1780977318436 4.111057705765374e-06
p -0.048448058414009766 0.9988257033316226 -4.6575028631052325e-08 -2.4224029207004882 49.94128516658113 -2.3287514315526163e-06
p -0.951545096957019 0.3075092331241764 6.621181536511704e-07 -47.57725484785095 15.375461656208818 3.310590768255852e-05
p 0.6559163873302404 0.754833453802379 0.00038710776034576707 32.79581936651202 37.741672690118946 0.019355388017288352
p -0.9397413193752111 0.341886295747134 -0.00011592773974227674 -46.987065968760554 17.094314787356698 -0.0057963869871138374
p -0.9226368235872073 0.38566992592228405 9.252965623788815e-08 -46.131841179360364 19.2834962961142 4.626482811894408e-06
p 0.15090402810248213 0.988548417165568 3.495562232749707e-05 7.545201405124106 49.427420858278396 0.0017477811163748534
p 0.907893002922588 0.41920197428459205 3.254024233534095e-07 45.3946501461294 20.960098714229602 1.6270121167670476e-05
p 0.20373019154728472 0.9790270726818298 -2.855526182527189e-06 10.186509577364236 48.95135363409149 -0.00014277630912635944
p -0.9388641001569177 0.3442879629560568 -3.321237591653759e-07 -46.94320500784588 17.21439814780284 -1.6606187958268795e-05
p -0.9349356797182589 0.3548172413930243 4.150357549245933e-08 -934.9356797182588 354.8172413930243 4.150357549245933e-05
p -0.9579603535934308 0.2869006116116677 5.985965620720558e-09 -957.9603535934308 286.90061161166767 5.9859656207205575e-06
p -0.978988791487461 0.20391406535059586 9.701214349500662e-06 -978.988791487461 203.91406535059588 0.009701214349500662
p 0.45846768495805224 0.8887110789504112 1.0841323851667337e-08 458.46768495805225 888.7110789504112 1.0841323851667338e-05
p 0.873335709290221 0.4871188139237834 1.8242960520742537e-07 873.335709290221 487.1188139237834 0.00018242960520742536
p -0.5240570344134303 0.8516831715384546 1.28002416699933e-08 -524.0570344134303 851.6831715384546 1.28002416699933e-05
p -0.8824459970138879 0.47041371403708593 7.015808727316917e-09 -882.4459970138879 470.4137140370859 7.015808727316917e-06
p 0.3113311435574975 0.9503014885030787 -1.1783083207431673e-07 311.3311435574975 950.3014885030788 -0.00011783083207431673
p 0.25871093750612106 0.9659547871482809 1.528388136773108e-07 258.71093750612107 965.9547871482808 0.0001528388136773108
p -0.9592166116541102 0.28267205720906946 2.2385894070413712e-08 -959.2166116541102 282.67205720906946 2.2385894070413712e-05
p -0.16471025792083865 0.9863419949156517 -1.2097490319200463e-06 -164.71025792083864 986.3419949156516 -0.0012097490319200462
p -0.8599691279271103 0.5103460580927676 -1.2078290596042794e-06 -859.9691279271103 510.3460580927676 -0.0012078290596042793
p 0.7084662427848804 0.7057447008899713 -4.358182974599207e-09 708.4662427848804 705.7447008899713 -4.358182974599207e-06
p -0.8654382353663439 0.5010156292631885 -5.831233447643682e-09 -865.4382353663439 501.01562926318854 -5.8312334476436816e-06
p 0.8201786774891633 0.5721074523104652 -1.7192452920312629e-06 820.1786774891633 572.1074523104652 -0.001719245292031263
p -0.6268738601982708 0.779120763040056 -4.459250168625437e-09 -626.8738601982709 779.120763040056 -4.459250168625438e-06
p -0.6077114611970765 0.7941579061683598 -2.9736867632968664e-08 -607.7114611970766 794.1579061683598 -2.9736867632968663e-05
p 0.9051033164588872 0.4251917056283242 1.1976219232300506e-08 905.1033164588872 425.1917056283242 1.1976219232300506e-05
p -0.6637429301623299 0.7479607761504106 -4.60195077375636e-09 -663.7429301623299 747.9607761504105 -4.60195077375636e-06
p -0.8354549571516647 0.5495589272149408 9.437872137372295e-06 -835.4549571516648 549.5589272149408 0.009437872137372294
p 0.595976907210552 0.8030015728949385 -5.258143531689081e-09 595.976907210552 803.0015728949385 -5.258143531689081e-06
p 0.11768697461041969 0.9930507419095177 5.3414440951680605e-08 117.68697461041968 993.0507419095177 5.3414440951680606e-05
p -0.7975125992868888 0.6033022907122432 1.7487932465294098e-07 -797.5125992868888 603.3022907122431 0.000174879324652941
p -0.28786510782495894 0.9576709662182856 -1.2627748669708171e-05 -287.86510782495895 957.6709662182856 -0.01262774866970817
p -0.19214875580689184 0.9813658113260055 -1.5213396742487383e-06 -192.14875580689184 981.3658113260055 -0.0015213396742487382
p 0.501091198242556 0.8653944829058245 5.150829445022166e-09 501.091198242556 865.3944829058246 5.150829445022167e-06
p 0.7588722622153046 0.6512395025182562 -1.4054639082776101e-08 758.8722622153045 651.2395025182562 -1.4054639082776101e-05
p -0.4876189049255533 0.8730565866879443 1.8576731613918696e-08 -487.6189049255533 873.0565866879443 1.8576731613918695e-05
p -0.3582748857566869 0.9336161450168013 -6.409119859424487e-09 -358.2748857566869 933.6161450168014 -6.4091198594244875e-06
p 0.6620035508147627 0.7495006996051744 3.1969124212499017e-09 662.0035508147627 749.5006996051744 3.1969124212499017e-06
p -0.7709431269950001 0.6369039919321975 5.002219001415986e-08 -770.9431269950002 636.9039919321975 5.002219001415986e-05
p -0.14668119405393407 0.9891838187672259 3.386636423837694e-09 -146.68119405393406 989.183818767226 3.386636423837694e-06
p 0.25436014251772476 0.9671095687140949 -1.0532872079175455e-08 254.36014251772477 967.109568714095 -1.0532872079175455e-05
p -0.4529985488090032 0.8915112532950761 -5.017962992122045e-06 -452.9985488090032 891.5112532950761 -0.005017962992122045
p 0.4101918026461465 0.9119992790797067 -2.7373338691510312e-09 410.1918026461465 911.9992790797066 -2.737333869151031e-06
p -0.8118775263800202 0.5838277846754625 -3.7957583494064105e-08 -811.8775263800202 583.8277846754625 -3.7957583494064104e-05
p -0.4938214890582833 0.8695633024364928 1.4166404524658672e-08 -493.8214890582833 869.5633024364928 1.4166404524658672e-05
p 0.04197329636905056 0.9991187328800896 1.244729741975205e-08 41.97329636905056 999.1187328800895 1.244729741975205e-05
p 0.5039545311374425 0.8637301838803831 6.5531865316756324e-09 503.9545311374425 863.7301838803832 6.553186531675632e-06
p -0.8907111689512073 0.45456970132013885 1.2136463668959302e-05 -890.7111689512072 454.56970132013885 0.012136463668959301
p 0.9167734792693819 0.39940754570707365 -1.1855973142727687e-05 916.7734792693819 399.40754570707367 -0.011855973142727686
p 0.9980776905334928 0.06197518583537533 3.263677627208266e-09 998.0776905334928 61.97518583537533 3.263677627208266e-06
p 0.8813790141619333 0.4724098149500687 -1.1566350552291656e-05 881.3790141619334 472.40981495006866 -0.011566350552291656
p 0.9206953726649405 0.3902819887637214 2.701403645178145e-08 920.6953726649405 390.2819887637214 2.7014036451781453e-05
p 0.8740877000829318 0.4857681469206831 -9.880983392000981e-07 874.0877000829317 485.7681469206831 -0.000988098339200098
p -0.34053581969656893 0.9402315435586994 -9.008761357831809e-07 -340.5358196965689 940.2315435586994 -0.0009008761357831809
p 0.3147720604265572 0.9491672929335575 4.4433684930347854e-08 314.7720604265572 949.1672929335575 4.443368493034785e-05
p 0.533624047044956 0.8457218079341234 -1.6986378159821722e-08 533.624047044956 845.7218079341235 -1.698637815982172e-05
p -0.019552809090052914 0.9998088254149073 1.6707820816343925e-05 -19.552809090052914 999.8088254149073 0.016707820816343925
p -0.5503278769550413 0.8349486378491536 -4.964476207001411e-09 -550.3278769550412 834.9486378491537 -4.9644762070014106e-06
p -0.9476313655177143 0.3193662397374039 -1.7387473721732344e-06 -947.6313655177144 319.36623973740393 -0.0017387473721732344
p -0.5897076027305362 0.8076168294939148 -3.2013384877112166e-08 -589.7076027305362 807.6168294939148 -3.201338487711217e-05
p -0.3310472442485812 0.9436141807303556 -5.0838269253544776e-09 -331.0472442485812 943.6141807303557 -5.083826925354478e-06
p -0.3191988835108258 0.947687750667612 -6.719119865819816e-08 -319.1988835108258 947.687750667612 -6.719119865819816e-05
p -0.9961687157994568 0.08745221254419383 -1.3549399431542013e-05 -996.1687157994568 87.45221254419383 -0.013549399431542012
p 0.8174108069989676 0.5760551819047685 1.4002451334941337e-06 817.4108069989676 576.0551819047685 0.0014002451334941338
p -0.40628219133201854 0.91374765718247 -2.0329640253750665e-08 -406.28219133201856 913.74765718247 -2.0329640253750663e-05
p -0.579379402890576 0.8150579780028899 1.3120448719991726e-08 -579.379402890576 815.05797800289 1.3120448719991726e-05
p 0.2724999688954308 0.9621557914142539 7.410438240363447e-09 272.4999688954308 962.1557914142539 7.4104382403634475e-06
p 0.18362562802743632 0.9829962506192633 -1.2135183688649411e-08 183.6256280274363 982.9962506192634 -1.2135183688649411e-05
case 12 4 180
s 0.0 0.9999999999995 -9.999999999995e-07 1.0 0.0 0.0 0.0 -9.999999999995002e-07 -0.9999999999995001 1.0 1.0 0.0 0.0009999999999995 -9.999999999995e-10 0.001 0.0 0.0 0.001 0.0
s -1.0 0.0 0.0 0.0 0.9999999999995 -9.999999999995e-07 -0.0 -9.999999999995002e-07 -0.9999999999995001 1.0 1.0 -0.001 0.0 0.0 0.0 0.0009999999999995 -9.999999999995e-10 0.001 1.0
s 0.0 -1.0 0.0 -1.0 0.0 0.0 -0.0 -0.0 -1.0 1.0 1.0 0.0 -0.001 0.0 -0.001 0.0 0.0 0.001 2.0
s 1.0 0.0 0.0 0.0 -1.0 0.0 0.0 0.0 -1.0 1.0 1.0 0.001 0.0 0.0 0.0 -0.001 0.0 0.001 3.0
p 0.973442440760269 0.2285958036729246 0.012400526997676917 0.973442440760269 0.2285958036729246 0.012400526997676917
p 0.150873737600376 0.9885530407310589 3.104626219657679e-05 0.150873737600376 0.9885530407310589 3.104626219657679e-05
p 0.5428510032470695 0.8398290232272247 -4.342336832156844e-06 0.5428510032470695 0.8398290232272247 -4.342336832156844e-06
p 0.8300625136536971 0.5576703365654011 0.00013835439366938066 0.8300625136536971 0.5576703365654011 0.00013835439366938066
p -0.6893113328740276 0.7244320756930138 0.00693210491432849 -0.6893113328740276 0.7244320756930138 0.00693210491432849
p 0.31983691156484195 0.9474726115671581 1.8187153926554036e-05 0.31983691156484195 0.9474726115671581 1.8187153926554036e-05
p -0.9096209893760726 0.4153011106018955 -0.010707157387802488 -0.9096209893760726 0.4153011106018955 -0.010707157387802488
p -0.5799041662689705 0.8146846924546387 -9.91159989036384e-05 -0.5799041662689705 0.8146846924546387 -9.91159989036384e-05
p -0.8404951062609097 0.541819134631885 4.12094343210692e-05 -0.8404951062609097 0.541819134631885 4.12094343210692e-05
p -0.8955335272893689 0.44486427910788623 -0.010745914315774442 -0.8955335272893689 0.44486427910788623 -0.010745914315774442
p -0.9420552561060325 0.33545773855645056 -9.25147780267467e-06 -0.9420552561060325 0.33545773855645056 -9.25147780267467e-06
p -0.9654445566452722 0.26060853403582296 5.631450178977493e-06 -0.9654445566452722 0.26060853403582296 5.631450178977493e-06
p -0.4989254454605472 0.8666442833339437 0.0010421307930430317 -0.4989254454605472 0.8666442833339437 0.0010421307930430317
p -0.9024227198032411 0.43075847229522246 -0.008965117333705355 -0.9024227198032411 0.43075847229522246 -0.008965117333705355
p 0.9399407778871248 0.34133756458301046 3.270299279830411e-05 0.9399407778871248 0.34133756458301046 3.270299279830411e-05
p 0.5819081521368953 0.8132544959262342 -0.00016532510651788137 0.5819081521368953 0.8132544959262342 -0.00016532510651788137
p 0.9552399674080589 0.2958273675466155 0.0016653157929610478 0.9552399674080589 0.2958273675466155 0.0016653157929610478
p 0.9146866994159026 0.40405138650314726 -0.0095246509923762 0.9146866994159026 0.40405138650314726 -0.0095246509923762
p -0.4795809067499784 0.8774976658542173 1.7357103351839097e-05 -0.4795809067499784 0.8774976658542173 1.7357103351839097e-05
p 0.6183321881153658 0.7858813359382677 0.007472012068214237 0.6183321881153658 0.7858813359382677 0.007472012068214237
p 0.9168355126506372 0.3992639534042351 0.0009686354649977654 0.9168355126506372 0.3992639534042351 0.0009686354649977654
p -0.9959877264731295 0.08947777533298884 0.0014752750068318667 -0.9959877264731295 0.08947777533298884 0.0014752750068318667
p 0.445659952298377 0.8952015897513805 0.0011491840625021507 0.445659952298377 0.8952015897513805 0.0011491840625021507
p -0.9893519534476225 0.14554036685713 -0.0008448813322190034 -0.9893519534476225 0.14554036685713 -0.0008448813322190034
p 0.10464339366652951 0.9945084134915785 -0.0016660301363678573 0.10464339366652951 0.9945084134915785 -0.0016660301363678573
p 0.9937443306655768 0.11167902785986134 -2.5102357650135125e-06 0.9937443306655768 0.11167902785986134 -2.5102357650135125e-06
p -0.9760535663897139 0.21753030940778373 5.18404261457835e-06 -0.9760535663897139 0.21753030940778373 5.18404261457835e-06
p -0.993687901873822 0.11151199559406226 -0.01222409539521463 -0.993687901873822 0.11151199559406226 -0.01222409539521463
p 0.8598893423245172 0.5104804785211523 2.3505093162837015e-06 0.8598893423245172 0.5104804785211523 2.3505093162837015e-06
p 0.7017150716248978 0.7124576877770779 -3.717263138311204e-05 0.7017150716248978 0.7124576877770779 -3.717263138311204e-05
p 0.28724937192447797 0.9578558337076972 1.269351536499121e-05 0.28724937192447797 0.9578558337076972 1.269351536499121e-05
p 0.27272311430355467 0.9618909588749519 0.01969482569599955 0.27272311430355467 0.9618909588749519 0.01969482569599955
p -0.6328818378217609 0.7742483768985475 -0.00017385429328440084 -0.6328818378217609 0.7742483768985475 -0.00017385429328440084
p 0.583375217637623 0.8122027796250839 1.4681398821205784e-05 0.583375217637623 0.8122027796250839 1.4681398821205784e-05
p 0.746973707293943 0.6648535782740023 -8.23395948377917e-06 0.746973707293943 0.6648535782740023 -8.23395948377917e-06
p -0.07271132255560783 0.9973530264842276 -6.430370049551482e-05 -0.07271132255560783 0.9973530264842276 -6.430370049551482e-05
p 0.9767587317655272 0.21434173574156531 1.546260555398931e-05 0.9767587317655272 0.21434173574156531 1.546260555398931e-05
p 0.9879208438328175 0.1549592731623566 0.00017315209461654177 0.9879208438328175 0.1549592731623566 0.00017315209461654177
p -0.9424244822896384 0.33428811079426296 0.009357038137662739 -0.9424244822896384 0.33428811079426296 0.009357038137662739
p 0.9974230860871238 0.07174389844808349 -1.9388377179286357e-05 0.9974230860871238 0.07174389844808349 -1.9388377179286357e-05
p -0.2366448779116065 0.9715962133248894 -3.3070966750183996e-06 -0.2366448779116065 0.9715962133248894 -3.3070966750183996e-06
p 0.0927957316374582 0.9955655440105459 -0.015433721808265249 0.0927957316374582 0.9955655440105459 -0.015433721808265249
p 0.571300168169535 0.8207411999117411 -2.4837403624169253e-05 0.571300168169535 0.8207411999117411 -2.4837403624169253e-05
p -0.24319414285605975 0.9699776231560632 -0.00013948842517307912 -0.24319414285605975 0.9699776231560632 -0.00013948842517307912
p 0.8983194836546191 0.43934280750646226 5.271468652016153e-05 0.8983194836546191 0.43934280750646226 5.271468652016153e-05
p 0.9487940198891568 0.315895405183495 -2.8399470128568586e-05 0.9487940198891568 0.315895405183495 -2.8399470128568586e-05
p 0.04376888462687995 0.9990416825265772 -3.6235129900041036e-05 0.04376888462687995 0.9990416825265772 -3.6235129900041036e-05
p -0.9426030723126921 0.33391530811786563 0.00012276491635025875 -0.9426030723126921 0.33391530811786563 0.00012276491635025875
p 0.7891555001302724 0.6141934457262066 -8.855003806419749e-05 0.7891555001302724 0.6141934457262066 -8.855003806419749e-05
p 0.43275643166321576 0.9015108819170526 2.528355915788023e-05 0.43275643166321576 0.9015108819170526 2.528355915788023e-05
p 0.9946760802175988 0.10305093604044582 -4.913337318269766e-06 0.9946760802175988 0.10305093604044582 -4.913337318269766e-06
p 0.917621415797129 0.3974555768881124 -4.087799522296649e-05 0.917621415797129 0.3974555768881124 -4.087799522296649e-05
p -0.14826786328216027 0.988947237836501 -3.864321250143154e-05 -0.14826786328216027 0.988947237836501 -3.864321250143154e-05
p -0.8215430007583369 0.5701435277371644 0.0018589471237331133 -0.8215430007583369 0.5701435277371644 0.0018589471237331133
p 0.9010824328501071 0.4333949073115546 0.014808900207012227 0.9010824328501071 0.4333949073115546 0.014808900207012227
p -0.9748795291699455 0.22273197418293372 0.0006093291052144766 -0.9748795291699455 0.22273197418293372 0.0006093291052144766
p -0.23603771769594628 0.9717438807443927 0.00016143331847307807 -0.23603771769594628 0.9717438807443927 0.00016143331847307807
p 0.19961340334571792 0.9798747308637528 -3.192848224354667e-05 0.19961340334571792 0.9798747308637528 -3.192848224354667e-05
p 0.6749818378594519 0.7378343435617353 -4.549729242428574e-06 0.6749818378594519 0.7378343435617353 -4.549729242428574e-06
p 0.3204360943708358 0.9472701221558373 -0.00015841474062206309 0.3204360943708358 0.9472701221558373 -0.00015841474062206309
p 0.3093711595686279 0.950941368133261 -6.667527861738168e-08 15.468557978431393 47.54706840666305 -3.3337639308690837e-06
p 0.09040414428561261 0.9959051613867529 1.480581207297607e-05 4.520207214280631 49.79525806933764 0.0007402906036488035
p 0.4437626444029273 0.8961443608211583 -9.791286133778083e-07 22.188132220146365 44.807218041057915 -4.895643066889041e-05
p 0.5636897439008142 0.8259866055941384 3.28593755466688e-07 28.18448719504071 41.29933027970692 1.64296877733344e-05
p -0.9474408393521493 0.3199309743831426 0.000166005866871393 -47.372041967607466 15.996548719157131 0.00830029334356965
p 0.9862737866773805 0.16511819314727672 -2.199889673789437e-06 49.31368933386903 8.255909657363835 -0.00010999448368947185
p -0.8781571675702909 0.4783721921369931 0.0001866412918300189 -43.90785837851455 23.918609606849657 0.009332064591500945
p -0.7042744250670977 0.7099277882182383 -0.0002640302431038509 -35.21372125335488 35.49638941091192 -0.013201512155192545
p 0.01828126262078773 0.9998328837521233 -2.214248825634964e-06 0.9140631310393865 49.99164418760616 -0.00011071244128174821
p -0.5774498503716424 0.8164261572858706 2.279220160379906e-06 -28.87249251858212 40.82130786429353 0.0001139610080189953
p 0.11875630791720954 0.9929234307487513 -5.1412708435678435e-08 5.9378153958604765 49.64617153743757 -2.570635421783922e-06
p -0.5175484090237333 0.8556539278868682 -2.962573505322005e-06 -25.877420451186666 42.78269639434341 -0.00014812867526610023
p -0.9125343596283436 0.40900005195311734 1.9066555262604984e-07 -45.62671798141718 20.450002597655867 9.533277631302493e-06
p 0.553541370980288 0.8328216799610351 3.77360461778505e-07 27.6770685490144 41.641083998051755 1.886802308892525e-05
p 0.7639137256343567 0.6453183757481492 0.00011708632459403563 38.19568628171783 32.26591878740746 0.005854316229701782
p -0.6919464871113669 0.7219487924875292 1.9393127291648713e-07 -34.59732435556834 36.09743962437646 9.696563645824357e-06
p 0.998640682669538 0.05212280611509234 -8.721635442733453e-08 49.9320341334769 2.606140305754617 -4.360817721366726e-06
p -0.9091383599660423 0.4164942285713913 2.2308315058842233e-06 -45.45691799830212 20.824711428569564 0.00011154157529421116
p 0.2405085064151433 0.9706470307679957 1.7973515310346117e-06 12.025425320757165 48.53235153839979 8.986757655173058e-05
p 0.946167965245317 0.32367604412899886 -7.343259398582053e-07 47.30839826226585 16.183802206449943 -3.6716296992910264e-05
p 0.5438730248469894 0.8391675237065509 3.9747278893885974e-08 27.19365124234947 41.958376185327545 1.987363944694299e-06
p 0.8204414925892736 0.5717304935249747 3.402069165462343e-06 41.02207462946368 28.586524676248736 0.00017010345827311716
p -0.9253703870325235 0.37906404345708206 -0.00031266794728790635 -46.268519351626175 18.953202172854102 -0.015633397364395316
p -0.7579406518593103 0.6523234878343335 -0.0001883579949075524 -37.897032592965516 32.616174391716676 -0.00941789974537762
p -0.6985158383689106 0.7155945938485841 -2.832768530354491e-05 -34.92579191844553 35.77972969242921 -0.0014163842651772455
p 0.30630853956513343 0.9519322103230498 -0.0003814956724123621 15.31542697825667 47.59661051615249 -0.019074783620618103
p 0.09096599312923025 0.9958539918935113 0.00012216288816014644 4.548299656461512 49.79269959467557 0.006108144408007322
p -0.6479875191671121 0.7616509535237581 -3.9899205845760844e-08 -32.399375958355606 38.08254767618791 -1.9949602922880424e-06
p 0.9453029861109724 0.3261935996406812 -1.7702376140305473e-06 47.26514930554862 16.30967998203406 -8.851188070152736e-05
p -0.10859685342706493 0.9940858102816283 -0.00035386785519363396 -5.429842671353247 49.704290514081414 -0.017693392759681698
p -0.818187885386106 0.5749509406871731 3.21668488970966e-06 -40.9093942693053 28.747547034358657 0.000160834244485483
p -0.8879485307053064 0.45994280533023696 0.00015047670646318255 -44.397426535265325 22.99714026651185 0.0075238353231591275
p -0.3280195220557862 0.9446709372719476 0.00011586213200465388 -16.40097610278931 47.23354686359738 0.005793106600232694
p 0.8917310393086232 0.45256574498470514 -3.946356964369822e-08 44.58655196543116 22.628287249235257 -1.973178482184911e-06
p 0.4549787944478132 0.8905022720104073 1.2129178602458283e-05 22.74893972239066 44.52511360052036 0.0006064589301229142
p -0.8415683636679429 0.5401505687705975 0.0002287576474780299 -42.07841818339714 27.007528438529878 0.011437882373901495
p 0.8184918261323112 0.5745180683945635 -0.0003458941663055345 40.92459130661556 28.725903419728176 -0.017294708315276727
p 0.022063557734278524 0.9997565700809886 -5.987585130155973e-08 1.1031778867139261 49.98782850404943 -2.9937925650779864e-06
p -0.9552418216637955 0.29582606672651124 -1.973715692637109e-05 -47.76209108318977 14.791303336325562 -0.0009868578463185544
p -0.6535466369074308 0.7568862486420446 1.8868313676705344e-06 -32.67733184537154 37.84431243210223 9.434156838352672e-05
p -0.9841666759255295 0.1772454625536924 1.3495673324934213e-06 -49.20833379627648 8.86227312768462 6.747836662467106e-05
p 0.32270899957083227 0.9464982311636839 -1.0037517309848462e-07 16.13544997854161 47.3249115581842 -5.018758654924231e-06
p -0.9770245340390681 0.21312686336015788 -5.0171181546038904e-08 -48.8512267019534 10.656343168007893 -2.5085590773019453e-06
p 0.051551025374449604 0.9986703619226991 1.6774078004574345e-07 2.57755126872248 49.933518096134954 8.387039002287173e-06
p -0.7811723530065313 0.6243154078331266 0.00016260503090778682 -39.05861765032657 31.215770391656328 0.008130251545389341
p -0.21141137623336767 0.9773971710615305 -1.7598363697715476e-07 -10.570568811668384 48.869858553076526 -8.799181848857738e-06
p -0.951217093314547 0.30852235151803203 -9.156720713893676e-08 -47.56085466572735 15.426117575901602 -4.578360356946838e-06
p 0.9628411553924087 0.27006834224263065 -9.638760429551248e-07 48.142057769620436 13.503417112131533 -4.819380214775624e-05
p -0.8398732783848037 0.5427824826958165 0.00022963825405025566 -41.993663919240184 27.139124134790826 0.011481912702512783
p -0.675618576327075 0.7372513247831549 -0.0001530596594978295 -33.78092881635375 36.862566239157744 -0.007652982974891474
p 0.9903588290573874 0.13852577270527242 2.118449140966298e-06 49.517941452869366 6.926288635263621 0.0001059224570483149
p -0.6183777719697997 0.7858809904391785 4.935697069280113e-08 -30.918888598489985 39.294049521958925 2.4678485346400566e-06
p -0.5273758653198527 0.8496320866747792 -0.00011819812689266183 -26.368793265992636 42.48160433373896 -0.0059099063446330915
p -0.715750163657623 0.6983564299296456 -7.654233096120127e-08 -35.78750818288115 34.91782149648228 -3.827116548060064e-06
p 0.8642262671928505 0.5031033280151392 2.0832746142424884e-05 43.211313359642524 25.15516640075696 0.0010416373071212442
p -0.2154120787541292 0.9765232390100954 2.3858225917178876e-07 -10.770603937706461 48.82616195050477 1.1929112958589438e-05
p -0.9271836015621774 0.3746072196236722 -1.0705118964414924e-07 -46.35918007810887 18.730360981183612 -5.352559482207462e-06
p -0.9821160378753699 0.18827662389598848 3.228488126565683e-05 -49.1058018937685 9.413831194799425 0.0016142440632828413
p 0.7824519603645446 0.6227109052033667 -0.00024137623087204993 39.12259801822723 31.135545260168335 -0.012068811543602497
p 0.761728033749261 0.6478969073860632 2.4436408464968204e-07 38.08640168746305 32.39484536930316 1.2218204232484102e-05
p 0.3396173041321515 0.9405637068981609 -1.8309970863069438e-09 339.6173041321515 940.563706898161 -1.830997086306944e-06
p -0.07870197451048284 0.9968981889262482 1.1122850845486331e-05 -78.70197451048284 996.8981889262482 0.01112285084548633
p -0.8811049426299637 0.47292079682749955 1.044661806360963e-06 -881.1049426299637 472.92079682749954 0.001044661806360963
p 0.03089696519088429 0.9995225748035874 1.981012414210584e-08 30.896965190884288 999.5225748035874 1.981012414210584e-05
p -0.9427732329594529 0.3334345979745221 9.420722117827361e-06 -942.7732329594529 333.4345979745221 0.009420722117827362
p 0.9710943153037226 0.2386961055082263 -5.509228094064334e-09 971.0943153037226 238.69610550822628 -5.509228094064334e-06
p -0.7788545611946981 0.6272045699017748 7.376573857632951e-07 -778.8545611946981 627.2045699017748 0.0007376573857632951
p 0.6221789917994143 0.7828750233343083 1.664611076414931e-06 622.1789917994142 782.8750233343083 0.0016646110764149311
p 0.9907495501656749 0.13570309077451292 -8.702530324129894e-07 990.7495501656749 135.70309077451293 -0.0008702530324129894
p -0.3825619076511155 0.9239298603326659 -2.6446524644744195e-09 -382.56190765111546 923.9298603326658 -2.6446524644744196e-06
p -0.9852151168829371 0.17132184161069322 7.243015178231193e-06 -985.2151168829371 171.3218416106932 0.007243015178231193
p -0.9884876164544494 0.15130179151682754 3.3009918154466388e-09 -988.4876164544494 151.30179151682754 3.3009918154466387e-06
p -0.9092439432043529 0.41626368011740555 1.9008257502038733e-05 -909.2439432043528 416.26368011740556 0.019008257502038734
p -0.41934773333854997 0.9078256873112287 -1.3098325946194856e-06 -419.34773333855 907.8256873112286 -0.0013098325946194855
p 0.4334975271721362 0.9011547557769606 8.729815004282965e-06 433.4975271721362 901.1547557769605 0.008729815004282965
p 0.282851752858575 0.9591636387524446 4.127380990647279e-08 282.851752858575 959.1636387524446 4.127380990647279e-05
p -0.6391486050559348 0.7690832598567424 -7.948523627412108e-06 -639.1486050559348 769.0832598567424 -0.007948523627412109
p -0.7045018389906446 0.7097021620784313 1.5200029433427777e-09 -704.5018389906445 709.7021620784313 1.5200029433427778e-06
p -0.36337899914756167 0.9316414025678088 -4.925391406392112e-08 -363.3789991475617 931.6414025678088 -4.925391406392112e-05
p 0.5541920834928123 0.8323888121508456 -1.1928188673361846e-08 554.1920834928123 832.3888121508456 -1.1928188673361846e-05
p -0.6356952239261001 0.7719401416415296 -2.5184328156318505e-08 -635.6952239261001 771.9401416415295 -2.5184328156318506e-05
p -0.8299287491494156 0.5578694034753261 -1.170544240850175e-06 -829.9287491494156 557.8694034753261 -0.001170544240850175
p -0.7274495236664998 0.6861611986382183 8.638200225771598e-07 -727.4495236664999 686.1611986382184 0.0008638200225771598
p 0.7358867755736767 0.6771046104818493 -1.6450106993311248e-08 735.8867755736767 677.1046104818494 -1.6450106993311248e-05
p -0.06061332252197674 0.9981613221983944 3.755615963573627e-09 -60.613322521976734 998.1613221983944 3.755615963573627e-06
p -0.9605550012339596 0.27809007429127913 -1.3605095453451991e-05 -960.5550012339596 278.0900742912791 -0.01360509545345199
p 0.957993695704092 0.28678925884909934 -4.499560701076981e-09 957.993695704092 286.7892588490993 -4.4995607010769815e-06
p -0.9969438887117328 0.07812094954132504 1.7578503480226063e-06 -996.9438887117328 78.12094954132503 0.0017578503480226062
p -0.9670743256736254 0.25449410331656386 2.8333917706261555e-08 -967.0743256736254 254.49410331656387 2.8333917706261553e-05
p 0.5112660377272099 0.8594225030022878 -4.258483238277625e-08 511.2660377272099 859.4225030022878 -4.258483238277625e-05
p -0.8706172430180344 0.4919609904857059 9.373636839586295e-09 -870.6172430180344 491.9609904857059 9.373636839586296e-06
p 0.8053690331987922 0.5927737514122932 1.0197399806376474e-06 805.3690331987922 592.7737514122931 0.0010197399806376474
p 0.30615079636880416 0.9519830302493563 1.921720562143791e-08 306.15079636880415 951.9830302493563 1.921720562143791e-05
p 0.09098239554471167 0.9958525009763974 -5.5233762997076984e-09 90.98239554471168 995.8525009763974 -5.523376299707699e-06
p 0.9844309385383925 0.17577180376729365 1.5773768476498314e-05 984.4309385383925 175.77180376729365 0.015773768476498314
p -0.8349387745019285 0.5503428409541113 -1.56133124740257e-05 -834.9387745019285 550.3428409541114 -0.0156133124740257
p -0.29157416082705406 0.9565482259921306 9.450245275126768e-06 -291.5741608270541 956.5482259921306 0.009450245275126768
p 0.718253211776987 0.6957818075891605 5.586547192066721e-08 718.253211776987 695.7818075891605 5.5865471920667205e-05
p 0.38558673972406765 0.922671591710162 1.759204744459666e-08 385.5867397240676 922.671591710162 1.759204744459666e-05
p -0.263819909183485 0.9645719545572625 4.003840633538919e-09 -263.81990918348504 964.5719545572625 4.003840633538919e-06
p -0.9426338203419128 0.3338285199733685 3.156482225607569e-08 -942.6338203419128 333.8285199733685 3.156482225607569e-05
p 0.9602030502412409 0.27930288586067725 1.6041033263517074e-05 960.2030502412408 279.30288586067724 0.016041033263517072
p 0.7980025718450104 0.6026540428212079 5.239240378657825e-08 798.0025718450105 602.6540428212079 5.239240378657825e-05
p -0.7478780344908901 0.6638361586461119 -1.316460155402525e-07 -747.8780344908901 663.8361586461119 -0.0001316460155402525
p -0.30302582658262184 0.9529823441583363 -1.2099639300982438e-05 -303.02582658262185 952.9823441583362 -0.012099639300982437
p 0.9942647173231244 0.10694705178895708 1.3303796182221787e-07 994.2647173231244 106.94705178895708 0.00013303796182221787
p -0.9864728290484251 0.16392485335902138 6.481085075626907e-07 -986.4728290484252 163.92485335902137 0.0006481085075626907
p 0.8595509409447438 0.5110500757469828 -9.410745451856506e-08 859.5509409447438 511.0500757469828 -9.410745451856506e-05
p -0.9909062646256386 0.1345539844159043 -1.8623929978805588e-06 -990.9062646256385 134.5539844159043 -0.0018623929978805588
p 0.7551461421934166 0.6555564841647137 -5.081994335732883e-09 755.1461421934166 655.5564841647137 -5.0819943357328835e-06
p -0.2712449281342342 0.9625103578463213 -2.6523872050697078e-08 -271.24492813423416 962.5103578463213 -2.652387205069708e-05
p 0.4580666361433784 0.8889178572018264 -5.676085828365337e-08 458.0666361433784 888.9178572018263 -5.676085828365337e-05
p 0.6774495743212494 0.7355692178523766 -2.99736326533956e-08 677.4495743212494 735.5692178523766 -2.99736326533956e-05
p -0.8890242534223772 0.4578601061752066 -1.1585840226840647e-07 -889.0242534223772 457.8601061752066 -0.00011585840226840647
p -0.7417594599228233 0.6706660149545387 -5.2726796885631055e-09 -741.7594599228233 670.6660149545387 -5.272679688563105e-06
p 0.9493288129284237 0.3142845922788928 -8.478113910314674e-09 949.3288129284238 314.28459227889283 -8.478113910314674e-06
p 0.006132219301493235 0.9999811977664482 1.3437822472433443e-07 6.132219301493235 999.9811977664482 0.00013437822472433443
p 0.9942049559842265 0.10750118834715808 5.924903575139795e-07 994.2049559842266 107.50118834715808 0.0005924903575139795
p 0.6312308525166259 0.7755950043876843 -4.3072539678813455e-08 631.2308525166259 775.5950043876843 -4.3072539678813456e-05
p -0.4537173368435118 0.8911456549002701 -2.2356028670339485e-09 -453.71733684351176 891.1456549002701 -2.2356028670339484e-06
case 13 4 180
s 1.0 0.0 0.0 0.0 0.9999999999995 -9.999999999995e-07 -0.0 9.999999999995002e-07 0.9999999999995001 1.0 1.0 0.001 0.0 0.0 0.0 0.0009999999999995 -9.999999999995e-10 0.001 0.0
s 0.0 0.9999999999995 -9.999999999995e-07 -1.0 0.0 0.0 0.0 9.999999999995002e-07 0.9999999999995001 1.0 1.0 0.0 0.0009999999999995 -9.999999999995e-10 -0.001 0.0 0.0 0.001 1.0
s -1.0 0.0 0.0 0.0 -1.0 0.0 0.0 0.0 1.0 1.0 1.0 -0.001 0.0 0.0 0.0 -0.001 0.0 0.001 2.0
s 0.0 -1.0 0.0 1.0 0.0 0.0 -0.0 0.0 1.0 1.0 1.0 0.0 -0.001 0.0 0.001 0.0 0.0 0.001 3.0
p 0.7842750358412851 0.6204133032500003 -3.6146564028676645e-05 0.7842750358412851 0.6204133032500003 -3.6146564028676645e-05
p -0.9888669387277707 0.14880242145845468 -0.00012984324418271906 -0.9888669387277707 0.14880242145845468 -0.00012984324418271906
p 0.918938625529835 0.39440056053412653 -1.8965884328864547e-05 0.918938625529835 0.39440056053412653 -1.8965884328864547e-05
p -0.6184049741550807 0.7858595812117686 8.098097119755933e-05 -0.6184049741550807 0.7858595812117686 8.098097119755933e-05
p 0.5728124448139246 0.8196864548525404 -0.00013710422599219008 0.5728124448139246 0.8196864548525404 -0.00013710422599219008
p -0.9761505733268097 0.21709458324778824 1.087244808519707e-05 -0.9761505733268097 0.21709458324778824 1.087244808519707e-05
p 0.6134265766580765 0.78951638518284 0.019279848997714566 0.6134265766580765 0.78951638518284 0.019279848997714566
p -0.6760408189200416 0.7368641740970236 -9.286057978553677e-06 -0.6760408189200416 0.7368641740970236 -9.286057978553677e-06
p 0.9533416522435484 0.30189351301964407 2.9903168303129905e-05 0.9533416522435484 0.30189351301964407 2.9903168303129905e-05
p -0.3541886888422235 0.9351728571875131 -0.0014490948795707554 -0.3541886888422235 0.9351728571875131 -0.0014490948795707554
p 0.9916068076354481 0.1292901351196242 -3.432930653523843e-06 0.9916068076354481 0.1292901351196242 -3.432930653523843e-06
p 0.7332226536741394 0.6799862311375525 -0.0018070977837601999 0.7332226536741394 0.6799862311375525 -0.0018070977837601999
p 0.18071849925073324 0.983534861441101 1.8936655311067766e-05 0.18071849925073324 0.983534861441101 1.8936655311067766e-05
p -0.9958458852650871 0.09105470376545875 0.00011714426813927308 -0.9958458852650871 0.09105470376545875 0.00011714426813927308
p -0.7358074914386646 0.6771651091364033 0.0058949564054863405 -0.7358074914386646 0.6771651091364033 0.0058949564054863405
p -0.8734577291635823 0.48689998477508384 -1.3799320278248995e-05 -0.8734577291635823 0.48689998477508384 -1.3799320278248995e-05
p -0.45636815320035296 0.8897910475818446 1.9690167841146397e-05 -0.45636815320035296 0.8897910475818446 1.9690167841146397e-05
p -0.5744592126309258 0.8185332012683425 -0.00010698063384255182 -0.5744592126309258 0.8185332012683425 -0.00010698063384255182
p -0.2602505015291384 0.9655411169683472 -0.00016702499348580986 -0.2602505015291384 0.9655411169683472 -0.00016702499348580986
p 0.6749632071480497 0.7378505735746932 0.0010954779392077169 0.6749632071480497 0.7378505735746932 0.0010954779392077169
p -0.8577922325832411 0.5139965684360496 0.00011556740187761285 -0.8577922325832411 0.5139965684360496 0.00011556740187761285
p 0.8166992412635046 0.577063557157959 -1.7883482758518153e-05 0.8166992412635046 0.577063557157959 -1.7883482758518153e-05
p 0.6650201848399854 0.7468253819966535 -5.060577436482564e-05 0.6650201848399854 0.7468253819966535 -5.060577436482564e-05
p 0.5592414495743759 0.8289586711630963 0.008747718643424073 0.5592414495743759 0.8289586711630963 0.008747718643424073
p -0.46342570888272705 0.8861357707690943 -9.005556630949907e-05 -0.46342570888272705 0.8861357707690943 -9.005556630949907e-05
p 0.48919323048242236 0.8721754314438394 -5.993705546411204e-06 0.48919323048242236 0.8721754314438394 -5.993705546411204e-06
p 0.11319441383489551 0.9935728410725237 -0.00018482328854275322 0.11319441383489551 0.9935728410725237 -0.00018482328854275322
p 0.9964037060129204 0.08473284272097202 -2.8532241967135776e-06 0.9964037060129204 0.08473284272097202 -2.8532241967135776e-06
p -0.7844608463596501 0.6201365075018159 -0.007203651306936518 -0.7844608463596501 0.6201365075018159 -0.007203651306936518
p -0.7684672587902284 0.6398516940969361 0.006919662471041985 -0.7684672587902284 0.6398516940969361 0.006919662471041985
p 0.8064558257216028 0.5911886232187681 -0.011180918405270072 0.8064558257216028 0.5911886232187681 -0.011180918405270072
p -0.6753042361971756 0.7375368894571456 -0.0018775686478815477 -0.6753042361971756 0.7375368894571456 -0.0018775686478815477
p 0.9193752147121034 0.39293654782084214 0.018710530717032686 0.9193752147121034 0.39293654782084214 0.018710530717032686
p 0.4935650196570507 0.8697071707582493 0.0017345035648986637 0.4935650196570507 0.8697071707582493 0.0017345035648986637
p 0.171699707989212 0.9851493206075278 0.00016242827894275276 0.171699707989212 0.9851493206075278 0.00016242827894275276
p -0.9817678885957228 0.19008369953210216 -9.720384808864444e-06 -0.9817678885957228 0.19008369953210216 -9.720384808864444e-06
p -0.45582911573166146 0.890067310500477 -5.4533615374388485e-06 -0.45582911573166146 0.890067310500477 -5.4533615374388485e-06
p 0.061047957619697 0.9981348340119314 1.5613816489340318e-06 0.061047957619697 0.9981348340119314 1.5613816489340318e-06
p -0.8809306523804173 0.47324537489682317 2.8902901820751385e-05 -0.8809306523804173 0.47324537489682317 2.8902901820751385e-05
p 0.5970458982828786 0.8022056670665063 0.001504350348940924 0.5970458982828786 0.8022056670665063 0.001504350348940924
p -0.8055919592352253 0.5924707547313027 -1.916218312233271e-06 -0.8055919592352253 0.5924707547313027 -1.916218312233271e-06
p -0.5393925020847854 0.8420544689414278 -5.52132002227383e-06 -0.5393925020847854 0.8420544689414278 -5.52132002227383e-06
p -0.36909978070362587 0.9293897734838665 -2.8777469046479536e-05 -0.36909978070362587 0.9293897734838665 -2.8777469046479536e-05
p 0.1440580083561584 0.9895692411684851 8.462674320928293e-05 0.1440580083561584 0.9895692411684851 8.462674320928293e-05
p -0.9301356196441536 0.3672161884587173 1.743072188071847e-06 -0.9301356196441536 0.3672161884587173 1.743072188071847e-06
p -0.6714007081038926 0.7410945210602891 -3.4658877595103317e-06 -0.6714007081038926 0.7410945210602891 -3.4658877595103317e-06
p -0.7050002658282147 0.7092070344583626 8.635346900831208e-05 -0.7050002658282147 0.7092070344583626 8.635346900831208e-05
p 0.058844845291170914 0.9982528937061211 -0.005333328230460412 0.058844845291170914 0.9982528937061211 -0.005333328230460412
p -0.9879701304110254 0.15464477323391446 0.00012460759451103426 -0.9879701304110254 0.15464477323391446 0.00012460759451103426
p -0.8333166759591586 0.5527959093619997 -1.2689309865352593e-05 -0.8333166759591586 0.5527959093619997 -1.2689309865352593e-05
p 0.8726588423572166 0.4883303643385805 -1.0986891929159258e-05 0.8726588423572166 0.4883303643385805 -1.0986891929159258e-05
p -0.08002181006296918 0.9967776973883384 -0.005543636301930726 -0.08002181006296918 0.9967776973883384 -0.005543636301930726
p 0.4695759139467361 0.8828921004379562 -5.034019594112651e-06 0.4695759139467361 0.8828921004379562 -5.034019594112651e-06
p -0.47584207598737915 0.8795296425620384 -0.0013880110642026239 -0.47584207598737915 0.8795296425620384 -0.0013880110642026239
p 0.4507081753079244 0.8926713508905298 -3.142893310611201e-06 0.4507081753079244 0.8926713508905298 -3.142893310611201e-06
p -0.12331291820383988 0.9923678175849061 0.00019704269479821476 -0.12331291820383988 0.9923678175849061 0.00019704269479821476
p 0.5952163535116463 0.8035650854214558 -0.0008037436826638244 0.5952163535116463 0.8035650854214558 -0.0008037436826638244
p 0.9986356884365264 0.05221840456620976 2.337669330022766e-06 0.9986356884365264 0.05221840456620976 2.337669330022766e-06
p 0.9972820753245699 0.07276577924901663 0.01155870263491558 0.9972820753245699 0.07276577924901663 0.01155870263491558
p 0.9297459106375817 0.36820176649079256 2.838580618919457e-05 0.9297459106375817 0.36820176649079256 2.838580618919457e-05
p 0.0874004797006427 0.996173178347723 0.0003935590084869435 4.370023985032135 49.808658917386154 0.019677950424347175
p 0.6508057840904935 0.7592442501553095 6.782233450537141e-07 32.540289204524676 37.96221250776547 3.39111672526857e-05
p -0.9939493342431165 0.10983952363143633 2.466716261246873e-06 -49.69746671215582 5.491976181571816 0.00012333581306234363
p 0.3693941901583808 0.9292727975541144 -1.7843766027944733e-06 18.469709507919042 46.46363987770572 -8.921883013972367e-05
p -0.7900166670746512 0.6130853657886752 1.612431565717811e-07 -39.50083335373256 30.654268289433762 8.062157828589055e-06
p 0.9352186607331843 0.35407069437665684 -2.474903096619302e-07 46.76093303665921 17.70353471883284 -1.2374515483096511e-05
p -0.47540222267493365 0.8797685642679354 1.2917629486319795e-06 -23.77011113374668 43.988428213396766 6.458814743159898e-05
p 0.6095258112245174 0.7927662237072728 -6.571078609917374e-08 30.476290561225873 39.63831118536364 -3.285539304958687e-06
p 0.886082336353749 0.4635278769380131 2.2432564932219438e-05 44.30411681768745 23.176393846900655 0.0011216282466109718
p -0.9416937207824101 0.336471300765367 -4.921030660048833e-07 -47.084686039120506 16.823565038268352 -2.4605153300244165e-05
p 0.13473349290957615 0.9908818723399605 3.092635618356885e-05 6.736674645478807 49.544093616998026 0.0015463178091784423
p -0.8576117691391364 0.5142976311747287 -1.4502995629964119e-06 -42.88058845695682 25.714881558736437 -7.25149781498206e-05
p 0.27436854018200757 0.9616246170693706 2.1401988574166854e-06 13.71842700910038 48.08123085346853 0.00010700994287083427
p 0.9080749021883194 0.418807798417917 -1.0720567361086021e-07 45.40374510941597 20.94038992089585 -5.36028368054301e-06
p -0.7084667818904291 0.7057441597029 1.751182589839529e-06 -35.42333909452145 35.287207985145 8.755912949197645e-05
p 0.38377164499759353 0.9234280288661992 -3.5637297235483935e-07 19.188582249879676 46.17140144330996 -1.7818648617741966e-05
p 0.3889493937146653 0.921259104811157 -0.00017587364747202435 19.447469685733264 46.06295524055785 -0.008793682373601217
p 0.38549330508140317 0.9227106325229738 -1.9143401332970007e-05 19.274665254070158 46.13553162614869 -0.0009571700666485003
p 0.6082128796464439 0.793773955879233 1.1720074357363898e-07 30.410643982322195 39.68869779396165 5.860037178681949e-06
p -0.058656911675426186 0.9982782010605228 -2.60263412302998e-07 -2.9328455837713094 49.913910053026136 -1.30131706151499e-05
p -0.448619729360302 0.8937227413615201 1.3925175456848954e-06 -22.4309864680151 44.68613706807601 6.962587728424477e-05
p -0.9914532623052474 0.1304623639609905 1.593713861030733e-05 -49.57266311526237 6.523118198049525 0.0007968569305153666
p 0.5257078783029391 0.8506651672010284 -1.0338069152674258e-06 26.285393915146955 42.53325836005142 -5.169034576337129e-05
p 0.369090599163617 0.9293934202499037 -2.2865527747943304e-06 18.45452995818085 46.46967101249518 -0.00011432763873971652
p -0.39054359020969803 0.9205844361849792 3.215627544598837e-07 -19.527179510484903 46.02922180924896 1.6078137722994183e-05
p -0.7655849321651681 0.643334836333948 -9.095817571867026e-07 -38.279246608258404 32.166741816697396 -4.547908785933513e-05
p -0.7217782394338642 0.692124391334154 2.796050359581162e-07 -36.08891197169321 34.6062195667077 1.398025179790581e-05
p -0.2975842898718392 0.954695548549005 1.4790888747536527e-06 -14.879214493591961 47.73477742745025 7.395444373768263e-05
p -0.9947817049151895 0.10202626899384117 -1.106942020420701e-06 -49.739085245759476 5.101313449692058 -5.5347101021035054e-05
p 0.9342560576454236 0.35660273764048966 -0.0003259756725384438 46.712802882271184 17.830136882024483 -0.016298783626922192
p 0.15775026593154523 0.9874790391442079 -2.914376125305677e-05 7.887513296577262 49.373951957210394 -0.0014571880626528385
p 0.5842386143700252 0.8115819375140028 1.3416792201923635e-05 29.21193071850126 40.57909687570014 0.0006708396100961818
p 0.7647407399664511 0.6443380296060102 -0.0003228606654721243 38.23703699832255 32.21690148030051 -0.016143033273606215
p 0.9987092290465195 0.050792477959842854 7.460546883753669e-08 49.935461452325974 2.5396238979921426 3.7302734418768347e-06
p 0.9932234225398306 0.11622062174107478 -6.190563904717034e-07 49.66117112699153 5.811031087053739 -3.095281952358517e-05
p -0.9319763242168365 0.3625191458381312 -2.564154010666099e-07 -46.598816210841825 18.125957291906563 -1.2820770053330494e-05
p -0.7848245390584137 0.6197180341579405 3.211177642432963e-05 -39.241226952920684 30.985901707897025 0.0016055888212164816
p -0.16784663123118318 0.9858131204159515 -3.2874373110911267e-07 -8.392331561559159 49.29065602079758 -1.6437186555455632e-05
p 0.0924323151402305 0.9957189699488926 -1.316541276471175e-06 4.621615757011525 49.78594849744463 -6.582706382355875e-05
p -0.3770637450416907 0.9261873088704013 3.259660479595512e-05 -18.853187252084535 46.309365443520065 0.0016298302397977562
p 0.993677470829797 0.11227236510061124 1.1446209541780057e-07 49.683873541489845 5.613618255030562 5.723104770890029e-06
p -0.04389456575377591 0.9990360905680351 -0.00039603007993951954 -2.1947282876887955 49.95180452840175 -0.019801503996975976
p -0.9132765795454983 0.4073400167591031 6.071237577764054e-07 -45.66382897727492 20.367000837955153 3.035618788882027e-05
p 0.998112910530623 0.061405356705121227 -7.286468954812417e-08 49.90564552653115 3.0702678352560615 -3.6432344774062088e-06
p 0.6402258700806716 0.7681867187738771 -1.9464617497820423e-05 32.011293504033574 38.40933593869386 -0.0009732308748910211
p -0.0034261322702166656 0.9999940730827421 -0.0003397308558865104 -0.1713066135108333 49.99970365413711 -0.01698654279432552
p -0.9293606432755004 0.36917312297964905 -3.365900086409644e-08 -46.46803216377502 18.458656148982453 -1.682950043204822e-06
p -0.5255236835634677 0.8507789713031001 -1.5242086430959246e-06 -26.276184178173384 42.538948565155 -7.621043215479623e-05
p -0.19452124701631127 0.9808983047018602 1.7094904201613427e-05 -9.726062350815564 49.044915235093015 0.0008547452100806714
p 0.3858553842284091 0.9225592785625947 -1.0749485228552494e-07 19.292769211420456 46.12796392812973 -5.3747426142762464e-06
p 0.17852294092046905 0.9839357211907152 -0.00023691773687026585 8.926147046023452 49.19678605953576 -0.011845886843513292
p -0.2676739532168454 0.9635095509462385 2.155021144884373e-06 -13.38369766084227 48.17547754731192 0.00010775105724421865
p -0.869342507637645 0.4942100010912196 0.00028148837971039224 -43.46712538188225 24.71050005456098 0.014074418985519612
p 0.14138870922474361 0.9899541569707235 3.808310625565536e-07 7.06943546123718 49.49770784853618 1.904155312782768e-05
p -0.9766643158236816 0.214771539536321 1.3632275821445235e-06 -48.83321579118408 10.73857697681605 6.816137910722618e-05
p 0.04604607948165942 0.9989393167576658 -3.109244869379637e-07 2.302303974082971 49.94696583788329 -1.5546224346898186e-05
p 0.35330525729679774 0.9355080946476501 3.894469603036855e-06 17.665262864839885 46.775404732382505 0.00019472348015184274
p -0.26443220641349907 0.96440427633394 -3.1321838880182407e-07 -13.221610320674953 48.220213816697 -1.5660919440091204e-05
p -0.9360875796443127 0.3517670297678531 -1.98868307910606e-06 -46.80437898221563 17.588351488392657 -9.943415395530298e-05
p -0.9468259756559635 0.3217461291789915 1.3471032646125392e-05 -47.34129878279818 16.087306458949573 0.0006735516323062696
p -0.2905226742345123 0.9568681078161334 2.5469142467360482e-09 -290.5226742345123 956.8681078161334 2.5469142467360483e-06
p -0.29049094388147406 0.956877741157589 -2.2189217123926433e-08 -290.49094388147404 956.877741157589 -2.2189217123926433e-05
p 0.5952124892391341 0.8035683497088183 1.3600031077807797e-08 595.212489239134 803.5683497088183 1.3600031077807798e-05
p 0.553166329450172 0.8330708325002283 2.4707314781069203e-08 553.1663294501719 833.0708325002283 2.4707314781069204e-05
p -0.9218917409659468 0.38744756798665725 -1.6812170011806663e-08 -921.8917409659468 387.44756798665725 -1.6812170011806663e-05
p -0.5490722359272231 0.8357748977648706 1.007052967400794e-08 -549.0722359272231 835.7748977648706 1.007052967400794e-05
p 0.34160975897383006 0.9398418870075111 -4.90520603257813e-08 341.6097589738301 939.8418870075111 -4.90520603257813e-05
p -0.4664391301798755 0.8845532984716304 -5.612385649287468e-09 -466.43913017987546 884.5532984716305 -5.612385649287468e-06
p 0.6153138750222774 0.7882822051694691 -1.477254491477315e-05 615.3138750222774 788.2822051694691 -0.01477254491477315
p -0.32273261903795464 0.946490177736497 7.5654965016580545e-06 -322.73261903795463 946.490177736497 0.007565496501658054
p -0.9077811543419162 0.41944412717507223 3.643719194486294e-09 -907.7811543419162 419.44412717507225 3.6437191944862942e-06
p 0.4529957210328127 0.8915126901639221 1.627507324932269e-06 452.9957210328127 891.5126901639221 0.001627507324932269
p -0.3955389639106714 0.9184491973040603 -6.395226358279114e-09 -395.5389639106714 918.4491973040602 -6.395226358279114e-06
p 0.713230596942337 0.7009294654851286 -9.789908557621719e-08 713.230596942337 700.9294654851286 -9.789908557621719e-05
p 0.7613018555028096 0.6483976286261226 -2.1947091101147843e-09 761.3018555028096 648.3976286261226 -2.194709110114784e-06
p 0.14590658322331537 0.9892983720658282 -9.099016761367212e-09 145.90658322331538 989.2983720658282 -9.099016761367212e-06
p 0.008999473414252251 0.9999595037510021 1.8338916290834524e-05 8.999473414252252 999.9595037510021 0.018338916290834523
p 0.9370465906954863 0.34920436261013105 1.3358675105650638e-07 937.0465906954863 349.20436261013106 0.00013358675105650637
p -0.07829659733188322 0.9969301093086956 -3.318704951317231e-08 -78.29659733188322 996.9301093086956 -3.318704951317231e-05
p 0.3537694420710125 0.9353326583931324 -1.8262121434083256e-08 353.7694420710125 935.3326583931324 -1.8262121434083257e-05
p 0.28528006694320585 0.9584441994210612 -1.000597434560176e-06 285.28006694320584 958.4441994210612 -0.001000597434560176
p 0.9776701890357054 0.21014519140558055 1.2428605016639269e-08 977.6701890357053 210.14519140558056 1.242860501663927e-05
p -0.7058921582596346 0.7083193212837391 1.9230857158418654e-06 -705.8921582596346 708.3193212837391 0.0019230857158418653
p -0.9462905516540016 0.32331747841156167 -1.9887044850779683e-06 -946.2905516540015 323.31747841156164 -0.0019887044850779682
p -0.026832169367950437 0.9996399525249317 -1.7210627631492595e-06 -26.83216936795044 999.6399525249317 -0.0017210627631492595
p -0.1354752255026733 0.9907807342066154 6.75807601157334e-09 -135.47522550267328 990.7807342066154 6.75807601157334e-06
p -0.1935931084895778 0.9810819070522818 -2.1032351405561667e-08 -193.59310848957782 981.0819070522818 -2.1032351405561667e-05
p -0.8036523306269635 0.5950990938304729 -4.613654370114374e-09 -803.6523306269635 595.0990938304728 -4.613654370114374e-06
p 0.9445981171254844 0.32822918383803124 9.903545412411781e-08 944.5981171254844 328.22918383803125 9.90354541241178e-05
p 0.2600865138384327 0.965585317472967 1.7503913197702583e-08 260.08651383843267 965.5853174729671 1.7503913197702585e-05
p 0.2897947382818152 0.9570888201541956 1.5566589972412472e-07 289.79473828181517 957.0888201541956 0.00015566589972412472
p 0.9911583171064161 0.13268455234418608 1.320240787573019e-08 991.1583171064161 132.68455234418607 1.3202407875730191e-05
p 0.919022529022103 0.3942050115736959 -2.07103786227987e-09 919.0225290221031 394.2050115736959 -2.07103786227987e-06
p 0.07219326090448133 0.9973906622181516 1.2004365200665916e-07 72.19326090448133 997.3906622181516 0.00012004365200665916
p 0.1034691731901768 0.9946326609343722 -1.3969224715872096e-06 103.4691731901768 994.6326609343722 -0.0013969224715872097
p 0.9557245904818198 0.29426264947194364 -1.6556261124685858e-05 955.7245904818197 294.26264947194363 -0.016556261124685858
p -0.11716700667704412 0.9931122255543888 -8.662143217837939e-07 -117.16700667704411 993.1122255543888 -0.000866214321783794
p -0.9796246021324743 0.20083734437684145 6.704086850021149e-07 -979.6246021324743 200.83734437684146 0.0006704086850021149
p 0.44277992246598313 0.8966303253071163 8.202453509850659e-07 442.77992246598313 896.6303253071163 0.0008202453509850659
p -0.9887566410932406 0.14953362395571215 -8.272263656885403e-07 -988.7566410932405 149.53362395571216 -0.0008272263656885403
p -0.8918929757645244 0.45224652540121596 6.665503621383436e-06 -891.8929757645244 452.24652540121593 0.006665503621383436
p 0.8178648085320798 0.5754104230588658 4.037027469095631e-08 817.8648085320798 575.4104230588658 4.037027469095631e-05
p -0.7274598346064449 0.6861502670247123 9.8122313150596e-06 -727.4598346064449 686.1502670247123 0.009812231315059601
p 0.24657313899958422 0.9691241856046581 2.910744796624598e-09 246.57313899958422 969.1241856046581 2.9107447966245977e-06
p 0.8601424934606746 0.5100538117055702 1.0386155365732132e-05 860.1424934606746 510.0538117055702 0.010386155365732133
p 0.34472200977784245 0.9387048183399961 -6.468518779895735e-09 344.72200977784246 938.7048183399961 -6.468518779895735e-06
p -0.6296327153440662 0.7768929422825476 1.5628782718723754e-07 -629.6327153440661 776.8929422825476 0.00015628782718723753
p -0.9029733408042209 0.42969657410417433 1.8844922171649003e-08 -902.9733408042209 429.6965741041743 1.8844922171649004e-05
p -0.8623601270457791 0.5062953794782504 7.497754782745302e-07 -862.3601270457791 506.2953794782504 0.0007497754782745303
p -0.3080006893499675 0.9513861336807179 -2.693726027807502e-09 -308.0006893499675 951.3861336807179 -2.6937260278075017e-06
p 0.574727821466924 0.8183446286441795 -1.050517577788269e-06 574.7278214669241 818.3446286441795 -0.001050517577788269
p -0.2215380363651103 0.9751517309852303 5.559252864923858e-09 -221.5380363651103 975.1517309852303 5.5592528649238575e-06
p -0.7622676560140973 0.6472619412531327 2.320429895997397e-09 -762.2676560140973 647.2619412531327 2.320429895997397e-06
p -0.7428546572436011 0.6694527303786719 1.820059685764074e-07 -742.8546572436011 669.452730378672 0.0001820059685764074
p -0.9857293269079036 0.16833803474858303 -1.1431371042372131e-05 -985.7293269079036 168.33803474858303 -0.011431371042372131
p 0.09561368578593346 0.995418516409966 1.6691648452245516e-05 95.61368578593346 995.4185164099661 0.016691648452245515
p 0.9238034098407493 0.38286715707488467 1.3894755247304179e-08 923.8034098407493 382.8671570748847 1.389475524730418e-05
p -0.8842690791777712 0.46697772496136963 -4.1636929715861225e-09 -884.2690791777712 466.97772496136963 -4.163692971586123e-06
p 0.39369762528375324 0.9192400012216252 4.171864666706422e-09 393.6976252837532 919.2400012216252 4.171864666706422e-06
p -0.6370486555014365 0.770823592350294 1.189312738709204e-08 -637.0486555014365 770.823592350294 1.1893127387092041e-05
case 14 4 180
s 0.0 0.9999999999995 -9.999999999995e-07 1.0 0.0 0.0 0.0 -9.999999999995002e-07 -0.9999999999995001 1.0 1.0 0.0 0.009999999999994999 -9.999999999995e-09 0.01 0.0 0.0 0.01 0.0
s -1.0 0.0 0.0 0.0 0.9999999999995 -9.999999999995e-07 -0.0 -9.999999999995002e-07 -0.9999999999995001 1.0 1.0 -0.01 0.0 0.0 0.0 0.009999999999994999 -9.999999999995e-09 0.01 1.0
s 0.0 -1.0 0.0 -1.0 0.0 0.0 -0.0 -0.0 -1.0 1.0 1.0 0.0 -0.01 0.0 -0.01 0.0 0.0 0.01 2.0
s 1.0 0.0 0.0 0.0 -1.0 0.0 0.0 0.0 -1.0 1.0 1.0 0.01 0.0 0.0 0.0 -0.01 0.0 0.01 3.0
p 0.802902497907193 0.5961103745072618 -1.6099749319402618e-05 0.802902497907193 0.5961103745072618 -1.6099749319402618e-05
p 0.7766686142609484 0.6299094065267006 -5.649033604295156e-05 0.7766686142609484 0.6299094065267006 -5.649033604295156e-05
p 0.25698459376643773 0.9664137582779603 0.0018347691318198872 0.25698459376643773 0.9664137582779603 0.0018347691318198872
p -0.9220298011071472 0.38711889953590817 5.9096719949986026e-05 -0.9220298011071472 0.38711889953590817 5.9096719949986026e-05
p -0.8777589795143567 0.4788951456117621 0.01409302633944953 -0.8777589795143567 0.4788951456117621 0.01409302633944953
p -0.6683806841898047 0.7438192031109064 0.0005040688690980766 -0.6683806841898047 0.7438192031109064 0.0005040688690980766
p -0.6987191491163831 0.7153960662142809 -0.00013821436280944744 -0.6987191491163831 0.7153960662142809 -0.00013821436280944744
p -0.073074989082198 0.9973264490423679 3.3433439489359773e-06 -0.073074989082198 0.9973264490423679 3.3433439489359773e-06
p 0.8984600351437964 0.4386281330609063 0.019363009500389133 0.8984600351437964 0.4386281330609063 0.019363009500389133
p 0.46208344945468754 0.8868364464022677 5.5431534387592206e-05 0.46208344945468754 0.8868364464022677 5.5431534387592206e-05
p -0.7104777113786124 0.7036549347849452 -0.009547480662646296 -0.7104777113786124 0.7036549347849452 -0.009547480662646296
p 0.9078209367215708 0.41935801666165107 2.66753847444977e-05 0.9078209367215708 0.41935801666165107 2.66753847444977e-05
p -0.7600305822750157 0.6498591126382096 -0.006053736679055389 -0.7600305822750157 0.6498591126382096 -0.006053736679055389
p 0.9790642858795422 0.20355128109584064 8.912030187656523e-06 0.9790642858795422 0.20355128109584064 8.912030187656523e-06
p 0.8343175293232034 0.551284191920707 1.5358949913217744e-06 0.8343175293232034 0.551284191920707 1.5358949913217744e-06
p -0.5389111126966577 0.8423626371625608 1.1161832476870484e-05 -0.5389111126966577 0.8423626371625608 1.1161832476870484e-05
p 0.7119295332439252 0.7022509093533584 -2.732771909064797e-06 0.7119295332439252 0.7022509093533584 -2.732771909064797e-06
p -0.6805917864464869 0.73266282829897 1.5828258684164867e-05 -0.6805917864464869 0.73266282829897 1.5828258684164867e-05
p 0.08819869993871134 0.9961028863196731 0.00017086467598410364 0.08819869993871134 0.9961028863196731 0.00017086467598410364
p 0.9843763645853681 0.17607535014260078 -0.0008024449232549282 0.9843763645853681 0.17607535014260078 -0.0008024449232549282
p 0.19896348922973822 0.9800069030109242 2.1130553314102223e-06 0.19896348922973822 0.9800069030109242 2.1130553314102223e-06
p -0.569465740939038 0.8220150666520457 -9.684283085900647e-06 -0.569465740939038 0.8220150666520457 -9.684283085900647e-06
p 0.15922632690950486 0.9872421064830621 2.4070407433007506e-06 0.15922632690950486 0.9872421064830621 2.4070407433007506e-06
p -0.1917942369896445 0.9813667132529558 0.011590719419049142 -0.1917942369896445 0.9813667132529558 0.011590719419049142
p 0.9838331869326898 0.1781025249000752 0.018755023702598905 0.9838331869326898 0.1781025249000752 0.018755023702598905
p 0.5590435024268643 0.8291383252397886 -3.586523551372281e-06 0.5590435024268643 0.8291383252397886 -3.586523551372281e-06
p -0.816932372000994 0.5767334712907426 5.1669719914865897e-05 -0.816932372000994 0.5767334712907426 5.1669719914865897e-05
p -0.9986534094508572 0.0518783678473503 -5.2360992220608444e-05 -0.9986534094508572 0.0518783678473503 -5.2360992220608444e-05
p -0.5998048733203357 0.7999520204708843 0.017631757873964603 -0.5998048733203357 0.7999520204708843 0.017631757873964603
p 0.7278489460729682 0.6857374947342467 -4.008540014647899e-06 0.7278489460729682 0.6857374947342467 -4.008540014647899e-06
p 0.28967994056231283 0.9571235719519234 7.057349310258032e-06 0.28967994056231283 0.9571235719519234 7.057349310258032e-06
p -0.3850792256280025 0.9228835191444662 -9.014640111200408e-06 -0.3850792256280025 0.9228835191444662 -9.014640111200408e-06
p -0.7636543201440971 0.6454363563522318 -0.01562015441702914 -0.7636543201440971 0.6454363563522318 -0.01562015441702914
p -0.5383625552107243 0.8427133314968421 -8.029539099396796e-06 -0.5383625552107243 0.8427133314968421 -8.029539099396796e-06
p 0.996164450677949 0.08750078184394927 -1.9549877367649512e-05 0.996164450677949 0.08750078184394927 -1.9549877367649512e-05
p 0.8975545541843496 0.440801916465625 -0.009460058306671557 0.8975545541843496 0.440801916465625 -0.009460058306671557
p -0.9497557546755376 0.312992002514985 -0.00011323585853870501 -0.9497557546755376 0.312992002514985 -0.00011323585853870501
p -0.35845454754764877 0.9335457070096557 0.001658392671438631 -0.35845454754764877 0.9335457070096557 0.001658392671438631
p 0.9545929046705877 0.29791338732679756 2.0109255551775527e-06 0.9545929046705877 0.29791338732679756 2.0109255551775527e-06
p -0.9500215289110683 0.31218439186002794 -9.190266075913311e-06 -0.9500215289110683 0.31218439186002794 -9.190266075913311e-06
p -0.9351657244570936 0.3542104847921573 1.62463646547835e-05 -0.9351657244570936 0.3542104847921573 1.62463646547835e-05
p 0.07918414107993745 0.9968103958783356 -0.009945173216604743 0.07918414107993745 0.9968103958783356 -0.009945173216604743
p -0.3849737291138245 0.9229275294254802 -5.762616854834925e-05 -0.3849737291138245 0.9229275294254802 -5.762616854834925e-05
p 0.9269353784514233 0.3752209987090724 -7.939069956856776e-05 0.9269353784514233 0.3752209987090724 -7.939069956856776e-05
p 0.2262695212606569 0.9740647201758779 -0.00015702599154971916 0.2262695212606569 0.9740647201758779 -0.00015702599154971916
p -0.8930407451359517 0.4497907715990992 0.0129030737156431 -0.8930407451359517 0.4497907715990992 0.0129030737156431
p 0.543645974846231 0.8393146335014586 -4.87887823828842e-06 0.543645974846231 0.8393146335014586 -4.87887823828842e-06
p 0.6737078557510725 0.7388722028388296 -0.01362325113134719 0.6737078557510725 0.7388722028388296 -0.01362325113134719
p -0.39808580087589074 0.9173461000960333 -0.0019564712108965884 -0.39808580087589074 0.9173461000960333 -0.0019564712108965884
p -0.9807137722879682 0.19450257982083033 0.01921570419591679 -0.9807137722879682 0.19450257982083033 0.01921570419591679
p 0.9946872765305117 0.1029428009312244 -4.055549046610307e-05 0.9946872765305117 0.1029428009312244 -4.055549046610307e-05
p 0.4976617499600543 0.8673711907702841 -6.9595823022519176e-06 0.4976617499600543 0.8673711907702841 -6.9595823022519176e-06
p -0.3508017082198929 0.9364497597770507 -9.446432801690617e-05 -0.3508017082198929 0.9364497597770507 -9.446432801690617e-05
p 0.9969847241580815 0.0763202185693815 0.014024408470813363 0.9969847241580815 0.0763202185693815 0.014024408470813363
p 0.5793598140673643 0.8150719016735629 3.075826719360734e-05 0.5793598140673643 0.8150719016735629 3.075826719360734e-05
p -0.052477726147446564 0.9986037269322475 0.006056799106686843 -0.052477726147446564 0.9986037269322475 0.006056799106686843
p 0.8616649394219505 0.5074776173761564 -5.7607215479915335e-06 0.8616649394219505 0.5074776173761564 -5.7607215479915335e-06
p 0.06802903175592132 0.9976833404774953 -5.4516218270358796e-05 0.06802903175592132 0.9976833404774953 -5.4516218270358796e-05
p 0.18940885211836994 0.9818983065390289 -4.8528227848256064e-05 0.18940885211836994 0.9818983065390289 -4.8528227848256064e-05
p 0.8657959960298637 0.5003970995201186 -0.00018986971562410274 0.8657959960298637 0.5003970995201186 -0.00018986971562410274
p -0.5861928250915206 0.8101715693673522 -2.524028087194474e-07 -29.30964125457603 40.50857846836761 -1.2620140435972372e-05
p 0.9872651746222783 0.15908323286224363 3.7366869893537163e-07 49.363258731113916 7.954161643112181 1.868343494676858e-05
p -0.9062867906485886 0.42266314402406124 0.00034609186214111943 -45.31433953242943 21.133157201203062 0.017304593107055972
p -0.4856593544900325 0.8741481518562734 -1.6083356567692868e-06 -24.282967724501624 43.70740759281367 -8.041678283846434e-05
p 0.34293615410682127 0.9393587143399488 -1.4557128022767447e-07 17.146807705341065 46.96793571699744 -7.278564011383724e-06
p -0.5304759051728252 0.8477000141738493 -8.528664800406295e-07 -26.523795258641258 42.385000708692466 -4.2643324002031474e-05
p 0.4780711462934378 0.8783211138767357 9.345230950924667e-08 23.90355731467189 43.91605569383679 4.672615475462334e-06
p -0.4521296854236831 0.8919522039903495 0.00011556573673746251 -22.606484271184154 44.597610199517476 0.005778286836873125
p 0.10192930067351294 0.9947915868189822 0.00034125998912237744 5.096465033675647 49.739579340949106 0.01706299945611887
p 0.5552385308030975 0.8316911529590238 1.1434261734635664e-06 27.761926540154874 41.58455764795119 5.717130867317832e-05
p 0.06844661836476464 0.9976547800352814 1.7526627149091154e-05 3.4223309182382318 49.88273900176407 0.0008763313574545578
p 0.012255291848653484 0.99992488709108 -0.00016732481986249387 0.6127645924326742 49.996244354554 -0.008366240993124694
p -0.5050188944928741 0.8631082875343035 1.3956984531340512e-05 -25.250944724643702 43.15541437671517 0.0006978492265670256
p 0.9865620428886964 0.16338707271704345 -4.874377327596357e-07 49.32810214443482 8.169353635852172 -2.4371886637981785e-05
p 0.9985888568787633 0.05310644891888762 -8.890777843425688e-07 49.92944284393816 2.655322445944381 -4.445388921712844e-05
p 0.21048036437169004 0.9775980850651329 1.7057134488455074e-05 10.524018218584501 48.87990425325665 0.0008528567244227537
p -0.9411512638881981 0.33798562651122654 0.00012146382627167078 -47.05756319440991 16.899281325561326 0.006073191313583539
p 0.29343945864520116 0.9559776267531555 0.0002475023556663464 14.671972932260058 47.798881337657775 0.01237511778331732
p -0.997498619372003 0.07068595580041295 -1.8788671897948972e-06 -49.874930968600154 3.5342977900206476 -9.394335948974486e-05
p -0.9111550612334121 0.4120636522000583 -3.0402083702786802e-05 -45.5577530616706 20.603182610002914 -0.00152010418513934
p -0.4313836401010552 0.9021685845422884 -1.0868627489068403e-05 -21.56918200505276 45.10842922711442 -0.0005434313744534201
p -0.7155422453778412 0.6985694390810769 0.00018401518155410017 -35.77711226889206 34.92847195405385 0.009200759077705008
p 0.04047409303848031 0.9991805881782346 -7.138367412056128e-07 2.0237046519240156 49.95902940891173 -3.569183706028064e-05
p 0.6276117135630328 0.7785265163845442 -1.6870675883583123e-05 31.38058567815164 38.92632581922721 -0.0008435337941791562
p -0.33016174714661634 0.9439243723503913 -2.0034095113477596e-06 -16.508087357330815 47.19621861751956 -0.00010017047556738799
p 0.9395508027693746 0.34240940026610606 -0.00030269593565950415 46.97754013846873 17.120470013305304 -0.015134796782975208
p 0.802562955940894 0.5965674326931112 1.1683255336114386e-06 40.1281477970447 29.82837163465556 5.841627668057193e-05
p -0.9448402332709201 0.32753157647972375 1.1225566439132205e-06 -47.24201166354601 16.376578823986186 5.612783219566103e-05
p 0.6808498533588931 0.7324229921943033 -0.00019412964030589644 34.04249266794466 36.62114960971516 -0.009706482015294822
p 0.7732977185591122 0.6340430888115097 -1.277521312392236e-06 38.66488592795561 31.702154440575487 -6.38760656196118e-05
p 0.9782576418779669 0.20739331258632857 -1.3523215085700672e-06 48.91288209389835 10.369665629316428 -6.761607542850337e-05
p 0.7474553936159056 0.6643120009081729 1.9676144824150023e-06 37.37276968079528 33.21560004540864 9.838072412075011e-05
p 0.9942381082836691 0.10719414180125524 -5.919455175868289e-08 49.711905414183455 5.359707090062762 -2.9597275879341444e-06
p -0.3848934181082891 0.9229610266399774 7.725044676523201e-07 -19.244670905414456 46.14805133199887 3.8625223382616004e-05
p 0.5675217361687273 0.8233583515287519 0.00032240330288010595 28.376086808436362 41.167917576437596 0.016120165144005296
p -0.6143410898573862 0.7890405726583899 -3.4291599297808453e-06 -30.717054492869313 39.45202863291949 -0.00017145799648904226
p 0.6534987299807509 0.756927611393882 -3.198590441119243e-05 32.67493649903754 37.8463805696941 -0.0015992952205596215
p 0.1662388180491869 0.9860855213283933 3.464745935239443e-07 8.311940902459344 49.30427606641967 1.7323729676197214e-05
p -0.41265914359735495 0.9108855203621797 -1.3679773245192309e-07 -20.63295717986775 45.54427601810899 -6.839886622596154e-06
p 0.20173970145721015 0.9794391721401743 -3.055038280095838e-05 10.086985072860507 48.971958607008716 -0.0015275191400479192
p 0.7397012267939801 0.6729354315827399 1.7991869467864157e-07 36.985061339699 33.646771579136995 8.995934733932078e-06
p 0.056431758128556164 0.9984064586497188 -1.02349446781662e-06 2.8215879064278084 49.92032293248594 -5.1174723390830996e-05
p 0.8432111616354867 0.5375824929700999 1.2057602491844826e-05 42.16055808177433 26.87912464850499 0.0006028801245922413
p 0.49332933474110013 0.8698426107542895 2.554522024012681e-07 24.666466737055007 43.49213053771447 1.2772610120063406e-05
p 0.6051934322586631 0.7960784569058504 1.174325901574514e-06 30.259671612933154 39.80392284529252 5.87162950787257e-05
p -0.05389152680846442 0.9985467957678515 9.607474903583088e-08 -2.6945763404232213 49.92733978839258 4.803737451791544e-06
p -0.44249849547818626 0.8967692465174304 -3.1916860842187243e-07 -22.124924773909314 44.83846232587152 -1.5958430421093622e-05
p -0.20308321460858497 0.9791614820535788 2.6234769052495375e-06 -10.154160730429249 48.958074102678935 0.00013117384526247687
p 0.9965643765842377 0.082821748775336 -3.539865598216015e-05 49.828218829211885 4.1410874387668 -0.0017699327991080073
p 0.7425100718422363 0.6698348303528323 -0.00030538341387503917 37.12550359211181 33.491741517641614 -0.015269170693751959
p -0.7517115479560914 0.6594920377525689 -2.8467899718835513e-05 -37.58557739780457 32.974601887628445 -0.0014233949859417756
p -0.6726147882392076 0.7399928017455206 -2.596291160645894e-06 -33.630739411960384 36.999640087276035 -0.0001298145580322947
p -0.44812443127335544 0.8939711931018351 -1.1432267935138673e-07 -22.40622156366777 44.698559655091756 -5.716133967569337e-06
p -0.10724247028442321 0.9942328295825082 0.00036489403088027603 -5.36212351422116 49.71164147912541 0.0182447015440138
p -0.9964414450267358 0.08428787942500537 -3.881568152153255e-06 -49.82207225133679 4.214393971250269 -0.00019407840760766277
p -0.6871883177339333 0.7264793293429582 2.722579299096085e-06 -34.35941588669667 36.32396646714791 0.00013612896495480425
p -0.4401166399039538 0.8979406007661714 0.00014413653501474152 -22.00583199519769 44.89703003830857 0.007206826750737076
p 0.5835449622358269 0.812080831598111 -3.2843183054600554e-07 29.177248111791343 40.60404157990555 -1.6421591527300277e-05
p -0.0004943193918518807 0.9999998778186433 -3.322256217553615e-06 -0.024715969592594034 49.99999389093217 -0.00016611281087768075
p 0.7199558670824667 0.694019813400938 -0.00021922696181873698 35.99779335412334 34.7009906700469 -0.01096134809093685
p -0.4068574878017772 0.9134916445264285 -1.6763499238816648e-07 -406.8574878017772 913.4916445264286 -0.0001676349923881665
p 0.9091485708865424 0.4164719390966902 -1.657373225740075e-08 909.1485708865424 416.4719390966902 -1.657373225740075e-05
p 0.00908285557902647 0.9999587500164837 4.580645053089485e-08 9.08285557902647 999.9587500164837 4.580645053089485e-05
p -0.5505498651757971 0.834802279557806 -5.1168511028656606e-08 -550.5498651757971 834.802279557806 -5.116851102865661e-05
p 0.31504878437820455 0.9490754781569966 -1.4929304778425685e-05 315.0487843782046 949.0754781569966 -0.014929304778425684
p -0.4798324225953616 0.8773601576461325 1.1916478704629894e-06 -479.83242259536155 877.3601576461325 0.0011916478704629893
p 0.07807384758816512 0.9969475785229527 3.4195384646795086e-08 78.07384758816512 996.9475785229527 3.419538464679509e-05
p 0.8993638446268649 0.4372009549143095 1.6941780191307996e-08 899.3638446268649 437.2009549143095 1.6941780191307995e-05
p 0.9672928221776212 0.2536623664709355 1.3328781461576215e-07 967.2928221776212 253.6623664709355 0.00013328781461576216
p 0.9628224789073722 0.2701349183475973 1.6471858573982363e-09 962.8224789073722 270.1349183475973 1.6471858573982363e-06
p 0.843636339145967 0.5369150093565932 1.8090651476408368e-08 843.636339145967 536.9150093565931 1.8090651476408367e-05
p 0.8468075498080303 0.531899401755746 3.773036682058263e-09 846.8075498080303 531.899401755746 3.773036682058263e-06
p 0.3584688680633815 0.9335416812490793 -1.777788833573138e-08 358.46886806338154 933.5416812490794 -1.777788833573138e-05
p -0.8677281128519735 0.4970391555665941 -2.8661922788322574e-09 -867.7281128519735 497.0391555665941 -2.8661922788322572e-06
p 0.7968702850123417 0.6041504356237272 1.0147439764892562e-07 796.8702850123417 604.1504356237272 0.00010147439764892563
p -0.4896674295564946 0.8719092891072641 3.0252833365426685e-08 -489.6674295564946 871.909289107264 3.0252833365426686e-05
p -0.9067335936344137 0.4217039129232995 1.3828179499924908e-08 -906.7335936344138 421.7039129232995 1.3828179499924907e-05
p 0.736863778156196 0.6760412503761595 1.5205764604738897e-05 736.863778156196 676.0412503761595 0.015205764604738898
p -0.9526413444308275 0.3040961507172124 2.6143735151173802e-09 -952.6413444308275 304.0961507172124 2.61437351511738e-06
p -0.6084251336771176 0.7936112755688276 -2.66872600386637e-09 -608.4251336771176 793.6112755688276 -2.6687260038663702e-06
p -0.12496119084816032 0.9921616303716897 -1.6704168800927285e-08 -124.96119084816031 992.1616303716897 -1.6704168800927285e-05
p 0.305153170629493 0.9523032828121145 -1.9333052340514945e-07 305.153170629493 952.3032828121145 -0.00019333052340514946
p -0.5330825264194812 0.8460632482422477 -1.0499280010227941e-08 -533.0825264194812 846.0632482422477 -1.0499280010227941e-05
p -0.923930126755863 0.38256126420861297 5.4743318757731837e-08 -923.930126755863 382.56126420861295 5.474331875773184e-05
p -0.24440114427790974 0.9696742136798514 1.016867985592231e-07 -244.40114427790974 969.6742136798514 0.0001016867985592231
p -0.5949197448426575 0.8037851063538962 -5.657123238670986e-08 -594.9197448426576 803.7851063538963 -5.657123238670986e-05
p -0.8469749151563745 0.5316328555458666 -3.6054013535451646e-09 -846.9749151563744 531.6328555458666 -3.6054013535451648e-06
p -0.06561673313550462 0.9978448999381735 -2.250239415782266e-08 -65.61673313550462 997.8448999381735 -2.2502394157822662e-05
p -0.02094792439673606 0.9997805681565533 -1.6834499038512495e-07 -20.94792439673606 999.7805681565533 -0.00016834499038512494
p -0.6917023187432415 0.7221827346629179 1.1296081082840181e-07 -691.7023187432416 722.1827346629179 0.0001129608108284018
p 0.7209744535420739 0.6929616420406746 -5.972550198082868e-09 720.9744535420739 692.9616420406745 -5.972550198082868e-06
p 0.16770745749162747 0.9858368062481329 -1.2172724841382182e-05 167.70745749162745 985.8368062481328 -0.012172724841382182
p 0.9676816245830967 0.25217508489976836 -1.1606522620261236e-07 967.6816245830967 252.17508489976836 -0.00011606522620261235
p 0.9444705636033166 0.3285960354094839 5.201483139556731e-08 944.4705636033166 328.5960354094839 5.2014831395567314e-05
p 0.5273075448750469 0.8496744983332442 1.2791144885249375e-08 527.3075448750469 849.6744983332442 1.2791144885249375e-05
p 0.6436250551045705 0.7653409622133384 1.3873003159054567e-08 643.6250551045705 765.3409622133383 1.3873003159054567e-05
p -0.29021557905669887 0.9569612937171414 -1.0236323856810924e-08 -290.21557905669886 956.9612937171414 -1.0236323856810923e-05
p 0.6870815317005293 0.7265803250818534 5.232894106158122e-08 687.0815317005294 726.5803250818534 5.232894106158122e-05
p 0.7679529888853364 0.6405062114156737 1.3751326725204282e-07 767.9529888853364 640.5062114156736 0.0001375132672520428
p -0.09686790846091968 0.995297246208592 2.205119069064138e-08 -96.86790846091968 995.2972462085919 2.205119069064138e-05
p 0.8606401809727574 0.5092135886788292 -8.707845916938214e-08 860.6401809727574 509.2135886788292 -8.707845916938213e-05
p -0.05710259677769058 0.9983683155235068 -2.467264128228143e-09 -57.10259677769058 998.3683155235068 -2.4672641282281432e-06
p -0.48139504594149757 0.8765037418351236 1.7088318597353607e-05 -481.3950459414976 876.5037418351236 0.017088318597353606
p 0.34950224776353334 0.9369355252401766 -1.8739049719144452e-05 349.5022477635333 936.9355252401766 -0.018739049719144453
p 0.6103328086508568 0.7921451020385799 8.02784955108517e-07 610.3328086508568 792.1451020385799 0.000802784955108517
p -0.48406157766861974 0.8750339358776403 9.351601462404249e-06 -484.06157766861975 875.0339358776404 0.00935160146240425
p 0.21788113303033269 0.9759753131454671 -1.6103336673560583e-07 217.88113303033268 975.9753131454671 -0.00016103336673560582
p 0.8612365307702377 0.508204326948838 -1.1718546253866366e-05 861.2365307702377 508.204326948838 -0.011718546253866367
p 0.320370091012309 0.9472924600062881 5.317402791347805e-09 320.370091012309 947.2924600062881 5.317402791347805e-06
p 0.3784858522884457 0.9256070762572441 -7.209991840123338e-08 378.4858522884457 925.6070762572441 -7.209991840123337e-05
p 0.20521945359299548 0.9787159832489671 5.636589843565946e-09 205.21945359299548 978.7159832489672 5.636589843565946e-06
p 0.5021757017454532 0.8647656125080724 9.29731537891418e-09 502.17570174545324 864.7656125080724 9.297315378914181e-06
p 0.1728771255361377 0.9849433991181231 1.1474492844897644e-08 172.8771255361377 984.9433991181231 1.1474492844897643e-05
p 0.42317272672593625 0.9060490292215904 1.3963353184313228e-06 423.17272672593623 906.0490292215903 0.0013963353184313228
p 0.6293795063932163 0.7770980870728162 3.3575382035619354e-08 629.3795063932163 777.0980870728163 3.3575382035619356e-05
p -0.2267626322950265 0.9739500544661555 -5.767928664662426e-08 -226.7626322950265 973.9500544661555 -5.767928664662426e-05
p -0.8528888532119407 0.5220925243780097 -7.444320173457229e-06 -852.8888532119407 522.0925243780097 -0.0074443201734572285
p -0.7255746613980508 0.6881434521501343 4.67617369046044e-09 -725.5746613980508 688.1434521501343 4.676173690460441e-06
p -0.958981510883281 0.2834686257489874 -1.1780842000250327e-08 -958.981510883281 283.4686257489874 -1.1780842000250328e-05
p 0.8714854873867832 0.4904212936590502 6.845761264220184e-08 871.4854873867832 490.4212936590502 6.845761264220183e-05
case 15 4 180
s 1.0 0.0 0.0 0.0 0.9999999999995 -9.999999999995e-07 -0.0 9.999999999995002e-07 0.9999999999995001 1.0 1.0 0.01 0.0 0.0 0.0 0.009999999999994999 -9.999999999995e-09 0.01 0.0
s 0.0 0.9999999999995 -9.999999999995e-07 -1.0 0.0 0.0 0.0 9.999999999995002e-07 0.9999999999995001 1.0 1.0 0.0 0.009999999999994999 -9.999999999995e-09 -0.01 0.0 0.0 0.01 1.0
s -1.0 0.0 0.0 0.0 -1.0 0.0 0.0 0.0 1.0 1.0 1.0 -0.01 0.0 0.0 0.0 -0.01 0.0 0.01 2.0
s 0.0 -1.0 0.0 1.0 0.0 0.0 -0.0 0.0 1.0 1.0 1.0 0.0 -0.01 0.0 0.01 0.0 0.0 0.01 3.0
p -0.0580134170091628 0.9983158034484468 -5.6571219824757275e-06 -0.0580134170091628 0.9983158034484468 -5.6571219824757275e-06
p -0.3188925638335939 0.9477908697214807 -2.0582464047420125e-06 -0.3188925638335939 0.9477908697214807 -2.0582464047420125e-06
p 0.12058661864913042 0.9927016829027173 -0.0014953811828921188 0.12058661864913042 0.9927016829027173 -0.0014953811828921188
p -0.20456004532266148 0.9788538634595558 -0.0005494068547199055 -0.20456004532266148 0.9788538634595558 -0.0005494068547199055
p -0.0843362785550644 0.9963390623516772 0.013995176014020793 -0.0843362785550644 0.9963390623516772 0.013995176014020793
p -0.8498632022628558 0.5270033514184986 7.094501175497547e-05 -0.8498632022628558 0.5270033514184986 7.094501175497547e-05
p 0.958308881174197 0.28512916847308367 0.018586165513809077 0.958308881174197 0.28512916847308367 0.018586165513809077
p -0.21314386032402619 0.9769324299326744 -0.013142379998020143 -0.21314386032402619 0.9769324299326744 -0.013142379998020143
p -0.9307518606558248 0.36565143764391134 5.887350758046541e-06 -0.9307518606558248 0.36565143764391134 5.887350758046541e-06
p -0.6653891023629666 0.7464967128518518 -1.2569226792653965e-05 -0.6653891023629666 0.7464967128518518 -1.2569226792653965e-05
p -0.6733759500512595 0.7393002294577989 2.482357181680702e-05 -0.6733759500512595 0.7393002294577989 2.482357181680702e-05
p -0.12283631925694466 0.9923306685589232 0.013823274170997496 -0.12283631925694466 0.9923306685589232 0.013823274170997496
p 0.9155782651781043 0.4021397996941165 0.0001477681592190499 0.9155782651781043 0.4021397996941165 0.0001477681592190499
p -0.21777153324405454 0.9759984443655058 -0.0016111811340188825 -0.21777153324405454 0.9759984443655058 -0.0016111811340188825
p 0.47542737896613896 0.879648010870376 -0.013718028326925782 0.47542737896613896 0.879648010870376 -0.013718028326925782
p -0.6577517835671653 0.7532347505932498 4.138765240377699e-05 -0.6577517835671653 0.7532347505932498 4.138765240377699e-05
p 0.19459985793679357 0.980882710598191 -5.779727650334962e-05 0.19459985793679357 0.980882710598191 -5.779727650334962e-05
p 0.9582763001890272 0.28584352400520485 -0.00011081658493801627 0.9582763001890272 0.28584352400520485 -0.00011081658493801627
p 0.9469088986992749 0.321497760110258 -0.001651607766203931 0.9469088986992749 0.321497760110258 -0.001651607766203931
p -0.9426836967173474 0.33368765026496755 1.990185017139482e-06 -0.9426836967173474 0.33368765026496755 1.990185017139482e-06
p 0.8880863728240158 0.4593848844395426 -0.016374442059241337 0.8880863728240158 0.4593848844395426 -0.016374442059241337
p 0.8150637583835413 0.5793712710917251 1.804210261681962e-06 0.8150637583835413 0.5793712710917251 1.804210261681962e-06
p 0.7222022806693909 0.6916191676042551 0.009316265256413447 0.7222022806693909 0.6916191676042551 0.009316265256413447
p -0.2950158873615394 0.9554923457432499 5.8569151186471865e-05 -0.2950158873615394 0.9554923457432499 5.8569151186471865e-05
p -0.9004576674064106 0.4349436621006775 -2.730855146518321e-06 -0.9004576674064106 0.4349436621006775 -2.730855146518321e-06
p -0.6132024720444472 0.7899255881192755 -0.0005417683968040612 -0.6132024720444472 0.7899255881192755 -0.0005417683968040612
p 0.03494599830467843 0.9993891967349274 0.00010320855596003562 0.03494599830467843 0.9993891967349274 0.00010320855596003562
p -0.0966659034433579 0.9951864624541191 0.016112357355011188 -0.0966659034433579 0.9951864624541191 0.016112357355011188
p -0.7657073316139922 0.6431891496387524 -9.977898273017653e-06 -0.7657073316139922 0.6431891496387524 -9.977898273017653e-06
p -0.7485821101242072 0.6630420724607338 -0.00018587351764999532 -0.7485821101242072 0.6630420724607338 -0.00018587351764999532
p -0.8110441800353351 0.5849849041030736 -1.5260227266003259e-06 -0.8110441800353351 0.5849849041030736 -1.5260227266003259e-06
p -0.707744373770195 0.7064686131593554 4.1631268819365554e-06 -0.707744373770195 0.7064686131593554 4.1631268819365554e-06
p 0.7662731844289538 0.6425135990301939 0.0012968756216769613 0.7662731844289538 0.6425135990301939 0.0012968756216769613
p -0.8494867357421941 0.5276099739839313 3.392266221683005e-05 -0.8494867357421941 0.5276099739839313 3.392266221683005e-05
p 0.5094393161790975 0.8605050363667965 -0.0016326415258264512 0.5094393161790975 0.8605050363667965 -0.0016326415258264512
p 0.24328183485346022 0.9699556425287048 1.889606405658284e-05 0.24328183485346022 0.9699556425287048 1.889606405658284e-05
p 0.7164889825269125 0.6975984070755242 -1.9058883520649416e-05 0.7164889825269125 0.6975984070755242 -1.9058883520649416e-05
p -0.9939936737686589 0.10943754518285498 1.4568310418092325e-05 -0.9939936737686589 0.10943754518285498 1.4568310418092325e-05
p -0.46870797972041695 0.8833531738355792 4.584122773549674e-06 -0.46870797972041695 0.8833531738355792 4.584122773549674e-06
p 0.23783709439624545 0.9712156363011998 0.013179693972437158 0.23783709439624545 0.9712156363011998 0.013179693972437158
p 0.03568122401828358 0.9993632223667246 -5.77526735824492e-06 0.03568122401828358 0.9993632223667246 -5.77526735824492e-06
p 0.7767226710404033 0.629842751559722 2.4485506529433862e-05 0.7767226710404033 0.629842751559722 2.4485506529433862e-05
p 0.9179486103332978 0.39669931741946024 1.860381361992083e-05 0.9179486103332978 0.39669931741946024 1.860381361992083e-05
p -0.747899565410457 0.6638116285275574 0.0006015733054810792 -0.747899565410457 0.6638116285275574 0.0006015733054810792
p -0.6987639114509867 0.7153523537117585 -7.805616351576557e-05 -0.6987639114509867 0.7153523537117585 -7.805616351576557e-05
p -0.18251362066213953 0.983074364990952 0.015923918187216585 -0.18251362066213953 0.983074364990952 0.015923918187216585
p 0.23777843454825148 0.9713186483035676 0.001224549514393715 0.23777843454825148 0.9713186483035676 0.001224549514393715
p -0.4054733572174513 0.9141064808572805 0.0008356084773570363 -0.4054733572174513 0.9141064808572805 0.0008356084773570363
p 0.8232111364007857 0.5677353475847556 2.922983941874691e-06 0.8232111364007857 0.5677353475847556 2.922983941874691e-06
p 0.7578351988611166 0.6524460217858777 4.786848066536332e-06 0.7578351988611166 0.6524460217858777 4.786848066536332e-06
p 0.183105614236734 0.9830932451428096 7.341367794427843e-05 0.183105614236734 0.9830932451428096 7.341367794427843e-05
p -0.6508612134178464 0.7591967327085707 -4.373648170216058e-05 -0.6508612134178464 0.7591967327085707 -4.373648170216058e-05
p -0.5995249076430489 0.8003560989381682 2.840934626369175e-06 -0.5995249076430489 0.8003560989381682 2.840934626369175e-06
p -0.8040672481927982 0.5945383376322458 0.0001595905601141527 -0.8040672481927982 0.5945383376322458 0.0001595905601141527
p -0.019693903395803063 0.9998060562707353 -3.660077247846779e-06 -0.019693903395803063 0.9998060562707353 -3.660077247846779e-06
p 0.8414585057154248 0.5400195356367281 0.01806887627544096 0.8414585057154248 0.5400195356367281 0.01806887627544096
p -0.9362749549940768 0.35126800115924767 3.5251155017736423e-06 -0.9362749549940768 0.35126800115924767 3.5251155017736423e-06
p -0.5031105962499687 0.8642220347871398 -5.0292912171684336e-05 -0.5031105962499687 0.8642220347871398 -5.0292912171684336e-05
p 0.8985930066299787 0.43878309952798955 2.0750259283422323e-06 0.8985930066299787 0.43878309952798955 2.0750259283422323e-06
p 0.7049620181679398 0.7092450584452632 -3.4000992004173623e-06 0.7049620181679398 0.7092450584452632 -3.4000992004173623e-06
p -0.36553987674458105 0.9307956803233632 -9.612719003073702e-07 -18.276993837229053 46.53978401616816 -4.806359501536851e-05
p 0.812402380993468 0.5830971162435753 -0.0003526819682915299 40.6201190496734 29.154855812178766 -0.017634098414576495
p -0.9630502690701209 0.2693217007260973 2.7603809686206113e-05 -48.152513453506046 13.466085036304865 0.0013801904843103057
p -0.815950461407142 0.578121824989724 -1.5242329615279366e-07 -40.7975230703571 28.9060912494862 -7.6211648076396826e-06
p 0.9959422429571143 0.08999383002284342 0.0003990631178090934 49.797112147855714 4.499691501142171 0.01995315589045467
p -0.9815986430900338 0.19095576420656277 -3.0343966440595e-07 -49.07993215450169 9.547788210328138 -1.51719832202975e-05
p -0.022190265729487877 0.9997537052072067 -0.0003478955539764984 -1.109513286474394 49.98768526036034 -0.017394777698824918
p -0.9829716024189091 0.18375752408826937 3.4335860941578814e-05 -49.148580120945454 9.187876204413469 0.0017167930470789407
p 0.05965722186481113 0.9982189218198979 3.054719099858787e-07 2.9828610932405564 49.9109460909949 1.5273595499293934e-05
p 0.958501974238606 0.2850858912338907 -2.704570143593878e-07 47.925098711930296 14.254294561694536 -1.3522850717969389e-05
p -0.968707225408538 0.24820618735496874 4.662900744978154e-08 -48.4353612704269 12.410309367748438 2.3314503724890773e-06
p 0.9979007315424852 0.06476210301436389 -3.6050750679277524e-07 49.89503657712426 3.2381051507181944 -1.8025375339638762e-05
p 0.6902074697144406 0.7236115314765819 1.6263624328408027e-05 34.51037348572203 36.18057657382909 0.0008131812164204013
p 0.5082829617777189 0.861190124630425 -2.345841718993812e-06 25.414148088885945 43.05950623152125 -0.00011729208594969059
p -0.22365324134927275 0.9746687784237077 -3.85377668928412e-08 -11.182662067463637 48.73343892118538 -1.92688834464206e-06
p 0.3509830667194014 0.9363818061357473 -3.7682973111098416e-06 17.549153335970068 46.819090306787366 -0.00018841486555549208
p -0.6490715239969348 0.7607273858431328 3.412579352914056e-05 -32.45357619984674 38.03636929215664 0.001706289676457028
p 0.2382602908246348 0.9712013353657197 -5.734130746774278e-08 11.913014541231739 48.560066768285985 -2.867065373387139e-06
p 0.995723772552583 0.09238056491297165 1.1023855642945146e-07 49.78618862762915 4.6190282456485825 5.511927821472573e-06
p -0.897636772242497 0.44073600388123424 -9.33911205436005e-07 -44.88183861212485 22.036800194061712 -4.6695560271800246e-05
p 0.09970144283228093 0.9950173979871652 1.1380811050087747e-07 4.985072141614046 49.75086989935826 5.690405525043874e-06
p 0.9487474039972663 0.316035383158798 -3.4602914210049166e-07 47.43737019986332 15.8017691579399 -1.7301457105024583e-05
p -0.9816506573552031 0.19068819218873428 1.6549621503403873e-05 -49.08253286776015 9.534409609436715 0.0008274810751701937
p -0.38516277119381 0.9228486548041235 3.5390181446390034e-06 -19.2581385596905 46.142432740206175 0.00017695090723195017
p -0.9723190070167996 0.23365733156452517 1.0142118747299669e-07 -48.61595035083998 11.682866578226259 5.071059373649835e-06
p 0.11954092290528469 0.9928292742213743 -1.092780907505121e-07 5.977046145264234 49.64146371106872 -5.463904537525605e-06
p 0.5566543006691512 0.8307442383468775 -6.942519266077191e-08 27.83271503345756 41.537211917343875 -3.471259633038595e-06
p 0.15400221287298915 0.9880705027629376 1.348961615059367e-07 7.700110643649458 49.40352513814688 6.744808075296834e-06
p -0.8427081159053842 0.5383707184281591 -3.0435926540077703e-05 -42.13540579526921 26.918535921407955 -0.001521796327003885
p 0.20952077507354594 0.977804182309534 -0.00016084329049221902 10.476038753677297 48.8902091154767 -0.008042164524610951
p 0.9506346314510448 0.31031241916154995 2.0688912239639102e-07 47.53173157255224 15.515620958077497 1.0344456119819551e-05
p 0.9180566537131669 0.3964491932412207 0.0001332342589471151 45.902832685658346 19.822459662061036 0.006661712947355756
p -0.8635685350630844 0.5042314798274597 -9.233898417231779e-08 -43.17842675315422 25.211573991372987 -4.616949208615889e-06
p 0.3325051790322878 0.9431014292835633 -7.953893711496432e-08 16.62525895161439 47.155071464178164 -3.976946855748216e-06
p 0.7538290340456276 0.6570706106877015 -5.720827329576358e-07 37.691451702281384 32.85353053438507 -2.860413664788179e-05
p 0.3546268763550895 0.9350079029433983 1.4388447303563183e-07 17.731343817754475 46.75039514716992 7.194223651781591e-06
p 0.018432422904658345 0.9998300804172149 -0.00023680956384632883 0.9216211452329173 49.991504020860745 -0.011840478192316442
p 0.11608388336792476 0.9932394132444646 -1.1764844145763728e-07 5.804194168396238 49.66197066222323 -5.882422072881864e-06
p -0.4936908757864822 0.8696374640981466 1.4216928849661132e-05 -24.68454378932411 43.48187320490733 0.0007108464424830566
p 0.3411905026088335 0.9399941706162852 -1.1701863830355669e-05 17.059525130441674 46.99970853081426 -0.0005850931915177835
p 0.5384266635785544 0.8426723519787934 -0.00018750518607723327 26.92133317892772 42.13361759893967 -0.009375259303861664
p -0.916709319161374 0.39955478242998715 1.2601776832980905e-07 -45.8354659580687 19.977739121499358 6.300888416490453e-06
p 0.23533862924516316 0.9719134372900722 6.869247616594173e-08 11.766931462258158 48.59567186450361 3.4346238082970867e-06
p 0.05729825269537626 0.9983570990699263 0.00011390670811486788 2.864912634768813 49.91785495349632 0.005695335405743394
p -0.7603783401502158 0.6494803921775799 2.6944346253120996e-06 -38.01891700751079 32.474019608879 0.00013472173126560498
p 0.6894382919080199 0.7243444211841391 -3.39170538855873e-05 34.471914595400996 36.217221059206956 -0.0016958526942793648
p 0.24492022267037059 0.9695432349962851 1.8580529375567882e-07 12.246011133518529 48.47716174981426 9.290264687783941e-06
p 0.3042590493134087 0.9525892878736917 0.0002820269378484734 15.212952465670435 47.629464393684586 0.01410134689242367
p -0.7056170682401539 0.7085932837408887 0.0003335348173331015 -35.280853412007694 35.42966418704444 0.016676740866655076
p -0.965338921298767 0.26099955368837946 -4.4687975817292433e-07 -48.266946064938345 13.049977684418973 -2.2343987908646218e-05
p 0.42319603618496127 0.9060381421094882 -3.5225972972387915e-07 21.159801809248062 45.301907105474406 -1.7612986486193958e-05
p -0.9926689273585982 0.12086521689860383 -8.852334701100848e-07 -49.63344636792991 6.043260844930192 -4.4261673505504245e-05
p 0.4169949961660205 0.9089087815465833 7.78828614454459e-08 20.849749808301024 45.44543907732916 3.894143072272295e-06
p -0.9800425927661739 0.19878761331837078 -3.399031441406374e-05 -49.002129638308695 9.939380665918538 -0.001699515720703187
p -0.06959106234891778 0.9975756031649468 3.352858707257948e-06 -3.479553117445889 49.87878015824734 0.0001676429353628974
p 0.6322290702368465 0.7747815185952963 3.450534972151265e-05 31.611453511842324 38.739075929764816 0.0017252674860756324
p -0.506811220397083 0.8620570670632518 2.4338700513607606e-06 -25.340561019854153 43.10285335316259 0.00012169350256803804
p 0.8304983358742288 0.5570211074187712 -3.1983127907552363e-07 41.52491679371144 27.85105537093856 -1.599156395377618e-05
p 0.7312434158360784 0.6821166079168356 -6.435527144338579e-07 36.56217079180392 34.10583039584178 -3.217763572169289e-05
p 0.8920319186747823 0.4519724063096922 -1.149618609646802e-07 44.60159593373911 22.59862031548461 -5.74809304823401e-06
p -0.9987018813674883 0.05093674658868072 5.538777733729861e-09 -998.7018813674882 50.93674658868072 5.538777733729861e-06
p 0.43000307116527153 0.9028274245147226 -1.8235875992250584e-05 430.00307116527154 902.8274245147227 -0.018235875992250582
p 0.991506444235909 0.13005756807315902 -5.0556897309902505e-06 991.5064442359089 130.05756807315902 -0.0050556897309902505
p -0.5360420292102214 0.844191295217019 1.5527049339907552e-08 -536.0420292102214 844.1912952170189 1.5527049339907552e-05
p 0.3273977843763984 0.9448866020774267 2.117683386737939e-09 327.39778437639836 944.8866020774267 2.117683386737939e-06
p 0.04877229343409233 0.9988099235556085 -1.352426997576322e-07 48.77229343409233 998.8099235556085 -0.0001352426997576322
p -0.3902492472787396 0.9207092510659254 -7.274498976840469e-09 -390.24924727873963 920.7092510659254 -7.2744989768404685e-06
p -0.19525187829908464 0.9807531310277215 -1.939739237914166e-08 -195.25187829908464 980.7531310277216 -1.939739237914166e-05
p -0.9958200008054002 0.09133742932627623 -1.7475559698447297e-08 -995.8200008054002 91.33742932627622 -1.7475559698447295e-05
p 0.07192256490468647 0.9974102188455516 -5.3494049289690004e-09 71.92256490468647 997.4102188455516 -5.349404928969001e-06
p 0.06347394262388513 0.9979834961600215 -1.096184876837026e-08 63.47394262388513 997.9834961600214 -1.096184876837026e-05
p 0.5022879098895214 0.8647004426845265 -2.360728274894664e-09 502.2879098895214 864.7004426845265 -2.360728274894664e-06
p 0.9820242270066554 0.18875491403399522 3.44494452669445e-09 982.0242270066553 188.75491403399522 3.44494452669445e-06
p 0.4856763803164332 0.8741386924296969 1.6487136537917758e-07 485.67638031643315 874.1386924296969 0.00016487136537917757
p -0.7805314673328981 0.6251164919441854 -1.5963853419755701e-06 -780.5314673328982 625.1164919441854 -0.0015963853419755701
p 0.3837644490031775 0.9234310193970695 9.827334480968853e-06 383.7644490031775 923.4310193970695 0.009827334480968853
p 0.8697452920377551 0.49350088852688606 1.1551296703882708e-06 869.7452920377551 493.50088852688606 0.001155129670388271
p 0.7118044457528949 0.7023776982552846 -1.5021746590186445e-07 711.8044457528949 702.3776982552846 -0.00015021746590186447
p 0.7182304449357267 0.6958053089531784 -2.9683303897295017e-09 718.2304449357267 695.8053089531784 -2.9683303897295017e-06
p -0.5552398808845548 0.8316902516413753 1.0627235096587073e-07 -555.2398808845547 831.6902516413753 0.00010627235096587073
p 0.993582679546242 0.11310817346995491 1.774590884696375e-08 993.582679546242 113.10817346995492 1.7745908846963752e-05
p 0.21275909336834337 0.9771046864021687 1.384766247366153e-08 212.75909336834337 977.1046864021688 1.384766247366153e-05
p 0.746600262220545 0.6652729127600281 3.909860587208623e-08 746.600262220545 665.2729127600281 3.909860587208623e-05
p -0.17360110394432912 0.9848160522195555 9.206468181807655e-09 -173.6011039443291 984.8160522195554 9.206468181807655e-06
p -0.9730722524166799 0.23050030710766536 3.3713574111491304e-08 -973.0722524166799 230.50030710766538 3.3713574111491305e-05
p -0.7992760425084704 0.6009640653749588 5.454199296420285e-09 -799.2760425084704 600.9640653749589 5.454199296420285e-06
p 0.8808299609550146 0.4734327617349539 -4.31660974480338e-08 880.8299609550146 473.4327617349539 -4.31660974480338e-05
p 0.7506847411984967 0.6606605931427599 -5.260056894783779e-08 750.6847411984967 660.6605931427599 -5.2600568947837794e-05
p 0.9953727852963663 0.09608859605256836 1.847314641514021e-08 995.3727852963663 96.08859605256836 1.847314641514021e-05
p -0.805758467515362 0.5922442840813317 -5.350952535367482e-07 -805.758467515362 592.2442840813317 -0.0005350952535367482
p -0.4634087931814252 0.8861446216065044 -1.4113060337801363e-08 -463.4087931814252 886.1446216065044 -1.4113060337801364e-05
p -0.9531498471552614 0.3024985435798028 -3.01838083363246e-09 -953.1498471552615 302.4985435798028 -3.01838083363246e-06
p -0.8117950861752127 0.5839424097928824 1.0347000178096866e-05 -811.7950861752126 583.9424097928824 0.010347000178096866
p -0.41177601818920595 0.9112850875784761 -1.1540291954117235e-06 -411.77601818920596 911.2850875784761 -0.0011540291954117235
p -0.9848954363136726 0.17315016467933986 -1.3392108990711567e-07 -984.8954363136726 173.15016467933987 -0.00013392108990711567
p -0.9891368379578824 0.14699767275248654 1.864255441207183e-07 -989.1368379578824 146.99767275248655 0.0001864255441207183
p -0.6783451465631276 0.7347433987573045 -1.0808039557045274e-05 -678.3451465631276 734.7433987573046 -0.010808039557045275
p -0.723320403398469 0.6905125589194544 -1.4082473525983012e-06 -723.320403398469 690.5125589194544 -0.0014082473525983013
p 0.9961699488203621 0.08743816710816849 -3.274424705394079e-08 996.1699488203622 87.43816710816849 -3.274424705394079e-05
p -0.9791138316212139 0.20331282479962817 -1.4483304385938095e-07 -979.1138316212139 203.31282479962817 -0.00014483304385938094
p -0.9822774544293571 0.18743266129408248 5.861272893423421e-09 -982.2774544293571 187.4326612940825 5.861272893423421e-06
p 0.6227040350893265 0.7824574650951286 -6.136449634004554e-07 622.7040350893265 782.4574650951286 -0.0006136449634004553
p -0.37600327263755695 0.9266183350578353 -1.0024586857010557e-05 -376.00327263755696 926.6183350578353 -0.010024586857010557
p -0.5006586321538576 0.8656448082497974 -2.9682873204971417e-09 -500.65863215385764 865.6448082497974 -2.9682873204971416e-06
p 0.9953402731565709 0.09642479262410537 3.253782787422613e-08 995.3402731565709 96.42479262410538 3.253782787422613e-05
p -0.9161428054346055 0.40085204259228946 -5.369733220809662e-09 -916.1428054346055 400.8520425922895 -5.369733220809662e-06
p 0.956902592489999 0.2904090709397253 1.3582175834456712e-06 956.9025924899989 290.40907093972527 0.0013582175834456712
p -0.3021910176739915 0.9532473912039607 1.8677723179460792e-08 -302.1910176739915 953.2473912039608 1.867772317946079e-05
p 0.34715444837328563 0.9378079702021304 -4.909308340365158e-09 347.1544483732856 937.8079702021304 -4.909308340365158e-06
p -0.6630931257639271 0.7485369106227328 -2.151520191232454e-09 -663.0931257639271 748.5369106227328 -2.151520191232454e-06
p -0.851129265020433 0.5249561640992283 -4.197286826105013e-08 -851.129265020433 524.9561640992283 -4.1972868261050125e-05
p 0.17423039386662376 0.9847049151157313 3.9326322882054624e-08 174.23039386662376 984.7049151157313 3.9326322882054626e-05
p 0.08398250422800861 0.9964672292572355 -2.27887014622696e-08 83.98250422800861 996.4672292572355 -2.27887014622696e-05
p -0.05957246942622388 0.9982239833255975 -1.9757736472728027e-07 -59.572469426223876 998.2239833255975 -0.00019757736472728027
p 0.9838277608568877 0.1791171040613447 5.288923963190859e-09 983.8277608568877 179.11710406134472 5.288923963190859e-06
p -0.32371683786236216 0.9461540090727222 9.105863971872679e-08 -323.7168378623622 946.1540090727221 9.105863971872678e-05
p -0.9621462217767629 0.2725337555548622 -1.9654554516703405e-06 -962.1462217767629 272.5337555548622 -0.0019654554516703405
p 0.35417667389804086 0.9351785303708159 -4.4043182704782675e-08 354.17667389804086 935.1785303708159 -4.404318270478268e-05
p -0.5268435663674687 0.849962267737343 3.4066575375929575e-09 -526.8435663674686 849.9622677373429 3.4066575375929573e-06
p -0.4222456633277534 0.9064814393030178 1.867702965167667e-07 -422.2456633277534 906.4814393030179 0.00018677029651676668
case 16 4 180
s 0.0 0.9999999999999551 2.9999999999998654e-07 1.0 0.0 0.0 0.0 2.9999999999998654e-07 -0.9999999999999551 1.0 1.0 0.0 0.0009999999999999551 2.9999999999998656e-10 0.001 0.0 0.0 0.001 0.0
s -1.0 0.0 0.0 0.0 0.9999999999999551 2.9999999999998654e-07 0.0 2.9999999999998654e-07 -0.9999999999999551 1.0 1.0 -0.001 0.0 0.0 0.0 0.0009999999999999551 2.9999999999998656e-10 0.001 1.0
s 0.0 -1.0 0.0 -1.0 0.0 0.0 -0.0 -0.0 -1.0 1.0 1.0 0.0 -0.001 0.0 -0.001 0.0 0.0 0.001 2.0
s 1.0 0.0 0.0 0.0 -1.0 0.0 0.0 0.0 -1.0 1.0 1.0 0.001 0.0 0.0 0.0 -0.001 0.0 0.001 3.0
p 0.7217422002399276 0.6921619569119205 0.0001476370175845398 0.7217422002399276 0.6921619569119205 0.0001476370175845398
p 0.3124029600276175 0.9499486471268198 0.0013994241342647653 0.3124029600276175 0.9499486471268198 0.0013994241342647653
p 0.897075507389941 0.44169743807237866 0.012605841557676644 0.897075507389941 0.44169743807237866 0.012605841557676644
p 0.7299176376430273 0.6834875672984889 -0.008061489069394308 0.7299176376430273 0.6834875672984889 -0.008061489069394308
p -0.8459926743086171 0.5331933544318073 -0.0011143634556187109 -0.8459926743086171 0.5331933544318073 -0.0011143634556187109
p 0.9378056713943426 0.3471606536390617 -5.714460407128104e-05 0.9378056713943426 0.3471606536390617 -5.714460407128104e-05
p -0.36089477156606486 0.9326065428693022 -7.324354647892466e-06 -0.36089477156606486 0.9326065428693022 -7.324354647892466e-06
p 0.08936461804750236 0.9958008016609909 0.019867774222389403 0.08936461804750236 0.9958008016609909 0.019867774222389403
p -0.9025399119046004 0.4305673167821604 0.005787325655854817 -0.9025399119046004 0.4305673167821604 0.005787325655854817
p -0.3319962155462642 0.9432807167065442 4.850306004517652e-05 -0.3319962155462642 0.9432807167065442 4.850306004517652e-05
p 0.7136487030597928 0.7005037512454629 -0.000152026676566666 0.7136487030597928 0.7005037512454629 -0.000152026676566666
p -0.4436975493788488 0.8961765921332697 -1.9687641825520262e-05 -0.4436975493788488 0.8961765921332697 -1.9687641825520262e-05
p -0.9153986041506956 0.4025486250271659 -2.774206086675475e-06 -0.9153986041506956 0.4025486250271659 -2.774206086675475e-06
p 0.46541566735521706 0.8850506286738679 -0.008581448845584773 0.46541566735521706 0.8850506286738679 -0.008581448845584773
p -0.8342424659674957 0.551397426349551 0.0006214431296185574 -0.8342424659674957 0.551397426349551 0.0006214431296185574
p -0.9907384576444481 0.1357840502503493 -1.5553476896504398e-05 -0.9907384576444481 0.1357840502503493 -1.5553476896504398e-05
p -0.41610382046572325 0.9093171096449856 -6.856178528739033e-05 -0.41610382046572325 0.9093171096449856 -6.856178528739033e-05
p -0.6609954841207168 0.7503898781188408 -2.8085767621578e-05 -0.6609954841207168 0.7503898781188408 -2.8085767621578e-05
p -0.0748751523850827 0.9971929147941964 4.732404739916286e-05 -0.0748751523850827 0.9971929147941964 4.732404739916286e-05
p 0.3885318360800975 0.9214335171273372 0.0018126959407069462 0.3885318360800975 0.9214335171273372 0.0018126959407069462
p 0.89108863152654 0.4538260376445048 0.0017257809962021745 0.89108863152654 0.4538260376445048 0.0017257809962021745
p -0.8234114228799579 0.5674448225098027 4.558093511151132e-05 -0.8234114228799579 0.5674448225098027 4.558093511151132e-05
p -0.7327159215867117 0.6805326086428036 -0.0016573554707672634 -0.7327159215867117 0.6805326086428036 -0.0016573554707672634
p -0.43604700448376393 0.8999238911488494 -4.5000305007112224e-06 -0.43604700448376393 0.8999238911488494 -4.5000305007112224e-06
p 0.9935057635471553 0.11378177797302122 -6.928118195031408e-05 0.9935057635471553 0.11378177797302122 -6.928118195031408e-05
p 0.9562025842743411 0.2927056839705456 1.9960132017146884e-05 0.9562025842743411 0.2927056839705456 1.9960132017146884e-05
p -0.49736847534004136 0.8675384967628731 0.0012475465270842295 -0.49736847534004136 0.8675384967628731 0.0012475465270842295
p 0.8368372790672386 0.5474492084561378 -0.0016530348117637745 0.8368372790672386 0.5474492084561378 -0.0016530348117637745
p 0.9905427008400383 0.13720480181567757 1.308599216273984e-05 0.9905427008400383 0.13720480181567757 1.308599216273984e-05
p -0.9129339712163079 0.40810729492453157 5.348177957359497e-06 -0.9129339712163079 0.40810729492453157 5.348177957359497e-06
p 0.6632405138593018 0.7484063204305227 -1.7756555733854698e-05 0.6632405138593018 0.7484063204305227 -1.7756555733854698e-05
p 0.224486703630686 0.9744771520460883 5.759651008690426e-06 0.224486703630686 0.9744771520460883 5.759651008690426e-06
p 0.2083831286131797 0.9780472737418776 -4.511611464980917e-05 0.2083831286131797 0.9780472737418776 -4.511611464980917e-05
p 0.24351774797822467 0.969896440743202 2.5559388438495108e-05 0.24351774797822467 0.969896440743202 2.5559388438495108e-05
p -0.9540329474308648 0.2997016932657463 0.00017398281953341174 -0.9540329474308648 0.2997016932657463 0.00017398281953341174
p -0.9424982084604023 0.3340550788848697 -0.010214270417189976 -0.9424982084604023 0.3340550788848697 -0.010214270417189976
p -0.3263146635851226 0.9452612021677159 2.402663272369789e-06 -0.3263146635851226 0.9452612021677159 2.402663272369789e-06
p -0.39651362293761744 0.9180288327677931 -9.50362479449587e-05 -0.39651362293761744 0.9180288327677931 -9.50362479449587e-05
p 0.21891429658080472 0.9757440828491097 -0.00012464943358691827 0.21891429658080472 0.9757440828491097 -0.00012464943358691827
p 0.9784312911452463 0.20657249464573893 -0.00011385816848916734 0.9784312911452463 0.20657249464573893 -0.00011385816848916734
p 0.9516330312050832 0.30723699917976555 -1.5951106354307096e-05 0.9516330312050832 0.30723699917976555 -1.5951106354307096e-05
p -0.8526110185594957 0.5225461231818986 1.3360664702777111e-05 -0.8526110185594957 0.5225461231818986 1.3360664702777111e-05
p -0.9629065636193703 0.2698350416777212 4.638753709911786e-06 -0.9629065636193703 0.2698350416777212 4.638753709911786e-06
p -0.9636962553952122 0.2670009875081123 -2.6341890775162393e-06 -0.9636962553952122 0.2670009875081123 -2.6341890775162393e-06
p -0.2957605250924863 0.9552488001887829 -0.005043960240498106 -0.2957605250924863 0.9552488001887829 -0.005043960240498106
p 0.14883250828452277 0.9888624042185749 -0.00017320738241155157 0.14883250828452277 0.9888624042185749 -0.00017320738241155157
p 0.7526531104377335 0.6583841082651266 -0.006607672233013426 0.7526531104377335 0.6583841082651266 -0.006607672233013426
p 0.9937182758834323 0.11191053195304022 -0.00014495946466505037 0.9937182758834323 0.11191053195304022 -0.00014495946466505037
p 0.944218887979464 0.3293185259717001 -5.886527756938644e-06 0.944218887979464 0.3293185259717001 -5.886527756938644e-06
p 0.9947303193276742 0.10251781011684755 0.0013001611858835854 0.9947303193276742 0.10251781011684755 0.0013001611858835854
p -0.99267914372517 0.11949433620195912 0.01758468733633455 -0.99267914372517 0.11949433620195912 0.01758468733633455
p -0.4917690178376872 0.8707256932218163 -1.607308431671836e-05 -0.4917690178376872 0.8707256932218163 -1.607308431671836e-05
p -0.8485064832106738 0.5291840247644995 -0.0010079104624526349 -0.8485064832106738 0.5291840247644995 -0.0010079104624526349
p -0.8828040943436682 0.46944103685462385 0.016794163477570272 -0.8828040943436682 0.46944103685462385 0.016794163477570272
p 0.8901072880258469 0.45575104539468775 -2.0613618240265945e-05 0.8901072880258469 0.45575104539468775 -2.0613618240265945e-05
p -0.9966549414770809 0.08153595915688458 0.005551125442950908 -0.9966549414770809 0.08153595915688458 0.005551125442950908
p -0.5191435602683891 0.854685957978785 0.001370060490603959 -0.5191435602683891 0.854685957978785 0.001370060490603959
p 0.33428834033990146 0.9424708494813786 5.82292265892122e-05 0.33428834033990146 0.9424708494813786 5.82292265892122e-05
p -0.8531929308856917 0.5215954587271584 1.104032134843598e-05 -0.8531929308856917 0.5215954587271584 1.104032134843598e-05
p 0.22007833448284553 0.9754822019688517 -1.825533360370077e-05 0.22007833448284553 0.9754822019688517 -1.825533360370077e-05
p 0.9916343866876052 0.12907843793091817 1.0630325337474343e-07 49.58171933438026 6.453921896545908 5.315162668737171e-06
p 0.8164992737591354 0.577346374989337 -0.00031501980313910073 40.824963687956775 28.867318749466854 -0.015750990156955035
p -0.8573539580537795 0.5147272707736023 0.00016532234255294142 -42.867697902688974 25.736363538680113 0.008266117127647072
p -0.6314108475346372 0.7754484617819615 0.0001572754941960794 -31.570542376731858 38.772423089098076 0.00786377470980397
p -0.8446470108581459 0.5353236656905492 1.8022493259397683e-07 -42.23235054290729 26.76618328452746 9.011246629698842e-06
p -0.8383946356392246 0.5450636980409848 -3.0427156593416506e-06 -41.919731781961225 27.253184902049238 -0.00015213578296708252
p -0.48518818732198926 0.874409756854563 8.638650723432895e-07 -24.25940936609946 43.72048784272815 4.319325361716447e-05
p 0.727594356433064 0.686007618388167 3.880903321374927e-07 36.3797178216532 34.300380919408354 1.9404516606874635e-05
p -0.8010581411139623 0.5985865251055748 -0.00016284064745386838 -40.052907055698114 29.92932625527874 -0.00814203237269342
p 0.11178735919862319 0.9937321501905679 -1.0141545904169077e-06 5.58936795993116 49.68660750952839 -5.0707729520845386e-05
p -0.39784217266771527 0.9174538711209932 3.4836575471264832e-06 -19.892108633385764 45.87269355604966 0.00017418287735632417
p -0.6842535149590339 0.7292442164682321 -3.7204376736780572e-06 -34.21267574795169 36.4622108234116 -0.00018602188368390285
p 0.4781201714147928 0.8782944031935495 0.0002073768936955791 23.90600857073964 43.91472015967747 0.010368844684778954
p 0.8336663072572096 0.5522684928031453 -1.034548609994421e-06 41.683315362860476 27.613424640157263 -5.172743049972105e-05
p -0.2588482673097276 0.9659179957444591 -2.7854999919020633e-06 -12.942413365486379 48.29589978722296 -0.00013927499959510316
p 0.7290400821151848 0.6844710064489656 -4.7420963056341486e-07 36.45200410575924 34.22355032244828 -2.3710481528170743e-05
p 0.9946721517473182 0.103088713191655 0.00016658586007051708 49.73360758736591 5.15443565958275 0.008329293003525853
p -0.7134326566449286 0.7007238003896229 -2.8895752844183377e-07 -35.67163283224643 35.03619001948115 -1.4447876422091688e-05
p 0.7560586725372916 0.6545037324584361 -0.0003845505486438804 37.80293362686458 32.725186622921804 -0.019227527432194018
p -0.9386224844011768 0.3449461288034428 -2.8499586486375095e-07 -46.93112422005884 17.24730644017214 -1.4249793243187548e-05
p -0.941839730611533 0.33606237790248056 -3.5416338754490746e-07 -47.091986530576655 16.80311889512403 -1.7708169377245374e-05
p 0.7256696017249091 0.688043310605114 0.00017850480774769643 36.283480086245454 34.4021655302557 0.008925240387384821
p -0.9114372685418687 0.41143906579020756 -2.5585521384025712e-05 -45.57186342709343 20.57195328951038 -0.0012792760692012855
p -0.33106781464445906 0.9436069637864921 4.241836136638962e-07 -16.553390732222955 47.180348189324604 2.1209180683194812e-05
p -0.522922891045362 0.8523799915647942 -8.728901647805649e-07 -26.1461445522681 42.61899957823971 -4.3644508239028246e-05
p 0.7362181680745075 0.6767442714918267 1.148743501005185e-07 36.81090840372537 33.83721357459134 5.743717505025925e-06
p -0.922018501711726 0.387145814614402 -2.6978051755483994e-05 -46.1009250855863 19.357290730720102 -0.0013489025877741997
p 0.23185541559349346 0.9727502589308364 -3.1558193033076154e-06 11.592770779674673 48.637512946541825 -0.00015779096516538077
p -0.27307359567501865 0.9619931451651038 -6.84126736909723e-07 -13.653679783750933 48.09965725825519 -3.4206336845486146e-05
p -0.7824505564976977 0.6227126216300166 0.00034278143938109564 -39.122527824884884 31.13563108150083 0.017139071969054783
p 0.2759547959629119 0.96117061471141 5.985447772414141e-07 13.797739798145594 48.0585307355705 2.9927238862070707e-05
p 0.8580137464440858 0.5136267233244214 -4.942262777194199e-08 42.90068732220429 25.68133616622107 -2.4711313885970997e-06
p 0.6773145153163198 0.735693582506875 1.367223604153965e-07 33.86572576581599 36.78467912534375 6.836118020769825e-06
p 0.978841372525008 0.2046205449737425 2.82969357186816e-06 48.9420686262504 10.231027248687125 0.000141484678593408
p -0.5890566445908146 0.8080917454397091 2.0386641074853397e-05 -29.452832229540732 40.404587271985456 0.0010193320537426698
p 0.2070642184037209 0.9783273529125264 -1.5874147348460306e-07 10.353210920186045 48.916367645626316 -7.937073674230154e-06
p 0.06887238718361224 0.9976254779643624 -8.974352786078767e-08 3.4436193591806123 49.88127389821812 -4.487176393039383e-06
p 0.9938010501886897 0.11117316511316605 -1.6057129863923993e-06 49.69005250943449 5.558658255658303 -8.028564931961996e-05
p -0.7978266434946226 0.6028869271506969 -9.458989856101947e-07 -39.89133217473113 30.144346357534847 -4.729494928050974e-05
p 0.6731767445485205 0.7394816228947044 -2.6508551103485283e-07 33.65883722742603 36.97408114473522 -1.3254275551742641e-05
p -0.26751470528651816 0.9635537525123534 0.00022017000206025353 -13.375735264325908 48.17768762561767 0.011008500103012676
p -0.872767421370123 0.48813628035074075 5.377887244924529e-07 -43.638371068506146 24.406814017537037 2.6889436224622647e-05
p 0.25977135831599135 0.9656701514454351 2.452601962323827e-06 12.988567915799567 48.28350757227176 0.00012263009811619137
p -0.976106724567124 0.21729164900922548 -3.906011086627746e-05 -48.8053362283562 10.864582450461274 -0.001953005543313873
p 0.5508059054101143 0.8346333653558698 -2.8177525950582995e-07 27.540295270505716 41.731668267793495 -1.4088762975291497e-05
p 0.9935514097123536 0.11338252183864726 -3.2199398285790094e-07 49.67757048561768 5.669126091932363 -1.6099699142895046e-05
p -0.028730264741237695 0.9995872007423094 -2.2893724859719413e-07 -1.4365132370618847 49.97936003711547 -1.1446862429859707e-05
p -0.4309731226489196 0.9023647639497842 1.833274614898189e-05 -21.54865613244598 45.118238197489205 0.0009166373074490946
p 0.9893433847620648 0.14560100973485893 0.00011398127256787558 49.467169238103246 7.2800504867429465 0.005699063628393779
p 0.8974033329300515 0.4412111263850687 -2.3289188981802317e-07 44.870166646502575 22.060556319253436 -1.1644594490901159e-05
p -0.08526154241147232 0.996358604811865 1.7235075333895805e-06 -4.263077120573616 49.81793024059325 8.617537666947902e-05
p 0.8805228604614338 0.47400368373320173 3.4884703539375012e-06 44.02614302307169 23.700184186660085 0.00017442351769687505
p 0.9515242340105468 0.30757378316211026 -1.4104978990096134e-06 47.57621170052734 15.378689158105512 -7.052489495048067e-05
p 0.9606256165488875 0.2778460442137702 -2.3341583364913903e-05 48.03128082744437 13.89230221068851 -0.0011670791682456953
p 0.8947480510472682 0.44657129906283605 -6.679932607795488e-07 44.737402552363406 22.328564953141804 -3.339966303897744e-05
p 0.4831360571923506 0.8755452872348147 1.554141432792276e-05 24.156802859617528 43.777264361740734 0.000777070716396138
p 0.9181771755735353 0.3961700067536393 2.1510019725394776e-06 45.908858778676766 19.808500337681963 0.00010755009862697388
p -0.88121063903091 0.47272381964258003 -1.1246492846018483e-06 -44.0605319515455 23.636190982129 -5.6232464230092416e-05
p 0.987648829844253 0.15668372252849613 1.3751654817365125e-06 49.38244149221265 7.8341861264248065 6.875827408682563e-05
p 0.26016604725678905 0.9655638911242365 -3.4353883972951723e-06 13.008302362839451 48.27819455621182 -0.0001717694198647586
p -0.35310290104294717 0.9355844917884503 4.565504468900619e-08 -353.10290104294717 935.5844917884502 4.565504468900619e-05
p 0.9481778857399027 0.31773998330991315 -1.5569952691859458e-07 948.1778857399026 317.73998330991316 -0.0001556995269185946
p 0.8322769768829787 0.5543600216435408 1.2405754123859793e-05 832.2769768829787 554.3600216435408 0.012405754123859794
p -0.7835619434459798 0.6213136734236251 -1.1266821338108949e-08 -783.5619434459799 621.3136734236251 -1.1266821338108948e-05
p 0.8431758198477312 0.5376379235360025 -4.753692474467375e-08 843.1758198477312 537.6379235360025 -4.7536924744673747e-05
p 0.9305372592217974 0.36619722718479797 1.4665992799103117e-06 930.5372592217974 366.19722718479795 0.0014665992799103118
p 0.5856735662373737 0.8105470213447169 6.310114189837392e-08 585.6735662373736 810.5470213447169 6.310114189837391e-05
p 0.9316993088927185 0.36323050231062753 -5.367118812755358e-09 931.6993088927185 363.2305023106275 -5.3671188127553585e-06
p -0.4887425443994251 0.872428063105478 -5.794230650601008e-09 -488.7425443994251 872.428063105478 -5.794230650601008e-06
p 0.9952975763926786 0.09686451561661713 -6.420159649417103e-06 995.2975763926786 96.86451561661713 -0.006420159649417103
p -0.04808083519173955 0.9988434478371789 -4.002085831347039e-08 -48.08083519173955 998.8434478371789 -4.002085831347039e-05
p -0.9163672898011985 0.40033859441990177 -5.509729055451917e-07 -916.3672898011986 400.33859441990177 -0.0005509729055451916
p 0.0730497169708809 0.9973283004352208 1.211652183890226e-06 73.04971697088091 997.3283004352209 0.0012116521838902259
p -0.9859739297513905 0.16689940005592435 -1.0562786015008473e-05 -985.9739297513905 166.89940005592436 -0.010562786015008473
p 0.3221667616982336 0.946682934068674 1.3912034742651032e-08 322.1667616982336 946.682934068674 1.3912034742651032e-05
p -0.49555795991789325 0.8685748720530752 -3.000038926826964e-09 -495.55795991789324 868.5748720530752 -3.0000389268269642e-06
p 0.5780964755752218 0.8159684215259171 1.0202576581354674e-07 578.0964755752218 815.968421525917 0.00010202576581354675
p 0.9147600259703961 0.4039976421187301 7.010461524260656e-06 914.7600259703961 403.99764211873014 0.0070104615242606565
p -0.26679015914557747 0.9637546425221917 5.4499510298056155e-09 -266.7901591455775 963.7546425221917 5.449951029805615e-06
p -0.9922091220293852 0.12458353888727226 1.7331926712630926e-08 -992.2091220293852 124.58353888727227 1.7331926712630926e-05
p 0.5253029079962743 0.8509153041582093 -9.523448532763141e-09 525.3029079962744 850.9153041582092 -9.523448532763142e-06
p -0.6520515207743539 0.7581746594656471 -5.1211039366883636e-08 -652.0515207743539 758.1746594656471 -5.1211039366883635e-05
p 0.9556693507865343 0.29444200102438234 4.284207550614961e-08 955.6693507865342 294.44200102438236 4.2842075506149606e-05
p -0.20984363619403432 0.9777349579287812 1.9820957989347335e-05 -209.8436361940343 977.7349579287812 0.019820957989347333
p 0.8831229936463595 0.4691415331145648 -8.829293492027916e-08 883.1229936463595 469.1415331145648 -8.829293492027916e-05
p 0.4308123142844409 0.9024415492766743 -4.99737913244642e-09 430.8123142844409 902.4415492766743 -4.99737913244642e-06
p -0.17390493315498795 0.9847624455798154 -1.4276583059310564e-07 -173.90493315498796 984.7624455798154 -0.00014276583059310565
p 0.7239425228086807 0.6898602928632745 5.829992619245251e-09 723.9425228086807 689.8602928632746 5.829992619245251e-06
p -0.5504512259508012 0.8348673235007223 1.458188155820499e-08 -550.4512259508012 834.8673235007224 1.458188155820499e-05
p 0.21798500582030078 0.9759521183119061 1.6335047004725218e-07 217.98500582030078 975.9521183119061 0.0001633504700472522
p 0.8498590279326117 0.5270100877262245 -8.731178624861484e-06 849.8590279326118 527.0100877262245 -0.008731178624861485
p 0.2576897417885174 0.9662277148669273 -5.782908820232387e-08 257.6897417885174 966.2277148669273 -5.782908820232387e-05
p -0.6633237398790662 0.7483325571648005 -1.9884426474945749e-07 -663.3237398790662 748.3325571648005 -0.0001988442647494575
p 0.9677309374610408 0.2519857780608344 -1.8326240399927677e-05 967.7309374610408 251.98577806083438 -0.01832624039992768
p 0.468601828521459 0.883409489594281 -1.0569238217548505e-06 468.60182852145897 883.409489594281 -0.0010569238217548506
p -0.7750627171331375 0.631884312600177 -4.515977117059875e-09 -775.0627171331374 631.8843126001769 -4.5159771170598754e-06
p -0.23987644993734492 0.9708034243684113 -1.510729254981601e-07 -239.87644993734492 970.8034243684112 -0.0001510729254981601
p -0.9539988923541771 0.29981012889327535 2.7695773796844176e-08 -953.9988923541771 299.81012889327536 2.7695773796844178e-05
p -0.8711136426112797 0.49108148168578 1.344174357627132e-06 -871.1136426112797 491.08148168578 0.001344174357627132
p 0.6550360184518917 0.7555976538679056 9.935182758517812e-08 655.0360184518918 755.5976538679056 9.935182758517813e-05
p -0.2716277259339734 0.9624023994691296 -1.4143906720604976e-08 -271.6277259339734 962.4023994691296 -1.4143906720604976e-05
p -0.18850313826882245 0.9820725873695921 2.4140669454603745e-09 -188.50313826882245 982.0725873695922 2.4140669454603744e-06
p -0.736451968619109 0.6764898357824877 1.4826380787237588e-07 -736.451968619109 676.4898357824877 0.0001482638078723759
p -0.8643018592033388 0.5029734547445104 1.5501222809998966e-07 -864.3018592033388 502.9734547445104 0.00015501222809998966
p 0.9731479440647182 0.23018053558589693 4.357767382404075e-08 973.1479440647182 230.18053558589693 4.357767382404075e-05
p -0.8561145446231626 0.5167861128229971 8.830140587630186e-06 -856.1145446231626 516.7861128229971 0.008830140587630186
p 0.14533200044966355 0.9893829438823464 -2.9119478994304155e-08 145.33200044966355 989.3829438823464 -2.9119478994304155e-05
p 0.511345359114657 0.8593753101580317 -1.639983904843359e-06 511.34535911465696 859.3753101580317 -0.001639983904843359
p 0.3331987133406561 0.942856626124962 -6.203652149279772e-07 333.19871334065607 942.856626124962 -0.0006203652149279771
p 0.19194313292691045 0.9814060491944184 -1.8077757434299133e-05 191.94313292691047 981.4060491944184 -0.01807775743429913
p 0.9843895402284619 0.17600350305571313 9.565564661375352e-07 984.3895402284619 176.00350305571314 0.0009565564661375352
p 0.2888682837590024 0.957368849836952 -4.7049875210302655e-09 288.8682837590024 957.368849836952 -4.704987521030265e-06
p 0.21979834858965003 0.9755453274744645 5.001947765845806e-08 219.79834858965003 975.5453274744646 5.001947765845806e-05
p 0.9756460484220146 0.21935083358605728 1.8999162821128705e-06 975.6460484220146 219.3508335860573 0.0018999162821128706
p 0.7869666914639937 0.6169954833520185 -7.030254072599774e-06 786.9666914639937 616.9954833520185 -0.007030254072599775
p -0.794871648041827 0.6067776059968485 -5.84792467009054e-08 -794.871648041827 606.7776059968485 -5.84792467009054e-05
p -0.07256415180186235 0.9973637470217555 2.8158321679874536e-09 -72.56415180186235 997.3637470217554 2.8158321679874538e-06
p -0.3407606703964323 0.940150076056813 -1.1587521842308694e-06 -340.7606703964323 940.150076056813 -0.0011587521842308694
p -0.5838268531839863 0.8118781962223652 5.411077334404147e-08 -583.8268531839863 811.8781962223652 5.411077334404147e-05
p 0.6081636160872849 0.7938117006364794 -5.079981900450976e-07 608.1636160872848 793.8117006364795 -0.0005079981900450976
case 17 4 180
s 1.0 0.0 0.0 0.0 0.9999999999999551 2.9999999999998654e-07 0.0 -2.9999999999998654e-07 0.9999999999999551 1.0 1.0 0.001 0.0 0.0 0.0 0.0009999999999999551 2.9999999999998656e-10 0.001 0.0
s 0.0 0.9999999999999551 2.9999999999998654e-07 -1.0 0.0 0.0 0.0 -2.9999999999998654e-07 0.9999999999999551 1.0 1.0 0.0 0.0009999999999999551 2.9999999999998656e-10 -0.001 0.0 0.0 0.001 1.0
s -1.0 0.0 0.0 0.0 -1.0 0.0 0.0 0.0 1.0 1.0 1.0 -0.001 0.0 0.0 0.0 -0.001 0.0 0.001 2.0
s 0.0 -1.0 0.0 1.0 0.0 0.0 -0.0 0.0 1.0 1.0 1.0 0.0 -0.001 0.0 0.001 0.0 0.0 0.001 3.0
p -0.9796589298315196 0.20066983061485572 -1.6803774607186697e-05 -0.9796589298315196 0.20066983061485572 -1.6803774607186697e-05
p 0.4226691628395679 0.9062840497066703 5.637051532231038e-06 0.4226691628395679 0.9062840497066703 5.637051532231038e-06
p -0.8272163898234096 0.561786245849699 0.010452673420066252 -0.8272163898234096 0.561786245849699 0.010452673420066252
p -0.9096324109122559 0.4154118107226553 0.0013800471302533208 -0.9096324109122559 0.4154118107226553 0.0013800471302533208
p -0.9983243148786015 0.057866723659501546 6.793442328035047e-05 -0.9983243148786015 0.057866723659501546 6.793442328035047e-05
p -0.8577652243335985 0.5140410827738283 0.0007649474763984231 -0.8577652243335985 0.5140410827738283 0.0007649474763984231
p -0.9741359593963275 0.22596267967223668 2.5176944067367784e-06 -0.9741359593963275 0.22596267967223668 2.5176944067367784e-06
p -0.4787686563212405 0.8779406152188363 0.0009218858526019433 -0.4787686563212405 0.8779406152188363 0.0009218858526019433
p -0.30119326889274495 0.9535631152330611 -6.381420598353425e-06 -0.30119326889274495 0.9535631152330611 -6.381420598353425e-06
p 0.9484905586788099 0.3168005495438349 0.0017526853349367508 0.9484905586788099 0.3168005495438349 0.0017526853349367508
p -0.9797443215241125 0.20025250142668233 1.0658951442185198e-05 -0.9797443215241125 0.20025250142668233 1.0658951442185198e-05
p 0.9981330962397253 0.06107634226690447 -5.105090808448053e-05 0.9981330962397253 0.06107634226690447 -5.105090808448053e-05
p 0.3178204283023527 0.9479540247351265 0.01932206878634837 0.3178204283023527 0.9479540247351265 0.01932206878634837
p -0.77949963867566 0.6264026766005969 7.219670507848781e-06 -0.77949963867566 0.6264026766005969 7.219670507848781e-06
p -0.9966660654559162 0.08157602651657161 -0.0014511603601922855 -0.9966660654559162 0.08157602651657161 -0.0014511603601922855
p 0.7345761861817336 0.6785262126305746 -7.394530157879103e-05 0.7345761861817336 0.6785262126305746 -7.394530157879103e-05
p -0.777936285160413 0.6283431542603909 0.00012932485904906013 -0.777936285160413 0.6283431542603909 0.00012932485904906013
p -0.6805169765753322 0.7327305163979694 0.0016232473422880063 -0.6805169765753322 0.7327305163979694 0.0016232473422880063
p -0.04885515488655772 0.9986859964969553 0.015474309092618143 -0.04885515488655772 0.9986859964969553 0.015474309092618143
p -0.9114873655299089 0.411328071568014 4.414166871231258e-06 -0.9114873655299089 0.411328071568014 4.414166871231258e-06
p 0.46299613852154137 0.8863602814682247 0.0001647716946195236 0.46299613852154137 0.8863602814682247 0.0001647716946195236
p 0.7640699096968117 0.6450783796594709 -0.008429542800042008 0.7640699096968117 0.6450783796594709 -0.008429542800042008
p 0.9399482965000806 0.34131686142179435 3.971419776029408e-06 0.9399482965000806 0.34131686142179435 3.971419776029408e-06
p 0.5366633029269837 0.843796472747952 -0.0001089477638570381 0.5366633029269837 0.843796472747952 -0.0001089477638570381
p 0.9950899971620886 0.09896772932273122 -0.001134063780026313 0.9950899971620886 0.09896772932273122 -0.001134063780026313
p 0.04453431442246533 0.9990078550681863 1.87345313888322e-05 0.04453431442246533 0.9990078550681863 1.87345313888322e-05
p -0.984669286081051 0.17443163835492814 2.4278567021087086e-05 -0.984669286081051 0.17443163835492814 2.4278567021087086e-05
p 0.3614247784877026 0.9324001066393985 0.0014733071483959347 0.3614247784877026 0.9324001066393985 0.0014733071483959347
p 0.7008194509406473 0.7133386884132558 -0.00011311987268447157 0.7008194509406473 0.7133386884132558 -0.00011311987268447157
p 0.9807352870138262 0.19534148585201644 2.6665232172381113e-05 0.9807352870138262 0.19534148585201644 2.6665232172381113e-05
p 0.8418179707310833 0.5397597364517188 0.0013896257669138473 0.8418179707310833 0.5397597364517188 0.0013896257669138473
p 0.9617225404859983 0.2739272238206212 0.0073233306005411475 0.9617225404859983 0.2739272238206212 0.0073233306005411475
p -0.6764163294016023 0.7365194831944541 1.3922546672097711e-05 -0.6764163294016023 0.7365194831944541 1.3922546672097711e-05
p 0.8246500090170681 0.5656433173744662 1.1737062789660766e-05 0.8246500090170681 0.5656433173744662 1.1737062789660766e-05
p -0.8939185104965867 0.44807329694355963 -0.01183288458882887 -0.8939185104965867 0.44807329694355963 -0.01183288458882887
p 0.7773296263128344 0.6290935143281282 -4.781876716548628e-05 0.7773296263128344 0.6290935143281282 -4.781876716548628e-05
p 0.9391876153748091 0.34334596874785317 -0.0063378916981881835 0.9391876153748091 0.34334596874785317 -0.0063378916981881835
p 0.019849872805280135 0.9998029717604061 1.4445581108144541e-05 0.019849872805280135 0.9998029717604061 1.4445581108144541e-05
p -0.7743253598203982 0.6327067220385296 -0.01012131544166354 -0.7743253598203982 0.6327067220385296 -0.01012131544166354
p 0.104469503403276 0.994528089020094 -5.4851734643029455e-05 0.104469503403276 0.994528089020094 -5.4851734643029455e-05
p 0.3072886564232932 0.9516163521075043 5.930743910978398e-06 0.3072886564232932 0.9516163521075043 5.930743910978398e-06
p -0.8495279220701021 0.5275436566002532 2.0221277152107726e-06 -0.8495279220701021 0.5275436566002532 2.0221277152107726e-06
p -0.6671560539491734 0.7449179806469653 4.228256306553995e-05 -0.6671560539491734 0.7449179806469653 4.228256306553995e-05
p 0.32037939954908035 0.9472893116637402 1.8767204699781714e-05 0.32037939954908035 0.9472893116637402 1.8767204699781714e-05
p 0.07920864141184182 0.9968580596648629 2.625872596164411e-06 0.07920864141184182 0.9968580596648629 2.625872596164411e-06
p 0.517931225817565 0.855419987066883 -0.0019725743606501095 0.517931225817565 0.855419987066883 -0.0019725743606501095
p -0.9511262559882023 0.3088022748346177 1.5060873349927945e-05 -0.9511262559882023 0.3088022748346177 1.5060873349927945e-05
p -0.15728291961228213 0.9875535814324197 -8.365546999478736e-05 -0.15728291961228213 0.9875535814324197 -8.365546999478736e-05
p -0.7428321369298871 0.6693618029024963 -0.01245765464672935 -0.7428321369298871 0.6693618029024963 -0.01245765464672935
p 0.8356064530222284 0.5493285495676563 1.7248354113860496e-05 0.8356064530222284 0.5493285495676563 1.7248354113860496e-05
p -0.7586741124646685 0.6514703259328977 -7.419455343005008e-05 -0.7586741124646685 0.6514703259328977 -7.419455343005008e-05
p -0.0008094841711193035 0.999999672357645 4.46983677992907e-06 -0.0008094841711193035 0.999999672357645 4.46983677992907e-06
p 0.24431530344360727 0.9696956130092235 -0.000671277829597363 0.24431530344360727 0.9696956130092235 -0.000671277829597363
p -0.04530728070472086 0.9989730841556433 -0.0001656734908427804 -0.04530728070472086 0.9989730841556433 -0.0001656734908427804
p 0.2828699129980789 0.9591582832447677 1.846444872824826e-06 0.2828699129980789 0.9591582832447677 1.846444872824826e-06
p -0.29597671164942746 0.9551951360255387 -0.00019563829971742277 -0.29597671164942746 0.9551951360255387 -0.00019563829971742277
p -0.9601068128907744 0.2791853152381959 0.015826168079125093 -0.9601068128907744 0.2791853152381959 0.015826168079125093
p -0.9813913936031213 0.191191361541316 -0.01779875933039352 -0.9813913936031213 0.191191361541316 -0.01779875933039352
p 0.7351607398653616 0.6778928282205735 -2.7796502644654084e-06 0.7351607398653616 0.6778928282205735 -2.7796502644654084e-06
p 0.9494444036692687 0.31369251012814114 0.012342342995270648 0.9494444036692687 0.31369251012814114 0.012342342995270648
p 0.7306101556160922 0.6827948451113385 1.1392160592747438e-07 36.53050778080461 34.13974225556692 5.6960802963737195e-06
p -0.6526465563823087 0.7576625056331562 3.8873228284785804e-08 -32.63232781911544 37.88312528165781 1.9436614142392903e-06
p 0.47577964867617784 0.8795645092340896 1.1696179175723352e-06 23.78898243380889 43.978225461704476 5.848089587861676e-05
p 0.7929131665265822 0.6093346456158579 9.927413543305035e-07 39.645658326329105 30.466732280792897 4.9637067716525176e-05
p 0.9878118197958258 0.1556528009549101 0.00011927510359649951 49.39059098979129 7.782640047745505 0.0059637551798249755
p 0.7383812339460595 0.674383535798623 -2.05013194822212e-07 36.91906169730297 33.71917678993115 -1.0250659741110599e-05
p -0.9659363595134844 0.2587797313728716 -6.488512082462379e-07 -48.29681797567422 12.938986568643578 -3.244256041231189e-05
p -0.5715288512737328 0.8205819709671073 -3.2946398795551973e-05 -28.576442563686637 41.029098548355364 -0.0016473199397775986
p 0.0030781355247521654 0.9999952137652104 0.0003122953130955822 0.15390677623760826 49.99976068826052 0.01561476565477911
p 0.6311995963370725 0.7756204125465166 -0.00021266191110695014 31.559979816853623 38.78102062732583 -0.010633095555347506
p 0.728414017154035 0.6851372268483944 -1.1399763756607235e-07 36.420700857701746 34.25686134241972 -5.699881878303617e-06
p 0.17750685694213025 0.9841195637413226 -3.39243733338225e-07 8.875342847106513 49.20597818706613 -1.6962186666911252e-05
p -0.33237920349734834 0.943145834172748 -2.3770988103065465e-05 -16.618960174867418 47.1572917086374 -0.0011885494051532732
p -0.34164209471937995 0.9398301331174904 3.385059176484499e-07 -17.082104735968997 46.991506655874524 1.6925295882422494e-05
p 0.5555799803874186 0.8314630992369356 1.5975795001615847e-07 27.778999019370932 41.57315496184678 7.987897500807924e-06
p 0.7375744915188381 0.6752657769060219 4.84061155030952e-07 36.87872457594191 33.76328884530109 2.4203057751547602e-05
p -0.9961408862665204 0.08776864303681038 2.7619611181631218e-06 -49.807044313326024 4.388432151840519 0.00013809805590815608
p 0.5350652187483562 0.8448107549535571 -7.580502585458438e-07 26.75326093741781 42.240537747677855 -3.790251292729219e-05
p 0.312801083676989 0.9498186019972703 -0.0003245773443474552 15.64005418384945 47.49093009986352 -0.01622886721737276
p 0.5302283880843883 0.8478548366784905 -0.0001799731133558607 26.511419404219417 42.392741833924525 -0.008998655667793034
p -0.5632949566130678 0.8262558876366697 1.4562605492760515e-07 -28.16474783065339 41.312794381833484 7.281302746380257e-06
p -0.3188153324736407 0.9478168513904539 -9.099917045491531e-08 -15.940766623682034 47.3908425695227 -4.549958522745766e-06
p 0.5570601354839134 0.8304721581399468 -3.003860074086169e-06 27.85300677419567 41.52360790699734 -0.00015019300370430844
p 0.7927676526530012 0.6095239526874409 -2.7071707453023935e-06 39.63838263265006 30.476197634372042 -0.00013535853726511968
p -0.8142729031035503 0.5804822461763394 -3.38435849064174e-05 -40.71364515517752 29.024112308816967 -0.0016921792453208702
p 0.40736499679081045 0.913265437529401 -1.9633849697341795e-06 20.36824983954052 45.66327187647005 -9.816924848670898e-05
p 0.37954477272452997 0.9251733705075612 1.0787386017724747e-06 18.9772386362265 46.25866852537806 5.393693008862373e-05
p 0.887986233984933 0.459870034086499 -1.5931627047765849e-06 44.39931169924665 22.993501704324952 -7.965813523882924e-05
p 0.9273655292992661 0.3741566183664831 -2.2389533675359143e-07 46.3682764649633 18.707830918324156 -1.1194766837679571e-05
p -0.9915072527902581 0.13005140392955827 -5.159290385344117e-07 -49.5753626395129 6.5025701964779135 -2.5796451926720586e-05
p -0.9786857936560067 0.20536337866111515 8.965009785167618e-07 -48.93428968280033 10.268168933055758 4.482504892583809e-05
p -0.36968154534667275 0.9291585198608916 -1.144093817441637e-07 -18.48407726733364 46.45792599304458 -5.720469087208185e-06
p -0.974847277395865 0.22287392344946946 -3.311336069791543e-07 -48.74236386979325 11.143696172473474 -1.6556680348957715e-05
p 0.3418319772739941 0.9397610862942501 4.816129916035183e-08 17.091598863699705 46.98805431471251 2.4080649580175916e-06
p 0.8361643452911958 0.5484789765010397 -3.43639180244619e-07 41.80821726455979 27.423948825051987 -1.718195901223095e-05
p 0.05359183754533195 0.9985629248818071 7.316288888526858e-08 2.6795918772665974 49.92814624409036 3.658144444263429e-06
p 0.24398154244920403 0.9697798755099443 -1.563563962064534e-07 12.199077122460201 48.488993775497214 -7.81781981032267e-06
p 0.6925017114807942 0.7214162318631298 -7.576232014840147e-07 34.62508557403971 36.070811593156485 -3.788116007420073e-05
p -0.7320261536212234 0.6812765295936427 -2.528555955086336e-05 -36.601307681061165 34.063826479682135 -0.001264277977543168
p 0.624857237031702 0.780739030232472 -8.755987945240806e-07 31.2428618515851 39.0369515116236 -4.377993972620403e-05
p -0.8847905893774297 0.46598885495735093 2.162799954359447e-06 -44.23952946887149 23.299442747867545 0.00010813999771797234
p 0.5302229008100241 0.8478582873668198 -8.161001782918832e-08 26.511145040501205 42.39291436834099 -4.0805008914594155e-06
p -0.1801569913975742 0.9836378695691633 1.103235182414343e-07 -9.00784956987871 49.181893478458164 5.516175912071715e-06
p -0.740044560430448 0.6725578403200959 -1.1285262966724859e-06 -37.0022280215224 33.62789201600479 -5.64263148336243e-05
p 0.9920738826206071 0.12565591894006595 3.8175927894278136e-05 49.60369413103036 6.282795947003297 0.0019087963947139069
p 0.25480576428658663 0.9669922556492045 -8.899300641056194e-07 12.740288214329333 48.34961278246023 -4.4496503205280974e-05
p -0.14210956264411984 0.9898509343356175 4.430950891448682e-08 -7.105478132205992 49.49254671678088 2.215475445724341e-06
p -0.5576884818865193 0.830050334119022 9.73241782900263e-08 -27.884424094325965 41.502516705951095 4.866208914501315e-06
p -0.007325819215742728 0.9999731658257675 -1.100279973760837e-06 -0.3662909607871364 49.99865829128837 -5.501399868804185e-05
p -0.022452403287686228 0.9997479130121558 3.800812323623795e-06 -1.1226201643843114 49.987395650607795 0.00019004061618118975
p -0.13378843391772394 0.9910099164181226 2.2600631840033253e-05 -6.689421695886197 49.55049582090613 0.0011300315920016626
p 0.6946057012347572 0.7193906586845679 3.0910993387760303e-06 34.73028506173786 35.96953293422839 0.0001545549669388015
p -0.9781344822936455 0.20797339865492698 2.466583505399691e-07 -48.90672411468228 10.39866993274635 1.2332917526998457e-05
p -0.9739022244132501 0.22696768576175227 0.0003562343019012972 -48.695111220662504 11.348384288087614 0.017811715095064858
p 0.5452276629907142 0.8382880146522932 3.0847346157580206e-08 27.26138314953571 41.91440073261466 1.5423673078790103e-06
p 0.46832624508018095 0.8835556169076717 -4.455250281368315e-08 23.416312254009046 44.17778084538359 -2.2276251406841576e-06
p 0.9289196773648093 0.37028128771810587 -3.114931873088761e-05 46.44598386824047 18.514064385905293 -0.0015574659365443807
p 0.5551086411916335 0.8317778185429405 0.00023886047256710724 27.755432059581675 41.58889092714703 0.011943023628355363
p -0.9919773188433276 0.12641596936446792 -3.987537093495504e-05 -49.598865942166384 6.320798468223396 -0.001993768546747752
p -0.333763552489124 0.9426568256925678 -2.24758963476933e-06 -16.6881776244562 47.13284128462839 -0.0001123794817384665
p -0.5181030376246971 0.8553182111963137 3.361227689458372e-09 -518.1030376246971 855.3182111963137 3.361227689458372e-06
p -0.7567188096728845 0.6537405012361919 -1.1432644187292925e-05 -756.7188096728845 653.7405012361919 -0.011432644187292925
p 0.950671716462216 0.31019878710076204 -3.471928232016019e-09 950.6717164622161 310.19878710076205 -3.4719282320160187e-06
p -0.9607278680204971 0.27749227666511395 4.694487762365502e-08 -960.7278680204971 277.49227666511393 4.694487762365502e-05
p 0.7274498950665387 0.6861608047428867 -1.4222381001425488e-05 727.4498950665387 686.1608047428866 -0.014222381001425487
p -0.13353812411005683 0.9910436767874394 -1.0430748164029648e-05 -133.53812411005683 991.0436767874394 -0.010430748164029648
p 0.06673944479167196 0.9977704377805849 1.981198530334722e-07 66.73944479167196 997.770437780585 0.0001981198530334722
p 0.9958314417688912 0.09121260649965632 -1.7431454626554822e-07 995.8314417688912 91.21260649965632 -0.00017431454626554822
p -0.9468228348695663 0.32175537188518144 -5.708475514277686e-06 -946.8228348695663 321.75537188518143 -0.005708475514277686
p 0.20736782023998612 0.9782630459794117 1.3601815054306477e-08 207.36782023998612 978.2630459794117 1.3601815054306477e-05
p -0.4174770039468898 0.9086874881803574 -3.913854053028612e-08 -417.4770039468898 908.6874881803574 -3.9138540530286116e-05
p -0.996596979063431 0.08242852250066839 -4.1562327145808176e-09 -996.596979063431 82.42852250066838 -4.156232714580817e-06
p -0.7801894524908644 0.6255432984390481 -3.797888121961898e-08 -780.1894524908644 625.5432984390482 -3.797888121961898e-05
p -0.6057677469788633 0.7956415252613002 1.539595188764414e-07 -605.7677469788632 795.6415252613002 0.00015395951887644141
p 0.8509983557522478 0.5251683525375179 -4.488520546126753e-09 850.9983557522478 525.1683525375179 -4.4885205461267535e-06
p -0.9754085606140329 0.22040449151698407 1.303371337738226e-08 -975.4085606140329 220.40449151698408 1.3033713377382261e-05
p -0.9606809986043284 0.2776544951972074 -1.4743618754104325e-05 -960.6809986043285 277.65449519720744 -0.014743618754104326
p -0.7099077911877748 0.7042946315363116 1.6126204678659877e-07 -709.9077911877748 704.2946315363115 0.00016126204678659878
p 0.9817324264221537 0.1902667677532529 1.5134215954711773e-08 981.7324264221537 190.2667677532529 1.5134215954711773e-05
p -0.237350732598087 0.9714240215965705 5.451729585724145e-07 -237.350732598087 971.4240215965705 0.0005451729585724145
p 0.12381282444681123 0.9923055902807866 -5.279797641408757e-08 123.81282444681123 992.3055902807865 -5.2797976414087566e-05
p 0.6197621858973703 0.7847896743279084 9.559968843543797e-08 619.7621858973703 784.7896743279084 9.559968843543797e-05
p -0.812206150495916 0.5833705247067298 2.0376695150351064e-08 -812.2061504959161 583.3705247067298 2.0376695150351066e-05
p 0.16725454825105035 0.9859137467272461 -1.0177469024939691e-05 167.25454825105035 985.9137467272461 -0.01017746902493969
p -0.5989103222565366 0.8008160999209927 1.3792069350240485e-06 -598.9103222565366 800.8160999209927 0.0013792069350240484
p 0.9379994203676156 0.34663682347429886 -1.2903554671515622e-06 937.9994203676156 346.63682347429886 -0.0012903554671515622
p 0.9214899166622242 0.38840228306466873 -5.488113594629041e-09 921.4899166622242 388.4022830646687 -5.4881135946290405e-06
p 0.28076072358949944 0.9597777951638078 2.5577280717394543e-08 280.76072358949943 959.7777951638078 2.5577280717394543e-05
p 0.14110560753261595 0.9899945492382187 -1.211400898454614e-06 141.10560753261595 989.9945492382187 -0.0012114008984546142
p 0.7788089205024504 0.6272612417036728 -1.4746362133969383e-06 778.8089205024504 627.2612417036728 -0.0014746362133969382
p 0.8668096540056612 0.4986391718689631 -6.485406863883786e-07 866.8096540056613 498.6391718689631 -0.0006485406863883786
p -0.009473323412136232 0.9999551270515876 5.174198003907957e-06 -9.473323412136232 999.9551270515876 0.005174198003907957
p 0.9762058727453633 0.21684578338531688 -1.566754035395211e-05 976.2058727453633 216.84578338531688 -0.015667540353952108
p 0.1250445535632063 0.9921511274116348 -1.8287394430243993e-08 125.04455356320629 992.1511274116348 -1.8287394430243993e-05
p -0.912967082044769 0.4080332181362929 -2.6149741076777468e-08 -912.967082044769 408.0332181362929 -2.614974107677747e-05
p -0.19067705409392827 0.9816528210330072 -5.6901816868400784e-09 -190.67705409392826 981.6528210330072 -5.690181686840079e-06
p -0.010307578281666974 0.9999468755038753 -6.761417342541934e-08 -10.307578281666974 999.9468755038753 -6.761417342541934e-05
p 0.9956126384346863 0.09357068979382395 -1.4164416273510882e-05 995.6126384346862 93.57068979382395 -0.014164416273510883
p 0.45783590607309116 0.889036716401256 -8.392766232417435e-07 457.83590607309117 889.0367164012561 -0.0008392766232417435
p -0.021155313218508703 0.9997762013183709 -1.8775466299366676e-07 -21.155313218508702 999.7762013183709 -0.00018775466299366677
p 0.37301294108803956 0.9278261396501842 1.9044360323366565e-05 373.01294108803955 927.8261396501842 0.019044360323366566
p -0.9955842585759664 0.09387216880280996 7.827360334006257e-09 -995.5842585759665 93.87216880280997 7.827360334006256e-06
p 0.312149319333689 0.95003305334052 5.8465506535666505e-08 312.149319333689 950.03305334052 5.84655065356665e-05
p 0.9843596159167889 0.17617078802158162 -8.32181281473745e-08 984.3596159167889 176.17078802158161 -8.32181281473745e-05
p -0.4413056654465399 0.8973568463241274 5.578620213892788e-08 -441.3056654465399 897.3568463241273 5.578620213892788e-05
p 0.6700089921103329 0.7423529824088206 1.5885977158777442e-07 670.0089921103329 742.3529824088206 0.00015885977158777443
p 0.9852655007548419 0.1710318479766573 -1.843631922628989e-08 985.2655007548419 171.0318479766573 -1.843631922628989e-05
p 0.8130185341955529 0.5822378062737864 5.728465091167756e-08 813.0185341955529 582.2378062737864 5.728465091167756e-05
p -0.4090911333176577 0.9124935312725146 5.166329620417652e-06 -409.0911333176577 912.4935312725147 0.005166329620417652
p -0.3306318107470669 0.943759824172504 1.1887915697417203e-08 -330.6318107470669 943.7598241725041 1.1887915697417202e-05
p -0.9835196937280964 0.1808010288936182 1.876607694864957e-08 -983.5196937280964 180.80102889361822 1.876607694864957e-05
p 0.6582529151717794 0.7527968515262607 5.669581181261399e-08 658.2529151717794 752.7968515262608 5.669581181261399e-05
p -0.06680583208239901 0.9977659950107431 9.79735219672242e-09 -66.80583208239901 997.7659950107432 9.79735219672242e-06
p 0.22748377280006535 0.9737818714232918 -5.0994802620520785e-09 227.48377280006534 973.7818714232917 -5.099480262052079e-06
p 0.9848650359997935 0.17332299551297678 -9.567350749424571e-06 984.8650359997935 173.32299551297677 -0.009567350749424572
p 0.8165479971184239 0.5772775488462114 2.269695796652348e-08 816.5479971184238 577.2775488462114 2.269695796652348e-05
p 0.14714762184844307 0.989114542095276 -3.472934464695943e-09 147.14762184844307 989.1145420952761 -3.4729344646959433e-06
p -0.9939808021885592 0.10955439095694199 1.739660768532857e-05 -993.9808021885592 109.55439095694199 0.01739660768532857
p 0.7967849269864287 0.6042630057576179 -2.771949573386631e-08 796.7849269864287 604.263005757618 -2.7719495733866307e-05
p 0.1818386405668964 0.9833283829898366 1.8374776821152354e-06 181.83864056689637 983.3283829898367 0.0018374776821152353
case 18 4 180
s 0.0 0.9999999999999551 2.9999999999998654e-07 1.0 0.0 0.0 0.0 2.9999999999998654e-07 -0.9999999999999551 1.0 1.0 0.0 0.009999999999999551 2.9999999999998656e-09 0.01 0.0 0.0 0.01 0.0
s -1.0 0.0 0.0 0.0 0.9999999999999551 2.9999999999998654e-07 0.0 2.9999999999998654e-07 -0.9999999999999551 1.0 1.0 -0.01 0.0 0.0 0.0 0.009999999999999551 2.9999999999998656e-09 0.01 1.0
s 0.0 -1.0 0.0 -1.0 0.0 0.0 -0.0 -0.0 -1.0 1.0 1.0 0.0 -0.01 0.0 -0.01 0.0 0.0 0.01 2.0
s 1.0 0.0 0.0 0.0 -1.0 0.0 0.0 0.0 -1.0 1.0 1.0 0.01 0.0 0.0 0.0 -0.01 0.0 0.01 3.0
p 0.9896502317027177 0.14350058835607232 -5.676120523326469e-06 0.9896502317027177 0.14350058835607232 -5.676120523326469e-06
p 0.9220088773063173 0.3871687064541314 0.00015136373090274328 0.9220088773063173 0.3871687064541314 0.00015136373090274328
p 0.0006687932674773739 0.9999997762275595 1.6136801333172374e-05 0.0006687932674773739 0.9999997762275595 1.6136801333172374e-05
p -0.5286504596818113 0.8486481971993081 0.0180257834385609 -0.5286504596818113 0.8486481971993081 0.0180257834385609
p 0.3727899286704483 0.9279157627931008 7.900620174062839e-05 0.3727899286704483 0.9279157627931008 7.900620174062839e-05
p 0.5965774076969881 0.8025555411303932 5.142318511510281e-06 0.5965774076969881 0.8025555411303932 5.142318511510281e-06
p 0.25110402788524977 0.9679601060566759 1.6203472976399065e-05 0.25110402788524977 0.9679601060566759 1.6203472976399065e-05
p 0.13440986770740906 0.9909248338589749 0.0014003943872870964 0.13440986770740906 0.9909248338589749 0.0014003943872870964
p 0.5039057243066882 0.8637586589461071 -1.0323495333774697e-05 0.5039057243066882 0.8637586589461071 -1.0323495333774697e-05
p 0.02920367035691727 0.9995715604120748 -0.0019599114914671156 0.02920367035691727 0.9995715604120748 -0.0019599114914671156
p -0.9974195151255191 0.07179349808429193 -6.692977929855503e-05 -0.9974195151255191 0.07179349808429193 -6.692977929855503e-05
p -0.9690054909055104 0.24703918430163088 -3.8152160703105845e-06 -0.9690054909055104 0.24703918430163088 -3.8152160703105845e-06
p -0.3271424396202039 0.9449750192026406 -0.00019308627673158968 -0.3271424396202039 0.9449750192026406 -0.00019308627673158968
p -0.8644165823302852 0.5024579257692023 -0.017888684248434768 -0.8644165823302852 0.5024579257692023 -0.017888684248434768
p 0.6272399499664972 0.7787690820602253 -0.009421358346866967 0.6272399499664972 0.7787690820602253 -0.009421358346866967
p -0.6431455238081978 0.765743973772376 -4.285755252354639e-05 -0.6431455238081978 0.765743973772376 -4.285755252354639e-05
p 0.07856075783854194 0.9969093250835086 -6.992408374411152e-05 0.07856075783854194 0.9969093250835086 -6.992408374411152e-05
p 0.9812580149614591 0.1926984897504959 1.1035176519523227e-05 0.9812580149614591 0.1926984897504959 1.1035176519523227e-05
p -0.9817997403050996 0.18991909631657267 8.240834607656774e-05 -0.9817997403050996 0.18991909631657267 8.240834607656774e-05
p -0.7108439989832587 0.7033497054401412 -3.109269494983741e-05 -0.7108439989832587 0.7033497054401412 -3.109269494983741e-05
p 0.4807128145524256 0.8768429699103246 -0.007848314718902695 0.4807128145524256 0.8768429699103246 -0.007848314718902695
p -0.6705132157204858 0.7418975852629762 -2.2915896710261576e-05 -0.6705132157204858 0.7418975852629762 -2.2915896710261576e-05
p -0.5903367987049026 0.8071570240487 -5.122200392952962e-05 -0.5903367987049026 0.8071570240487 -5.122200392952962e-05
p 0.7191807625503319 0.694823021182398 -3.5338196623554234e-06 0.7191807625503319 0.694823021182398 -3.5338196623554234e-06
p -0.9974010069557843 0.07204559738821366 -0.0008143835479316414 -0.9974010069557843 0.07204559738821366 -0.0008143835479316414
p 0.9080426467589024 0.4188777074777438 0.0001335862155328992 0.9080426467589024 0.4188777074777438 0.0001335862155328992
p -0.9795733399227072 0.20108722380519606 -1.1618571982139229e-05 -0.9795733399227072 0.20108722380519606 -1.1618571982139229e-05
p 0.24730140588127575 0.9689222867148577 -0.005622895730474151 0.24730140588127575 0.9689222867148577 -0.005622895730474151
p -0.6936052092362223 0.7203553340658023 -8.002076436618021e-05 -0.6936052092362223 0.7203553340658023 -8.002076436618021e-05
p 0.21881881520938012 0.9757655076117735 -1.629420471698936e-05 0.21881881520938012 0.9757655076117735 -1.629420471698936e-05
p 0.9574606082921441 0.28856400253092795 -3.4882697288099617e-06 0.9574606082921441 0.28856400253092795 -3.4882697288099617e-06
p -0.7761022415097119 0.6306070704350022 -0.00018286876521781377 -0.7761022415097119 0.6306070704350022 -0.00018286876521781377
p -0.5856886225557372 0.8105361419053673 -8.597998266437472e-06 -0.5856886225557372 0.8105361419053673 -8.597998266437472e-06
p 0.4449293445877777 0.8955656737417097 4.837611303678101e-05 0.4449293445877777 0.8955656737417097 4.837611303678101e-05
p -0.8836382458752595 0.4677814068807105 0.019078936112837487 -0.8836382458752595 0.4677814068807105 0.019078936112837487
p -0.010081753364039842 0.9999491650403981 0.00015995035960646178 -0.010081753364039842 0.9999491650403981 0.00015995035960646178
p -0.9979788708073918 0.06354662122093359 -1.879910534190944e-05 -0.9979788708073918 0.06354662122093359 -1.879910534190944e-05
p 0.623821887392762 0.781432681322771 -0.014464348254830837 0.623821887392762 0.781432681322771 -0.014464348254830837
p 0.5213003229501004 0.8533729665150234 0.0007438504352279509 0.5213003229501004 0.8533729665150234 0.0007438504352279509
p -0.9493151536642646 0.3143231976962241 0.0012908963608056377 -0.9493151536642646 0.3143231976962241 0.0012908963608056377
p 0.05866930109356947 0.9982774729976472 -3.8241165161222655e-06 0.05866930109356947 0.9982774729976472 -3.8241165161222655e-06
p -0.7293630348366281 0.684126862058868 4.836342166419898e-06 -0.7293630348366281 0.684126862058868 4.836342166419898e-06
p 0.5559494856440454 0.8312160716371805 -0.00010800081081270616 0.5559494856440454 0.8312160716371805 -0.00010800081081270616
p -0.9937855087099031 0.11131200157406132 3.136519299014972e-05 -0.9937855087099031 0.11131200157406132 3.136519299014972e-05
p -0.36682191108977225 0.9302624168664695 -0.00731582600955981 -0.36682191108977225 0.9302624168664695 -0.00731582600955981
p 0.8117934005281443 0.5839436065553459 0.0011572476343742779 0.8117934005281443 0.5839436065553459 0.0011572476343742779
p 0.9936988539563331 0.11177817837212092 -0.00825993254698463 0.9936988539563331 0.11177817837212092 -0.00825993254698463
p 0.6603096642749912 0.7509934402077505 5.475091009994172e-06 0.6603096642749912 0.7509934402077505 5.475091009994172e-06
p -0.5633070242676321 0.8262476593362708 4.303579022311175e-05 -0.5633070242676321 0.8262476593362708 4.303579022311175e-05
p -0.36414278885244983 0.9313413304780203 -0.001831794254618576 -0.36414278885244983 0.9313413304780203 -0.001831794254618576
p 0.5997617119155109 0.800178660619747 -2.9939412949328305e-06 0.5997617119155109 0.800178660619747 -2.9939412949328305e-06
p 0.8780860042162973 0.4785028398640248 3.796735819284921e-05 0.8780860042162973 0.4785028398640248 3.796735819284921e-05
p 0.17379244247205114 0.9847821457789699 -0.0005588332187911737 0.17379244247205114 0.9847821457789699 -0.0005588332187911737
p -0.32685074050371926 0.9450759713275964 4.3027557396151045e-05 -0.32685074050371926 0.9450759713275964 4.3027557396151045e-05
p 0.3264739182911897 0.9452062105805357 1.247324601632278e-05 0.3264739182911897 0.9452062105805357 1.247324601632278e-05
p 0.21389106709126562 0.9768575158089428 -7.229205242515506e-05 0.21389106709126562 0.9768575158089428 -7.229205242515506e-05
p 0.7062842750267786 0.7079283316985069 5.335417765156188e-06 0.7062842750267786 0.7079283316985069 5.335417765156188e-06
p -0.10580607804582852 0.9943867828092461 4.778857454367315e-06 -0.10580607804582852 0.9943867828092461 4.778857454367315e-06
p 0.19539225670946636 0.9807251734732002 1.1573397685605037e-05 0.19539225670946636 0.9807251734732002 1.1573397685605037e-05
p 0.5029800226550685 0.8642970374998057 0.0013144500622916113 0.5029800226550685 0.8642970374998057 0.0013144500622916113
p 0.024419464933326356 0.9997017999987008 2.8490838105826835e-05 1.2209732466663177 49.98508999993504 0.0014245419052913418
p 0.40017051444342233 0.9164407010227404 -2.964852107801331e-05 20.008525722171118 45.82203505113702 -0.0014824260539006654
p -0.8501233322011748 0.5265836306296946 1.4256241754407264e-07 -42.506166610058735 26.32918153148473 7.1281208772036325e-06
p -0.7691454283484074 0.6390737907711671 3.4007618065912417e-07 -38.45727141742037 31.953689538558354 1.7003809032956208e-05
p 0.9696707159594902 0.2444150212298053 2.8006541505119963e-06 48.48353579797451 12.220751061490265 0.00014003270752559982
p -0.8833865517303562 0.46864506690628255 3.855329662005826e-05 -44.16932758651781 23.432253345314127 0.0019276648310029131
p -0.8472703615172006 0.531161872214531 2.5810295161355544e-07 -42.36351807586003 26.55809361072655 1.2905147580677772e-05
p 0.771417284084006 0.6363296109851049 -3.270388154619557e-08 38.5708642042003 31.816480549255242 -1.6351940773097784e-06
p 0.8517660399152679 0.5239223351279815 1.0513782985202759e-06 42.588301995763395 26.196116756399075 5.256891492601379e-05
p -0.6316616142041287 0.7752442224657146 -2.597237761904301e-05 -31.583080710206435 38.76221112328573 -0.0012986188809521505
p 0.46319334173965615 0.8862572580295203 -2.7532643377410362e-05 23.159667086982807 44.31286290147602 -0.001376632168870518
p 0.8086683503448492 0.5882648205957395 -5.357343285642284e-08 40.43341751724246 29.413241029786974 -2.6786716428211422e-06
p -0.822074398090486 0.5693800874645425 -1.742215798284424e-06 -41.1037199045243 28.469004373227126 -8.71107899142212e-05
p -0.6840902184090762 0.7293974039502517 -1.3698759131488136e-05 -34.204510920453814 36.469870197512584 -0.0006849379565744068
p 0.3991881262913011 0.9168690418010257 -3.861267531159525e-06 19.959406314565058 45.84345209005129 -0.00019306337655797625
p 0.9279256780801918 0.37276525583717873 2.430725212905813e-07 46.396283904009586 18.638262791858935 1.2153626064529063e-05
p 0.9073558019421581 0.4203634721066091 -6.157532559502698e-07 45.36779009710791 21.018173605330457 -3.078766279751349e-05
p -0.5195957144313085 0.8544122503446776 2.358414019305717e-06 -25.979785721565424 42.72061251723388 0.00011792070096528585
p 0.5750309823248673 0.8181316332756791 4.098927311592584e-07 28.751549116243364 40.90658166378395 2.049463655796292e-05
p -0.9572661859270235 0.2892083146787187 1.1935183173238092e-06 -47.863309296351176 14.460415733935935 5.967591586619046e-05
p -0.16075241103070123 0.9869947624568665 3.507891678299322e-05 -8.037620551535062 49.34973812284332 0.001753945839149661
p 0.5481142994568774 0.8364034400857363 1.1985105214546983e-05 27.40571497284387 41.82017200428682 0.0005992552607273491
p 0.16020045678215092 0.9870845017691344 -3.73763253672966e-06 8.010022839107545 49.35422508845672 -0.000186881626836483
p 0.7228863212363053 0.6909669793623477 5.60615560828954e-07 36.14431606181526 34.54834896811739 2.80307780414477e-05
p 0.9949664092074136 0.1002090043188334 1.5276369594788456e-06 49.748320460370685 5.0104502159416695 7.638184797394228e-05
p -0.9910062441492146 0.13381563457686216 2.429621671429151e-07 -49.55031220746073 6.690781728843108 1.2148108357145754e-05
p -0.9113456944432466 0.4116418652411005 7.642603144997805e-07 -45.567284722162334 20.582093262055025 3.821301572498903e-05
p -0.8804068680086471 0.4742190915212038 9.462147709544728e-08 -44.02034340043235 23.71095457606019 4.731073854772364e-06
p 0.4297741987100272 0.9029363976064575 7.921506301519358e-07 21.48870993550136 45.14681988032287 3.960753150759679e-05
p 0.7287620146257792 0.6847670596914938 -2.0455811258602356e-07 36.438100731288955 34.23835298457469 -1.0227905629301178e-05
p 0.9302466106921911 0.36693493060102417 -7.160934221994106e-07 46.51233053460955 18.34674653005121 -3.580467110997053e-05
p -0.5464789231456771 0.8374728572058676 9.90755160641272e-07 -27.323946157283856 41.87364286029338 4.95377580320636e-05
p 0.9729097075880063 0.23118542532136044 -4.318561302006252e-08 48.64548537940031 11.559271266068022 -2.159280651003126e-06
p -0.613559501980604 0.7896484890043802 3.6638946710849556e-05 -30.677975099030203 39.482424450219014 0.001831947335542478
p -0.019004311896453668 0.9998194017562371 -1.0689602309386188e-06 -0.9502155948226834 49.99097008781185 -5.344801154693094e-05
p 0.5163177032718683 0.8563970466461512 -0.0003574686181868627 25.815885163593418 42.81985233230756 -0.017873430909343135
p 0.035384676638047265 0.9993737662448298 9.193185104043693e-07 1.7692338319023633 49.96868831224149 4.5965925520218466e-05
p -0.538180775972572 0.8428294325479311 -2.1196667328689226e-06 -26.909038798628597 42.141471627396555 -0.00010598333664344613
p 0.0009979942038897064 0.9999995020036593 -5.057538163428392e-08 0.049899710194485324 49.999975100182965 -2.528769081714196e-06
p 0.9982743990687336 0.05872156852299278 -3.9422814770063575e-05 49.91371995343668 2.9360784261496393 -0.001971140738503179
p 0.10411720176069945 0.9945650347191356 3.412691110322847e-06 5.205860088034973 49.72825173595678 0.00017063455551614236
p 0.9566981876493045 0.2910817372294849 3.6995409126888854e-08 47.83490938246523 14.554086861474245 1.8497704563444426e-06
p 0.3092944277218868 0.950966327989133 3.324928680465172e-06 15.464721386094341 47.54831639945665 0.0001662464340232586
p -0.9954797015386876 0.09497454225399041 -1.2169243083011764e-05 -49.77398507693438 4.7487271126995205 -0.0006084621541505882
p 0.6202203805661898 0.7844276126764221 1.0487987707529515e-06 31.011019028309487 39.221380633821106 5.243993853764757e-05
p -0.763573617918652 0.6457206914730313 -0.00034441575272584947 -38.1786808959326 32.28603457365157 -0.017220787636292475
p -0.8449268038864606 0.5348819459209024 1.4420427921849491e-06 -42.246340194323025 26.744097296045123 7.210213960924746e-05
p -0.9819891359007603 0.1889373890283996 9.657586463581704e-08 -49.099456795038016 9.44686945141998 4.828793231790852e-06
p -0.954955125645061 0.29675024514331094 3.407452687796575e-06 -47.74775628225305 14.837512257165548 0.00017037263438982877
p -0.12605885769625638 0.9920227640505069 -1.381102613436106e-06 -6.302942884812819 49.60113820252535 -6.90551306718053e-05
p 0.331677380383759 0.9433928743298571 -2.32763586391731e-06 16.58386901918795 47.16964371649286 -0.00011638179319586551
p 0.9981645769031066 0.060559498229157634 0.0001568122284583395 49.90822884515533 3.0279749114578816 0.007840611422916975
p -0.14027166417162892 0.9901130542672687 2.4972598501974746e-07 -7.013583208581446 49.50565271336343 1.2486299250987373e-05
p -0.6006438242699854 0.7995167257607398 -3.993936560244418e-05 -30.03219121349927 39.975836288036994 -0.001996968280122209
p 0.48836537579143824 0.8726392494699712 -3.545803817755756e-06 24.41826878957191 43.63196247349856 -0.00017729019088778781
p -0.8994637132219812 0.4369954560369239 8.152391794221358e-08 -44.97318566109906 21.849772801846196 4.076195897110679e-06
p -0.9738690502976127 0.22711018124822885 -0.0001960760631242386 -48.69345251488063 11.355509062411443 -0.00980380315621193
p -0.9817580482809555 0.1901344258593916 0.00018638317722766086 -49.087902414047775 9.50672129296958 0.009319158861383042
p 0.7234574979565076 0.6903688379138476 0.0003410102542938562 36.17287489782538 34.51844189569238 0.01705051271469281
p 0.950993255866123 0.3092116221740759 3.1027759850511563e-06 47.549662793306155 15.460581108703794 0.0001551387992525578
p 0.06927495103233333 0.9975976048284528 -4.407753404267291e-08 69.27495103233333 997.5976048284529 -4.407753404267291e-05
p -0.8388360270882798 0.5443841655106695 5.5017757894925575e-08 -838.8360270882797 544.3841655106695 5.5017757894925575e-05
p 0.49162603639855884 0.8708064310367964 -3.741916599765008e-09 491.6260363985588 870.8064310367964 -3.7419165997650083e-06
p 0.3017405109866681 0.953390090167452 -4.691935924645671e-08 301.7405109866681 953.3900901674521 -4.6919359246456716e-05
p -0.6371718890738787 0.7707217291435507 1.6103174296965984e-08 -637.1718890738787 770.7217291435508 1.6103174296965985e-05
p 0.6931915697435455 0.7207533889177881 5.5125689011299754e-08 693.1915697435454 720.753388917788 5.5125689011299755e-05
p 0.9703572798314533 0.2416748838379743 6.697324935986325e-08 970.3572798314533 241.6748838379743 6.697324935986325e-05
p -0.13641480927847183 0.9906518055344152 9.598433527403602e-07 -136.41480927847184 990.6518055344152 0.0009598433527403602
p 0.19435754512311043 0.9809307542603133 1.0559602684865207e-07 194.35754512311044 980.9307542603133 0.00010559602684865207
p -0.9501771366589139 0.3117104569478982 -1.6829283855094834e-08 -950.1771366589139 311.7104569478982 -1.6829283855094832e-05
p -0.7480738708511241 0.6636154637663405 2.52647100852869e-08 -748.0738708511241 663.6154637663406 2.52647100852869e-05
p 0.5117537149792423 0.8591321988633867 9.005939564734159e-06 511.75371497924226 859.1321988633866 0.009005939564734158
p 0.10501687652399991 0.9944704397437023 -1.10050140376714e-05 105.01687652399991 994.4704397437023 -0.0110050140376714
p -0.45204423632674634 0.8919955203925786 -1.8280502339438856e-06 -452.04423632674633 891.9955203925786 -0.0018280502339438856
p 0.9803327365427444 0.19735178059707856 -1.8914987286484106e-05 980.3327365427444 197.35178059707854 -0.018914987286484105
p 0.11396718208769803 0.9934845148861915 9.398851508132516e-06 113.96718208769803 993.4845148861915 0.009398851508132515
p -0.571431344259176 0.8206498756752536 1.8770774350550174e-05 -571.431344259176 820.6498756752536 0.018770774350550173
p -0.15090219250134504 0.9885486979902847 -1.332209588316321e-08 -150.90219250134504 988.5486979902846 -1.332209588316321e-05
p -0.28887022618630753 0.9573682636409583 1.4006003838794707e-05 -288.87022618630755 957.3682636409583 0.014006003838794707
p -0.9571539005902502 0.28957971369705604 2.4227056142264604e-08 -957.1539005902501 289.57971369705604 2.4227056142264605e-05
p -0.7825280739474093 0.6226153013572329 4.919056706807864e-09 -782.5280739474093 622.6153013572329 4.919056706807864e-06
p -0.615376478034992 0.7882333349197698 -1.5834203178053287e-06 -615.3764780349919 788.2333349197697 -0.0015834203178053288
p 0.21158823285738512 0.9773589001570955 4.1100556498065474e-08 211.58823285738512 977.3589001570955 4.1100556498065473e-05
p 0.5914391057856481 0.8063496661793016 -4.617692553157886e-08 591.439105785648 806.3496661793016 -4.617692553157886e-05
p 0.2827515677133454 0.9591931770793856 -5.5468623625681995e-09 282.7515677133454 959.1931770793856 -5.5468623625682e-06
p 0.8611351722347824 0.5083760568124462 4.561273324635106e-09 861.1351722347824 508.3760568124462 4.561273324635106e-06
p -0.7882635428209437 0.6153377828960067 3.5530127525050166e-08 -788.2635428209437 615.3377828960067 3.5530127525050165e-05
p -0.9814500996484521 0.19171776626080334 -1.0779449756302452e-07 -981.4500996484521 191.71776626080333 -0.00010779449756302452
p 0.018576783104564048 0.9998274365355162 -1.6742295196243182e-05 18.576783104564047 999.8274365355162 -0.016742295196243182
p -0.9769042406431364 0.21367757162006148 -1.028709121077386e-07 -976.9042406431364 213.67757162006149 -0.0001028709121077386
p 0.9978559615740378 0.06544829790379764 1.589491776582626e-05 997.8559615740378 65.44829790379764 0.01589491776582626
p 0.9925695243389933 0.12167883691695897 -2.7105489755160356e-08 992.5695243389932 121.67883691695897 -2.7105489755160355e-05
p 0.43718965179367125 0.8993693390426188 -1.8830069908379996e-05 437.18965179367126 899.3693390426189 -0.018830069908379998
p 0.445825200298384 0.8951200426640584 -5.881572809397567e-09 445.825200298384 895.1200426640585 -5.881572809397567e-06
p 0.8106475522456136 0.5855344106354426 1.546606596457813e-08 810.6475522456136 585.5344106354427 1.546606596457813e-05
p -0.8511477050260462 0.5249262655163023 -5.7431955969850465e-08 -851.1477050260462 524.9262655163022 -5.743195596985047e-05
p 0.9468901306762358 0.3215572739441546 -1.2429406575960569e-06 946.8901306762358 321.55727394415464 -0.001242940657596057
p 0.9111452990654813 0.41208523874025355 -1.8063945316141397e-06 911.1452990654813 412.08523874025354 -0.0018063945316141397
p 0.5773705966053403 0.8164822068946547 1.6668710333926954e-07 577.3705966053403 816.4822068946547 0.00016668710333926954
p 0.9136708711872568 0.4064548426872521 -1.8317551336926987e-08 913.6708711872568 406.45484268725215 -1.8317551336926987e-05
p 0.687025143521131 0.7266336437079304 -1.2272427425527056e-06 687.025143521131 726.6336437079303 -0.0012272427425527057
p -0.22694228813037387 0.9739082081275167 -1.230047636520153e-08 -226.94228813037387 973.9082081275167 -1.230047636520153e-05
p -0.9772188929888046 0.21223391619861487 -8.571561803013743e-07 -977.2188929888046 212.23391619861488 -0.0008571561803013743
p -0.9267358550261705 0.37571352770174005 -1.052741866802988e-05 -926.7358550261705 375.71352770174 -0.01052741866802988
p 0.027442002824922245 0.9996233973101573 5.572839961309166e-06 27.442002824922245 999.6233973101572 0.005572839961309166
p -0.33252040128200216 0.9430960622312545 -1.1625752151831637e-05 -332.5204012820022 943.0960622312546 -0.011625752151831637
p -0.9617481699760005 0.2739351338324714 -5.3298591628227555e-09 -961.7481699760006 273.9351338324714 -5.329859162822756e-06
p -0.40215225973916646 0.9155728043070535 -1.0755572046242412e-08 -402.1522597391665 915.5728043070535 -1.0755572046242411e-05
p -0.9645947178446828 0.26373666848987243 5.652055612785225e-09 -964.5947178446828 263.73666848987244 5.652055612785225e-06
p 0.7325254574687743 0.6807396373755945 1.6306661799845e-05 732.5254574687743 680.7396373755945 0.016306661799845
p -0.915998949516506 0.40118066314898243 1.6119386730406732e-08 -915.998949516506 401.18066314898243 1.611938673040673e-05
p -0.9980483357121283 0.06244613344516181 9.487286462297757e-09 -998.0483357121283 62.44613344516181 9.487286462297757e-06
p 0.8327198075377116 0.5536946105697702 -1.89828136565711e-05 832.7198075377116 553.6946105697702 -0.0189828136565711
p 0.42510397926376403 0.9051445226114502 7.767493717749172e-07 425.103979263764 905.1445226114502 0.0007767493717749171
p -0.36192562958797425 0.9322069720010219 1.8634626122551864e-07 -361.92562958797424 932.2069720010219 0.00018634626122551864
p -0.792292714197519 0.6101411763104617 1.2123087510678238e-07 -792.292714197519 610.1411763104617 0.00012123087510678238
p 0.3375808812877424 0.9412965253250362 -6.940000847561936e-08 337.5808812877424 941.2965253250362 -6.940000847561937e-05
p 0.7074731244931874 0.7067402479835437 -7.866937755821199e-08 707.4731244931875 706.7402479835438 -7.866937755821199e-05
p -0.33245324074650745 0.9431197392317495 -1.3732502064402134e-05 -332.45324074650745 943.1197392317496 -0.013732502064402134
p -0.14701848766925021 0.989133744386191 4.124907801725324e-09 -147.01848766925022 989.133744386191 4.124907801725324e-06
case 19 4 180
s 1.0 0.0 0.0 0.0 0.9999999999999551 2.9999999999998654e-07 0.0 -2.9999999999998654e-07 0.9999999999999551 1.0 1.0 0.01 0.0 0.0 0.0 0.009999999999999551 2.9999999999998656e-09 0.01 0.0
s 0.0 0.9999999999999551 2.9999999999998654e-07 -1.0 0.0 0.0 0.0 -2.9999999999998654e-07 0.9999999999999551 1.0 1.0 0.0 0.009999999999999551 2.9999999999998656e-09 -0.01 0.0 0.0 0.01 1.0
s -1.0 0.0 0.0 0.0 -1.0 0.0 0.0 0.0 1.0 1.0 1.0 -0.01 0.0 0.0 0.0 -0.01 0.0 0.01 2.0
s 0.0 -1.0 0.0 1.0 0.0 0.0 -0.0 0.0 1.0 1.0 1.0 0.0 -0.01 0.0 0.01 0.0 0.0 0.01 3.0
p 0.3921804323296759 0.9198883130008618 1.0106284502468345e-05 0.3921804323296759 0.9198883130008618 1.0106284502468345e-05
p 0.8794673614858862 0.4759591829978383 -0.00012728347797663037 0.8794673614858862 0.4759591829978383 -0.00012728347797663037
p -0.03588293402058166 0.9993560001498044 3.26478448062615e-06 -0.03588293402058166 0.9993560001498044 3.26478448062615e-06
p 0.08014745473198938 0.9967813993133628 0.0017965196570170472 0.08014745473198938 0.9967813993133628 0.0017965196570170472
p 0.06625090738254077 0.9978014061913826 -0.0017807508219159487 0.06625090738254077 0.9978014061913826 -0.0017807508219159487
p 0.6440743782722351 0.7649611820930078 -0.0016078383321186129 0.6440743782722351 0.7649611820930078 -0.0016078383321186129
p -0.7185367803818768 0.6954889611751148 1.1045645260775864e-05 -0.7185367803818768 0.6954889611751148 1.1045645260775864e-05
p 0.9612990240750753 0.27550714383060265 3.257543804917623e-06 0.9612990240750753 0.27550714383060265 3.257543804917623e-06
p -0.1192416964738688 0.9928652542404955 -6.887662817182954e-05 -0.1192416964738688 0.9928652542404955 -6.887662817182954e-05
p -0.8213742231973189 0.570389645125742 0.00019544904977671635 -0.8213742231973189 0.570389645125742 0.00019544904977671635
p 0.03118926007416817 0.9995134966815559 2.726799391388396e-06 0.03118926007416817 0.9995134966815559 2.726799391388396e-06
p 0.5536751770812373 0.8327327186219118 -0.000132742684945306 0.5536751770812373 0.8327327186219118 -0.000132742684945306
p -0.9642974310563056 0.26447317836517975 0.013579483923532205 -0.9642974310563056 0.26447317836517975 0.013579483923532205
p 0.2444069576862521 0.9696707998343532 0.0019439606879778776 0.2444069576862521 0.9696707998343532 0.0019439606879778776
p 0.7055003434252746 0.70870936973439 0.0005428420611513974 0.7055003434252746 0.70870936973439 0.0005428420611513974
p -0.31690038072073834 0.9483841345049219 0.011903029799230457 -0.31690038072073834 0.9483841345049219 0.011903029799230457
p -0.9681465774583262 0.2503841139778738 4.821221028690972e-06 -0.9681465774583262 0.2503841139778738 4.821221028690972e-06
p -0.36365202872283636 0.931532821558794 0.001950478012536359 -0.36365202872283636 0.931532821558794 0.001950478012536359
p 0.04382795088608629 0.9990390927276173 -4.385323391373803e-05 0.04382795088608629 0.9990390927276173 -4.385323391373803e-05
p 0.1741226273606934 0.984723976101598 -3.91365378612426e-05 0.1741226273606934 0.984723976101598 -3.91365378612426e-05
p 0.006412717961012639 0.9999789101722351 0.001027744667473475 0.006412717961012639 0.9999789101722351 0.001027744667473475
p 0.9835422449642899 0.18067830713422184 4.125186813823928e-05 0.9835422449642899 0.18067830713422184 4.125186813823928e-05
p 0.38941088843768773 0.921064144374688 4.374351205243417e-05 0.38941088843768773 0.921064144374688 4.374351205243417e-05
p 0.8661286162726022 0.49982118801030956 9.46944278759777e-06 0.8661286162726022 0.49982118801030956 9.46944278759777e-06
p -0.6330627695577014 0.7738784710494032 -0.018537579296411224 -0.6330627695577014 0.7738784710494032 -0.018537579296411224
p 0.8998851253014472 0.43612700128173254 -3.76862606923125e-06 0.8998851253014472 0.43612700128173254 -3.76862606923125e-06
p 0.8422651562782627 0.5390634531255024 4.89519672754316e-06 0.8422651562782627 0.5390634531255024 4.89519672754316e-06
p -0.15523692645446555 0.9878772670207917 4.4367806444197795e-05 -0.15523692645446555 0.9878772670207917 4.4367806444197795e-05
p 0.8850115288146195 0.4655690659980899 0.0001965982607068693 0.8850115288146195 0.4655690659980899 0.0001965982607068693
p 0.6772811488984901 0.7357242997070726 1.2933637319756114e-05 0.6772811488984901 0.7357242997070726 1.2933637319756114e-05
p -0.8632097147451083 0.5048455093984551 -3.143762891653032e-06 -0.8632097147451083 0.5048455093984551 -3.143762891653032e-06
p 0.9855206627610799 0.16954806273944498 -0.0015740686971191797 0.9855206627610799 0.16954806273944498 -0.0015740686971191797
p -0.8352012111601085 0.5499444813549048 -6.560467021385099e-05 -0.8352012111601085 0.5499444813549048 -6.560467021385099e-05
p -0.51196992181092 0.8590033680616358 0.00011322405432060971 -0.51196992181092 0.8590033680616358 0.00011322405432060971
p 0.9392036523792202 0.3433592179718787 -0.0009730319999840326 0.9392036523792202 0.3433592179718787 -0.0009730319999840326
p -0.9374006486329288 0.34825043263454836 0.001288453497108065 -0.9374006486329288 0.34825043263454836 0.001288453497108065
p -0.5704551938458677 0.8213287222606279 -4.247349802052524e-05 -0.5704551938458677 0.8213287222606279 -4.247349802052524e-05
p -0.7253749021436056 0.6883308831693125 0.00564328056268026 -0.7253749021436056 0.6883308831693125 0.00564328056268026
p 0.5333187092182277 0.8459129056731792 -0.0015844284025102193 0.5333187092182277 0.8459129056731792 -0.0015844284025102193
p -0.5263364618733558 0.8502763829966669 3.769274367376415e-05 -0.5263364618733558 0.8502763829966669 3.769274367376415e-05
p -0.5379025740564892 0.8430070091787167 -5.743655849472106e-05 -0.5379025740564892 0.8430070091787167 -5.743655849472106e-05
p 0.15467599764212592 0.9879652451427914 -0.00010071423609446612 0.15467599764212592 0.9879652451427914 -0.00010071423609446612
p -0.9975203050214094 0.06929615382549081 -0.012299761582578454 -0.9975203050214094 0.06929615382549081 -0.012299761582578454
p 0.04307412113965173 0.9990718621996436 0.0001850648077187345 0.04307412113965173 0.9990718621996436 0.0001850648077187345
p 0.744246371380943 0.6679051868910043 -3.223705453374276e-06 0.744246371380943 0.6679051868910043 -3.223705453374276e-06
p -0.7399479989446085 0.6726640757826676 3.0527895137205533e-06 -0.7399479989446085 0.6726640757826676 3.0527895137205533e-06
p 0.6668827202503615 0.7451626918714749 -8.62181047563745e-06 0.6668827202503615 0.7451626918714749 -8.62181047563745e-06
p -0.9758003727985073 0.21866254757786313 -0.0005680959892732391 -0.9758003727985073 0.21866254757786313 -0.0005680959892732391
p 0.9508448362628878 0.309151725117256 -0.017869197218300454 0.9508448362628878 0.309151725117256 -0.017869197218300454
p -0.28423105353246536 0.9585914253032406 0.01775352198654403 -0.28423105353246536 0.9585914253032406 0.01775352198654403
p -0.9975924983572382 0.06934843387689725 4.404753631620819e-05 -0.9975924983572382 0.06934843387689725 4.404753631620819e-05
p 0.9965137428305655 0.08342270605832688 0.0010062125638941135 0.9965137428305655 0.08342270605832688 0.0010062125638941135
p 0.5491628800933521 0.8357153409376972 6.997367158019555e-06 0.5491628800933521 0.8357153409376972 6.997367158019555e-06
p -0.7434988746939729 0.6687371795596141 8.946199539493578e-05 -0.7434988746939729 0.6687371795596141 8.946199539493578e-05
p -0.9354203018635412 0.3535376338647245 -1.7402690010480093e-05 -0.9354203018635412 0.3535376338647245 -1.7402690010480093e-05
p 0.14411661027683226 0.9895607119499377 2.729148120987978e-06 0.14411661027683226 0.9895607119499377 2.729148120987978e-06
p 0.8094522340160092 0.5871857130887554 -0.000138531374935321 0.8094522340160092 0.5871857130887554 -0.000138531374935321
p -0.9699357211897536 0.24336124719774144 -1.1066730334681985e-05 -0.9699357211897536 0.24336124719774144 -1.1066730334681985e-05
p -0.8641716401497187 0.5031971545359123 5.282644147847729e-06 -0.8641716401497187 0.5031971545359123 5.282644147847729e-06
p -0.9682974847123402 0.24905102474732255 0.019327911735726372 -0.9682974847123402 0.24905102474732255 0.019327911735726372
p 0.7618865252862349 0.6477105236767152 1.0281188096694232e-05 38.094326264311746 32.38552618383576 0.0005140594048347116
p -0.7945313061710962 0.6072231908558902 -9.181202394999602e-07 -39.72656530855481 30.361159542794507 -4.590601197499801e-05
p 0.2523476187360515 0.9676366463286878 -1.194805200789679e-07 12.617380936802574 48.38183231643439 -5.974026003948394e-06
p -0.34955134073184857 0.9369172108916217 -1.1297422158591149e-05 -17.47756703659243 46.845860544581086 -0.0005648711079295574
p -0.10421848532643968 0.9945544265228807 8.054214540633962e-08 -5.210924266321984 49.727721326144035 4.027107270316981e-06
p -0.7113110664324197 0.7028773483124701 6.8767870140509e-08 -35.56555332162098 35.143867415623504 3.43839350702545e-06
p 0.9911406155599446 0.13281671652109403 9.793798250533124e-08 49.55703077799723 6.640835826054701 4.896899125266562e-06
p -0.9599281784187623 0.28024612803325083 -8.73725192670456e-08 -47.996408920938116 14.012306401662542 -4.3686259633522796e-06
p 0.8607095800945902 0.509096276487347 -3.3611018415691136e-07 43.03547900472951 25.45481382436735 -1.680550920784557e-05
p 0.5153094088231087 0.8570042079027582 -2.855423623354408e-05 25.765470441155436 42.850210395137914 -0.001427711811677204
p 0.5575421873324643 0.8301486067834489 1.7353362365414357e-07 27.877109366623216 41.507430339172444 8.676681182707178e-06
p -0.6280361144428581 0.778184193462805 4.012090221415856e-07 -31.401805722142907 38.909209673140246 2.006045110707928e-05
p -0.8534651799848088 0.5211498695643249 2.566167091160521e-06 -42.67325899924044 26.057493478216244 0.00012830835455802605
p -0.8103515493037998 0.5859439960674778 3.6615439401210814e-06 -40.517577465189994 29.297199803373893 0.00018307719700605407
p 0.902910486775503 0.42982863198119214 -3.587797872180668e-08 45.145524338775154 21.491431599059606 -1.793898936090334e-06
p 0.9656169852812326 0.2599689158946288 2.2471208640186154e-05 48.28084926406163 12.998445794731438 0.0011235604320093077
p 0.6612631518955547 0.7501540134774838 2.9630650906282967e-06 33.063157594777735 37.50770067387419 0.00014815325453141484
p -0.9118776751951855 0.41046206338782953 1.7122849093280703e-07 -45.59388375975927 20.523103169391476 8.56142454664035e-06
p -0.12811896168830988 0.9917587585629845 0.00031059542400036795 -6.405948084415495 49.58793792814922 0.015529771200018397
p 0.5454918851090238 0.8381161036993563 1.1680248106855527e-07 27.27459425545119 41.90580518496782 5.840124053427764e-06
p -0.8244766128798797 0.565896028271799 -5.695576864637893e-07 -41.223830643993985 28.294801413589948 -2.8477884323189467e-05
p 0.9909176466527292 0.1344701362838859 -1.0041033552980274e-07 49.54588233263646 6.7235068141942955 -5.020516776490138e-06
p 0.8556891523162456 0.517490168610281 9.013951027043166e-08 42.78445761581228 25.874508430514048 4.506975513521583e-06
p 0.12364334708406659 0.9923267217614578 8.612894912676984e-08 6.1821673542033295 49.616336088072885 4.306447456338492e-06
p 0.8165023692068433 0.5773420830362563 -1.5328678503098313e-05 40.82511846034216 28.867104151812818 -0.0007664339251549156
p 0.3917187462319924 0.9200850090341214 1.0567989540655786e-06 19.58593731159962 46.00425045170607 5.283994770327893e-05
p -0.517059752282511 0.8559493048979357 -3.7800715642143076e-06 -25.85298761412555 42.797465244896784 -0.00018900357821071537
p -0.9009749132161904 0.4338711853893842 -1.5616940398990447e-05 -45.048745660809516 21.69355926946921 -0.0007808470199495224
p -0.6711559809200507 0.7413161601333249 -6.536349441529249e-07 -33.557799046002536 37.065808006666245 -3.268174720764625e-05
p 0.6124848208096274 0.790482349124756 -7.757461190782483e-08 30.62424104048137 39.5241174562378 -3.878730595391241e-06
p -0.6478526452821677 0.7617656791959648 -9.176918881089884e-08 -32.392632264108386 38.08828395979824 -4.588459440544942e-06
p 0.08515832971209385 0.9963673988713467 -0.0002556305789573268 4.257916485604692 49.81836994356733 -0.012781528947866341
p 0.2544814891137481 0.9670776000312599 -0.00029532393720180895 12.724074455687406 48.35388000156299 -0.014766196860090447
p -0.9292371509755684 0.36948385247844284 -2.1206403193596065e-06 -46.46185754877842 18.474192623922143 -0.00010603201596798032
p 0.6261591508108434 0.7796952724339394 -9.253067792647252e-08 31.30795754054217 38.98476362169697 -4.626533896323626e-06
p 0.7584184735114606 0.6517679180786211 7.700288569182981e-08 37.92092367557303 32.58839590393106 3.850144284591491e-06
p 0.8492916280247084 0.5279238935953254 0.00030518566806369375 42.46458140123542 26.39619467976627 0.015259283403184687
p 0.20931160670213794 0.9778489920687635 3.1421211841896254e-06 10.465580335106898 48.89244960343817 0.00015710605920948127
p -0.8312715090854851 0.5558666010678602 6.924530146351803e-08 -41.56357545427426 27.79333005339301 3.4622650731759013e-06
p 0.2735002393361514 0.9618719348659782 -4.97269018878028e-07 13.67501196680757 48.09359674329891 -2.4863450943901404e-05
p 0.5273032326608025 0.8496771744759198 2.9137020864095323e-07 26.365161633040124 42.48385872379599 1.4568510432047661e-05
p 0.2196052682033026 0.9755888099897736 -3.050011168211782e-07 10.98026341016513 48.77944049948868 -1.5250055841058909e-05
p -0.9167801493843968 0.3993922353959597 3.7622579016610443e-07 -45.83900746921984 19.969611769797986 1.881128950830522e-05
p 0.36802569529441453 0.9298156202188397 3.423998904720575e-07 18.401284764720728 46.49078101094199 1.7119994523602875e-05
p 0.8547609342138 0.5190219109906777 3.540532475866746e-05 42.73804671069 25.951095549533886 0.001770266237933373
p -0.896832974225656 0.442369321201202 -1.2456927927109568e-06 -44.8416487112828 22.1184660600601 -6.228463963554784e-05
p 0.9637940759426762 0.26664766861496725 7.438822377185131e-08 48.18970379713381 13.332383430748362 3.719411188592566e-06
p -0.5159159517973086 0.8566392068314604 -4.935198660492669e-07 -25.795797589865433 42.83196034157302 -2.4675993302463346e-05
p 0.6846027267533406 0.7289163919969763 -3.790076047750957e-08 34.23013633766703 36.44581959984882 -1.8950380238754785e-06
p 0.9901865001673966 0.13975226253924972 -1.1844132977124842e-06 49.50932500836983 6.9876131269624855 -5.922066488562421e-05
p -0.9185874640511856 0.3952175900928621 0.0003568882210527792 -45.92937320255928 19.760879504643107 0.01784441105263896
p -0.9951355717494581 0.09851462874012085 -0.0002485217805087048 -49.75677858747291 4.925731437006043 -0.012426089025435239
p 0.9748847874217706 0.22270979155305418 -6.643118185590693e-08 48.74423937108853 11.13548957765271 -3.3215590927953465e-06
p -0.8415973005629894 0.540105435131251 0.0003203541342934012 -42.07986502814947 27.00527175656255 0.01601770671467006
p 0.980523984979233 0.1963993759673196 -3.041271352522545e-07 49.026199248961646 9.81996879836598 -1.5206356762612724e-05
p 0.1034841458886968 0.9946311032486743 1.0962285511275397e-07 5.17420729443484 49.731555162433715 5.481142755637699e-06
p 0.9483237406165533 0.31730440113930614 -8.089776804036784e-07 47.416187030827665 15.865220056965306 -4.0448884020183915e-05
p 0.8968122564451659 0.4424111616056907 -0.00037520185712789365 44.840612822258294 22.120558080284535 -0.018760092856394683
p -0.45436929241143886 0.8908133877356713 -0.00023311890719087493 -22.718464620571943 44.54066938678356 -0.011655945359543746
p 0.8893742950014102 0.4571797932864244 -1.1518917542692448e-06 44.46871475007051 22.858989664321218 -5.759458771346224e-05
p -0.552253559484453 0.8336761997542882 4.923846380379011e-09 -552.253559484453 833.6761997542882 4.923846380379011e-06
p -0.9452994183890517 0.3262039386539004 5.449735859764971e-08 -945.2994183890518 326.2039386539004 5.4497358597649706e-05
p -0.9942603597621515 0.10698755537742255 2.716031578034658e-09 -994.2603597621516 106.98755537742255 2.716031578034658e-06
p -0.5818599220634171 0.8132890206417073 8.2406772043784e-08 -581.8599220634171 813.2890206417072 8.2406772043784e-05
p 0.8849846181532833 0.46562025904387727 -8.698739886052198e-09 884.9846181532833 465.6202590438773 -8.698739886052198e-06
p 0.19206848214166172 0.9813815252835144 -2.9800800180054934e-08 192.06848214166172 981.3815252835144 -2.9800800180054933e-05
p 0.4573150285204497 0.8893047647962639 -4.610040746043422e-08 457.3150285204497 889.3047647962638 -4.6100407460434224e-05
p -0.18548847783493158 0.9826464392600627 2.9236790957383495e-09 -185.4884778349316 982.6464392600627 2.9236790957383494e-06
p -0.35452318806328464 0.9350472229387374 -1.8158871003606585e-09 -354.52318806328464 935.0472229387374 -1.8158871003606584e-06
p -0.992757406991652 0.12013630118832205 -2.5528260571354764e-09 -992.757406991652 120.13630118832205 -2.5528260571354765e-06
p 0.7225519834178878 0.6913165924184692 -1.7486925700992336e-05 722.5519834178879 691.3165924184692 -0.017486925700992337
p 0.5502471857895831 0.8350018170822409 -3.284240817115375e-09 550.2471857895831 835.0018170822409 -3.2842408171153748e-06
p 0.21993042996789838 0.9755155590630691 5.584628502356119e-08 219.9304299678984 975.5155590630691 5.584628502356119e-05
p 0.8735199875727998 0.4867882817142782 9.822239535149657e-06 873.5199875727998 486.7882817142782 0.009822239535149657
p -0.7452198328227377 0.666818866535469 -5.800796532330524e-08 -745.2198328227378 666.8188665354689 -5.800796532330524e-05
p -0.6925967347745746 0.7213250050979773 2.5260838789842346e-08 -692.5967347745747 721.3250050979773 2.5260838789842348e-05
p 0.7300873033059725 0.6833538831016033 -1.171929540086628e-06 730.0873033059725 683.3538831016033 -0.001171929540086628
p -0.7772923263373439 0.6291396024840799 1.8039298706591665e-06 -777.2923263373439 629.1396024840799 0.0018039298706591664
p 0.9282324798420253 0.3720006228036325 1.8394758723368462e-07 928.2324798420253 372.0006228036325 0.00018394758723368462
p -0.5931160996694805 0.8051169432528811 -5.565198709445741e-09 -593.1160996694805 805.1169432528811 -5.565198709445741e-06
p 0.34622700994360467 0.9381507647221486 1.53869675536797e-05 346.2270099436047 938.1507647221487 0.0153869675536797
p -0.45535093293072243 0.890312039612581 -8.210211150090447e-08 -455.3509329307224 890.312039612581 -8.210211150090446e-05
p 0.5969165867260328 0.8023033020568604 2.9101625885661952e-08 596.9165867260327 802.3033020568604 2.9101625885661954e-05
p -0.21686388722120617 0.9762018512681211 3.50960582492252e-08 -216.86388722120617 976.2018512681211 3.5096058249225204e-05
p -0.9710751763144049 0.2387739557530244 -1.667104212162683e-08 -971.0751763144049 238.7739557530244 -1.6671042121626828e-05
p 0.462597363683608 0.8865684852920138 1.355542545872213e-08 462.59736368360797 886.5684852920139 1.355542545872213e-05
p -0.09974219991719625 0.9950133132554945 -3.535866631970882e-08 -99.74219991719626 995.0133132554945 -3.5358666319708816e-05
p -0.35198693831304273 0.9360049119833775 2.465926585396826e-09 -351.98693831304274 936.0049119833775 2.4659265853968258e-06
p 0.03882207779463721 0.9992461389846383 -5.271778213310353e-09 38.82207779463721 999.2461389846383 -5.2717782133103534e-06
p -0.6010334111432233 0.7992238977217374 1.22623357877843e-07 -601.0334111432232 799.2238977217374 0.000122623357877843
p 0.85829056535094 0.5131640141607398 -4.179511138674498e-09 858.2905653509399 513.1640141607397 -4.179511138674498e-06
p 0.9511471047441292 0.3087380526220571 1.9292520234472473e-08 951.1471047441293 308.7380526220571 1.9292520234472472e-05
p 0.9255349725942824 0.3786621376701149 -8.616397112185965e-09 925.5349725942824 378.66213767011493 -8.616397112185966e-06
p 0.8961485081429386 0.4437542691098145 -5.167679212016772e-09 896.1485081429386 443.7542691098145 -5.167679212016772e-06
p -0.7766770770255033 0.6298989744579051 -1.187200179633933e-08 -776.6770770255033 629.8989744579051 -1.187200179633933e-05
p -0.28039727842066414 0.9598840378809645 -8.695950394236602e-06 -280.3972784206641 959.8840378809646 -0.008695950394236603
p 0.9955958730589712 0.09374890691598421 5.387520949446633e-08 995.5958730589713 93.74890691598421 5.387520949446633e-05
p -0.9743289271703562 0.2251291666555673 -1.8045837200797565e-07 -974.3289271703562 225.12916665556727 -0.00018045837200797565
p -0.8918261806666885 0.45237823055211995 5.252004014331015e-09 -891.8261806666885 452.37823055211993 5.252004014331015e-06
p -0.8148394869753446 0.5796866485143131 -2.6644313796804973e-08 -814.8394869753446 579.6866485143131 -2.664431379680497e-05
p 0.9763409485929002 0.21623679635299586 1.925858660964672e-06 976.3409485929002 216.23679635299587 0.0019258586609646718
p -0.8095755327709493 0.5870157210318946 -1.9620527761444143e-07 -809.5755327709493 587.0157210318946 -0.00019620527761444144
p 0.8222591999064791 0.5691131769421186 -7.524496790106414e-08 822.2591999064791 569.1131769421186 -7.524496790106415e-05
p -0.9632752989914811 0.26851573203976037 -1.5581497660332356e-07 -963.2752989914811 268.5157320397604 -0.00015581497660332357
p 0.06987117417322164 0.9975560228468924 -1.7365069396576617e-05 69.87117417322165 997.5560228468923 -0.017365069396576616
p -0.16055116346333403 0.987027519327337 -1.0455185005356085e-06 -160.55116346333403 987.027519327337 -0.0010455185005356085
p 0.8606845887676527 0.5091385260003967 -4.6220875145479494e-09 860.6845887676527 509.13852600039667 -4.622087514547949e-06
p 0.44835013166880416 0.8938580197282638 -1.8087002559159737e-07 448.3501316688042 893.8580197282638 -0.00018087002559159736
p 0.08287703807532752 0.9965597807248464 1.2275193985343475e-06 82.87703807532752 996.5597807248464 0.0012275193985343475
p -0.8600544859500521 0.5102021963860895 4.382084665177142e-08 -860.054485950052 510.20219638608955 4.382084665177142e-05
p 0.9960372654579859 0.0889368642252965 -8.65398188697899e-07 996.0372654579859 88.93686422529649 -0.0008653981886978991
p 0.9983185067808854 0.05796687863579066 -8.232195666521482e-08 998.3185067808854 57.966878635790664 -8.232195666521482e-05
p -0.8578820488345188 0.5138466602863982 -5.576046618250217e-08 -857.8820488345187 513.8466602863982 -5.576046618250217e-05
p 0.3124593449765965 0.9499311330587579 -1.3509283549419185e-05 312.4593449765965 949.9311330587578 -0.013509283549419184
p -0.11986287920926073 0.992790456333886 1.434737611442583e-07 -119.86287920926073 992.7904563338859 0.0001434737611442583
p 0.5316681142775582 0.8469527827615613 -5.743944728226241e-06 531.6681142775582 846.9527827615613 -0.0057439447282262406
p -0.6529561679510435 0.7573956975773104 -5.105705296515267e-06 -652.9561679510435 757.3956975773104 -0.005105705296515267
p -0.864367676168012 0.5028603387486235 -1.0465672961020035e-05 -864.367676168012 502.86033874862346 -0.010465672961020035
p 0.17658372645489276 0.9842856229526458 -1.6023775845015045e-07 176.58372645489277 984.2856229526458 -0.00016023775845015045
p -0.1920458177378454 0.9813859607014299 5.2472553302942195e-06 -192.0458177378454 981.3859607014299 0.005247255330294219
case 20 4 180
s 0.0 0.9999999999999551 -2.9999999999998654e-07 1.0 0.0 0.0 0.0 -2.9999999999998654e-07 -0.9999999999999551 1.0 1.0 0.0 0.0009999999999999551 -2.9999999999998656e-10 0.001 0.0 0.0 0.001 0.0
s -1.0 0.0 0.0 0.0 0.9999999999999551 -2.9999999999998654e-07 -0.0 -2.9999999999998654e-07 -0.9999999999999551 1.0 1.0 -0.001 0.0 0.0 0.0 0.0009999999999999551 -2.9999999999998656e-10 0.001 1.0
s 0.0 -1.0 0.0 -1.0 0.0 0.0 -0.0 -0.0 -1.0 1.0 1.0 0.0 -0.001 0.0 -0.001 0.0 0.0 0.001 2.0
s 1.0 0.0 0.0 0.0 -1.0 0.0 0.0 0.0 -1.0 1.0 1.0 0.001 0.0 0.0 0.0 -0.001 0.0 0.001 3.0
p -0.09896860820384565 0.9949939239438379 -0.013867440464554123 -0.09896860820384565 0.9949939239438379 -0.013867440464554123
p 0.9772605965763805 0.21204179210645197 6.913364632339905e-05 0.9772605965763805 0.21204179210645197 6.913364632339905e-05
p 0.9446932760866102 0.3279551885324831 9.182249846786908e-05 0.9446932760866102 0.3279551885324831 9.182249846786908e-05
p -0.7846884048843923 0.6198880682009374 0.0017000417930375631 -0.7846884048843923 0.6198880682009374 0.0017000417930375631
p 0.8551641380373094 0.5183567692476612 -0.0007461836453469499 0.8551641380373094 0.5183567692476612 -0.0007461836453469499
p -0.9055527532802011 0.4242336716140372 -5.3810040843746464e-05 -0.9055527532802011 0.4242336716140372 -5.3810040843746464e-05
p 0.8096365418620838 0.5869315491656538 0.00016332670343456178 0.8096365418620838 0.5869315491656538 0.00016332670343456178
p -0.7658425309514852 0.6430281622082774 -1.9820917828281323e-05 -0.7658425309514852 0.6430281622082774 -1.9820917828281323e-05
p 0.37163079736866006 0.9283806056072433 -3.974244815799161e-05 0.37163079736866006 0.9283806056072433 -3.974244815799161e-05
p 0.45065860342412445 0.8926963776746282 -2.1128543529951873e-05 0.45065860342412445 0.8926963776746282 -2.1128543529951873e-05
p -0.23490531815188895 0.9720182567003167 1.2051435639559208e-05 -0.23490531815188895 0.9720182567003167 1.2051435639559208e-05
p 0.9846441618114098 0.17457340296074442 -3.9867429374204556e-05 0.9846441618114098 0.17457340296074442 -3.9867429374204556e-05
p -0.49714899324000184 0.867648332188139 -0.005408342776996446 -0.49714899324000184 0.867648332188139 -0.005408342776996446
p 0.6866426960969461 0.7268093869307105 0.016429332491669408 0.6866426960969461 0.7268093869307105 0.016429332491669408
p 0.24138758598250218 0.9704287869715813 5.244430737565003e-05 0.24138758598250218 0.9704287869715813 5.244430737565003e-05
p 0.7370220590650292 0.6758686808076996 -0.00010370537414905584 0.7370220590650292 0.6758686808076996 -0.00010370537414905584
p 0.897941940535898 0.44011391559156365 0.00011282414524145877 0.897941940535898 0.44011391559156365 0.00011282414524145877
p 0.931783437291434 0.36301463604833384 2.0139609584836843e-06 0.931783437291434 0.36301463604833384 2.0139609584836843e-06
p 0.6158713850228068 0.7878464120552041 -0.0006841942934138458 0.6158713850228068 0.7878464120552041 -0.0006841942934138458
p 0.45681337062474137 0.8895625560455981 -5.744636457263817e-05 0.45681337062474137 0.8895625560455981 -5.744636457263817e-05
p -0.8818731027025466 0.4711678946128054 0.017339141152897704 -0.8818731027025466 0.4711678946128054 0.017339141152897704
p -0.5013985279067357 0.8652164562666067 -4.291105102658219e-06 -0.5013985279067357 0.8652164562666067 -4.291105102658219e-06
p 0.805389198472928 0.5927463384215164 0.00013141925201518202 0.805389198472928 0.5927463384215164 0.00013141925201518202
p 0.9853820559239767 0.1703590439035122 4.8289073751995565e-06 0.9853820559239767 0.1703590439035122 4.8289073751995565e-06
p -0.4809203386519164 0.8767265992123425 -0.008130074076336615 -0.4809203386519164 0.8767265992123425 -0.008130074076336615
p 0.8693028013256489 0.49427751741544906 0.001541228406159798 0.8693028013256489 0.49427751741544906 0.001541228406159798
p 0.9123243116774092 0.4094678119750103 0.0006791750430542619 0.9123243116774092 0.4094678119750103 0.0006791750430542619
p 0.591908587673251 0.8060051016113671 3.886803977628059e-06 0.591908587673251 0.8060051016113671 3.886803977628059e-06
p 0.9706856021802414 0.24035273414032257 0.00015783299296433896 0.9706856021802414 0.24035273414032257 0.00015783299296433896
p -0.8694865263023519 0.4939566585957383 -2.7573284676368585e-06 -0.8694865263023519 0.4939566585957383 -2.7573284676368585e-06
p 0.9987148435852788 0.05068175568721478 -0.00014437068147246562 0.9987148435852788 0.05068175568721478 -0.00014437068147246562
p -0.11504399557572051 0.9933597776760499 0.001109584319628645 -0.11504399557572051 0.9933597776760499 0.001109584319628645
p 0.557879575329732 0.829921675012267 -0.0006267174412380094 0.557879575329732 0.829921675012267 -0.0006267174412380094
p 0.40994968647316005 0.9121075194290257 -0.0010618670290908371 0.40994968647316005 0.9121075194290257 -0.0010618670290908371
p 0.8069582256415777 0.5906085183198547 -1.2546813514633726e-05 0.8069582256415777 0.5906085183198547 -1.2546813514633726e-05
p 0.47337153715897484 0.8808628654805072 5.021873083452593e-06 0.47337153715897484 0.8808628654805072 5.021873083452593e-06
p 0.3119695440587901 0.9500920977909775 -9.641001154153827e-05 0.3119695440587901 0.9500920977909775 -9.641001154153827e-05
p -0.9586952824212056 0.2844351515783072 -3.1544032567941347e-06 -0.9586952824212056 0.2844351515783072 -3.1544032567941347e-06
p 0.9964702179937946 0.08394703333256609 -1.5686315540359807e-05 0.9964702179937946 0.08394703333256609 -1.5686315540359807e-05
p -0.9721595207805966 0.2343164407732187 0.0012929574669707227 -0.9721595207805966 0.2343164407732187 0.0012929574669707227
p 0.04182025067534543 0.9991251505032049 -1.6291085725113488e-05 0.04182025067534543 0.9991251505032049 -1.6291085725113488e-05
p -0.7206994263023194 0.693247673470394 1.24657095130241e-05 -0.7206994263023194 0.693247673470394 1.24657095130241e-05
p 0.7038119625926944 0.7103863183440016 4.590715137333498e-06 0.7038119625926944 0.7103863183440016 4.590715137333498e-06
p 0.007666985606402071 0.999853029468161 -0.015334170830272201 0.007666985606402071 0.999853029468161 -0.015334170830272201
p -0.7121294934015929 0.7020481355024589 8.069183323513173e-06 -0.7121294934015929 0.7020481355024589 8.069183323513173e-06
p 0.9860547603499115 0.16642118123815353 5.155241490035167e-06 0.9860547603499115 0.16642118123815353 5.155241490035167e-06
p 0.5046551656362328 0.8633210069927589 -5.178489475999801e-05 0.5046551656362328 0.8633210069927589 -5.178489475999801e-05
p 0.788687345203617 0.6147944953490505 -2.043814900805322e-06 0.788687345203617 0.6147944953490505 -2.043814900805322e-06
p -0.9851754085515233 0.1715500209994384 6.841367954254692e-05 -0.9851754085515233 0.1715500209994384 6.841367954254692e-05
p -0.5943233075604423 0.80422621515817 3.07047367594477e-05 -0.5943233075604423 0.80422621515817 3.07047367594477e-05
p 0.23930448405251575 0.9709438322636618 -0.00119937546811841 0.23930448405251575 0.9709438322636618 -0.00119937546811841
p 0.9778562921855528 0.2092774995465867 -4.080602992115976e-06 0.9778562921855528 0.2092774995465867 -4.080602992115976e-06
p 0.1094871752357219 0.9939882071957896 4.913860576955593e-05 0.1094871752357219 0.9939882071957896 4.913860576955593e-05
p -0.9320179870593843 0.3624106030921939 -0.0010131950086727977 -0.9320179870593843 0.3624106030921939 -0.0010131950086727977
p 0.9750016093997788 0.22193753049785014 0.01075147545023863 0.9750016093997788 0.22193753049785014 0.01075147545023863
p 0.7568365691012809 0.653604166380431 3.689368605483825e-05 0.7568365691012809 0.653604166380431 3.689368605483825e-05
p 0.9861874683507357 0.16563295938383313 5.806916166621686e-06 0.9861874683507357 0.16563295938383313 5.806916166621686e-06
p 0.9904748322247842 0.13769388671299967 1.7063217652310867e-05 0.9904748322247842 0.13769388671299967 1.7063217652310867e-05
p 0.5165172892484721 0.8562767600226457 -1.235032840502651e-05 0.5165172892484721 0.8562767600226457 -1.235032840502651e-05
p 0.5136573068531951 0.8579954376680838 7.554868326605214e-06 0.5136573068531951 0.8579954376680838 7.554868326605214e-06
p 0.8992141452673632 0.43750876671249994 -8.903841103622441e-07 44.960707263368164 21.875438335625 -4.4519205518112204e-05
p -0.32550416475142685 0.9455405912588315 -0.0001703272597496439 -16.27520823757134 47.27702956294158 -0.008516362987482195
p -0.3022269795884438 0.9532359899482632 -1.661930265793097e-05 -15.11134897942219 47.661799497413156 -0.0008309651328965485
p -0.1484248483423466 0.9889236898742687 -1.1208977716872219e-07 -7.4212424171173295 49.44618449371344 -5.60448885843611e-06
p 0.9946284436778748 0.10350970498904111 -1.0117767014259596e-07 49.73142218389374 5.175485249452056 -5.058883507129798e-06
p 0.29142003935774613 0.9565951916357163 -3.963500895558895e-07 14.571001967887307 47.829759581785815 -1.9817504477794476e-05
p 0.9781338864307924 0.2079762010802749 -1.0480591040196748e-07 48.90669432153962 10.398810054013746 -5.240295520098374e-06
p 0.7191966874565753 0.6948065370541436 2.860626385916044e-05 35.959834372828766 34.740326852707184 0.001430313192958022
p 0.7835690230290189 0.6213047449893789 -1.741245937405989e-06 39.17845115145094 31.065237249468947 -8.706229687029945e-05
p 0.8241472905363486 0.5663755322236184 9.212167437199018e-08 41.20736452681743 28.31877661118092 4.606083718599509e-06
p -0.5323158369276205 0.8465458344084703 -1.3091327947201737e-06 -26.615791846381025 42.32729172042352 -6.545663973600869e-05
p 0.7919279549621697 0.6106145381084803 -5.43804152402802e-08 39.59639774810849 30.530726905424014 -2.71902076201401e-06
p 0.5167475689566047 0.8561377850622554 -0.0002072827406330698 25.837378447830233 42.806889253112764 -0.01036413703165349
p 0.9964373520159345 0.08433625262870964 -1.3813885990965707e-07 49.82186760079673 4.216812631435482 -6.906942995482853e-06
p 0.5221346921090918 0.8528630389994545 -2.1814974698463395e-06 26.10673460545459 42.643151949972726 -0.00010907487349231698
p 0.5052051467754826 0.8629992813853062 9.014550135294089e-08 25.260257338774128 43.14996406926531 4.5072750676470446e-06
p 0.05910731610419185 0.9982516341999934 -4.2022583104246483e-08 2.9553658052095924 49.91258170999967 -2.101129155212324e-06
p 0.7854309195427596 0.6189493279948609 9.618957307045074e-07 39.271545977137976 30.947466399743046 4.809478653522537e-05
p -0.8962108962008484 0.4436282560090162 1.1274397447501279e-06 -44.810544810042416 22.181412800450808 5.637198723750639e-05
p -0.48563972615054496 0.8741590566849855 -1.9985147552086418e-07 -24.281986307527248 43.70795283424928 -9.992573776043208e-06
p 0.2635734295752277 0.9646393353065237 1.1578702470927939e-06 13.178671478761386 48.231966765326185 5.7893512354639695e-05
p 0.07271942584113235 0.9973524025278449 -0.0002650986077543519 3.6359712920566176 49.86762012639224 -0.013254930387717596
p -0.6157791000800673 0.7879188409376013 -3.5964212545610616e-07 -30.788955004003366 39.395942046880066 -1.798210627280531e-05
p -0.41963789856866124 0.9076915963495356 1.1445242744940872e-06 -20.98189492843306 45.38457981747678 5.722621372470436e-05
p -0.9190590984840808 0.39411974511721437 -1.539685237122682e-06 -45.95295492420404 19.70598725586072 -7.69842618561341e-05
p -0.9698422064382721 0.24373365438978176 -1.8131366489273533e-05 -48.49211032191361 12.186682719489088 -0.0009065683244636766
p 0.901703748917335 0.4323543866782841 0.00018305318505462288 45.08518744586675 21.617719333914202 0.009152659252731144
p 0.43561806399047776 0.9001316027750984 -3.274210646113594e-06 21.780903199523888 45.00658013875492 -0.0001637105323056797
p 0.8564499838046047 0.5162300116254814 -1.839150911110379e-05 42.82249919023023 25.81150058127407 -0.0009195754555551895
p 0.5490983864080188 0.8357577172341498 1.1299245720058824e-05 27.45491932040094 41.787885861707494 0.0005649622860029412
p -0.9811843679463582 0.1930731366544084 -3.6581698393840333e-07 -49.05921839731791 9.65365683272042 -1.8290849196920166e-05
p 0.654093490095178 0.7564137129417042 -3.299779462368037e-05 32.7046745047589 37.82068564708521 -0.0016498897311840184
p 0.2368947720912465 0.9715353142158258 1.3689155750334215e-05 11.844738604562325 48.57676571079129 0.0006844577875167108
p 0.9949949144126692 0.09992557376135765 -1.178383830812709e-06 49.749745720633456 4.996278688067882 -5.8919191540635454e-05
p 0.804332680499008 0.5941792146156514 9.232568876023738e-08 40.2166340249504 29.708960730782568 4.616284438011869e-06
p 0.8893150489443205 0.4572950291890869 3.3657767893028745e-07 44.46575244721602 22.864751459454343 1.6828883946514373e-05
p 0.3165379822830654 0.9485798362669109 -7.950788389235265e-08 15.82689911415327 47.42899181334555 -3.975394194617633e-06
p -0.7714831745459481 0.6362497240804595 2.1329877290586958e-07 -38.5741587272974 31.812486204022978 1.066493864529348e-05
p -0.20841335331606028 0.9780408346073444 -3.525404846374478e-07 -10.420667665803014 48.902041730367216 -1.762702423187239e-05
p -0.14725132671106364 0.9890991086749941 -4.0471362545156327e-07 -7.362566335553182 49.4549554337497 -2.0235681272578162e-05
p -0.575645307475922 0.8176995046965294 -4.305065703427084e-08 -28.7822653737961 40.88497523482647 -2.152532851713542e-06
p 0.6383862142274376 0.7697162084061662 1.093520209776257e-06 31.919310711371878 38.48581042030831 5.4676010488812845e-05
p -0.019838306971409453 0.9998031538113827 -0.00030855359458273546 -0.9919153485704726 49.990157690569134 -0.015427679729136773
p 0.884225357649219 0.4670605066681768 -9.883664692417624e-07 44.211267882460945 23.353025333408837 -4.941832346208812e-05
p 0.007091971072763067 0.9999748516569295 -7.12372247575238e-08 0.35459855363815335 49.998742582846475 -3.56186123787619e-06
p -0.4574016821287769 0.8892601988088679 4.221747329809636e-07 -22.870084106438846 44.46300994044339 2.110873664904818e-05
p -0.9664631979199426 0.2568051538934352 -3.5628950438571283e-07 -48.32315989599713 12.840257694671761 -1.781447521928564e-05
p 0.509291801782886 0.8605938999532453 7.14609677572137e-08 25.464590089144302 43.02969499766227 3.573048387860685e-06
p -0.9036836973548994 0.4282004448536356 0.0003926348521579057 -45.18418486774497 21.41002224268178 0.019631742607895287
p -0.7710688392316981 0.6367517924314565 -1.0995137663461036e-06 -38.55344196158491 31.837589621572825 -5.497568831730518e-05
p 0.4598735632645325 0.8879844059394542 2.4874420516145013e-05 22.993678163226626 44.39922029697271 0.0012437210258072506
p -0.9641620135128487 0.2653141754341872 -3.53932345425514e-06 -48.208100675642434 13.265708771709361 -0.00017696617271275702
p 0.9833580222318452 0.18167828739908615 -9.485429889220413e-08 49.16790111159226 9.083914369954307 -4.742714944610207e-06
p -0.9369842465799555 0.34937160947382473 -1.243633466390679e-05 -46.84921232899777 17.468580473691237 -0.0006218167331953395
p 0.16048952410634557 0.9870375436876441 -1.7835396989006264e-06 8.024476205317278 49.351877184382204 -8.917698494503133e-05
p -0.7566441245536564 0.6538269410007171 2.752262938671313e-07 -37.83220622768282 32.69134705003586 1.3761314693356566e-05
p 0.7739592196999199 0.6332354429763772 5.0092386445575065e-08 38.697960984995994 31.661772148818862 2.504619322278753e-06
p 0.6125734787046535 0.7904136468874051 -1.3534342528423651e-06 30.628673935232676 39.52068234437026 -6.767171264211826e-05
p -0.8211354525361237 0.5707333603214937 2.1050953868333584e-06 -41.056772626806186 28.536668016074685 0.00010525476934166792
p -0.7632647395783806 0.6460857584904325 -0.0003605442964047833 -38.16323697891903 32.304287924521624 -0.018027214820239165
p -0.09130045786725961 0.9958233911245465 9.079496632217281e-06 -91.30045786725961 995.8233911245466 0.009079496632217281
p -0.7938059210180078 0.6081711599186137 1.5029288169357436e-08 -793.8059210180079 608.1711599186137 1.5029288169357435e-05
p -0.33722234913703747 0.9414250300701049 -5.627784255093023e-09 -337.2223491370375 941.4250300701049 -5.627784255093023e-06
p -0.9782575345236262 0.20739381896510764 1.6806619479879426e-06 -978.2575345236262 207.39381896510764 0.0016806619479879427
p 0.8807797578085171 0.4735261536966516 -1.5827929504296683e-07 880.7797578085172 473.5261536966516 -0.00015827929504296683
p -0.6358196555200709 0.771837654986033 -9.804146631631357e-09 -635.8196555200709 771.8376549860329 -9.804146631631356e-06
p 0.9601478129074333 0.27949271433921824 -6.071109807050784e-07 960.1478129074334 279.49271433921825 -0.0006071109807050784
p -0.4351238929258674 0.9003705891492892 6.029719485939731e-09 -435.1238929258674 900.3705891492892 6.029719485939731e-06
p -0.9628142156622139 0.2701643687059774 -6.758012172943366e-07 -962.8142156622139 270.1643687059774 -0.0006758012172943366
p 0.3772994725454124 0.9260913065227173 1.809328707689067e-09 377.2994725454124 926.0913065227173 1.809328707689067e-06
p 0.3406192076650696 0.9402013376769796 -1.961302404349645e-07 340.6192076650696 940.2013376769795 -0.00019613024043496448
p 0.24658587747681004 0.9691209444788885 1.1570530213424233e-06 246.58587747681005 969.1209444788885 0.0011570530213424234
p -0.5393649141798106 0.8420721402296555 9.236771136714969e-07 -539.3649141798106 842.0721402296555 0.0009236771136714969
p -0.579137215133686 0.8152300816623481 -5.64818526241438e-09 -579.137215133686 815.2300816623481 -5.64818526241438e-06
p 0.6367701304081084 0.7710536951223537 -1.6068768611007606e-05 636.7701304081083 771.0536951223537 -0.016068768611007606
p -0.8866594692506767 0.4624229509746524 -5.130269582820249e-08 -886.6594692506767 462.4229509746524 -5.130269582820249e-05
p 0.5342558570367969 0.8453228254471056 -2.3471679457977993e-09 534.2558570367969 845.3228254471056 -2.3471679457977994e-06
p 0.5934114181979395 0.8048993034860378 3.906425654111215e-08 593.4114181979395 804.8993034860378 3.906425654111215e-05
p -0.09027914458303296 0.9959165004861441 -1.0620172220694852e-05 -90.27914458303296 995.9165004861441 -0.010620172220694852
p 0.9332738515928264 0.35916558567475687 -5.930233946397576e-09 933.2738515928264 359.16558567475687 -5.930233946397576e-06
p 0.8402650997244422 0.5421757668736893 -1.830463837079055e-08 840.2650997244422 542.1757668736893 -1.830463837079055e-05
p 0.2825129553354279 0.9592634831304914 5.090267643654718e-09 282.51295533542793 959.2634831304914 5.090267643654718e-06
p 0.9956934641139508 0.09270666384207542 1.8220273327238943e-07 995.6934641139508 92.70666384207541 0.00018220273327238944
p -0.7570714698752886 0.6533320667936559 1.9115290875801197e-09 -757.0714698752886 653.3320667936558 1.9115290875801197e-06
p -0.7641150967597687 0.6450799321819035 -2.338592005863922e-09 -764.1150967597688 645.0799321819035 -2.338592005863922e-06
p 0.580159755132329 0.814502706272236 -2.8228507736428955e-09 580.159755132329 814.502706272236 -2.8228507736428956e-06
p -0.9037566853933573 0.428046555379315 -5.891962292736988e-06 -903.7566853933573 428.046555379315 -0.005891962292736988
p -0.9435706645393231 0.33117125633246036 -5.147857521884552e-09 -943.5706645393232 331.17125633246036 -5.147857521884552e-06
p 0.9616690318703602 0.27421282453873014 -1.2519955932375126e-07 961.6690318703602 274.21282453873016 -0.00012519955932375126
p -0.8338933285736525 0.5519256440503145 -5.2955542855652385e-09 -833.8933285736525 551.9256440503145 -5.2955542855652385e-06
p 0.9877839284423993 0.1558297483204874 1.578843543496157e-05 987.7839284423993 155.8297483204874 0.01578843543496157
p 0.30199097427259874 0.9533107842971429 -8.080889408108891e-07 301.99097427259875 953.3107842971428 -0.0008080889408108891
p 0.36928524272902136 0.9293160977308359 -9.483701498462905e-07 369.2852427290214 929.3160977308358 -0.0009483701498462906
p -0.4859339294578316 0.8739955470147794 -8.788590462803883e-08 -485.9339294578316 873.9955470147794 -8.788590462803884e-05
p -0.6153530054634033 0.7882516593330069 -1.5030577221140994e-05 -615.3530054634033 788.2516593330068 -0.015030577221140994
p -0.9952143359181793 0.0977160456779536 -3.9046768449834374e-08 -995.2143359181794 97.7160456779536 -3.9046768449834376e-05
p -0.5372735588346926 0.8434080404517279 1.6687744791144443e-05 -537.2735588346926 843.4080404517279 0.016687744791144443
p 0.8362125559165207 0.5484054716426157 -1.4046859689067837e-08 836.2125559165206 548.4054716426157 -1.4046859689067837e-05
p -0.7660115278454855 0.6428268345409353 -1.3806586366228297e-06 -766.0115278454855 642.8268345409352 -0.0013806586366228296
p -0.41500508481664716 0.909819091675003 2.172977369146468e-09 -415.0050848166472 909.8190916750029 2.1729773691464683e-06
p 0.3960755970993266 0.9182179051735674 1.0380909120896048e-06 396.0755970993266 918.2179051735674 0.0010380909120896048
p 0.24663329035766612 0.9691088793769883 -1.710712404282174e-07 246.6332903576661 969.1088793769883 -0.00017107124042821742
p 0.9894064732999713 0.14517172793664723 -3.5545723658804174e-08 989.4064732999714 145.17172793664724 -3.554572365880417e-05
p 0.428549604066144 0.9035182548534845 1.124857392399303e-06 428.549604066144 903.5182548534844 0.001124857392399303
p 0.9983793472882999 0.05690939209118425 -2.095744556881413e-09 998.3793472882999 56.90939209118425 -2.095744556881413e-06
p -0.7585296898021581 0.6516384808224723 -1.4915768347975004e-07 -758.529689802158 651.6384808224724 -0.00014915768347975003
p 0.3143748602495961 0.949298924071348 -1.6760750661021787e-07 314.3748602495961 949.298924071348 -0.00016760750661021787
p -0.8104586287779865 0.5857958783051532 5.256409870173623e-09 -810.4586287779865 585.7958783051532 5.256409870173623e-06
p 0.5816137427319876 0.8134650909933586 6.753715394254251e-07 581.6137427319876 813.4650909933587 0.000675371539425425
p 0.9900002236815969 0.14106579000447442 8.953061180653097e-07 990.0002236815969 141.06579000447442 0.0008953061180653097
p 0.46704837763946944 0.8842317642701695 5.4794084551277624e-08 467.04837763946944 884.2317642701695 5.4794084551277625e-05
p 0.7769465043586671 0.6295666200329485 1.746816330903087e-05 776.9465043586671 629.5666200329485 0.01746816330903087
p 0.656723319210578 0.7541316076501163 1.865723371130109e-05 656.723319210578 754.1316076501163 0.01865723371130109
p 0.9986792431554194 0.05137868517701189 -5.335363198037603e-09 998.6792431554195 51.37868517701189 -5.335363198037603e-06
p 0.9477378123711229 0.31905021331795724 -1.9589903689475934e-05 947.7378123711229 319.05021331795723 -0.019589903689475933
p 0.5817225838464315 0.8133872604381187 5.931468970107256e-08 581.7225838464315 813.3872604381187 5.931468970107256e-05
p -0.33922724016885836 0.9407044591833398 3.884165008304226e-09 -339.2272401688584 940.7044591833397 3.8841650083042256e-06
p 0.96654949145218 0.25648017578898136 8.862533197692148e-07 966.5494914521801 256.48017578898134 0.0008862533197692148
p -0.8258587770836865 0.5638770081443628 -1.5752243240875865e-09 -825.8587770836865 563.8770081443628 -1.5752243240875865e-06
p -0.507585443236691 0.8616014263069652 -1.2332269260457405e-07 -507.585443236691 861.6014263069652 -0.00012332269260457404
case 21 4 180
s 1.0 0.0 0.0 0.0 0.9999999999999551 -2.9999999999998654e-07 -0.0 2.9999999999998654e-07 0.9999999999999551 1.0 1.0 0.001 0.0 0.0 0.0 0.0009999999999999551 -2.9999999999998656e-10 0.001 0.0
s 0.0 0.9999999999999551 -2.9999999999998654e-07 -1.0 0.0 0.0 0.0 2.9999999999998654e-07 0.9999999999999551 1.0 1.0 0.0 0.0009999999999999551 -2.9999999999998656e-10 -0.001 0.0 0.0 0.001 1.0
s -1.0 0.0 0.0 0.0 -1.0 0.0 0.0 0.0 1.0 1.0 1.0 -0.001 0.0 0.0 0.0 -0.001 0.0 0.001 2.0
s 0.0 -1.0 0.0 1.0 0.0 0.0 -0.0 0.0 1.0 1.0 1.0 0.0 -0.001 0.0 0.001 0.0 0.0 0.001 3.0
p -0.9589447404442141 0.283592990922874 1.6546829772618577e-05 -0.9589447404442141 0.283592990922874 1.6546829772618577e-05
p -0.1169673354473299 0.9929437458460282 -0.019528441402479946 -0.1169673354473299 0.9929437458460282 -0.019528441402479946
p 0.3765877608459047 0.9263809466376177 -9.373324092913346e-06 0.3765877608459047 0.9263809466376177 -9.373324092913346e-06
p 0.9983969716752147 0.055109344224049284 -0.01290143902655685 0.9983969716752147 0.055109344224049284 -0.01290143902655685
p -0.8190063386383467 0.5735428251145701 0.016650676557052504 -0.8190063386383467 0.5735428251145701 0.016650676557052504
p -0.8228023435146131 0.5683276180434573 0.00014857964523292848 -0.8228023435146131 0.5683276180434573 0.00014857964523292848
p -0.708713170033038 0.7054967346430813 -5.447209374714401e-06 -0.708713170033038 0.7054967346430813 -5.447209374714401e-06
p -0.4381123148360785 0.8987185227201754 -0.01904249218559955 -0.4381123148360785 0.8987185227201754 -0.01904249218559955
p -0.46117133585061887 0.887311106079309 4.250762561551402e-06 -0.46117133585061887 0.887311106079309 4.250762561551402e-06
p -0.6078012397060573 0.7940891953257012 -5.3654079845930525e-05 -0.6078012397060573 0.7940891953257012 -5.3654079845930525e-05
p -0.8171372271628442 0.5764431875524253 5.9236962682816574e-05 -0.8171372271628442 0.5764431875524253 5.9236962682816574e-05
p -0.18229094643283872 0.9832446342800537 2.8466592831198306e-06 -0.18229094643283872 0.9832446342800537 2.8466592831198306e-06
p -0.5837780912588666 0.8119132590106036 2.9891681085942737e-06 -0.5837780912588666 0.8119132590106036 2.9891681085942737e-06
p 0.9021943137109095 0.4313286275223084 -0.001017539887599963 0.9021943137109095 0.4313286275223084 -0.001017539887599963
p 0.13169530608457244 0.9912902430689282 -1.875195971348487e-05 0.13169530608457244 0.9912902430689282 -1.875195971348487e-05
p 0.8005995822447357 0.5991997237181723 -2.370825141274424e-06 0.8005995822447357 0.5991997237181723 -2.370825141274424e-06
p 0.08354565170590125 0.9965039507035365 1.7699721417325178e-05 0.08354565170590125 0.9965039507035365 1.7699721417325178e-05
p -0.4409426184526766 0.8975352748293405 0.00019408533552890269 -0.4409426184526766 0.8975352748293405 0.00019408533552890269
p -0.45756297313620137 0.8891770267153383 0.0005837605934305183 -0.45756297313620137 0.8891770267153383 0.0005837605934305183
p -0.8880205484093974 0.4598037685672366 -3.7470535460323964e-06 -0.8880205484093974 0.4598037685672366 -3.7470535460323964e-06
p -0.9451036652985157 0.32677065627238483 -6.214995761360161e-06 -0.9451036652985157 0.32677065627238483 -6.214995761360161e-06
p -0.9395252619067771 0.3424796068732902 -3.339039695432445e-05 -0.9395252619067771 0.3424796068732902 -3.339039695432445e-05
p -0.7062005736584511 0.7080118287943916 7.18997679507608e-06 -0.7062005736584511 0.7080118287943916 7.18997679507608e-06
p 0.467603550084353 0.8839383006299524 -2.5058767162435777e-05 0.467603550084353 0.8839383006299524 -2.5058767162435777e-05
p -0.47628734054118593 0.8792891027536874 0.0010212829283945044 -0.47628734054118593 0.8792891027536874 0.0010212829283945044
p -0.9287325918781179 0.37050579758857843 0.013462048009306983 -0.9287325918781179 0.37050579758857843 0.013462048009306983
p 0.7537116384052092 0.6570760834890956 0.013030220227079142 0.7537116384052092 0.6570760834890956 0.013030220227079142
p 0.2117637951939747 0.9773208651823316 0.0001467116322144787 0.2117637951939747 0.9773208651823316 0.0001467116322144787
p 0.20863282692961288 0.9779940406221758 5.904948435174362e-06 0.20863282692961288 0.9779940406221758 5.904948435174362e-06
p 0.5202138277361932 0.8540360476286194 5.2753625872764166e-05 0.5202138277361932 0.8540360476286194 5.2753625872764166e-05
p -0.9779696860810647 0.20874695881699787 1.706336223087039e-05 -0.9779696860810647 0.20874695881699787 1.706336223087039e-05
p 0.9341992331658346 0.3567517238292637 1.723993720395539e-05 0.9341992331658346 0.3567517238292637 1.723993720395539e-05
p -0.8604440087487465 0.5095450007429299 5.12588911783058e-06 -0.8604440087487465 0.5095450007429299 5.12588911783058e-06
p -0.26744927974243377 0.9635719329402226 -0.00011320378328561773 -0.26744927974243377 0.9635719329402226 -0.00011320378328561773
p -0.9983376762789955 0.05763578267997831 2.6013880950949772e-05 -0.9983376762789955 0.05763578267997831 2.6013880950949772e-05
p 0.05451005165636387 0.9985121346122608 -0.001473533334149178 0.05451005165636387 0.9985121346122608 -0.001473533334149178
p -0.12247128718632685 0.9924720569255552 6.073047144875036e-06 -0.12247128718632685 0.9924720569255552 6.073047144875036e-06
p 0.8380026564838131 0.5454847538551365 -0.014068796596490048 0.8380026564838131 0.5454847538551365 -0.014068796596490048
p -0.4343457917032332 0.9007462079583696 -4.558847660857574e-05 -0.4343457917032332 0.9007462079583696 -4.558847660857574e-05
p -0.058391559146234215 0.9982937571910907 1.3182087708663778e-05 -0.058391559146234215 0.9982937571910907 1.3182087708663778e-05
p -0.8347495152286505 0.5506298617825787 -4.624750232962783e-05 -0.8347495152286505 0.5506298617825787 -4.624750232962783e-05
p -0.923277510571538 0.38390865413386505 -0.013144723426078456 -0.923277510571538 0.38390865413386505 -0.013144723426078456
p 0.886100832832597 0.4634925172478181 -2.25534737641629e-05 0.886100832832597 0.4634925172478181 -2.25534737641629e-05
p -0.6159171252881485 0.7878109511514841 -4.751560586660645e-06 -0.6159171252881485 0.7878109511514841 -4.751560586660645e-06
p 0.2404874534879853 0.9705801051464105 0.011834027583495266 0.2404874534879853 0.9705801051464105 0.011834027583495266
p 0.6234878109213926 0.7816694315652254 0.01599529271214512 0.6234878109213926 0.7816694315652254 0.01599529271214512
p -0.06985779461089989 0.9975123085919324 -0.009438365308397366 -0.06985779461089989 0.9975123085919324 -0.009438365308397366
p 0.7004742074826914 0.7136777174337902 1.7029109841062518e-05 0.7004742074826914 0.7136777174337902 1.7029109841062518e-05
p 0.8643371669528473 0.5029127775245954 5.140300668599456e-06 0.8643371669528473 0.5029127775245954 5.140300668599456e-06
p 0.9765442358200424 0.21531687159057206 -1.717843424122848e-05 0.9765442358200424 0.21531687159057206 -1.717843424122848e-05
p -0.7902977867555068 0.6127222613177616 -0.000915824762796771 -0.7902977867555068 0.6127222613177616 -0.000915824762796771
p 0.41405527062147995 0.9101114092805688 0.01598297744195823 0.41405527062147995 0.9101114092805688 0.01598297744195823
p -0.7988708652552212 0.6015025690638176 7.483414395385222e-06 -0.7988708652552212 0.6015025690638176 7.483414395385222e-06
p -0.3745014656290219 0.9271452690011024 -0.012259788358205029 -0.3745014656290219 0.9271452690011024 -0.012259788358205029
p 0.44690573984022935 0.8945799687952888 0.0013925257906638219 0.44690573984022935 0.8945799687952888 0.0013925257906638219
p 0.002376970997029909 0.9999971746272177 -2.7321443547622023e-05 0.002376970997029909 0.9999971746272177 -2.7321443547622023e-05
p 0.25153063190393593 0.9677143032355001 -0.016166896035950454 0.25153063190393593 0.9677143032355001 -0.016166896035950454
p 0.822488820168875 0.5685618018423082 0.01579930957478898 0.822488820168875 0.5685618018423082 0.01579930957478898
p 0.9728314321143856 0.23151458827760624 -1.0243249006812428e-05 0.9728314321143856 0.23151458827760624 -1.0243249006812428e-05
p -0.9515052295149381 0.30763068861246706 -0.0010759319422665818 -0.9515052295149381 0.30763068861246706 -0.0010759319422665818
p -0.8834037357176783 0.46861267558610753 -2.826925074812915e-07 -44.170186785883914 23.430633779305378 -1.4134625374064576e-05
p 0.6423086568424212 0.7664460772587218 4.704343362517563e-08 32.11543284212106 38.32230386293609 2.3521716812587815e-06
p -0.9845699352913416 0.1749915498455541 -1.747694327045918e-06 -49.22849676456708 8.749577492277705 -8.73847163522959e-05
p 0.9983421744886078 0.05755781994964974 4.256239805301652e-08 49.91710872443039 2.8778909974824867 2.1281199026508262e-06
p 0.37358498915837623 0.9275959550771722 -6.894036194888798e-08 18.67924945791881 46.37979775385861 -3.447018097444399e-06
p -0.9661416479158899 0.25801224030531894 3.8728599950977345e-06 -48.307082395794495 12.900612015265947 0.00019364299975488673
p 0.31500471934298196 0.9490901046747435 -3.6560978592053997e-07 15.750235967149099 47.45450523373718 -1.8280489296027e-05
p 0.5623569660300476 0.826894577777266 -1.920430314918557e-07 28.11784830150238 41.3447288888633 -9.602151574592786e-06
p -0.2193380475803973 0.9756489229619665 2.602760495621108e-06 -10.966902379019865 48.78244614809832 0.0001301380247810554
p -0.4283575192383597 0.9036093379950257 3.8683920683459514e-07 -21.417875961917986 45.18046689975129 1.9341960341729757e-05
p -0.9911154141166715 0.1330046461595775 -5.517864114759393e-07 -49.555770705833574 6.650232307978874 -2.7589320573796966e-05
p -0.37125624297384363 0.9285304523433702 3.3525555211805664e-05 -18.56281214869218 46.42652261716851 0.0016762777605902831
p -0.9633000264106838 0.2684269897768641 0.00010137310857344069 -48.16500132053419 13.421349488843203 0.0050686554286720345
p -0.12354240283569048 0.9923392704718716 0.00021675086534035757 -6.177120141784524 49.61696352359358 0.010837543267017878
p 0.5574170010898168 0.8302326703376789 -4.7934741398109924e-08 27.87085005449084 41.51163351688395 -2.3967370699054964e-06
p 0.9877857707928384 0.15581763401377527 -0.0003687133677344264 49.38928853964192 7.790881700688764 -0.01843566838672132
p 0.16703246964393906 0.9859513953966674 -1.0522610685024294e-07 8.351623482196953 49.29756976983337 -5.2613053425121475e-06
p -0.11874756518443044 0.9929244638313729 -0.00015775915289668288 -5.937378259221522 49.646223191568644 -0.007887957644834144
p -0.541081747035812 0.8409700012631625 3.3184370070231844e-07 -27.0540873517906 42.04850006315812 1.6592185035115922e-05
p 0.5124600959517502 0.8587110394721703 2.730838183378042e-05 25.623004797587512 42.93555197360852 0.001365419091689021
p 0.9776688129515251 0.21015159333669717 5.844939648963939e-08 48.88344064757625 10.507579666834859 2.9224698244819696e-06
p -0.7261640816543271 0.687521437131325 -7.306444298792722e-08 -36.30820408271636 34.37607185656625 -3.653222149396361e-06
p -0.9554554531220774 0.29513535386204776 9.923185985448844e-08 -47.77277265610387 14.756767693102388 4.9615929927244224e-06
p 0.13306818309144705 0.9911068855820828 7.247632268634879e-07 6.653409154572352 49.55534427910414 3.623816134317439e-05
p 0.3941147260321403 0.9190612505844877 1.9967183272112595e-05 19.705736301607015 45.95306252922439 0.0009983591636056298
p -0.29290710412943777 0.9561409040253321 -3.569036593605237e-07 -14.645355206471889 47.807045201266604 -1.7845182968026187e-05
p 0.20224991728043282 0.9793338765823526 -0.0003593580937806612 10.112495864021641 48.96669382911763 -0.01796790468903306
p 0.8298866657008724 0.5579319365155234 -0.0002762388939747459 41.49433328504362 27.89659682577617 -0.013811944698737295
p 0.3332616720497032 0.9428343746080357 3.323441506264117e-07 16.66308360248516 47.141718730401784 1.6617207531320586e-05
p -0.5243514870921474 0.8515019189550753 -2.7946503665502455e-07 -26.217574354607372 42.575095947753766 -1.3973251832751228e-05
p -0.9780037835637557 0.20858714766997224 -3.408641458423438e-05 -48.90018917818779 10.429357383498612 -0.001704320729211719
p 0.3283968531497364 0.9445398381732546 -3.074073157513038e-05 16.419842657486818 47.22699190866273 -0.001537036578756519
p -0.915929761620105 0.4013385987849866 3.0063953951071833e-05 -45.79648808100525 20.06692993924933 0.0015031976975535917
p 0.49724677536383804 0.8676091538029777 -2.505086817648199e-05 24.8623387681919 43.38045769014888 -0.0012525434088240996
p -0.7344288612874703 0.6786856761598359 -2.6142992150683595e-05 -36.72144306437352 33.9342838079918 -0.0013071496075341797
p 0.9848313675796083 0.17351419950907399 -6.23487565860961e-08 49.24156837898042 8.6757099754537 -3.1174378293048047e-06
p 0.9144994401648 0.4045871648214537 7.35921483165726e-08 45.72497200824 20.229358241072685 3.67960741582863e-06
p 0.9380004089182183 0.3466341481698378 -1.385013122287752e-05 46.90002044591092 17.33170740849189 -0.000692506561143876
p 0.49992379776609225 0.8660693946943379 -9.543056930156313e-07 24.996189888304613 43.30346973471689 -4.771528465078156e-05
p 0.11208757014356327 0.9936983326500936 -1.754240041704749e-05 5.604378507178163 49.68491663250468 -0.0008771200208523745
p 0.5675358699665526 0.8233486723747755 5.571402132230224e-08 28.37679349832763 41.16743361873878 2.785701066115112e-06
p -0.5437884387627747 0.8392223387565073 -4.8217204935208203e-08 -27.189421938138736 41.961116937825366 -2.4108602467604104e-06
p -0.10703513903884207 0.9942552383623009 -2.452130281596026e-07 -5.351756951942104 49.71276191811504 -1.226065140798013e-05
p -0.3576630282959244 0.9338506687637742 -0.0002943461235652664 -17.88315141479622 46.69253343818871 -0.014717306178263318
p 0.997555540118384 0.06987806793686627 7.28029933793071e-07 49.8777770059192 3.4939033968433133 3.640149668965355e-05
p -0.9803675313776014 0.1971788614925937 1.035641154578955e-06 -49.018376568880065 9.858943074629686 5.178205772894775e-05
p -0.8522620850926553 0.5231150335380432 -1.0722548107329123e-07 -42.613104254632766 26.155751676902163 -5.361274053664561e-06
p -0.048480377635605316 0.9988241268635611 0.0001287616166356915 -2.424018881780266 49.94120634317806 0.006438080831784575
p -0.6171198577445715 0.7868691637203725 -1.9060995496434747e-05 -30.855992887228574 39.34345818601862 -0.0009530497748217373
p -0.9780501539919008 0.2083696127217059 2.7760144380475862e-05 -48.90250769959504 10.418480636085295 0.0013880072190237932
p -0.39747619293726455 0.917612486862922 1.1585941315308101e-06 -19.87380964686323 45.880624343146096 5.792970657654051e-05
p -0.9064927252409059 0.4222214337114006 -6.991987920665377e-08 -45.324636262045296 21.111071685570028 -3.4959939603326885e-06
p -0.3430336070734273 0.9393231309928338 1.1522273160692347e-07 -17.151680353671363 46.96615654964169 5.761136580346174e-06
p 0.5537505248635836 0.8326826071955906 0.00017857004130594686 27.687526243179178 41.63413035977953 0.008928502065297344
p 0.6970557276625682 0.7170169541454884 -8.568455048567498e-07 34.85278638312841 35.85084770727442 -4.284227524283749e-05
p 0.4576221458728992 0.8891467660641591 -2.0810080085235632e-06 22.88110729364496 44.457338303207955 -0.00010405040042617816
p 0.1494396946565528 0.9887708418297922 -2.8566411016599803e-06 7.471984732827639 49.43854209148961 -0.00014283205508299902
p 0.452321835496416 0.8918547847788963 3.765151425909956e-07 22.616091774820802 44.592739238944816 1.882575712954978e-05
p 0.6863095038223797 0.7273096073633784 -8.636158246854397e-08 34.315475191118985 36.36548036816892 -4.3180791234271985e-06
p -0.9935902330843251 0.11304180076158923 -1.1726791982912547e-07 -49.679511654216256 5.652090038079462 -5.863395991456273e-06
p -0.2836672710773556 0.9589227702581297 -1.650004462112237e-08 -283.6672710773556 958.9227702581296 -1.650004462112237e-05
p -0.7458252011839558 0.6661417036019518 1.0959874229612133e-06 -745.8252011839558 666.1417036019518 0.0010959874229612132
p 0.9922018592623383 0.12464136743616969 3.109200963298894e-08 992.2018592623383 124.64136743616969 3.109200963298894e-05
p -0.10532082480263256 0.9944382956538294 -1.582869871136981e-08 -105.32082480263257 994.4382956538293 -1.582869871136981e-05
p -0.2696061283501329 0.962970682604642 -3.775887965339229e-08 -269.6061283501329 962.970682604642 -3.775887965339229e-05
p 0.29603940627998926 0.9551757272509553 9.027382377229926e-09 296.03940627998924 955.1757272509553 9.027382377229926e-06
p -0.8994376824385698 0.43704903089874686 -2.8198432576460608e-08 -899.4376824385698 437.0490308987469 -2.8198432576460607e-05
p 0.12302028118205018 0.9924041567911165 -1.2659272025465427e-06 123.02028118205017 992.4041567911165 -0.0012659272025465427
p 0.3342661096367597 0.9424787360722208 -1.2253829248376443e-07 334.26610963675967 942.4787360722207 -0.00012253829248376442
p 0.8908465809568323 0.4543042694018796 8.639891282296834e-07 890.8465809568323 454.30426940187965 0.0008639891282296834
p 0.33964332401725084 0.9405543112710248 -3.190188997769495e-08 339.64332401725085 940.5543112710249 -3.190188997769495e-05
p 0.765203111892401 0.6437889386671556 5.633091557882082e-08 765.203111892401 643.7889386671555 5.633091557882082e-05
p -0.7871031377098977 0.6168214090052356 -1.7210945601573875e-07 -787.1031377098977 616.8214090052356 -0.00017210945601573875
p 0.9273542616794745 0.37418454450299865 7.25950636777547e-09 927.3542616794746 374.1845445029987 7.25950636777547e-06
p 0.26515626205993015 0.9642054535680691 2.500307261174593e-09 265.15626205993016 964.2054535680691 2.500307261174593e-06
p 0.6372650771052466 0.7706446791498928 5.4282009341378056e-08 637.2650771052466 770.6446791498928 5.428200934137805e-05
p 0.28853616574060276 0.9574689974404975 1.9037441744902044e-09 288.53616574060277 957.4689974404976 1.9037441744902045e-06
p 0.7319614086494067 0.6813460913867292 -5.689289526544734e-08 731.9614086494067 681.3460913867292 -5.6892895265447344e-05
p 0.4851682122539665 0.874420840224133 -1.0626534517297478e-07 485.1682122539665 874.420840224133 -0.00010626534517297478
p -0.9446835399086911 0.32798324564764914 1.352235697262232e-07 -944.6835399086912 327.98324564764914 0.0001352235697262232
p 0.07480777381377103 0.9971979728098079 1.0185122299060253e-06 74.80777381377104 997.1979728098079 0.0010185122299060253
p 0.9124949747365092 0.4090879136330159 -5.972730106206387e-08 912.4949747365092 409.0879136330159 -5.9727301062063875e-05
p -0.6692608219027154 0.743027558214407 1.9489921596163763e-07 -669.2608219027154 743.027558214407 0.00019489921596163763
p -0.9511056355950332 0.30886577981279806 -2.437188815328388e-09 -951.1056355950333 308.86577981279805 -2.437188815328388e-06
p 0.4594869713949861 0.8881845094634219 1.635493265626958e-05 459.48697139498614 888.1845094634218 0.01635493265626958
p 0.35248038758041195 0.9358192006380024 -9.402818947704004e-06 352.48038758041196 935.8192006380024 -0.009402818947704004
p -0.7808051148063487 0.6247746575304035 -1.0877495489697804e-07 -780.8051148063487 624.7746575304035 -0.00010877495489697804
p 0.5224366439280349 0.8526781063375599 -7.335175656239046e-06 522.4366439280349 852.6781063375599 -0.007335175656239046
p -0.9961151859538708 0.08805984434759813 -1.1205459259885062e-05 -996.1151859538709 88.05984434759813 -0.011205459259885062
p -0.5752046945753262 0.8180095105428211 -1.2450709332046774e-08 -575.2046945753262 818.0095105428211 -1.2450709332046774e-05
p 0.6275260619736898 0.7785955571050928 5.805961187242056e-08 627.5260619736898 778.5955571050928 5.8059611872420557e-05
p 0.8805024374729544 0.4740416201180846 8.771506271938511e-08 880.5024374729544 474.0416201180846 8.771506271938512e-05
p -0.43309228894935486 0.901349582154571 1.5456056512107947e-06 -433.09228894935484 901.349582154571 0.0015456056512107947
p 0.5455913963851956 0.8380513278972986 -1.6377692540471702e-07 545.5913963851956 838.0513278972986 -0.00016377692540471702
p 0.3765218039149682 0.9264077564315758 1.7976544683997142e-07 376.5218039149682 926.4077564315758 0.0001797654468399714
p -0.23432483047170208 0.9721583584089536 -1.2892928331628295e-07 -234.32483047170209 972.1583584089536 -0.00012892928331628294
p -0.7918012089878331 0.6107788842467853 1.9125542592635703e-06 -791.8012089878331 610.7788842467853 0.0019125542592635704
p -0.959715696895221 0.2809729188603776 9.188440728014992e-09 -959.715696895221 280.9729188603776 9.188440728014992e-06
p -0.3001552887608626 0.9538903514706933 1.6535999152041507e-08 -300.1552887608626 953.8903514706933 1.6535999152041506e-05
p -0.9781630191919759 0.20783913944498927 6.708798039117315e-08 -978.1630191919759 207.83913944498929 6.708798039117314e-05
p -0.06356916136265643 0.9979774354782003 -5.6776427522762555e-08 -63.56916136265643 997.9774354782003 -5.677642752276255e-05
p -0.5846603297060359 0.8112781883329485 1.7996122577128464e-06 -584.6603297060359 811.2781883329485 0.0017996122577128464
p 0.8992506050818154 0.43743382272059683 -1.8578978566580555e-07 899.2506050818155 437.4338227205968 -0.00018578978566580556
p 0.9854059845667932 0.1702205791904993 9.677068008967799e-09 985.4059845667932 170.2205791904993 9.677068008967799e-06
p -0.5095809732425163 0.8604227052496874 1.3921024771609826e-07 -509.5809732425163 860.4227052496874 0.00013921024771609825
p -0.6960823140829772 0.717961985080608 1.593393715438694e-08 -696.0823140829772 717.9619850806081 1.593393715438694e-05
p -0.0984385878237682 0.995143127608912 1.2233284903115824e-07 -98.4385878237682 995.143127608912 0.00012233284903115824
p -0.2406406231653164 0.9706142851207773 1.4459851660985504e-06 -240.64062316531638 970.6142851207773 0.0014459851660985504
p -0.28326778639112726 0.9590408547647374 -9.229978301752494e-06 -283.2677863911273 959.0408547647374 -0.009229978301752494
p 0.9319428287857028 0.362605245239092 1.57023782582619e-08 931.9428287857028 362.60524523909197 1.5702378258261898e-05
p 0.9415161992280662 0.3369677229924298 -1.5888157590723156e-05 941.5161992280662 336.9677229924298 -0.015888157590723158
p -0.991948532147759 0.1266416581141701 2.8071148413612344e-09 -991.948532147759 126.64165811417011 2.8071148413612343e-06
p -0.21985206010114136 0.9755332242775149 -7.294810892726117e-09 -219.85206010114135 975.5332242775149 -7.2948108927261174e-06
p 0.9916003582078387 0.12933959023472252 1.6405290776138447e-08 991.6003582078387 129.33959023472252 1.6405290776138447e-05
p 0.9757999071294838 0.21866536361776748 -1.554160081523009e-08 975.7999071294838 218.66536361776747 -1.554160081523009e-05
p -0.9131838213812458 0.40754792155959413 6.845277601832661e-09 -913.1838213812457 407.5479215595941 6.845277601832661e-06
p 0.8008152060186556 0.5989115175126413 5.859282995301407e-08 800.8152060186557 598.9115175126412 5.859282995301407e-05
p 0.29915739647057393 0.9542037791462301 -2.194080776181354e-08 299.15739647057393 954.2037791462301 -2.194080776181354e-05
p -0.7720828508354413 0.6355218890375196 -1.9761736335200385e-08 -772.0828508354413 635.5218890375196 -1.9761736335200386e-05
p 0.44615797142048874 0.8949542248274791 -1.1833922611426075e-06 446.15797142048876 894.9542248274792 -0.0011833922611426074
case 22 4 180
s 0.0 0.9999999999999551 -2.9999999999998654e-07 1.0 0.0 0.0 0.0 -2.9999999999998654e-07 -0.9999999999999551 1.0 1.0 0.0 0.009999999999999551 -2.9999999999998656e-09 0.01 0.0 0.0 0.01 0.0
s -1.0 0.0 0.0 0.0 0.9999999999999551 -2.9999999999998654e-07 -0.0 -2.9999999999998654e-07 -0.9999999999999551 1.0 1.0 -0.01 0.0 0.0 0.0 0.009999999999999551 -2.9999999999998656e-09 0.01 1.0
s 0.0 -1.0 0.0 -1.0 0.0 0.0 -0.0 -0.0 -1.0 1.0 1.0 0.0 -0.01 0.0 -0.01 0.0 0.0 0.01 2.0
s 1.0 0.0 0.0 0.0 -1.0 0.0 0.0 0.0 -1.0 1.0 1.0 0.01 0.0 0.0 0.0 -0.01 0.0 0.01 3.0
p -0.8206193528826073 0.5714751765443635 1.6374347329337366e-05 -0.8206193528826073 0.5714751765443635 1.6374347329337366e-05
p -0.024663454880503054 0.9996958039384841 -0.0001165381712491994 -0.024663454880503054 0.9996958039384841 -0.0001165381712491994
p 0.47760933445085063 0.8785549038500543 -0.005532139408715069 0.47760933445085063 0.8785549038500543 -0.005532139408715069
p -0.9939683693870872 0.10966713460865783 -1.564294108751434e-05 -0.9939683693870872 0.10966713460865783 -1.564294108751434e-05
p -0.7837434674138206 0.6209337909179985 -0.01368957933483999 -0.7837434674138206 0.6209337909179985 -0.01368957933483999
p -0.8059675220624677 0.5919597385368257 0.00014605443715861268 -0.8059675220624677 0.5919597385368257 0.00014605443715861268
p -0.9980003942110206 0.061897079375927186 0.012804870923897994 -0.9980003942110206 0.061897079375927186 0.012804870923897994
p 0.8310057901421412 0.55626376542074 5.493235916962939e-06 0.8310057901421412 0.55626376542074 5.493235916962939e-06
p -0.6940092940353347 0.7199652882285739 -0.0010409315649655975 -0.6940092940353347 0.7199652882285739 -0.0010409315649655975
p -0.7404095698941084 0.6721559852625847 1.6879145999223672e-05 -0.7404095698941084 0.6721559852625847 1.6879145999223672e-05
p -0.07938337048504968 0.996844140734039 0.0001989337800337741 -0.07938337048504968 0.996844140734039 0.0001989337800337741
p 0.9943835544421898 0.10583159392553336 -0.0010101396426171283 0.9943835544421898 0.10583159392553336 -0.0010101396426171283
p 0.8691011451272016 0.49463440966657746 1.7674365949266018e-05 0.8691011451272016 0.49463440966657746 1.7674365949266018e-05
p 0.0010974334089679046 0.9999993861389614 0.0001528450628959459 0.0010974334089679046 0.9999993861389614 0.0001528450628959459
p -0.8155811980040794 0.5784745981712732 0.013944487542204077 -0.8155811980040794 0.5784745981712732 0.013944487542204077
p 0.934401247150134 0.35622227464462225 -1.9268775123095364e-05 0.934401247150134 0.35622227464462225 -1.9268775123095364e-05
p 0.9889222760005476 0.14843422121768765 0.00011832749212218439 0.9889222760005476 0.14843422121768765 0.00011832749212218439
p 0.9394665913166942 0.3426381139548463 0.0012832245545046305 0.9394665913166942 0.3426381139548463 0.0012832245545046305
p -0.17414023722189093 0.9847208622459783 3.518295723735838e-05 -0.17414023722189093 0.9847208622459783 3.518295723735838e-05
p 0.4683242336475753 0.8835566829357023 1.4767199519621567e-05 0.4683242336475753 0.8835566829357023 1.4767199519621567e-05
p 0.38391034931313184 0.9233306052636232 -0.00856954338226463 0.38391034931313184 0.9233306052636232 -0.00856954338226463
p 0.12735143484508524 0.9916742764320284 -0.019072008439358128 0.12735143484508524 0.9916742764320284 -0.019072008439358128
p -0.9264984855627744 0.3762555976418746 -0.005681680476895122 -0.9264984855627744 0.3762555976418746 -0.005681680476895122
p -0.7105822490125018 0.7036141303031381 0.00015174351274981334 -0.7105822490125018 0.7036141303031381 0.00015174351274981334
p -0.6464293230618584 0.7629738726064484 2.3888450944277235e-06 -0.6464293230618584 0.7629738726064484 2.3888450944277235e-06
p -0.5906777567084125 0.8069075459477741 -4.7390337813441e-06 -0.5906777567084125 0.8069075459477741 -4.7390337813441e-06
p 0.6593503827429205 0.7518358003070332 4.640525066843564e-05 0.6593503827429205 0.7518358003070332 4.640525066843564e-05
p -0.34808032567720304 0.9374647115849427 3.754214330840433e-05 -0.34808032567720304 0.9374647115849427 3.754214330840433e-05
p -0.9487595058593599 0.31592287447975115 -0.006938113717339234 -0.9487595058593599 0.31592287447975115 -0.006938113717339234
p -0.9678873032418094 0.2513845027457582 -1.6017924593172961e-06 -0.9678873032418094 0.2513845027457582 -1.6017924593172961e-06
p 0.6777889360675109 0.7352253531579968 -0.006770392763404026 0.6777889360675109 0.7352253531579968 -0.006770392763404026
p 0.378832540238094 0.925465237706449 -1.5927925000356457e-05 0.378832540238094 0.925465237706449 -1.5927925000356457e-05
p -0.5704038264211365 0.8213643982928823 -4.593209418879104e-06 -0.5704038264211365 0.8213643982928823 -4.593209418879104e-06
p -0.45391014868331253 0.8910470796710142 -0.0008238519591932359 -0.45391014868331253 0.8910470796710142 -0.0008238519591932359
p -0.5668538310216129 0.8238183866901384 -2.7163046255341177e-06 -0.5668538310216129 0.8238183866901384 -2.7163046255341177e-06
p -0.8461706680928683 0.532912000257781 2.098856204337402e-05 -0.8461706680928683 0.532912000257781 2.098856204337402e-05
p -0.6701253016567559 0.7422479907446672 1.774673047039744e-05 -0.6701253016567559 0.7422479907446672 1.774673047039744e-05
p 0.5838955892656612 0.8118287631577726 1.2075898631728943e-05 0.5838955892656612 0.8118287631577726 1.2075898631728943e-05
p 0.05451635734523664 0.9985128721775239 -0.00010429572513882281 0.05451635734523664 0.9985128721775239 -0.00010429572513882281
p 0.9852383868640645 0.1711879425196744 9.687815322252839e-05 0.9852383868640645 0.1711879425196744 9.687815322252839e-05
p -0.8752686017579983 0.4836371310962553 -1.4197968015787287e-05 -0.8752686017579983 0.4836371310962553 -1.4197968015787287e-05
p -0.7824249220357828 0.6227449193573129 -8.24133069024168e-05 -0.7824249220357828 0.6227449193573129 -8.24133069024168e-05
p 0.9903012497204955 0.13884007442363047 0.005183486863658785 0.9903012497204955 0.13884007442363047 0.005183486863658785
p 0.1907354008125361 0.9816414859080522 4.594840607421812e-06 0.1907354008125361 0.9816414859080522 4.594840607421812e-06
p 0.6191102723548049 0.7853040605875464 -5.558300719761478e-05 0.6191102723548049 0.7853040605875464 -5.558300719761478e-05
p -0.3045770022056479 0.952487461968854 0.0006960743867006012 -0.3045770022056479 0.952487461968854 0.0006960743867006012
p -0.9483479068800975 0.3172321665183256 -6.498255055357475e-06 -0.9483479068800975 0.3172321665183256 -6.498255055357475e-06
p 0.9514437659384946 0.30781885760179534 0.0015202504730983096 0.9514437659384946 0.30781885760179534 0.0015202504730983096
p -0.9823633748002369 0.18698181685705884 3.990307899767535e-06 -0.9823633748002369 0.18698181685705884 3.990307899767535e-06
p 0.344481372565795 0.9387931527711704 1.6283487721322377e-05 0.344481372565795 0.9387931527711704 1.6283487721322377e-05
p 0.5506645896755176 0.8347266075953576 -1.5806326038740318e-05 0.5506645896755176 0.8347266075953576 -1.5806326038740318e-05
p 0.8024346015139404 0.596740067691675 4.364056671640619e-05 0.8024346015139404 0.596740067691675 4.364056671640619e-05
p 0.16106184436730828 0.9869443156947412 2.615356882817785e-06 0.16106184436730828 0.9869443156947412 2.615356882817785e-06
p 0.9967496414120952 0.08056148163617359 4.630792524999136e-06 0.9967496414120952 0.08056148163617359 4.630792524999136e-06
p 0.11237006461501509 0.9936664271581285 -1.0826683785601928e-05 0.11237006461501509 0.9936664271581285 -1.0826683785601928e-05
p 0.9927279607466519 0.12036794262508783 0.0016596204378070295 0.9927279607466519 0.12036794262508783 0.0016596204378070295
p 0.9810667807742931 0.19366974890993374 4.281170112949007e-06 0.9810667807742931 0.19366974890993374 4.281170112949007e-06
p -0.885321704540017 0.4649206654855978 -0.00736575011711154 -0.885321704540017 0.4649206654855978 -0.00736575011711154
p 0.8501340635381126 0.526566304086967 3.758148826849209e-05 0.8501340635381126 0.526566304086967 3.758148826849209e-05
p 0.9887882922303369 0.14932300866726955 0.0005934903272450884 0.9887882922303369 0.14932300866726955 0.0005934903272450884
p -0.4428025630961092 0.896619144406093 -4.526814482283696e-08 -22.14012815480546 44.830957220304654 -2.263407241141848e-06
p -0.05473334708787425 0.9985010068680585 -1.7781976983042909e-07 -2.7366673543937123 49.92505034340293 -8.890988491521455e-06
p 0.38877753198356174 0.9213316614698329 1.4071526891163611e-05 19.438876599178087 46.06658307349164 0.0007035763445581805
p -0.8967765129924775 0.4424837689056324 3.462143111321617e-07 -44.83882564962388 22.12418844528162 1.7310715556608085e-05
p 0.8102818737095018 0.5860403437790594 2.4518176045985818e-05 40.51409368547509 29.302017188952973 0.001225908802299291
p -0.7403934714997301 0.672173717860547 -1.9445002983158138e-05 -37.019673574986506 33.60868589302735 -0.0009722501491579069
p 0.9965050580837722 0.08353244407386679 7.100082784285017e-07 49.82525290418861 4.17662220369334 3.5500413921425085e-05
p 0.5682726971413987 0.8228402892929041 -9.998722371916075e-08 28.413634857069937 41.14201446464521 -4.9993611859580375e-06
p 0.015654954306604872 0.9998774535896838 -1.44453377405707e-05 0.7827477153302436 49.99387267948419 -0.0007222668870285351
p -0.2494079854638963 0.9683985010181693 3.5501689413244905e-06 -12.470399273194815 48.41992505090846 0.00017750844706622453
p -0.0475064584037221 0.9988709308062823 -3.5619422677129046e-07 -2.375322920186105 49.94354654031412 -1.7809711338564524e-05
p 0.9863407606057192 0.16471764922953497 -1.6499219502022182e-07 49.31703803028596 8.235882461476749 -8.249609751011091e-06
p 0.8501102714503855 0.5266047154871006 1.1409250654045255e-06 42.50551357251928 26.33023577435503 5.704625327022627e-05
p -0.9257141011893489 0.3782240114789037 4.590172198109873e-08 -46.285705059467446 18.911200573945187 2.2950860990549368e-06
p -0.8505661346877853 0.5258680923218935 1.1423319459814807e-07 -42.52830673438927 26.293404616094673 5.711659729907403e-06
p 0.7883981778301199 0.6151652730722789 2.3488561700870164e-07 39.419908891506 30.758263653613945 1.1744280850435081e-05
p -0.38009441021374185 0.9249476954526111 1.0823255749044508e-06 -19.004720510687093 46.247384772630554 5.411627874522254e-05
p -0.9408925018364589 0.3387053291401342 5.257181738218076e-08 -47.044625091822944 16.93526645700671 2.628590869109038e-06
p 0.9632176536311046 0.26872244367232745 -4.0297706338480735e-07 48.16088268155523 13.436122183616373 -2.014885316924037e-05
p 0.46811555122839504 0.883667192663792 -0.0003511521446811502 23.405777561419754 44.1833596331896 -0.01755760723405751
p -0.8764020706214042 0.4815801185728809 2.4177043495577324e-06 -43.82010353107021 24.079005928644044 0.00012088521747788662
p -0.8543668591251401 0.5196703474593604 3.3279245766223786e-07 -42.718342956257004 25.983517372968016 1.663962288311189e-05
p -0.021465313648856583 0.9997695936110769 8.357677036864746e-07 -1.073265682442829 49.988479680553844 4.1788385184323734e-05
p 0.9868397179443494 0.16170148753922803 -3.88815179304166e-06 49.34198589721747 8.085074376961401 -0.000194407589652083
p 0.9601600576040443 0.27945064641499 -2.06316577747137e-07 48.00800288020221 13.972532320749501 -1.031582888735685e-05
p -0.6551750854166976 0.7554770727488647 -1.7256841604290313e-07 -32.75875427083488 37.77385363744323 -8.628420802145156e-06
p -0.9982157473349568 0.05971031545431289 9.274856014972625e-07 -49.91078736674784 2.9855157727156447 4.637428007486313e-05
p 0.46641792839154284 0.8845644779368746 2.1147250252308655e-05 23.320896419577142 44.22822389684373 0.0010573625126154328
p -0.4430829715908448 0.8964806078694992 -3.9986052182316077e-07 -22.15414857954224 44.82403039347496 -1.999302609115804e-05
p -0.5967717143482525 0.8024110673088374 3.760351986941389e-06 -29.838585717412624 40.12055336544187 0.00018801759934706946
p -0.2315241454707653 0.9728291576313978 -1.1234630824592935e-05 -11.576207273538266 48.64145788156989 -0.0005617315412296467
p -0.6421358263638477 0.7665908753348408 -0.00010175156510036613 -32.106791318192386 38.32954376674204 -0.0050875782550183065
p 0.9772501450586545 0.21208996671690405 -9.280711938974787e-07 48.86250725293272 10.604498335845204 -4.640355969487393e-05
p 0.7426753007939666 0.6696516584871902 0.00023211192738213518 37.13376503969833 33.48258292435951 0.011605596369106758
p -0.2923578669451374 0.9563089864842863 2.1648265882324223e-06 -14.617893347256869 47.81544932421431 0.00010824132941162112
p 0.8606686913919354 0.509165399116715 1.0078803925389905e-07 43.03343456959677 25.45826995583575 5.039401962694953e-06
p -0.9811140602833581 0.1934300925768042 -1.7972594540683235e-07 -49.055703014167904 9.67150462884021 -8.986297270341618e-06
p 0.7826063692694236 0.6225168839306127 5.01015972668104e-07 39.130318463471184 31.125844196530633 2.50507986334052e-05
p 0.9945501162759915 0.10425960970294668 3.214636333121844e-08 49.727505813799574 5.212980485147334 1.607318166560922e-06
p 0.095375946820603 0.9954413236187943 -3.6914858969244664e-07 4.76879734103015 49.77206618093972 -1.845742948462233e-05
p 0.9917547978645632 0.12814999380652342 -8.672071711392468e-08 49.58773989322816 6.407499690326171 -4.336035855696234e-06
p 0.948434676256139 0.31697265633049015 3.7021603085972225e-06 47.42173381280695 15.848632816524507 0.00018510801542986113
p -0.460238491416435 0.8877953204532624 1.1555040108607653e-07 -23.01192457082175 44.38976602266312 5.777520054303827e-06
p -0.6902306311611616 0.7235894387059427 -2.8893183941399967e-07 -34.51153155805808 36.17947193529714 -1.4446591970699983e-05
p 0.8830618796141807 0.4692565575155963 9.392389501464255e-07 44.15309398070904 23.462827875779816 4.6961947507321273e-05
p -0.67641284598687 0.736522682163526 -2.1037790832208342e-05 -33.820642299343504 36.8261341081763 -0.0010518895416104172
p 0.6386254976020033 0.7695176890835608 -2.9990036347091265e-07 31.931274880100162 38.475884454178036 -1.4995018173545633e-05
p -0.9226755231972962 0.38557722676682354 -0.00028476551989681774 -46.13377615986481 19.278861338341176 -0.014238275994840887
p -0.3210731015727096 0.9470544141950876 -2.8295997795405695e-07 -16.05365507863548 47.35272070975438 -1.4147998897702848e-05
p 0.9720417372964438 0.2348080853646133 -0.00015492293512288035 48.60208686482219 11.740404268230666 -0.007746146756144018
p 0.6619678711945354 0.7495322124539888 6.066073021863341e-08 33.098393559726766 37.47661062269944 3.0330365109316703e-06
p 0.7245559216350338 0.6892159741204495 -0.00023966811760609607 36.22779608175169 34.46079870602248 -0.011983405880304804
p -0.9622299421738725 0.27223801735156405 1.7104252726045523e-05 -48.11149710869363 13.611900867578203 0.0008552126363022761
p 0.9106157543711094 0.4132540960367243 7.268378481915559e-08 45.53078771855547 20.662704801836217 3.6341892409577793e-06
p 0.2935746604545099 0.9559361477691773 -1.1280276349892037e-05 14.678733022725496 47.796807388458866 -0.0005640138174946018
p -0.5062925678329991 0.8623617777641266 2.926307451456221e-06 -25.314628391649958 43.11808888820633 0.00014631537257281106
p -0.9606003574322377 0.2779332029108166 0.00029668298260112437 -48.03001787161188 13.896660145540828 0.014834149130056219
p 0.3664597737450172 0.9304338954157415 -2.209615295923627e-05 18.32298868725086 46.52169477078708 -0.0011048076479618135
p -0.6487432659008204 0.7610073152228638 -0.00020279454205070032 -32.437163295041024 38.05036576114319 -0.010139727102535016
p 0.708971989431538 0.7052366327238386 0.00010032860441850715 35.448599471576905 35.26183163619193 0.0050164302209253575
p 0.690701542879489 0.7231399440384229 -4.028103525889725e-09 690.701542879489 723.1399440384229 -4.028103525889725e-06
p -0.7150743212467245 0.6990484351822037 1.9048587060642565e-05 -715.0743212467246 699.0484351822038 0.019048587060642566
p 0.01959015827365303 0.9998080944355338 1.2742815999914846e-08 19.59015827365303 999.8080944355338 1.2742815999914846e-05
p -0.6679563745060132 0.7442004311717755 7.254735830450453e-07 -667.9563745060132 744.2004311717754 0.0007254735830450453
p 0.42991724109245244 0.9028682992606045 -1.3105991288231695e-06 429.91724109245246 902.8682992606045 -0.0013105991288231695
p -0.5370626354507362 0.843542367402302 -1.719007846567573e-07 -537.0626354507361 843.542367402302 -0.0001719007846567573
p -0.40337140923778664 0.9150363414692987 -5.657233662691069e-08 -403.3714092377866 915.0363414692987 -5.657233662691069e-05
p -0.994520172419721 0.10454485472871683 -4.647877916904241e-09 -994.520172419721 104.54485472871683 -4.6478779169042415e-06
p 0.6304783854014212 0.7762068059103946 5.653763191271509e-09 630.4783854014212 776.2068059103946 5.653763191271509e-06
p -0.7093407763453871 0.7048657056586896 3.661097935309888e-08 -709.3407763453871 704.8657056586895 3.661097935309888e-05
p 0.5771660098960696 0.8166268407419982 -6.271795457425914e-07 577.1660098960696 816.6268407419982 -0.0006271795457425914
p 0.902119008488521 0.4314873051709492 -5.728259349005781e-09 902.119008488521 431.4873051709492 -5.728259349005781e-06
p -0.4620071448161005 0.8868762020936948 -1.728405581464582e-05 -462.0071448161005 886.8762020936948 -0.01728405581464582
p -0.8694876891709008 0.49395461166003457 1.7731490754457713e-07 -869.4876891709008 493.9546116600346 0.00017731490754457712
p -0.3390204577042708 0.9407790012845656 4.7883032182989196e-08 -339.0204577042708 940.7790012845657 4.788303218298919e-05
p -0.6788491222243331 0.7342777875268 1.244691059164008e-08 -678.8491222243331 734.2777875267999 1.244691059164008e-05
p -0.31944102741448827 0.9476061576437519 1.4569376350574307e-07 -319.44102741448825 947.6061576437519 0.00014569376350574307
p 0.844850834007034 0.5350019329662455 7.716016713641796e-09 844.850834007034 535.0019329662456 7.716016713641796e-06
p 0.9398691972349745 0.3415346128644935 1.7446635245472302e-05 939.8691972349745 341.5346128644935 0.0174466352454723
p 0.8914642833462556 0.45309097488026123 3.993836426046345e-08 891.4642833462556 453.09097488026123 3.993836426046345e-05
p -0.6707761315255897 0.7416598825442595 1.631085814136608e-08 -670.7761315255897 741.6598825442595 1.631085814136608e-05
p -0.9767924882875908 0.21418784938678662 2.608584941698413e-09 -976.7924882875908 214.1878493867866 2.6085849416984128e-06
p -0.8362579424449693 0.5483362594794519 1.5420434641330524e-05 -836.2579424449693 548.3362594794519 0.015420434641330524
p 0.0800636139229063 0.9967897560292537 -8.630348305736995e-07 80.0636139229063 996.7897560292537 -0.0008630348305736995
p -0.7193761011344372 0.6946207779188494 -1.6987367603428384e-07 -719.3761011344371 694.6207779188494 -0.00016987367603428383
p -0.2969448650144295 0.9548946261978573 -1.2904707459249813e-07 -296.9448650144295 954.8946261978573 -0.0001290470745924981
p -0.8174979927248417 0.575931447214731 1.6975604231170497e-08 -817.4979927248417 575.931447214731 1.6975604231170495e-05
p -0.7974703364748741 0.6033581543682291 -1.2450358877470396e-07 -797.4703364748741 603.3581543682292 -0.00012450358877470397
p -0.7809932000064982 0.6245395273388492 1.8302369954873863e-05 -780.9932000064982 624.5395273388492 0.018302369954873863
p 0.18621022235380097 0.9825099251869917 -5.5546148523670174e-09 186.21022235380096 982.5099251869916 -5.554614852367017e-06
p -0.9445317648510476 0.32842007427586595 3.94434259270673e-09 -944.5317648510476 328.42007427586594 3.9443425927067296e-06
p 0.9584309780662083 0.2853244824459536 1.664809261016776e-08 958.4309780662082 285.3244824459536 1.664809261016776e-05
p -0.2890593747989753 0.9573111708531241 -8.039002112502995e-07 -289.0593747989753 957.3111708531242 -0.0008039002112502995
p -0.978346886442867 0.2069719057919958 -6.141517556462766e-07 -978.346886442867 206.97190579199582 -0.0006141517556462766
p -0.9111498531940477 0.4120751691409293 1.3928108462508054e-06 -911.1498531940478 412.0751691409293 0.0013928108462508053
p 0.08844210055231856 0.996081319396108 -4.694327854028341e-08 88.44210055231856 996.081319396108 -4.694327854028341e-05
p 0.16472811898138884 0.9863390121134066 -5.116614732121126e-08 164.72811898138883 986.3390121134066 -5.116614732121126e-05
p 0.8150755195554149 0.5793547250359402 2.683756800896967e-08 815.0755195554149 579.3547250359402 2.6837568008969667e-05
p 0.061275411181318434 0.9981208964772382 1.8622244061351157e-07 61.27541118131843 998.1208964772383 0.00018622244061351157
p 0.9154542513154866 0.40242205881843346 -1.802041188222127e-05 915.4542513154867 402.42205881843347 -0.01802041188222127
p 0.2215694281646797 0.9751445987661403 -2.1027759672901308e-09 221.5694281646797 975.1445987661403 -2.1027759672901306e-06
p -0.8322820140120605 0.5543524593181007 4.193333230584032e-08 -832.2820140120605 554.3524593181007 4.193333230584032e-05
p -0.9806926933392677 0.19555521273862 1.3138209234438736e-06 -980.6926933392676 195.55521273862 0.0013138209234438737
p -0.8887890164314568 0.45831657627110545 1.3635826359440234e-05 -888.7890164314568 458.3165762711054 0.013635826359440235
p -0.7970878089570334 0.6038634156927178 -3.519243036498487e-09 -797.0878089570333 603.8634156927178 -3.519243036498487e-06
p 0.5531124714976837 0.8331065921074966 7.794706750149532e-06 553.1124714976837 833.1065921074966 0.007794706750149532
p 0.8558379018209588 0.5172441259269889 8.510843541568564e-07 855.8379018209588 517.2441259269889 0.0008510843541568564
p -0.25413349585651296 0.9671691508126941 -7.793657352472318e-09 -254.13349585651295 967.169150812694 -7.793657352472317e-06
p -0.9258345812708969 0.37792899878539576 -1.0659977145477917e-07 -925.8345812708969 377.9289987853958 -0.00010659977145477917
p 0.9650134751525927 0.26220029133072376 -1.0390515697491439e-08 965.0134751525927 262.20029133072376 -1.039051569749144e-05
p -0.9968208669522962 0.07967533624501855 1.6480045474799424e-06 -996.8208669522962 79.67533624501854 0.0016480045474799425
p 0.8859204943001482 0.46383712419226786 1.6714697902333868e-07 885.9204943001482 463.8371241922679 0.00016714697902333868
p -0.7132379510013516 0.7009219822857387 1.56144272281698e-07 -713.2379510013516 700.9219822857386 0.000156144272281698
p 0.9820428445731143 0.1886580277187544 1.2543872619328458e-07 982.0428445731143 188.6580277187544 0.00012543872619328458
p -0.21805432964565882 0.9759366318167095 1.0192223994667937e-06 -218.0543296456588 975.9366318167096 0.0010192223994667936
p -0.9813913670923031 0.1920181881828223 -1.9200638557520402e-06 -981.3913670923031 192.01818818282229 -0.0019200638557520403
p 0.26306187239748907 0.9647789649906922 -1.488619889451743e-06 263.0618723974891 964.7789649906922 -0.001488619889451743
p -0.49403724590942977 0.8694407395873657 1.988522236107948e-08 -494.03724590942977 869.4407395873657 1.9885222361079477e-05
p -0.9533126154947172 0.301985193575111 1.5554708622468555e-07 -953.3126154947172 301.985193575111 0.00015554708622468556
p 0.9393676557843239 0.3429116610182438 -1.993270420730295e-06 939.3676557843239 342.91166101824376 -0.0019932704207302953
case 23 4 180
s 1.0 0.0 0.0 0.0 0.9999999999999551 -2.9999999999998654e-07 -0.0 2.9999999999998654e-07 0.9999999999999551 1.0 1.0 0.01 0.0 0.0 0.0 0.009999999999999551 -2.9999999999998656e-09 0.01 0.0
s 0.0 0.9999999999999551 -2.9999999999998654e-07 -1.0 0.0 0.0 0.0 2.9999999999998654e-07 0.9999999999999551 1.0 1.0 0.0 0.009999999999999551 -2.9999999999998656e-09 -0.01 0.0 0.0 0.01 1.0
s -1.0 0.0 0.0 0.0 -1.0 0.0 0.0 0.0 1.0 1.0 1.0 -0.01 0.0 0.0 0.0 -0.01 0.0 0.01 2.0
s 0.0 -1.0 0.0 1.0 0.0 0.0 -0.0 0.0 1.0 1.0 1.0 0.0 -0.01 0.0 0.01 0.0 0.0 0.01 3.0
p 0.1414961456096512 0.9899387940224199 -0.00015769289577063849 0.1414961456096512 0.9899387940224199 -0.00015769289577063849
p -0.7734348197392701 0.6338735932058911 0.0016874392241917316 -0.7734348197392701 0.6338735932058911 0.0016874392241917316
p 0.28270896674489004 0.9592057339299767 -1.0857789236695662e-05 0.28270896674489004 0.9592057339299767 -1.0857789236695662e-05
p -0.355812520729029 0.9345565869320861 0.0011982964176755855 -0.355812520729029 0.9345565869320861 0.0011982964176755855
p -0.9849454022215145 0.1728656892703236 -9.008770811322656e-05 -0.9849454022215145 0.1728656892703236 -9.008770811322656e-05
p -0.6730407028358635 0.7396054433901874 2.082813542177048e-05 -0.6730407028358635 0.7396054433901874 2.082813542177048e-05
p 0.5291190928285479 0.8485475740641232 -1.2417162029483667e-05 0.5291190928285479 0.8485475740641232 -1.2417162029483667e-05
p 0.5462894534466015 0.8375964619118955 -6.759292860732637e-06 0.5462894534466015 0.8375964619118955 -6.759292860732637e-06
p 0.9979190213705941 0.06446158894755455 0.0015265441730858208 0.9979190213705941 0.06446158894755455 0.0015265441730858208
p -0.7208448835339185 0.6929710079303439 0.013184690021939732 -0.7208448835339185 0.6929710079303439 0.013184690021939732
p 0.2249409686276122 0.9742578973552409 0.014936869612353664 0.2249409686276122 0.9742578973552409 0.014936869612353664
p -0.5841891395139109 0.8116175509612953 -1.567116933267293e-05 -0.5841891395139109 0.8116175509612953 -1.567116933267293e-05
p -0.4288575783516828 0.9033721146116004 5.700501697705448e-06 -0.4288575783516828 0.9033721146116004 5.700501697705448e-06
p -0.3896849426563072 0.9209171225715533 -0.007569598501976089 -0.3896849426563072 0.9209171225715533 -0.007569598501976089
p -0.26900416343319705 0.963123689609146 0.00543309941667397 -0.26900416343319705 0.963123689609146 0.00543309941667397
p -0.21342318345794625 0.9769588026714463 0.0014292114784024213 -0.21342318345794625 0.9769588026714463 0.0014292114784024213
p 0.2281494639204326 0.9735332483620182 0.013447544255971493 0.2281494639204326 0.9735332483620182 0.013447544255971493
p 0.9691449905527755 0.24649132666950677 -0.00011473084692144237 0.9691449905527755 0.24649132666950677 -0.00011473084692144237
p -0.725029600427006 0.688717705283712 3.055149713945329e-05 -0.725029600427006 0.688717705283712 3.055149713945329e-05
p -0.7334034576416197 0.679793621855249 -2.059021716039174e-06 -0.7334034576416197 0.679793621855249 -2.059021716039174e-06
p 0.9495179217121128 0.3137127566753426 0.0001504880970326074 0.9495179217121128 0.3137127566753426 0.0001504880970326074
p 0.8573109606323419 0.5147989084833952 2.4575517732132957e-05 0.8573109606323419 0.5147989084833952 2.4575517732132957e-05
p -0.404344499031427 0.9146067600599439 -2.3572793900044833e-05 -0.404344499031427 0.9146067600599439 -2.3572793900044833e-05
p -0.7349293396318444 0.6780002269312447 0.013948405983552497 -0.7349293396318444 0.6780002269312447 0.013948405983552497
p -0.9505964664558186 0.31042931192552475 -1.609835573699404e-05 -0.9505964664558186 0.31042931192552475 -1.609835573699404e-05
p -0.8183730606367767 0.5746873355230843 -3.656865481588876e-06 -0.8183730606367767 0.5746873355230843 -3.656865481588876e-06
p -0.928492927338476 0.371350082504338 1.0317417064630002e-05 -0.928492927338476 0.371350082504338 1.0317417064630002e-05
p -0.15256003065864845 0.9882942055437228 -1.8279334922472106e-05 -0.15256003065864845 0.9882942055437228 -1.8279334922472106e-05
p -0.8893943668733844 0.4571370985818456 -0.001825725626629249 -0.8893943668733844 0.4571370985818456 -0.001825725626629249
p -0.7332850377988195 0.6799213383431049 0.00016433534303590238 -0.7332850377988195 0.6799213383431049 0.00016433534303590238
p 0.9973734497202197 0.07241972644979568 0.0012589734410628705 0.9973734497202197 0.07241972644979568 0.0012589734410628705
p -0.3088064689818463 0.9511248943121674 -1.1603123510543136e-05 -0.3088064689818463 0.9511248943121674 -1.1603123510543136e-05
p -0.9897457793047049 0.14284008796273626 4.024077940410446e-05 -0.9897457793047049 0.14284008796273626 4.024077940410446e-05
p -0.6867619371702123 0.7268819372588202 -0.0008312286581001303 -0.6867619371702123 0.7268819372588202 -0.0008312286581001303
p 0.06340301471324909 0.9979336054220072 0.010420023738231131 0.06340301471324909 0.9979336054220072 0.010420023738231131
p 0.7563119566804924 0.6542111462974362 -1.5566614117256044e-05 0.7563119566804924 0.6542111462974362 -1.5566614117256044e-05
p -0.94223121192927 0.33496319635595734 -1.879626790220629e-05 -0.94223121192927 0.33496319635595734 -1.879626790220629e-05
p -0.02532705853567484 0.9996792138137796 9.784985492838147e-05 -0.02532705853567484 0.9996792138137796 9.784985492838147e-05
p -0.6258214554397664 0.7799345245605704 0.007045800857930475 -0.6258214554397664 0.7799345245605704 0.007045800857930475
p 0.19854938405761155 0.9800908747656945 -0.00013889333712376704 0.19854938405761155 0.9800908747656945 -0.00013889333712376704
p 0.5539349094031084 0.8325599774984151 3.522570264882036e-06 0.5539349094031084 0.8325599774984151 3.522570264882036e-06
p 0.8831332220221387 0.46911913315150755 0.0017178684390743448 0.8831332220221387 0.46911913315150755 0.0017178684390743448
p -0.17987841619299164 0.9836888508942369 3.778468290642163e-06 -0.17987841619299164 0.9836888508942369 3.778468290642163e-06
p -0.7652022992165436 0.6437899044086309 -1.5976273278502777e-05 -0.7652022992165436 0.6437899044086309 -1.5976273278502777e-05
p 0.44090300991779735 0.8975547536734513 1.901836890573201e-06 0.44090300991779735 0.8975547536734513 1.901836890573201e-06
p 0.3820548910115072 0.9241396316275935 3.8851013650315515e-05 0.3820548910115072 0.9241396316275935 3.8851013650315515e-05
p -0.6596584485800733 0.7515655202223809 5.458285188765115e-06 -0.6596584485800733 0.7515655202223809 5.458285188765115e-06
p -0.4382793608274423 0.8988388074797354 -6.410607209009554e-06 -0.4382793608274423 0.8988388074797354 -6.410607209009554e-06
p -0.14680798170494608 0.989165009743613 -2.5764912048021348e-06 -0.14680798170494608 0.989165009743613 -2.5764912048021348e-06
p 0.7194871630643542 0.6944485730921409 0.008910752824356133 0.7194871630643542 0.6944485730921409 0.008910752824356133
p -0.7089902843695962 0.7052182474746095 -9.917639374785016e-06 -0.7089902843695962 0.7052182474746095 -9.917639374785016e-06
p -0.6776064675953651 0.73542469018523 -1.1785153716447235e-05 -0.6776064675953651 0.73542469018523 -1.1785153716447235e-05
p -0.9536624085849621 0.300321433549541 0.018304289187991457 -0.9536624085849621 0.300321433549541 0.018304289187991457
p -0.4875621040732347 0.873088151408588 0.0005239671888341579 -0.4875621040732347 0.873088151408588 0.0005239671888341579
p 0.5723451026864214 0.8198607545664579 0.015793243890608058 0.5723451026864214 0.8198607545664579 0.015793243890608058
p -0.5494597635276481 0.8355197710666077 0.0008248763207347604 -0.5494597635276481 0.8355197710666077 0.0008248763207347604
p 0.009428729925031581 0.9999555452831913 -8.068083025217596e-05 0.009428729925031581 0.9999555452831913 -8.068083025217596e-05
p 0.9960512180901735 0.08878046479594903 3.4200713470672773e-06 0.9960512180901735 0.08878046479594903 3.4200713470672773e-06
p -0.7530417586809702 0.6579727271488279 -3.3174425619946038e-06 -0.7530417586809702 0.6579727271488279 -3.3174425619946038e-06
p -0.6344666857920813 0.7728364816658303 0.013258854641069559 -0.6344666857920813 0.7728364816658303 0.013258854641069559
p 0.8826762574439488 0.4699815135884562 3.7813323912238034e-05 44.13381287219744 23.49907567942281 0.0018906661956119017
p 0.5479386443402088 0.8365185245081702 -1.3902812909660234e-05 27.396932217010438 41.82592622540851 -0.0006951406454830117
p 0.9807938554781137 0.19504707404654228 -0.000227952319109387 49.039692773905685 9.752353702327115 -0.01139761595546935
p 0.7532815297457787 0.6576981685774866 0.00023662983679997187 37.66407648728893 32.88490842887433 0.011831491839998593
p -0.4438666403295022 0.8960928411816881 -0.00015995477590737957 -22.19333201647511 44.8046420590844 -0.007997738795368978
p -0.9959024543271071 0.0904339619014202 2.385197269834845e-07 -49.79512271635536 4.5216980950710095 1.1925986349174226e-05
p -0.8083088563200783 0.5887586873724543 2.8948089628044425e-05 -40.41544281600392 29.437934368622713 0.0014474044814022213
p 0.5312636492046776 0.8472065480351596 2.794286142798718e-07 26.563182460233882 42.36032740175798 1.397143071399359e-05
p -0.06851914346879986 0.9976498016721769 -1.4204513792626124e-05 -3.4259571734399934 49.88249008360884 -0.0007102256896313061
p 0.7390129544349916 0.6736912150051043 -1.4870583030737801e-06 36.95064772174958 33.684560750255216 -7.4352915153689e-05
p 0.947481268769489 0.31981126517084507 -8.84840079068588e-07 47.37406343847445 15.990563258542254 -4.4242003953429395e-05
p 0.9861423167390703 0.16590117219624947 -0.00036359374239890163 49.307115836953514 8.295058609812473 -0.01817968711994508
p 0.9875265986609388 0.15745226875456433 1.094340096629459e-06 49.37632993304694 7.872613437728217 5.471700483147295e-05
p 0.25884491488023437 0.9659188941317141 -1.0471474559496977e-07 12.942245744011718 48.2959447065857 -5.235737279748488e-06
p 0.6650692721181589 0.7467816699723945 -2.602814097754219e-05 33.253463605907946 37.33908349861972 -0.0013014070488771095
p -0.9821661050275112 0.1880152710153761 3.2025737899334603e-07 -49.10830525137556 9.400763550768804 1.6012868949667302e-05
p -0.20381343201232682 0.979009694894774 -0.0003197395787179989 -10.19067160061634 48.950484744738695 -0.015986978935899947
p 0.9946202786595999 0.10358813288445205 -2.1477632649832707e-06 49.73101393298 5.1794066442226026 -0.00010738816324916353
p 0.8632819884972778 0.5047217978027321 -0.0003393507980186868 43.16409942486389 25.236089890136604 -0.01696753990093434
p -0.10510085387319144 0.9944615681429108 -1.3670807597434455e-06 -5.255042693659572 49.723078407145536 -6.835403798717228e-05
p 0.9528822099258907 0.30334055780033425 3.6466296034333943e-07 47.64411049629453 15.167027890016712 1.823314801716697e-05
p -0.9864761429994469 0.16390490930088703 5.47337632893657e-08 -49.323807149972346 8.195245465044351 2.736688164468285e-06
p 0.06426066719666872 0.9979331471453975 -2.1907110030836675e-05 3.2130333598334357 49.89665735726987 -0.0010953555015418338
p -0.9281495363322662 0.3722075203514773 6.36447683170732e-08 -46.40747681661331 18.610376017573866 3.1822384158536596e-06
p 0.1949445388806037 0.9808142672089408 -1.3126979966096387e-07 9.747226944030185 49.04071336044704 -6.563489983048193e-06
p -0.6950254420510782 0.7189851423372322 -1.1523217402370866e-07 -34.75127210255391 35.94925711686161 -5.761608701185433e-06
p 0.906715942948373 0.4217418627560731 1.5101477503636337e-06 45.33579714741865 21.087093137803656 7.550738751818168e-05
p 0.0774676687315052 0.9969948647315476 4.784836658142885e-07 3.8733834365752595 49.84974323657738 2.3924183290714427e-05
p -0.9785550392382548 0.2059855217640847 2.2350427018701235e-06 -48.92775196191274 10.299276088204234 0.00011175213509350618
p 0.5471076982083619 0.837062223723561 -1.3270835673319159e-05 27.355384910418096 41.85311118617805 -0.000663541783665958
p -0.3326113911372644 0.9430639587750113 -0.00017929120920986166 -16.63056955686322 47.153197938750566 -0.008964560460493083
p -0.8051624330522902 0.5930543452343198 -9.294161198542739e-08 -40.258121652614506 29.65271726171599 -4.6470805992713694e-06
p 0.1083565973394833 0.9941120901653399 -3.293242259273292e-07 5.417829866974165 49.705604508266994 -1.646621129636646e-05
p 0.5260193424056168 0.8504726047390182 -1.895370875691408e-06 26.300967120280838 42.52363023695091 -9.47685437845704e-05
p -0.9674409547581667 0.2530968175427353 2.5191744286114493e-06 -48.37204773790834 12.654840877136763 0.00012595872143057247
p 0.7010832366456253 0.7130794452895782 -3.99467626557142e-08 35.05416183228127 35.65397226447891 -1.99733813278571e-06
p -0.6811364547752669 0.7321564928183352 -3.6905515077579883e-07 -34.056822738763344 36.60782464091676 -1.8452757538789943e-05
p -0.22676520898536556 0.9739494545372045 7.108172802347761e-07 -11.338260449268278 48.69747272686023 3.5540864011738805e-05
p 0.9964708676906837 0.08393903611509712 -0.00021922555606602146 49.82354338453418 4.196951805754856 -0.010961277803301073
p 0.8200610973358345 0.5722759504884176 -0.0001820135303022393 41.00305486679173 28.61379752442088 -0.009100676515111964
p 0.8460010792607393 0.5331811637283974 0.00014330002131271384 42.300053963036966 26.65905818641987 0.007165001065635692
p 0.5290254882604374 0.8486059349085959 -2.9519360141169283e-06 26.45127441302187 42.4302967454298 -0.0001475968007058464
p -0.9648274272273989 0.2628840726806893 -7.566377347906993e-07 -48.24137136136994 13.144203634034465 -3.783188673953497e-05
p -0.5413924289456369 0.8407700199177673 0.00010718125162227792 -27.069621447281843 42.03850099588837 0.005359062581113896
p -0.7605560694089312 0.6492722582131399 2.1678381302537496e-07 -38.02780347044656 32.463612910657 1.0839190651268748e-05
p 0.565267754524494 0.8249074778248963 0.00013683349311560973 28.2633877262247 41.24537389124481 0.006841674655780486
p 0.4895759985135862 0.8719606308028992 -3.0389482996314256e-06 24.478799925679308 43.59803154014496 -0.00015194741498157128
p -0.9873095796938228 0.15880702955110998 -0.00034815220793735663 -49.365478984691144 7.940351477555499 -0.01740761039686783
p 0.7555206431562117 0.6551248413573918 -1.129793346588006e-06 37.77603215781058 32.75624206786959 -5.64896673294003e-05
p 0.9967984452851604 0.0799553592681599 1.1775935484101542e-06 49.83992226425802 3.9977679634079952 5.8879677420507706e-05
p -0.5248490550554477 0.8511953180115824 -1.6014770035270463e-06 -26.242452752772383 42.55976590057912 -8.007385017635231e-05
p 0.9502992372194707 0.3113380152503327 2.7502801840160585e-07 47.514961860973536 15.566900762516637 1.3751400920080293e-05
p -0.18611039473847052 0.9825288397650727 -4.370253312694157e-07 -9.305519736923525 49.12644198825363 -2.1851266563470785e-05
p 0.6441319259171421 0.7649144146069268 -1.8461199393413156e-05 32.2065962958571 38.24572073034634 -0.0009230599696706577
p 0.9057800979791588 0.4237480541764814 -2.620135998948928e-05 45.28900489895794 21.18740270882407 -0.001310067999474464
p 0.8268514613039493 0.5624203596409655 -9.224951315840593e-07 41.34257306519746 28.121017982048276 -4.612475657920296e-05
p 0.063365926848706 0.9979903520017859 -0.00012894167661290325 3.1682963424353 49.8995176000893 -0.006447083830645162
p -0.7006191492677568 0.7135354273763648 3.9473450044256744e-05 -35.03095746338784 35.67677136881824 0.0019736725022128374
p 0.20791132479321983 0.9781476132996718 -0.0003572378534848302 10.395566239660992 48.90738066498359 -0.01786189267424151
p -0.866222098492369 0.49965915991149784 -1.134641859821412e-07 -43.31110492461845 24.982957995574893 -5.67320929910706e-06
p -0.9521673274951439 0.305577126844838 -9.577269392230501e-08 -952.1673274951439 305.577126844838 -9.577269392230501e-05
p -0.9879394625257865 0.15484062141833366 -1.8521464038773557e-05 -987.9394625257864 154.84062141833365 -0.018521464038773555
p 0.3433821173464702 0.9391957844276425 -1.8363446181001955e-08 343.3821173464702 939.1957844276425 -1.8363446181001956e-05
p 0.9395903427579887 0.34230101915353617 -9.076112253819161e-06 939.5903427579887 342.3010191535362 -0.009076112253819161
p 0.9770552648393329 0.21298593721115297 -1.6693009711214937e-07 977.055264839333 212.98593721115296 -0.00016693009711214938
p -0.982511127772562 0.18620387698189436 -4.020568403275324e-09 -982.511127772562 186.20387698189435 -4.020568403275324e-06
p 0.8813023020537013 0.47255290962405977 -8.258143931023487e-07 881.3023020537013 472.5529096240598 -0.0008258143931023487
p 0.08318216817314687 0.9965343580703213 -9.13165134247314e-06 83.18216817314688 996.5343580703213 -0.009131651342473141
p -0.9660957270853477 0.2581841321759207 -4.142177854138905e-09 -966.0957270853478 258.1841321759207 -4.142177854138905e-06
p 0.5187530208810142 0.8549241506278905 4.419996283998583e-08 518.7530208810142 854.9241506278905 4.419996283998583e-05
p 0.043720773584797326 0.9990437898096094 5.82593534903461e-09 43.72077358479733 999.0437898096094 5.82593534903461e-06
p 0.31139959069416984 0.9502790616000668 -1.7326756267007935e-09 311.39959069416983 950.2790616000668 -1.7326756267007934e-06
p -0.9099887013628899 0.4146330463513859 1.628652078677052e-05 -909.9887013628899 414.63304635138593 0.01628652078677052
p 0.7326908497852554 0.6805616200175851 -1.8954450382730312e-08 732.6908497852554 680.5616200175851 -1.8954450382730312e-05
p 0.3794094917458117 0.9252288568636329 -2.544754121501059e-09 379.4094917458117 925.2288568636329 -2.544754121501059e-06
p 0.8327579735648244 0.5536372074419983 -1.8219666433541568e-07 832.7579735648244 553.6372074419983 -0.00018219666433541567
p -0.672084554534347 0.7404744097904263 -1.3741574486263151e-06 -672.084554534347 740.4744097904263 -0.0013741574486263151
p 0.9906936285089206 0.13611074325762468 1.298396187662344e-06 990.6936285089206 136.11074325762468 0.0012983961876623438
p -0.5543173240942394 0.8323054152226825 1.2413794350706332e-08 -554.3173240942394 832.3054152226825 1.2413794350706333e-05
p 0.7782995336278885 0.6278931724064292 4.069733055674408e-08 778.2995336278885 627.8931724064291 4.069733055674408e-05
p 0.43688048070211305 0.89951956375661 -7.801505789622466e-07 436.88048070211306 899.5195637566101 -0.0007801505789622466
p 0.7918029802159811 0.6107765880590781 4.530305694269377e-08 791.802980215981 610.7765880590781 4.530305694269377e-05
p -0.9875955326254502 0.15701931071757283 1.7840226793838405e-07 -987.5955326254502 157.01931071757284 0.00017840226793838405
p -0.48758238750702504 0.8730769813670138 1.1042042763545955e-07 -487.58238750702503 873.0769813670138 0.00011042042763545956
p -0.8324918509312452 0.5540372894788486 9.894398775176479e-09 -832.4918509312453 554.0372894788486 9.894398775176478e-06
p 0.9571572465532344 0.2895686539848742 -1.3831812748798118e-07 957.1572465532345 289.5686539848742 -0.00013831812748798118
p -0.25289304439498145 0.9674942418932719 3.128853165942434e-08 -252.89304439498144 967.4942418932719 3.128853165942434e-05
p 0.8202807802814436 0.5719610486597767 1.780097405872771e-05 820.2807802814435 571.9610486597767 0.01780097405872771
p 0.9051376342249826 0.42511864592085363 1.4645266412851506e-07 905.1376342249827 425.1186459208536 0.00014645266412851505
p -0.12441322559938894 0.9922304920208589 4.951095232990393e-09 -124.41322559938894 992.230492020859 4.951095232990393e-06
p -0.936562096220985 0.3505016974596803 -1.9346449252710752e-07 -936.5620962209849 350.5016974596803 -0.00019346449252710752
p -0.9926857728050161 0.12072678439561674 4.6086774589682714e-08 -992.6857728050161 120.72678439561673 4.608677458968271e-05
p -0.8926612415652543 0.45072819726213903 -3.530471720369341e-08 -892.6612415652543 450.728197262139 -3.5304717203693407e-05
p 0.43382370044364915 0.9009977785396468 -2.6021159146208855e-08 433.82370044364916 900.9977785396468 -2.6021159146208856e-05
p 0.9969632309462781 0.07787371919433436 4.425806503033524e-09 996.9632309462781 77.87371919433436 4.425806503033524e-06
p 0.2779846384145361 0.9605855195739509 1.9758103553651988e-05 277.98463841453605 960.5855195739509 0.019758103553651988
p -0.821887836708548 0.5696493516806145 6.313241818062168e-07 -821.8878367085481 569.6493516806145 0.0006313241818062168
p 0.01777898539964801 0.9998419413478108 -1.3634318441238999e-08 17.77898539964801 999.8419413478108 -1.3634318441238998e-05
p -0.16563443052041377 0.9861872212851768 -8.488905732098564e-09 -165.63443052041376 986.1872212851767 -8.488905732098563e-06
p 0.6215262621038241 0.783393327464083 2.4535217546067305e-08 621.5262621038241 783.393327464083 2.4535217546067306e-05
p 0.9302985453476541 0.3668032395188931 1.5761430430990804e-06 930.2985453476541 366.8032395188931 0.0015761430430990804
p -0.36185547124766976 0.932234207658208 -1.568039723193705e-09 -361.85547124766975 932.234207658208 -1.5680397231937048e-06
p 0.9535953356786033 0.3010912416062809 -1.2218934658768551e-08 953.5953356786033 301.0912416062809 -1.221893465876855e-05
p -0.40705215276621615 0.9134049183158127 1.1174641389045037e-05 -407.0521527662161 913.4049183158127 0.011174641389045037
p 0.486412199661418 0.8737294615729293 -1.4114765297881732e-07 486.412199661418 873.7294615729293 -0.0001411476529788173
p 0.9037471956982777 0.42806659092536453 -1.0176563605734859e-06 903.7471956982777 428.06659092536455 -0.0010176563605734858
p -0.6737906877970103 0.7389222618368122 -3.814733983256566e-08 -673.7906877970104 738.9222618368123 -3.814733983256566e-05
p 0.862726379759536 0.5056710330511377 1.6559303098550547e-08 862.726379759536 505.67103305113767 1.6559303098550546e-05
p 0.8975740634167598 0.440863698529971 3.702647234251846e-08 897.5740634167598 440.863698529971 3.702647234251846e-05
p -0.9930766915705146 0.11746780264962448 1.7322920339222548e-07 -993.0766915705146 117.46780264962447 0.00017322920339222548
p 0.6189771754885823 0.7854089738621213 -1.013237924922562e-06 618.9771754885824 785.4089738621212 -0.001013237924922562
p -0.17411223056395417 0.9847258152221816 1.7476695841052504e-06 -174.11223056395417 984.7258152221816 0.0017476695841052504
p 0.05955089328885621 0.9982252707222439 -4.8595389400043286e-08 59.55089328885621 998.2252707222439 -4.859538940004329e-05
p 0.7978886400830463 0.6028048755828257 -3.518764575031608e-08 797.8886400830463 602.8048755828257 -3.518764575031608e-05
p 0.9132050412670324 0.4075003712936681 -2.0372044153952023e-08 913.2050412670324 407.50037129366814 -2.0372044153952024e-05
p -0.9980579067479238 0.06229297534997513 4.206215971219784e-09 -998.0579067479239 62.29297534997513 4.206215971219784e-06
p 0.5529162904836988 0.8332368064637805 -8.47267765890958e-06 552.9162904836988 833.2368064637806 -0.008472677658909581
p -0.9801213720357994 0.19839883083995588 2.5877937667150524e-08 -980.1213720357994 198.39883083995588 2.5877937667150525e-05
p -0.221400556525135 0.9751829538965294 2.962479193088616e-09 -221.400556525135 975.1829538965294 2.962479193088616e-06
p -0.9062421362541387 0.4227590217567559 -8.977590785703383e-07 -906.2421362541387 422.7590217567559 -0.0008977590785703383
